condition_id,execution_index,target_id,comparison_group,hardware_mode,physical_gpu_index,batch_size,iteration_index,elapsed_ns,batch_latency_ms,flows_per_second
GPUCOND_021,1,STAGE20_MASKED_CNN_V1,GROUP_B_PACKET_IMAGE,GPU_SINGLE_T4,1,1,1,886740,0.88674,1127.7262782777364
GPUCOND_021,1,STAGE20_MASKED_CNN_V1,GROUP_B_PACKET_IMAGE,GPU_SINGLE_T4,1,1,2,847246,0.847246,1180.2947432032727
GPUCOND_021,1,STAGE20_MASKED_CNN_V1,GROUP_B_PACKET_IMAGE,GPU_SINGLE_T4,1,1,3,804299,0.804299,1243.3187160496284
GPUCOND_021,1,STAGE20_MASKED_CNN_V1,GROUP_B_PACKET_IMAGE,GPU_SINGLE_T4,1,1,4,770289,0.770289,1298.2140469356307
GPUCOND_021,1,STAGE20_MASKED_CNN_V1,GROUP_B_PACKET_IMAGE,GPU_SINGLE_T4,1,1,5,803855,0.803855,1244.0054487438656
GPUCOND_021,1,STAGE20_MASKED_CNN_V1,GROUP_B_PACKET_IMAGE,GPU_SINGLE_T4,1,1,6,785709,0.785709,1272.735834768343
GPUCOND_021,1,STAGE20_MASKED_CNN_V1,GROUP_B_PACKET_IMAGE,GPU_SINGLE_T4,1,1,7,969695,0.969695,1031.2520947308174
GPUCOND_021,1,STAGE20_MASKED_CNN_V1,GROUP_B_PACKET_IMAGE,GPU_SINGLE_T4,1,1,8,915984,0.915984,1091.7221261506752
GPUCOND_021,1,STAGE20_MASKED_CNN_V1,GROUP_B_PACKET_IMAGE,GPU_SINGLE_T4,1,1,9,805104,0.805104,1242.0755579403406
GPUCOND_021,1,STAGE20_MASKED_CNN_V1,GROUP_B_PACKET_IMAGE,GPU_SINGLE_T4,1,1,10,821270,0.82127,1217.6263591754234
GPUCOND_021,1,STAGE20_MASKED_CNN_V1,GROUP_B_PACKET_IMAGE,GPU_SINGLE_T4,1,1,11,763708,0.763708,1309.4009752418463
GPUCOND_021,1,STAGE20_MASKED_CNN_V1,GROUP_B_PACKET_IMAGE,GPU_SINGLE_T4,1,1,12,846905,0.846905,1180.7699801040258
GPUCOND_021,1,STAGE20_MASKED_CNN_V1,GROUP_B_PACKET_IMAGE,GPU_SINGLE_T4,1,1,13,819436,0.819436,1220.3515588770813
GPUCOND_021,1,STAGE20_MASKED_CNN_V1,GROUP_B_PACKET_IMAGE,GPU_SINGLE_T4,1,1,14,753572,0.753572,1327.0132117435362
GPUCOND_021,1,STAGE20_MASKED_CNN_V1,GROUP_B_PACKET_IMAGE,GPU_SINGLE_T4,1,1,15,767431,0.767431,1303.0487431443348
GPUCOND_021,1,STAGE20_MASKED_CNN_V1,GROUP_B_PACKET_IMAGE,GPU_SINGLE_T4,1,1,16,754785,0.754785,1324.8805951363634
GPUCOND_021,1,STAGE20_MASKED_CNN_V1,GROUP_B_PACKET_IMAGE,GPU_SINGLE_T4,1,1,17,815751,0.815751,1225.8642649533988
GPUCOND_021,1,STAGE20_MASKED_CNN_V1,GROUP_B_PACKET_IMAGE,GPU_SINGLE_T4,1,1,18,830670,0.83067,1203.8474965991309
GPUCOND_021,1,STAGE20_MASKED_CNN_V1,GROUP_B_PACKET_IMAGE,GPU_SINGLE_T4,1,1,19,752692,0.752692,1328.5646718710973
GPUCOND_021,1,STAGE20_MASKED_CNN_V1,GROUP_B_PACKET_IMAGE,GPU_SINGLE_T4,1,1,20,763405,0.763405,1309.9206843025654
GPUCOND_021,1,STAGE20_MASKED_CNN_V1,GROUP_B_PACKET_IMAGE,GPU_SINGLE_T4,1,1,21,823122,0.823122,1214.8867361095924
GPUCOND_021,1,STAGE20_MASKED_CNN_V1,GROUP_B_PACKET_IMAGE,GPU_SINGLE_T4,1,1,22,850062,0.850062,1176.3847813453606
GPUCOND_021,1,STAGE20_MASKED_CNN_V1,GROUP_B_PACKET_IMAGE,GPU_SINGLE_T4,1,1,23,837791,0.837791,1193.6151140320198
GPUCOND_021,1,STAGE20_MASKED_CNN_V1,GROUP_B_PACKET_IMAGE,GPU_SINGLE_T4,1,1,24,757871,0.757871,1319.4857700057134
GPUCOND_021,1,STAGE20_MASKED_CNN_V1,GROUP_B_PACKET_IMAGE,GPU_SINGLE_T4,1,1,25,777619,0.777619,1285.976808694232
GPUCOND_021,1,STAGE20_MASKED_CNN_V1,GROUP_B_PACKET_IMAGE,GPU_SINGLE_T4,1,1,26,762513,0.762513,1311.4530506365138
GPUCOND_021,1,STAGE20_MASKED_CNN_V1,GROUP_B_PACKET_IMAGE,GPU_SINGLE_T4,1,1,27,872404,0.872404,1146.2579263735608
GPUCOND_021,1,STAGE20_MASKED_CNN_V1,GROUP_B_PACKET_IMAGE,GPU_SINGLE_T4,1,1,28,885340,0.88534,1129.509566946032
GPUCOND_021,1,STAGE20_MASKED_CNN_V1,GROUP_B_PACKET_IMAGE,GPU_SINGLE_T4,1,1,29,868410,0.86841,1151.5298073490633
GPUCOND_021,1,STAGE20_MASKED_CNN_V1,GROUP_B_PACKET_IMAGE,GPU_SINGLE_T4,1,1,30,803067,0.803067,1245.2261143839803
GPUCOND_021,1,STAGE20_MASKED_CNN_V1,GROUP_B_PACKET_IMAGE,GPU_SINGLE_T4,1,1,31,793343,0.793343,1260.488842783008
GPUCOND_021,1,STAGE20_MASKED_CNN_V1,GROUP_B_PACKET_IMAGE,GPU_SINGLE_T4,1,1,32,762802,0.762802,1310.9561852223776
GPUCOND_021,1,STAGE20_MASKED_CNN_V1,GROUP_B_PACKET_IMAGE,GPU_SINGLE_T4,1,1,33,869177,0.869177,1150.5136468176217
GPUCOND_021,1,STAGE20_MASKED_CNN_V1,GROUP_B_PACKET_IMAGE,GPU_SINGLE_T4,1,1,34,795203,0.795203,1257.5405273873464
GPUCOND_021,1,STAGE20_MASKED_CNN_V1,GROUP_B_PACKET_IMAGE,GPU_SINGLE_T4,1,1,35,815869,0.815869,1225.6869669027749
GPUCOND_021,1,STAGE20_MASKED_CNN_V1,GROUP_B_PACKET_IMAGE,GPU_SINGLE_T4,1,1,36,832437,0.832437,1201.2921097932938
GPUCOND_021,1,STAGE20_MASKED_CNN_V1,GROUP_B_PACKET_IMAGE,GPU_SINGLE_T4,1,1,37,777108,0.777108,1286.8224236528256
GPUCOND_021,1,STAGE20_MASKED_CNN_V1,GROUP_B_PACKET_IMAGE,GPU_SINGLE_T4,1,1,38,826591,0.826591,1209.7881539963537
GPUCOND_021,1,STAGE20_MASKED_CNN_V1,GROUP_B_PACKET_IMAGE,GPU_SINGLE_T4,1,1,39,779712,0.779712,1282.5248296807026
GPUCOND_021,1,STAGE20_MASKED_CNN_V1,GROUP_B_PACKET_IMAGE,GPU_SINGLE_T4,1,1,40,862825,0.862825,1158.9835714078754
GPUCOND_021,1,STAGE20_MASKED_CNN_V1,GROUP_B_PACKET_IMAGE,GPU_SINGLE_T4,1,1,41,829981,0.829981,1204.8468579401215
GPUCOND_021,1,STAGE20_MASKED_CNN_V1,GROUP_B_PACKET_IMAGE,GPU_SINGLE_T4,1,1,42,809588,0.809588,1235.1961738563318
GPUCOND_021,1,STAGE20_MASKED_CNN_V1,GROUP_B_PACKET_IMAGE,GPU_SINGLE_T4,1,1,43,755723,0.755723,1323.236159280583
GPUCOND_021,1,STAGE20_MASKED_CNN_V1,GROUP_B_PACKET_IMAGE,GPU_SINGLE_T4,1,1,44,777094,0.777094,1286.8456068377827
GPUCOND_021,1,STAGE20_MASKED_CNN_V1,GROUP_B_PACKET_IMAGE,GPU_SINGLE_T4,1,1,45,760940,0.76094,1314.1640602412806
GPUCOND_021,1,STAGE20_MASKED_CNN_V1,GROUP_B_PACKET_IMAGE,GPU_SINGLE_T4,1,1,46,847986,0.847986,1179.2647520124153
GPUCOND_021,1,STAGE20_MASKED_CNN_V1,GROUP_B_PACKET_IMAGE,GPU_SINGLE_T4,1,1,47,807778,0.807778,1237.9638960209365
GPUCOND_021,1,STAGE20_MASKED_CNN_V1,GROUP_B_PACKET_IMAGE,GPU_SINGLE_T4,1,1,48,764884,0.764884,1307.3877869062499
GPUCOND_021,1,STAGE20_MASKED_CNN_V1,GROUP_B_PACKET_IMAGE,GPU_SINGLE_T4,1,1,49,787902,0.787902,1269.1933768412823
GPUCOND_021,1,STAGE20_MASKED_CNN_V1,GROUP_B_PACKET_IMAGE,GPU_SINGLE_T4,1,1,50,832471,0.832471,1201.2430463043156
GPUCOND_021,1,STAGE20_MASKED_CNN_V1,GROUP_B_PACKET_IMAGE,GPU_SINGLE_T4,1,1,51,824616,0.824616,1212.6856621748789
GPUCOND_021,1,STAGE20_MASKED_CNN_V1,GROUP_B_PACKET_IMAGE,GPU_SINGLE_T4,1,1,52,773364,0.773364,1293.0521720690385
GPUCOND_021,1,STAGE20_MASKED_CNN_V1,GROUP_B_PACKET_IMAGE,GPU_SINGLE_T4,1,1,53,759856,0.759856,1316.0388284095934
GPUCOND_021,1,STAGE20_MASKED_CNN_V1,GROUP_B_PACKET_IMAGE,GPU_SINGLE_T4,1,1,54,842391,0.842391,1187.0972030802798
GPUCOND_021,1,STAGE20_MASKED_CNN_V1,GROUP_B_PACKET_IMAGE,GPU_SINGLE_T4,1,1,55,757023,0.757023,1320.9638280474965
GPUCOND_021,1,STAGE20_MASKED_CNN_V1,GROUP_B_PACKET_IMAGE,GPU_SINGLE_T4,1,1,56,842914,0.842914,1186.3606488918206
GPUCOND_021,1,STAGE20_MASKED_CNN_V1,GROUP_B_PACKET_IMAGE,GPU_SINGLE_T4,1,1,57,786944,0.786944,1270.7384515289525
GPUCOND_021,1,STAGE20_MASKED_CNN_V1,GROUP_B_PACKET_IMAGE,GPU_SINGLE_T4,1,1,58,767429,0.767429,1303.0521390252388
GPUCOND_021,1,STAGE20_MASKED_CNN_V1,GROUP_B_PACKET_IMAGE,GPU_SINGLE_T4,1,1,59,785465,0.785465,1273.1312025360774
GPUCOND_021,1,STAGE20_MASKED_CNN_V1,GROUP_B_PACKET_IMAGE,GPU_SINGLE_T4,1,1,60,832821,0.832821,1200.7382138538774
GPUCOND_021,1,STAGE20_MASKED_CNN_V1,GROUP_B_PACKET_IMAGE,GPU_SINGLE_T4,1,1,61,874327,0.874327,1143.736839877986
GPUCOND_021,1,STAGE20_MASKED_CNN_V1,GROUP_B_PACKET_IMAGE,GPU_SINGLE_T4,1,1,62,887357,0.887357,1126.9421439172734
GPUCOND_021,1,STAGE20_MASKED_CNN_V1,GROUP_B_PACKET_IMAGE,GPU_SINGLE_T4,1,1,63,755519,0.755519,1323.5934503301703
GPUCOND_021,1,STAGE20_MASKED_CNN_V1,GROUP_B_PACKET_IMAGE,GPU_SINGLE_T4,1,1,64,752922,0.752922,1328.1588265451135
GPUCOND_021,1,STAGE20_MASKED_CNN_V1,GROUP_B_PACKET_IMAGE,GPU_SINGLE_T4,1,1,65,754406,0.754406,1325.5461913081285
GPUCOND_021,1,STAGE20_MASKED_CNN_V1,GROUP_B_PACKET_IMAGE,GPU_SINGLE_T4,1,1,66,806557,0.806557,1239.8379779730385
GPUCOND_021,1,STAGE20_MASKED_CNN_V1,GROUP_B_PACKET_IMAGE,GPU_SINGLE_T4,1,1,67,788373,0.788373,1268.4351189094502
GPUCOND_021,1,STAGE20_MASKED_CNN_V1,GROUP_B_PACKET_IMAGE,GPU_SINGLE_T4,1,1,68,751162,0.751162,1331.2707511828341
GPUCOND_021,1,STAGE20_MASKED_CNN_V1,GROUP_B_PACKET_IMAGE,GPU_SINGLE_T4,1,1,69,786491,0.786491,1271.4703664759038
GPUCOND_021,1,STAGE20_MASKED_CNN_V1,GROUP_B_PACKET_IMAGE,GPU_SINGLE_T4,1,1,70,858647,0.858647,1164.6229474976328
GPUCOND_021,1,STAGE20_MASKED_CNN_V1,GROUP_B_PACKET_IMAGE,GPU_SINGLE_T4,1,1,71,848224,0.848224,1178.9338665258233
GPUCOND_021,1,STAGE20_MASKED_CNN_V1,GROUP_B_PACKET_IMAGE,GPU_SINGLE_T4,1,1,72,820329,0.820329,1219.023099268708
GPUCOND_021,1,STAGE20_MASKED_CNN_V1,GROUP_B_PACKET_IMAGE,GPU_SINGLE_T4,1,1,73,764904,0.764904,1307.3536025435872
GPUCOND_021,1,STAGE20_MASKED_CNN_V1,GROUP_B_PACKET_IMAGE,GPU_SINGLE_T4,1,1,74,759813,0.759813,1316.1133068268114
GPUCOND_021,1,STAGE20_MASKED_CNN_V1,GROUP_B_PACKET_IMAGE,GPU_SINGLE_T4,1,1,75,838883,0.838883,1192.061348245226
GPUCOND_021,1,STAGE20_MASKED_CNN_V1,GROUP_B_PACKET_IMAGE,GPU_SINGLE_T4,1,1,76,872076,0.872076,1146.6890500369234
GPUCOND_021,1,STAGE20_MASKED_CNN_V1,GROUP_B_PACKET_IMAGE,GPU_SINGLE_T4,1,1,77,808942,0.808942,1236.1825693312994
GPUCOND_021,1,STAGE20_MASKED_CNN_V1,GROUP_B_PACKET_IMAGE,GPU_SINGLE_T4,1,1,78,747787,0.747787,1337.2791984883395
GPUCOND_021,1,STAGE20_MASKED_CNN_V1,GROUP_B_PACKET_IMAGE,GPU_SINGLE_T4,1,1,79,748515,0.748515,1335.9785709037228
GPUCOND_021,1,STAGE20_MASKED_CNN_V1,GROUP_B_PACKET_IMAGE,GPU_SINGLE_T4,1,1,80,823555,0.823555,1214.2479858661534
GPUCOND_021,1,STAGE20_MASKED_CNN_V1,GROUP_B_PACKET_IMAGE,GPU_SINGLE_T4,1,1,81,961844,0.961844,1039.669634576917
GPUCOND_021,1,STAGE20_MASKED_CNN_V1,GROUP_B_PACKET_IMAGE,GPU_SINGLE_T4,1,1,82,877693,0.877693,1139.3505474009705
GPUCOND_021,1,STAGE20_MASKED_CNN_V1,GROUP_B_PACKET_IMAGE,GPU_SINGLE_T4,1,1,83,814649,0.814649,1227.522528107197
GPUCOND_021,1,STAGE20_MASKED_CNN_V1,GROUP_B_PACKET_IMAGE,GPU_SINGLE_T4,1,1,84,783426,0.783426,1276.4447439834778
GPUCOND_021,1,STAGE20_MASKED_CNN_V1,GROUP_B_PACKET_IMAGE,GPU_SINGLE_T4,1,1,85,758180,0.75818,1318.9480070695613
GPUCOND_021,1,STAGE20_MASKED_CNN_V1,GROUP_B_PACKET_IMAGE,GPU_SINGLE_T4,1,1,86,853264,0.853264,1171.9702225805847
GPUCOND_021,1,STAGE20_MASKED_CNN_V1,GROUP_B_PACKET_IMAGE,GPU_SINGLE_T4,1,1,87,816211,0.816211,1225.1733926643967
GPUCOND_021,1,STAGE20_MASKED_CNN_V1,GROUP_B_PACKET_IMAGE,GPU_SINGLE_T4,1,1,88,796775,0.796775,1255.0594584418436
GPUCOND_021,1,STAGE20_MASKED_CNN_V1,GROUP_B_PACKET_IMAGE,GPU_SINGLE_T4,1,1,89,812722,0.812722,1230.433038603606
GPUCOND_021,1,STAGE20_MASKED_CNN_V1,GROUP_B_PACKET_IMAGE,GPU_SINGLE_T4,1,1,90,756620,0.75662,1321.6674156115355
GPUCOND_021,1,STAGE20_MASKED_CNN_V1,GROUP_B_PACKET_IMAGE,GPU_SINGLE_T4,1,1,91,848027,0.848027,1179.2077374894902
GPUCOND_021,1,STAGE20_MASKED_CNN_V1,GROUP_B_PACKET_IMAGE,GPU_SINGLE_T4,1,1,92,801751,0.801751,1247.2700377049732
GPUCOND_021,1,STAGE20_MASKED_CNN_V1,GROUP_B_PACKET_IMAGE,GPU_SINGLE_T4,1,1,93,757607,0.757607,1319.9455654448811
GPUCOND_021,1,STAGE20_MASKED_CNN_V1,GROUP_B_PACKET_IMAGE,GPU_SINGLE_T4,1,1,94,747659,0.747659,1337.5081420808149
GPUCOND_021,1,STAGE20_MASKED_CNN_V1,GROUP_B_PACKET_IMAGE,GPU_SINGLE_T4,1,1,95,752705,0.752705,1328.5417261742648
GPUCOND_021,1,STAGE20_MASKED_CNN_V1,GROUP_B_PACKET_IMAGE,GPU_SINGLE_T4,1,1,96,828958,0.828958,1206.3337346403557
GPUCOND_021,1,STAGE20_MASKED_CNN_V1,GROUP_B_PACKET_IMAGE,GPU_SINGLE_T4,1,1,97,822516,0.822516,1215.781820657592
GPUCOND_021,1,STAGE20_MASKED_CNN_V1,GROUP_B_PACKET_IMAGE,GPU_SINGLE_T4,1,1,98,751516,0.751516,1330.6436589507077
GPUCOND_021,1,STAGE20_MASKED_CNN_V1,GROUP_B_PACKET_IMAGE,GPU_SINGLE_T4,1,1,99,784763,0.784763,1274.2700662493007
GPUCOND_021,1,STAGE20_MASKED_CNN_V1,GROUP_B_PACKET_IMAGE,GPU_SINGLE_T4,1,1,100,754505,0.754505,1325.3722639346327
GPUCOND_021,1,STAGE20_MASKED_CNN_V1,GROUP_B_PACKET_IMAGE,GPU_SINGLE_T4,1,1,101,880751,0.880751,1135.3946802217654
GPUCOND_021,1,STAGE20_MASKED_CNN_V1,GROUP_B_PACKET_IMAGE,GPU_SINGLE_T4,1,1,102,971735,0.971735,1029.0871482451491
GPUCOND_021,1,STAGE20_MASKED_CNN_V1,GROUP_B_PACKET_IMAGE,GPU_SINGLE_T4,1,1,103,962601,0.962601,1038.8520269561325
GPUCOND_021,1,STAGE20_MASKED_CNN_V1,GROUP_B_PACKET_IMAGE,GPU_SINGLE_T4,1,1,104,790059,0.790059,1265.7282557378626
GPUCOND_021,1,STAGE20_MASKED_CNN_V1,GROUP_B_PACKET_IMAGE,GPU_SINGLE_T4,1,1,105,746965,0.746965,1338.7508116176796
GPUCOND_021,1,STAGE20_MASKED_CNN_V1,GROUP_B_PACKET_IMAGE,GPU_SINGLE_T4,1,1,106,821619,0.821619,1217.1091466969483
GPUCOND_021,1,STAGE20_MASKED_CNN_V1,GROUP_B_PACKET_IMAGE,GPU_SINGLE_T4,1,1,107,828859,0.828859,1206.477820714983
GPUCOND_021,1,STAGE20_MASKED_CNN_V1,GROUP_B_PACKET_IMAGE,GPU_SINGLE_T4,1,1,108,802999,0.802999,1245.3315633020713
GPUCOND_021,1,STAGE20_MASKED_CNN_V1,GROUP_B_PACKET_IMAGE,GPU_SINGLE_T4,1,1,109,818746,0.818746,1221.3800128489177
GPUCOND_021,1,STAGE20_MASKED_CNN_V1,GROUP_B_PACKET_IMAGE,GPU_SINGLE_T4,1,1,110,765676,0.765676,1306.0354510262825
GPUCOND_021,1,STAGE20_MASKED_CNN_V1,GROUP_B_PACKET_IMAGE,GPU_SINGLE_T4,1,1,111,776640,0.77664,1287.5978574371652
GPUCOND_021,1,STAGE20_MASKED_CNN_V1,GROUP_B_PACKET_IMAGE,GPU_SINGLE_T4,1,1,112,727116,0.727116,1375.2963763691075
GPUCOND_021,1,STAGE20_MASKED_CNN_V1,GROUP_B_PACKET_IMAGE,GPU_SINGLE_T4,1,1,113,754071,0.754071,1326.13507216164
GPUCOND_021,1,STAGE20_MASKED_CNN_V1,GROUP_B_PACKET_IMAGE,GPU_SINGLE_T4,1,1,114,756512,0.756512,1321.8560974578063
GPUCOND_021,1,STAGE20_MASKED_CNN_V1,GROUP_B_PACKET_IMAGE,GPU_SINGLE_T4,1,1,115,740288,0.740288,1350.8256246217688
GPUCOND_021,1,STAGE20_MASKED_CNN_V1,GROUP_B_PACKET_IMAGE,GPU_SINGLE_T4,1,1,116,746012,0.746012,1340.461011351024
GPUCOND_021,1,STAGE20_MASKED_CNN_V1,GROUP_B_PACKET_IMAGE,GPU_SINGLE_T4,1,1,117,800712,0.800712,1248.8884892445724
GPUCOND_021,1,STAGE20_MASKED_CNN_V1,GROUP_B_PACKET_IMAGE,GPU_SINGLE_T4,1,1,118,776913,0.776913,1287.1454075295433
GPUCOND_021,1,STAGE20_MASKED_CNN_V1,GROUP_B_PACKET_IMAGE,GPU_SINGLE_T4,1,1,119,837452,0.837452,1194.0982886183328
GPUCOND_021,1,STAGE20_MASKED_CNN_V1,GROUP_B_PACKET_IMAGE,GPU_SINGLE_T4,1,1,120,824897,0.824897,1212.2725625138653
GPUCOND_021,1,STAGE20_MASKED_CNN_V1,GROUP_B_PACKET_IMAGE,GPU_SINGLE_T4,1,1,121,747883,0.747883,1337.1075422225133
GPUCOND_021,1,STAGE20_MASKED_CNN_V1,GROUP_B_PACKET_IMAGE,GPU_SINGLE_T4,1,1,122,824010,0.82401,1213.577505127365
GPUCOND_021,1,STAGE20_MASKED_CNN_V1,GROUP_B_PACKET_IMAGE,GPU_SINGLE_T4,1,1,123,764383,0.764383,1308.2446888536244
GPUCOND_021,1,STAGE20_MASKED_CNN_V1,GROUP_B_PACKET_IMAGE,GPU_SINGLE_T4,1,1,124,919159,0.919159,1087.9510509063177
GPUCOND_021,1,STAGE20_MASKED_CNN_V1,GROUP_B_PACKET_IMAGE,GPU_SINGLE_T4,1,1,125,763330,0.76333,1310.04938886196
GPUCOND_021,1,STAGE20_MASKED_CNN_V1,GROUP_B_PACKET_IMAGE,GPU_SINGLE_T4,1,1,126,717915,0.717915,1392.9225604702506
GPUCOND_021,1,STAGE20_MASKED_CNN_V1,GROUP_B_PACKET_IMAGE,GPU_SINGLE_T4,1,1,127,817637,0.817637,1223.0366287239935
GPUCOND_021,1,STAGE20_MASKED_CNN_V1,GROUP_B_PACKET_IMAGE,GPU_SINGLE_T4,1,1,128,753896,0.753896,1326.4429045916147
GPUCOND_021,1,STAGE20_MASKED_CNN_V1,GROUP_B_PACKET_IMAGE,GPU_SINGLE_T4,1,1,129,790919,0.790919,1264.3519753603086
GPUCOND_021,1,STAGE20_MASKED_CNN_V1,GROUP_B_PACKET_IMAGE,GPU_SINGLE_T4,1,1,130,742752,0.742752,1346.3444056697256
GPUCOND_021,1,STAGE20_MASKED_CNN_V1,GROUP_B_PACKET_IMAGE,GPU_SINGLE_T4,1,1,131,722360,0.72236,1384.3512929841077
GPUCOND_021,1,STAGE20_MASKED_CNN_V1,GROUP_B_PACKET_IMAGE,GPU_SINGLE_T4,1,1,132,813232,0.813232,1229.6614004367757
GPUCOND_021,1,STAGE20_MASKED_CNN_V1,GROUP_B_PACKET_IMAGE,GPU_SINGLE_T4,1,1,133,814738,0.814738,1227.3884365280617
GPUCOND_021,1,STAGE20_MASKED_CNN_V1,GROUP_B_PACKET_IMAGE,GPU_SINGLE_T4,1,1,134,780349,0.780349,1281.4779028357825
GPUCOND_021,1,STAGE20_MASKED_CNN_V1,GROUP_B_PACKET_IMAGE,GPU_SINGLE_T4,1,1,135,789169,0.789169,1267.1557042914762
GPUCOND_021,1,STAGE20_MASKED_CNN_V1,GROUP_B_PACKET_IMAGE,GPU_SINGLE_T4,1,1,136,734507,0.734507,1361.4574129313949
GPUCOND_021,1,STAGE20_MASKED_CNN_V1,GROUP_B_PACKET_IMAGE,GPU_SINGLE_T4,1,1,137,816658,0.816658,1224.50279064186
GPUCOND_021,1,STAGE20_MASKED_CNN_V1,GROUP_B_PACKET_IMAGE,GPU_SINGLE_T4,1,1,138,870420,0.87042,1148.8706601410813
GPUCOND_021,1,STAGE20_MASKED_CNN_V1,GROUP_B_PACKET_IMAGE,GPU_SINGLE_T4,1,1,139,849606,0.849606,1177.0161698481413
GPUCOND_021,1,STAGE20_MASKED_CNN_V1,GROUP_B_PACKET_IMAGE,GPU_SINGLE_T4,1,1,140,743817,0.743817,1344.4167046464386
GPUCOND_021,1,STAGE20_MASKED_CNN_V1,GROUP_B_PACKET_IMAGE,GPU_SINGLE_T4,1,1,141,722162,0.722162,1384.730849864712
GPUCOND_021,1,STAGE20_MASKED_CNN_V1,GROUP_B_PACKET_IMAGE,GPU_SINGLE_T4,1,1,142,808423,0.808423,1236.9761869714246
GPUCOND_021,1,STAGE20_MASKED_CNN_V1,GROUP_B_PACKET_IMAGE,GPU_SINGLE_T4,1,1,143,752410,0.75241,1329.0626121396579
GPUCOND_021,1,STAGE20_MASKED_CNN_V1,GROUP_B_PACKET_IMAGE,GPU_SINGLE_T4,1,1,144,746927,0.746927,1338.8189207245152
GPUCOND_021,1,STAGE20_MASKED_CNN_V1,GROUP_B_PACKET_IMAGE,GPU_SINGLE_T4,1,1,145,749699,0.749699,1333.8686592885945
GPUCOND_021,1,STAGE20_MASKED_CNN_V1,GROUP_B_PACKET_IMAGE,GPU_SINGLE_T4,1,1,146,784147,0.784147,1275.2710907521166
GPUCOND_021,1,STAGE20_MASKED_CNN_V1,GROUP_B_PACKET_IMAGE,GPU_SINGLE_T4,1,1,147,875677,0.875677,1141.9735815831637
GPUCOND_021,1,STAGE20_MASKED_CNN_V1,GROUP_B_PACKET_IMAGE,GPU_SINGLE_T4,1,1,148,746541,0.746541,1339.5111587977083
GPUCOND_021,1,STAGE20_MASKED_CNN_V1,GROUP_B_PACKET_IMAGE,GPU_SINGLE_T4,1,1,149,805756,0.805756,1241.0704977685552
GPUCOND_021,1,STAGE20_MASKED_CNN_V1,GROUP_B_PACKET_IMAGE,GPU_SINGLE_T4,1,1,150,771604,0.771604,1296.0015759379164
GPUCOND_021,1,STAGE20_MASKED_CNN_V1,GROUP_B_PACKET_IMAGE,GPU_SINGLE_T4,1,1,151,776785,0.776785,1287.3575056160971
GPUCOND_021,1,STAGE20_MASKED_CNN_V1,GROUP_B_PACKET_IMAGE,GPU_SINGLE_T4,1,1,152,811864,0.811864,1231.7333937703852
GPUCOND_021,1,STAGE20_MASKED_CNN_V1,GROUP_B_PACKET_IMAGE,GPU_SINGLE_T4,1,1,153,747361,0.747361,1338.041455200365
GPUCOND_021,1,STAGE20_MASKED_CNN_V1,GROUP_B_PACKET_IMAGE,GPU_SINGLE_T4,1,1,154,712534,0.712534,1403.441800671968
GPUCOND_021,1,STAGE20_MASKED_CNN_V1,GROUP_B_PACKET_IMAGE,GPU_SINGLE_T4,1,1,155,744212,0.744212,1343.70313835305
GPUCOND_021,1,STAGE20_MASKED_CNN_V1,GROUP_B_PACKET_IMAGE,GPU_SINGLE_T4,1,1,156,767352,0.767352,1303.1828939000616
GPUCOND_021,1,STAGE20_MASKED_CNN_V1,GROUP_B_PACKET_IMAGE,GPU_SINGLE_T4,1,1,157,825348,0.825348,1211.6101329378637
GPUCOND_021,1,STAGE20_MASKED_CNN_V1,GROUP_B_PACKET_IMAGE,GPU_SINGLE_T4,1,1,158,853488,0.853488,1171.6626361471983
GPUCOND_021,1,STAGE20_MASKED_CNN_V1,GROUP_B_PACKET_IMAGE,GPU_SINGLE_T4,1,1,159,800500,0.8005,1249.2192379762648
GPUCOND_021,1,STAGE20_MASKED_CNN_V1,GROUP_B_PACKET_IMAGE,GPU_SINGLE_T4,1,1,160,810376,0.810376,1233.9950837635863
GPUCOND_021,1,STAGE20_MASKED_CNN_V1,GROUP_B_PACKET_IMAGE,GPU_SINGLE_T4,1,1,161,775338,0.775338,1289.760078830136
GPUCOND_021,1,STAGE20_MASKED_CNN_V1,GROUP_B_PACKET_IMAGE,GPU_SINGLE_T4,1,1,162,793118,0.793118,1260.8464314263451
GPUCOND_021,1,STAGE20_MASKED_CNN_V1,GROUP_B_PACKET_IMAGE,GPU_SINGLE_T4,1,1,163,747462,0.747462,1337.8606537857443
GPUCOND_021,1,STAGE20_MASKED_CNN_V1,GROUP_B_PACKET_IMAGE,GPU_SINGLE_T4,1,1,164,716490,0.71649,1395.6928917361024
GPUCOND_021,1,STAGE20_MASKED_CNN_V1,GROUP_B_PACKET_IMAGE,GPU_SINGLE_T4,1,1,165,751831,0.751831,1330.0861496799148
GPUCOND_021,1,STAGE20_MASKED_CNN_V1,GROUP_B_PACKET_IMAGE,GPU_SINGLE_T4,1,1,166,752479,0.752479,1328.940741203409
GPUCOND_021,1,STAGE20_MASKED_CNN_V1,GROUP_B_PACKET_IMAGE,GPU_SINGLE_T4,1,1,167,776549,0.776549,1287.748744766911
GPUCOND_021,1,STAGE20_MASKED_CNN_V1,GROUP_B_PACKET_IMAGE,GPU_SINGLE_T4,1,1,168,726950,0.72695,1375.6104271270376
GPUCOND_021,1,STAGE20_MASKED_CNN_V1,GROUP_B_PACKET_IMAGE,GPU_SINGLE_T4,1,1,169,753100,0.7531,1327.8449077147789
GPUCOND_021,1,STAGE20_MASKED_CNN_V1,GROUP_B_PACKET_IMAGE,GPU_SINGLE_T4,1,1,170,848306,0.848306,1178.819906967533
GPUCOND_021,1,STAGE20_MASKED_CNN_V1,GROUP_B_PACKET_IMAGE,GPU_SINGLE_T4,1,1,171,795536,0.795536,1257.0141388950342
GPUCOND_021,1,STAGE20_MASKED_CNN_V1,GROUP_B_PACKET_IMAGE,GPU_SINGLE_T4,1,1,172,823776,0.823776,1213.9222312861748
GPUCOND_021,1,STAGE20_MASKED_CNN_V1,GROUP_B_PACKET_IMAGE,GPU_SINGLE_T4,1,1,173,758867,0.758867,1317.7539674277575
GPUCOND_021,1,STAGE20_MASKED_CNN_V1,GROUP_B_PACKET_IMAGE,GPU_SINGLE_T4,1,1,174,761193,0.761193,1313.7272675917934
GPUCOND_021,1,STAGE20_MASKED_CNN_V1,GROUP_B_PACKET_IMAGE,GPU_SINGLE_T4,1,1,175,772865,0.772865,1293.8870307233476
GPUCOND_021,1,STAGE20_MASKED_CNN_V1,GROUP_B_PACKET_IMAGE,GPU_SINGLE_T4,1,1,176,783467,0.783467,1276.3779457207515
GPUCOND_021,1,STAGE20_MASKED_CNN_V1,GROUP_B_PACKET_IMAGE,GPU_SINGLE_T4,1,1,177,770955,0.770955,1297.0925670110448
GPUCOND_021,1,STAGE20_MASKED_CNN_V1,GROUP_B_PACKET_IMAGE,GPU_SINGLE_T4,1,1,178,796969,0.796969,1254.753949024366
GPUCOND_021,1,STAGE20_MASKED_CNN_V1,GROUP_B_PACKET_IMAGE,GPU_SINGLE_T4,1,1,179,813393,0.813393,1229.4180058102295
GPUCOND_021,1,STAGE20_MASKED_CNN_V1,GROUP_B_PACKET_IMAGE,GPU_SINGLE_T4,1,1,180,809254,0.809254,1235.7059711783938
GPUCOND_021,1,STAGE20_MASKED_CNN_V1,GROUP_B_PACKET_IMAGE,GPU_SINGLE_T4,1,1,181,747671,0.747671,1337.4866752889975
GPUCOND_021,1,STAGE20_MASKED_CNN_V1,GROUP_B_PACKET_IMAGE,GPU_SINGLE_T4,1,1,182,717984,0.717984,1392.788697241164
GPUCOND_021,1,STAGE20_MASKED_CNN_V1,GROUP_B_PACKET_IMAGE,GPU_SINGLE_T4,1,1,183,865030,0.86503,1156.029270661133
GPUCOND_021,1,STAGE20_MASKED_CNN_V1,GROUP_B_PACKET_IMAGE,GPU_SINGLE_T4,1,1,184,791278,0.791278,1263.7783433887964
GPUCOND_021,1,STAGE20_MASKED_CNN_V1,GROUP_B_PACKET_IMAGE,GPU_SINGLE_T4,1,1,185,779254,0.779254,1283.2786228880443
GPUCOND_021,1,STAGE20_MASKED_CNN_V1,GROUP_B_PACKET_IMAGE,GPU_SINGLE_T4,1,1,186,746633,0.746633,1339.346104444888
GPUCOND_021,1,STAGE20_MASKED_CNN_V1,GROUP_B_PACKET_IMAGE,GPU_SINGLE_T4,1,1,187,811029,0.811029,1233.001532620905
GPUCOND_021,1,STAGE20_MASKED_CNN_V1,GROUP_B_PACKET_IMAGE,GPU_SINGLE_T4,1,1,188,811113,0.811113,1232.8738412526984
GPUCOND_021,1,STAGE20_MASKED_CNN_V1,GROUP_B_PACKET_IMAGE,GPU_SINGLE_T4,1,1,189,758343,0.758343,1318.6645093315294
GPUCOND_021,1,STAGE20_MASKED_CNN_V1,GROUP_B_PACKET_IMAGE,GPU_SINGLE_T4,1,1,190,793690,0.79369,1259.9377590747017
GPUCOND_021,1,STAGE20_MASKED_CNN_V1,GROUP_B_PACKET_IMAGE,GPU_SINGLE_T4,1,1,191,746426,0.746426,1339.7175339551409
GPUCOND_021,1,STAGE20_MASKED_CNN_V1,GROUP_B_PACKET_IMAGE,GPU_SINGLE_T4,1,1,192,726524,0.726524,1376.4170213234524
GPUCOND_021,1,STAGE20_MASKED_CNN_V1,GROUP_B_PACKET_IMAGE,GPU_SINGLE_T4,1,1,193,811318,0.811318,1232.562324513939
GPUCOND_021,1,STAGE20_MASKED_CNN_V1,GROUP_B_PACKET_IMAGE,GPU_SINGLE_T4,1,1,194,808517,0.808517,1236.8323733452728
GPUCOND_021,1,STAGE20_MASKED_CNN_V1,GROUP_B_PACKET_IMAGE,GPU_SINGLE_T4,1,1,195,788891,0.788891,1267.602241627804
GPUCOND_021,1,STAGE20_MASKED_CNN_V1,GROUP_B_PACKET_IMAGE,GPU_SINGLE_T4,1,1,196,799550,0.79955,1250.703520730411
GPUCOND_021,1,STAGE20_MASKED_CNN_V1,GROUP_B_PACKET_IMAGE,GPU_SINGLE_T4,1,1,197,792140,0.79214,1262.4031105612644
GPUCOND_021,1,STAGE20_MASKED_CNN_V1,GROUP_B_PACKET_IMAGE,GPU_SINGLE_T4,1,1,198,823142,0.823142,1214.8572178311883
GPUCOND_021,1,STAGE20_MASKED_CNN_V1,GROUP_B_PACKET_IMAGE,GPU_SINGLE_T4,1,1,199,846086,0.846086,1181.9129497474253
GPUCOND_021,1,STAGE20_MASKED_CNN_V1,GROUP_B_PACKET_IMAGE,GPU_SINGLE_T4,1,1,200,799914,0.799914,1250.1343894468655
GPUCOND_014,2,STAGE16_CATBOOST_TUNED,GROUP_A_DUPSAFE70,GPU_SINGLE_T4,1,1024,1,3303622,3.303622,309962.82262316934
GPUCOND_014,2,STAGE16_CATBOOST_TUNED,GROUP_A_DUPSAFE70,GPU_SINGLE_T4,1,1024,2,2956483,2.956483,346357.4794781502
GPUCOND_014,2,STAGE16_CATBOOST_TUNED,GROUP_A_DUPSAFE70,GPU_SINGLE_T4,1,1024,3,2905206,2.905206,352470.70259389526
GPUCOND_014,2,STAGE16_CATBOOST_TUNED,GROUP_A_DUPSAFE70,GPU_SINGLE_T4,1,1024,4,2861243,2.861243,357886.41510001075
GPUCOND_014,2,STAGE16_CATBOOST_TUNED,GROUP_A_DUPSAFE70,GPU_SINGLE_T4,1,1024,5,2834505,2.834505,361262.3720896594
GPUCOND_014,2,STAGE16_CATBOOST_TUNED,GROUP_A_DUPSAFE70,GPU_SINGLE_T4,1,1024,6,2904144,2.904144,352599.5956123388
GPUCOND_014,2,STAGE16_CATBOOST_TUNED,GROUP_A_DUPSAFE70,GPU_SINGLE_T4,1,1024,7,3094949,3.094949,330861.671710907
GPUCOND_014,2,STAGE16_CATBOOST_TUNED,GROUP_A_DUPSAFE70,GPU_SINGLE_T4,1,1024,8,3020430,3.02043,339024.575970971
GPUCOND_014,2,STAGE16_CATBOOST_TUNED,GROUP_A_DUPSAFE70,GPU_SINGLE_T4,1,1024,9,2779778,2.779778,368374.7407167047
GPUCOND_014,2,STAGE16_CATBOOST_TUNED,GROUP_A_DUPSAFE70,GPU_SINGLE_T4,1,1024,10,2899961,2.899961,353108.1969723041
GPUCOND_014,2,STAGE16_CATBOOST_TUNED,GROUP_A_DUPSAFE70,GPU_SINGLE_T4,1,1024,11,3185559,3.185559,321450.6464956386
GPUCOND_014,2,STAGE16_CATBOOST_TUNED,GROUP_A_DUPSAFE70,GPU_SINGLE_T4,1,1024,12,2734133,2.734133,374524.57506639214
GPUCOND_014,2,STAGE16_CATBOOST_TUNED,GROUP_A_DUPSAFE70,GPU_SINGLE_T4,1,1024,13,2789951,2.789951,367031.53567930043
GPUCOND_014,2,STAGE16_CATBOOST_TUNED,GROUP_A_DUPSAFE70,GPU_SINGLE_T4,1,1024,14,2293692,2.293692,446441.806484916
GPUCOND_014,2,STAGE16_CATBOOST_TUNED,GROUP_A_DUPSAFE70,GPU_SINGLE_T4,1,1024,15,2899070,2.89907,353216.72122439265
GPUCOND_014,2,STAGE16_CATBOOST_TUNED,GROUP_A_DUPSAFE70,GPU_SINGLE_T4,1,1024,16,2724666,2.724666,375825.8810437683
GPUCOND_014,2,STAGE16_CATBOOST_TUNED,GROUP_A_DUPSAFE70,GPU_SINGLE_T4,1,1024,17,2777374,2.777374,368693.5933007222
GPUCOND_014,2,STAGE16_CATBOOST_TUNED,GROUP_A_DUPSAFE70,GPU_SINGLE_T4,1,1024,18,2895164,2.895164,353693.262281515
GPUCOND_014,2,STAGE16_CATBOOST_TUNED,GROUP_A_DUPSAFE70,GPU_SINGLE_T4,1,1024,19,3030173,3.030173,337934.50076942804
GPUCOND_014,2,STAGE16_CATBOOST_TUNED,GROUP_A_DUPSAFE70,GPU_SINGLE_T4,1,1024,20,2959064,2.959064,346055.37426699797
GPUCOND_014,2,STAGE16_CATBOOST_TUNED,GROUP_A_DUPSAFE70,GPU_SINGLE_T4,1,1024,21,2868133,2.868133,357026.67902778566
GPUCOND_014,2,STAGE16_CATBOOST_TUNED,GROUP_A_DUPSAFE70,GPU_SINGLE_T4,1,1024,22,2910675,2.910675,351808.4293162239
GPUCOND_014,2,STAGE16_CATBOOST_TUNED,GROUP_A_DUPSAFE70,GPU_SINGLE_T4,1,1024,23,3063926,3.063926,334211.7270456271
GPUCOND_014,2,STAGE16_CATBOOST_TUNED,GROUP_A_DUPSAFE70,GPU_SINGLE_T4,1,1024,24,2878677,2.878677,355718.9639546222
GPUCOND_014,2,STAGE16_CATBOOST_TUNED,GROUP_A_DUPSAFE70,GPU_SINGLE_T4,1,1024,25,3011520,3.01152,340027.62724471366
GPUCOND_014,2,STAGE16_CATBOOST_TUNED,GROUP_A_DUPSAFE70,GPU_SINGLE_T4,1,1024,26,2762502,2.762502,370678.4646671749
GPUCOND_014,2,STAGE16_CATBOOST_TUNED,GROUP_A_DUPSAFE70,GPU_SINGLE_T4,1,1024,27,2869835,2.869835,356814.93883794715
GPUCOND_014,2,STAGE16_CATBOOST_TUNED,GROUP_A_DUPSAFE70,GPU_SINGLE_T4,1,1024,28,3023259,3.023259,338707.33536226966
GPUCOND_014,2,STAGE16_CATBOOST_TUNED,GROUP_A_DUPSAFE70,GPU_SINGLE_T4,1,1024,29,2994632,2.994632,341945.1872550617
GPUCOND_014,2,STAGE16_CATBOOST_TUNED,GROUP_A_DUPSAFE70,GPU_SINGLE_T4,1,1024,30,2773868,2.773868,369159.5995195157
GPUCOND_014,2,STAGE16_CATBOOST_TUNED,GROUP_A_DUPSAFE70,GPU_SINGLE_T4,1,1024,31,2814564,2.814564,363821.8921296513
GPUCOND_014,2,STAGE16_CATBOOST_TUNED,GROUP_A_DUPSAFE70,GPU_SINGLE_T4,1,1024,32,2944445,2.944445,347773.5192880152
GPUCOND_014,2,STAGE16_CATBOOST_TUNED,GROUP_A_DUPSAFE70,GPU_SINGLE_T4,1,1024,33,2989330,2.98933,342551.67545904935
GPUCOND_014,2,STAGE16_CATBOOST_TUNED,GROUP_A_DUPSAFE70,GPU_SINGLE_T4,1,1024,34,2679540,2.67954,382155.14603252796
GPUCOND_014,2,STAGE16_CATBOOST_TUNED,GROUP_A_DUPSAFE70,GPU_SINGLE_T4,1,1024,35,2750697,2.750697,372269.2830217214
GPUCOND_014,2,STAGE16_CATBOOST_TUNED,GROUP_A_DUPSAFE70,GPU_SINGLE_T4,1,1024,36,2686026,2.686026,381232.34845828003
GPUCOND_014,2,STAGE16_CATBOOST_TUNED,GROUP_A_DUPSAFE70,GPU_SINGLE_T4,1,1024,37,2137775,2.137775,479002.70140683657
GPUCOND_014,2,STAGE16_CATBOOST_TUNED,GROUP_A_DUPSAFE70,GPU_SINGLE_T4,1,1024,38,2778664,2.778664,368522.42660501593
GPUCOND_014,2,STAGE16_CATBOOST_TUNED,GROUP_A_DUPSAFE70,GPU_SINGLE_T4,1,1024,39,2938467,2.938467,348481.0276923307
GPUCOND_014,2,STAGE16_CATBOOST_TUNED,GROUP_A_DUPSAFE70,GPU_SINGLE_T4,1,1024,40,2635443,2.635443,388549.4772605592
GPUCOND_014,2,STAGE16_CATBOOST_TUNED,GROUP_A_DUPSAFE70,GPU_SINGLE_T4,1,1024,41,2829095,2.829095,361953.20411651075
GPUCOND_014,2,STAGE16_CATBOOST_TUNED,GROUP_A_DUPSAFE70,GPU_SINGLE_T4,1,1024,42,2780157,2.780157,368324.5226798343
GPUCOND_014,2,STAGE16_CATBOOST_TUNED,GROUP_A_DUPSAFE70,GPU_SINGLE_T4,1,1024,43,3220171,3.220171,317995.5350197241
GPUCOND_014,2,STAGE16_CATBOOST_TUNED,GROUP_A_DUPSAFE70,GPU_SINGLE_T4,1,1024,44,2784184,2.784184,367791.783876353
GPUCOND_014,2,STAGE16_CATBOOST_TUNED,GROUP_A_DUPSAFE70,GPU_SINGLE_T4,1,1024,45,2877609,2.877609,355850.9860095656
GPUCOND_014,2,STAGE16_CATBOOST_TUNED,GROUP_A_DUPSAFE70,GPU_SINGLE_T4,1,1024,46,2962309,2.962309,345676.2950792777
GPUCOND_014,2,STAGE16_CATBOOST_TUNED,GROUP_A_DUPSAFE70,GPU_SINGLE_T4,1,1024,47,3097903,3.097903,330546.17914118036
GPUCOND_014,2,STAGE16_CATBOOST_TUNED,GROUP_A_DUPSAFE70,GPU_SINGLE_T4,1,1024,48,2840397,2.840397,360512.9846285572
GPUCOND_014,2,STAGE16_CATBOOST_TUNED,GROUP_A_DUPSAFE70,GPU_SINGLE_T4,1,1024,49,2902658,2.902658,352780.1070604942
GPUCOND_014,2,STAGE16_CATBOOST_TUNED,GROUP_A_DUPSAFE70,GPU_SINGLE_T4,1,1024,50,3035483,3.035483,337343.3486532456
GPUCOND_003,3,STAGE16_XGBOOST_TUNED,GROUP_A_DUPSAFE70,GPU_SINGLE_T4,1,256,1,2667110,2.66711,95984.04265290896
GPUCOND_003,3,STAGE16_XGBOOST_TUNED,GROUP_A_DUPSAFE70,GPU_SINGLE_T4,1,256,2,2632763,2.632763,97236.24952189012
GPUCOND_003,3,STAGE16_XGBOOST_TUNED,GROUP_A_DUPSAFE70,GPU_SINGLE_T4,1,256,3,2579223,2.579223,99254.69802339697
GPUCOND_003,3,STAGE16_XGBOOST_TUNED,GROUP_A_DUPSAFE70,GPU_SINGLE_T4,1,256,4,2591924,2.591924,98768.3280836938
GPUCOND_003,3,STAGE16_XGBOOST_TUNED,GROUP_A_DUPSAFE70,GPU_SINGLE_T4,1,256,5,2563736,2.563736,99854.2751671779
GPUCOND_003,3,STAGE16_XGBOOST_TUNED,GROUP_A_DUPSAFE70,GPU_SINGLE_T4,1,256,6,2591619,2.591619,98779.9518370563
GPUCOND_003,3,STAGE16_XGBOOST_TUNED,GROUP_A_DUPSAFE70,GPU_SINGLE_T4,1,256,7,2720476,2.720476,94101.17935243685
GPUCOND_003,3,STAGE16_XGBOOST_TUNED,GROUP_A_DUPSAFE70,GPU_SINGLE_T4,1,256,8,2560951,2.560951,99962.86535743948
GPUCOND_003,3,STAGE16_XGBOOST_TUNED,GROUP_A_DUPSAFE70,GPU_SINGLE_T4,1,256,9,2601156,2.601156,98417.78040225193
GPUCOND_003,3,STAGE16_XGBOOST_TUNED,GROUP_A_DUPSAFE70,GPU_SINGLE_T4,1,256,10,2586726,2.586726,98966.80205015915
GPUCOND_003,3,STAGE16_XGBOOST_TUNED,GROUP_A_DUPSAFE70,GPU_SINGLE_T4,1,256,11,2560610,2.56061,99976.17755144282
GPUCOND_003,3,STAGE16_XGBOOST_TUNED,GROUP_A_DUPSAFE70,GPU_SINGLE_T4,1,256,12,2637362,2.637362,97066.69012445012
GPUCOND_003,3,STAGE16_XGBOOST_TUNED,GROUP_A_DUPSAFE70,GPU_SINGLE_T4,1,256,13,2583540,2.58354,99088.84708578153
GPUCOND_003,3,STAGE16_XGBOOST_TUNED,GROUP_A_DUPSAFE70,GPU_SINGLE_T4,1,256,14,2640862,2.640862,96938.04522917139
GPUCOND_003,3,STAGE16_XGBOOST_TUNED,GROUP_A_DUPSAFE70,GPU_SINGLE_T4,1,256,15,2605797,2.605797,98242.49548218837
GPUCOND_003,3,STAGE16_XGBOOST_TUNED,GROUP_A_DUPSAFE70,GPU_SINGLE_T4,1,256,16,2558228,2.558228,100069.26669554082
GPUCOND_003,3,STAGE16_XGBOOST_TUNED,GROUP_A_DUPSAFE70,GPU_SINGLE_T4,1,256,17,2574885,2.574885,99421.91593022601
GPUCOND_003,3,STAGE16_XGBOOST_TUNED,GROUP_A_DUPSAFE70,GPU_SINGLE_T4,1,256,18,2568359,2.568359,99674.53926806961
GPUCOND_003,3,STAGE16_XGBOOST_TUNED,GROUP_A_DUPSAFE70,GPU_SINGLE_T4,1,256,19,2599302,2.599302,98487.97869581911
GPUCOND_003,3,STAGE16_XGBOOST_TUNED,GROUP_A_DUPSAFE70,GPU_SINGLE_T4,1,256,20,2562689,2.562689,99895.07115377637
GPUCOND_003,3,STAGE16_XGBOOST_TUNED,GROUP_A_DUPSAFE70,GPU_SINGLE_T4,1,256,21,2574692,2.574692,99429.36863904499
GPUCOND_003,3,STAGE16_XGBOOST_TUNED,GROUP_A_DUPSAFE70,GPU_SINGLE_T4,1,256,22,2582293,2.582293,99136.69750101944
GPUCOND_003,3,STAGE16_XGBOOST_TUNED,GROUP_A_DUPSAFE70,GPU_SINGLE_T4,1,256,23,2556748,2.556748,100127.19282463504
GPUCOND_003,3,STAGE16_XGBOOST_TUNED,GROUP_A_DUPSAFE70,GPU_SINGLE_T4,1,256,24,2576656,2.576656,99353.58076514676
GPUCOND_003,3,STAGE16_XGBOOST_TUNED,GROUP_A_DUPSAFE70,GPU_SINGLE_T4,1,256,25,2553295,2.553295,100262.60185368318
GPUCOND_003,3,STAGE16_XGBOOST_TUNED,GROUP_A_DUPSAFE70,GPU_SINGLE_T4,1,256,26,2579611,2.579611,99239.76909696849
GPUCOND_003,3,STAGE16_XGBOOST_TUNED,GROUP_A_DUPSAFE70,GPU_SINGLE_T4,1,256,27,2560486,2.560486,99981.01922838086
GPUCOND_003,3,STAGE16_XGBOOST_TUNED,GROUP_A_DUPSAFE70,GPU_SINGLE_T4,1,256,28,2571734,2.571734,99543.73197228018
GPUCOND_003,3,STAGE16_XGBOOST_TUNED,GROUP_A_DUPSAFE70,GPU_SINGLE_T4,1,256,29,2618287,2.618287,97773.84984915711
GPUCOND_003,3,STAGE16_XGBOOST_TUNED,GROUP_A_DUPSAFE70,GPU_SINGLE_T4,1,256,30,2641838,2.641838,96902.23246088519
GPUCOND_003,3,STAGE16_XGBOOST_TUNED,GROUP_A_DUPSAFE70,GPU_SINGLE_T4,1,256,31,2634171,2.634171,97184.27543238462
GPUCOND_003,3,STAGE16_XGBOOST_TUNED,GROUP_A_DUPSAFE70,GPU_SINGLE_T4,1,256,32,2650124,2.650124,96599.25346889428
GPUCOND_003,3,STAGE16_XGBOOST_TUNED,GROUP_A_DUPSAFE70,GPU_SINGLE_T4,1,256,33,2602980,2.60298,98348.81558828727
GPUCOND_003,3,STAGE16_XGBOOST_TUNED,GROUP_A_DUPSAFE70,GPU_SINGLE_T4,1,256,34,2672351,2.672351,95795.79927936113
GPUCOND_003,3,STAGE16_XGBOOST_TUNED,GROUP_A_DUPSAFE70,GPU_SINGLE_T4,1,256,35,2586391,2.586391,98979.62063740556
GPUCOND_003,3,STAGE16_XGBOOST_TUNED,GROUP_A_DUPSAFE70,GPU_SINGLE_T4,1,256,36,2606425,2.606425,98218.8246352763
GPUCOND_003,3,STAGE16_XGBOOST_TUNED,GROUP_A_DUPSAFE70,GPU_SINGLE_T4,1,256,37,2618156,2.618156,97778.74198481679
GPUCOND_003,3,STAGE16_XGBOOST_TUNED,GROUP_A_DUPSAFE70,GPU_SINGLE_T4,1,256,38,2588346,2.588346,98904.86047846772
GPUCOND_003,3,STAGE16_XGBOOST_TUNED,GROUP_A_DUPSAFE70,GPU_SINGLE_T4,1,256,39,2687392,2.687392,95259.64206189495
GPUCOND_003,3,STAGE16_XGBOOST_TUNED,GROUP_A_DUPSAFE70,GPU_SINGLE_T4,1,256,40,2646005,2.646005,96749.62821309862
GPUCOND_003,3,STAGE16_XGBOOST_TUNED,GROUP_A_DUPSAFE70,GPU_SINGLE_T4,1,256,41,2587310,2.58731,98944.46355481175
GPUCOND_003,3,STAGE16_XGBOOST_TUNED,GROUP_A_DUPSAFE70,GPU_SINGLE_T4,1,256,42,2612743,2.612743,97981.31695310255
GPUCOND_003,3,STAGE16_XGBOOST_TUNED,GROUP_A_DUPSAFE70,GPU_SINGLE_T4,1,256,43,2574309,2.574309,99444.16152062554
GPUCOND_003,3,STAGE16_XGBOOST_TUNED,GROUP_A_DUPSAFE70,GPU_SINGLE_T4,1,256,44,2627740,2.62774,97422.11938776287
GPUCOND_003,3,STAGE16_XGBOOST_TUNED,GROUP_A_DUPSAFE70,GPU_SINGLE_T4,1,256,45,2746591,2.746591,93206.45119713857
GPUCOND_003,3,STAGE16_XGBOOST_TUNED,GROUP_A_DUPSAFE70,GPU_SINGLE_T4,1,256,46,2564043,2.564043,99842.3193370782
GPUCOND_003,3,STAGE16_XGBOOST_TUNED,GROUP_A_DUPSAFE70,GPU_SINGLE_T4,1,256,47,2609815,2.609815,98091.2440153804
GPUCOND_003,3,STAGE16_XGBOOST_TUNED,GROUP_A_DUPSAFE70,GPU_SINGLE_T4,1,256,48,2686688,2.686688,95284.60319918055
GPUCOND_003,3,STAGE16_XGBOOST_TUNED,GROUP_A_DUPSAFE70,GPU_SINGLE_T4,1,256,49,2585812,2.585812,99001.78357900729
GPUCOND_003,3,STAGE16_XGBOOST_TUNED,GROUP_A_DUPSAFE70,GPU_SINGLE_T4,1,256,50,2590661,2.590661,98816.47965519225
GPUCOND_003,3,STAGE16_XGBOOST_TUNED,GROUP_A_DUPSAFE70,GPU_SINGLE_T4,1,256,51,2571472,2.571472,99553.87420123571
GPUCOND_003,3,STAGE16_XGBOOST_TUNED,GROUP_A_DUPSAFE70,GPU_SINGLE_T4,1,256,52,2613758,2.613758,97943.26789243687
GPUCOND_003,3,STAGE16_XGBOOST_TUNED,GROUP_A_DUPSAFE70,GPU_SINGLE_T4,1,256,53,2706494,2.706494,94587.3148065357
GPUCOND_003,3,STAGE16_XGBOOST_TUNED,GROUP_A_DUPSAFE70,GPU_SINGLE_T4,1,256,54,2564144,2.564144,99838.38661167235
GPUCOND_003,3,STAGE16_XGBOOST_TUNED,GROUP_A_DUPSAFE70,GPU_SINGLE_T4,1,256,55,2614030,2.61403,97933.07651404153
GPUCOND_003,3,STAGE16_XGBOOST_TUNED,GROUP_A_DUPSAFE70,GPU_SINGLE_T4,1,256,56,2618282,2.618282,97774.03656290652
GPUCOND_003,3,STAGE16_XGBOOST_TUNED,GROUP_A_DUPSAFE70,GPU_SINGLE_T4,1,256,57,2588708,2.588708,98891.02981100997
GPUCOND_003,3,STAGE16_XGBOOST_TUNED,GROUP_A_DUPSAFE70,GPU_SINGLE_T4,1,256,58,2592429,2.592429,98749.08821032321
GPUCOND_003,3,STAGE16_XGBOOST_TUNED,GROUP_A_DUPSAFE70,GPU_SINGLE_T4,1,256,59,2561140,2.56114,99955.4885714955
GPUCOND_003,3,STAGE16_XGBOOST_TUNED,GROUP_A_DUPSAFE70,GPU_SINGLE_T4,1,256,60,2617589,2.617589,97799.92198928098
GPUCOND_003,3,STAGE16_XGBOOST_TUNED,GROUP_A_DUPSAFE70,GPU_SINGLE_T4,1,256,61,2607790,2.60779,98167.41378715311
GPUCOND_003,3,STAGE16_XGBOOST_TUNED,GROUP_A_DUPSAFE70,GPU_SINGLE_T4,1,256,62,2570867,2.570867,99577.3021319267
GPUCOND_003,3,STAGE16_XGBOOST_TUNED,GROUP_A_DUPSAFE70,GPU_SINGLE_T4,1,256,63,2591610,2.59161,98780.29487461463
GPUCOND_003,3,STAGE16_XGBOOST_TUNED,GROUP_A_DUPSAFE70,GPU_SINGLE_T4,1,256,64,2563272,2.563272,99872.35065182314
GPUCOND_003,3,STAGE16_XGBOOST_TUNED,GROUP_A_DUPSAFE70,GPU_SINGLE_T4,1,256,65,2589823,2.589823,98848.45412215429
GPUCOND_003,3,STAGE16_XGBOOST_TUNED,GROUP_A_DUPSAFE70,GPU_SINGLE_T4,1,256,66,2562549,2.562549,99900.52873135304
GPUCOND_003,3,STAGE16_XGBOOST_TUNED,GROUP_A_DUPSAFE70,GPU_SINGLE_T4,1,256,67,2263543,2.263543,113097.03416281467
GPUCOND_003,3,STAGE16_XGBOOST_TUNED,GROUP_A_DUPSAFE70,GPU_SINGLE_T4,1,256,68,1806649,1.806649,141698.80258976703
GPUCOND_003,3,STAGE16_XGBOOST_TUNED,GROUP_A_DUPSAFE70,GPU_SINGLE_T4,1,256,69,1850576,1.850576,138335.3074934507
GPUCOND_003,3,STAGE16_XGBOOST_TUNED,GROUP_A_DUPSAFE70,GPU_SINGLE_T4,1,256,70,1855866,1.855866,137940.99358466614
GPUCOND_003,3,STAGE16_XGBOOST_TUNED,GROUP_A_DUPSAFE70,GPU_SINGLE_T4,1,256,71,1809389,1.809389,141484.22478527282
GPUCOND_003,3,STAGE16_XGBOOST_TUNED,GROUP_A_DUPSAFE70,GPU_SINGLE_T4,1,256,72,1839840,1.83984,139142.5341334029
GPUCOND_003,3,STAGE16_XGBOOST_TUNED,GROUP_A_DUPSAFE70,GPU_SINGLE_T4,1,256,73,1855513,1.855513,137967.23601505352
GPUCOND_003,3,STAGE16_XGBOOST_TUNED,GROUP_A_DUPSAFE70,GPU_SINGLE_T4,1,256,74,1842326,1.842326,138954.77781890935
GPUCOND_003,3,STAGE16_XGBOOST_TUNED,GROUP_A_DUPSAFE70,GPU_SINGLE_T4,1,256,75,1787414,1.787414,143223.67397816063
GPUCOND_003,3,STAGE16_XGBOOST_TUNED,GROUP_A_DUPSAFE70,GPU_SINGLE_T4,1,256,76,1814702,1.814702,141069.99386125105
GPUCOND_003,3,STAGE16_XGBOOST_TUNED,GROUP_A_DUPSAFE70,GPU_SINGLE_T4,1,256,77,1796935,1.796935,142464.80813162413
GPUCOND_003,3,STAGE16_XGBOOST_TUNED,GROUP_A_DUPSAFE70,GPU_SINGLE_T4,1,256,78,1800408,1.800408,142189.99249059102
GPUCOND_003,3,STAGE16_XGBOOST_TUNED,GROUP_A_DUPSAFE70,GPU_SINGLE_T4,1,256,79,1828820,1.82882,139980.97133670893
GPUCOND_003,3,STAGE16_XGBOOST_TUNED,GROUP_A_DUPSAFE70,GPU_SINGLE_T4,1,256,80,1798286,1.798286,142357.7784623803
GPUCOND_003,3,STAGE16_XGBOOST_TUNED,GROUP_A_DUPSAFE70,GPU_SINGLE_T4,1,256,81,1901937,1.901937,134599.62133340904
GPUCOND_003,3,STAGE16_XGBOOST_TUNED,GROUP_A_DUPSAFE70,GPU_SINGLE_T4,1,256,82,1868592,1.868592,137001.54983003245
GPUCOND_003,3,STAGE16_XGBOOST_TUNED,GROUP_A_DUPSAFE70,GPU_SINGLE_T4,1,256,83,1822202,1.822202,140489.36396733182
GPUCOND_003,3,STAGE16_XGBOOST_TUNED,GROUP_A_DUPSAFE70,GPU_SINGLE_T4,1,256,84,1822371,1.822371,140476.33549919308
GPUCOND_003,3,STAGE16_XGBOOST_TUNED,GROUP_A_DUPSAFE70,GPU_SINGLE_T4,1,256,85,1862746,1.862746,137431.51240158346
GPUCOND_003,3,STAGE16_XGBOOST_TUNED,GROUP_A_DUPSAFE70,GPU_SINGLE_T4,1,256,86,2001637,2.001637,127895.31768247689
GPUCOND_003,3,STAGE16_XGBOOST_TUNED,GROUP_A_DUPSAFE70,GPU_SINGLE_T4,1,256,87,1846488,1.846488,138641.57254203656
GPUCOND_003,3,STAGE16_XGBOOST_TUNED,GROUP_A_DUPSAFE70,GPU_SINGLE_T4,1,256,88,1839963,1.839963,139133.23257043757
GPUCOND_003,3,STAGE16_XGBOOST_TUNED,GROUP_A_DUPSAFE70,GPU_SINGLE_T4,1,256,89,1825408,1.825408,140242.6197321366
GPUCOND_003,3,STAGE16_XGBOOST_TUNED,GROUP_A_DUPSAFE70,GPU_SINGLE_T4,1,256,90,1828760,1.82876,139985.56398871366
GPUCOND_003,3,STAGE16_XGBOOST_TUNED,GROUP_A_DUPSAFE70,GPU_SINGLE_T4,1,256,91,1786503,1.786503,143296.7087096971
GPUCOND_003,3,STAGE16_XGBOOST_TUNED,GROUP_A_DUPSAFE70,GPU_SINGLE_T4,1,256,92,2152300,2.1523,118942.52659945175
GPUCOND_003,3,STAGE16_XGBOOST_TUNED,GROUP_A_DUPSAFE70,GPU_SINGLE_T4,1,256,93,1827669,1.827669,140069.12630241032
GPUCOND_003,3,STAGE16_XGBOOST_TUNED,GROUP_A_DUPSAFE70,GPU_SINGLE_T4,1,256,94,1879534,1.879534,136203.9739637591
GPUCOND_003,3,STAGE16_XGBOOST_TUNED,GROUP_A_DUPSAFE70,GPU_SINGLE_T4,1,256,95,1865644,1.865644,137218.03302237726
GPUCOND_003,3,STAGE16_XGBOOST_TUNED,GROUP_A_DUPSAFE70,GPU_SINGLE_T4,1,256,96,1789778,1.789778,143034.49925074505
GPUCOND_003,3,STAGE16_XGBOOST_TUNED,GROUP_A_DUPSAFE70,GPU_SINGLE_T4,1,256,97,1811596,1.811596,141311.85981863507
GPUCOND_003,3,STAGE16_XGBOOST_TUNED,GROUP_A_DUPSAFE70,GPU_SINGLE_T4,1,256,98,1845031,1.845031,138751.05621531562
GPUCOND_003,3,STAGE16_XGBOOST_TUNED,GROUP_A_DUPSAFE70,GPU_SINGLE_T4,1,256,99,1950353,1.950353,131258.29016593407
GPUCOND_003,3,STAGE16_XGBOOST_TUNED,GROUP_A_DUPSAFE70,GPU_SINGLE_T4,1,256,100,1873217,1.873217,136663.29101219986
GPUCOND_001,5,STAGE16_XGBOOST_TUNED,GROUP_A_DUPSAFE70,GPU_SINGLE_T4,1,1,1,2966662,2.966662,337.07918192230863
GPUCOND_001,5,STAGE16_XGBOOST_TUNED,GROUP_A_DUPSAFE70,GPU_SINGLE_T4,1,1,2,2970521,2.970521,336.64128279180653
GPUCOND_001,5,STAGE16_XGBOOST_TUNED,GROUP_A_DUPSAFE70,GPU_SINGLE_T4,1,1,3,2969531,2.969531,336.7535142754866
GPUCOND_001,5,STAGE16_XGBOOST_TUNED,GROUP_A_DUPSAFE70,GPU_SINGLE_T4,1,1,4,2236080,2.23608,447.2111910128439
GPUCOND_001,5,STAGE16_XGBOOST_TUNED,GROUP_A_DUPSAFE70,GPU_SINGLE_T4,1,1,5,2199426,2.199426,454.66408053737655
GPUCOND_001,5,STAGE16_XGBOOST_TUNED,GROUP_A_DUPSAFE70,GPU_SINGLE_T4,1,1,6,2251420,2.25142,444.1641275284043
GPUCOND_001,5,STAGE16_XGBOOST_TUNED,GROUP_A_DUPSAFE70,GPU_SINGLE_T4,1,1,7,2318957,2.318957,431.2283496416708
GPUCOND_001,5,STAGE16_XGBOOST_TUNED,GROUP_A_DUPSAFE70,GPU_SINGLE_T4,1,1,8,2256198,2.256198,443.22351141167576
GPUCOND_001,5,STAGE16_XGBOOST_TUNED,GROUP_A_DUPSAFE70,GPU_SINGLE_T4,1,1,9,2243635,2.243635,445.70529520175967
GPUCOND_001,5,STAGE16_XGBOOST_TUNED,GROUP_A_DUPSAFE70,GPU_SINGLE_T4,1,1,10,2220514,2.220514,450.3461811094188
GPUCOND_001,5,STAGE16_XGBOOST_TUNED,GROUP_A_DUPSAFE70,GPU_SINGLE_T4,1,1,11,2251953,2.251953,444.0590012313756
GPUCOND_001,5,STAGE16_XGBOOST_TUNED,GROUP_A_DUPSAFE70,GPU_SINGLE_T4,1,1,12,2222320,2.22232,449.9802008711617
GPUCOND_001,5,STAGE16_XGBOOST_TUNED,GROUP_A_DUPSAFE70,GPU_SINGLE_T4,1,1,13,2210508,2.210508,452.3847007113297
GPUCOND_001,5,STAGE16_XGBOOST_TUNED,GROUP_A_DUPSAFE70,GPU_SINGLE_T4,1,1,14,2197455,2.197455,455.0718899818199
GPUCOND_001,5,STAGE16_XGBOOST_TUNED,GROUP_A_DUPSAFE70,GPU_SINGLE_T4,1,1,15,2389201,2.389201,418.54996712290006
GPUCOND_001,5,STAGE16_XGBOOST_TUNED,GROUP_A_DUPSAFE70,GPU_SINGLE_T4,1,1,16,2254284,2.254284,443.5998303674249
GPUCOND_001,5,STAGE16_XGBOOST_TUNED,GROUP_A_DUPSAFE70,GPU_SINGLE_T4,1,1,17,2216373,2.216373,451.18759342403104
GPUCOND_001,5,STAGE16_XGBOOST_TUNED,GROUP_A_DUPSAFE70,GPU_SINGLE_T4,1,1,18,2241026,2.241026,446.224184815348
GPUCOND_001,5,STAGE16_XGBOOST_TUNED,GROUP_A_DUPSAFE70,GPU_SINGLE_T4,1,1,19,2250359,2.250359,444.3735421770482
GPUCOND_001,5,STAGE16_XGBOOST_TUNED,GROUP_A_DUPSAFE70,GPU_SINGLE_T4,1,1,20,2195859,2.195859,455.40264652694003
GPUCOND_001,5,STAGE16_XGBOOST_TUNED,GROUP_A_DUPSAFE70,GPU_SINGLE_T4,1,1,21,2196553,2.196553,455.25876225158237
GPUCOND_001,5,STAGE16_XGBOOST_TUNED,GROUP_A_DUPSAFE70,GPU_SINGLE_T4,1,1,22,2195593,2.195593,455.4578193681616
GPUCOND_001,5,STAGE16_XGBOOST_TUNED,GROUP_A_DUPSAFE70,GPU_SINGLE_T4,1,1,23,2241505,2.241505,446.12882862184114
GPUCOND_001,5,STAGE16_XGBOOST_TUNED,GROUP_A_DUPSAFE70,GPU_SINGLE_T4,1,1,24,2263264,2.263264,441.839750024743
GPUCOND_001,5,STAGE16_XGBOOST_TUNED,GROUP_A_DUPSAFE70,GPU_SINGLE_T4,1,1,25,2294573,2.294573,435.8109330145522
GPUCOND_001,5,STAGE16_XGBOOST_TUNED,GROUP_A_DUPSAFE70,GPU_SINGLE_T4,1,1,26,2235180,2.23518,447.3912615538793
GPUCOND_001,5,STAGE16_XGBOOST_TUNED,GROUP_A_DUPSAFE70,GPU_SINGLE_T4,1,1,27,2260993,2.260993,442.283545327208
GPUCOND_001,5,STAGE16_XGBOOST_TUNED,GROUP_A_DUPSAFE70,GPU_SINGLE_T4,1,1,28,2220014,2.220014,450.4476097898482
GPUCOND_001,5,STAGE16_XGBOOST_TUNED,GROUP_A_DUPSAFE70,GPU_SINGLE_T4,1,1,29,2245290,2.24529,445.37676647560005
GPUCOND_001,5,STAGE16_XGBOOST_TUNED,GROUP_A_DUPSAFE70,GPU_SINGLE_T4,1,1,30,2204723,2.204723,453.57171853334864
GPUCOND_001,5,STAGE16_XGBOOST_TUNED,GROUP_A_DUPSAFE70,GPU_SINGLE_T4,1,1,31,2242862,2.242862,445.85890705714394
GPUCOND_001,5,STAGE16_XGBOOST_TUNED,GROUP_A_DUPSAFE70,GPU_SINGLE_T4,1,1,32,2221477,2.221477,450.15095812380684
GPUCOND_001,5,STAGE16_XGBOOST_TUNED,GROUP_A_DUPSAFE70,GPU_SINGLE_T4,1,1,33,2195463,2.195463,455.48478840226414
GPUCOND_001,5,STAGE16_XGBOOST_TUNED,GROUP_A_DUPSAFE70,GPU_SINGLE_T4,1,1,34,2222523,2.222523,449.93910074271446
GPUCOND_001,5,STAGE16_XGBOOST_TUNED,GROUP_A_DUPSAFE70,GPU_SINGLE_T4,1,1,35,2210546,2.210546,452.3769240721523
GPUCOND_001,5,STAGE16_XGBOOST_TUNED,GROUP_A_DUPSAFE70,GPU_SINGLE_T4,1,1,36,2247502,2.247502,444.9384249713682
GPUCOND_001,5,STAGE16_XGBOOST_TUNED,GROUP_A_DUPSAFE70,GPU_SINGLE_T4,1,1,37,2195418,2.195418,455.49412458128705
GPUCOND_001,5,STAGE16_XGBOOST_TUNED,GROUP_A_DUPSAFE70,GPU_SINGLE_T4,1,1,38,2224065,2.224065,449.6271466886085
GPUCOND_001,5,STAGE16_XGBOOST_TUNED,GROUP_A_DUPSAFE70,GPU_SINGLE_T4,1,1,39,2290983,2.290983,436.4938543847772
GPUCOND_001,5,STAGE16_XGBOOST_TUNED,GROUP_A_DUPSAFE70,GPU_SINGLE_T4,1,1,40,2325962,2.325962,429.9296377154915
GPUCOND_001,5,STAGE16_XGBOOST_TUNED,GROUP_A_DUPSAFE70,GPU_SINGLE_T4,1,1,41,2228782,2.228782,448.67555463028685
GPUCOND_001,5,STAGE16_XGBOOST_TUNED,GROUP_A_DUPSAFE70,GPU_SINGLE_T4,1,1,42,2218153,2.218153,450.8255291677355
GPUCOND_001,5,STAGE16_XGBOOST_TUNED,GROUP_A_DUPSAFE70,GPU_SINGLE_T4,1,1,43,2213134,2.213134,451.8479224484374
GPUCOND_001,5,STAGE16_XGBOOST_TUNED,GROUP_A_DUPSAFE70,GPU_SINGLE_T4,1,1,44,2272688,2.272688,440.00760333138555
GPUCOND_001,5,STAGE16_XGBOOST_TUNED,GROUP_A_DUPSAFE70,GPU_SINGLE_T4,1,1,45,2196774,2.196774,455.21296228014353
GPUCOND_001,5,STAGE16_XGBOOST_TUNED,GROUP_A_DUPSAFE70,GPU_SINGLE_T4,1,1,46,2267409,2.267409,441.0320325975596
GPUCOND_001,5,STAGE16_XGBOOST_TUNED,GROUP_A_DUPSAFE70,GPU_SINGLE_T4,1,1,47,2219270,2.21927,450.5986202670247
GPUCOND_001,5,STAGE16_XGBOOST_TUNED,GROUP_A_DUPSAFE70,GPU_SINGLE_T4,1,1,48,2265377,2.265377,441.4276299264979
GPUCOND_001,5,STAGE16_XGBOOST_TUNED,GROUP_A_DUPSAFE70,GPU_SINGLE_T4,1,1,49,2207091,2.207091,453.08507895687126
GPUCOND_001,5,STAGE16_XGBOOST_TUNED,GROUP_A_DUPSAFE70,GPU_SINGLE_T4,1,1,50,2199055,2.199055,454.74078638324187
GPUCOND_001,5,STAGE16_XGBOOST_TUNED,GROUP_A_DUPSAFE70,GPU_SINGLE_T4,1,1,51,2194012,2.194012,455.78602122504344
GPUCOND_001,5,STAGE16_XGBOOST_TUNED,GROUP_A_DUPSAFE70,GPU_SINGLE_T4,1,1,52,2196085,2.196085,455.3557808554769
GPUCOND_001,5,STAGE16_XGBOOST_TUNED,GROUP_A_DUPSAFE70,GPU_SINGLE_T4,1,1,53,2266117,2.266117,441.2834818325797
GPUCOND_001,5,STAGE16_XGBOOST_TUNED,GROUP_A_DUPSAFE70,GPU_SINGLE_T4,1,1,54,2232257,2.232257,447.97709224341105
GPUCOND_001,5,STAGE16_XGBOOST_TUNED,GROUP_A_DUPSAFE70,GPU_SINGLE_T4,1,1,55,2247769,2.247769,444.88557320614353
GPUCOND_001,5,STAGE16_XGBOOST_TUNED,GROUP_A_DUPSAFE70,GPU_SINGLE_T4,1,1,56,2402472,2.402472,416.2379415868322
GPUCOND_001,5,STAGE16_XGBOOST_TUNED,GROUP_A_DUPSAFE70,GPU_SINGLE_T4,1,1,57,2228556,2.228556,448.7210552483312
GPUCOND_001,5,STAGE16_XGBOOST_TUNED,GROUP_A_DUPSAFE70,GPU_SINGLE_T4,1,1,58,2194882,2.194882,455.6053582834977
GPUCOND_001,5,STAGE16_XGBOOST_TUNED,GROUP_A_DUPSAFE70,GPU_SINGLE_T4,1,1,59,2194451,2.194451,455.69484121541103
GPUCOND_001,5,STAGE16_XGBOOST_TUNED,GROUP_A_DUPSAFE70,GPU_SINGLE_T4,1,1,60,2216623,2.216623,451.1367066027917
GPUCOND_001,5,STAGE16_XGBOOST_TUNED,GROUP_A_DUPSAFE70,GPU_SINGLE_T4,1,1,61,2284491,2.284491,437.7342699095772
GPUCOND_001,5,STAGE16_XGBOOST_TUNED,GROUP_A_DUPSAFE70,GPU_SINGLE_T4,1,1,62,2223022,2.223022,449.83810326663433
GPUCOND_001,5,STAGE16_XGBOOST_TUNED,GROUP_A_DUPSAFE70,GPU_SINGLE_T4,1,1,63,2236725,2.236725,447.082229599079
GPUCOND_001,5,STAGE16_XGBOOST_TUNED,GROUP_A_DUPSAFE70,GPU_SINGLE_T4,1,1,64,2194615,2.194615,455.66078788306834
GPUCOND_001,5,STAGE16_XGBOOST_TUNED,GROUP_A_DUPSAFE70,GPU_SINGLE_T4,1,1,65,2270378,2.270378,440.45528982398525
GPUCOND_001,5,STAGE16_XGBOOST_TUNED,GROUP_A_DUPSAFE70,GPU_SINGLE_T4,1,1,66,2208644,2.208644,452.76649383060374
GPUCOND_001,5,STAGE16_XGBOOST_TUNED,GROUP_A_DUPSAFE70,GPU_SINGLE_T4,1,1,67,2231536,2.231536,448.1218317786493
GPUCOND_001,5,STAGE16_XGBOOST_TUNED,GROUP_A_DUPSAFE70,GPU_SINGLE_T4,1,1,68,2199122,2.199122,454.7269319301067
GPUCOND_001,5,STAGE16_XGBOOST_TUNED,GROUP_A_DUPSAFE70,GPU_SINGLE_T4,1,1,69,2285707,2.285707,437.50139453569506
GPUCOND_001,5,STAGE16_XGBOOST_TUNED,GROUP_A_DUPSAFE70,GPU_SINGLE_T4,1,1,70,2234273,2.234273,447.5728794108867
GPUCOND_001,5,STAGE16_XGBOOST_TUNED,GROUP_A_DUPSAFE70,GPU_SINGLE_T4,1,1,71,2197160,2.19716,455.132989859637
GPUCOND_001,5,STAGE16_XGBOOST_TUNED,GROUP_A_DUPSAFE70,GPU_SINGLE_T4,1,1,72,2194000,2.194,455.7885141294439
GPUCOND_001,5,STAGE16_XGBOOST_TUNED,GROUP_A_DUPSAFE70,GPU_SINGLE_T4,1,1,73,2199348,2.199348,454.68020522445744
GPUCOND_001,5,STAGE16_XGBOOST_TUNED,GROUP_A_DUPSAFE70,GPU_SINGLE_T4,1,1,74,2252678,2.252678,443.91608565449656
GPUCOND_001,5,STAGE16_XGBOOST_TUNED,GROUP_A_DUPSAFE70,GPU_SINGLE_T4,1,1,75,2200282,2.200282,454.48719755013224
GPUCOND_001,5,STAGE16_XGBOOST_TUNED,GROUP_A_DUPSAFE70,GPU_SINGLE_T4,1,1,76,2218953,2.218953,450.66299286194885
GPUCOND_001,5,STAGE16_XGBOOST_TUNED,GROUP_A_DUPSAFE70,GPU_SINGLE_T4,1,1,77,2192900,2.1929,456.0171462446988
GPUCOND_001,5,STAGE16_XGBOOST_TUNED,GROUP_A_DUPSAFE70,GPU_SINGLE_T4,1,1,78,2241089,2.241089,446.21164085852905
GPUCOND_001,5,STAGE16_XGBOOST_TUNED,GROUP_A_DUPSAFE70,GPU_SINGLE_T4,1,1,79,2250286,2.250286,444.38795779736444
GPUCOND_001,5,STAGE16_XGBOOST_TUNED,GROUP_A_DUPSAFE70,GPU_SINGLE_T4,1,1,80,2205621,2.205621,453.3870506310921
GPUCOND_001,5,STAGE16_XGBOOST_TUNED,GROUP_A_DUPSAFE70,GPU_SINGLE_T4,1,1,81,2212230,2.21223,452.03256442594125
GPUCOND_001,5,STAGE16_XGBOOST_TUNED,GROUP_A_DUPSAFE70,GPU_SINGLE_T4,1,1,82,2194505,2.194505,455.6836279707725
GPUCOND_001,5,STAGE16_XGBOOST_TUNED,GROUP_A_DUPSAFE70,GPU_SINGLE_T4,1,1,83,2298904,2.298904,434.989890834937
GPUCOND_001,5,STAGE16_XGBOOST_TUNED,GROUP_A_DUPSAFE70,GPU_SINGLE_T4,1,1,84,2290311,2.290311,436.62192601790764
GPUCOND_001,5,STAGE16_XGBOOST_TUNED,GROUP_A_DUPSAFE70,GPU_SINGLE_T4,1,1,85,2228936,2.228936,448.6445550702218
GPUCOND_001,5,STAGE16_XGBOOST_TUNED,GROUP_A_DUPSAFE70,GPU_SINGLE_T4,1,1,86,2207561,2.207561,452.9886150371383
GPUCOND_001,5,STAGE16_XGBOOST_TUNED,GROUP_A_DUPSAFE70,GPU_SINGLE_T4,1,1,87,2254157,2.254157,443.6248229382425
GPUCOND_001,5,STAGE16_XGBOOST_TUNED,GROUP_A_DUPSAFE70,GPU_SINGLE_T4,1,1,88,2255609,2.255609,443.3392489567119
GPUCOND_001,5,STAGE16_XGBOOST_TUNED,GROUP_A_DUPSAFE70,GPU_SINGLE_T4,1,1,89,2222010,2.22201,450.04297910450447
GPUCOND_001,5,STAGE16_XGBOOST_TUNED,GROUP_A_DUPSAFE70,GPU_SINGLE_T4,1,1,90,2199130,2.19913,454.72527772346336
GPUCOND_001,5,STAGE16_XGBOOST_TUNED,GROUP_A_DUPSAFE70,GPU_SINGLE_T4,1,1,91,2423854,2.423854,412.5661034039179
GPUCOND_001,5,STAGE16_XGBOOST_TUNED,GROUP_A_DUPSAFE70,GPU_SINGLE_T4,1,1,92,2201760,2.20176,454.1821088583678
GPUCOND_001,5,STAGE16_XGBOOST_TUNED,GROUP_A_DUPSAFE70,GPU_SINGLE_T4,1,1,93,2180185,2.180185,458.6766719338038
GPUCOND_001,5,STAGE16_XGBOOST_TUNED,GROUP_A_DUPSAFE70,GPU_SINGLE_T4,1,1,94,1613001,1.613001,619.9624178782282
GPUCOND_001,5,STAGE16_XGBOOST_TUNED,GROUP_A_DUPSAFE70,GPU_SINGLE_T4,1,1,95,1607698,1.607698,622.0073670552554
GPUCOND_001,5,STAGE16_XGBOOST_TUNED,GROUP_A_DUPSAFE70,GPU_SINGLE_T4,1,1,96,1632311,1.632311,612.6283532978704
GPUCOND_001,5,STAGE16_XGBOOST_TUNED,GROUP_A_DUPSAFE70,GPU_SINGLE_T4,1,1,97,1632248,1.632248,612.6519989609423
GPUCOND_001,5,STAGE16_XGBOOST_TUNED,GROUP_A_DUPSAFE70,GPU_SINGLE_T4,1,1,98,1842606,1.842606,542.7096188767431
GPUCOND_001,5,STAGE16_XGBOOST_TUNED,GROUP_A_DUPSAFE70,GPU_SINGLE_T4,1,1,99,1615881,1.615881,618.857452993135
GPUCOND_001,5,STAGE16_XGBOOST_TUNED,GROUP_A_DUPSAFE70,GPU_SINGLE_T4,1,1,100,1619098,1.619098,617.6278396984
GPUCOND_001,5,STAGE16_XGBOOST_TUNED,GROUP_A_DUPSAFE70,GPU_SINGLE_T4,1,1,101,1603839,1.603839,623.5039801376572
GPUCOND_001,5,STAGE16_XGBOOST_TUNED,GROUP_A_DUPSAFE70,GPU_SINGLE_T4,1,1,102,1632486,1.632486,612.5626804762798
GPUCOND_001,5,STAGE16_XGBOOST_TUNED,GROUP_A_DUPSAFE70,GPU_SINGLE_T4,1,1,103,1636288,1.636288,611.1393593303868
GPUCOND_001,5,STAGE16_XGBOOST_TUNED,GROUP_A_DUPSAFE70,GPU_SINGLE_T4,1,1,104,1637710,1.63771,610.6087158288097
GPUCOND_001,5,STAGE16_XGBOOST_TUNED,GROUP_A_DUPSAFE70,GPU_SINGLE_T4,1,1,105,1629534,1.629534,613.6723750470993
GPUCOND_001,5,STAGE16_XGBOOST_TUNED,GROUP_A_DUPSAFE70,GPU_SINGLE_T4,1,1,106,1658723,1.658723,602.8734152718688
GPUCOND_001,5,STAGE16_XGBOOST_TUNED,GROUP_A_DUPSAFE70,GPU_SINGLE_T4,1,1,107,1619882,1.619882,617.3289165507117
GPUCOND_001,5,STAGE16_XGBOOST_TUNED,GROUP_A_DUPSAFE70,GPU_SINGLE_T4,1,1,108,1666255,1.666255,600.1482366144438
GPUCOND_001,5,STAGE16_XGBOOST_TUNED,GROUP_A_DUPSAFE70,GPU_SINGLE_T4,1,1,109,1642037,1.642037,608.999675403173
GPUCOND_001,5,STAGE16_XGBOOST_TUNED,GROUP_A_DUPSAFE70,GPU_SINGLE_T4,1,1,110,1632707,1.632707,612.4797651997573
GPUCOND_001,5,STAGE16_XGBOOST_TUNED,GROUP_A_DUPSAFE70,GPU_SINGLE_T4,1,1,111,1628086,1.628086,614.2181678363428
GPUCOND_001,5,STAGE16_XGBOOST_TUNED,GROUP_A_DUPSAFE70,GPU_SINGLE_T4,1,1,112,1605880,1.60588,622.7115351084764
GPUCOND_001,5,STAGE16_XGBOOST_TUNED,GROUP_A_DUPSAFE70,GPU_SINGLE_T4,1,1,113,1633051,1.633051,612.3507471597642
GPUCOND_001,5,STAGE16_XGBOOST_TUNED,GROUP_A_DUPSAFE70,GPU_SINGLE_T4,1,1,114,1633049,1.633049,612.3514971075577
GPUCOND_001,5,STAGE16_XGBOOST_TUNED,GROUP_A_DUPSAFE70,GPU_SINGLE_T4,1,1,115,1604107,1.604107,623.3998106111376
GPUCOND_001,5,STAGE16_XGBOOST_TUNED,GROUP_A_DUPSAFE70,GPU_SINGLE_T4,1,1,116,1629397,1.629397,613.7239727334713
GPUCOND_001,5,STAGE16_XGBOOST_TUNED,GROUP_A_DUPSAFE70,GPU_SINGLE_T4,1,1,117,1633395,1.633395,612.2217834632775
GPUCOND_001,5,STAGE16_XGBOOST_TUNED,GROUP_A_DUPSAFE70,GPU_SINGLE_T4,1,1,118,1608797,1.608797,621.5824619265203
GPUCOND_001,5,STAGE16_XGBOOST_TUNED,GROUP_A_DUPSAFE70,GPU_SINGLE_T4,1,1,119,1653589,1.653589,604.7451936363873
GPUCOND_001,5,STAGE16_XGBOOST_TUNED,GROUP_A_DUPSAFE70,GPU_SINGLE_T4,1,1,120,1633712,1.633712,612.1029900006855
GPUCOND_001,5,STAGE16_XGBOOST_TUNED,GROUP_A_DUPSAFE70,GPU_SINGLE_T4,1,1,121,1688518,1.688518,592.2353211514476
GPUCOND_001,5,STAGE16_XGBOOST_TUNED,GROUP_A_DUPSAFE70,GPU_SINGLE_T4,1,1,122,1621250,1.62125,616.8080185042405
GPUCOND_001,5,STAGE16_XGBOOST_TUNED,GROUP_A_DUPSAFE70,GPU_SINGLE_T4,1,1,123,1605529,1.605529,622.8476720133987
GPUCOND_001,5,STAGE16_XGBOOST_TUNED,GROUP_A_DUPSAFE70,GPU_SINGLE_T4,1,1,124,1703240,1.70324,587.1163194852164
GPUCOND_001,5,STAGE16_XGBOOST_TUNED,GROUP_A_DUPSAFE70,GPU_SINGLE_T4,1,1,125,1644959,1.644959,607.9178873151245
GPUCOND_001,5,STAGE16_XGBOOST_TUNED,GROUP_A_DUPSAFE70,GPU_SINGLE_T4,1,1,126,1610118,1.610118,621.0724928235073
GPUCOND_001,5,STAGE16_XGBOOST_TUNED,GROUP_A_DUPSAFE70,GPU_SINGLE_T4,1,1,127,1631870,1.63187,612.7939112796976
GPUCOND_001,5,STAGE16_XGBOOST_TUNED,GROUP_A_DUPSAFE70,GPU_SINGLE_T4,1,1,128,1663956,1.663956,600.9774296916505
GPUCOND_001,5,STAGE16_XGBOOST_TUNED,GROUP_A_DUPSAFE70,GPU_SINGLE_T4,1,1,129,1618018,1.618018,618.0400959692661
GPUCOND_001,5,STAGE16_XGBOOST_TUNED,GROUP_A_DUPSAFE70,GPU_SINGLE_T4,1,1,130,1634406,1.634406,611.8430793817448
GPUCOND_001,5,STAGE16_XGBOOST_TUNED,GROUP_A_DUPSAFE70,GPU_SINGLE_T4,1,1,131,1633366,1.633366,612.2326533061175
GPUCOND_001,5,STAGE16_XGBOOST_TUNED,GROUP_A_DUPSAFE70,GPU_SINGLE_T4,1,1,132,1617642,1.617642,618.1837514110044
GPUCOND_001,5,STAGE16_XGBOOST_TUNED,GROUP_A_DUPSAFE70,GPU_SINGLE_T4,1,1,133,1618473,1.618473,617.8663468590455
GPUCOND_001,5,STAGE16_XGBOOST_TUNED,GROUP_A_DUPSAFE70,GPU_SINGLE_T4,1,1,134,1608646,1.608646,621.6408084811699
GPUCOND_001,5,STAGE16_XGBOOST_TUNED,GROUP_A_DUPSAFE70,GPU_SINGLE_T4,1,1,135,1657552,1.657552,603.299323339479
GPUCOND_001,5,STAGE16_XGBOOST_TUNED,GROUP_A_DUPSAFE70,GPU_SINGLE_T4,1,1,136,1647943,1.647943,606.8171047178209
GPUCOND_001,5,STAGE16_XGBOOST_TUNED,GROUP_A_DUPSAFE70,GPU_SINGLE_T4,1,1,137,1823665,1.823665,548.346324571673
GPUCOND_001,5,STAGE16_XGBOOST_TUNED,GROUP_A_DUPSAFE70,GPU_SINGLE_T4,1,1,138,1781683,1.781683,561.2670716395678
GPUCOND_001,5,STAGE16_XGBOOST_TUNED,GROUP_A_DUPSAFE70,GPU_SINGLE_T4,1,1,139,1635095,1.635095,611.5852595720738
GPUCOND_001,5,STAGE16_XGBOOST_TUNED,GROUP_A_DUPSAFE70,GPU_SINGLE_T4,1,1,140,1636556,1.636556,611.0392800490787
GPUCOND_001,5,STAGE16_XGBOOST_TUNED,GROUP_A_DUPSAFE70,GPU_SINGLE_T4,1,1,141,1769919,1.769919,564.9976072351334
GPUCOND_001,5,STAGE16_XGBOOST_TUNED,GROUP_A_DUPSAFE70,GPU_SINGLE_T4,1,1,142,1647463,1.647463,606.9939051741982
GPUCOND_001,5,STAGE16_XGBOOST_TUNED,GROUP_A_DUPSAFE70,GPU_SINGLE_T4,1,1,143,1636841,1.636841,610.9328884112751
GPUCOND_001,5,STAGE16_XGBOOST_TUNED,GROUP_A_DUPSAFE70,GPU_SINGLE_T4,1,1,144,1673629,1.673629,597.5039868453522
GPUCOND_001,5,STAGE16_XGBOOST_TUNED,GROUP_A_DUPSAFE70,GPU_SINGLE_T4,1,1,145,1715492,1.715492,582.9231497436303
GPUCOND_001,5,STAGE16_XGBOOST_TUNED,GROUP_A_DUPSAFE70,GPU_SINGLE_T4,1,1,146,1652756,1.652756,605.0499892301102
GPUCOND_001,5,STAGE16_XGBOOST_TUNED,GROUP_A_DUPSAFE70,GPU_SINGLE_T4,1,1,147,1608960,1.60896,621.5194908512331
GPUCOND_001,5,STAGE16_XGBOOST_TUNED,GROUP_A_DUPSAFE70,GPU_SINGLE_T4,1,1,148,1632245,1.632245,612.6531249904273
GPUCOND_001,5,STAGE16_XGBOOST_TUNED,GROUP_A_DUPSAFE70,GPU_SINGLE_T4,1,1,149,1631937,1.631937,612.7687527153315
GPUCOND_001,5,STAGE16_XGBOOST_TUNED,GROUP_A_DUPSAFE70,GPU_SINGLE_T4,1,1,150,1607203,1.607203,622.1989381552921
GPUCOND_001,5,STAGE16_XGBOOST_TUNED,GROUP_A_DUPSAFE70,GPU_SINGLE_T4,1,1,151,1612175,1.612175,620.2800564454851
GPUCOND_001,5,STAGE16_XGBOOST_TUNED,GROUP_A_DUPSAFE70,GPU_SINGLE_T4,1,1,152,1606123,1.606123,622.6173213384031
GPUCOND_001,5,STAGE16_XGBOOST_TUNED,GROUP_A_DUPSAFE70,GPU_SINGLE_T4,1,1,153,1635214,1.635214,611.5407524642035
GPUCOND_001,5,STAGE16_XGBOOST_TUNED,GROUP_A_DUPSAFE70,GPU_SINGLE_T4,1,1,154,1637660,1.63766,610.6273585481724
GPUCOND_001,5,STAGE16_XGBOOST_TUNED,GROUP_A_DUPSAFE70,GPU_SINGLE_T4,1,1,155,1606653,1.606653,622.4119333795163
GPUCOND_001,5,STAGE16_XGBOOST_TUNED,GROUP_A_DUPSAFE70,GPU_SINGLE_T4,1,1,156,1632395,1.632395,612.5968285862184
GPUCOND_001,5,STAGE16_XGBOOST_TUNED,GROUP_A_DUPSAFE70,GPU_SINGLE_T4,1,1,157,1637906,1.637906,610.5356473448415
GPUCOND_001,5,STAGE16_XGBOOST_TUNED,GROUP_A_DUPSAFE70,GPU_SINGLE_T4,1,1,158,1606403,1.606403,622.5087976055821
GPUCOND_001,5,STAGE16_XGBOOST_TUNED,GROUP_A_DUPSAFE70,GPU_SINGLE_T4,1,1,159,1619877,1.619877,617.3308220315494
GPUCOND_001,5,STAGE16_XGBOOST_TUNED,GROUP_A_DUPSAFE70,GPU_SINGLE_T4,1,1,160,1608194,1.608194,621.8155272311674
GPUCOND_001,5,STAGE16_XGBOOST_TUNED,GROUP_A_DUPSAFE70,GPU_SINGLE_T4,1,1,161,1634825,1.634825,611.68626611411
GPUCOND_001,5,STAGE16_XGBOOST_TUNED,GROUP_A_DUPSAFE70,GPU_SINGLE_T4,1,1,162,1631937,1.631937,612.7687527153315
GPUCOND_001,5,STAGE16_XGBOOST_TUNED,GROUP_A_DUPSAFE70,GPU_SINGLE_T4,1,1,163,1632795,1.632795,612.4467554102015
GPUCOND_001,5,STAGE16_XGBOOST_TUNED,GROUP_A_DUPSAFE70,GPU_SINGLE_T4,1,1,164,1656578,1.656578,603.6540386266146
GPUCOND_001,5,STAGE16_XGBOOST_TUNED,GROUP_A_DUPSAFE70,GPU_SINGLE_T4,1,1,165,1671331,1.671331,598.3255261824258
GPUCOND_001,5,STAGE16_XGBOOST_TUNED,GROUP_A_DUPSAFE70,GPU_SINGLE_T4,1,1,166,1616193,1.616193,618.7379848817561
GPUCOND_001,5,STAGE16_XGBOOST_TUNED,GROUP_A_DUPSAFE70,GPU_SINGLE_T4,1,1,167,1629511,1.629511,613.6810368263854
GPUCOND_001,5,STAGE16_XGBOOST_TUNED,GROUP_A_DUPSAFE70,GPU_SINGLE_T4,1,1,168,1633313,1.633313,612.2525198783087
GPUCOND_001,5,STAGE16_XGBOOST_TUNED,GROUP_A_DUPSAFE70,GPU_SINGLE_T4,1,1,169,1606672,1.606672,622.4045729308782
GPUCOND_001,5,STAGE16_XGBOOST_TUNED,GROUP_A_DUPSAFE70,GPU_SINGLE_T4,1,1,170,1616385,1.616385,618.6644889676655
GPUCOND_001,5,STAGE16_XGBOOST_TUNED,GROUP_A_DUPSAFE70,GPU_SINGLE_T4,1,1,171,1606694,1.606694,622.3960505236219
GPUCOND_001,5,STAGE16_XGBOOST_TUNED,GROUP_A_DUPSAFE70,GPU_SINGLE_T4,1,1,172,1673670,1.67367,597.4893497523407
GPUCOND_001,5,STAGE16_XGBOOST_TUNED,GROUP_A_DUPSAFE70,GPU_SINGLE_T4,1,1,173,1646866,1.646866,607.2139445467938
GPUCOND_001,5,STAGE16_XGBOOST_TUNED,GROUP_A_DUPSAFE70,GPU_SINGLE_T4,1,1,174,1628326,1.628326,614.1276378317364
GPUCOND_001,5,STAGE16_XGBOOST_TUNED,GROUP_A_DUPSAFE70,GPU_SINGLE_T4,1,1,175,1632187,1.632187,612.6748957074159
GPUCOND_001,5,STAGE16_XGBOOST_TUNED,GROUP_A_DUPSAFE70,GPU_SINGLE_T4,1,1,176,1636746,1.636746,610.9683481737545
GPUCOND_001,5,STAGE16_XGBOOST_TUNED,GROUP_A_DUPSAFE70,GPU_SINGLE_T4,1,1,177,1607865,1.607865,621.9427626075573
GPUCOND_001,5,STAGE16_XGBOOST_TUNED,GROUP_A_DUPSAFE70,GPU_SINGLE_T4,1,1,178,1626285,1.626285,614.8983726714567
GPUCOND_001,5,STAGE16_XGBOOST_TUNED,GROUP_A_DUPSAFE70,GPU_SINGLE_T4,1,1,179,1610684,1.610684,620.8542457738452
GPUCOND_001,5,STAGE16_XGBOOST_TUNED,GROUP_A_DUPSAFE70,GPU_SINGLE_T4,1,1,180,1669728,1.669728,598.8999405891259
GPUCOND_001,5,STAGE16_XGBOOST_TUNED,GROUP_A_DUPSAFE70,GPU_SINGLE_T4,1,1,181,1684767,1.684767,593.5538860863253
GPUCOND_001,5,STAGE16_XGBOOST_TUNED,GROUP_A_DUPSAFE70,GPU_SINGLE_T4,1,1,182,1669267,1.669267,599.0653382592479
GPUCOND_001,5,STAGE16_XGBOOST_TUNED,GROUP_A_DUPSAFE70,GPU_SINGLE_T4,1,1,183,1778695,1.778695,562.2099348117581
GPUCOND_001,5,STAGE16_XGBOOST_TUNED,GROUP_A_DUPSAFE70,GPU_SINGLE_T4,1,1,184,1649095,1.649095,606.3932035449747
GPUCOND_001,5,STAGE16_XGBOOST_TUNED,GROUP_A_DUPSAFE70,GPU_SINGLE_T4,1,1,185,1652537,1.652537,605.130172577074
GPUCOND_001,5,STAGE16_XGBOOST_TUNED,GROUP_A_DUPSAFE70,GPU_SINGLE_T4,1,1,186,1618077,1.618077,618.0175603509598
GPUCOND_001,5,STAGE16_XGBOOST_TUNED,GROUP_A_DUPSAFE70,GPU_SINGLE_T4,1,1,187,1648878,1.648878,606.473007705846
GPUCOND_001,5,STAGE16_XGBOOST_TUNED,GROUP_A_DUPSAFE70,GPU_SINGLE_T4,1,1,188,1612070,1.61207,620.3204575483695
GPUCOND_001,5,STAGE16_XGBOOST_TUNED,GROUP_A_DUPSAFE70,GPU_SINGLE_T4,1,1,189,1733122,1.733122,576.9934257369072
GPUCOND_001,5,STAGE16_XGBOOST_TUNED,GROUP_A_DUPSAFE70,GPU_SINGLE_T4,1,1,190,1641434,1.641434,609.2233985649134
GPUCOND_001,5,STAGE16_XGBOOST_TUNED,GROUP_A_DUPSAFE70,GPU_SINGLE_T4,1,1,191,1613349,1.613349,619.8286917461752
GPUCOND_001,5,STAGE16_XGBOOST_TUNED,GROUP_A_DUPSAFE70,GPU_SINGLE_T4,1,1,192,1627141,1.627141,614.5748893304268
GPUCOND_001,5,STAGE16_XGBOOST_TUNED,GROUP_A_DUPSAFE70,GPU_SINGLE_T4,1,1,193,1623626,1.623626,615.9053870780587
GPUCOND_001,5,STAGE16_XGBOOST_TUNED,GROUP_A_DUPSAFE70,GPU_SINGLE_T4,1,1,194,1604422,1.604422,623.2774170386595
GPUCOND_001,5,STAGE16_XGBOOST_TUNED,GROUP_A_DUPSAFE70,GPU_SINGLE_T4,1,1,195,1626563,1.626563,614.7932788339584
GPUCOND_001,5,STAGE16_XGBOOST_TUNED,GROUP_A_DUPSAFE70,GPU_SINGLE_T4,1,1,196,1658833,1.658833,602.8334377239903
GPUCOND_001,5,STAGE16_XGBOOST_TUNED,GROUP_A_DUPSAFE70,GPU_SINGLE_T4,1,1,197,1610983,1.610983,620.7390146264734
GPUCOND_001,5,STAGE16_XGBOOST_TUNED,GROUP_A_DUPSAFE70,GPU_SINGLE_T4,1,1,198,1631085,1.631085,613.0888335065309
GPUCOND_001,5,STAGE16_XGBOOST_TUNED,GROUP_A_DUPSAFE70,GPU_SINGLE_T4,1,1,199,1630873,1.630873,613.1685299836346
GPUCOND_001,5,STAGE16_XGBOOST_TUNED,GROUP_A_DUPSAFE70,GPU_SINGLE_T4,1,1,200,1613094,1.613094,619.9266750728724
GPUCOND_036,7,FT_BALANCED_SINGLE_RESOURCE_REFERENCE,GROUP_A_DUPSAFE70,GPU_SINGLE_T4,1,1,1,1231384,1.231384,812.0943588677455
GPUCOND_036,7,FT_BALANCED_SINGLE_RESOURCE_REFERENCE,GROUP_A_DUPSAFE70,GPU_SINGLE_T4,1,1,2,1216045,1.216045,822.3379891369152
GPUCOND_036,7,FT_BALANCED_SINGLE_RESOURCE_REFERENCE,GROUP_A_DUPSAFE70,GPU_SINGLE_T4,1,1,3,1318713,1.318713,758.3151148126999
GPUCOND_036,7,FT_BALANCED_SINGLE_RESOURCE_REFERENCE,GROUP_A_DUPSAFE70,GPU_SINGLE_T4,1,1,4,1188386,1.188386,841.47743241674
GPUCOND_036,7,FT_BALANCED_SINGLE_RESOURCE_REFERENCE,GROUP_A_DUPSAFE70,GPU_SINGLE_T4,1,1,5,1460678,1.460678,684.613583555034
GPUCOND_036,7,FT_BALANCED_SINGLE_RESOURCE_REFERENCE,GROUP_A_DUPSAFE70,GPU_SINGLE_T4,1,1,6,1239772,1.239772,806.5999232116873
GPUCOND_036,7,FT_BALANCED_SINGLE_RESOURCE_REFERENCE,GROUP_A_DUPSAFE70,GPU_SINGLE_T4,1,1,7,1275075,1.275075,784.2675921024254
GPUCOND_036,7,FT_BALANCED_SINGLE_RESOURCE_REFERENCE,GROUP_A_DUPSAFE70,GPU_SINGLE_T4,1,1,8,1328805,1.328805,752.5558678662408
GPUCOND_036,7,FT_BALANCED_SINGLE_RESOURCE_REFERENCE,GROUP_A_DUPSAFE70,GPU_SINGLE_T4,1,1,9,1221226,1.221226,818.8492547652933
GPUCOND_036,7,FT_BALANCED_SINGLE_RESOURCE_REFERENCE,GROUP_A_DUPSAFE70,GPU_SINGLE_T4,1,1,10,1281525,1.281525,780.3203214919724
GPUCOND_036,7,FT_BALANCED_SINGLE_RESOURCE_REFERENCE,GROUP_A_DUPSAFE70,GPU_SINGLE_T4,1,1,11,1228389,1.228389,814.0743689499011
GPUCOND_036,7,FT_BALANCED_SINGLE_RESOURCE_REFERENCE,GROUP_A_DUPSAFE70,GPU_SINGLE_T4,1,1,12,1298928,1.298928,769.8656122587241
GPUCOND_036,7,FT_BALANCED_SINGLE_RESOURCE_REFERENCE,GROUP_A_DUPSAFE70,GPU_SINGLE_T4,1,1,13,1281740,1.28174,780.1894299936024
GPUCOND_036,7,FT_BALANCED_SINGLE_RESOURCE_REFERENCE,GROUP_A_DUPSAFE70,GPU_SINGLE_T4,1,1,14,1209210,1.20921,826.9862141398103
GPUCOND_036,7,FT_BALANCED_SINGLE_RESOURCE_REFERENCE,GROUP_A_DUPSAFE70,GPU_SINGLE_T4,1,1,15,1508217,1.508217,663.0345633287518
GPUCOND_036,7,FT_BALANCED_SINGLE_RESOURCE_REFERENCE,GROUP_A_DUPSAFE70,GPU_SINGLE_T4,1,1,16,1308267,1.308267,764.3699642351294
GPUCOND_036,7,FT_BALANCED_SINGLE_RESOURCE_REFERENCE,GROUP_A_DUPSAFE70,GPU_SINGLE_T4,1,1,17,1259330,1.25933,794.0730388381123
GPUCOND_036,7,FT_BALANCED_SINGLE_RESOURCE_REFERENCE,GROUP_A_DUPSAFE70,GPU_SINGLE_T4,1,1,18,1352892,1.352892,739.1573015436561
GPUCOND_036,7,FT_BALANCED_SINGLE_RESOURCE_REFERENCE,GROUP_A_DUPSAFE70,GPU_SINGLE_T4,1,1,19,1206968,1.206968,828.5223800465299
GPUCOND_036,7,FT_BALANCED_SINGLE_RESOURCE_REFERENCE,GROUP_A_DUPSAFE70,GPU_SINGLE_T4,1,1,20,1201933,1.201933,831.9931310647099
GPUCOND_036,7,FT_BALANCED_SINGLE_RESOURCE_REFERENCE,GROUP_A_DUPSAFE70,GPU_SINGLE_T4,1,1,21,1204515,1.204515,830.2096694520201
GPUCOND_036,7,FT_BALANCED_SINGLE_RESOURCE_REFERENCE,GROUP_A_DUPSAFE70,GPU_SINGLE_T4,1,1,22,1272655,1.272655,785.7589055949962
GPUCOND_036,7,FT_BALANCED_SINGLE_RESOURCE_REFERENCE,GROUP_A_DUPSAFE70,GPU_SINGLE_T4,1,1,23,1360132,1.360132,735.2227577911556
GPUCOND_036,7,FT_BALANCED_SINGLE_RESOURCE_REFERENCE,GROUP_A_DUPSAFE70,GPU_SINGLE_T4,1,1,24,1314421,1.314421,760.7912533351187
GPUCOND_036,7,FT_BALANCED_SINGLE_RESOURCE_REFERENCE,GROUP_A_DUPSAFE70,GPU_SINGLE_T4,1,1,25,1214544,1.214544,823.3542794662029
GPUCOND_036,7,FT_BALANCED_SINGLE_RESOURCE_REFERENCE,GROUP_A_DUPSAFE70,GPU_SINGLE_T4,1,1,26,1211043,1.211043,825.7345114913343
GPUCOND_036,7,FT_BALANCED_SINGLE_RESOURCE_REFERENCE,GROUP_A_DUPSAFE70,GPU_SINGLE_T4,1,1,27,1199308,1.199308,833.8141661691576
GPUCOND_036,7,FT_BALANCED_SINGLE_RESOURCE_REFERENCE,GROUP_A_DUPSAFE70,GPU_SINGLE_T4,1,1,28,1236785,1.236785,808.5479691296385
GPUCOND_036,7,FT_BALANCED_SINGLE_RESOURCE_REFERENCE,GROUP_A_DUPSAFE70,GPU_SINGLE_T4,1,1,29,1282928,1.282928,779.4669693077086
GPUCOND_036,7,FT_BALANCED_SINGLE_RESOURCE_REFERENCE,GROUP_A_DUPSAFE70,GPU_SINGLE_T4,1,1,30,1281257,1.281257,780.4835407728505
GPUCOND_036,7,FT_BALANCED_SINGLE_RESOURCE_REFERENCE,GROUP_A_DUPSAFE70,GPU_SINGLE_T4,1,1,31,1266995,1.266995,789.2690973523968
GPUCOND_036,7,FT_BALANCED_SINGLE_RESOURCE_REFERENCE,GROUP_A_DUPSAFE70,GPU_SINGLE_T4,1,1,32,1294901,1.294901,772.2598098232992
GPUCOND_036,7,FT_BALANCED_SINGLE_RESOURCE_REFERENCE,GROUP_A_DUPSAFE70,GPU_SINGLE_T4,1,1,33,1158235,1.158235,863.3826468721805
GPUCOND_036,7,FT_BALANCED_SINGLE_RESOURCE_REFERENCE,GROUP_A_DUPSAFE70,GPU_SINGLE_T4,1,1,34,1165924,1.165924,857.6888373513196
GPUCOND_036,7,FT_BALANCED_SINGLE_RESOURCE_REFERENCE,GROUP_A_DUPSAFE70,GPU_SINGLE_T4,1,1,35,1179384,1.179384,847.9002597966396
GPUCOND_036,7,FT_BALANCED_SINGLE_RESOURCE_REFERENCE,GROUP_A_DUPSAFE70,GPU_SINGLE_T4,1,1,36,1194404,1.194404,837.2376515818768
GPUCOND_036,7,FT_BALANCED_SINGLE_RESOURCE_REFERENCE,GROUP_A_DUPSAFE70,GPU_SINGLE_T4,1,1,37,1213857,1.213857,823.8202687796008
GPUCOND_036,7,FT_BALANCED_SINGLE_RESOURCE_REFERENCE,GROUP_A_DUPSAFE70,GPU_SINGLE_T4,1,1,38,1202904,1.202904,831.3215352181055
GPUCOND_036,7,FT_BALANCED_SINGLE_RESOURCE_REFERENCE,GROUP_A_DUPSAFE70,GPU_SINGLE_T4,1,1,39,1345134,1.345134,743.4203581204549
GPUCOND_036,7,FT_BALANCED_SINGLE_RESOURCE_REFERENCE,GROUP_A_DUPSAFE70,GPU_SINGLE_T4,1,1,40,1254943,1.254943,796.8489405494911
GPUCOND_036,7,FT_BALANCED_SINGLE_RESOURCE_REFERENCE,GROUP_A_DUPSAFE70,GPU_SINGLE_T4,1,1,41,1180240,1.18024,847.2852979055108
GPUCOND_036,7,FT_BALANCED_SINGLE_RESOURCE_REFERENCE,GROUP_A_DUPSAFE70,GPU_SINGLE_T4,1,1,42,1126014,1.126014,888.0884251883192
GPUCOND_036,7,FT_BALANCED_SINGLE_RESOURCE_REFERENCE,GROUP_A_DUPSAFE70,GPU_SINGLE_T4,1,1,43,1219434,1.219434,820.0525817715431
GPUCOND_036,7,FT_BALANCED_SINGLE_RESOURCE_REFERENCE,GROUP_A_DUPSAFE70,GPU_SINGLE_T4,1,1,44,1207747,1.207747,827.9879809264688
GPUCOND_036,7,FT_BALANCED_SINGLE_RESOURCE_REFERENCE,GROUP_A_DUPSAFE70,GPU_SINGLE_T4,1,1,45,1247937,1.247937,801.3225026583874
GPUCOND_036,7,FT_BALANCED_SINGLE_RESOURCE_REFERENCE,GROUP_A_DUPSAFE70,GPU_SINGLE_T4,1,1,46,1361043,1.361043,734.7306440722299
GPUCOND_036,7,FT_BALANCED_SINGLE_RESOURCE_REFERENCE,GROUP_A_DUPSAFE70,GPU_SINGLE_T4,1,1,47,1829601,1.829601,546.567257013961
GPUCOND_036,7,FT_BALANCED_SINGLE_RESOURCE_REFERENCE,GROUP_A_DUPSAFE70,GPU_SINGLE_T4,1,1,48,1345820,1.34582,743.0414171285908
GPUCOND_036,7,FT_BALANCED_SINGLE_RESOURCE_REFERENCE,GROUP_A_DUPSAFE70,GPU_SINGLE_T4,1,1,49,1388509,1.388509,720.1969882802345
GPUCOND_036,7,FT_BALANCED_SINGLE_RESOURCE_REFERENCE,GROUP_A_DUPSAFE70,GPU_SINGLE_T4,1,1,50,1324181,1.324181,755.183770194558
GPUCOND_036,7,FT_BALANCED_SINGLE_RESOURCE_REFERENCE,GROUP_A_DUPSAFE70,GPU_SINGLE_T4,1,1,51,1244449,1.244449,803.5684869367889
GPUCOND_036,7,FT_BALANCED_SINGLE_RESOURCE_REFERENCE,GROUP_A_DUPSAFE70,GPU_SINGLE_T4,1,1,52,1212210,1.21221,824.9395731762648
GPUCOND_036,7,FT_BALANCED_SINGLE_RESOURCE_REFERENCE,GROUP_A_DUPSAFE70,GPU_SINGLE_T4,1,1,53,1196884,1.196884,835.5028557487609
GPUCOND_036,7,FT_BALANCED_SINGLE_RESOURCE_REFERENCE,GROUP_A_DUPSAFE70,GPU_SINGLE_T4,1,1,54,1285882,1.285882,777.6763342204029
GPUCOND_036,7,FT_BALANCED_SINGLE_RESOURCE_REFERENCE,GROUP_A_DUPSAFE70,GPU_SINGLE_T4,1,1,55,1331022,1.331022,751.3023826803765
GPUCOND_036,7,FT_BALANCED_SINGLE_RESOURCE_REFERENCE,GROUP_A_DUPSAFE70,GPU_SINGLE_T4,1,1,56,1199227,1.199227,833.8704849040257
GPUCOND_036,7,FT_BALANCED_SINGLE_RESOURCE_REFERENCE,GROUP_A_DUPSAFE70,GPU_SINGLE_T4,1,1,57,1517379,1.517379,659.0311319716432
GPUCOND_036,7,FT_BALANCED_SINGLE_RESOURCE_REFERENCE,GROUP_A_DUPSAFE70,GPU_SINGLE_T4,1,1,58,1302446,1.302446,767.7861500591963
GPUCOND_036,7,FT_BALANCED_SINGLE_RESOURCE_REFERENCE,GROUP_A_DUPSAFE70,GPU_SINGLE_T4,1,1,59,1236607,1.236607,808.6643533475066
GPUCOND_036,7,FT_BALANCED_SINGLE_RESOURCE_REFERENCE,GROUP_A_DUPSAFE70,GPU_SINGLE_T4,1,1,60,1252298,1.252298,798.5319788101555
GPUCOND_036,7,FT_BALANCED_SINGLE_RESOURCE_REFERENCE,GROUP_A_DUPSAFE70,GPU_SINGLE_T4,1,1,61,1179915,1.179915,847.5186771928486
GPUCOND_036,7,FT_BALANCED_SINGLE_RESOURCE_REFERENCE,GROUP_A_DUPSAFE70,GPU_SINGLE_T4,1,1,62,1213854,1.213854,823.8223048241387
GPUCOND_036,7,FT_BALANCED_SINGLE_RESOURCE_REFERENCE,GROUP_A_DUPSAFE70,GPU_SINGLE_T4,1,1,63,1165108,1.165108,858.2895319575524
GPUCOND_036,7,FT_BALANCED_SINGLE_RESOURCE_REFERENCE,GROUP_A_DUPSAFE70,GPU_SINGLE_T4,1,1,64,1169175,1.169175,855.3039536425257
GPUCOND_036,7,FT_BALANCED_SINGLE_RESOURCE_REFERENCE,GROUP_A_DUPSAFE70,GPU_SINGLE_T4,1,1,65,1203329,1.203329,831.0279233692531
GPUCOND_036,7,FT_BALANCED_SINGLE_RESOURCE_REFERENCE,GROUP_A_DUPSAFE70,GPU_SINGLE_T4,1,1,66,1273237,1.273237,785.3997331211707
GPUCOND_036,7,FT_BALANCED_SINGLE_RESOURCE_REFERENCE,GROUP_A_DUPSAFE70,GPU_SINGLE_T4,1,1,67,1231063,1.231063,812.3061126847285
GPUCOND_036,7,FT_BALANCED_SINGLE_RESOURCE_REFERENCE,GROUP_A_DUPSAFE70,GPU_SINGLE_T4,1,1,68,1201557,1.201557,832.2534844372759
GPUCOND_036,7,FT_BALANCED_SINGLE_RESOURCE_REFERENCE,GROUP_A_DUPSAFE70,GPU_SINGLE_T4,1,1,69,1205452,1.205452,829.564345988061
GPUCOND_036,7,FT_BALANCED_SINGLE_RESOURCE_REFERENCE,GROUP_A_DUPSAFE70,GPU_SINGLE_T4,1,1,70,1304813,1.304813,766.3933452533045
GPUCOND_036,7,FT_BALANCED_SINGLE_RESOURCE_REFERENCE,GROUP_A_DUPSAFE70,GPU_SINGLE_T4,1,1,71,1309445,1.309445,763.6823234271008
GPUCOND_036,7,FT_BALANCED_SINGLE_RESOURCE_REFERENCE,GROUP_A_DUPSAFE70,GPU_SINGLE_T4,1,1,72,1203903,1.203903,830.6317037169938
GPUCOND_036,7,FT_BALANCED_SINGLE_RESOURCE_REFERENCE,GROUP_A_DUPSAFE70,GPU_SINGLE_T4,1,1,73,1367776,1.367776,731.1138665980394
GPUCOND_036,7,FT_BALANCED_SINGLE_RESOURCE_REFERENCE,GROUP_A_DUPSAFE70,GPU_SINGLE_T4,1,1,74,1422622,1.422622,702.9274114979243
GPUCOND_036,7,FT_BALANCED_SINGLE_RESOURCE_REFERENCE,GROUP_A_DUPSAFE70,GPU_SINGLE_T4,1,1,75,1423550,1.42355,702.4691791647641
GPUCOND_036,7,FT_BALANCED_SINGLE_RESOURCE_REFERENCE,GROUP_A_DUPSAFE70,GPU_SINGLE_T4,1,1,76,1425381,1.425381,701.5668091548856
GPUCOND_036,7,FT_BALANCED_SINGLE_RESOURCE_REFERENCE,GROUP_A_DUPSAFE70,GPU_SINGLE_T4,1,1,77,1275454,1.275454,784.0345476983098
GPUCOND_036,7,FT_BALANCED_SINGLE_RESOURCE_REFERENCE,GROUP_A_DUPSAFE70,GPU_SINGLE_T4,1,1,78,1251405,1.251405,799.1018095660478
GPUCOND_036,7,FT_BALANCED_SINGLE_RESOURCE_REFERENCE,GROUP_A_DUPSAFE70,GPU_SINGLE_T4,1,1,79,1202425,1.202425,831.652701831715
GPUCOND_036,7,FT_BALANCED_SINGLE_RESOURCE_REFERENCE,GROUP_A_DUPSAFE70,GPU_SINGLE_T4,1,1,80,1204134,1.204134,830.4723560666836
GPUCOND_036,7,FT_BALANCED_SINGLE_RESOURCE_REFERENCE,GROUP_A_DUPSAFE70,GPU_SINGLE_T4,1,1,81,1218151,1.218151,820.9162903449572
GPUCOND_036,7,FT_BALANCED_SINGLE_RESOURCE_REFERENCE,GROUP_A_DUPSAFE70,GPU_SINGLE_T4,1,1,82,1237533,1.237533,808.0592598338792
GPUCOND_036,7,FT_BALANCED_SINGLE_RESOURCE_REFERENCE,GROUP_A_DUPSAFE70,GPU_SINGLE_T4,1,1,83,1270780,1.27078,786.9182706684084
GPUCOND_036,7,FT_BALANCED_SINGLE_RESOURCE_REFERENCE,GROUP_A_DUPSAFE70,GPU_SINGLE_T4,1,1,84,1247005,1.247005,801.921403683225
GPUCOND_036,7,FT_BALANCED_SINGLE_RESOURCE_REFERENCE,GROUP_A_DUPSAFE70,GPU_SINGLE_T4,1,1,85,1305782,1.305782,765.8246169728178
GPUCOND_036,7,FT_BALANCED_SINGLE_RESOURCE_REFERENCE,GROUP_A_DUPSAFE70,GPU_SINGLE_T4,1,1,86,1323016,1.323016,755.8487576869819
GPUCOND_036,7,FT_BALANCED_SINGLE_RESOURCE_REFERENCE,GROUP_A_DUPSAFE70,GPU_SINGLE_T4,1,1,87,1261655,1.261655,792.6097070910828
GPUCOND_036,7,FT_BALANCED_SINGLE_RESOURCE_REFERENCE,GROUP_A_DUPSAFE70,GPU_SINGLE_T4,1,1,88,1205979,1.205979,829.2018351895016
GPUCOND_036,7,FT_BALANCED_SINGLE_RESOURCE_REFERENCE,GROUP_A_DUPSAFE70,GPU_SINGLE_T4,1,1,89,1111675,1.111675,899.5434816830458
GPUCOND_036,7,FT_BALANCED_SINGLE_RESOURCE_REFERENCE,GROUP_A_DUPSAFE70,GPU_SINGLE_T4,1,1,90,1155808,1.155808,865.1956034220217
GPUCOND_036,7,FT_BALANCED_SINGLE_RESOURCE_REFERENCE,GROUP_A_DUPSAFE70,GPU_SINGLE_T4,1,1,91,1296240,1.29624,771.4620749243967
GPUCOND_036,7,FT_BALANCED_SINGLE_RESOURCE_REFERENCE,GROUP_A_DUPSAFE70,GPU_SINGLE_T4,1,1,92,1230637,1.230637,812.587302348296
GPUCOND_036,7,FT_BALANCED_SINGLE_RESOURCE_REFERENCE,GROUP_A_DUPSAFE70,GPU_SINGLE_T4,1,1,93,1175984,1.175984,850.3517054653805
GPUCOND_036,7,FT_BALANCED_SINGLE_RESOURCE_REFERENCE,GROUP_A_DUPSAFE70,GPU_SINGLE_T4,1,1,94,1279325,1.279325,781.6622046782483
GPUCOND_036,7,FT_BALANCED_SINGLE_RESOURCE_REFERENCE,GROUP_A_DUPSAFE70,GPU_SINGLE_T4,1,1,95,1202092,1.202092,831.8830838238671
GPUCOND_036,7,FT_BALANCED_SINGLE_RESOURCE_REFERENCE,GROUP_A_DUPSAFE70,GPU_SINGLE_T4,1,1,96,1247539,1.247539,801.5781470559238
GPUCOND_036,7,FT_BALANCED_SINGLE_RESOURCE_REFERENCE,GROUP_A_DUPSAFE70,GPU_SINGLE_T4,1,1,97,1281287,1.281287,780.4652665640094
GPUCOND_036,7,FT_BALANCED_SINGLE_RESOURCE_REFERENCE,GROUP_A_DUPSAFE70,GPU_SINGLE_T4,1,1,98,1293422,1.293422,773.1428721639187
GPUCOND_036,7,FT_BALANCED_SINGLE_RESOURCE_REFERENCE,GROUP_A_DUPSAFE70,GPU_SINGLE_T4,1,1,99,1197233,1.197233,835.2593020740323
GPUCOND_036,7,FT_BALANCED_SINGLE_RESOURCE_REFERENCE,GROUP_A_DUPSAFE70,GPU_SINGLE_T4,1,1,100,1199419,1.199419,833.7370009979832
GPUCOND_036,7,FT_BALANCED_SINGLE_RESOURCE_REFERENCE,GROUP_A_DUPSAFE70,GPU_SINGLE_T4,1,1,101,1198323,1.198323,834.4995464494965
GPUCOND_036,7,FT_BALANCED_SINGLE_RESOURCE_REFERENCE,GROUP_A_DUPSAFE70,GPU_SINGLE_T4,1,1,102,1285186,1.285186,778.0974893906407
GPUCOND_036,7,FT_BALANCED_SINGLE_RESOURCE_REFERENCE,GROUP_A_DUPSAFE70,GPU_SINGLE_T4,1,1,103,1226618,1.226618,815.2497354514609
GPUCOND_036,7,FT_BALANCED_SINGLE_RESOURCE_REFERENCE,GROUP_A_DUPSAFE70,GPU_SINGLE_T4,1,1,104,1157512,1.157512,863.9219291031108
GPUCOND_036,7,FT_BALANCED_SINGLE_RESOURCE_REFERENCE,GROUP_A_DUPSAFE70,GPU_SINGLE_T4,1,1,105,1211733,1.211733,825.2643115273744
GPUCOND_036,7,FT_BALANCED_SINGLE_RESOURCE_REFERENCE,GROUP_A_DUPSAFE70,GPU_SINGLE_T4,1,1,106,1168456,1.168456,855.8302580499394
GPUCOND_036,7,FT_BALANCED_SINGLE_RESOURCE_REFERENCE,GROUP_A_DUPSAFE70,GPU_SINGLE_T4,1,1,107,1174405,1.174405,851.495012367965
GPUCOND_036,7,FT_BALANCED_SINGLE_RESOURCE_REFERENCE,GROUP_A_DUPSAFE70,GPU_SINGLE_T4,1,1,108,1202456,1.202456,831.6312613517667
GPUCOND_036,7,FT_BALANCED_SINGLE_RESOURCE_REFERENCE,GROUP_A_DUPSAFE70,GPU_SINGLE_T4,1,1,109,1198980,1.19898,834.0422692622062
GPUCOND_036,7,FT_BALANCED_SINGLE_RESOURCE_REFERENCE,GROUP_A_DUPSAFE70,GPU_SINGLE_T4,1,1,110,1493906,1.493906,669.3861595040116
GPUCOND_036,7,FT_BALANCED_SINGLE_RESOURCE_REFERENCE,GROUP_A_DUPSAFE70,GPU_SINGLE_T4,1,1,111,1303948,1.303948,766.9017476157024
GPUCOND_036,7,FT_BALANCED_SINGLE_RESOURCE_REFERENCE,GROUP_A_DUPSAFE70,GPU_SINGLE_T4,1,1,112,1198036,1.198036,834.6994581131117
GPUCOND_036,7,FT_BALANCED_SINGLE_RESOURCE_REFERENCE,GROUP_A_DUPSAFE70,GPU_SINGLE_T4,1,1,113,1885000,1.885,530.5039787798408
GPUCOND_036,7,FT_BALANCED_SINGLE_RESOURCE_REFERENCE,GROUP_A_DUPSAFE70,GPU_SINGLE_T4,1,1,114,1284071,1.284071,778.7731363764153
GPUCOND_036,7,FT_BALANCED_SINGLE_RESOURCE_REFERENCE,GROUP_A_DUPSAFE70,GPU_SINGLE_T4,1,1,115,1212034,1.212034,825.0593630211694
GPUCOND_036,7,FT_BALANCED_SINGLE_RESOURCE_REFERENCE,GROUP_A_DUPSAFE70,GPU_SINGLE_T4,1,1,116,1207147,1.207147,828.3995238359537
GPUCOND_036,7,FT_BALANCED_SINGLE_RESOURCE_REFERENCE,GROUP_A_DUPSAFE70,GPU_SINGLE_T4,1,1,117,1273245,1.273245,785.3947983302506
GPUCOND_036,7,FT_BALANCED_SINGLE_RESOURCE_REFERENCE,GROUP_A_DUPSAFE70,GPU_SINGLE_T4,1,1,118,1443986,1.443986,692.5274898787108
GPUCOND_036,7,FT_BALANCED_SINGLE_RESOURCE_REFERENCE,GROUP_A_DUPSAFE70,GPU_SINGLE_T4,1,1,119,1207973,1.207973,827.8330724279433
GPUCOND_036,7,FT_BALANCED_SINGLE_RESOURCE_REFERENCE,GROUP_A_DUPSAFE70,GPU_SINGLE_T4,1,1,120,1146913,1.146913,871.9057156035375
GPUCOND_036,7,FT_BALANCED_SINGLE_RESOURCE_REFERENCE,GROUP_A_DUPSAFE70,GPU_SINGLE_T4,1,1,121,1307634,1.307634,764.7399807591421
GPUCOND_036,7,FT_BALANCED_SINGLE_RESOURCE_REFERENCE,GROUP_A_DUPSAFE70,GPU_SINGLE_T4,1,1,122,1789328,1.789328,558.8690279255676
GPUCOND_036,7,FT_BALANCED_SINGLE_RESOURCE_REFERENCE,GROUP_A_DUPSAFE70,GPU_SINGLE_T4,1,1,123,1315434,1.315434,760.2053770846732
GPUCOND_036,7,FT_BALANCED_SINGLE_RESOURCE_REFERENCE,GROUP_A_DUPSAFE70,GPU_SINGLE_T4,1,1,124,1221973,1.221973,818.3486869186144
GPUCOND_036,7,FT_BALANCED_SINGLE_RESOURCE_REFERENCE,GROUP_A_DUPSAFE70,GPU_SINGLE_T4,1,1,125,1270405,1.270405,787.150554350778
GPUCOND_036,7,FT_BALANCED_SINGLE_RESOURCE_REFERENCE,GROUP_A_DUPSAFE70,GPU_SINGLE_T4,1,1,126,1183562,1.183562,844.90715315294
GPUCOND_036,7,FT_BALANCED_SINGLE_RESOURCE_REFERENCE,GROUP_A_DUPSAFE70,GPU_SINGLE_T4,1,1,127,1217973,1.217973,821.036262708615
GPUCOND_036,7,FT_BALANCED_SINGLE_RESOURCE_REFERENCE,GROUP_A_DUPSAFE70,GPU_SINGLE_T4,1,1,128,1240047,1.240047,806.4210469441884
GPUCOND_036,7,FT_BALANCED_SINGLE_RESOURCE_REFERENCE,GROUP_A_DUPSAFE70,GPU_SINGLE_T4,1,1,129,1282149,1.282149,779.9405529310555
GPUCOND_036,7,FT_BALANCED_SINGLE_RESOURCE_REFERENCE,GROUP_A_DUPSAFE70,GPU_SINGLE_T4,1,1,130,1187571,1.187571,842.0549171375859
GPUCOND_036,7,FT_BALANCED_SINGLE_RESOURCE_REFERENCE,GROUP_A_DUPSAFE70,GPU_SINGLE_T4,1,1,131,1209369,1.209369,826.8774873508416
GPUCOND_036,7,FT_BALANCED_SINGLE_RESOURCE_REFERENCE,GROUP_A_DUPSAFE70,GPU_SINGLE_T4,1,1,132,1160387,1.160387,861.7814573930939
GPUCOND_036,7,FT_BALANCED_SINGLE_RESOURCE_REFERENCE,GROUP_A_DUPSAFE70,GPU_SINGLE_T4,1,1,133,1323967,1.323967,755.3058346620422
GPUCOND_036,7,FT_BALANCED_SINGLE_RESOURCE_REFERENCE,GROUP_A_DUPSAFE70,GPU_SINGLE_T4,1,1,134,1272740,1.27274,785.7064286499992
GPUCOND_036,7,FT_BALANCED_SINGLE_RESOURCE_REFERENCE,GROUP_A_DUPSAFE70,GPU_SINGLE_T4,1,1,135,1166080,1.16608,857.5740944017563
GPUCOND_036,7,FT_BALANCED_SINGLE_RESOURCE_REFERENCE,GROUP_A_DUPSAFE70,GPU_SINGLE_T4,1,1,136,1372122,1.372122,728.7981680929247
GPUCOND_036,7,FT_BALANCED_SINGLE_RESOURCE_REFERENCE,GROUP_A_DUPSAFE70,GPU_SINGLE_T4,1,1,137,1200160,1.20016,833.222237035062
GPUCOND_036,7,FT_BALANCED_SINGLE_RESOURCE_REFERENCE,GROUP_A_DUPSAFE70,GPU_SINGLE_T4,1,1,138,1255867,1.255867,796.2626615716473
GPUCOND_036,7,FT_BALANCED_SINGLE_RESOURCE_REFERENCE,GROUP_A_DUPSAFE70,GPU_SINGLE_T4,1,1,139,1446077,1.446077,691.5261082224529
GPUCOND_036,7,FT_BALANCED_SINGLE_RESOURCE_REFERENCE,GROUP_A_DUPSAFE70,GPU_SINGLE_T4,1,1,140,1379025,1.379025,725.1500154094379
GPUCOND_036,7,FT_BALANCED_SINGLE_RESOURCE_REFERENCE,GROUP_A_DUPSAFE70,GPU_SINGLE_T4,1,1,141,1311600,1.3116,762.4275693809088
GPUCOND_036,7,FT_BALANCED_SINGLE_RESOURCE_REFERENCE,GROUP_A_DUPSAFE70,GPU_SINGLE_T4,1,1,142,1414658,1.414658,706.8846321867194
GPUCOND_036,7,FT_BALANCED_SINGLE_RESOURCE_REFERENCE,GROUP_A_DUPSAFE70,GPU_SINGLE_T4,1,1,143,1433556,1.433556,697.566052529514
GPUCOND_036,7,FT_BALANCED_SINGLE_RESOURCE_REFERENCE,GROUP_A_DUPSAFE70,GPU_SINGLE_T4,1,1,144,1249877,1.249877,800.0787277468103
GPUCOND_036,7,FT_BALANCED_SINGLE_RESOURCE_REFERENCE,GROUP_A_DUPSAFE70,GPU_SINGLE_T4,1,1,145,1222198,1.222198,818.198033379207
GPUCOND_036,7,FT_BALANCED_SINGLE_RESOURCE_REFERENCE,GROUP_A_DUPSAFE70,GPU_SINGLE_T4,1,1,146,1214802,1.214802,823.1794152462705
GPUCOND_036,7,FT_BALANCED_SINGLE_RESOURCE_REFERENCE,GROUP_A_DUPSAFE70,GPU_SINGLE_T4,1,1,147,1204848,1.204848,829.9802132717156
GPUCOND_036,7,FT_BALANCED_SINGLE_RESOURCE_REFERENCE,GROUP_A_DUPSAFE70,GPU_SINGLE_T4,1,1,148,1209714,1.209714,826.6416690225955
GPUCOND_036,7,FT_BALANCED_SINGLE_RESOURCE_REFERENCE,GROUP_A_DUPSAFE70,GPU_SINGLE_T4,1,1,149,1329243,1.329243,752.3078925373314
GPUCOND_036,7,FT_BALANCED_SINGLE_RESOURCE_REFERENCE,GROUP_A_DUPSAFE70,GPU_SINGLE_T4,1,1,150,1205450,1.20545,829.5657223443527
GPUCOND_036,7,FT_BALANCED_SINGLE_RESOURCE_REFERENCE,GROUP_A_DUPSAFE70,GPU_SINGLE_T4,1,1,151,1167332,1.167332,856.6543194224093
GPUCOND_036,7,FT_BALANCED_SINGLE_RESOURCE_REFERENCE,GROUP_A_DUPSAFE70,GPU_SINGLE_T4,1,1,152,1174977,1.174977,851.0804892351084
GPUCOND_036,7,FT_BALANCED_SINGLE_RESOURCE_REFERENCE,GROUP_A_DUPSAFE70,GPU_SINGLE_T4,1,1,153,1202006,1.202006,831.9426026159604
GPUCOND_036,7,FT_BALANCED_SINGLE_RESOURCE_REFERENCE,GROUP_A_DUPSAFE70,GPU_SINGLE_T4,1,1,154,1363374,1.363374,733.474453818248
GPUCOND_036,7,FT_BALANCED_SINGLE_RESOURCE_REFERENCE,GROUP_A_DUPSAFE70,GPU_SINGLE_T4,1,1,155,1464918,1.464918,682.632065412535
GPUCOND_036,7,FT_BALANCED_SINGLE_RESOURCE_REFERENCE,GROUP_A_DUPSAFE70,GPU_SINGLE_T4,1,1,156,1274809,1.274809,784.4312363656046
GPUCOND_036,7,FT_BALANCED_SINGLE_RESOURCE_REFERENCE,GROUP_A_DUPSAFE70,GPU_SINGLE_T4,1,1,157,1396408,1.396408,716.1230815062646
GPUCOND_036,7,FT_BALANCED_SINGLE_RESOURCE_REFERENCE,GROUP_A_DUPSAFE70,GPU_SINGLE_T4,1,1,158,1276822,1.276822,783.1945251569913
GPUCOND_036,7,FT_BALANCED_SINGLE_RESOURCE_REFERENCE,GROUP_A_DUPSAFE70,GPU_SINGLE_T4,1,1,159,1289373,1.289373,775.5707619129608
GPUCOND_036,7,FT_BALANCED_SINGLE_RESOURCE_REFERENCE,GROUP_A_DUPSAFE70,GPU_SINGLE_T4,1,1,160,1240521,1.240521,806.1129154605202
GPUCOND_036,7,FT_BALANCED_SINGLE_RESOURCE_REFERENCE,GROUP_A_DUPSAFE70,GPU_SINGLE_T4,1,1,161,1365057,1.365057,732.5701417596481
GPUCOND_036,7,FT_BALANCED_SINGLE_RESOURCE_REFERENCE,GROUP_A_DUPSAFE70,GPU_SINGLE_T4,1,1,162,1277809,1.277809,782.5895732460798
GPUCOND_036,7,FT_BALANCED_SINGLE_RESOURCE_REFERENCE,GROUP_A_DUPSAFE70,GPU_SINGLE_T4,1,1,163,1294137,1.294137,772.7157171149577
GPUCOND_036,7,FT_BALANCED_SINGLE_RESOURCE_REFERENCE,GROUP_A_DUPSAFE70,GPU_SINGLE_T4,1,1,164,1390624,1.390624,719.1016407023034
GPUCOND_036,7,FT_BALANCED_SINGLE_RESOURCE_REFERENCE,GROUP_A_DUPSAFE70,GPU_SINGLE_T4,1,1,165,1237103,1.237103,808.3401301265942
GPUCOND_036,7,FT_BALANCED_SINGLE_RESOURCE_REFERENCE,GROUP_A_DUPSAFE70,GPU_SINGLE_T4,1,1,166,1258471,1.258471,794.6150527107895
GPUCOND_036,7,FT_BALANCED_SINGLE_RESOURCE_REFERENCE,GROUP_A_DUPSAFE70,GPU_SINGLE_T4,1,1,167,1208065,1.208065,827.7700289305625
GPUCOND_036,7,FT_BALANCED_SINGLE_RESOURCE_REFERENCE,GROUP_A_DUPSAFE70,GPU_SINGLE_T4,1,1,168,1228000,1.228,814.3322475570033
GPUCOND_036,7,FT_BALANCED_SINGLE_RESOURCE_REFERENCE,GROUP_A_DUPSAFE70,GPU_SINGLE_T4,1,1,169,1200328,1.200328,833.105617797802
GPUCOND_036,7,FT_BALANCED_SINGLE_RESOURCE_REFERENCE,GROUP_A_DUPSAFE70,GPU_SINGLE_T4,1,1,170,1186733,1.186733,842.649526051774
GPUCOND_036,7,FT_BALANCED_SINGLE_RESOURCE_REFERENCE,GROUP_A_DUPSAFE70,GPU_SINGLE_T4,1,1,171,1238164,1.238164,807.6474521953473
GPUCOND_036,7,FT_BALANCED_SINGLE_RESOURCE_REFERENCE,GROUP_A_DUPSAFE70,GPU_SINGLE_T4,1,1,172,1273161,1.273161,785.4466167279708
GPUCOND_036,7,FT_BALANCED_SINGLE_RESOURCE_REFERENCE,GROUP_A_DUPSAFE70,GPU_SINGLE_T4,1,1,173,1241673,1.241673,805.365019614665
GPUCOND_036,7,FT_BALANCED_SINGLE_RESOURCE_REFERENCE,GROUP_A_DUPSAFE70,GPU_SINGLE_T4,1,1,174,1272283,1.272283,785.9886518958439
GPUCOND_036,7,FT_BALANCED_SINGLE_RESOURCE_REFERENCE,GROUP_A_DUPSAFE70,GPU_SINGLE_T4,1,1,175,1204882,1.204882,829.956792449385
GPUCOND_036,7,FT_BALANCED_SINGLE_RESOURCE_REFERENCE,GROUP_A_DUPSAFE70,GPU_SINGLE_T4,1,1,176,1199129,1.199129,833.9386337916939
GPUCOND_036,7,FT_BALANCED_SINGLE_RESOURCE_REFERENCE,GROUP_A_DUPSAFE70,GPU_SINGLE_T4,1,1,177,1183645,1.183645,844.8479062556763
GPUCOND_036,7,FT_BALANCED_SINGLE_RESOURCE_REFERENCE,GROUP_A_DUPSAFE70,GPU_SINGLE_T4,1,1,178,1110115,1.110115,900.8075739900821
GPUCOND_036,7,FT_BALANCED_SINGLE_RESOURCE_REFERENCE,GROUP_A_DUPSAFE70,GPU_SINGLE_T4,1,1,179,1163519,1.163519,859.4616847683621
GPUCOND_036,7,FT_BALANCED_SINGLE_RESOURCE_REFERENCE,GROUP_A_DUPSAFE70,GPU_SINGLE_T4,1,1,180,1560293,1.560293,640.905265869936
GPUCOND_036,7,FT_BALANCED_SINGLE_RESOURCE_REFERENCE,GROUP_A_DUPSAFE70,GPU_SINGLE_T4,1,1,181,1324621,1.324621,754.9329204353547
GPUCOND_036,7,FT_BALANCED_SINGLE_RESOURCE_REFERENCE,GROUP_A_DUPSAFE70,GPU_SINGLE_T4,1,1,182,1206702,1.206702,828.7050158199787
GPUCOND_036,7,FT_BALANCED_SINGLE_RESOURCE_REFERENCE,GROUP_A_DUPSAFE70,GPU_SINGLE_T4,1,1,183,1195913,1.195913,836.18122722974
GPUCOND_036,7,FT_BALANCED_SINGLE_RESOURCE_REFERENCE,GROUP_A_DUPSAFE70,GPU_SINGLE_T4,1,1,184,1237993,1.237993,807.7590099459367
GPUCOND_036,7,FT_BALANCED_SINGLE_RESOURCE_REFERENCE,GROUP_A_DUPSAFE70,GPU_SINGLE_T4,1,1,185,1171558,1.171558,853.5642281474754
GPUCOND_036,7,FT_BALANCED_SINGLE_RESOURCE_REFERENCE,GROUP_A_DUPSAFE70,GPU_SINGLE_T4,1,1,186,1263943,1.263943,791.1749184892041
GPUCOND_036,7,FT_BALANCED_SINGLE_RESOURCE_REFERENCE,GROUP_A_DUPSAFE70,GPU_SINGLE_T4,1,1,187,1135399,1.135399,880.7476490643377
GPUCOND_036,7,FT_BALANCED_SINGLE_RESOURCE_REFERENCE,GROUP_A_DUPSAFE70,GPU_SINGLE_T4,1,1,188,1215460,1.21546,822.7337798035312
GPUCOND_036,7,FT_BALANCED_SINGLE_RESOURCE_REFERENCE,GROUP_A_DUPSAFE70,GPU_SINGLE_T4,1,1,189,1155651,1.155651,865.313143847061
GPUCOND_036,7,FT_BALANCED_SINGLE_RESOURCE_REFERENCE,GROUP_A_DUPSAFE70,GPU_SINGLE_T4,1,1,190,1180791,1.180791,846.8899237883758
GPUCOND_036,7,FT_BALANCED_SINGLE_RESOURCE_REFERENCE,GROUP_A_DUPSAFE70,GPU_SINGLE_T4,1,1,191,1222289,1.222289,818.1371181447269
GPUCOND_036,7,FT_BALANCED_SINGLE_RESOURCE_REFERENCE,GROUP_A_DUPSAFE70,GPU_SINGLE_T4,1,1,192,1182198,1.182198,845.8819926949631
GPUCOND_036,7,FT_BALANCED_SINGLE_RESOURCE_REFERENCE,GROUP_A_DUPSAFE70,GPU_SINGLE_T4,1,1,193,1190708,1.190708,839.8364670431373
GPUCOND_036,7,FT_BALANCED_SINGLE_RESOURCE_REFERENCE,GROUP_A_DUPSAFE70,GPU_SINGLE_T4,1,1,194,1188808,1.188808,841.1787269264676
GPUCOND_036,7,FT_BALANCED_SINGLE_RESOURCE_REFERENCE,GROUP_A_DUPSAFE70,GPU_SINGLE_T4,1,1,195,1113715,1.113715,897.8957812366718
GPUCOND_036,7,FT_BALANCED_SINGLE_RESOURCE_REFERENCE,GROUP_A_DUPSAFE70,GPU_SINGLE_T4,1,1,196,1232499,1.232499,811.3596846731722
GPUCOND_036,7,FT_BALANCED_SINGLE_RESOURCE_REFERENCE,GROUP_A_DUPSAFE70,GPU_SINGLE_T4,1,1,197,1329241,1.329241,752.3090244733648
GPUCOND_036,7,FT_BALANCED_SINGLE_RESOURCE_REFERENCE,GROUP_A_DUPSAFE70,GPU_SINGLE_T4,1,1,198,1212244,1.212244,824.9164359650367
GPUCOND_036,7,FT_BALANCED_SINGLE_RESOURCE_REFERENCE,GROUP_A_DUPSAFE70,GPU_SINGLE_T4,1,1,199,1133437,1.133437,882.2722392157658
GPUCOND_036,7,FT_BALANCED_SINGLE_RESOURCE_REFERENCE,GROUP_A_DUPSAFE70,GPU_SINGLE_T4,1,1,200,1197982,1.197982,834.7370828610112
GPUCOND_016,8,FT_BALANCED_5_CHECKPOINT_SOFT_VOTING,GROUP_A_DUPSAFE70,GPU_SINGLE_T4,1,1,1,5455167,5.455167,183.31244488023924
GPUCOND_016,8,FT_BALANCED_5_CHECKPOINT_SOFT_VOTING,GROUP_A_DUPSAFE70,GPU_SINGLE_T4,1,1,2,5336443,5.336443,187.3907394869579
GPUCOND_016,8,FT_BALANCED_5_CHECKPOINT_SOFT_VOTING,GROUP_A_DUPSAFE70,GPU_SINGLE_T4,1,1,3,5207131,5.207131,192.04433305019597
GPUCOND_016,8,FT_BALANCED_5_CHECKPOINT_SOFT_VOTING,GROUP_A_DUPSAFE70,GPU_SINGLE_T4,1,1,4,5288206,5.288206,189.10004640515137
GPUCOND_016,8,FT_BALANCED_5_CHECKPOINT_SOFT_VOTING,GROUP_A_DUPSAFE70,GPU_SINGLE_T4,1,1,5,5201522,5.201522,192.2514217953899
GPUCOND_016,8,FT_BALANCED_5_CHECKPOINT_SOFT_VOTING,GROUP_A_DUPSAFE70,GPU_SINGLE_T4,1,1,6,5345213,5.345213,187.0832836783118
GPUCOND_016,8,FT_BALANCED_5_CHECKPOINT_SOFT_VOTING,GROUP_A_DUPSAFE70,GPU_SINGLE_T4,1,1,7,5245559,5.245559,190.63745160429994
GPUCOND_016,8,FT_BALANCED_5_CHECKPOINT_SOFT_VOTING,GROUP_A_DUPSAFE70,GPU_SINGLE_T4,1,1,8,5426036,5.426036,184.2966025289917
GPUCOND_016,8,FT_BALANCED_5_CHECKPOINT_SOFT_VOTING,GROUP_A_DUPSAFE70,GPU_SINGLE_T4,1,1,9,5942456,5.942456,168.28058970903612
GPUCOND_016,8,FT_BALANCED_5_CHECKPOINT_SOFT_VOTING,GROUP_A_DUPSAFE70,GPU_SINGLE_T4,1,1,10,5308874,5.308874,188.36386020839825
GPUCOND_016,8,FT_BALANCED_5_CHECKPOINT_SOFT_VOTING,GROUP_A_DUPSAFE70,GPU_SINGLE_T4,1,1,11,5305678,5.305678,188.47732561229685
GPUCOND_016,8,FT_BALANCED_5_CHECKPOINT_SOFT_VOTING,GROUP_A_DUPSAFE70,GPU_SINGLE_T4,1,1,12,5230616,5.230616,191.18207109831806
GPUCOND_016,8,FT_BALANCED_5_CHECKPOINT_SOFT_VOTING,GROUP_A_DUPSAFE70,GPU_SINGLE_T4,1,1,13,5409012,5.409012,184.87664660385298
GPUCOND_016,8,FT_BALANCED_5_CHECKPOINT_SOFT_VOTING,GROUP_A_DUPSAFE70,GPU_SINGLE_T4,1,1,14,5224085,5.224085,191.42108139511512
GPUCOND_016,8,FT_BALANCED_5_CHECKPOINT_SOFT_VOTING,GROUP_A_DUPSAFE70,GPU_SINGLE_T4,1,1,15,5193377,5.193377,192.5529380978889
GPUCOND_016,8,FT_BALANCED_5_CHECKPOINT_SOFT_VOTING,GROUP_A_DUPSAFE70,GPU_SINGLE_T4,1,1,16,5208308,5.208308,192.00093389254246
GPUCOND_016,8,FT_BALANCED_5_CHECKPOINT_SOFT_VOTING,GROUP_A_DUPSAFE70,GPU_SINGLE_T4,1,1,17,5343617,5.343617,187.1391606097518
GPUCOND_016,8,FT_BALANCED_5_CHECKPOINT_SOFT_VOTING,GROUP_A_DUPSAFE70,GPU_SINGLE_T4,1,1,18,5254609,5.254609,190.30911719597023
GPUCOND_016,8,FT_BALANCED_5_CHECKPOINT_SOFT_VOTING,GROUP_A_DUPSAFE70,GPU_SINGLE_T4,1,1,19,5199427,5.199427,192.3288854714183
GPUCOND_016,8,FT_BALANCED_5_CHECKPOINT_SOFT_VOTING,GROUP_A_DUPSAFE70,GPU_SINGLE_T4,1,1,20,5531406,5.531406,180.78586167784465
GPUCOND_016,8,FT_BALANCED_5_CHECKPOINT_SOFT_VOTING,GROUP_A_DUPSAFE70,GPU_SINGLE_T4,1,1,21,5411679,5.411679,184.78553513613798
GPUCOND_016,8,FT_BALANCED_5_CHECKPOINT_SOFT_VOTING,GROUP_A_DUPSAFE70,GPU_SINGLE_T4,1,1,22,5222467,5.222467,191.4803865682636
GPUCOND_016,8,FT_BALANCED_5_CHECKPOINT_SOFT_VOTING,GROUP_A_DUPSAFE70,GPU_SINGLE_T4,1,1,23,5366805,5.366805,186.33060079507268
GPUCOND_016,8,FT_BALANCED_5_CHECKPOINT_SOFT_VOTING,GROUP_A_DUPSAFE70,GPU_SINGLE_T4,1,1,24,5573676,5.573676,179.41480631454
GPUCOND_016,8,FT_BALANCED_5_CHECKPOINT_SOFT_VOTING,GROUP_A_DUPSAFE70,GPU_SINGLE_T4,1,1,25,5254296,5.254296,190.32045396757243
GPUCOND_016,8,FT_BALANCED_5_CHECKPOINT_SOFT_VOTING,GROUP_A_DUPSAFE70,GPU_SINGLE_T4,1,1,26,5181738,5.181738,192.98544233614282
GPUCOND_016,8,FT_BALANCED_5_CHECKPOINT_SOFT_VOTING,GROUP_A_DUPSAFE70,GPU_SINGLE_T4,1,1,27,5517472,5.517472,181.242424066674
GPUCOND_016,8,FT_BALANCED_5_CHECKPOINT_SOFT_VOTING,GROUP_A_DUPSAFE70,GPU_SINGLE_T4,1,1,28,5325239,5.325239,187.78499894558723
GPUCOND_016,8,FT_BALANCED_5_CHECKPOINT_SOFT_VOTING,GROUP_A_DUPSAFE70,GPU_SINGLE_T4,1,1,29,5299453,5.299453,188.698720415107
GPUCOND_016,8,FT_BALANCED_5_CHECKPOINT_SOFT_VOTING,GROUP_A_DUPSAFE70,GPU_SINGLE_T4,1,1,30,5318615,5.318615,188.01887333450532
GPUCOND_016,8,FT_BALANCED_5_CHECKPOINT_SOFT_VOTING,GROUP_A_DUPSAFE70,GPU_SINGLE_T4,1,1,31,5273980,5.27398,189.61012366372265
GPUCOND_016,8,FT_BALANCED_5_CHECKPOINT_SOFT_VOTING,GROUP_A_DUPSAFE70,GPU_SINGLE_T4,1,1,32,5294295,5.294295,188.88256132308456
GPUCOND_016,8,FT_BALANCED_5_CHECKPOINT_SOFT_VOTING,GROUP_A_DUPSAFE70,GPU_SINGLE_T4,1,1,33,5192004,5.192004,192.60385777822975
GPUCOND_016,8,FT_BALANCED_5_CHECKPOINT_SOFT_VOTING,GROUP_A_DUPSAFE70,GPU_SINGLE_T4,1,1,34,5328098,5.328098,187.6842355377097
GPUCOND_016,8,FT_BALANCED_5_CHECKPOINT_SOFT_VOTING,GROUP_A_DUPSAFE70,GPU_SINGLE_T4,1,1,35,5259940,5.25994,190.11623706734298
GPUCOND_016,8,FT_BALANCED_5_CHECKPOINT_SOFT_VOTING,GROUP_A_DUPSAFE70,GPU_SINGLE_T4,1,1,36,5319669,5.319669,187.98162066098473
GPUCOND_016,8,FT_BALANCED_5_CHECKPOINT_SOFT_VOTING,GROUP_A_DUPSAFE70,GPU_SINGLE_T4,1,1,37,5337236,5.337236,187.36289719997393
GPUCOND_016,8,FT_BALANCED_5_CHECKPOINT_SOFT_VOTING,GROUP_A_DUPSAFE70,GPU_SINGLE_T4,1,1,38,5227232,5.227232,191.30583834809704
GPUCOND_016,8,FT_BALANCED_5_CHECKPOINT_SOFT_VOTING,GROUP_A_DUPSAFE70,GPU_SINGLE_T4,1,1,39,5627923,5.627923,177.6854445236724
GPUCOND_016,8,FT_BALANCED_5_CHECKPOINT_SOFT_VOTING,GROUP_A_DUPSAFE70,GPU_SINGLE_T4,1,1,40,5307204,5.307204,188.423132029596
GPUCOND_016,8,FT_BALANCED_5_CHECKPOINT_SOFT_VOTING,GROUP_A_DUPSAFE70,GPU_SINGLE_T4,1,1,41,5283009,5.283009,189.28606784504817
GPUCOND_016,8,FT_BALANCED_5_CHECKPOINT_SOFT_VOTING,GROUP_A_DUPSAFE70,GPU_SINGLE_T4,1,1,42,5195089,5.195089,192.4894838182753
GPUCOND_016,8,FT_BALANCED_5_CHECKPOINT_SOFT_VOTING,GROUP_A_DUPSAFE70,GPU_SINGLE_T4,1,1,43,5288552,5.288552,189.08767466028507
GPUCOND_016,8,FT_BALANCED_5_CHECKPOINT_SOFT_VOTING,GROUP_A_DUPSAFE70,GPU_SINGLE_T4,1,1,44,5219704,5.219704,191.58174486522609
GPUCOND_016,8,FT_BALANCED_5_CHECKPOINT_SOFT_VOTING,GROUP_A_DUPSAFE70,GPU_SINGLE_T4,1,1,45,5285166,5.285166,189.20881576851133
GPUCOND_016,8,FT_BALANCED_5_CHECKPOINT_SOFT_VOTING,GROUP_A_DUPSAFE70,GPU_SINGLE_T4,1,1,46,5564969,5.564969,179.69552031646538
GPUCOND_016,8,FT_BALANCED_5_CHECKPOINT_SOFT_VOTING,GROUP_A_DUPSAFE70,GPU_SINGLE_T4,1,1,47,5350965,5.350965,186.88217919571517
GPUCOND_016,8,FT_BALANCED_5_CHECKPOINT_SOFT_VOTING,GROUP_A_DUPSAFE70,GPU_SINGLE_T4,1,1,48,5461546,5.461546,183.09833882201121
GPUCOND_016,8,FT_BALANCED_5_CHECKPOINT_SOFT_VOTING,GROUP_A_DUPSAFE70,GPU_SINGLE_T4,1,1,49,5343233,5.343233,187.1526096653468
GPUCOND_016,8,FT_BALANCED_5_CHECKPOINT_SOFT_VOTING,GROUP_A_DUPSAFE70,GPU_SINGLE_T4,1,1,50,5510960,5.51096,181.45658832580892
GPUCOND_016,8,FT_BALANCED_5_CHECKPOINT_SOFT_VOTING,GROUP_A_DUPSAFE70,GPU_SINGLE_T4,1,1,51,5321591,5.321591,187.9137273044847
GPUCOND_016,8,FT_BALANCED_5_CHECKPOINT_SOFT_VOTING,GROUP_A_DUPSAFE70,GPU_SINGLE_T4,1,1,52,5296194,5.296194,188.8148357103233
GPUCOND_016,8,FT_BALANCED_5_CHECKPOINT_SOFT_VOTING,GROUP_A_DUPSAFE70,GPU_SINGLE_T4,1,1,53,5306943,5.306943,188.43239884053776
GPUCOND_016,8,FT_BALANCED_5_CHECKPOINT_SOFT_VOTING,GROUP_A_DUPSAFE70,GPU_SINGLE_T4,1,1,54,5521975,5.521975,181.09462646969607
GPUCOND_016,8,FT_BALANCED_5_CHECKPOINT_SOFT_VOTING,GROUP_A_DUPSAFE70,GPU_SINGLE_T4,1,1,55,5223142,5.223142,191.455641068154
GPUCOND_016,8,FT_BALANCED_5_CHECKPOINT_SOFT_VOTING,GROUP_A_DUPSAFE70,GPU_SINGLE_T4,1,1,56,5213137,5.213137,191.82308080528097
GPUCOND_016,8,FT_BALANCED_5_CHECKPOINT_SOFT_VOTING,GROUP_A_DUPSAFE70,GPU_SINGLE_T4,1,1,57,5235383,5.235383,191.00799311148774
GPUCOND_016,8,FT_BALANCED_5_CHECKPOINT_SOFT_VOTING,GROUP_A_DUPSAFE70,GPU_SINGLE_T4,1,1,58,5342227,5.342227,187.18785255662104
GPUCOND_016,8,FT_BALANCED_5_CHECKPOINT_SOFT_VOTING,GROUP_A_DUPSAFE70,GPU_SINGLE_T4,1,1,59,5199285,5.199285,192.33413825170192
GPUCOND_016,8,FT_BALANCED_5_CHECKPOINT_SOFT_VOTING,GROUP_A_DUPSAFE70,GPU_SINGLE_T4,1,1,60,5422018,5.422018,184.43317598724312
GPUCOND_016,8,FT_BALANCED_5_CHECKPOINT_SOFT_VOTING,GROUP_A_DUPSAFE70,GPU_SINGLE_T4,1,1,61,5240671,5.240671,190.81526010695958
GPUCOND_016,8,FT_BALANCED_5_CHECKPOINT_SOFT_VOTING,GROUP_A_DUPSAFE70,GPU_SINGLE_T4,1,1,62,5312400,5.3124,188.23883743694
GPUCOND_016,8,FT_BALANCED_5_CHECKPOINT_SOFT_VOTING,GROUP_A_DUPSAFE70,GPU_SINGLE_T4,1,1,63,5462024,5.462024,183.08231527360553
GPUCOND_016,8,FT_BALANCED_5_CHECKPOINT_SOFT_VOTING,GROUP_A_DUPSAFE70,GPU_SINGLE_T4,1,1,64,5220988,5.220988,191.53462907786803
GPUCOND_016,8,FT_BALANCED_5_CHECKPOINT_SOFT_VOTING,GROUP_A_DUPSAFE70,GPU_SINGLE_T4,1,1,65,7154529,7.154529,139.77160481144182
GPUCOND_016,8,FT_BALANCED_5_CHECKPOINT_SOFT_VOTING,GROUP_A_DUPSAFE70,GPU_SINGLE_T4,1,1,66,5436490,5.43649,183.94221271445363
GPUCOND_016,8,FT_BALANCED_5_CHECKPOINT_SOFT_VOTING,GROUP_A_DUPSAFE70,GPU_SINGLE_T4,1,1,67,5265764,5.265764,189.90596616179533
GPUCOND_016,8,FT_BALANCED_5_CHECKPOINT_SOFT_VOTING,GROUP_A_DUPSAFE70,GPU_SINGLE_T4,1,1,68,5447505,5.447505,183.5702766679425
GPUCOND_016,8,FT_BALANCED_5_CHECKPOINT_SOFT_VOTING,GROUP_A_DUPSAFE70,GPU_SINGLE_T4,1,1,69,5585057,5.585057,179.04920218361244
GPUCOND_016,8,FT_BALANCED_5_CHECKPOINT_SOFT_VOTING,GROUP_A_DUPSAFE70,GPU_SINGLE_T4,1,1,70,5235721,5.235721,190.99566229751355
GPUCOND_016,8,FT_BALANCED_5_CHECKPOINT_SOFT_VOTING,GROUP_A_DUPSAFE70,GPU_SINGLE_T4,1,1,71,5186440,5.18644,192.81048272032453
GPUCOND_016,8,FT_BALANCED_5_CHECKPOINT_SOFT_VOTING,GROUP_A_DUPSAFE70,GPU_SINGLE_T4,1,1,72,5199483,5.199483,192.32681403131812
GPUCOND_016,8,FT_BALANCED_5_CHECKPOINT_SOFT_VOTING,GROUP_A_DUPSAFE70,GPU_SINGLE_T4,1,1,73,5384662,5.384662,185.71267797310213
GPUCOND_016,8,FT_BALANCED_5_CHECKPOINT_SOFT_VOTING,GROUP_A_DUPSAFE70,GPU_SINGLE_T4,1,1,74,5461316,5.461316,183.10604989713102
GPUCOND_016,8,FT_BALANCED_5_CHECKPOINT_SOFT_VOTING,GROUP_A_DUPSAFE70,GPU_SINGLE_T4,1,1,75,5430623,5.430623,184.14093557958267
GPUCOND_016,8,FT_BALANCED_5_CHECKPOINT_SOFT_VOTING,GROUP_A_DUPSAFE70,GPU_SINGLE_T4,1,1,76,5626929,5.626929,177.7168327519327
GPUCOND_016,8,FT_BALANCED_5_CHECKPOINT_SOFT_VOTING,GROUP_A_DUPSAFE70,GPU_SINGLE_T4,1,1,77,5221579,5.221579,191.512950392975
GPUCOND_016,8,FT_BALANCED_5_CHECKPOINT_SOFT_VOTING,GROUP_A_DUPSAFE70,GPU_SINGLE_T4,1,1,78,5481663,5.481663,182.4263914071332
GPUCOND_016,8,FT_BALANCED_5_CHECKPOINT_SOFT_VOTING,GROUP_A_DUPSAFE70,GPU_SINGLE_T4,1,1,79,5199417,5.199417,192.32925537613158
GPUCOND_016,8,FT_BALANCED_5_CHECKPOINT_SOFT_VOTING,GROUP_A_DUPSAFE70,GPU_SINGLE_T4,1,1,80,5431407,5.431407,184.11435563565757
GPUCOND_016,8,FT_BALANCED_5_CHECKPOINT_SOFT_VOTING,GROUP_A_DUPSAFE70,GPU_SINGLE_T4,1,1,81,5281577,5.281577,189.33738919265969
GPUCOND_016,8,FT_BALANCED_5_CHECKPOINT_SOFT_VOTING,GROUP_A_DUPSAFE70,GPU_SINGLE_T4,1,1,82,5354737,5.354737,186.75053508697067
GPUCOND_016,8,FT_BALANCED_5_CHECKPOINT_SOFT_VOTING,GROUP_A_DUPSAFE70,GPU_SINGLE_T4,1,1,83,5272760,5.27276,189.65399525106395
GPUCOND_016,8,FT_BALANCED_5_CHECKPOINT_SOFT_VOTING,GROUP_A_DUPSAFE70,GPU_SINGLE_T4,1,1,84,5757546,5.757546,173.68510820408557
GPUCOND_016,8,FT_BALANCED_5_CHECKPOINT_SOFT_VOTING,GROUP_A_DUPSAFE70,GPU_SINGLE_T4,1,1,85,5296936,5.296936,188.78838634259503
GPUCOND_016,8,FT_BALANCED_5_CHECKPOINT_SOFT_VOTING,GROUP_A_DUPSAFE70,GPU_SINGLE_T4,1,1,86,5529703,5.529703,180.84153886745815
GPUCOND_016,8,FT_BALANCED_5_CHECKPOINT_SOFT_VOTING,GROUP_A_DUPSAFE70,GPU_SINGLE_T4,1,1,87,5261700,5.2617,190.05264458254936
GPUCOND_016,8,FT_BALANCED_5_CHECKPOINT_SOFT_VOTING,GROUP_A_DUPSAFE70,GPU_SINGLE_T4,1,1,88,5509573,5.509573,181.502268869112
GPUCOND_016,8,FT_BALANCED_5_CHECKPOINT_SOFT_VOTING,GROUP_A_DUPSAFE70,GPU_SINGLE_T4,1,1,89,5313160,5.31316,188.21191155545853
GPUCOND_016,8,FT_BALANCED_5_CHECKPOINT_SOFT_VOTING,GROUP_A_DUPSAFE70,GPU_SINGLE_T4,1,1,90,5163708,5.163708,193.6592851493539
GPUCOND_016,8,FT_BALANCED_5_CHECKPOINT_SOFT_VOTING,GROUP_A_DUPSAFE70,GPU_SINGLE_T4,1,1,91,5391238,5.391238,185.48615364411663
GPUCOND_016,8,FT_BALANCED_5_CHECKPOINT_SOFT_VOTING,GROUP_A_DUPSAFE70,GPU_SINGLE_T4,1,1,92,5282526,5.282526,189.30337493842907
GPUCOND_016,8,FT_BALANCED_5_CHECKPOINT_SOFT_VOTING,GROUP_A_DUPSAFE70,GPU_SINGLE_T4,1,1,93,5335030,5.33503,187.44037053212446
GPUCOND_016,8,FT_BALANCED_5_CHECKPOINT_SOFT_VOTING,GROUP_A_DUPSAFE70,GPU_SINGLE_T4,1,1,94,5288532,5.288532,189.08838974596353
GPUCOND_016,8,FT_BALANCED_5_CHECKPOINT_SOFT_VOTING,GROUP_A_DUPSAFE70,GPU_SINGLE_T4,1,1,95,5388100,5.3881,185.59417976652253
GPUCOND_016,8,FT_BALANCED_5_CHECKPOINT_SOFT_VOTING,GROUP_A_DUPSAFE70,GPU_SINGLE_T4,1,1,96,5282607,5.282607,189.3004722857483
GPUCOND_016,8,FT_BALANCED_5_CHECKPOINT_SOFT_VOTING,GROUP_A_DUPSAFE70,GPU_SINGLE_T4,1,1,97,5460386,5.460386,183.1372360855075
GPUCOND_016,8,FT_BALANCED_5_CHECKPOINT_SOFT_VOTING,GROUP_A_DUPSAFE70,GPU_SINGLE_T4,1,1,98,5247433,5.247433,190.56936982330217
GPUCOND_016,8,FT_BALANCED_5_CHECKPOINT_SOFT_VOTING,GROUP_A_DUPSAFE70,GPU_SINGLE_T4,1,1,99,5305923,5.305923,188.4686227071143
GPUCOND_016,8,FT_BALANCED_5_CHECKPOINT_SOFT_VOTING,GROUP_A_DUPSAFE70,GPU_SINGLE_T4,1,1,100,5202038,5.202038,192.2323520128073
GPUCOND_016,8,FT_BALANCED_5_CHECKPOINT_SOFT_VOTING,GROUP_A_DUPSAFE70,GPU_SINGLE_T4,1,1,101,5235369,5.235369,191.00850388960166
GPUCOND_016,8,FT_BALANCED_5_CHECKPOINT_SOFT_VOTING,GROUP_A_DUPSAFE70,GPU_SINGLE_T4,1,1,102,5690827,5.690827,175.7213846071933
GPUCOND_016,8,FT_BALANCED_5_CHECKPOINT_SOFT_VOTING,GROUP_A_DUPSAFE70,GPU_SINGLE_T4,1,1,103,5740500,5.7405,174.20085358418257
GPUCOND_016,8,FT_BALANCED_5_CHECKPOINT_SOFT_VOTING,GROUP_A_DUPSAFE70,GPU_SINGLE_T4,1,1,104,5513634,5.513634,181.36858558257586
GPUCOND_016,8,FT_BALANCED_5_CHECKPOINT_SOFT_VOTING,GROUP_A_DUPSAFE70,GPU_SINGLE_T4,1,1,105,5220536,5.220536,191.5512123659333
GPUCOND_016,8,FT_BALANCED_5_CHECKPOINT_SOFT_VOTING,GROUP_A_DUPSAFE70,GPU_SINGLE_T4,1,1,106,5299185,5.299185,188.70826362921846
GPUCOND_016,8,FT_BALANCED_5_CHECKPOINT_SOFT_VOTING,GROUP_A_DUPSAFE70,GPU_SINGLE_T4,1,1,107,5349869,5.349869,186.9204647814741
GPUCOND_016,8,FT_BALANCED_5_CHECKPOINT_SOFT_VOTING,GROUP_A_DUPSAFE70,GPU_SINGLE_T4,1,1,108,5360719,5.360719,186.54214108219438
GPUCOND_016,8,FT_BALANCED_5_CHECKPOINT_SOFT_VOTING,GROUP_A_DUPSAFE70,GPU_SINGLE_T4,1,1,109,5156662,5.156662,193.92389883222907
GPUCOND_016,8,FT_BALANCED_5_CHECKPOINT_SOFT_VOTING,GROUP_A_DUPSAFE70,GPU_SINGLE_T4,1,1,110,5542696,5.542696,180.41761626472027
GPUCOND_016,8,FT_BALANCED_5_CHECKPOINT_SOFT_VOTING,GROUP_A_DUPSAFE70,GPU_SINGLE_T4,1,1,111,5382673,5.382673,185.78130233807627
GPUCOND_016,8,FT_BALANCED_5_CHECKPOINT_SOFT_VOTING,GROUP_A_DUPSAFE70,GPU_SINGLE_T4,1,1,112,5272901,5.272901,189.6489238087345
GPUCOND_016,8,FT_BALANCED_5_CHECKPOINT_SOFT_VOTING,GROUP_A_DUPSAFE70,GPU_SINGLE_T4,1,1,113,5424059,5.424059,184.36377627898221
GPUCOND_016,8,FT_BALANCED_5_CHECKPOINT_SOFT_VOTING,GROUP_A_DUPSAFE70,GPU_SINGLE_T4,1,1,114,5418082,5.418082,184.56715863658025
GPUCOND_016,8,FT_BALANCED_5_CHECKPOINT_SOFT_VOTING,GROUP_A_DUPSAFE70,GPU_SINGLE_T4,1,1,115,5414494,5.414494,184.6894649804765
GPUCOND_016,8,FT_BALANCED_5_CHECKPOINT_SOFT_VOTING,GROUP_A_DUPSAFE70,GPU_SINGLE_T4,1,1,116,5336282,5.336282,187.396393219099
GPUCOND_016,8,FT_BALANCED_5_CHECKPOINT_SOFT_VOTING,GROUP_A_DUPSAFE70,GPU_SINGLE_T4,1,1,117,5488930,5.48893,182.1848702752631
GPUCOND_016,8,FT_BALANCED_5_CHECKPOINT_SOFT_VOTING,GROUP_A_DUPSAFE70,GPU_SINGLE_T4,1,1,118,5365017,5.365017,186.39269922164272
GPUCOND_016,8,FT_BALANCED_5_CHECKPOINT_SOFT_VOTING,GROUP_A_DUPSAFE70,GPU_SINGLE_T4,1,1,119,5272811,5.272811,189.6521608682731
GPUCOND_016,8,FT_BALANCED_5_CHECKPOINT_SOFT_VOTING,GROUP_A_DUPSAFE70,GPU_SINGLE_T4,1,1,120,5529120,5.52912,180.86060711288596
GPUCOND_016,8,FT_BALANCED_5_CHECKPOINT_SOFT_VOTING,GROUP_A_DUPSAFE70,GPU_SINGLE_T4,1,1,121,5821323,5.821323,171.78225637024437
GPUCOND_016,8,FT_BALANCED_5_CHECKPOINT_SOFT_VOTING,GROUP_A_DUPSAFE70,GPU_SINGLE_T4,1,1,122,5457513,5.457513,183.2336450687337
GPUCOND_016,8,FT_BALANCED_5_CHECKPOINT_SOFT_VOTING,GROUP_A_DUPSAFE70,GPU_SINGLE_T4,1,1,123,5359742,5.359742,186.57614489652673
GPUCOND_016,8,FT_BALANCED_5_CHECKPOINT_SOFT_VOTING,GROUP_A_DUPSAFE70,GPU_SINGLE_T4,1,1,124,5251803,5.251803,190.4107979678598
GPUCOND_016,8,FT_BALANCED_5_CHECKPOINT_SOFT_VOTING,GROUP_A_DUPSAFE70,GPU_SINGLE_T4,1,1,125,5661674,5.661674,176.62620631283258
GPUCOND_016,8,FT_BALANCED_5_CHECKPOINT_SOFT_VOTING,GROUP_A_DUPSAFE70,GPU_SINGLE_T4,1,1,126,5253532,5.253532,190.34813150467153
GPUCOND_016,8,FT_BALANCED_5_CHECKPOINT_SOFT_VOTING,GROUP_A_DUPSAFE70,GPU_SINGLE_T4,1,1,127,5268193,5.268193,189.8184064251253
GPUCOND_016,8,FT_BALANCED_5_CHECKPOINT_SOFT_VOTING,GROUP_A_DUPSAFE70,GPU_SINGLE_T4,1,1,128,5731800,5.7318,174.4652639659444
GPUCOND_016,8,FT_BALANCED_5_CHECKPOINT_SOFT_VOTING,GROUP_A_DUPSAFE70,GPU_SINGLE_T4,1,1,129,5393026,5.393026,185.42465769681067
GPUCOND_016,8,FT_BALANCED_5_CHECKPOINT_SOFT_VOTING,GROUP_A_DUPSAFE70,GPU_SINGLE_T4,1,1,130,5881422,5.881422,170.02690845853266
GPUCOND_016,8,FT_BALANCED_5_CHECKPOINT_SOFT_VOTING,GROUP_A_DUPSAFE70,GPU_SINGLE_T4,1,1,131,5449789,5.449789,183.49334258629096
GPUCOND_016,8,FT_BALANCED_5_CHECKPOINT_SOFT_VOTING,GROUP_A_DUPSAFE70,GPU_SINGLE_T4,1,1,132,5488359,5.488359,182.2038244947169
GPUCOND_016,8,FT_BALANCED_5_CHECKPOINT_SOFT_VOTING,GROUP_A_DUPSAFE70,GPU_SINGLE_T4,1,1,133,5367598,5.367598,186.30307262205554
GPUCOND_016,8,FT_BALANCED_5_CHECKPOINT_SOFT_VOTING,GROUP_A_DUPSAFE70,GPU_SINGLE_T4,1,1,134,5455705,5.455705,183.29436800560148
GPUCOND_016,8,FT_BALANCED_5_CHECKPOINT_SOFT_VOTING,GROUP_A_DUPSAFE70,GPU_SINGLE_T4,1,1,135,5577272,5.577272,179.2991268849717
GPUCOND_016,8,FT_BALANCED_5_CHECKPOINT_SOFT_VOTING,GROUP_A_DUPSAFE70,GPU_SINGLE_T4,1,1,136,5512787,5.512787,181.3964515588939
GPUCOND_016,8,FT_BALANCED_5_CHECKPOINT_SOFT_VOTING,GROUP_A_DUPSAFE70,GPU_SINGLE_T4,1,1,137,5465145,5.465145,182.97776179771992
GPUCOND_016,8,FT_BALANCED_5_CHECKPOINT_SOFT_VOTING,GROUP_A_DUPSAFE70,GPU_SINGLE_T4,1,1,138,5430196,5.430196,184.15541538463805
GPUCOND_016,8,FT_BALANCED_5_CHECKPOINT_SOFT_VOTING,GROUP_A_DUPSAFE70,GPU_SINGLE_T4,1,1,139,5960189,5.960189,167.77991436177612
GPUCOND_016,8,FT_BALANCED_5_CHECKPOINT_SOFT_VOTING,GROUP_A_DUPSAFE70,GPU_SINGLE_T4,1,1,140,5495659,5.495659,181.96179930377775
GPUCOND_016,8,FT_BALANCED_5_CHECKPOINT_SOFT_VOTING,GROUP_A_DUPSAFE70,GPU_SINGLE_T4,1,1,141,5499264,5.499264,181.84251565300374
GPUCOND_016,8,FT_BALANCED_5_CHECKPOINT_SOFT_VOTING,GROUP_A_DUPSAFE70,GPU_SINGLE_T4,1,1,142,5374610,5.37461,186.06001179620475
GPUCOND_016,8,FT_BALANCED_5_CHECKPOINT_SOFT_VOTING,GROUP_A_DUPSAFE70,GPU_SINGLE_T4,1,1,143,5635948,5.635948,177.43243905018286
GPUCOND_016,8,FT_BALANCED_5_CHECKPOINT_SOFT_VOTING,GROUP_A_DUPSAFE70,GPU_SINGLE_T4,1,1,144,5569924,5.569924,179.53566332323385
GPUCOND_016,8,FT_BALANCED_5_CHECKPOINT_SOFT_VOTING,GROUP_A_DUPSAFE70,GPU_SINGLE_T4,1,1,145,5695572,5.695572,175.574990536508
GPUCOND_016,8,FT_BALANCED_5_CHECKPOINT_SOFT_VOTING,GROUP_A_DUPSAFE70,GPU_SINGLE_T4,1,1,146,5573653,5.573653,179.41554668006782
GPUCOND_016,8,FT_BALANCED_5_CHECKPOINT_SOFT_VOTING,GROUP_A_DUPSAFE70,GPU_SINGLE_T4,1,1,147,5478160,5.47816,182.5430436496926
GPUCOND_016,8,FT_BALANCED_5_CHECKPOINT_SOFT_VOTING,GROUP_A_DUPSAFE70,GPU_SINGLE_T4,1,1,148,5521790,5.52179,181.10069379675792
GPUCOND_016,8,FT_BALANCED_5_CHECKPOINT_SOFT_VOTING,GROUP_A_DUPSAFE70,GPU_SINGLE_T4,1,1,149,5687461,5.687461,175.82538148393456
GPUCOND_016,8,FT_BALANCED_5_CHECKPOINT_SOFT_VOTING,GROUP_A_DUPSAFE70,GPU_SINGLE_T4,1,1,150,5529078,5.529078,180.86198096680857
GPUCOND_016,8,FT_BALANCED_5_CHECKPOINT_SOFT_VOTING,GROUP_A_DUPSAFE70,GPU_SINGLE_T4,1,1,151,5602364,5.602364,178.496077727188
GPUCOND_016,8,FT_BALANCED_5_CHECKPOINT_SOFT_VOTING,GROUP_A_DUPSAFE70,GPU_SINGLE_T4,1,1,152,5672685,5.672685,176.2833649321265
GPUCOND_016,8,FT_BALANCED_5_CHECKPOINT_SOFT_VOTING,GROUP_A_DUPSAFE70,GPU_SINGLE_T4,1,1,153,5635373,5.635373,177.45054320273033
GPUCOND_016,8,FT_BALANCED_5_CHECKPOINT_SOFT_VOTING,GROUP_A_DUPSAFE70,GPU_SINGLE_T4,1,1,154,5627538,5.627538,177.69760062037787
GPUCOND_016,8,FT_BALANCED_5_CHECKPOINT_SOFT_VOTING,GROUP_A_DUPSAFE70,GPU_SINGLE_T4,1,1,155,5841285,5.841285,171.19520790374037
GPUCOND_016,8,FT_BALANCED_5_CHECKPOINT_SOFT_VOTING,GROUP_A_DUPSAFE70,GPU_SINGLE_T4,1,1,156,5479780,5.47978,182.48907802867998
GPUCOND_016,8,FT_BALANCED_5_CHECKPOINT_SOFT_VOTING,GROUP_A_DUPSAFE70,GPU_SINGLE_T4,1,1,157,5847093,5.847093,171.02515728756154
GPUCOND_016,8,FT_BALANCED_5_CHECKPOINT_SOFT_VOTING,GROUP_A_DUPSAFE70,GPU_SINGLE_T4,1,1,158,5789131,5.789131,172.73749721676708
GPUCOND_016,8,FT_BALANCED_5_CHECKPOINT_SOFT_VOTING,GROUP_A_DUPSAFE70,GPU_SINGLE_T4,1,1,159,5847353,5.847353,171.0175527285594
GPUCOND_016,8,FT_BALANCED_5_CHECKPOINT_SOFT_VOTING,GROUP_A_DUPSAFE70,GPU_SINGLE_T4,1,1,160,5701336,5.701336,175.3974857822798
GPUCOND_016,8,FT_BALANCED_5_CHECKPOINT_SOFT_VOTING,GROUP_A_DUPSAFE70,GPU_SINGLE_T4,1,1,161,5633450,5.63345,177.5111166336792
GPUCOND_016,8,FT_BALANCED_5_CHECKPOINT_SOFT_VOTING,GROUP_A_DUPSAFE70,GPU_SINGLE_T4,1,1,162,5547978,5.547978,180.24584812701133
GPUCOND_016,8,FT_BALANCED_5_CHECKPOINT_SOFT_VOTING,GROUP_A_DUPSAFE70,GPU_SINGLE_T4,1,1,163,5416310,5.41631,184.62754162889496
GPUCOND_016,8,FT_BALANCED_5_CHECKPOINT_SOFT_VOTING,GROUP_A_DUPSAFE70,GPU_SINGLE_T4,1,1,164,5506459,5.506459,181.60491161379755
GPUCOND_016,8,FT_BALANCED_5_CHECKPOINT_SOFT_VOTING,GROUP_A_DUPSAFE70,GPU_SINGLE_T4,1,1,165,5552501,5.552501,180.0990220443004
GPUCOND_016,8,FT_BALANCED_5_CHECKPOINT_SOFT_VOTING,GROUP_A_DUPSAFE70,GPU_SINGLE_T4,1,1,166,5720755,5.720755,174.8021021700807
GPUCOND_016,8,FT_BALANCED_5_CHECKPOINT_SOFT_VOTING,GROUP_A_DUPSAFE70,GPU_SINGLE_T4,1,1,167,5531433,5.531433,180.78497922690195
GPUCOND_016,8,FT_BALANCED_5_CHECKPOINT_SOFT_VOTING,GROUP_A_DUPSAFE70,GPU_SINGLE_T4,1,1,168,5556956,5.556956,179.9546370350962
GPUCOND_016,8,FT_BALANCED_5_CHECKPOINT_SOFT_VOTING,GROUP_A_DUPSAFE70,GPU_SINGLE_T4,1,1,169,5659243,5.659243,176.70207835217536
GPUCOND_016,8,FT_BALANCED_5_CHECKPOINT_SOFT_VOTING,GROUP_A_DUPSAFE70,GPU_SINGLE_T4,1,1,170,5583471,5.583471,179.1000615925112
GPUCOND_016,8,FT_BALANCED_5_CHECKPOINT_SOFT_VOTING,GROUP_A_DUPSAFE70,GPU_SINGLE_T4,1,1,171,5689747,5.689747,175.75473918260337
GPUCOND_016,8,FT_BALANCED_5_CHECKPOINT_SOFT_VOTING,GROUP_A_DUPSAFE70,GPU_SINGLE_T4,1,1,172,5806956,5.806956,172.20726315129647
GPUCOND_016,8,FT_BALANCED_5_CHECKPOINT_SOFT_VOTING,GROUP_A_DUPSAFE70,GPU_SINGLE_T4,1,1,173,5651383,5.651383,176.94783737007384
GPUCOND_016,8,FT_BALANCED_5_CHECKPOINT_SOFT_VOTING,GROUP_A_DUPSAFE70,GPU_SINGLE_T4,1,1,174,5421413,5.421413,184.45375771962034
GPUCOND_016,8,FT_BALANCED_5_CHECKPOINT_SOFT_VOTING,GROUP_A_DUPSAFE70,GPU_SINGLE_T4,1,1,175,5803860,5.80386,172.29912506504292
GPUCOND_016,8,FT_BALANCED_5_CHECKPOINT_SOFT_VOTING,GROUP_A_DUPSAFE70,GPU_SINGLE_T4,1,1,176,5784827,5.784827,172.86601656367597
GPUCOND_016,8,FT_BALANCED_5_CHECKPOINT_SOFT_VOTING,GROUP_A_DUPSAFE70,GPU_SINGLE_T4,1,1,177,5387453,5.387453,185.61646848705686
GPUCOND_016,8,FT_BALANCED_5_CHECKPOINT_SOFT_VOTING,GROUP_A_DUPSAFE70,GPU_SINGLE_T4,1,1,178,5659794,5.659794,176.68487580996765
GPUCOND_016,8,FT_BALANCED_5_CHECKPOINT_SOFT_VOTING,GROUP_A_DUPSAFE70,GPU_SINGLE_T4,1,1,179,5374723,5.374723,186.05610000738642
GPUCOND_016,8,FT_BALANCED_5_CHECKPOINT_SOFT_VOTING,GROUP_A_DUPSAFE70,GPU_SINGLE_T4,1,1,180,5501140,5.50114,181.7805036774196
GPUCOND_016,8,FT_BALANCED_5_CHECKPOINT_SOFT_VOTING,GROUP_A_DUPSAFE70,GPU_SINGLE_T4,1,1,181,5382882,5.382882,185.77408904746565
GPUCOND_016,8,FT_BALANCED_5_CHECKPOINT_SOFT_VOTING,GROUP_A_DUPSAFE70,GPU_SINGLE_T4,1,1,182,5914509,5.914509,169.07574238199655
GPUCOND_016,8,FT_BALANCED_5_CHECKPOINT_SOFT_VOTING,GROUP_A_DUPSAFE70,GPU_SINGLE_T4,1,1,183,5438147,5.438147,183.88616563693478
GPUCOND_016,8,FT_BALANCED_5_CHECKPOINT_SOFT_VOTING,GROUP_A_DUPSAFE70,GPU_SINGLE_T4,1,1,184,5411063,5.411063,184.80657127813888
GPUCOND_016,8,FT_BALANCED_5_CHECKPOINT_SOFT_VOTING,GROUP_A_DUPSAFE70,GPU_SINGLE_T4,1,1,185,6010615,6.010615,166.37232629273376
GPUCOND_016,8,FT_BALANCED_5_CHECKPOINT_SOFT_VOTING,GROUP_A_DUPSAFE70,GPU_SINGLE_T4,1,1,186,5530075,5.530075,180.82937392350013
GPUCOND_016,8,FT_BALANCED_5_CHECKPOINT_SOFT_VOTING,GROUP_A_DUPSAFE70,GPU_SINGLE_T4,1,1,187,5493987,5.493987,182.0171762328524
GPUCOND_016,8,FT_BALANCED_5_CHECKPOINT_SOFT_VOTING,GROUP_A_DUPSAFE70,GPU_SINGLE_T4,1,1,188,5406161,5.406161,184.9741433893663
GPUCOND_016,8,FT_BALANCED_5_CHECKPOINT_SOFT_VOTING,GROUP_A_DUPSAFE70,GPU_SINGLE_T4,1,1,189,5502963,5.502963,181.7202841451051
GPUCOND_016,8,FT_BALANCED_5_CHECKPOINT_SOFT_VOTING,GROUP_A_DUPSAFE70,GPU_SINGLE_T4,1,1,190,5249801,5.249801,190.48341070452003
GPUCOND_016,8,FT_BALANCED_5_CHECKPOINT_SOFT_VOTING,GROUP_A_DUPSAFE70,GPU_SINGLE_T4,1,1,191,5475355,5.475355,182.63655963859878
GPUCOND_016,8,FT_BALANCED_5_CHECKPOINT_SOFT_VOTING,GROUP_A_DUPSAFE70,GPU_SINGLE_T4,1,1,192,5548958,5.548958,180.21401495560067
GPUCOND_016,8,FT_BALANCED_5_CHECKPOINT_SOFT_VOTING,GROUP_A_DUPSAFE70,GPU_SINGLE_T4,1,1,193,5826386,5.826386,171.63298140562605
GPUCOND_016,8,FT_BALANCED_5_CHECKPOINT_SOFT_VOTING,GROUP_A_DUPSAFE70,GPU_SINGLE_T4,1,1,194,5568292,5.568292,179.588283085729
GPUCOND_016,8,FT_BALANCED_5_CHECKPOINT_SOFT_VOTING,GROUP_A_DUPSAFE70,GPU_SINGLE_T4,1,1,195,5344996,5.344996,187.09087902030237
GPUCOND_016,8,FT_BALANCED_5_CHECKPOINT_SOFT_VOTING,GROUP_A_DUPSAFE70,GPU_SINGLE_T4,1,1,196,5362891,5.362891,186.46659050128
GPUCOND_016,8,FT_BALANCED_5_CHECKPOINT_SOFT_VOTING,GROUP_A_DUPSAFE70,GPU_SINGLE_T4,1,1,197,5422729,5.422729,184.40899406922233
GPUCOND_016,8,FT_BALANCED_5_CHECKPOINT_SOFT_VOTING,GROUP_A_DUPSAFE70,GPU_SINGLE_T4,1,1,198,5271325,5.271325,189.70562429749637
GPUCOND_016,8,FT_BALANCED_5_CHECKPOINT_SOFT_VOTING,GROUP_A_DUPSAFE70,GPU_SINGLE_T4,1,1,199,5252405,5.252405,190.38897419372648
GPUCOND_016,8,FT_BALANCED_5_CHECKPOINT_SOFT_VOTING,GROUP_A_DUPSAFE70,GPU_SINGLE_T4,1,1,200,5374375,5.374375,186.06814745900687
GPUCOND_023,9,STAGE20_MASKED_CNN_V1,GROUP_B_PACKET_IMAGE,GPU_SINGLE_T4,1,256,1,49604304,49.604304,5160.842494635143
GPUCOND_023,9,STAGE20_MASKED_CNN_V1,GROUP_B_PACKET_IMAGE,GPU_SINGLE_T4,1,256,2,49573106,49.573106,5164.090384007813
GPUCOND_023,9,STAGE20_MASKED_CNN_V1,GROUP_B_PACKET_IMAGE,GPU_SINGLE_T4,1,256,3,49566623,49.566623,5164.765814285956
GPUCOND_023,9,STAGE20_MASKED_CNN_V1,GROUP_B_PACKET_IMAGE,GPU_SINGLE_T4,1,256,4,49551556,49.551556,5166.336249864687
GPUCOND_023,9,STAGE20_MASKED_CNN_V1,GROUP_B_PACKET_IMAGE,GPU_SINGLE_T4,1,256,5,49590858,49.590858,5162.24179867991
GPUCOND_023,9,STAGE20_MASKED_CNN_V1,GROUP_B_PACKET_IMAGE,GPU_SINGLE_T4,1,256,6,49518575,49.518575,5169.777199767966
GPUCOND_023,9,STAGE20_MASKED_CNN_V1,GROUP_B_PACKET_IMAGE,GPU_SINGLE_T4,1,256,7,49527134,49.527134,5168.883788026175
GPUCOND_023,9,STAGE20_MASKED_CNN_V1,GROUP_B_PACKET_IMAGE,GPU_SINGLE_T4,1,256,8,49536179,49.536179,5167.939981806025
GPUCOND_023,9,STAGE20_MASKED_CNN_V1,GROUP_B_PACKET_IMAGE,GPU_SINGLE_T4,1,256,9,49604554,49.604554,5160.816484712271
GPUCOND_023,9,STAGE20_MASKED_CNN_V1,GROUP_B_PACKET_IMAGE,GPU_SINGLE_T4,1,256,10,49616536,49.616536,5159.5701884549135
GPUCOND_023,9,STAGE20_MASKED_CNN_V1,GROUP_B_PACKET_IMAGE,GPU_SINGLE_T4,1,256,11,49592774,49.592774,5162.042357219219
GPUCOND_023,9,STAGE20_MASKED_CNN_V1,GROUP_B_PACKET_IMAGE,GPU_SINGLE_T4,1,256,12,49567947,49.567947,5164.627859209098
GPUCOND_023,9,STAGE20_MASKED_CNN_V1,GROUP_B_PACKET_IMAGE,GPU_SINGLE_T4,1,256,13,49535354,49.535354,5168.026052665335
GPUCOND_023,9,STAGE20_MASKED_CNN_V1,GROUP_B_PACKET_IMAGE,GPU_SINGLE_T4,1,256,14,49574191,49.574191,5163.977360719815
GPUCOND_023,9,STAGE20_MASKED_CNN_V1,GROUP_B_PACKET_IMAGE,GPU_SINGLE_T4,1,256,15,49538967,49.538967,5167.649135679393
GPUCOND_023,9,STAGE20_MASKED_CNN_V1,GROUP_B_PACKET_IMAGE,GPU_SINGLE_T4,1,256,16,49553282,49.553282,5166.156300202275
GPUCOND_023,9,STAGE20_MASKED_CNN_V1,GROUP_B_PACKET_IMAGE,GPU_SINGLE_T4,1,256,17,49536349,49.536349,5167.922246348838
GPUCOND_023,9,STAGE20_MASKED_CNN_V1,GROUP_B_PACKET_IMAGE,GPU_SINGLE_T4,1,256,18,49573787,49.573787,5164.019444389028
GPUCOND_023,9,STAGE20_MASKED_CNN_V1,GROUP_B_PACKET_IMAGE,GPU_SINGLE_T4,1,256,19,49530948,49.530948,5168.485771764353
GPUCOND_023,9,STAGE20_MASKED_CNN_V1,GROUP_B_PACKET_IMAGE,GPU_SINGLE_T4,1,256,20,49583179,49.583179,5163.041280592356
GPUCOND_023,9,STAGE20_MASKED_CNN_V1,GROUP_B_PACKET_IMAGE,GPU_SINGLE_T4,1,256,21,49594193,49.594193,5161.894659723569
GPUCOND_023,9,STAGE20_MASKED_CNN_V1,GROUP_B_PACKET_IMAGE,GPU_SINGLE_T4,1,256,22,49566341,49.566341,5164.795198419024
GPUCOND_023,9,STAGE20_MASKED_CNN_V1,GROUP_B_PACKET_IMAGE,GPU_SINGLE_T4,1,256,23,49551976,49.551976,5166.29246026435
GPUCOND_023,9,STAGE20_MASKED_CNN_V1,GROUP_B_PACKET_IMAGE,GPU_SINGLE_T4,1,256,24,49558288,49.558288,5165.63445452353
GPUCOND_023,9,STAGE20_MASKED_CNN_V1,GROUP_B_PACKET_IMAGE,GPU_SINGLE_T4,1,256,25,49552339,49.552339,5166.254614136378
GPUCOND_023,9,STAGE20_MASKED_CNN_V1,GROUP_B_PACKET_IMAGE,GPU_SINGLE_T4,1,256,26,49515213,49.515213,5170.128218977872
GPUCOND_023,9,STAGE20_MASKED_CNN_V1,GROUP_B_PACKET_IMAGE,GPU_SINGLE_T4,1,256,27,49565592,49.565592,5164.873245133438
GPUCOND_023,9,STAGE20_MASKED_CNN_V1,GROUP_B_PACKET_IMAGE,GPU_SINGLE_T4,1,256,28,49548281,49.548281,5166.6777299499045
GPUCOND_023,9,STAGE20_MASKED_CNN_V1,GROUP_B_PACKET_IMAGE,GPU_SINGLE_T4,1,256,29,49595869,49.595869,5161.720223109711
GPUCOND_023,9,STAGE20_MASKED_CNN_V1,GROUP_B_PACKET_IMAGE,GPU_SINGLE_T4,1,256,30,49605094,49.605094,5160.760304173599
GPUCOND_023,9,STAGE20_MASKED_CNN_V1,GROUP_B_PACKET_IMAGE,GPU_SINGLE_T4,1,256,31,49598586,49.598586,5161.437465172899
GPUCOND_023,9,STAGE20_MASKED_CNN_V1,GROUP_B_PACKET_IMAGE,GPU_SINGLE_T4,1,256,32,49640280,49.64028,5157.102256473976
GPUCOND_023,9,STAGE20_MASKED_CNN_V1,GROUP_B_PACKET_IMAGE,GPU_SINGLE_T4,1,256,33,49592289,49.592289,5162.092840683357
GPUCOND_023,9,STAGE20_MASKED_CNN_V1,GROUP_B_PACKET_IMAGE,GPU_SINGLE_T4,1,256,34,49582337,49.582337,5163.128958604755
GPUCOND_023,9,STAGE20_MASKED_CNN_V1,GROUP_B_PACKET_IMAGE,GPU_SINGLE_T4,1,256,35,49541241,49.541241,5167.411934634419
GPUCOND_023,9,STAGE20_MASKED_CNN_V1,GROUP_B_PACKET_IMAGE,GPU_SINGLE_T4,1,256,36,49558891,49.558891,5165.571602479967
GPUCOND_023,9,STAGE20_MASKED_CNN_V1,GROUP_B_PACKET_IMAGE,GPU_SINGLE_T4,1,256,37,49510188,49.510188,5170.652957326682
GPUCOND_023,9,STAGE20_MASKED_CNN_V1,GROUP_B_PACKET_IMAGE,GPU_SINGLE_T4,1,256,38,49578853,49.578853,5163.491781465779
GPUCOND_023,9,STAGE20_MASKED_CNN_V1,GROUP_B_PACKET_IMAGE,GPU_SINGLE_T4,1,256,39,49574443,49.574443,5163.951110857665
GPUCOND_023,9,STAGE20_MASKED_CNN_V1,GROUP_B_PACKET_IMAGE,GPU_SINGLE_T4,1,256,40,49561023,49.561023,5165.349391597506
GPUCOND_023,9,STAGE20_MASKED_CNN_V1,GROUP_B_PACKET_IMAGE,GPU_SINGLE_T4,1,256,41,49571291,49.571291,5164.279461674702
GPUCOND_023,9,STAGE20_MASKED_CNN_V1,GROUP_B_PACKET_IMAGE,GPU_SINGLE_T4,1,256,42,49566530,49.56653,5164.775504760974
GPUCOND_023,9,STAGE20_MASKED_CNN_V1,GROUP_B_PACKET_IMAGE,GPU_SINGLE_T4,1,256,43,49552442,49.552442,5166.2438755288795
GPUCOND_023,9,STAGE20_MASKED_CNN_V1,GROUP_B_PACKET_IMAGE,GPU_SINGLE_T4,1,256,44,49574325,49.574325,5163.963402426559
GPUCOND_023,9,STAGE20_MASKED_CNN_V1,GROUP_B_PACKET_IMAGE,GPU_SINGLE_T4,1,256,45,49538093,49.538093,5167.740308453133
GPUCOND_023,9,STAGE20_MASKED_CNN_V1,GROUP_B_PACKET_IMAGE,GPU_SINGLE_T4,1,256,46,49537501,49.537501,5167.8020657521665
GPUCOND_023,9,STAGE20_MASKED_CNN_V1,GROUP_B_PACKET_IMAGE,GPU_SINGLE_T4,1,256,47,49553958,49.553958,5166.085825071733
GPUCOND_023,9,STAGE20_MASKED_CNN_V1,GROUP_B_PACKET_IMAGE,GPU_SINGLE_T4,1,256,48,49573988,49.573988,5163.998506636181
GPUCOND_023,9,STAGE20_MASKED_CNN_V1,GROUP_B_PACKET_IMAGE,GPU_SINGLE_T4,1,256,49,49602592,49.602592,5161.02061763224
GPUCOND_023,9,STAGE20_MASKED_CNN_V1,GROUP_B_PACKET_IMAGE,GPU_SINGLE_T4,1,256,50,49599570,49.59957,5161.335068025792
GPUCOND_023,9,STAGE20_MASKED_CNN_V1,GROUP_B_PACKET_IMAGE,GPU_SINGLE_T4,1,256,51,49549575,49.549575,5166.5428008211975
GPUCOND_023,9,STAGE20_MASKED_CNN_V1,GROUP_B_PACKET_IMAGE,GPU_SINGLE_T4,1,256,52,49593552,49.593552,5161.961377559728
GPUCOND_023,9,STAGE20_MASKED_CNN_V1,GROUP_B_PACKET_IMAGE,GPU_SINGLE_T4,1,256,53,49589023,49.589023,5162.432823086674
GPUCOND_023,9,STAGE20_MASKED_CNN_V1,GROUP_B_PACKET_IMAGE,GPU_SINGLE_T4,1,256,54,49593845,49.593845,5161.930880737317
GPUCOND_023,9,STAGE20_MASKED_CNN_V1,GROUP_B_PACKET_IMAGE,GPU_SINGLE_T4,1,256,55,49569063,49.569063,5164.511582557047
GPUCOND_023,9,STAGE20_MASKED_CNN_V1,GROUP_B_PACKET_IMAGE,GPU_SINGLE_T4,1,256,56,49570098,49.570098,5164.4037500188115
GPUCOND_023,9,STAGE20_MASKED_CNN_V1,GROUP_B_PACKET_IMAGE,GPU_SINGLE_T4,1,256,57,49561740,49.56174,5165.274665498023
GPUCOND_023,9,STAGE20_MASKED_CNN_V1,GROUP_B_PACKET_IMAGE,GPU_SINGLE_T4,1,256,58,49566278,49.566278,5164.801763005082
GPUCOND_023,9,STAGE20_MASKED_CNN_V1,GROUP_B_PACKET_IMAGE,GPU_SINGLE_T4,1,256,59,49567504,49.567504,5164.674017073767
GPUCOND_023,9,STAGE20_MASKED_CNN_V1,GROUP_B_PACKET_IMAGE,GPU_SINGLE_T4,1,256,60,49591166,49.591166,5162.2097371132595
GPUCOND_023,9,STAGE20_MASKED_CNN_V1,GROUP_B_PACKET_IMAGE,GPU_SINGLE_T4,1,256,61,49549448,49.549448,5166.556043167222
GPUCOND_023,9,STAGE20_MASKED_CNN_V1,GROUP_B_PACKET_IMAGE,GPU_SINGLE_T4,1,256,62,49545428,49.545428,5166.975245425269
GPUCOND_023,9,STAGE20_MASKED_CNN_V1,GROUP_B_PACKET_IMAGE,GPU_SINGLE_T4,1,256,63,49557919,49.557919,5165.672916976195
GPUCOND_023,9,STAGE20_MASKED_CNN_V1,GROUP_B_PACKET_IMAGE,GPU_SINGLE_T4,1,256,64,49557026,49.557026,5165.7660005667
GPUCOND_023,9,STAGE20_MASKED_CNN_V1,GROUP_B_PACKET_IMAGE,GPU_SINGLE_T4,1,256,65,49644458,49.644458,5156.6682428076865
GPUCOND_023,9,STAGE20_MASKED_CNN_V1,GROUP_B_PACKET_IMAGE,GPU_SINGLE_T4,1,256,66,49578081,49.578081,5163.572184248115
GPUCOND_023,9,STAGE20_MASKED_CNN_V1,GROUP_B_PACKET_IMAGE,GPU_SINGLE_T4,1,256,67,49614768,49.614768,5159.754047423944
GPUCOND_023,9,STAGE20_MASKED_CNN_V1,GROUP_B_PACKET_IMAGE,GPU_SINGLE_T4,1,256,68,49574781,49.574781,5163.915903128246
GPUCOND_023,9,STAGE20_MASKED_CNN_V1,GROUP_B_PACKET_IMAGE,GPU_SINGLE_T4,1,256,69,49579746,49.579746,5163.398779816258
GPUCOND_023,9,STAGE20_MASKED_CNN_V1,GROUP_B_PACKET_IMAGE,GPU_SINGLE_T4,1,256,70,49621310,49.62131,5159.073793094137
GPUCOND_023,9,STAGE20_MASKED_CNN_V1,GROUP_B_PACKET_IMAGE,GPU_SINGLE_T4,1,256,71,49610957,49.610957,5160.150407902835
GPUCOND_023,9,STAGE20_MASKED_CNN_V1,GROUP_B_PACKET_IMAGE,GPU_SINGLE_T4,1,256,72,49603779,49.603779,5160.8971163265605
GPUCOND_023,9,STAGE20_MASKED_CNN_V1,GROUP_B_PACKET_IMAGE,GPU_SINGLE_T4,1,256,73,49581403,49.581403,5163.2262201212825
GPUCOND_023,9,STAGE20_MASKED_CNN_V1,GROUP_B_PACKET_IMAGE,GPU_SINGLE_T4,1,256,74,49564956,49.564956,5164.9395189617435
GPUCOND_023,9,STAGE20_MASKED_CNN_V1,GROUP_B_PACKET_IMAGE,GPU_SINGLE_T4,1,256,75,49563045,49.563045,5165.138663292379
GPUCOND_023,9,STAGE20_MASKED_CNN_V1,GROUP_B_PACKET_IMAGE,GPU_SINGLE_T4,1,256,76,49575288,49.575288,5163.863092434279
GPUCOND_023,9,STAGE20_MASKED_CNN_V1,GROUP_B_PACKET_IMAGE,GPU_SINGLE_T4,1,256,77,49532901,49.532901,5168.281986956508
GPUCOND_023,9,STAGE20_MASKED_CNN_V1,GROUP_B_PACKET_IMAGE,GPU_SINGLE_T4,1,256,78,49564654,49.564654,5164.9709892053315
GPUCOND_023,9,STAGE20_MASKED_CNN_V1,GROUP_B_PACKET_IMAGE,GPU_SINGLE_T4,1,256,79,49582887,49.582887,5163.071686406643
GPUCOND_023,9,STAGE20_MASKED_CNN_V1,GROUP_B_PACKET_IMAGE,GPU_SINGLE_T4,1,256,80,49584437,49.584437,5162.910289774995
GPUCOND_023,9,STAGE20_MASKED_CNN_V1,GROUP_B_PACKET_IMAGE,GPU_SINGLE_T4,1,256,81,49623117,49.623117,5158.885928104839
GPUCOND_023,9,STAGE20_MASKED_CNN_V1,GROUP_B_PACKET_IMAGE,GPU_SINGLE_T4,1,256,82,49588275,49.588275,5162.510694312315
GPUCOND_023,9,STAGE20_MASKED_CNN_V1,GROUP_B_PACKET_IMAGE,GPU_SINGLE_T4,1,256,83,49605419,49.605419,5160.726492401969
GPUCOND_023,9,STAGE20_MASKED_CNN_V1,GROUP_B_PACKET_IMAGE,GPU_SINGLE_T4,1,256,84,49576140,49.57614,5163.7743479020355
GPUCOND_023,9,STAGE20_MASKED_CNN_V1,GROUP_B_PACKET_IMAGE,GPU_SINGLE_T4,1,256,85,49553540,49.55354,5166.129402662252
GPUCOND_023,9,STAGE20_MASKED_CNN_V1,GROUP_B_PACKET_IMAGE,GPU_SINGLE_T4,1,256,86,49547271,49.547271,5166.783050473153
GPUCOND_023,9,STAGE20_MASKED_CNN_V1,GROUP_B_PACKET_IMAGE,GPU_SINGLE_T4,1,256,87,49571930,49.57193,5164.212892255759
GPUCOND_023,9,STAGE20_MASKED_CNN_V1,GROUP_B_PACKET_IMAGE,GPU_SINGLE_T4,1,256,88,49565126,49.565126,5164.92180409266
GPUCOND_023,9,STAGE20_MASKED_CNN_V1,GROUP_B_PACKET_IMAGE,GPU_SINGLE_T4,1,256,89,49598678,49.598678,5161.427891283715
GPUCOND_023,9,STAGE20_MASKED_CNN_V1,GROUP_B_PACKET_IMAGE,GPU_SINGLE_T4,1,256,90,49640529,49.640529,5157.076388126323
GPUCOND_023,9,STAGE20_MASKED_CNN_V1,GROUP_B_PACKET_IMAGE,GPU_SINGLE_T4,1,256,91,49625969,49.625969,5158.589447391949
GPUCOND_023,9,STAGE20_MASKED_CNN_V1,GROUP_B_PACKET_IMAGE,GPU_SINGLE_T4,1,256,92,49619621,49.619621,5159.249402570003
GPUCOND_023,9,STAGE20_MASKED_CNN_V1,GROUP_B_PACKET_IMAGE,GPU_SINGLE_T4,1,256,93,49621067,49.621067,5159.099057664359
GPUCOND_023,9,STAGE20_MASKED_CNN_V1,GROUP_B_PACKET_IMAGE,GPU_SINGLE_T4,1,256,94,49586801,49.586801,5162.664153309668
GPUCOND_023,9,STAGE20_MASKED_CNN_V1,GROUP_B_PACKET_IMAGE,GPU_SINGLE_T4,1,256,95,49596701,49.596701,5161.6336336564
GPUCOND_023,9,STAGE20_MASKED_CNN_V1,GROUP_B_PACKET_IMAGE,GPU_SINGLE_T4,1,256,96,49631193,49.631193,5158.046472910695
GPUCOND_023,9,STAGE20_MASKED_CNN_V1,GROUP_B_PACKET_IMAGE,GPU_SINGLE_T4,1,256,97,49631392,49.631392,5158.025791418463
GPUCOND_023,9,STAGE20_MASKED_CNN_V1,GROUP_B_PACKET_IMAGE,GPU_SINGLE_T4,1,256,98,49582754,49.582754,5163.085535748983
GPUCOND_023,9,STAGE20_MASKED_CNN_V1,GROUP_B_PACKET_IMAGE,GPU_SINGLE_T4,1,256,99,49567359,49.567359,5164.689125357678
GPUCOND_023,9,STAGE20_MASKED_CNN_V1,GROUP_B_PACKET_IMAGE,GPU_SINGLE_T4,1,256,100,49560819,49.560819,5165.370652974883
GPUCOND_019,10,FT_BALANCED_5_CHECKPOINT_SOFT_VOTING,GROUP_A_DUPSAFE70,GPU_SINGLE_T4,1,1024,1,166856768,166.856768,6137.000088602938
GPUCOND_019,10,FT_BALANCED_5_CHECKPOINT_SOFT_VOTING,GROUP_A_DUPSAFE70,GPU_SINGLE_T4,1,1024,2,166401892,166.401892,6153.77618422752
GPUCOND_019,10,FT_BALANCED_5_CHECKPOINT_SOFT_VOTING,GROUP_A_DUPSAFE70,GPU_SINGLE_T4,1,1024,3,167414497,167.414497,6116.555127242057
GPUCOND_019,10,FT_BALANCED_5_CHECKPOINT_SOFT_VOTING,GROUP_A_DUPSAFE70,GPU_SINGLE_T4,1,1024,4,166852637,166.852637,6137.152030746748
GPUCOND_019,10,FT_BALANCED_5_CHECKPOINT_SOFT_VOTING,GROUP_A_DUPSAFE70,GPU_SINGLE_T4,1,1024,5,167428898,167.428898,6116.029026243726
GPUCOND_019,10,FT_BALANCED_5_CHECKPOINT_SOFT_VOTING,GROUP_A_DUPSAFE70,GPU_SINGLE_T4,1,1024,6,166502704,166.502704,6150.050271856246
GPUCOND_019,10,FT_BALANCED_5_CHECKPOINT_SOFT_VOTING,GROUP_A_DUPSAFE70,GPU_SINGLE_T4,1,1024,7,166281324,166.281324,6158.238191560226
GPUCOND_019,10,FT_BALANCED_5_CHECKPOINT_SOFT_VOTING,GROUP_A_DUPSAFE70,GPU_SINGLE_T4,1,1024,8,167295489,167.295489,6120.9062247936645
GPUCOND_019,10,FT_BALANCED_5_CHECKPOINT_SOFT_VOTING,GROUP_A_DUPSAFE70,GPU_SINGLE_T4,1,1024,9,166480754,166.480754,6150.861137978748
GPUCOND_019,10,FT_BALANCED_5_CHECKPOINT_SOFT_VOTING,GROUP_A_DUPSAFE70,GPU_SINGLE_T4,1,1024,10,167300698,167.300698,6120.71564698433
GPUCOND_019,10,FT_BALANCED_5_CHECKPOINT_SOFT_VOTING,GROUP_A_DUPSAFE70,GPU_SINGLE_T4,1,1024,11,166548020,166.54802,6148.3769065522365
GPUCOND_019,10,FT_BALANCED_5_CHECKPOINT_SOFT_VOTING,GROUP_A_DUPSAFE70,GPU_SINGLE_T4,1,1024,12,166922993,166.922993,6134.5652962261465
GPUCOND_019,10,FT_BALANCED_5_CHECKPOINT_SOFT_VOTING,GROUP_A_DUPSAFE70,GPU_SINGLE_T4,1,1024,13,166403973,166.403973,6153.699226880839
GPUCOND_019,10,FT_BALANCED_5_CHECKPOINT_SOFT_VOTING,GROUP_A_DUPSAFE70,GPU_SINGLE_T4,1,1024,14,166341891,166.341891,6155.995906046301
GPUCOND_019,10,FT_BALANCED_5_CHECKPOINT_SOFT_VOTING,GROUP_A_DUPSAFE70,GPU_SINGLE_T4,1,1024,15,166426426,166.426426,6152.869016126081
GPUCOND_019,10,FT_BALANCED_5_CHECKPOINT_SOFT_VOTING,GROUP_A_DUPSAFE70,GPU_SINGLE_T4,1,1024,16,167245538,167.245538,6122.734347627259
GPUCOND_019,10,FT_BALANCED_5_CHECKPOINT_SOFT_VOTING,GROUP_A_DUPSAFE70,GPU_SINGLE_T4,1,1024,17,167074718,167.074718,6128.994334139771
GPUCOND_019,10,FT_BALANCED_5_CHECKPOINT_SOFT_VOTING,GROUP_A_DUPSAFE70,GPU_SINGLE_T4,1,1024,18,167724932,167.724932,6105.234253426318
GPUCOND_019,10,FT_BALANCED_5_CHECKPOINT_SOFT_VOTING,GROUP_A_DUPSAFE70,GPU_SINGLE_T4,1,1024,19,167653766,167.653766,6107.825815257857
GPUCOND_019,10,FT_BALANCED_5_CHECKPOINT_SOFT_VOTING,GROUP_A_DUPSAFE70,GPU_SINGLE_T4,1,1024,20,166813137,166.813137,6138.605258649383
GPUCOND_019,10,FT_BALANCED_5_CHECKPOINT_SOFT_VOTING,GROUP_A_DUPSAFE70,GPU_SINGLE_T4,1,1024,21,167864597,167.864597,6100.154638324363
GPUCOND_019,10,FT_BALANCED_5_CHECKPOINT_SOFT_VOTING,GROUP_A_DUPSAFE70,GPU_SINGLE_T4,1,1024,22,166594532,166.594532,6146.660323761406
GPUCOND_019,10,FT_BALANCED_5_CHECKPOINT_SOFT_VOTING,GROUP_A_DUPSAFE70,GPU_SINGLE_T4,1,1024,23,166869268,166.869268,6136.54037243095
GPUCOND_019,10,FT_BALANCED_5_CHECKPOINT_SOFT_VOTING,GROUP_A_DUPSAFE70,GPU_SINGLE_T4,1,1024,24,167348713,167.348713,6118.959516587379
GPUCOND_019,10,FT_BALANCED_5_CHECKPOINT_SOFT_VOTING,GROUP_A_DUPSAFE70,GPU_SINGLE_T4,1,1024,25,166504338,166.504338,6149.989917980395
GPUCOND_019,10,FT_BALANCED_5_CHECKPOINT_SOFT_VOTING,GROUP_A_DUPSAFE70,GPU_SINGLE_T4,1,1024,26,166703872,166.703872,6142.628768694707
GPUCOND_019,10,FT_BALANCED_5_CHECKPOINT_SOFT_VOTING,GROUP_A_DUPSAFE70,GPU_SINGLE_T4,1,1024,27,168030708,168.030708,6094.124176397567
GPUCOND_019,10,FT_BALANCED_5_CHECKPOINT_SOFT_VOTING,GROUP_A_DUPSAFE70,GPU_SINGLE_T4,1,1024,28,167227597,167.227597,6123.391224715141
GPUCOND_019,10,FT_BALANCED_5_CHECKPOINT_SOFT_VOTING,GROUP_A_DUPSAFE70,GPU_SINGLE_T4,1,1024,29,166803555,166.803555,6138.957889716439
GPUCOND_019,10,FT_BALANCED_5_CHECKPOINT_SOFT_VOTING,GROUP_A_DUPSAFE70,GPU_SINGLE_T4,1,1024,30,166616176,166.616176,6145.861851972884
GPUCOND_019,10,FT_BALANCED_5_CHECKPOINT_SOFT_VOTING,GROUP_A_DUPSAFE70,GPU_SINGLE_T4,1,1024,31,167617158,167.617158,6109.159779454082
GPUCOND_019,10,FT_BALANCED_5_CHECKPOINT_SOFT_VOTING,GROUP_A_DUPSAFE70,GPU_SINGLE_T4,1,1024,32,167114956,167.114956,6127.518592650678
GPUCOND_019,10,FT_BALANCED_5_CHECKPOINT_SOFT_VOTING,GROUP_A_DUPSAFE70,GPU_SINGLE_T4,1,1024,33,168792239,168.792239,6066.629639292835
GPUCOND_019,10,FT_BALANCED_5_CHECKPOINT_SOFT_VOTING,GROUP_A_DUPSAFE70,GPU_SINGLE_T4,1,1024,34,167554584,167.554584,6111.441272176713
GPUCOND_019,10,FT_BALANCED_5_CHECKPOINT_SOFT_VOTING,GROUP_A_DUPSAFE70,GPU_SINGLE_T4,1,1024,35,167866273,167.866273,6100.093733539911
GPUCOND_019,10,FT_BALANCED_5_CHECKPOINT_SOFT_VOTING,GROUP_A_DUPSAFE70,GPU_SINGLE_T4,1,1024,36,168755387,168.755387,6067.954441063265
GPUCOND_019,10,FT_BALANCED_5_CHECKPOINT_SOFT_VOTING,GROUP_A_DUPSAFE70,GPU_SINGLE_T4,1,1024,37,169102138,169.102138,6055.511846928866
GPUCOND_019,10,FT_BALANCED_5_CHECKPOINT_SOFT_VOTING,GROUP_A_DUPSAFE70,GPU_SINGLE_T4,1,1024,38,168815612,168.815612,6065.789697223027
GPUCOND_019,10,FT_BALANCED_5_CHECKPOINT_SOFT_VOTING,GROUP_A_DUPSAFE70,GPU_SINGLE_T4,1,1024,39,169171477,169.171477,6053.029849706874
GPUCOND_019,10,FT_BALANCED_5_CHECKPOINT_SOFT_VOTING,GROUP_A_DUPSAFE70,GPU_SINGLE_T4,1,1024,40,167509276,167.509276,6113.094298133078
GPUCOND_019,10,FT_BALANCED_5_CHECKPOINT_SOFT_VOTING,GROUP_A_DUPSAFE70,GPU_SINGLE_T4,1,1024,41,167560151,167.560151,6111.238226325065
GPUCOND_019,10,FT_BALANCED_5_CHECKPOINT_SOFT_VOTING,GROUP_A_DUPSAFE70,GPU_SINGLE_T4,1,1024,42,168437825,168.437825,6079.394577791538
GPUCOND_019,10,FT_BALANCED_5_CHECKPOINT_SOFT_VOTING,GROUP_A_DUPSAFE70,GPU_SINGLE_T4,1,1024,43,167399745,167.399745,6117.094144916409
GPUCOND_019,10,FT_BALANCED_5_CHECKPOINT_SOFT_VOTING,GROUP_A_DUPSAFE70,GPU_SINGLE_T4,1,1024,44,167789018,167.789018,6102.902396150861
GPUCOND_019,10,FT_BALANCED_5_CHECKPOINT_SOFT_VOTING,GROUP_A_DUPSAFE70,GPU_SINGLE_T4,1,1024,45,168307598,168.307598,6084.098473082599
GPUCOND_019,10,FT_BALANCED_5_CHECKPOINT_SOFT_VOTING,GROUP_A_DUPSAFE70,GPU_SINGLE_T4,1,1024,46,168098926,168.098926,6091.651055521913
GPUCOND_019,10,FT_BALANCED_5_CHECKPOINT_SOFT_VOTING,GROUP_A_DUPSAFE70,GPU_SINGLE_T4,1,1024,47,167586381,167.586381,6110.281717939836
GPUCOND_019,10,FT_BALANCED_5_CHECKPOINT_SOFT_VOTING,GROUP_A_DUPSAFE70,GPU_SINGLE_T4,1,1024,48,167445236,167.445236,6115.432271838417
GPUCOND_019,10,FT_BALANCED_5_CHECKPOINT_SOFT_VOTING,GROUP_A_DUPSAFE70,GPU_SINGLE_T4,1,1024,49,168138658,168.138658,6090.211568121354
GPUCOND_019,10,FT_BALANCED_5_CHECKPOINT_SOFT_VOTING,GROUP_A_DUPSAFE70,GPU_SINGLE_T4,1,1024,50,168449340,168.44934,6078.978997483754
GPUCOND_037,11,FT_BALANCED_SINGLE_RESOURCE_REFERENCE,GROUP_A_DUPSAFE70,GPU_SINGLE_T4,1,64,1,4716686,4.716686,13568.848975742714
GPUCOND_037,11,FT_BALANCED_SINGLE_RESOURCE_REFERENCE,GROUP_A_DUPSAFE70,GPU_SINGLE_T4,1,64,2,4659882,4.659882,13734.25335663006
GPUCOND_037,11,FT_BALANCED_SINGLE_RESOURCE_REFERENCE,GROUP_A_DUPSAFE70,GPU_SINGLE_T4,1,64,3,4644167,4.644167,13780.727523364254
GPUCOND_037,11,FT_BALANCED_SINGLE_RESOURCE_REFERENCE,GROUP_A_DUPSAFE70,GPU_SINGLE_T4,1,64,4,4668841,4.668841,13707.898812574684
GPUCOND_037,11,FT_BALANCED_SINGLE_RESOURCE_REFERENCE,GROUP_A_DUPSAFE70,GPU_SINGLE_T4,1,64,5,3573172,3.573172,17911.256441055735
GPUCOND_037,11,FT_BALANCED_SINGLE_RESOURCE_REFERENCE,GROUP_A_DUPSAFE70,GPU_SINGLE_T4,1,64,6,2861831,2.861831,22363.30517071064
GPUCOND_037,11,FT_BALANCED_SINGLE_RESOURCE_REFERENCE,GROUP_A_DUPSAFE70,GPU_SINGLE_T4,1,64,7,2870808,2.870808,22293.375244878793
GPUCOND_037,11,FT_BALANCED_SINGLE_RESOURCE_REFERENCE,GROUP_A_DUPSAFE70,GPU_SINGLE_T4,1,64,8,2889177,2.889177,22151.636954053007
GPUCOND_037,11,FT_BALANCED_SINGLE_RESOURCE_REFERENCE,GROUP_A_DUPSAFE70,GPU_SINGLE_T4,1,64,9,2888457,2.888457,22157.15864906419
GPUCOND_037,11,FT_BALANCED_SINGLE_RESOURCE_REFERENCE,GROUP_A_DUPSAFE70,GPU_SINGLE_T4,1,64,10,2908987,2.908987,22000.785840569242
GPUCOND_037,11,FT_BALANCED_SINGLE_RESOURCE_REFERENCE,GROUP_A_DUPSAFE70,GPU_SINGLE_T4,1,64,11,2899810,2.89981,22070.4115097196
GPUCOND_037,11,FT_BALANCED_SINGLE_RESOURCE_REFERENCE,GROUP_A_DUPSAFE70,GPU_SINGLE_T4,1,64,12,2922263,2.922263,21900.835071997284
GPUCOND_037,11,FT_BALANCED_SINGLE_RESOURCE_REFERENCE,GROUP_A_DUPSAFE70,GPU_SINGLE_T4,1,64,13,2893191,2.893191,22120.903873957854
GPUCOND_037,11,FT_BALANCED_SINGLE_RESOURCE_REFERENCE,GROUP_A_DUPSAFE70,GPU_SINGLE_T4,1,64,14,2867586,2.867586,22318.423928698216
GPUCOND_037,11,FT_BALANCED_SINGLE_RESOURCE_REFERENCE,GROUP_A_DUPSAFE70,GPU_SINGLE_T4,1,64,15,2867855,2.867855,22316.33049788082
GPUCOND_037,11,FT_BALANCED_SINGLE_RESOURCE_REFERENCE,GROUP_A_DUPSAFE70,GPU_SINGLE_T4,1,64,16,2870460,2.87046,22296.077980532737
GPUCOND_037,11,FT_BALANCED_SINGLE_RESOURCE_REFERENCE,GROUP_A_DUPSAFE70,GPU_SINGLE_T4,1,64,17,2880162,2.880162,22220.97229253077
GPUCOND_037,11,FT_BALANCED_SINGLE_RESOURCE_REFERENCE,GROUP_A_DUPSAFE70,GPU_SINGLE_T4,1,64,18,2895700,2.8957,22101.737058396935
GPUCOND_037,11,FT_BALANCED_SINGLE_RESOURCE_REFERENCE,GROUP_A_DUPSAFE70,GPU_SINGLE_T4,1,64,19,2883566,2.883566,22194.740817446174
GPUCOND_037,11,FT_BALANCED_SINGLE_RESOURCE_REFERENCE,GROUP_A_DUPSAFE70,GPU_SINGLE_T4,1,64,20,2928118,2.928118,21857.042646505368
GPUCOND_037,11,FT_BALANCED_SINGLE_RESOURCE_REFERENCE,GROUP_A_DUPSAFE70,GPU_SINGLE_T4,1,64,21,2907592,2.907592,22011.341343627304
GPUCOND_037,11,FT_BALANCED_SINGLE_RESOURCE_REFERENCE,GROUP_A_DUPSAFE70,GPU_SINGLE_T4,1,64,22,2912508,2.912508,21974.18856875243
GPUCOND_037,11,FT_BALANCED_SINGLE_RESOURCE_REFERENCE,GROUP_A_DUPSAFE70,GPU_SINGLE_T4,1,64,23,2877728,2.877728,22239.766927242603
GPUCOND_037,11,FT_BALANCED_SINGLE_RESOURCE_REFERENCE,GROUP_A_DUPSAFE70,GPU_SINGLE_T4,1,64,24,2876985,2.876985,22245.510491017507
GPUCOND_037,11,FT_BALANCED_SINGLE_RESOURCE_REFERENCE,GROUP_A_DUPSAFE70,GPU_SINGLE_T4,1,64,25,2889336,2.889336,22150.417950698706
GPUCOND_037,11,FT_BALANCED_SINGLE_RESOURCE_REFERENCE,GROUP_A_DUPSAFE70,GPU_SINGLE_T4,1,64,26,2874002,2.874002,22268.599673904195
GPUCOND_037,11,FT_BALANCED_SINGLE_RESOURCE_REFERENCE,GROUP_A_DUPSAFE70,GPU_SINGLE_T4,1,64,27,2911486,2.911486,21981.902025288804
GPUCOND_037,11,FT_BALANCED_SINGLE_RESOURCE_REFERENCE,GROUP_A_DUPSAFE70,GPU_SINGLE_T4,1,64,28,2913057,2.913057,21970.047273362656
GPUCOND_037,11,FT_BALANCED_SINGLE_RESOURCE_REFERENCE,GROUP_A_DUPSAFE70,GPU_SINGLE_T4,1,64,29,2919820,2.91982,21919.159400237
GPUCOND_037,11,FT_BALANCED_SINGLE_RESOURCE_REFERENCE,GROUP_A_DUPSAFE70,GPU_SINGLE_T4,1,64,30,2928060,2.92806,21857.475598177632
GPUCOND_037,11,FT_BALANCED_SINGLE_RESOURCE_REFERENCE,GROUP_A_DUPSAFE70,GPU_SINGLE_T4,1,64,31,2925739,2.925739,21874.81521762536
GPUCOND_037,11,FT_BALANCED_SINGLE_RESOURCE_REFERENCE,GROUP_A_DUPSAFE70,GPU_SINGLE_T4,1,64,32,2900384,2.900384,22066.043668700422
GPUCOND_037,11,FT_BALANCED_SINGLE_RESOURCE_REFERENCE,GROUP_A_DUPSAFE70,GPU_SINGLE_T4,1,64,33,2893024,2.893024,22122.180804583717
GPUCOND_037,11,FT_BALANCED_SINGLE_RESOURCE_REFERENCE,GROUP_A_DUPSAFE70,GPU_SINGLE_T4,1,64,34,2870119,2.870119,22298.726986581394
GPUCOND_037,11,FT_BALANCED_SINGLE_RESOURCE_REFERENCE,GROUP_A_DUPSAFE70,GPU_SINGLE_T4,1,64,35,2866666,2.866666,22325.58658734572
GPUCOND_037,11,FT_BALANCED_SINGLE_RESOURCE_REFERENCE,GROUP_A_DUPSAFE70,GPU_SINGLE_T4,1,64,36,2895731,2.895731,22101.500450145402
GPUCOND_037,11,FT_BALANCED_SINGLE_RESOURCE_REFERENCE,GROUP_A_DUPSAFE70,GPU_SINGLE_T4,1,64,37,2886409,2.886409,22172.87986560463
GPUCOND_037,11,FT_BALANCED_SINGLE_RESOURCE_REFERENCE,GROUP_A_DUPSAFE70,GPU_SINGLE_T4,1,64,38,2924922,2.924922,21880.925371685124
GPUCOND_037,11,FT_BALANCED_SINGLE_RESOURCE_REFERENCE,GROUP_A_DUPSAFE70,GPU_SINGLE_T4,1,64,39,2911782,2.911782,21979.667433894432
GPUCOND_037,11,FT_BALANCED_SINGLE_RESOURCE_REFERENCE,GROUP_A_DUPSAFE70,GPU_SINGLE_T4,1,64,40,2890815,2.890815,22139.085344444386
GPUCOND_037,11,FT_BALANCED_SINGLE_RESOURCE_REFERENCE,GROUP_A_DUPSAFE70,GPU_SINGLE_T4,1,64,41,2861284,2.861284,22367.580428926314
GPUCOND_037,11,FT_BALANCED_SINGLE_RESOURCE_REFERENCE,GROUP_A_DUPSAFE70,GPU_SINGLE_T4,1,64,42,2884623,2.884623,22186.6080940213
GPUCOND_037,11,FT_BALANCED_SINGLE_RESOURCE_REFERENCE,GROUP_A_DUPSAFE70,GPU_SINGLE_T4,1,64,43,2822258,2.822258,22676.877875800157
GPUCOND_037,11,FT_BALANCED_SINGLE_RESOURCE_REFERENCE,GROUP_A_DUPSAFE70,GPU_SINGLE_T4,1,64,44,2818290,2.81829,22708.80569423303
GPUCOND_037,11,FT_BALANCED_SINGLE_RESOURCE_REFERENCE,GROUP_A_DUPSAFE70,GPU_SINGLE_T4,1,64,45,2838781,2.838781,22544.888105140904
GPUCOND_037,11,FT_BALANCED_SINGLE_RESOURCE_REFERENCE,GROUP_A_DUPSAFE70,GPU_SINGLE_T4,1,64,46,2855087,2.855087,22416.129526000434
GPUCOND_037,11,FT_BALANCED_SINGLE_RESOURCE_REFERENCE,GROUP_A_DUPSAFE70,GPU_SINGLE_T4,1,64,47,2859616,2.859616,22380.627328984032
GPUCOND_037,11,FT_BALANCED_SINGLE_RESOURCE_REFERENCE,GROUP_A_DUPSAFE70,GPU_SINGLE_T4,1,64,48,2855771,2.855771,22410.76052666688
GPUCOND_037,11,FT_BALANCED_SINGLE_RESOURCE_REFERENCE,GROUP_A_DUPSAFE70,GPU_SINGLE_T4,1,64,49,2867739,2.867739,22317.233193118343
GPUCOND_037,11,FT_BALANCED_SINGLE_RESOURCE_REFERENCE,GROUP_A_DUPSAFE70,GPU_SINGLE_T4,1,64,50,2863387,2.863387,22351.15267338994
GPUCOND_037,11,FT_BALANCED_SINGLE_RESOURCE_REFERENCE,GROUP_A_DUPSAFE70,GPU_SINGLE_T4,1,64,51,2858820,2.85882,22386.85891381759
GPUCOND_037,11,FT_BALANCED_SINGLE_RESOURCE_REFERENCE,GROUP_A_DUPSAFE70,GPU_SINGLE_T4,1,64,52,2891405,2.891405,22134.567796624826
GPUCOND_037,11,FT_BALANCED_SINGLE_RESOURCE_REFERENCE,GROUP_A_DUPSAFE70,GPU_SINGLE_T4,1,64,53,2861567,2.861567,22365.36834538559
GPUCOND_037,11,FT_BALANCED_SINGLE_RESOURCE_REFERENCE,GROUP_A_DUPSAFE70,GPU_SINGLE_T4,1,64,54,2866381,2.866381,22327.80638721789
GPUCOND_037,11,FT_BALANCED_SINGLE_RESOURCE_REFERENCE,GROUP_A_DUPSAFE70,GPU_SINGLE_T4,1,64,55,2844081,2.844081,22502.875269726846
GPUCOND_037,11,FT_BALANCED_SINGLE_RESOURCE_REFERENCE,GROUP_A_DUPSAFE70,GPU_SINGLE_T4,1,64,56,2891273,2.891273,22135.578342135108
GPUCOND_037,11,FT_BALANCED_SINGLE_RESOURCE_REFERENCE,GROUP_A_DUPSAFE70,GPU_SINGLE_T4,1,64,57,2836402,2.836402,22563.797374279104
GPUCOND_037,11,FT_BALANCED_SINGLE_RESOURCE_REFERENCE,GROUP_A_DUPSAFE70,GPU_SINGLE_T4,1,64,58,2829162,2.829162,22621.539523010702
GPUCOND_037,11,FT_BALANCED_SINGLE_RESOURCE_REFERENCE,GROUP_A_DUPSAFE70,GPU_SINGLE_T4,1,64,59,2846552,2.846552,22483.341249343066
GPUCOND_037,11,FT_BALANCED_SINGLE_RESOURCE_REFERENCE,GROUP_A_DUPSAFE70,GPU_SINGLE_T4,1,64,60,2849935,2.849935,22456.652520145195
GPUCOND_037,11,FT_BALANCED_SINGLE_RESOURCE_REFERENCE,GROUP_A_DUPSAFE70,GPU_SINGLE_T4,1,64,61,2870128,2.870128,22298.65706337836
GPUCOND_037,11,FT_BALANCED_SINGLE_RESOURCE_REFERENCE,GROUP_A_DUPSAFE70,GPU_SINGLE_T4,1,64,62,2844900,2.8449,22496.397061408134
GPUCOND_037,11,FT_BALANCED_SINGLE_RESOURCE_REFERENCE,GROUP_A_DUPSAFE70,GPU_SINGLE_T4,1,64,63,2876912,2.876912,22246.074958149573
GPUCOND_037,11,FT_BALANCED_SINGLE_RESOURCE_REFERENCE,GROUP_A_DUPSAFE70,GPU_SINGLE_T4,1,64,64,2842782,2.842782,22513.157885479788
GPUCOND_037,11,FT_BALANCED_SINGLE_RESOURCE_REFERENCE,GROUP_A_DUPSAFE70,GPU_SINGLE_T4,1,64,65,2839489,2.839489,22539.26674834803
GPUCOND_037,11,FT_BALANCED_SINGLE_RESOURCE_REFERENCE,GROUP_A_DUPSAFE70,GPU_SINGLE_T4,1,64,66,2856521,2.856521,22404.876421353107
GPUCOND_037,11,FT_BALANCED_SINGLE_RESOURCE_REFERENCE,GROUP_A_DUPSAFE70,GPU_SINGLE_T4,1,64,67,2837057,2.837057,22558.588001580512
GPUCOND_037,11,FT_BALANCED_SINGLE_RESOURCE_REFERENCE,GROUP_A_DUPSAFE70,GPU_SINGLE_T4,1,64,68,2841437,2.841437,22523.814534687906
GPUCOND_037,11,FT_BALANCED_SINGLE_RESOURCE_REFERENCE,GROUP_A_DUPSAFE70,GPU_SINGLE_T4,1,64,69,2852945,2.852945,22432.959625930398
GPUCOND_037,11,FT_BALANCED_SINGLE_RESOURCE_REFERENCE,GROUP_A_DUPSAFE70,GPU_SINGLE_T4,1,64,70,2876399,2.876399,22250.042501057746
GPUCOND_037,11,FT_BALANCED_SINGLE_RESOURCE_REFERENCE,GROUP_A_DUPSAFE70,GPU_SINGLE_T4,1,64,71,2863497,2.863497,22350.294063517442
GPUCOND_037,11,FT_BALANCED_SINGLE_RESOURCE_REFERENCE,GROUP_A_DUPSAFE70,GPU_SINGLE_T4,1,64,72,2843501,2.843501,22507.465269046854
GPUCOND_037,11,FT_BALANCED_SINGLE_RESOURCE_REFERENCE,GROUP_A_DUPSAFE70,GPU_SINGLE_T4,1,64,73,2822798,2.822798,22672.53979916381
GPUCOND_037,11,FT_BALANCED_SINGLE_RESOURCE_REFERENCE,GROUP_A_DUPSAFE70,GPU_SINGLE_T4,1,64,74,2840339,2.840339,22532.521646183784
GPUCOND_037,11,FT_BALANCED_SINGLE_RESOURCE_REFERENCE,GROUP_A_DUPSAFE70,GPU_SINGLE_T4,1,64,75,2477277,2.477277,25834.81782618577
GPUCOND_037,11,FT_BALANCED_SINGLE_RESOURCE_REFERENCE,GROUP_A_DUPSAFE70,GPU_SINGLE_T4,1,64,76,2358812,2.358812,27132.302192798747
GPUCOND_037,11,FT_BALANCED_SINGLE_RESOURCE_REFERENCE,GROUP_A_DUPSAFE70,GPU_SINGLE_T4,1,64,77,2486412,2.486412,25739.901512701836
GPUCOND_037,11,FT_BALANCED_SINGLE_RESOURCE_REFERENCE,GROUP_A_DUPSAFE70,GPU_SINGLE_T4,1,64,78,2363334,2.363334,27080.387283388638
GPUCOND_037,11,FT_BALANCED_SINGLE_RESOURCE_REFERENCE,GROUP_A_DUPSAFE70,GPU_SINGLE_T4,1,64,79,2384225,2.384225,26843.10415334123
GPUCOND_037,11,FT_BALANCED_SINGLE_RESOURCE_REFERENCE,GROUP_A_DUPSAFE70,GPU_SINGLE_T4,1,64,80,2363924,2.363924,27073.628424602484
GPUCOND_037,11,FT_BALANCED_SINGLE_RESOURCE_REFERENCE,GROUP_A_DUPSAFE70,GPU_SINGLE_T4,1,64,81,2350812,2.350812,27224.635572729763
GPUCOND_037,11,FT_BALANCED_SINGLE_RESOURCE_REFERENCE,GROUP_A_DUPSAFE70,GPU_SINGLE_T4,1,64,82,2382005,2.382005,26868.12160343912
GPUCOND_037,11,FT_BALANCED_SINGLE_RESOURCE_REFERENCE,GROUP_A_DUPSAFE70,GPU_SINGLE_T4,1,64,83,2295016,2.295016,27886.51582385482
GPUCOND_037,11,FT_BALANCED_SINGLE_RESOURCE_REFERENCE,GROUP_A_DUPSAFE70,GPU_SINGLE_T4,1,64,84,2291773,2.291773,27925.976961941695
GPUCOND_037,11,FT_BALANCED_SINGLE_RESOURCE_REFERENCE,GROUP_A_DUPSAFE70,GPU_SINGLE_T4,1,64,85,2319141,2.319141,27596.424710701074
GPUCOND_037,11,FT_BALANCED_SINGLE_RESOURCE_REFERENCE,GROUP_A_DUPSAFE70,GPU_SINGLE_T4,1,64,86,2293657,2.293657,27903.03868451124
GPUCOND_037,11,FT_BALANCED_SINGLE_RESOURCE_REFERENCE,GROUP_A_DUPSAFE70,GPU_SINGLE_T4,1,64,87,2291614,2.291614,27927.914561527377
GPUCOND_037,11,FT_BALANCED_SINGLE_RESOURCE_REFERENCE,GROUP_A_DUPSAFE70,GPU_SINGLE_T4,1,64,88,2335259,2.335259,27405.95368650758
GPUCOND_037,11,FT_BALANCED_SINGLE_RESOURCE_REFERENCE,GROUP_A_DUPSAFE70,GPU_SINGLE_T4,1,64,89,2313120,2.31312,27668.257591478177
GPUCOND_037,11,FT_BALANCED_SINGLE_RESOURCE_REFERENCE,GROUP_A_DUPSAFE70,GPU_SINGLE_T4,1,64,90,2314485,2.314485,27651.9398483896
GPUCOND_037,11,FT_BALANCED_SINGLE_RESOURCE_REFERENCE,GROUP_A_DUPSAFE70,GPU_SINGLE_T4,1,64,91,2329139,2.329139,27477.96503343081
GPUCOND_037,11,FT_BALANCED_SINGLE_RESOURCE_REFERENCE,GROUP_A_DUPSAFE70,GPU_SINGLE_T4,1,64,92,2291701,2.291701,27926.854332218732
GPUCOND_037,11,FT_BALANCED_SINGLE_RESOURCE_REFERENCE,GROUP_A_DUPSAFE70,GPU_SINGLE_T4,1,64,93,2277862,2.277862,28096.522089573467
GPUCOND_037,11,FT_BALANCED_SINGLE_RESOURCE_REFERENCE,GROUP_A_DUPSAFE70,GPU_SINGLE_T4,1,64,94,2316043,2.316043,27633.33841383774
GPUCOND_037,11,FT_BALANCED_SINGLE_RESOURCE_REFERENCE,GROUP_A_DUPSAFE70,GPU_SINGLE_T4,1,64,95,2323748,2.323748,27541.71278469094
GPUCOND_037,11,FT_BALANCED_SINGLE_RESOURCE_REFERENCE,GROUP_A_DUPSAFE70,GPU_SINGLE_T4,1,64,96,2300295,2.300295,27822.518416116192
GPUCOND_037,11,FT_BALANCED_SINGLE_RESOURCE_REFERENCE,GROUP_A_DUPSAFE70,GPU_SINGLE_T4,1,64,97,2319837,2.319837,27588.145201580974
GPUCOND_037,11,FT_BALANCED_SINGLE_RESOURCE_REFERENCE,GROUP_A_DUPSAFE70,GPU_SINGLE_T4,1,64,98,2287386,2.287386,27979.5364665168
GPUCOND_037,11,FT_BALANCED_SINGLE_RESOURCE_REFERENCE,GROUP_A_DUPSAFE70,GPU_SINGLE_T4,1,64,99,2305039,2.305039,27765.25690020863
GPUCOND_037,11,FT_BALANCED_SINGLE_RESOURCE_REFERENCE,GROUP_A_DUPSAFE70,GPU_SINGLE_T4,1,64,100,2288385,2.288385,27967.321932279752
GPUCOND_037,11,FT_BALANCED_SINGLE_RESOURCE_REFERENCE,GROUP_A_DUPSAFE70,GPU_SINGLE_T4,1,64,101,2351184,2.351184,27220.32814105574
GPUCOND_037,11,FT_BALANCED_SINGLE_RESOURCE_REFERENCE,GROUP_A_DUPSAFE70,GPU_SINGLE_T4,1,64,102,2284869,2.284869,28010.358580732638
GPUCOND_037,11,FT_BALANCED_SINGLE_RESOURCE_REFERENCE,GROUP_A_DUPSAFE70,GPU_SINGLE_T4,1,64,103,2276797,2.276797,28109.664585819464
GPUCOND_037,11,FT_BALANCED_SINGLE_RESOURCE_REFERENCE,GROUP_A_DUPSAFE70,GPU_SINGLE_T4,1,64,104,2330975,2.330975,27456.321925374574
GPUCOND_037,11,FT_BALANCED_SINGLE_RESOURCE_REFERENCE,GROUP_A_DUPSAFE70,GPU_SINGLE_T4,1,64,105,2290928,2.290928,27936.277351361543
GPUCOND_037,11,FT_BALANCED_SINGLE_RESOURCE_REFERENCE,GROUP_A_DUPSAFE70,GPU_SINGLE_T4,1,64,106,2279318,2.279318,28078.57438058226
GPUCOND_037,11,FT_BALANCED_SINGLE_RESOURCE_REFERENCE,GROUP_A_DUPSAFE70,GPU_SINGLE_T4,1,64,107,2333595,2.333595,27425.495855107678
GPUCOND_037,11,FT_BALANCED_SINGLE_RESOURCE_REFERENCE,GROUP_A_DUPSAFE70,GPU_SINGLE_T4,1,64,108,2314799,2.314799,27648.18889242651
GPUCOND_037,11,FT_BALANCED_SINGLE_RESOURCE_REFERENCE,GROUP_A_DUPSAFE70,GPU_SINGLE_T4,1,64,109,2289301,2.289301,27956.131587764125
GPUCOND_037,11,FT_BALANCED_SINGLE_RESOURCE_REFERENCE,GROUP_A_DUPSAFE70,GPU_SINGLE_T4,1,64,110,2329265,2.329265,27476.478631671365
GPUCOND_037,11,FT_BALANCED_SINGLE_RESOURCE_REFERENCE,GROUP_A_DUPSAFE70,GPU_SINGLE_T4,1,64,111,2327402,2.327402,27498.47254578281
GPUCOND_037,11,FT_BALANCED_SINGLE_RESOURCE_REFERENCE,GROUP_A_DUPSAFE70,GPU_SINGLE_T4,1,64,112,2273896,2.273896,28145.52644448119
GPUCOND_037,11,FT_BALANCED_SINGLE_RESOURCE_REFERENCE,GROUP_A_DUPSAFE70,GPU_SINGLE_T4,1,64,113,2283609,2.283609,28025.81352587067
GPUCOND_037,11,FT_BALANCED_SINGLE_RESOURCE_REFERENCE,GROUP_A_DUPSAFE70,GPU_SINGLE_T4,1,64,114,2312172,2.312172,27679.601690531672
GPUCOND_037,11,FT_BALANCED_SINGLE_RESOURCE_REFERENCE,GROUP_A_DUPSAFE70,GPU_SINGLE_T4,1,64,115,2283880,2.28388,28022.488046657443
GPUCOND_037,11,FT_BALANCED_SINGLE_RESOURCE_REFERENCE,GROUP_A_DUPSAFE70,GPU_SINGLE_T4,1,64,116,2287112,2.287112,27982.888463704443
GPUCOND_037,11,FT_BALANCED_SINGLE_RESOURCE_REFERENCE,GROUP_A_DUPSAFE70,GPU_SINGLE_T4,1,64,117,2309565,2.309565,27710.845981819086
GPUCOND_037,11,FT_BALANCED_SINGLE_RESOURCE_REFERENCE,GROUP_A_DUPSAFE70,GPU_SINGLE_T4,1,64,118,2287158,2.287158,27982.325663552758
GPUCOND_037,11,FT_BALANCED_SINGLE_RESOURCE_REFERENCE,GROUP_A_DUPSAFE70,GPU_SINGLE_T4,1,64,119,2286131,2.286131,27994.896180490094
GPUCOND_037,11,FT_BALANCED_SINGLE_RESOURCE_REFERENCE,GROUP_A_DUPSAFE70,GPU_SINGLE_T4,1,64,120,2350605,2.350605,27227.03304043002
GPUCOND_037,11,FT_BALANCED_SINGLE_RESOURCE_REFERENCE,GROUP_A_DUPSAFE70,GPU_SINGLE_T4,1,64,121,2310613,2.310613,27698.27747009127
GPUCOND_037,11,FT_BALANCED_SINGLE_RESOURCE_REFERENCE,GROUP_A_DUPSAFE70,GPU_SINGLE_T4,1,64,122,2288253,2.288253,27968.935253225933
GPUCOND_037,11,FT_BALANCED_SINGLE_RESOURCE_REFERENCE,GROUP_A_DUPSAFE70,GPU_SINGLE_T4,1,64,123,2327287,2.327287,27499.831348690557
GPUCOND_037,11,FT_BALANCED_SINGLE_RESOURCE_REFERENCE,GROUP_A_DUPSAFE70,GPU_SINGLE_T4,1,64,124,2311569,2.311569,27686.822240651265
GPUCOND_037,11,FT_BALANCED_SINGLE_RESOURCE_REFERENCE,GROUP_A_DUPSAFE70,GPU_SINGLE_T4,1,64,125,2281443,2.281443,28052.421208857726
GPUCOND_037,11,FT_BALANCED_SINGLE_RESOURCE_REFERENCE,GROUP_A_DUPSAFE70,GPU_SINGLE_T4,1,64,126,2282595,2.282595,28038.263467676043
GPUCOND_037,11,FT_BALANCED_SINGLE_RESOURCE_REFERENCE,GROUP_A_DUPSAFE70,GPU_SINGLE_T4,1,64,127,2350054,2.350054,27233.416764040314
GPUCOND_037,11,FT_BALANCED_SINGLE_RESOURCE_REFERENCE,GROUP_A_DUPSAFE70,GPU_SINGLE_T4,1,64,128,2276213,2.276213,28116.876584045516
GPUCOND_037,11,FT_BALANCED_SINGLE_RESOURCE_REFERENCE,GROUP_A_DUPSAFE70,GPU_SINGLE_T4,1,64,129,2287666,2.287666,27976.11189745356
GPUCOND_037,11,FT_BALANCED_SINGLE_RESOURCE_REFERENCE,GROUP_A_DUPSAFE70,GPU_SINGLE_T4,1,64,130,2317734,2.317734,27613.177353397758
GPUCOND_037,11,FT_BALANCED_SINGLE_RESOURCE_REFERENCE,GROUP_A_DUPSAFE70,GPU_SINGLE_T4,1,64,131,2274375,2.274375,28139.598790876615
GPUCOND_037,11,FT_BALANCED_SINGLE_RESOURCE_REFERENCE,GROUP_A_DUPSAFE70,GPU_SINGLE_T4,1,64,132,2278745,2.278745,28085.63485602821
GPUCOND_037,11,FT_BALANCED_SINGLE_RESOURCE_REFERENCE,GROUP_A_DUPSAFE70,GPU_SINGLE_T4,1,64,133,2341130,2.34113,27337.22604041638
GPUCOND_037,11,FT_BALANCED_SINGLE_RESOURCE_REFERENCE,GROUP_A_DUPSAFE70,GPU_SINGLE_T4,1,64,134,2358016,2.358016,27141.461296276193
GPUCOND_037,11,FT_BALANCED_SINGLE_RESOURCE_REFERENCE,GROUP_A_DUPSAFE70,GPU_SINGLE_T4,1,64,135,2278856,2.278856,28084.266842661407
GPUCOND_037,11,FT_BALANCED_SINGLE_RESOURCE_REFERENCE,GROUP_A_DUPSAFE70,GPU_SINGLE_T4,1,64,136,2339951,2.339951,27351.000085044518
GPUCOND_037,11,FT_BALANCED_SINGLE_RESOURCE_REFERENCE,GROUP_A_DUPSAFE70,GPU_SINGLE_T4,1,64,137,2302486,2.302486,27796.043059545205
GPUCOND_037,11,FT_BALANCED_SINGLE_RESOURCE_REFERENCE,GROUP_A_DUPSAFE70,GPU_SINGLE_T4,1,64,138,2279127,2.279127,28080.927477933437
GPUCOND_037,11,FT_BALANCED_SINGLE_RESOURCE_REFERENCE,GROUP_A_DUPSAFE70,GPU_SINGLE_T4,1,64,139,2282940,2.28294,28034.026299420922
GPUCOND_037,11,FT_BALANCED_SINGLE_RESOURCE_REFERENCE,GROUP_A_DUPSAFE70,GPU_SINGLE_T4,1,64,140,2287490,2.28749,27978.26438585524
GPUCOND_037,11,FT_BALANCED_SINGLE_RESOURCE_REFERENCE,GROUP_A_DUPSAFE70,GPU_SINGLE_T4,1,64,141,2272182,2.272182,28166.757768523825
GPUCOND_037,11,FT_BALANCED_SINGLE_RESOURCE_REFERENCE,GROUP_A_DUPSAFE70,GPU_SINGLE_T4,1,64,142,2265607,2.265607,28248.50029153335
GPUCOND_037,11,FT_BALANCED_SINGLE_RESOURCE_REFERENCE,GROUP_A_DUPSAFE70,GPU_SINGLE_T4,1,64,143,2300803,2.300803,27816.375413279624
GPUCOND_037,11,FT_BALANCED_SINGLE_RESOURCE_REFERENCE,GROUP_A_DUPSAFE70,GPU_SINGLE_T4,1,64,144,2301048,2.301048,27813.413714098966
GPUCOND_037,11,FT_BALANCED_SINGLE_RESOURCE_REFERENCE,GROUP_A_DUPSAFE70,GPU_SINGLE_T4,1,64,145,2265913,2.265913,28244.685475567687
GPUCOND_037,11,FT_BALANCED_SINGLE_RESOURCE_REFERENCE,GROUP_A_DUPSAFE70,GPU_SINGLE_T4,1,64,146,2291530,2.29153,27928.938307593617
GPUCOND_037,11,FT_BALANCED_SINGLE_RESOURCE_REFERENCE,GROUP_A_DUPSAFE70,GPU_SINGLE_T4,1,64,147,2317539,2.317539,27615.500753169636
GPUCOND_037,11,FT_BALANCED_SINGLE_RESOURCE_REFERENCE,GROUP_A_DUPSAFE70,GPU_SINGLE_T4,1,64,148,2280238,2.280238,28067.245612080846
GPUCOND_037,11,FT_BALANCED_SINGLE_RESOURCE_REFERENCE,GROUP_A_DUPSAFE70,GPU_SINGLE_T4,1,64,149,2272846,2.272846,28158.528998445123
GPUCOND_037,11,FT_BALANCED_SINGLE_RESOURCE_REFERENCE,GROUP_A_DUPSAFE70,GPU_SINGLE_T4,1,64,150,2315885,2.315885,27635.223683386695
GPUCOND_038,12,FT_BALANCED_SINGLE_RESOURCE_REFERENCE,GROUP_A_DUPSAFE70,GPU_SINGLE_T4,1,256,1,8511781,8.511781,30075.96177580227
GPUCOND_038,12,FT_BALANCED_SINGLE_RESOURCE_REFERENCE,GROUP_A_DUPSAFE70,GPU_SINGLE_T4,1,256,2,8557229,8.557229,29916.226385901326
GPUCOND_038,12,FT_BALANCED_SINGLE_RESOURCE_REFERENCE,GROUP_A_DUPSAFE70,GPU_SINGLE_T4,1,256,3,8603152,8.603152,29756.53574410867
GPUCOND_038,12,FT_BALANCED_SINGLE_RESOURCE_REFERENCE,GROUP_A_DUPSAFE70,GPU_SINGLE_T4,1,256,4,8598762,8.598762,29771.727604508647
GPUCOND_038,12,FT_BALANCED_SINGLE_RESOURCE_REFERENCE,GROUP_A_DUPSAFE70,GPU_SINGLE_T4,1,256,5,8641368,8.641368,29624.9390142857
GPUCOND_038,12,FT_BALANCED_SINGLE_RESOURCE_REFERENCE,GROUP_A_DUPSAFE70,GPU_SINGLE_T4,1,256,6,8637815,8.637815,29637.12466636528
GPUCOND_038,12,FT_BALANCED_SINGLE_RESOURCE_REFERENCE,GROUP_A_DUPSAFE70,GPU_SINGLE_T4,1,256,7,8675188,8.675188,29509.44694224494
GPUCOND_038,12,FT_BALANCED_SINGLE_RESOURCE_REFERENCE,GROUP_A_DUPSAFE70,GPU_SINGLE_T4,1,256,8,8632288,8.632288,29656.100445212207
GPUCOND_038,12,FT_BALANCED_SINGLE_RESOURCE_REFERENCE,GROUP_A_DUPSAFE70,GPU_SINGLE_T4,1,256,9,8630497,8.630497,29662.25467664261
GPUCOND_038,12,FT_BALANCED_SINGLE_RESOURCE_REFERENCE,GROUP_A_DUPSAFE70,GPU_SINGLE_T4,1,256,10,8620490,8.62049,29696.687775288876
GPUCOND_038,12,FT_BALANCED_SINGLE_RESOURCE_REFERENCE,GROUP_A_DUPSAFE70,GPU_SINGLE_T4,1,256,11,8638962,8.638962,29633.1897281178
GPUCOND_038,12,FT_BALANCED_SINGLE_RESOURCE_REFERENCE,GROUP_A_DUPSAFE70,GPU_SINGLE_T4,1,256,12,8617770,8.61777,29706.060848688234
GPUCOND_038,12,FT_BALANCED_SINGLE_RESOURCE_REFERENCE,GROUP_A_DUPSAFE70,GPU_SINGLE_T4,1,256,13,8631467,8.631467,29658.921247106664
GPUCOND_038,12,FT_BALANCED_SINGLE_RESOURCE_REFERENCE,GROUP_A_DUPSAFE70,GPU_SINGLE_T4,1,256,14,8652980,8.65298,29585.183370353334
GPUCOND_038,12,FT_BALANCED_SINGLE_RESOURCE_REFERENCE,GROUP_A_DUPSAFE70,GPU_SINGLE_T4,1,256,15,8621959,8.621959,29691.62808591412
GPUCOND_038,12,FT_BALANCED_SINGLE_RESOURCE_REFERENCE,GROUP_A_DUPSAFE70,GPU_SINGLE_T4,1,256,16,8600468,8.600468,29765.82204596308
GPUCOND_038,12,FT_BALANCED_SINGLE_RESOURCE_REFERENCE,GROUP_A_DUPSAFE70,GPU_SINGLE_T4,1,256,17,8597400,8.5974,29776.444041221766
GPUCOND_038,12,FT_BALANCED_SINGLE_RESOURCE_REFERENCE,GROUP_A_DUPSAFE70,GPU_SINGLE_T4,1,256,18,8626809,8.626809,29674.93542513808
GPUCOND_038,12,FT_BALANCED_SINGLE_RESOURCE_REFERENCE,GROUP_A_DUPSAFE70,GPU_SINGLE_T4,1,256,19,8743421,8.743421,29279.15743734632
GPUCOND_038,12,FT_BALANCED_SINGLE_RESOURCE_REFERENCE,GROUP_A_DUPSAFE70,GPU_SINGLE_T4,1,256,20,8709461,8.709461,29393.322962236125
GPUCOND_038,12,FT_BALANCED_SINGLE_RESOURCE_REFERENCE,GROUP_A_DUPSAFE70,GPU_SINGLE_T4,1,256,21,8622414,8.622414,29690.061275183492
GPUCOND_038,12,FT_BALANCED_SINGLE_RESOURCE_REFERENCE,GROUP_A_DUPSAFE70,GPU_SINGLE_T4,1,256,22,8654613,8.654613,29579.601075172282
GPUCOND_038,12,FT_BALANCED_SINGLE_RESOURCE_REFERENCE,GROUP_A_DUPSAFE70,GPU_SINGLE_T4,1,256,23,8592830,8.59283,29792.280308117348
GPUCOND_038,12,FT_BALANCED_SINGLE_RESOURCE_REFERENCE,GROUP_A_DUPSAFE70,GPU_SINGLE_T4,1,256,24,8611020,8.61102,29729.346813734028
GPUCOND_038,12,FT_BALANCED_SINGLE_RESOURCE_REFERENCE,GROUP_A_DUPSAFE70,GPU_SINGLE_T4,1,256,25,8638919,8.638919,29633.337226567353
GPUCOND_038,12,FT_BALANCED_SINGLE_RESOURCE_REFERENCE,GROUP_A_DUPSAFE70,GPU_SINGLE_T4,1,256,26,8631020,8.63102,29660.457280831233
GPUCOND_038,12,FT_BALANCED_SINGLE_RESOURCE_REFERENCE,GROUP_A_DUPSAFE70,GPU_SINGLE_T4,1,256,27,8623715,8.623715,29685.582141803156
GPUCOND_038,12,FT_BALANCED_SINGLE_RESOURCE_REFERENCE,GROUP_A_DUPSAFE70,GPU_SINGLE_T4,1,256,28,8639825,8.639825,29630.229778959645
GPUCOND_038,12,FT_BALANCED_SINGLE_RESOURCE_REFERENCE,GROUP_A_DUPSAFE70,GPU_SINGLE_T4,1,256,29,8611349,8.611349,29728.21099226149
GPUCOND_038,12,FT_BALANCED_SINGLE_RESOURCE_REFERENCE,GROUP_A_DUPSAFE70,GPU_SINGLE_T4,1,256,30,8616668,8.616668,29709.860006211216
GPUCOND_038,12,FT_BALANCED_SINGLE_RESOURCE_REFERENCE,GROUP_A_DUPSAFE70,GPU_SINGLE_T4,1,256,31,8595629,8.595629,29782.579029411343
GPUCOND_038,12,FT_BALANCED_SINGLE_RESOURCE_REFERENCE,GROUP_A_DUPSAFE70,GPU_SINGLE_T4,1,256,32,8615864,8.615864,29712.63241852471
GPUCOND_038,12,FT_BALANCED_SINGLE_RESOURCE_REFERENCE,GROUP_A_DUPSAFE70,GPU_SINGLE_T4,1,256,33,8608319,8.608319,29738.67487949738
GPUCOND_038,12,FT_BALANCED_SINGLE_RESOURCE_REFERENCE,GROUP_A_DUPSAFE70,GPU_SINGLE_T4,1,256,34,8589045,8.589045,29805.409099614684
GPUCOND_038,12,FT_BALANCED_SINGLE_RESOURCE_REFERENCE,GROUP_A_DUPSAFE70,GPU_SINGLE_T4,1,256,35,8581691,8.581691,29830.950566735624
GPUCOND_038,12,FT_BALANCED_SINGLE_RESOURCE_REFERENCE,GROUP_A_DUPSAFE70,GPU_SINGLE_T4,1,256,36,8573628,8.573628,29859.004846023177
GPUCOND_038,12,FT_BALANCED_SINGLE_RESOURCE_REFERENCE,GROUP_A_DUPSAFE70,GPU_SINGLE_T4,1,256,37,8587583,8.587583,29810.483345546705
GPUCOND_038,12,FT_BALANCED_SINGLE_RESOURCE_REFERENCE,GROUP_A_DUPSAFE70,GPU_SINGLE_T4,1,256,38,8596084,8.596084,29781.0026053724
GPUCOND_038,12,FT_BALANCED_SINGLE_RESOURCE_REFERENCE,GROUP_A_DUPSAFE70,GPU_SINGLE_T4,1,256,39,8686942,8.686942,29469.518732829114
GPUCOND_038,12,FT_BALANCED_SINGLE_RESOURCE_REFERENCE,GROUP_A_DUPSAFE70,GPU_SINGLE_T4,1,256,40,8696397,8.696397,29437.478532776277
GPUCOND_038,12,FT_BALANCED_SINGLE_RESOURCE_REFERENCE,GROUP_A_DUPSAFE70,GPU_SINGLE_T4,1,256,41,8723492,8.723492,29346.04628513444
GPUCOND_038,12,FT_BALANCED_SINGLE_RESOURCE_REFERENCE,GROUP_A_DUPSAFE70,GPU_SINGLE_T4,1,256,42,8662083,8.662083,29554.09224317061
GPUCOND_038,12,FT_BALANCED_SINGLE_RESOURCE_REFERENCE,GROUP_A_DUPSAFE70,GPU_SINGLE_T4,1,256,43,8616805,8.616805,29709.387644260256
GPUCOND_038,12,FT_BALANCED_SINGLE_RESOURCE_REFERENCE,GROUP_A_DUPSAFE70,GPU_SINGLE_T4,1,256,44,8637918,8.637918,29636.771268261633
GPUCOND_038,12,FT_BALANCED_SINGLE_RESOURCE_REFERENCE,GROUP_A_DUPSAFE70,GPU_SINGLE_T4,1,256,45,8598334,8.598334,29773.20955431599
GPUCOND_038,12,FT_BALANCED_SINGLE_RESOURCE_REFERENCE,GROUP_A_DUPSAFE70,GPU_SINGLE_T4,1,256,46,8608555,8.608555,29737.859605938513
GPUCOND_038,12,FT_BALANCED_SINGLE_RESOURCE_REFERENCE,GROUP_A_DUPSAFE70,GPU_SINGLE_T4,1,256,47,8667352,8.667352,29536.125912504765
GPUCOND_038,12,FT_BALANCED_SINGLE_RESOURCE_REFERENCE,GROUP_A_DUPSAFE70,GPU_SINGLE_T4,1,256,48,8620750,8.62075,29695.792129455094
GPUCOND_038,12,FT_BALANCED_SINGLE_RESOURCE_REFERENCE,GROUP_A_DUPSAFE70,GPU_SINGLE_T4,1,256,49,8643882,8.643882,29616.32285123744
GPUCOND_038,12,FT_BALANCED_SINGLE_RESOURCE_REFERENCE,GROUP_A_DUPSAFE70,GPU_SINGLE_T4,1,256,50,8648256,8.648256,29601.343901013104
GPUCOND_038,12,FT_BALANCED_SINGLE_RESOURCE_REFERENCE,GROUP_A_DUPSAFE70,GPU_SINGLE_T4,1,256,51,8652150,8.65215,29588.02147443121
GPUCOND_038,12,FT_BALANCED_SINGLE_RESOURCE_REFERENCE,GROUP_A_DUPSAFE70,GPU_SINGLE_T4,1,256,52,8628812,8.628812,29668.04700345772
GPUCOND_038,12,FT_BALANCED_SINGLE_RESOURCE_REFERENCE,GROUP_A_DUPSAFE70,GPU_SINGLE_T4,1,256,53,8656600,8.6566,29572.81149643047
GPUCOND_038,12,FT_BALANCED_SINGLE_RESOURCE_REFERENCE,GROUP_A_DUPSAFE70,GPU_SINGLE_T4,1,256,54,8653317,8.653317,29584.031187115877
GPUCOND_038,12,FT_BALANCED_SINGLE_RESOURCE_REFERENCE,GROUP_A_DUPSAFE70,GPU_SINGLE_T4,1,256,55,8579621,8.579621,29838.1478622424
GPUCOND_038,12,FT_BALANCED_SINGLE_RESOURCE_REFERENCE,GROUP_A_DUPSAFE70,GPU_SINGLE_T4,1,256,56,8571916,8.571916,29864.968345466754
GPUCOND_038,12,FT_BALANCED_SINGLE_RESOURCE_REFERENCE,GROUP_A_DUPSAFE70,GPU_SINGLE_T4,1,256,57,8566463,8.566463,29883.978953740883
GPUCOND_038,12,FT_BALANCED_SINGLE_RESOURCE_REFERENCE,GROUP_A_DUPSAFE70,GPU_SINGLE_T4,1,256,58,8713438,8.713438,29379.907219171124
GPUCOND_038,12,FT_BALANCED_SINGLE_RESOURCE_REFERENCE,GROUP_A_DUPSAFE70,GPU_SINGLE_T4,1,256,59,8588095,8.588095,29808.70612167192
GPUCOND_038,12,FT_BALANCED_SINGLE_RESOURCE_REFERENCE,GROUP_A_DUPSAFE70,GPU_SINGLE_T4,1,256,60,8621457,8.621457,29693.35693491251
GPUCOND_038,12,FT_BALANCED_SINGLE_RESOURCE_REFERENCE,GROUP_A_DUPSAFE70,GPU_SINGLE_T4,1,256,61,8610728,8.610728,29730.35497114762
GPUCOND_038,12,FT_BALANCED_SINGLE_RESOURCE_REFERENCE,GROUP_A_DUPSAFE70,GPU_SINGLE_T4,1,256,62,8576858,8.576858,29847.760100493677
GPUCOND_038,12,FT_BALANCED_SINGLE_RESOURCE_REFERENCE,GROUP_A_DUPSAFE70,GPU_SINGLE_T4,1,256,63,8618754,8.618754,29702.669318558113
GPUCOND_038,12,FT_BALANCED_SINGLE_RESOURCE_REFERENCE,GROUP_A_DUPSAFE70,GPU_SINGLE_T4,1,256,64,8621822,8.621822,29692.09988329613
GPUCOND_038,12,FT_BALANCED_SINGLE_RESOURCE_REFERENCE,GROUP_A_DUPSAFE70,GPU_SINGLE_T4,1,256,65,8639602,8.639602,29630.99457590755
GPUCOND_038,12,FT_BALANCED_SINGLE_RESOURCE_REFERENCE,GROUP_A_DUPSAFE70,GPU_SINGLE_T4,1,256,66,8625406,8.625406,29679.762320753365
GPUCOND_038,12,FT_BALANCED_SINGLE_RESOURCE_REFERENCE,GROUP_A_DUPSAFE70,GPU_SINGLE_T4,1,256,67,8564344,8.564344,29891.372882733343
GPUCOND_038,12,FT_BALANCED_SINGLE_RESOURCE_REFERENCE,GROUP_A_DUPSAFE70,GPU_SINGLE_T4,1,256,68,8579258,8.579258,29839.41035460176
GPUCOND_038,12,FT_BALANCED_SINGLE_RESOURCE_REFERENCE,GROUP_A_DUPSAFE70,GPU_SINGLE_T4,1,256,69,8569962,8.569962,29871.7777278359
GPUCOND_038,12,FT_BALANCED_SINGLE_RESOURCE_REFERENCE,GROUP_A_DUPSAFE70,GPU_SINGLE_T4,1,256,70,8572267,8.572267,29863.7454946282
GPUCOND_038,12,FT_BALANCED_SINGLE_RESOURCE_REFERENCE,GROUP_A_DUPSAFE70,GPU_SINGLE_T4,1,256,71,8590525,8.590525,29800.274139240617
GPUCOND_038,12,FT_BALANCED_SINGLE_RESOURCE_REFERENCE,GROUP_A_DUPSAFE70,GPU_SINGLE_T4,1,256,72,8570178,8.570178,29871.024849192163
GPUCOND_038,12,FT_BALANCED_SINGLE_RESOURCE_REFERENCE,GROUP_A_DUPSAFE70,GPU_SINGLE_T4,1,256,73,8632259,8.632259,29656.200074627046
GPUCOND_038,12,FT_BALANCED_SINGLE_RESOURCE_REFERENCE,GROUP_A_DUPSAFE70,GPU_SINGLE_T4,1,256,74,8566329,8.566329,29884.446418063093
GPUCOND_038,12,FT_BALANCED_SINGLE_RESOURCE_REFERENCE,GROUP_A_DUPSAFE70,GPU_SINGLE_T4,1,256,75,8593166,8.593166,29791.1154049625
GPUCOND_038,12,FT_BALANCED_SINGLE_RESOURCE_REFERENCE,GROUP_A_DUPSAFE70,GPU_SINGLE_T4,1,256,76,8556944,8.556944,29917.22278420894
GPUCOND_038,12,FT_BALANCED_SINGLE_RESOURCE_REFERENCE,GROUP_A_DUPSAFE70,GPU_SINGLE_T4,1,256,77,8577082,8.577082,29846.980593166765
GPUCOND_038,12,FT_BALANCED_SINGLE_RESOURCE_REFERENCE,GROUP_A_DUPSAFE70,GPU_SINGLE_T4,1,256,78,8613928,8.613928,29719.310400551294
GPUCOND_038,12,FT_BALANCED_SINGLE_RESOURCE_REFERENCE,GROUP_A_DUPSAFE70,GPU_SINGLE_T4,1,256,79,8621963,8.621963,29691.614311033347
GPUCOND_038,12,FT_BALANCED_SINGLE_RESOURCE_REFERENCE,GROUP_A_DUPSAFE70,GPU_SINGLE_T4,1,256,80,8572001,8.572001,29864.672204307957
GPUCOND_038,12,FT_BALANCED_SINGLE_RESOURCE_REFERENCE,GROUP_A_DUPSAFE70,GPU_SINGLE_T4,1,256,81,8532357,8.532357,30003.432814637268
GPUCOND_038,12,FT_BALANCED_SINGLE_RESOURCE_REFERENCE,GROUP_A_DUPSAFE70,GPU_SINGLE_T4,1,256,82,8572034,8.572034,29864.557233440744
GPUCOND_038,12,FT_BALANCED_SINGLE_RESOURCE_REFERENCE,GROUP_A_DUPSAFE70,GPU_SINGLE_T4,1,256,83,8594746,8.594746,29785.6388077088
GPUCOND_038,12,FT_BALANCED_SINGLE_RESOURCE_REFERENCE,GROUP_A_DUPSAFE70,GPU_SINGLE_T4,1,256,84,8620028,8.620028,29698.27940234069
GPUCOND_038,12,FT_BALANCED_SINGLE_RESOURCE_REFERENCE,GROUP_A_DUPSAFE70,GPU_SINGLE_T4,1,256,85,8609660,8.60966,29734.042923878525
GPUCOND_038,12,FT_BALANCED_SINGLE_RESOURCE_REFERENCE,GROUP_A_DUPSAFE70,GPU_SINGLE_T4,1,256,86,8535901,8.535901,29990.97576225404
GPUCOND_038,12,FT_BALANCED_SINGLE_RESOURCE_REFERENCE,GROUP_A_DUPSAFE70,GPU_SINGLE_T4,1,256,87,8589421,8.589421,29804.10437443921
GPUCOND_038,12,FT_BALANCED_SINGLE_RESOURCE_REFERENCE,GROUP_A_DUPSAFE70,GPU_SINGLE_T4,1,256,88,8662268,8.662268,29553.46105661935
GPUCOND_038,12,FT_BALANCED_SINGLE_RESOURCE_REFERENCE,GROUP_A_DUPSAFE70,GPU_SINGLE_T4,1,256,89,8592013,8.592013,29795.113205717917
GPUCOND_038,12,FT_BALANCED_SINGLE_RESOURCE_REFERENCE,GROUP_A_DUPSAFE70,GPU_SINGLE_T4,1,256,90,8613497,8.613497,29720.79748794247
GPUCOND_038,12,FT_BALANCED_SINGLE_RESOURCE_REFERENCE,GROUP_A_DUPSAFE70,GPU_SINGLE_T4,1,256,91,8562150,8.56215,29899.032369206332
GPUCOND_038,12,FT_BALANCED_SINGLE_RESOURCE_REFERENCE,GROUP_A_DUPSAFE70,GPU_SINGLE_T4,1,256,92,8583559,8.583559,29824.458595787597
GPUCOND_038,12,FT_BALANCED_SINGLE_RESOURCE_REFERENCE,GROUP_A_DUPSAFE70,GPU_SINGLE_T4,1,256,93,8640101,8.640101,29629.283268795123
GPUCOND_038,12,FT_BALANCED_SINGLE_RESOURCE_REFERENCE,GROUP_A_DUPSAFE70,GPU_SINGLE_T4,1,256,94,8607219,8.607219,29742.475473204526
GPUCOND_038,12,FT_BALANCED_SINGLE_RESOURCE_REFERENCE,GROUP_A_DUPSAFE70,GPU_SINGLE_T4,1,256,95,8604948,8.604948,29750.325045543563
GPUCOND_038,12,FT_BALANCED_SINGLE_RESOURCE_REFERENCE,GROUP_A_DUPSAFE70,GPU_SINGLE_T4,1,256,96,8663681,8.663681,29548.641045301643
GPUCOND_038,12,FT_BALANCED_SINGLE_RESOURCE_REFERENCE,GROUP_A_DUPSAFE70,GPU_SINGLE_T4,1,256,97,8591373,8.591373,29797.33274297368
GPUCOND_038,12,FT_BALANCED_SINGLE_RESOURCE_REFERENCE,GROUP_A_DUPSAFE70,GPU_SINGLE_T4,1,256,98,8601437,8.601437,29762.468759580523
GPUCOND_038,12,FT_BALANCED_SINGLE_RESOURCE_REFERENCE,GROUP_A_DUPSAFE70,GPU_SINGLE_T4,1,256,99,8580586,8.580586,29834.79216920616
GPUCOND_038,12,FT_BALANCED_SINGLE_RESOURCE_REFERENCE,GROUP_A_DUPSAFE70,GPU_SINGLE_T4,1,256,100,8617187,8.617187,29708.070626760218
GPUCOND_024,13,STAGE20_MASKED_CNN_V1,GROUP_B_PACKET_IMAGE,GPU_SINGLE_T4,1,1024,1,196994623,196.994623,5198.111422564057
GPUCOND_024,13,STAGE20_MASKED_CNN_V1,GROUP_B_PACKET_IMAGE,GPU_SINGLE_T4,1,1024,2,197172213,197.172213,5193.429563018598
GPUCOND_024,13,STAGE20_MASKED_CNN_V1,GROUP_B_PACKET_IMAGE,GPU_SINGLE_T4,1,1024,3,197153927,197.153927,5193.911252906466
GPUCOND_024,13,STAGE20_MASKED_CNN_V1,GROUP_B_PACKET_IMAGE,GPU_SINGLE_T4,1,1024,4,197116842,197.116842,5194.888420543994
GPUCOND_024,13,STAGE20_MASKED_CNN_V1,GROUP_B_PACKET_IMAGE,GPU_SINGLE_T4,1,1024,5,197068183,197.068183,5196.171114035186
GPUCOND_024,13,STAGE20_MASKED_CNN_V1,GROUP_B_PACKET_IMAGE,GPU_SINGLE_T4,1,1024,6,197291843,197.291843,5190.280471960516
GPUCOND_024,13,STAGE20_MASKED_CNN_V1,GROUP_B_PACKET_IMAGE,GPU_SINGLE_T4,1,1024,7,197215125,197.215125,5192.299525708284
GPUCOND_024,13,STAGE20_MASKED_CNN_V1,GROUP_B_PACKET_IMAGE,GPU_SINGLE_T4,1,1024,8,197185185,197.185185,5193.087908708761
GPUCOND_024,13,STAGE20_MASKED_CNN_V1,GROUP_B_PACKET_IMAGE,GPU_SINGLE_T4,1,1024,9,197133486,197.133486,5194.449815593481
GPUCOND_024,13,STAGE20_MASKED_CNN_V1,GROUP_B_PACKET_IMAGE,GPU_SINGLE_T4,1,1024,10,196962436,196.962436,5198.960882063827
GPUCOND_024,13,STAGE20_MASKED_CNN_V1,GROUP_B_PACKET_IMAGE,GPU_SINGLE_T4,1,1024,11,197148688,197.148688,5194.049275133903
GPUCOND_024,13,STAGE20_MASKED_CNN_V1,GROUP_B_PACKET_IMAGE,GPU_SINGLE_T4,1,1024,12,197106736,197.106736,5195.154771372197
GPUCOND_024,13,STAGE20_MASKED_CNN_V1,GROUP_B_PACKET_IMAGE,GPU_SINGLE_T4,1,1024,13,197242147,197.242147,5191.588185257383
GPUCOND_024,13,STAGE20_MASKED_CNN_V1,GROUP_B_PACKET_IMAGE,GPU_SINGLE_T4,1,1024,14,197164523,197.164523,5193.632122144002
GPUCOND_024,13,STAGE20_MASKED_CNN_V1,GROUP_B_PACKET_IMAGE,GPU_SINGLE_T4,1,1024,15,197066947,197.066947,5196.2037043178025
GPUCOND_024,13,STAGE20_MASKED_CNN_V1,GROUP_B_PACKET_IMAGE,GPU_SINGLE_T4,1,1024,16,197027813,197.027813,5197.235783153113
GPUCOND_024,13,STAGE20_MASKED_CNN_V1,GROUP_B_PACKET_IMAGE,GPU_SINGLE_T4,1,1024,17,197104115,197.104115,5195.22385415444
GPUCOND_024,13,STAGE20_MASKED_CNN_V1,GROUP_B_PACKET_IMAGE,GPU_SINGLE_T4,1,1024,18,197069606,197.069606,5196.13359352837
GPUCOND_024,13,STAGE20_MASKED_CNN_V1,GROUP_B_PACKET_IMAGE,GPU_SINGLE_T4,1,1024,19,197020278,197.020278,5197.434550366434
GPUCOND_024,13,STAGE20_MASKED_CNN_V1,GROUP_B_PACKET_IMAGE,GPU_SINGLE_T4,1,1024,20,197188718,197.188718,5192.994864949626
GPUCOND_024,13,STAGE20_MASKED_CNN_V1,GROUP_B_PACKET_IMAGE,GPU_SINGLE_T4,1,1024,21,197123288,197.123288,5194.718545887891
GPUCOND_024,13,STAGE20_MASKED_CNN_V1,GROUP_B_PACKET_IMAGE,GPU_SINGLE_T4,1,1024,22,197044967,197.044967,5196.783331187546
GPUCOND_024,13,STAGE20_MASKED_CNN_V1,GROUP_B_PACKET_IMAGE,GPU_SINGLE_T4,1,1024,23,197064382,197.064382,5196.271338369001
GPUCOND_024,13,STAGE20_MASKED_CNN_V1,GROUP_B_PACKET_IMAGE,GPU_SINGLE_T4,1,1024,24,197278660,197.27866,5190.627308599926
GPUCOND_024,13,STAGE20_MASKED_CNN_V1,GROUP_B_PACKET_IMAGE,GPU_SINGLE_T4,1,1024,25,197160040,197.16004,5193.750214292917
GPUCOND_024,13,STAGE20_MASKED_CNN_V1,GROUP_B_PACKET_IMAGE,GPU_SINGLE_T4,1,1024,26,197028223,197.028223,5197.22496812043
GPUCOND_024,13,STAGE20_MASKED_CNN_V1,GROUP_B_PACKET_IMAGE,GPU_SINGLE_T4,1,1024,27,197114187,197.114187,5194.9583923150085
GPUCOND_024,13,STAGE20_MASKED_CNN_V1,GROUP_B_PACKET_IMAGE,GPU_SINGLE_T4,1,1024,28,197201752,197.201752,5192.651635265391
GPUCOND_024,13,STAGE20_MASKED_CNN_V1,GROUP_B_PACKET_IMAGE,GPU_SINGLE_T4,1,1024,29,197123269,197.123269,5194.719046588051
GPUCOND_024,13,STAGE20_MASKED_CNN_V1,GROUP_B_PACKET_IMAGE,GPU_SINGLE_T4,1,1024,30,197025239,197.025239,5197.303681484178
GPUCOND_024,13,STAGE20_MASKED_CNN_V1,GROUP_B_PACKET_IMAGE,GPU_SINGLE_T4,1,1024,31,197120336,197.120336,5194.796340038706
GPUCOND_024,13,STAGE20_MASKED_CNN_V1,GROUP_B_PACKET_IMAGE,GPU_SINGLE_T4,1,1024,32,197212591,197.212591,5192.366241970828
GPUCOND_024,13,STAGE20_MASKED_CNN_V1,GROUP_B_PACKET_IMAGE,GPU_SINGLE_T4,1,1024,33,197137041,197.137041,5194.356143349032
GPUCOND_024,13,STAGE20_MASKED_CNN_V1,GROUP_B_PACKET_IMAGE,GPU_SINGLE_T4,1,1024,34,197067430,197.06743,5196.190968746078
GPUCOND_024,13,STAGE20_MASKED_CNN_V1,GROUP_B_PACKET_IMAGE,GPU_SINGLE_T4,1,1024,35,197181188,197.181188,5193.193176217195
GPUCOND_024,13,STAGE20_MASKED_CNN_V1,GROUP_B_PACKET_IMAGE,GPU_SINGLE_T4,1,1024,36,197066643,197.066643,5196.211720113383
GPUCOND_024,13,STAGE20_MASKED_CNN_V1,GROUP_B_PACKET_IMAGE,GPU_SINGLE_T4,1,1024,37,197038612,197.038612,5196.950940762818
GPUCOND_024,13,STAGE20_MASKED_CNN_V1,GROUP_B_PACKET_IMAGE,GPU_SINGLE_T4,1,1024,38,196996077,196.996077,5198.073056043649
GPUCOND_024,13,STAGE20_MASKED_CNN_V1,GROUP_B_PACKET_IMAGE,GPU_SINGLE_T4,1,1024,39,197193514,197.193514,5192.868564632405
GPUCOND_024,13,STAGE20_MASKED_CNN_V1,GROUP_B_PACKET_IMAGE,GPU_SINGLE_T4,1,1024,40,197115777,197.115777,5194.916488090144
GPUCOND_024,13,STAGE20_MASKED_CNN_V1,GROUP_B_PACKET_IMAGE,GPU_SINGLE_T4,1,1024,41,197054812,197.054812,5196.523696158204
GPUCOND_024,13,STAGE20_MASKED_CNN_V1,GROUP_B_PACKET_IMAGE,GPU_SINGLE_T4,1,1024,42,197117710,197.11771,5194.865545059345
GPUCOND_024,13,STAGE20_MASKED_CNN_V1,GROUP_B_PACKET_IMAGE,GPU_SINGLE_T4,1,1024,43,197075515,197.075515,5195.977795618091
GPUCOND_024,13,STAGE20_MASKED_CNN_V1,GROUP_B_PACKET_IMAGE,GPU_SINGLE_T4,1,1024,44,197142317,197.142317,5194.217129952875
GPUCOND_024,13,STAGE20_MASKED_CNN_V1,GROUP_B_PACKET_IMAGE,GPU_SINGLE_T4,1,1024,45,196951116,196.951116,5199.2596985335185
GPUCOND_024,13,STAGE20_MASKED_CNN_V1,GROUP_B_PACKET_IMAGE,GPU_SINGLE_T4,1,1024,46,197253294,197.253294,5191.294802914673
GPUCOND_024,13,STAGE20_MASKED_CNN_V1,GROUP_B_PACKET_IMAGE,GPU_SINGLE_T4,1,1024,47,197125666,197.125666,5194.655880071954
GPUCOND_024,13,STAGE20_MASKED_CNN_V1,GROUP_B_PACKET_IMAGE,GPU_SINGLE_T4,1,1024,48,197010780,197.01078,5197.685121595884
GPUCOND_024,13,STAGE20_MASKED_CNN_V1,GROUP_B_PACKET_IMAGE,GPU_SINGLE_T4,1,1024,49,197010318,197.010318,5197.697310452542
GPUCOND_024,13,STAGE20_MASKED_CNN_V1,GROUP_B_PACKET_IMAGE,GPU_SINGLE_T4,1,1024,50,197118558,197.118558,5194.843196854149
GPUCOND_017,14,FT_BALANCED_5_CHECKPOINT_SOFT_VOTING,GROUP_A_DUPSAFE70,GPU_SINGLE_T4,1,64,1,11558447,11.558447,5537.076044904648
GPUCOND_017,14,FT_BALANCED_5_CHECKPOINT_SOFT_VOTING,GROUP_A_DUPSAFE70,GPU_SINGLE_T4,1,64,2,11498739,11.498739,5565.8276964108845
GPUCOND_017,14,FT_BALANCED_5_CHECKPOINT_SOFT_VOTING,GROUP_A_DUPSAFE70,GPU_SINGLE_T4,1,64,3,11547574,11.547574,5542.289661880495
GPUCOND_017,14,FT_BALANCED_5_CHECKPOINT_SOFT_VOTING,GROUP_A_DUPSAFE70,GPU_SINGLE_T4,1,64,4,11536124,11.536124,5547.790575066634
GPUCOND_017,14,FT_BALANCED_5_CHECKPOINT_SOFT_VOTING,GROUP_A_DUPSAFE70,GPU_SINGLE_T4,1,64,5,11482334,11.482334,5573.779686255425
GPUCOND_017,14,FT_BALANCED_5_CHECKPOINT_SOFT_VOTING,GROUP_A_DUPSAFE70,GPU_SINGLE_T4,1,64,6,11510780,11.51078,5560.005490505422
GPUCOND_017,14,FT_BALANCED_5_CHECKPOINT_SOFT_VOTING,GROUP_A_DUPSAFE70,GPU_SINGLE_T4,1,64,7,11545924,11.545924,5543.0816970560345
GPUCOND_017,14,FT_BALANCED_5_CHECKPOINT_SOFT_VOTING,GROUP_A_DUPSAFE70,GPU_SINGLE_T4,1,64,8,11518514,11.518514,5556.272276093948
GPUCOND_017,14,FT_BALANCED_5_CHECKPOINT_SOFT_VOTING,GROUP_A_DUPSAFE70,GPU_SINGLE_T4,1,64,9,11500051,11.500051,5565.192710884499
GPUCOND_017,14,FT_BALANCED_5_CHECKPOINT_SOFT_VOTING,GROUP_A_DUPSAFE70,GPU_SINGLE_T4,1,64,10,11480571,11.480571,5574.635616991524
GPUCOND_017,14,FT_BALANCED_5_CHECKPOINT_SOFT_VOTING,GROUP_A_DUPSAFE70,GPU_SINGLE_T4,1,64,11,11451799,11.451799,5588.64157500494
GPUCOND_017,14,FT_BALANCED_5_CHECKPOINT_SOFT_VOTING,GROUP_A_DUPSAFE70,GPU_SINGLE_T4,1,64,12,11368632,11.368632,5629.525170662574
GPUCOND_017,14,FT_BALANCED_5_CHECKPOINT_SOFT_VOTING,GROUP_A_DUPSAFE70,GPU_SINGLE_T4,1,64,13,11421544,11.421544,5603.445558674029
GPUCOND_017,14,FT_BALANCED_5_CHECKPOINT_SOFT_VOTING,GROUP_A_DUPSAFE70,GPU_SINGLE_T4,1,64,14,11412704,11.412704,5607.785849873965
GPUCOND_017,14,FT_BALANCED_5_CHECKPOINT_SOFT_VOTING,GROUP_A_DUPSAFE70,GPU_SINGLE_T4,1,64,15,11490915,11.490915,5569.61738904169
GPUCOND_017,14,FT_BALANCED_5_CHECKPOINT_SOFT_VOTING,GROUP_A_DUPSAFE70,GPU_SINGLE_T4,1,64,16,11580977,11.580977,5526.304041532938
GPUCOND_017,14,FT_BALANCED_5_CHECKPOINT_SOFT_VOTING,GROUP_A_DUPSAFE70,GPU_SINGLE_T4,1,64,17,11515207,11.515207,5557.867956694135
GPUCOND_017,14,FT_BALANCED_5_CHECKPOINT_SOFT_VOTING,GROUP_A_DUPSAFE70,GPU_SINGLE_T4,1,64,18,11505151,11.505151,5562.725773872938
GPUCOND_017,14,FT_BALANCED_5_CHECKPOINT_SOFT_VOTING,GROUP_A_DUPSAFE70,GPU_SINGLE_T4,1,64,19,11483694,11.483694,5573.119590264248
GPUCOND_017,14,FT_BALANCED_5_CHECKPOINT_SOFT_VOTING,GROUP_A_DUPSAFE70,GPU_SINGLE_T4,1,64,20,11367751,11.367751,5629.9614585154095
GPUCOND_017,14,FT_BALANCED_5_CHECKPOINT_SOFT_VOTING,GROUP_A_DUPSAFE70,GPU_SINGLE_T4,1,64,21,11376691,11.376691,5625.537337702149
GPUCOND_017,14,FT_BALANCED_5_CHECKPOINT_SOFT_VOTING,GROUP_A_DUPSAFE70,GPU_SINGLE_T4,1,64,22,11400954,11.400954,5613.565320937178
GPUCOND_017,14,FT_BALANCED_5_CHECKPOINT_SOFT_VOTING,GROUP_A_DUPSAFE70,GPU_SINGLE_T4,1,64,23,11441097,11.441097,5593.8691892919005
GPUCOND_017,14,FT_BALANCED_5_CHECKPOINT_SOFT_VOTING,GROUP_A_DUPSAFE70,GPU_SINGLE_T4,1,64,24,11593463,11.593463,5520.352288181711
GPUCOND_017,14,FT_BALANCED_5_CHECKPOINT_SOFT_VOTING,GROUP_A_DUPSAFE70,GPU_SINGLE_T4,1,64,25,11591705,11.591705,5521.189505771584
GPUCOND_017,14,FT_BALANCED_5_CHECKPOINT_SOFT_VOTING,GROUP_A_DUPSAFE70,GPU_SINGLE_T4,1,64,26,11660604,11.660604,5488.56645847848
GPUCOND_017,14,FT_BALANCED_5_CHECKPOINT_SOFT_VOTING,GROUP_A_DUPSAFE70,GPU_SINGLE_T4,1,64,27,11665318,11.665318,5486.348507601764
GPUCOND_017,14,FT_BALANCED_5_CHECKPOINT_SOFT_VOTING,GROUP_A_DUPSAFE70,GPU_SINGLE_T4,1,64,28,11698663,11.698663,5470.710627359725
GPUCOND_017,14,FT_BALANCED_5_CHECKPOINT_SOFT_VOTING,GROUP_A_DUPSAFE70,GPU_SINGLE_T4,1,64,29,11480909,11.480909,5574.47149872889
GPUCOND_017,14,FT_BALANCED_5_CHECKPOINT_SOFT_VOTING,GROUP_A_DUPSAFE70,GPU_SINGLE_T4,1,64,30,11595626,11.595626,5519.322544552575
GPUCOND_017,14,FT_BALANCED_5_CHECKPOINT_SOFT_VOTING,GROUP_A_DUPSAFE70,GPU_SINGLE_T4,1,64,31,11458019,11.458019,5585.60777390926
GPUCOND_017,14,FT_BALANCED_5_CHECKPOINT_SOFT_VOTING,GROUP_A_DUPSAFE70,GPU_SINGLE_T4,1,64,32,11588949,11.588949,5522.502515111594
GPUCOND_017,14,FT_BALANCED_5_CHECKPOINT_SOFT_VOTING,GROUP_A_DUPSAFE70,GPU_SINGLE_T4,1,64,33,11485994,11.485994,5572.003607175835
GPUCOND_017,14,FT_BALANCED_5_CHECKPOINT_SOFT_VOTING,GROUP_A_DUPSAFE70,GPU_SINGLE_T4,1,64,34,11579752,11.579752,5526.888658755386
GPUCOND_017,14,FT_BALANCED_5_CHECKPOINT_SOFT_VOTING,GROUP_A_DUPSAFE70,GPU_SINGLE_T4,1,64,35,11506430,11.50643,5562.10744774878
GPUCOND_017,14,FT_BALANCED_5_CHECKPOINT_SOFT_VOTING,GROUP_A_DUPSAFE70,GPU_SINGLE_T4,1,64,36,11576674,11.576674,5528.358145007797
GPUCOND_017,14,FT_BALANCED_5_CHECKPOINT_SOFT_VOTING,GROUP_A_DUPSAFE70,GPU_SINGLE_T4,1,64,37,11440120,11.44012,5594.346912444975
GPUCOND_017,14,FT_BALANCED_5_CHECKPOINT_SOFT_VOTING,GROUP_A_DUPSAFE70,GPU_SINGLE_T4,1,64,38,11574904,11.574904,5529.203525143707
GPUCOND_017,14,FT_BALANCED_5_CHECKPOINT_SOFT_VOTING,GROUP_A_DUPSAFE70,GPU_SINGLE_T4,1,64,39,11799293,11.799293,5424.053797121574
GPUCOND_017,14,FT_BALANCED_5_CHECKPOINT_SOFT_VOTING,GROUP_A_DUPSAFE70,GPU_SINGLE_T4,1,64,40,11572182,11.572182,5530.504100263892
GPUCOND_017,14,FT_BALANCED_5_CHECKPOINT_SOFT_VOTING,GROUP_A_DUPSAFE70,GPU_SINGLE_T4,1,64,41,11452694,11.452694,5588.204836346802
GPUCOND_017,14,FT_BALANCED_5_CHECKPOINT_SOFT_VOTING,GROUP_A_DUPSAFE70,GPU_SINGLE_T4,1,64,42,11439605,11.439605,5594.598764555245
GPUCOND_017,14,FT_BALANCED_5_CHECKPOINT_SOFT_VOTING,GROUP_A_DUPSAFE70,GPU_SINGLE_T4,1,64,43,11471270,11.47127,5579.155577368504
GPUCOND_017,14,FT_BALANCED_5_CHECKPOINT_SOFT_VOTING,GROUP_A_DUPSAFE70,GPU_SINGLE_T4,1,64,44,11425451,11.425451,5601.529427591086
GPUCOND_017,14,FT_BALANCED_5_CHECKPOINT_SOFT_VOTING,GROUP_A_DUPSAFE70,GPU_SINGLE_T4,1,64,45,11402427,11.402427,5612.840143593991
GPUCOND_017,14,FT_BALANCED_5_CHECKPOINT_SOFT_VOTING,GROUP_A_DUPSAFE70,GPU_SINGLE_T4,1,64,46,11388128,11.388128,5619.8876584457075
GPUCOND_017,14,FT_BALANCED_5_CHECKPOINT_SOFT_VOTING,GROUP_A_DUPSAFE70,GPU_SINGLE_T4,1,64,47,11394541,11.394541,5616.724710543408
GPUCOND_017,14,FT_BALANCED_5_CHECKPOINT_SOFT_VOTING,GROUP_A_DUPSAFE70,GPU_SINGLE_T4,1,64,48,11447835,11.447835,5590.576733504632
GPUCOND_017,14,FT_BALANCED_5_CHECKPOINT_SOFT_VOTING,GROUP_A_DUPSAFE70,GPU_SINGLE_T4,1,64,49,11457249,11.457249,5585.983162275691
GPUCOND_017,14,FT_BALANCED_5_CHECKPOINT_SOFT_VOTING,GROUP_A_DUPSAFE70,GPU_SINGLE_T4,1,64,50,11440636,11.440636,5594.0945940418
GPUCOND_017,14,FT_BALANCED_5_CHECKPOINT_SOFT_VOTING,GROUP_A_DUPSAFE70,GPU_SINGLE_T4,1,64,51,11460449,11.460449,5584.423437511044
GPUCOND_017,14,FT_BALANCED_5_CHECKPOINT_SOFT_VOTING,GROUP_A_DUPSAFE70,GPU_SINGLE_T4,1,64,52,11381606,11.381606,5623.108021838043
GPUCOND_017,14,FT_BALANCED_5_CHECKPOINT_SOFT_VOTING,GROUP_A_DUPSAFE70,GPU_SINGLE_T4,1,64,53,11391159,11.391159,5618.3922987994465
GPUCOND_017,14,FT_BALANCED_5_CHECKPOINT_SOFT_VOTING,GROUP_A_DUPSAFE70,GPU_SINGLE_T4,1,64,54,11465244,11.465244,5582.087917186935
GPUCOND_017,14,FT_BALANCED_5_CHECKPOINT_SOFT_VOTING,GROUP_A_DUPSAFE70,GPU_SINGLE_T4,1,64,55,11432878,11.432878,5597.890574884119
GPUCOND_017,14,FT_BALANCED_5_CHECKPOINT_SOFT_VOTING,GROUP_A_DUPSAFE70,GPU_SINGLE_T4,1,64,56,11466519,11.466519,5581.467226452945
GPUCOND_017,14,FT_BALANCED_5_CHECKPOINT_SOFT_VOTING,GROUP_A_DUPSAFE70,GPU_SINGLE_T4,1,64,57,11487248,11.487248,5571.395342034924
GPUCOND_017,14,FT_BALANCED_5_CHECKPOINT_SOFT_VOTING,GROUP_A_DUPSAFE70,GPU_SINGLE_T4,1,64,58,11453655,11.453655,5587.735967252375
GPUCOND_017,14,FT_BALANCED_5_CHECKPOINT_SOFT_VOTING,GROUP_A_DUPSAFE70,GPU_SINGLE_T4,1,64,59,11464813,11.464813,5582.297766217382
GPUCOND_017,14,FT_BALANCED_5_CHECKPOINT_SOFT_VOTING,GROUP_A_DUPSAFE70,GPU_SINGLE_T4,1,64,60,11435929,11.435929,5596.397109495871
GPUCOND_017,14,FT_BALANCED_5_CHECKPOINT_SOFT_VOTING,GROUP_A_DUPSAFE70,GPU_SINGLE_T4,1,64,61,11434766,11.434766,5596.966304338891
GPUCOND_017,14,FT_BALANCED_5_CHECKPOINT_SOFT_VOTING,GROUP_A_DUPSAFE70,GPU_SINGLE_T4,1,64,62,11410644,11.410644,5608.798241361312
GPUCOND_017,14,FT_BALANCED_5_CHECKPOINT_SOFT_VOTING,GROUP_A_DUPSAFE70,GPU_SINGLE_T4,1,64,63,11385183,11.385183,5621.3413521767725
GPUCOND_017,14,FT_BALANCED_5_CHECKPOINT_SOFT_VOTING,GROUP_A_DUPSAFE70,GPU_SINGLE_T4,1,64,64,11394968,11.394968,5616.5142368104935
GPUCOND_017,14,FT_BALANCED_5_CHECKPOINT_SOFT_VOTING,GROUP_A_DUPSAFE70,GPU_SINGLE_T4,1,64,65,11411080,11.41108,5608.583937716676
GPUCOND_017,14,FT_BALANCED_5_CHECKPOINT_SOFT_VOTING,GROUP_A_DUPSAFE70,GPU_SINGLE_T4,1,64,66,11466618,11.466618,5581.419037418008
GPUCOND_017,14,FT_BALANCED_5_CHECKPOINT_SOFT_VOTING,GROUP_A_DUPSAFE70,GPU_SINGLE_T4,1,64,67,11403699,11.403699,5612.214071942797
GPUCOND_017,14,FT_BALANCED_5_CHECKPOINT_SOFT_VOTING,GROUP_A_DUPSAFE70,GPU_SINGLE_T4,1,64,68,11418622,11.418622,5604.879467942805
GPUCOND_017,14,FT_BALANCED_5_CHECKPOINT_SOFT_VOTING,GROUP_A_DUPSAFE70,GPU_SINGLE_T4,1,64,69,11398198,11.398198,5614.922639526002
GPUCOND_017,14,FT_BALANCED_5_CHECKPOINT_SOFT_VOTING,GROUP_A_DUPSAFE70,GPU_SINGLE_T4,1,64,70,11460796,11.460796,5584.254357201717
GPUCOND_017,14,FT_BALANCED_5_CHECKPOINT_SOFT_VOTING,GROUP_A_DUPSAFE70,GPU_SINGLE_T4,1,64,71,11491553,11.491553,5569.308169226561
GPUCOND_017,14,FT_BALANCED_5_CHECKPOINT_SOFT_VOTING,GROUP_A_DUPSAFE70,GPU_SINGLE_T4,1,64,72,11461244,11.461244,5584.036078457103
GPUCOND_017,14,FT_BALANCED_5_CHECKPOINT_SOFT_VOTING,GROUP_A_DUPSAFE70,GPU_SINGLE_T4,1,64,73,11588806,11.588806,5522.570659997242
GPUCOND_017,14,FT_BALANCED_5_CHECKPOINT_SOFT_VOTING,GROUP_A_DUPSAFE70,GPU_SINGLE_T4,1,64,74,11538360,11.53836,5546.715477762871
GPUCOND_017,14,FT_BALANCED_5_CHECKPOINT_SOFT_VOTING,GROUP_A_DUPSAFE70,GPU_SINGLE_T4,1,64,75,11626720,11.62672,5504.561905679332
GPUCOND_017,14,FT_BALANCED_5_CHECKPOINT_SOFT_VOTING,GROUP_A_DUPSAFE70,GPU_SINGLE_T4,1,64,76,11635456,11.635456,5500.42903346461
GPUCOND_017,14,FT_BALANCED_5_CHECKPOINT_SOFT_VOTING,GROUP_A_DUPSAFE70,GPU_SINGLE_T4,1,64,77,11676334,11.676334,5481.1724296341645
GPUCOND_017,14,FT_BALANCED_5_CHECKPOINT_SOFT_VOTING,GROUP_A_DUPSAFE70,GPU_SINGLE_T4,1,64,78,11644701,11.644701,5496.062114432994
GPUCOND_017,14,FT_BALANCED_5_CHECKPOINT_SOFT_VOTING,GROUP_A_DUPSAFE70,GPU_SINGLE_T4,1,64,79,11506292,11.506292,5562.174156539743
GPUCOND_017,14,FT_BALANCED_5_CHECKPOINT_SOFT_VOTING,GROUP_A_DUPSAFE70,GPU_SINGLE_T4,1,64,80,11510057,11.510057,5560.35474020676
GPUCOND_017,14,FT_BALANCED_5_CHECKPOINT_SOFT_VOTING,GROUP_A_DUPSAFE70,GPU_SINGLE_T4,1,64,81,11536420,11.53642,5547.64823056026
GPUCOND_017,14,FT_BALANCED_5_CHECKPOINT_SOFT_VOTING,GROUP_A_DUPSAFE70,GPU_SINGLE_T4,1,64,82,11508944,11.508944,5560.89246763213
GPUCOND_017,14,FT_BALANCED_5_CHECKPOINT_SOFT_VOTING,GROUP_A_DUPSAFE70,GPU_SINGLE_T4,1,64,83,11607514,11.607514,5513.6698521319895
GPUCOND_017,14,FT_BALANCED_5_CHECKPOINT_SOFT_VOTING,GROUP_A_DUPSAFE70,GPU_SINGLE_T4,1,64,84,11494665,11.494665,5567.8003665178585
GPUCOND_017,14,FT_BALANCED_5_CHECKPOINT_SOFT_VOTING,GROUP_A_DUPSAFE70,GPU_SINGLE_T4,1,64,85,11481892,11.481892,5573.99425112168
GPUCOND_017,14,FT_BALANCED_5_CHECKPOINT_SOFT_VOTING,GROUP_A_DUPSAFE70,GPU_SINGLE_T4,1,64,86,11554290,11.55429,5539.068172947018
GPUCOND_017,14,FT_BALANCED_5_CHECKPOINT_SOFT_VOTING,GROUP_A_DUPSAFE70,GPU_SINGLE_T4,1,64,87,11498936,11.498936,5565.732342540214
GPUCOND_017,14,FT_BALANCED_5_CHECKPOINT_SOFT_VOTING,GROUP_A_DUPSAFE70,GPU_SINGLE_T4,1,64,88,11517620,11.51762,5556.703555074746
GPUCOND_017,14,FT_BALANCED_5_CHECKPOINT_SOFT_VOTING,GROUP_A_DUPSAFE70,GPU_SINGLE_T4,1,64,89,11538004,11.538004,5546.886619210741
GPUCOND_017,14,FT_BALANCED_5_CHECKPOINT_SOFT_VOTING,GROUP_A_DUPSAFE70,GPU_SINGLE_T4,1,64,90,11535926,11.535926,5547.885796077402
GPUCOND_017,14,FT_BALANCED_5_CHECKPOINT_SOFT_VOTING,GROUP_A_DUPSAFE70,GPU_SINGLE_T4,1,64,91,11565356,11.565356,5533.7682644615525
GPUCOND_017,14,FT_BALANCED_5_CHECKPOINT_SOFT_VOTING,GROUP_A_DUPSAFE70,GPU_SINGLE_T4,1,64,92,11639545,11.639545,5498.4967195882655
GPUCOND_017,14,FT_BALANCED_5_CHECKPOINT_SOFT_VOTING,GROUP_A_DUPSAFE70,GPU_SINGLE_T4,1,64,93,11597245,11.597245,5518.5520354187565
GPUCOND_017,14,FT_BALANCED_5_CHECKPOINT_SOFT_VOTING,GROUP_A_DUPSAFE70,GPU_SINGLE_T4,1,64,94,11621576,11.621576,5506.998362356362
GPUCOND_017,14,FT_BALANCED_5_CHECKPOINT_SOFT_VOTING,GROUP_A_DUPSAFE70,GPU_SINGLE_T4,1,64,95,11424153,11.424153,5602.165867351391
GPUCOND_017,14,FT_BALANCED_5_CHECKPOINT_SOFT_VOTING,GROUP_A_DUPSAFE70,GPU_SINGLE_T4,1,64,96,11527421,11.527421,5551.979059322983
GPUCOND_017,14,FT_BALANCED_5_CHECKPOINT_SOFT_VOTING,GROUP_A_DUPSAFE70,GPU_SINGLE_T4,1,64,97,11477245,11.477245,5576.251095101656
GPUCOND_017,14,FT_BALANCED_5_CHECKPOINT_SOFT_VOTING,GROUP_A_DUPSAFE70,GPU_SINGLE_T4,1,64,98,11491130,11.49113,5569.513181036155
GPUCOND_017,14,FT_BALANCED_5_CHECKPOINT_SOFT_VOTING,GROUP_A_DUPSAFE70,GPU_SINGLE_T4,1,64,99,11441185,11.441185,5593.826163985636
GPUCOND_017,14,FT_BALANCED_5_CHECKPOINT_SOFT_VOTING,GROUP_A_DUPSAFE70,GPU_SINGLE_T4,1,64,100,11460231,11.460231,5584.529666112315
GPUCOND_017,14,FT_BALANCED_5_CHECKPOINT_SOFT_VOTING,GROUP_A_DUPSAFE70,GPU_SINGLE_T4,1,64,101,11443493,11.443493,5592.697963812273
GPUCOND_017,14,FT_BALANCED_5_CHECKPOINT_SOFT_VOTING,GROUP_A_DUPSAFE70,GPU_SINGLE_T4,1,64,102,11524230,11.52423,5553.516373762065
GPUCOND_017,14,FT_BALANCED_5_CHECKPOINT_SOFT_VOTING,GROUP_A_DUPSAFE70,GPU_SINGLE_T4,1,64,103,11444572,11.444572,5592.170681437454
GPUCOND_017,14,FT_BALANCED_5_CHECKPOINT_SOFT_VOTING,GROUP_A_DUPSAFE70,GPU_SINGLE_T4,1,64,104,11597123,11.597123,5518.610089761055
GPUCOND_017,14,FT_BALANCED_5_CHECKPOINT_SOFT_VOTING,GROUP_A_DUPSAFE70,GPU_SINGLE_T4,1,64,105,11377932,11.377932,5624.9237559162775
GPUCOND_017,14,FT_BALANCED_5_CHECKPOINT_SOFT_VOTING,GROUP_A_DUPSAFE70,GPU_SINGLE_T4,1,64,106,11418655,11.418655,5604.863269798413
GPUCOND_017,14,FT_BALANCED_5_CHECKPOINT_SOFT_VOTING,GROUP_A_DUPSAFE70,GPU_SINGLE_T4,1,64,107,11409685,11.409685,5609.269668706893
GPUCOND_017,14,FT_BALANCED_5_CHECKPOINT_SOFT_VOTING,GROUP_A_DUPSAFE70,GPU_SINGLE_T4,1,64,108,11375459,11.375459,5626.1466020843645
GPUCOND_017,14,FT_BALANCED_5_CHECKPOINT_SOFT_VOTING,GROUP_A_DUPSAFE70,GPU_SINGLE_T4,1,64,109,11387545,11.387545,5620.175375816298
GPUCOND_017,14,FT_BALANCED_5_CHECKPOINT_SOFT_VOTING,GROUP_A_DUPSAFE70,GPU_SINGLE_T4,1,64,110,11366969,11.366969,5630.348776353661
GPUCOND_017,14,FT_BALANCED_5_CHECKPOINT_SOFT_VOTING,GROUP_A_DUPSAFE70,GPU_SINGLE_T4,1,64,111,11633734,11.633734,5501.243195005146
GPUCOND_017,14,FT_BALANCED_5_CHECKPOINT_SOFT_VOTING,GROUP_A_DUPSAFE70,GPU_SINGLE_T4,1,64,112,11576773,11.576773,5528.310868667806
GPUCOND_017,14,FT_BALANCED_5_CHECKPOINT_SOFT_VOTING,GROUP_A_DUPSAFE70,GPU_SINGLE_T4,1,64,113,11727057,11.727057,5457.464733052802
GPUCOND_017,14,FT_BALANCED_5_CHECKPOINT_SOFT_VOTING,GROUP_A_DUPSAFE70,GPU_SINGLE_T4,1,64,114,11539567,11.539567,5546.13530992974
GPUCOND_017,14,FT_BALANCED_5_CHECKPOINT_SOFT_VOTING,GROUP_A_DUPSAFE70,GPU_SINGLE_T4,1,64,115,11452758,11.452758,5588.173608488017
GPUCOND_017,14,FT_BALANCED_5_CHECKPOINT_SOFT_VOTING,GROUP_A_DUPSAFE70,GPU_SINGLE_T4,1,64,116,11465367,11.465367,5582.028032770342
GPUCOND_017,14,FT_BALANCED_5_CHECKPOINT_SOFT_VOTING,GROUP_A_DUPSAFE70,GPU_SINGLE_T4,1,64,117,11434013,11.434013,5597.334898954549
GPUCOND_017,14,FT_BALANCED_5_CHECKPOINT_SOFT_VOTING,GROUP_A_DUPSAFE70,GPU_SINGLE_T4,1,64,118,11464477,11.464477,5582.461371766021
GPUCOND_017,14,FT_BALANCED_5_CHECKPOINT_SOFT_VOTING,GROUP_A_DUPSAFE70,GPU_SINGLE_T4,1,64,119,11479195,11.479195,5575.303843170187
GPUCOND_017,14,FT_BALANCED_5_CHECKPOINT_SOFT_VOTING,GROUP_A_DUPSAFE70,GPU_SINGLE_T4,1,64,120,11437958,11.437958,5595.404354518525
GPUCOND_017,14,FT_BALANCED_5_CHECKPOINT_SOFT_VOTING,GROUP_A_DUPSAFE70,GPU_SINGLE_T4,1,64,121,11575919,11.575919,5528.718713391136
GPUCOND_017,14,FT_BALANCED_5_CHECKPOINT_SOFT_VOTING,GROUP_A_DUPSAFE70,GPU_SINGLE_T4,1,64,122,11594486,11.594486,5519.865218691022
GPUCOND_017,14,FT_BALANCED_5_CHECKPOINT_SOFT_VOTING,GROUP_A_DUPSAFE70,GPU_SINGLE_T4,1,64,123,11538040,11.53804,5546.869312292209
GPUCOND_017,14,FT_BALANCED_5_CHECKPOINT_SOFT_VOTING,GROUP_A_DUPSAFE70,GPU_SINGLE_T4,1,64,124,11589958,11.589958,5522.021736403186
GPUCOND_017,14,FT_BALANCED_5_CHECKPOINT_SOFT_VOTING,GROUP_A_DUPSAFE70,GPU_SINGLE_T4,1,64,125,11435512,11.435512,5596.601184100896
GPUCOND_017,14,FT_BALANCED_5_CHECKPOINT_SOFT_VOTING,GROUP_A_DUPSAFE70,GPU_SINGLE_T4,1,64,126,11851594,11.851594,5400.117486306061
GPUCOND_017,14,FT_BALANCED_5_CHECKPOINT_SOFT_VOTING,GROUP_A_DUPSAFE70,GPU_SINGLE_T4,1,64,127,11697808,11.697808,5471.110484972911
GPUCOND_017,14,FT_BALANCED_5_CHECKPOINT_SOFT_VOTING,GROUP_A_DUPSAFE70,GPU_SINGLE_T4,1,64,128,11597347,11.597347,5518.503499119238
GPUCOND_017,14,FT_BALANCED_5_CHECKPOINT_SOFT_VOTING,GROUP_A_DUPSAFE70,GPU_SINGLE_T4,1,64,129,11636341,11.636341,5500.010699239563
GPUCOND_017,14,FT_BALANCED_5_CHECKPOINT_SOFT_VOTING,GROUP_A_DUPSAFE70,GPU_SINGLE_T4,1,64,130,11669570,11.66957,5484.349466175703
GPUCOND_017,14,FT_BALANCED_5_CHECKPOINT_SOFT_VOTING,GROUP_A_DUPSAFE70,GPU_SINGLE_T4,1,64,131,11542383,11.542383,5544.782216982403
GPUCOND_017,14,FT_BALANCED_5_CHECKPOINT_SOFT_VOTING,GROUP_A_DUPSAFE70,GPU_SINGLE_T4,1,64,132,11574265,11.574265,5529.508785223079
GPUCOND_017,14,FT_BALANCED_5_CHECKPOINT_SOFT_VOTING,GROUP_A_DUPSAFE70,GPU_SINGLE_T4,1,64,133,11532776,11.532776,5549.401115568359
GPUCOND_017,14,FT_BALANCED_5_CHECKPOINT_SOFT_VOTING,GROUP_A_DUPSAFE70,GPU_SINGLE_T4,1,64,134,11547753,11.547753,5542.203751673594
GPUCOND_017,14,FT_BALANCED_5_CHECKPOINT_SOFT_VOTING,GROUP_A_DUPSAFE70,GPU_SINGLE_T4,1,64,135,11572706,11.572706,5530.253684833953
GPUCOND_017,14,FT_BALANCED_5_CHECKPOINT_SOFT_VOTING,GROUP_A_DUPSAFE70,GPU_SINGLE_T4,1,64,136,11613645,11.613645,5510.759111372872
GPUCOND_017,14,FT_BALANCED_5_CHECKPOINT_SOFT_VOTING,GROUP_A_DUPSAFE70,GPU_SINGLE_T4,1,64,137,11524057,11.524057,5553.599743562532
GPUCOND_017,14,FT_BALANCED_5_CHECKPOINT_SOFT_VOTING,GROUP_A_DUPSAFE70,GPU_SINGLE_T4,1,64,138,11505928,11.505928,5562.350120737762
GPUCOND_017,14,FT_BALANCED_5_CHECKPOINT_SOFT_VOTING,GROUP_A_DUPSAFE70,GPU_SINGLE_T4,1,64,139,11501048,11.501048,5564.710276837381
GPUCOND_017,14,FT_BALANCED_5_CHECKPOINT_SOFT_VOTING,GROUP_A_DUPSAFE70,GPU_SINGLE_T4,1,64,140,11558969,11.558969,5536.825992006727
GPUCOND_017,14,FT_BALANCED_5_CHECKPOINT_SOFT_VOTING,GROUP_A_DUPSAFE70,GPU_SINGLE_T4,1,64,141,11474724,11.474724,5577.4761989918015
GPUCOND_017,14,FT_BALANCED_5_CHECKPOINT_SOFT_VOTING,GROUP_A_DUPSAFE70,GPU_SINGLE_T4,1,64,142,11548247,11.548247,5541.966672517483
GPUCOND_017,14,FT_BALANCED_5_CHECKPOINT_SOFT_VOTING,GROUP_A_DUPSAFE70,GPU_SINGLE_T4,1,64,143,11525195,11.525195,5553.051380041726
GPUCOND_017,14,FT_BALANCED_5_CHECKPOINT_SOFT_VOTING,GROUP_A_DUPSAFE70,GPU_SINGLE_T4,1,64,144,11479846,11.479846,5574.987678406139
GPUCOND_017,14,FT_BALANCED_5_CHECKPOINT_SOFT_VOTING,GROUP_A_DUPSAFE70,GPU_SINGLE_T4,1,64,145,11537999,11.537999,5546.889022957967
GPUCOND_017,14,FT_BALANCED_5_CHECKPOINT_SOFT_VOTING,GROUP_A_DUPSAFE70,GPU_SINGLE_T4,1,64,146,11558681,11.558681,5536.9639494333305
GPUCOND_017,14,FT_BALANCED_5_CHECKPOINT_SOFT_VOTING,GROUP_A_DUPSAFE70,GPU_SINGLE_T4,1,64,147,11550391,11.550391,5540.93796478405
GPUCOND_017,14,FT_BALANCED_5_CHECKPOINT_SOFT_VOTING,GROUP_A_DUPSAFE70,GPU_SINGLE_T4,1,64,148,11536864,11.536864,5547.434727496137
GPUCOND_017,14,FT_BALANCED_5_CHECKPOINT_SOFT_VOTING,GROUP_A_DUPSAFE70,GPU_SINGLE_T4,1,64,149,11599756,11.599756,5517.357434070165
GPUCOND_017,14,FT_BALANCED_5_CHECKPOINT_SOFT_VOTING,GROUP_A_DUPSAFE70,GPU_SINGLE_T4,1,64,150,11519944,11.519944,5555.5825618596755
GPUCOND_012,16,STAGE16_CATBOOST_TUNED,GROUP_A_DUPSAFE70,GPU_SINGLE_T4,1,64,1,1494826,1.494826,42814.347623067835
GPUCOND_012,16,STAGE16_CATBOOST_TUNED,GROUP_A_DUPSAFE70,GPU_SINGLE_T4,1,64,2,1455459,1.455459,43972.38259545614
GPUCOND_012,16,STAGE16_CATBOOST_TUNED,GROUP_A_DUPSAFE70,GPU_SINGLE_T4,1,64,3,1554519,1.554519,41170.291260512095
GPUCOND_012,16,STAGE16_CATBOOST_TUNED,GROUP_A_DUPSAFE70,GPU_SINGLE_T4,1,64,4,1489219,1.489219,42975.546242694996
GPUCOND_012,16,STAGE16_CATBOOST_TUNED,GROUP_A_DUPSAFE70,GPU_SINGLE_T4,1,64,5,1482428,1.482428,43172.41714268754
GPUCOND_012,16,STAGE16_CATBOOST_TUNED,GROUP_A_DUPSAFE70,GPU_SINGLE_T4,1,64,6,1401593,1.401593,45662.328507633814
GPUCOND_012,16,STAGE16_CATBOOST_TUNED,GROUP_A_DUPSAFE70,GPU_SINGLE_T4,1,64,7,1563738,1.563738,40927.572265942246
GPUCOND_012,16,STAGE16_CATBOOST_TUNED,GROUP_A_DUPSAFE70,GPU_SINGLE_T4,1,64,8,1488140,1.48814,43006.70635827274
GPUCOND_012,16,STAGE16_CATBOOST_TUNED,GROUP_A_DUPSAFE70,GPU_SINGLE_T4,1,64,9,1501031,1.501031,42637.36058748953
GPUCOND_012,16,STAGE16_CATBOOST_TUNED,GROUP_A_DUPSAFE70,GPU_SINGLE_T4,1,64,10,1468686,1.468686,43576.366902115224
GPUCOND_012,16,STAGE16_CATBOOST_TUNED,GROUP_A_DUPSAFE70,GPU_SINGLE_T4,1,64,11,1492739,1.492739,42874.20640848802
GPUCOND_012,16,STAGE16_CATBOOST_TUNED,GROUP_A_DUPSAFE70,GPU_SINGLE_T4,1,64,12,1392675,1.392675,45954.72741307197
GPUCOND_012,16,STAGE16_CATBOOST_TUNED,GROUP_A_DUPSAFE70,GPU_SINGLE_T4,1,64,13,1668367,1.668367,38360.86424629593
GPUCOND_012,16,STAGE16_CATBOOST_TUNED,GROUP_A_DUPSAFE70,GPU_SINGLE_T4,1,64,14,1508109,1.508109,42437.25088836417
GPUCOND_012,16,STAGE16_CATBOOST_TUNED,GROUP_A_DUPSAFE70,GPU_SINGLE_T4,1,64,15,1525145,1.525145,41963.22316894459
GPUCOND_012,16,STAGE16_CATBOOST_TUNED,GROUP_A_DUPSAFE70,GPU_SINGLE_T4,1,64,16,1381301,1.381301,46333.13086720418
GPUCOND_012,16,STAGE16_CATBOOST_TUNED,GROUP_A_DUPSAFE70,GPU_SINGLE_T4,1,64,17,1584062,1.584062,40402.45899466056
GPUCOND_012,16,STAGE16_CATBOOST_TUNED,GROUP_A_DUPSAFE70,GPU_SINGLE_T4,1,64,18,1377797,1.377797,46450.96483734541
GPUCOND_012,16,STAGE16_CATBOOST_TUNED,GROUP_A_DUPSAFE70,GPU_SINGLE_T4,1,64,19,1579572,1.579572,40517.30468759892
GPUCOND_012,16,STAGE16_CATBOOST_TUNED,GROUP_A_DUPSAFE70,GPU_SINGLE_T4,1,64,20,1371517,1.371517,46663.65783289598
GPUCOND_012,16,STAGE16_CATBOOST_TUNED,GROUP_A_DUPSAFE70,GPU_SINGLE_T4,1,64,21,1526727,1.526727,41919.74072640361
GPUCOND_012,16,STAGE16_CATBOOST_TUNED,GROUP_A_DUPSAFE70,GPU_SINGLE_T4,1,64,22,1482051,1.482051,43183.399221754175
GPUCOND_012,16,STAGE16_CATBOOST_TUNED,GROUP_A_DUPSAFE70,GPU_SINGLE_T4,1,64,23,1526034,1.526034,41938.77724873758
GPUCOND_012,16,STAGE16_CATBOOST_TUNED,GROUP_A_DUPSAFE70,GPU_SINGLE_T4,1,64,24,1469585,1.469585,43549.70961189723
GPUCOND_012,16,STAGE16_CATBOOST_TUNED,GROUP_A_DUPSAFE70,GPU_SINGLE_T4,1,64,25,1605279,1.605279,39868.45900307672
GPUCOND_012,16,STAGE16_CATBOOST_TUNED,GROUP_A_DUPSAFE70,GPU_SINGLE_T4,1,64,26,1383607,1.383607,46255.90937310956
GPUCOND_012,16,STAGE16_CATBOOST_TUNED,GROUP_A_DUPSAFE70,GPU_SINGLE_T4,1,64,27,1535750,1.53575,41673.449454663845
GPUCOND_012,16,STAGE16_CATBOOST_TUNED,GROUP_A_DUPSAFE70,GPU_SINGLE_T4,1,64,28,1555171,1.555171,41153.030759961446
GPUCOND_012,16,STAGE16_CATBOOST_TUNED,GROUP_A_DUPSAFE70,GPU_SINGLE_T4,1,64,29,1829160,1.82916,34988.73799995626
GPUCOND_012,16,STAGE16_CATBOOST_TUNED,GROUP_A_DUPSAFE70,GPU_SINGLE_T4,1,64,30,1507710,1.50771,42448.4814719011
GPUCOND_012,16,STAGE16_CATBOOST_TUNED,GROUP_A_DUPSAFE70,GPU_SINGLE_T4,1,64,31,1478998,1.478998,43272.53992229875
GPUCOND_012,16,STAGE16_CATBOOST_TUNED,GROUP_A_DUPSAFE70,GPU_SINGLE_T4,1,64,32,1449219,1.449219,44161.7174491916
GPUCOND_012,16,STAGE16_CATBOOST_TUNED,GROUP_A_DUPSAFE70,GPU_SINGLE_T4,1,64,33,1431458,1.431458,44709.65966168759
GPUCOND_012,16,STAGE16_CATBOOST_TUNED,GROUP_A_DUPSAFE70,GPU_SINGLE_T4,1,64,34,1374458,1.374458,46563.80915240771
GPUCOND_012,16,STAGE16_CATBOOST_TUNED,GROUP_A_DUPSAFE70,GPU_SINGLE_T4,1,64,35,1569463,1.569463,40778.278939994125
GPUCOND_012,16,STAGE16_CATBOOST_TUNED,GROUP_A_DUPSAFE70,GPU_SINGLE_T4,1,64,36,1398006,1.398006,45779.48878617116
GPUCOND_012,16,STAGE16_CATBOOST_TUNED,GROUP_A_DUPSAFE70,GPU_SINGLE_T4,1,64,37,1677779,1.677779,38145.667576003754
GPUCOND_012,16,STAGE16_CATBOOST_TUNED,GROUP_A_DUPSAFE70,GPU_SINGLE_T4,1,64,38,1448160,1.44816,44194.011711413106
GPUCOND_012,16,STAGE16_CATBOOST_TUNED,GROUP_A_DUPSAFE70,GPU_SINGLE_T4,1,64,39,1560193,1.560193,41020.566045354644
GPUCOND_012,16,STAGE16_CATBOOST_TUNED,GROUP_A_DUPSAFE70,GPU_SINGLE_T4,1,64,40,1524375,1.524375,41984.41984419844
GPUCOND_012,16,STAGE16_CATBOOST_TUNED,GROUP_A_DUPSAFE70,GPU_SINGLE_T4,1,64,41,1484702,1.484702,43106.29338412692
GPUCOND_012,16,STAGE16_CATBOOST_TUNED,GROUP_A_DUPSAFE70,GPU_SINGLE_T4,1,64,42,1473466,1.473466,43435.00291150254
GPUCOND_012,16,STAGE16_CATBOOST_TUNED,GROUP_A_DUPSAFE70,GPU_SINGLE_T4,1,64,43,1472141,1.472141,43474.096570912705
GPUCOND_012,16,STAGE16_CATBOOST_TUNED,GROUP_A_DUPSAFE70,GPU_SINGLE_T4,1,64,44,1482598,1.482598,43167.466838617074
GPUCOND_012,16,STAGE16_CATBOOST_TUNED,GROUP_A_DUPSAFE70,GPU_SINGLE_T4,1,64,45,1372841,1.372841,46618.654308838384
GPUCOND_012,16,STAGE16_CATBOOST_TUNED,GROUP_A_DUPSAFE70,GPU_SINGLE_T4,1,64,46,1443852,1.443852,44325.87273487864
GPUCOND_012,16,STAGE16_CATBOOST_TUNED,GROUP_A_DUPSAFE70,GPU_SINGLE_T4,1,64,47,1537172,1.537172,41634.89837181525
GPUCOND_012,16,STAGE16_CATBOOST_TUNED,GROUP_A_DUPSAFE70,GPU_SINGLE_T4,1,64,48,1478841,1.478841,43277.133917709885
GPUCOND_012,16,STAGE16_CATBOOST_TUNED,GROUP_A_DUPSAFE70,GPU_SINGLE_T4,1,64,49,1572294,1.572294,40704.855453242206
GPUCOND_012,16,STAGE16_CATBOOST_TUNED,GROUP_A_DUPSAFE70,GPU_SINGLE_T4,1,64,50,1400129,1.400129,45710.073857480274
GPUCOND_012,16,STAGE16_CATBOOST_TUNED,GROUP_A_DUPSAFE70,GPU_SINGLE_T4,1,64,51,1463774,1.463774,43722.59652104765
GPUCOND_012,16,STAGE16_CATBOOST_TUNED,GROUP_A_DUPSAFE70,GPU_SINGLE_T4,1,64,52,1372776,1.372776,46620.861670075814
GPUCOND_012,16,STAGE16_CATBOOST_TUNED,GROUP_A_DUPSAFE70,GPU_SINGLE_T4,1,64,53,1465370,1.46537,43674.97628585272
GPUCOND_012,16,STAGE16_CATBOOST_TUNED,GROUP_A_DUPSAFE70,GPU_SINGLE_T4,1,64,54,1539549,1.539549,41570.61581021455
GPUCOND_012,16,STAGE16_CATBOOST_TUNED,GROUP_A_DUPSAFE70,GPU_SINGLE_T4,1,64,55,1559908,1.559908,41028.0606292166
GPUCOND_012,16,STAGE16_CATBOOST_TUNED,GROUP_A_DUPSAFE70,GPU_SINGLE_T4,1,64,56,1407496,1.407496,45470.82194194513
GPUCOND_012,16,STAGE16_CATBOOST_TUNED,GROUP_A_DUPSAFE70,GPU_SINGLE_T4,1,64,57,1443644,1.443644,44332.25919963648
GPUCOND_012,16,STAGE16_CATBOOST_TUNED,GROUP_A_DUPSAFE70,GPU_SINGLE_T4,1,64,58,1366163,1.366163,46846.53295397401
GPUCOND_012,16,STAGE16_CATBOOST_TUNED,GROUP_A_DUPSAFE70,GPU_SINGLE_T4,1,64,59,1397677,1.397677,45790.264846599035
GPUCOND_012,16,STAGE16_CATBOOST_TUNED,GROUP_A_DUPSAFE70,GPU_SINGLE_T4,1,64,60,1469567,1.469567,43550.24303077029
GPUCOND_012,16,STAGE16_CATBOOST_TUNED,GROUP_A_DUPSAFE70,GPU_SINGLE_T4,1,64,61,1385220,1.38522,46202.04732822223
GPUCOND_012,16,STAGE16_CATBOOST_TUNED,GROUP_A_DUPSAFE70,GPU_SINGLE_T4,1,64,62,1512853,1.512853,42304.176281502565
GPUCOND_012,16,STAGE16_CATBOOST_TUNED,GROUP_A_DUPSAFE70,GPU_SINGLE_T4,1,64,63,1411994,1.411994,45325.971640106116
GPUCOND_012,16,STAGE16_CATBOOST_TUNED,GROUP_A_DUPSAFE70,GPU_SINGLE_T4,1,64,64,1444763,1.444763,44297.92291192396
GPUCOND_012,16,STAGE16_CATBOOST_TUNED,GROUP_A_DUPSAFE70,GPU_SINGLE_T4,1,64,65,1468288,1.468288,43588.17888588615
GPUCOND_012,16,STAGE16_CATBOOST_TUNED,GROUP_A_DUPSAFE70,GPU_SINGLE_T4,1,64,66,1410722,1.410722,45366.84052563155
GPUCOND_012,16,STAGE16_CATBOOST_TUNED,GROUP_A_DUPSAFE70,GPU_SINGLE_T4,1,64,67,1353996,1.353996,47267.49562037111
GPUCOND_012,16,STAGE16_CATBOOST_TUNED,GROUP_A_DUPSAFE70,GPU_SINGLE_T4,1,64,68,1415740,1.41574,45206.04065718281
GPUCOND_012,16,STAGE16_CATBOOST_TUNED,GROUP_A_DUPSAFE70,GPU_SINGLE_T4,1,64,69,1423091,1.423091,44972.528109586805
GPUCOND_012,16,STAGE16_CATBOOST_TUNED,GROUP_A_DUPSAFE70,GPU_SINGLE_T4,1,64,70,1253093,1.253093,51073.62342619422
GPUCOND_012,16,STAGE16_CATBOOST_TUNED,GROUP_A_DUPSAFE70,GPU_SINGLE_T4,1,64,71,1166010,1.16601,54888.03698081492
GPUCOND_012,16,STAGE16_CATBOOST_TUNED,GROUP_A_DUPSAFE70,GPU_SINGLE_T4,1,64,72,1216127,1.216127,52626.08263775083
GPUCOND_012,16,STAGE16_CATBOOST_TUNED,GROUP_A_DUPSAFE70,GPU_SINGLE_T4,1,64,73,1216346,1.216346,52616.607445578804
GPUCOND_012,16,STAGE16_CATBOOST_TUNED,GROUP_A_DUPSAFE70,GPU_SINGLE_T4,1,64,74,1139409,1.139409,56169.470313118465
GPUCOND_012,16,STAGE16_CATBOOST_TUNED,GROUP_A_DUPSAFE70,GPU_SINGLE_T4,1,64,75,1138855,1.138855,56196.79414850881
GPUCOND_012,16,STAGE16_CATBOOST_TUNED,GROUP_A_DUPSAFE70,GPU_SINGLE_T4,1,64,76,1128641,1.128641,56705.365124960015
GPUCOND_012,16,STAGE16_CATBOOST_TUNED,GROUP_A_DUPSAFE70,GPU_SINGLE_T4,1,64,77,1124596,1.124596,56909.32566005926
GPUCOND_012,16,STAGE16_CATBOOST_TUNED,GROUP_A_DUPSAFE70,GPU_SINGLE_T4,1,64,78,1202876,1.202876,53205.81672591356
GPUCOND_012,16,STAGE16_CATBOOST_TUNED,GROUP_A_DUPSAFE70,GPU_SINGLE_T4,1,64,79,1236671,1.236671,51751.84022266229
GPUCOND_012,16,STAGE16_CATBOOST_TUNED,GROUP_A_DUPSAFE70,GPU_SINGLE_T4,1,64,80,1133261,1.133261,56474.19261758765
GPUCOND_012,16,STAGE16_CATBOOST_TUNED,GROUP_A_DUPSAFE70,GPU_SINGLE_T4,1,64,81,1125035,1.125035,56887.11906740679
GPUCOND_012,16,STAGE16_CATBOOST_TUNED,GROUP_A_DUPSAFE70,GPU_SINGLE_T4,1,64,82,1199839,1.199839,53340.48984905475
GPUCOND_012,16,STAGE16_CATBOOST_TUNED,GROUP_A_DUPSAFE70,GPU_SINGLE_T4,1,64,83,1164629,1.164629,54953.1224106561
GPUCOND_012,16,STAGE16_CATBOOST_TUNED,GROUP_A_DUPSAFE70,GPU_SINGLE_T4,1,64,84,1156210,1.15621,55353.26627515763
GPUCOND_012,16,STAGE16_CATBOOST_TUNED,GROUP_A_DUPSAFE70,GPU_SINGLE_T4,1,64,85,1240745,1.240745,51581.912480001934
GPUCOND_012,16,STAGE16_CATBOOST_TUNED,GROUP_A_DUPSAFE70,GPU_SINGLE_T4,1,64,86,1158571,1.158571,55240.46433062799
GPUCOND_012,16,STAGE16_CATBOOST_TUNED,GROUP_A_DUPSAFE70,GPU_SINGLE_T4,1,64,87,1134919,1.134919,56391.689627189255
GPUCOND_012,16,STAGE16_CATBOOST_TUNED,GROUP_A_DUPSAFE70,GPU_SINGLE_T4,1,64,88,1258774,1.258774,50843.12195834995
GPUCOND_012,16,STAGE16_CATBOOST_TUNED,GROUP_A_DUPSAFE70,GPU_SINGLE_T4,1,64,89,1503651,1.503651,42563.06815876823
GPUCOND_012,16,STAGE16_CATBOOST_TUNED,GROUP_A_DUPSAFE70,GPU_SINGLE_T4,1,64,90,1406380,1.40638,45506.904250629275
GPUCOND_012,16,STAGE16_CATBOOST_TUNED,GROUP_A_DUPSAFE70,GPU_SINGLE_T4,1,64,91,1433198,1.433198,44655.37908928145
GPUCOND_012,16,STAGE16_CATBOOST_TUNED,GROUP_A_DUPSAFE70,GPU_SINGLE_T4,1,64,92,1419108,1.419108,45098.752173900786
GPUCOND_012,16,STAGE16_CATBOOST_TUNED,GROUP_A_DUPSAFE70,GPU_SINGLE_T4,1,64,93,1453514,1.453514,44031.223641464756
GPUCOND_012,16,STAGE16_CATBOOST_TUNED,GROUP_A_DUPSAFE70,GPU_SINGLE_T4,1,64,94,1451392,1.451392,44095.599259193936
GPUCOND_012,16,STAGE16_CATBOOST_TUNED,GROUP_A_DUPSAFE70,GPU_SINGLE_T4,1,64,95,1415659,1.415659,45208.62721884296
GPUCOND_012,16,STAGE16_CATBOOST_TUNED,GROUP_A_DUPSAFE70,GPU_SINGLE_T4,1,64,96,1434449,1.434449,44616.434603112415
GPUCOND_012,16,STAGE16_CATBOOST_TUNED,GROUP_A_DUPSAFE70,GPU_SINGLE_T4,1,64,97,1408360,1.40836,45442.926524468174
GPUCOND_012,16,STAGE16_CATBOOST_TUNED,GROUP_A_DUPSAFE70,GPU_SINGLE_T4,1,64,98,1494452,1.494452,42825.06229708281
GPUCOND_012,16,STAGE16_CATBOOST_TUNED,GROUP_A_DUPSAFE70,GPU_SINGLE_T4,1,64,99,1394686,1.394686,45888.465217260375
GPUCOND_012,16,STAGE16_CATBOOST_TUNED,GROUP_A_DUPSAFE70,GPU_SINGLE_T4,1,64,100,1470794,1.470794,43513.911533498234
GPUCOND_012,16,STAGE16_CATBOOST_TUNED,GROUP_A_DUPSAFE70,GPU_SINGLE_T4,1,64,101,1383913,1.383913,46245.68162883072
GPUCOND_012,16,STAGE16_CATBOOST_TUNED,GROUP_A_DUPSAFE70,GPU_SINGLE_T4,1,64,102,1491036,1.491036,42923.17556383615
GPUCOND_012,16,STAGE16_CATBOOST_TUNED,GROUP_A_DUPSAFE70,GPU_SINGLE_T4,1,64,103,1437448,1.437448,44523.34971421575
GPUCOND_012,16,STAGE16_CATBOOST_TUNED,GROUP_A_DUPSAFE70,GPU_SINGLE_T4,1,64,104,1356403,1.356403,47183.6172582927
GPUCOND_012,16,STAGE16_CATBOOST_TUNED,GROUP_A_DUPSAFE70,GPU_SINGLE_T4,1,64,105,1442483,1.442483,44367.94055805164
GPUCOND_012,16,STAGE16_CATBOOST_TUNED,GROUP_A_DUPSAFE70,GPU_SINGLE_T4,1,64,106,1354000,1.354,47267.35598227474
GPUCOND_012,16,STAGE16_CATBOOST_TUNED,GROUP_A_DUPSAFE70,GPU_SINGLE_T4,1,64,107,1455848,1.455848,43960.63325292201
GPUCOND_012,16,STAGE16_CATBOOST_TUNED,GROUP_A_DUPSAFE70,GPU_SINGLE_T4,1,64,108,1453590,1.45359,44028.92149780887
GPUCOND_012,16,STAGE16_CATBOOST_TUNED,GROUP_A_DUPSAFE70,GPU_SINGLE_T4,1,64,109,1411027,1.411027,45357.034273617726
GPUCOND_012,16,STAGE16_CATBOOST_TUNED,GROUP_A_DUPSAFE70,GPU_SINGLE_T4,1,64,110,1591385,1.591385,40216.540937610946
GPUCOND_012,16,STAGE16_CATBOOST_TUNED,GROUP_A_DUPSAFE70,GPU_SINGLE_T4,1,64,111,1479021,1.479021,43271.866998507794
GPUCOND_012,16,STAGE16_CATBOOST_TUNED,GROUP_A_DUPSAFE70,GPU_SINGLE_T4,1,64,112,1339313,1.339313,47785.69311281232
GPUCOND_012,16,STAGE16_CATBOOST_TUNED,GROUP_A_DUPSAFE70,GPU_SINGLE_T4,1,64,113,1388759,1.388759,46084.309804652934
GPUCOND_012,16,STAGE16_CATBOOST_TUNED,GROUP_A_DUPSAFE70,GPU_SINGLE_T4,1,64,114,1475536,1.475536,43374.06881296017
GPUCOND_012,16,STAGE16_CATBOOST_TUNED,GROUP_A_DUPSAFE70,GPU_SINGLE_T4,1,64,115,1427228,1.427228,44842.16957626952
GPUCOND_012,16,STAGE16_CATBOOST_TUNED,GROUP_A_DUPSAFE70,GPU_SINGLE_T4,1,64,116,1408462,1.408462,45439.635574122694
GPUCOND_012,16,STAGE16_CATBOOST_TUNED,GROUP_A_DUPSAFE70,GPU_SINGLE_T4,1,64,117,1448588,1.448588,44180.95414293091
GPUCOND_012,16,STAGE16_CATBOOST_TUNED,GROUP_A_DUPSAFE70,GPU_SINGLE_T4,1,64,118,1401588,1.401588,45662.49140260904
GPUCOND_012,16,STAGE16_CATBOOST_TUNED,GROUP_A_DUPSAFE70,GPU_SINGLE_T4,1,64,119,1424743,1.424743,44920.38213207575
GPUCOND_012,16,STAGE16_CATBOOST_TUNED,GROUP_A_DUPSAFE70,GPU_SINGLE_T4,1,64,120,1442316,1.442316,44373.07774440553
GPUCOND_012,16,STAGE16_CATBOOST_TUNED,GROUP_A_DUPSAFE70,GPU_SINGLE_T4,1,64,121,1474763,1.474763,43396.803418583186
GPUCOND_012,16,STAGE16_CATBOOST_TUNED,GROUP_A_DUPSAFE70,GPU_SINGLE_T4,1,64,122,1393554,1.393554,45925.74094724711
GPUCOND_012,16,STAGE16_CATBOOST_TUNED,GROUP_A_DUPSAFE70,GPU_SINGLE_T4,1,64,123,1441845,1.441845,44387.57286670897
GPUCOND_012,16,STAGE16_CATBOOST_TUNED,GROUP_A_DUPSAFE70,GPU_SINGLE_T4,1,64,124,1336034,1.336034,47902.97252914222
GPUCOND_012,16,STAGE16_CATBOOST_TUNED,GROUP_A_DUPSAFE70,GPU_SINGLE_T4,1,64,125,1434636,1.434636,44610.619000220264
GPUCOND_012,16,STAGE16_CATBOOST_TUNED,GROUP_A_DUPSAFE70,GPU_SINGLE_T4,1,64,126,1368519,1.368519,46765.88341119122
GPUCOND_012,16,STAGE16_CATBOOST_TUNED,GROUP_A_DUPSAFE70,GPU_SINGLE_T4,1,64,127,1317967,1.317967,48559.63768440333
GPUCOND_012,16,STAGE16_CATBOOST_TUNED,GROUP_A_DUPSAFE70,GPU_SINGLE_T4,1,64,128,1448044,1.448044,44197.552008088154
GPUCOND_012,16,STAGE16_CATBOOST_TUNED,GROUP_A_DUPSAFE70,GPU_SINGLE_T4,1,64,129,1388138,1.388138,46104.92616728308
GPUCOND_012,16,STAGE16_CATBOOST_TUNED,GROUP_A_DUPSAFE70,GPU_SINGLE_T4,1,64,130,1418139,1.418139,45129.567693998964
GPUCOND_012,16,STAGE16_CATBOOST_TUNED,GROUP_A_DUPSAFE70,GPU_SINGLE_T4,1,64,131,1419487,1.419487,45086.71090330521
GPUCOND_012,16,STAGE16_CATBOOST_TUNED,GROUP_A_DUPSAFE70,GPU_SINGLE_T4,1,64,132,1346417,1.346417,47533.56500994863
GPUCOND_012,16,STAGE16_CATBOOST_TUNED,GROUP_A_DUPSAFE70,GPU_SINGLE_T4,1,64,133,1389779,1.389779,46050.48716378647
GPUCOND_012,16,STAGE16_CATBOOST_TUNED,GROUP_A_DUPSAFE70,GPU_SINGLE_T4,1,64,134,1336979,1.336979,47869.113875386225
GPUCOND_012,16,STAGE16_CATBOOST_TUNED,GROUP_A_DUPSAFE70,GPU_SINGLE_T4,1,64,135,1439456,1.439456,44461.24091323389
GPUCOND_012,16,STAGE16_CATBOOST_TUNED,GROUP_A_DUPSAFE70,GPU_SINGLE_T4,1,64,136,1483740,1.48374,43134.24184830226
GPUCOND_012,16,STAGE16_CATBOOST_TUNED,GROUP_A_DUPSAFE70,GPU_SINGLE_T4,1,64,137,1436162,1.436162,44563.21779854919
GPUCOND_012,16,STAGE16_CATBOOST_TUNED,GROUP_A_DUPSAFE70,GPU_SINGLE_T4,1,64,138,1418502,1.418502,45118.018867791514
GPUCOND_012,16,STAGE16_CATBOOST_TUNED,GROUP_A_DUPSAFE70,GPU_SINGLE_T4,1,64,139,1407034,1.407034,45485.75229880728
GPUCOND_012,16,STAGE16_CATBOOST_TUNED,GROUP_A_DUPSAFE70,GPU_SINGLE_T4,1,64,140,1329039,1.329039,48155.095523908625
GPUCOND_012,16,STAGE16_CATBOOST_TUNED,GROUP_A_DUPSAFE70,GPU_SINGLE_T4,1,64,141,1366330,1.36633,46840.80712565778
GPUCOND_012,16,STAGE16_CATBOOST_TUNED,GROUP_A_DUPSAFE70,GPU_SINGLE_T4,1,64,142,1309318,1.309318,48880.40949563055
GPUCOND_012,16,STAGE16_CATBOOST_TUNED,GROUP_A_DUPSAFE70,GPU_SINGLE_T4,1,64,143,1392189,1.392189,45970.76977335692
GPUCOND_012,16,STAGE16_CATBOOST_TUNED,GROUP_A_DUPSAFE70,GPU_SINGLE_T4,1,64,144,1329637,1.329637,48133.43792328282
GPUCOND_012,16,STAGE16_CATBOOST_TUNED,GROUP_A_DUPSAFE70,GPU_SINGLE_T4,1,64,145,1381294,1.381294,46333.36567016146
GPUCOND_012,16,STAGE16_CATBOOST_TUNED,GROUP_A_DUPSAFE70,GPU_SINGLE_T4,1,64,146,1386921,1.386921,46145.3824695134
GPUCOND_012,16,STAGE16_CATBOOST_TUNED,GROUP_A_DUPSAFE70,GPU_SINGLE_T4,1,64,147,1369056,1.369056,46747.5399107122
GPUCOND_012,16,STAGE16_CATBOOST_TUNED,GROUP_A_DUPSAFE70,GPU_SINGLE_T4,1,64,148,1400526,1.400526,45697.116654742575
GPUCOND_012,16,STAGE16_CATBOOST_TUNED,GROUP_A_DUPSAFE70,GPU_SINGLE_T4,1,64,149,1405643,1.405643,45530.76421253476
GPUCOND_012,16,STAGE16_CATBOOST_TUNED,GROUP_A_DUPSAFE70,GPU_SINGLE_T4,1,64,150,1439867,1.439867,44448.54976188773
GPUCOND_022,18,STAGE20_MASKED_CNN_V1,GROUP_B_PACKET_IMAGE,GPU_SINGLE_T4,1,64,1,12458133,12.458133,5137.2063534720655
GPUCOND_022,18,STAGE20_MASKED_CNN_V1,GROUP_B_PACKET_IMAGE,GPU_SINGLE_T4,1,64,2,12459356,12.459356,5136.702089578305
GPUCOND_022,18,STAGE20_MASKED_CNN_V1,GROUP_B_PACKET_IMAGE,GPU_SINGLE_T4,1,64,3,12456388,12.456388,5137.926018361021
GPUCOND_022,18,STAGE20_MASKED_CNN_V1,GROUP_B_PACKET_IMAGE,GPU_SINGLE_T4,1,64,4,12478759,12.478759,5128.71512303427
GPUCOND_022,18,STAGE20_MASKED_CNN_V1,GROUP_B_PACKET_IMAGE,GPU_SINGLE_T4,1,64,5,12482245,12.482245,5127.282792478436
GPUCOND_022,18,STAGE20_MASKED_CNN_V1,GROUP_B_PACKET_IMAGE,GPU_SINGLE_T4,1,64,6,12465979,12.465979,5133.973031720974
GPUCOND_022,18,STAGE20_MASKED_CNN_V1,GROUP_B_PACKET_IMAGE,GPU_SINGLE_T4,1,64,7,12473000,12.473,5131.083139581496
GPUCOND_022,18,STAGE20_MASKED_CNN_V1,GROUP_B_PACKET_IMAGE,GPU_SINGLE_T4,1,64,8,12485283,12.485283,5126.035188789873
GPUCOND_022,18,STAGE20_MASKED_CNN_V1,GROUP_B_PACKET_IMAGE,GPU_SINGLE_T4,1,64,9,12456480,12.45648,5137.888071108371
GPUCOND_022,18,STAGE20_MASKED_CNN_V1,GROUP_B_PACKET_IMAGE,GPU_SINGLE_T4,1,64,10,12446676,12.446676,5141.93508371231
GPUCOND_022,18,STAGE20_MASKED_CNN_V1,GROUP_B_PACKET_IMAGE,GPU_SINGLE_T4,1,64,11,12452857,12.452857,5139.382874146872
GPUCOND_022,18,STAGE20_MASKED_CNN_V1,GROUP_B_PACKET_IMAGE,GPU_SINGLE_T4,1,64,12,12463620,12.46362,5134.944743180553
GPUCOND_022,18,STAGE20_MASKED_CNN_V1,GROUP_B_PACKET_IMAGE,GPU_SINGLE_T4,1,64,13,12449330,12.44933,5140.83890458362
GPUCOND_022,18,STAGE20_MASKED_CNN_V1,GROUP_B_PACKET_IMAGE,GPU_SINGLE_T4,1,64,14,12461015,12.461015,5136.01821360459
GPUCOND_022,18,STAGE20_MASKED_CNN_V1,GROUP_B_PACKET_IMAGE,GPU_SINGLE_T4,1,64,15,12447743,12.447743,5141.494325517486
GPUCOND_022,18,STAGE20_MASKED_CNN_V1,GROUP_B_PACKET_IMAGE,GPU_SINGLE_T4,1,64,16,12473167,12.473167,5131.014440839283
GPUCOND_022,18,STAGE20_MASKED_CNN_V1,GROUP_B_PACKET_IMAGE,GPU_SINGLE_T4,1,64,17,12468316,12.468316,5133.010744995555
GPUCOND_022,18,STAGE20_MASKED_CNN_V1,GROUP_B_PACKET_IMAGE,GPU_SINGLE_T4,1,64,18,12479813,12.479813,5128.281970250676
GPUCOND_022,18,STAGE20_MASKED_CNN_V1,GROUP_B_PACKET_IMAGE,GPU_SINGLE_T4,1,64,19,12504322,12.504322,5118.23032068432
GPUCOND_022,18,STAGE20_MASKED_CNN_V1,GROUP_B_PACKET_IMAGE,GPU_SINGLE_T4,1,64,20,12455255,12.455255,5138.393392989546
GPUCOND_022,18,STAGE20_MASKED_CNN_V1,GROUP_B_PACKET_IMAGE,GPU_SINGLE_T4,1,64,21,12467265,12.467265,5133.443461737598
GPUCOND_022,18,STAGE20_MASKED_CNN_V1,GROUP_B_PACKET_IMAGE,GPU_SINGLE_T4,1,64,22,12472611,12.472611,5131.243169533628
GPUCOND_022,18,STAGE20_MASKED_CNN_V1,GROUP_B_PACKET_IMAGE,GPU_SINGLE_T4,1,64,23,12468177,12.468177,5133.0679697601345
GPUCOND_022,18,STAGE20_MASKED_CNN_V1,GROUP_B_PACKET_IMAGE,GPU_SINGLE_T4,1,64,24,12456861,12.456861,5137.730925953176
GPUCOND_022,18,STAGE20_MASKED_CNN_V1,GROUP_B_PACKET_IMAGE,GPU_SINGLE_T4,1,64,25,12465395,12.465395,5134.213556810675
GPUCOND_022,18,STAGE20_MASKED_CNN_V1,GROUP_B_PACKET_IMAGE,GPU_SINGLE_T4,1,64,26,12451980,12.45198,5139.744843791911
GPUCOND_022,18,STAGE20_MASKED_CNN_V1,GROUP_B_PACKET_IMAGE,GPU_SINGLE_T4,1,64,27,12468175,12.468175,5133.068793147353
GPUCOND_022,18,STAGE20_MASKED_CNN_V1,GROUP_B_PACKET_IMAGE,GPU_SINGLE_T4,1,64,28,12465940,12.46594,5133.98909348192
GPUCOND_022,18,STAGE20_MASKED_CNN_V1,GROUP_B_PACKET_IMAGE,GPU_SINGLE_T4,1,64,29,12472886,12.472886,5131.130036785392
GPUCOND_022,18,STAGE20_MASKED_CNN_V1,GROUP_B_PACKET_IMAGE,GPU_SINGLE_T4,1,64,30,12468676,12.468676,5132.862542903513
GPUCOND_022,18,STAGE20_MASKED_CNN_V1,GROUP_B_PACKET_IMAGE,GPU_SINGLE_T4,1,64,31,12453096,12.453096,5139.284239035819
GPUCOND_022,18,STAGE20_MASKED_CNN_V1,GROUP_B_PACKET_IMAGE,GPU_SINGLE_T4,1,64,32,12455174,12.455174,5138.426809613418
GPUCOND_022,18,STAGE20_MASKED_CNN_V1,GROUP_B_PACKET_IMAGE,GPU_SINGLE_T4,1,64,33,12442850,12.44285,5143.516155864613
GPUCOND_022,18,STAGE20_MASKED_CNN_V1,GROUP_B_PACKET_IMAGE,GPU_SINGLE_T4,1,64,34,12476390,12.47639,5129.688956501039
GPUCOND_022,18,STAGE20_MASKED_CNN_V1,GROUP_B_PACKET_IMAGE,GPU_SINGLE_T4,1,64,35,12477603,12.477603,5129.19027797246
GPUCOND_022,18,STAGE20_MASKED_CNN_V1,GROUP_B_PACKET_IMAGE,GPU_SINGLE_T4,1,64,36,12477870,12.47787,5129.080524159973
GPUCOND_022,18,STAGE20_MASKED_CNN_V1,GROUP_B_PACKET_IMAGE,GPU_SINGLE_T4,1,64,37,12480329,12.480329,5128.069941104918
GPUCOND_022,18,STAGE20_MASKED_CNN_V1,GROUP_B_PACKET_IMAGE,GPU_SINGLE_T4,1,64,38,12476456,12.476456,5129.661820632397
GPUCOND_022,18,STAGE20_MASKED_CNN_V1,GROUP_B_PACKET_IMAGE,GPU_SINGLE_T4,1,64,39,12465889,12.465889,5134.0100974747975
GPUCOND_022,18,STAGE20_MASKED_CNN_V1,GROUP_B_PACKET_IMAGE,GPU_SINGLE_T4,1,64,40,12459514,12.459514,5136.6369506868405
GPUCOND_022,18,STAGE20_MASKED_CNN_V1,GROUP_B_PACKET_IMAGE,GPU_SINGLE_T4,1,64,41,12458569,12.458569,5137.026571831805
GPUCOND_022,18,STAGE20_MASKED_CNN_V1,GROUP_B_PACKET_IMAGE,GPU_SINGLE_T4,1,64,42,12485195,12.485195,5126.071318870069
GPUCOND_022,18,STAGE20_MASKED_CNN_V1,GROUP_B_PACKET_IMAGE,GPU_SINGLE_T4,1,64,43,12461002,12.461002,5136.0235717801825
GPUCOND_022,18,STAGE20_MASKED_CNN_V1,GROUP_B_PACKET_IMAGE,GPU_SINGLE_T4,1,64,44,12466172,12.466172,5133.893548075544
GPUCOND_022,18,STAGE20_MASKED_CNN_V1,GROUP_B_PACKET_IMAGE,GPU_SINGLE_T4,1,64,45,12488415,12.488415,5124.749617945912
GPUCOND_022,18,STAGE20_MASKED_CNN_V1,GROUP_B_PACKET_IMAGE,GPU_SINGLE_T4,1,64,46,12468507,12.468507,5132.932114486522
GPUCOND_022,18,STAGE20_MASKED_CNN_V1,GROUP_B_PACKET_IMAGE,GPU_SINGLE_T4,1,64,47,12450107,12.450107,5140.518069443098
GPUCOND_022,18,STAGE20_MASKED_CNN_V1,GROUP_B_PACKET_IMAGE,GPU_SINGLE_T4,1,64,48,12455353,12.455353,5138.352963581201
GPUCOND_022,18,STAGE20_MASKED_CNN_V1,GROUP_B_PACKET_IMAGE,GPU_SINGLE_T4,1,64,49,12460304,12.460304,5136.311281008874
GPUCOND_022,18,STAGE20_MASKED_CNN_V1,GROUP_B_PACKET_IMAGE,GPU_SINGLE_T4,1,64,50,12462330,12.46233,5135.476271291163
GPUCOND_022,18,STAGE20_MASKED_CNN_V1,GROUP_B_PACKET_IMAGE,GPU_SINGLE_T4,1,64,51,12458494,12.458494,5137.057496676564
GPUCOND_022,18,STAGE20_MASKED_CNN_V1,GROUP_B_PACKET_IMAGE,GPU_SINGLE_T4,1,64,52,12493515,12.493515,5122.657634780924
GPUCOND_022,18,STAGE20_MASKED_CNN_V1,GROUP_B_PACKET_IMAGE,GPU_SINGLE_T4,1,64,53,12510996,12.510996,5115.4999969626715
GPUCOND_022,18,STAGE20_MASKED_CNN_V1,GROUP_B_PACKET_IMAGE,GPU_SINGLE_T4,1,64,54,12481076,12.481076,5127.763022995774
GPUCOND_022,18,STAGE20_MASKED_CNN_V1,GROUP_B_PACKET_IMAGE,GPU_SINGLE_T4,1,64,55,12481347,12.481347,5127.651686953339
GPUCOND_022,18,STAGE20_MASKED_CNN_V1,GROUP_B_PACKET_IMAGE,GPU_SINGLE_T4,1,64,56,12470971,12.470971,5131.917955706897
GPUCOND_022,18,STAGE20_MASKED_CNN_V1,GROUP_B_PACKET_IMAGE,GPU_SINGLE_T4,1,64,57,12464404,12.464404,5134.621759692642
GPUCOND_022,18,STAGE20_MASKED_CNN_V1,GROUP_B_PACKET_IMAGE,GPU_SINGLE_T4,1,64,58,12470366,12.470366,5132.166930786153
GPUCOND_022,18,STAGE20_MASKED_CNN_V1,GROUP_B_PACKET_IMAGE,GPU_SINGLE_T4,1,64,59,12475929,12.475929,5129.878504438427
GPUCOND_022,18,STAGE20_MASKED_CNN_V1,GROUP_B_PACKET_IMAGE,GPU_SINGLE_T4,1,64,60,12450387,12.450387,5140.402462991713
GPUCOND_022,18,STAGE20_MASKED_CNN_V1,GROUP_B_PACKET_IMAGE,GPU_SINGLE_T4,1,64,61,12477794,12.477794,5129.111764467341
GPUCOND_022,18,STAGE20_MASKED_CNN_V1,GROUP_B_PACKET_IMAGE,GPU_SINGLE_T4,1,64,62,12467690,12.46769,5133.268472347323
GPUCOND_022,18,STAGE20_MASKED_CNN_V1,GROUP_B_PACKET_IMAGE,GPU_SINGLE_T4,1,64,63,12453023,12.453023,5139.3143656765105
GPUCOND_022,18,STAGE20_MASKED_CNN_V1,GROUP_B_PACKET_IMAGE,GPU_SINGLE_T4,1,64,64,12447065,12.447065,5141.774386170555
GPUCOND_022,18,STAGE20_MASKED_CNN_V1,GROUP_B_PACKET_IMAGE,GPU_SINGLE_T4,1,64,65,12459846,12.459846,5136.500081943228
GPUCOND_022,18,STAGE20_MASKED_CNN_V1,GROUP_B_PACKET_IMAGE,GPU_SINGLE_T4,1,64,66,12452320,12.45232,5139.604507433153
GPUCOND_022,18,STAGE20_MASKED_CNN_V1,GROUP_B_PACKET_IMAGE,GPU_SINGLE_T4,1,64,67,12445363,12.445363,5142.47756373197
GPUCOND_022,18,STAGE20_MASKED_CNN_V1,GROUP_B_PACKET_IMAGE,GPU_SINGLE_T4,1,64,68,12454572,12.454572,5138.6751788821
GPUCOND_022,18,STAGE20_MASKED_CNN_V1,GROUP_B_PACKET_IMAGE,GPU_SINGLE_T4,1,64,69,12468502,12.468502,5132.934172846105
GPUCOND_022,18,STAGE20_MASKED_CNN_V1,GROUP_B_PACKET_IMAGE,GPU_SINGLE_T4,1,64,70,12472585,12.472585,5131.253865978865
GPUCOND_022,18,STAGE20_MASKED_CNN_V1,GROUP_B_PACKET_IMAGE,GPU_SINGLE_T4,1,64,71,12461968,12.461968,5135.625448564785
GPUCOND_022,18,STAGE20_MASKED_CNN_V1,GROUP_B_PACKET_IMAGE,GPU_SINGLE_T4,1,64,72,12458839,12.458839,5136.915245473515
GPUCOND_022,18,STAGE20_MASKED_CNN_V1,GROUP_B_PACKET_IMAGE,GPU_SINGLE_T4,1,64,73,12462659,12.462659,5135.340700567993
GPUCOND_022,18,STAGE20_MASKED_CNN_V1,GROUP_B_PACKET_IMAGE,GPU_SINGLE_T4,1,64,74,12484019,12.484019,5126.554197009793
GPUCOND_022,18,STAGE20_MASKED_CNN_V1,GROUP_B_PACKET_IMAGE,GPU_SINGLE_T4,1,64,75,12477438,12.477438,5129.2581057104835
GPUCOND_022,18,STAGE20_MASKED_CNN_V1,GROUP_B_PACKET_IMAGE,GPU_SINGLE_T4,1,64,76,12468156,12.468156,5133.076615339109
GPUCOND_022,18,STAGE20_MASKED_CNN_V1,GROUP_B_PACKET_IMAGE,GPU_SINGLE_T4,1,64,77,12475311,12.475311,5130.132627555337
GPUCOND_022,18,STAGE20_MASKED_CNN_V1,GROUP_B_PACKET_IMAGE,GPU_SINGLE_T4,1,64,78,12470630,12.47063,5132.058284144426
GPUCOND_022,18,STAGE20_MASKED_CNN_V1,GROUP_B_PACKET_IMAGE,GPU_SINGLE_T4,1,64,79,12445014,12.445014,5142.621776078356
GPUCOND_022,18,STAGE20_MASKED_CNN_V1,GROUP_B_PACKET_IMAGE,GPU_SINGLE_T4,1,64,80,12464720,12.46472,5134.491589060965
GPUCOND_022,18,STAGE20_MASKED_CNN_V1,GROUP_B_PACKET_IMAGE,GPU_SINGLE_T4,1,64,81,12464216,12.464216,5134.699206111319
GPUCOND_022,18,STAGE20_MASKED_CNN_V1,GROUP_B_PACKET_IMAGE,GPU_SINGLE_T4,1,64,82,12446735,12.446735,5141.910709917099
GPUCOND_022,18,STAGE20_MASKED_CNN_V1,GROUP_B_PACKET_IMAGE,GPU_SINGLE_T4,1,64,83,12453171,12.453171,5139.253287375561
GPUCOND_022,18,STAGE20_MASKED_CNN_V1,GROUP_B_PACKET_IMAGE,GPU_SINGLE_T4,1,64,84,12456925,12.456925,5137.704529809725
GPUCOND_022,18,STAGE20_MASKED_CNN_V1,GROUP_B_PACKET_IMAGE,GPU_SINGLE_T4,1,64,85,12471748,12.471748,5131.598233062438
GPUCOND_022,18,STAGE20_MASKED_CNN_V1,GROUP_B_PACKET_IMAGE,GPU_SINGLE_T4,1,64,86,12464721,12.464721,5134.491177139063
GPUCOND_022,18,STAGE20_MASKED_CNN_V1,GROUP_B_PACKET_IMAGE,GPU_SINGLE_T4,1,64,87,12468406,12.468406,5132.973693670226
GPUCOND_022,18,STAGE20_MASKED_CNN_V1,GROUP_B_PACKET_IMAGE,GPU_SINGLE_T4,1,64,88,12455326,12.455326,5138.36410223225
GPUCOND_022,18,STAGE20_MASKED_CNN_V1,GROUP_B_PACKET_IMAGE,GPU_SINGLE_T4,1,64,89,12467604,12.467604,5133.303881002316
GPUCOND_022,18,STAGE20_MASKED_CNN_V1,GROUP_B_PACKET_IMAGE,GPU_SINGLE_T4,1,64,90,12472747,12.472747,5131.187219623713
GPUCOND_022,18,STAGE20_MASKED_CNN_V1,GROUP_B_PACKET_IMAGE,GPU_SINGLE_T4,1,64,91,12485594,12.485594,5125.907505882379
GPUCOND_022,18,STAGE20_MASKED_CNN_V1,GROUP_B_PACKET_IMAGE,GPU_SINGLE_T4,1,64,92,12473614,12.473614,5130.830567628595
GPUCOND_022,18,STAGE20_MASKED_CNN_V1,GROUP_B_PACKET_IMAGE,GPU_SINGLE_T4,1,64,93,12489642,12.489642,5124.246155334156
GPUCOND_022,18,STAGE20_MASKED_CNN_V1,GROUP_B_PACKET_IMAGE,GPU_SINGLE_T4,1,64,94,12475615,12.475615,5130.007618862877
GPUCOND_022,18,STAGE20_MASKED_CNN_V1,GROUP_B_PACKET_IMAGE,GPU_SINGLE_T4,1,64,95,12493142,12.493142,5122.81057879595
GPUCOND_022,18,STAGE20_MASKED_CNN_V1,GROUP_B_PACKET_IMAGE,GPU_SINGLE_T4,1,64,96,12477207,12.477207,5129.353067557507
GPUCOND_022,18,STAGE20_MASKED_CNN_V1,GROUP_B_PACKET_IMAGE,GPU_SINGLE_T4,1,64,97,12479957,12.479957,5128.222797562524
GPUCOND_022,18,STAGE20_MASKED_CNN_V1,GROUP_B_PACKET_IMAGE,GPU_SINGLE_T4,1,64,98,12458621,12.458621,5137.005130824671
GPUCOND_022,18,STAGE20_MASKED_CNN_V1,GROUP_B_PACKET_IMAGE,GPU_SINGLE_T4,1,64,99,12468013,12.468013,5133.135488389369
GPUCOND_022,18,STAGE20_MASKED_CNN_V1,GROUP_B_PACKET_IMAGE,GPU_SINGLE_T4,1,64,100,12457972,12.457972,5137.272743910486
GPUCOND_022,18,STAGE20_MASKED_CNN_V1,GROUP_B_PACKET_IMAGE,GPU_SINGLE_T4,1,64,101,12465578,12.465578,5134.138184366581
GPUCOND_022,18,STAGE20_MASKED_CNN_V1,GROUP_B_PACKET_IMAGE,GPU_SINGLE_T4,1,64,102,12461190,12.46119,5135.946085405968
GPUCOND_022,18,STAGE20_MASKED_CNN_V1,GROUP_B_PACKET_IMAGE,GPU_SINGLE_T4,1,64,103,12438101,12.438101,5145.480005348083
GPUCOND_022,18,STAGE20_MASKED_CNN_V1,GROUP_B_PACKET_IMAGE,GPU_SINGLE_T4,1,64,104,12454974,12.454974,5138.509321657356
GPUCOND_022,18,STAGE20_MASKED_CNN_V1,GROUP_B_PACKET_IMAGE,GPU_SINGLE_T4,1,64,105,12465375,12.465375,5134.221794370406
GPUCOND_022,18,STAGE20_MASKED_CNN_V1,GROUP_B_PACKET_IMAGE,GPU_SINGLE_T4,1,64,106,12469367,12.469367,5132.57810119792
GPUCOND_022,18,STAGE20_MASKED_CNN_V1,GROUP_B_PACKET_IMAGE,GPU_SINGLE_T4,1,64,107,12471802,12.471802,5131.576014436406
GPUCOND_022,18,STAGE20_MASKED_CNN_V1,GROUP_B_PACKET_IMAGE,GPU_SINGLE_T4,1,64,108,12465632,12.465632,5134.115943740358
GPUCOND_022,18,STAGE20_MASKED_CNN_V1,GROUP_B_PACKET_IMAGE,GPU_SINGLE_T4,1,64,109,12478557,12.478557,5128.7981454907
GPUCOND_022,18,STAGE20_MASKED_CNN_V1,GROUP_B_PACKET_IMAGE,GPU_SINGLE_T4,1,64,110,12467471,12.467471,5133.3586418608875
GPUCOND_022,18,STAGE20_MASKED_CNN_V1,GROUP_B_PACKET_IMAGE,GPU_SINGLE_T4,1,64,111,12456727,12.456727,5137.786193756996
GPUCOND_022,18,STAGE20_MASKED_CNN_V1,GROUP_B_PACKET_IMAGE,GPU_SINGLE_T4,1,64,112,12452093,12.452093,5139.6982017400605
GPUCOND_022,18,STAGE20_MASKED_CNN_V1,GROUP_B_PACKET_IMAGE,GPU_SINGLE_T4,1,64,113,12453695,12.453695,5139.037048843737
GPUCOND_022,18,STAGE20_MASKED_CNN_V1,GROUP_B_PACKET_IMAGE,GPU_SINGLE_T4,1,64,114,12462337,12.462337,5135.473386733162
GPUCOND_022,18,STAGE20_MASKED_CNN_V1,GROUP_B_PACKET_IMAGE,GPU_SINGLE_T4,1,64,115,12458197,12.458197,5137.179962718522
GPUCOND_022,18,STAGE20_MASKED_CNN_V1,GROUP_B_PACKET_IMAGE,GPU_SINGLE_T4,1,64,116,12451015,12.451015,5140.143193145298
GPUCOND_022,18,STAGE20_MASKED_CNN_V1,GROUP_B_PACKET_IMAGE,GPU_SINGLE_T4,1,64,117,12480210,12.48021,5128.118837743916
GPUCOND_022,18,STAGE20_MASKED_CNN_V1,GROUP_B_PACKET_IMAGE,GPU_SINGLE_T4,1,64,118,12474502,12.474502,5130.465328395474
GPUCOND_022,18,STAGE20_MASKED_CNN_V1,GROUP_B_PACKET_IMAGE,GPU_SINGLE_T4,1,64,119,12453269,12.453269,5139.212844434662
GPUCOND_022,18,STAGE20_MASKED_CNN_V1,GROUP_B_PACKET_IMAGE,GPU_SINGLE_T4,1,64,120,12471381,12.471381,5131.749242525748
GPUCOND_022,18,STAGE20_MASKED_CNN_V1,GROUP_B_PACKET_IMAGE,GPU_SINGLE_T4,1,64,121,12441191,12.441191,5144.202030175406
GPUCOND_022,18,STAGE20_MASKED_CNN_V1,GROUP_B_PACKET_IMAGE,GPU_SINGLE_T4,1,64,122,12442239,12.442239,5143.768738086449
GPUCOND_022,18,STAGE20_MASKED_CNN_V1,GROUP_B_PACKET_IMAGE,GPU_SINGLE_T4,1,64,123,12460839,12.460839,5136.090756007681
GPUCOND_022,18,STAGE20_MASKED_CNN_V1,GROUP_B_PACKET_IMAGE,GPU_SINGLE_T4,1,64,124,12449530,12.44953,5140.756317708379
GPUCOND_022,18,STAGE20_MASKED_CNN_V1,GROUP_B_PACKET_IMAGE,GPU_SINGLE_T4,1,64,125,12468632,12.468632,5132.880656033477
GPUCOND_022,18,STAGE20_MASKED_CNN_V1,GROUP_B_PACKET_IMAGE,GPU_SINGLE_T4,1,64,126,12470595,12.470595,5132.072687790759
GPUCOND_022,18,STAGE20_MASKED_CNN_V1,GROUP_B_PACKET_IMAGE,GPU_SINGLE_T4,1,64,127,12468988,12.468988,5132.734108012615
GPUCOND_022,18,STAGE20_MASKED_CNN_V1,GROUP_B_PACKET_IMAGE,GPU_SINGLE_T4,1,64,128,12455487,12.455487,5138.297683583147
GPUCOND_022,18,STAGE20_MASKED_CNN_V1,GROUP_B_PACKET_IMAGE,GPU_SINGLE_T4,1,64,129,12464404,12.464404,5134.621759692642
GPUCOND_022,18,STAGE20_MASKED_CNN_V1,GROUP_B_PACKET_IMAGE,GPU_SINGLE_T4,1,64,130,12461926,12.461926,5135.64275698636
GPUCOND_022,18,STAGE20_MASKED_CNN_V1,GROUP_B_PACKET_IMAGE,GPU_SINGLE_T4,1,64,131,12462359,12.462359,5135.464321000542
GPUCOND_022,18,STAGE20_MASKED_CNN_V1,GROUP_B_PACKET_IMAGE,GPU_SINGLE_T4,1,64,132,12463871,12.463871,5134.841334606239
GPUCOND_022,18,STAGE20_MASKED_CNN_V1,GROUP_B_PACKET_IMAGE,GPU_SINGLE_T4,1,64,133,12508809,12.508809,5116.394374556363
GPUCOND_022,18,STAGE20_MASKED_CNN_V1,GROUP_B_PACKET_IMAGE,GPU_SINGLE_T4,1,64,134,12497591,12.497591,5120.9869165985665
GPUCOND_022,18,STAGE20_MASKED_CNN_V1,GROUP_B_PACKET_IMAGE,GPU_SINGLE_T4,1,64,135,12445204,12.445204,5142.543264055776
GPUCOND_022,18,STAGE20_MASKED_CNN_V1,GROUP_B_PACKET_IMAGE,GPU_SINGLE_T4,1,64,136,12457062,12.457062,5137.648026476869
GPUCOND_022,18,STAGE20_MASKED_CNN_V1,GROUP_B_PACKET_IMAGE,GPU_SINGLE_T4,1,64,137,12470638,12.470638,5132.054991893759
GPUCOND_022,18,STAGE20_MASKED_CNN_V1,GROUP_B_PACKET_IMAGE,GPU_SINGLE_T4,1,64,138,12456546,12.456546,5137.860848424595
GPUCOND_022,18,STAGE20_MASKED_CNN_V1,GROUP_B_PACKET_IMAGE,GPU_SINGLE_T4,1,64,139,12464801,12.464801,5134.458223601003
GPUCOND_022,18,STAGE20_MASKED_CNN_V1,GROUP_B_PACKET_IMAGE,GPU_SINGLE_T4,1,64,140,12487850,12.48785,5124.981482000505
GPUCOND_022,18,STAGE20_MASKED_CNN_V1,GROUP_B_PACKET_IMAGE,GPU_SINGLE_T4,1,64,141,12455313,12.455313,5138.369465303682
GPUCOND_022,18,STAGE20_MASKED_CNN_V1,GROUP_B_PACKET_IMAGE,GPU_SINGLE_T4,1,64,142,12463919,12.463919,5134.821559735746
GPUCOND_022,18,STAGE20_MASKED_CNN_V1,GROUP_B_PACKET_IMAGE,GPU_SINGLE_T4,1,64,143,12471193,12.471193,5131.82660231463
GPUCOND_022,18,STAGE20_MASKED_CNN_V1,GROUP_B_PACKET_IMAGE,GPU_SINGLE_T4,1,64,144,12454597,12.454597,5138.664864065855
GPUCOND_022,18,STAGE20_MASKED_CNN_V1,GROUP_B_PACKET_IMAGE,GPU_SINGLE_T4,1,64,145,12450762,12.450762,5140.247641068073
GPUCOND_022,18,STAGE20_MASKED_CNN_V1,GROUP_B_PACKET_IMAGE,GPU_SINGLE_T4,1,64,146,12467901,12.467901,5133.181599693485
GPUCOND_022,18,STAGE20_MASKED_CNN_V1,GROUP_B_PACKET_IMAGE,GPU_SINGLE_T4,1,64,147,12472505,12.472505,5131.286778397764
GPUCOND_022,18,STAGE20_MASKED_CNN_V1,GROUP_B_PACKET_IMAGE,GPU_SINGLE_T4,1,64,148,12461080,12.46108,5135.9914228943235
GPUCOND_022,18,STAGE20_MASKED_CNN_V1,GROUP_B_PACKET_IMAGE,GPU_SINGLE_T4,1,64,149,12459168,12.459168,5136.779598766146
GPUCOND_022,18,STAGE20_MASKED_CNN_V1,GROUP_B_PACKET_IMAGE,GPU_SINGLE_T4,1,64,150,12454513,12.454513,5138.699522012623
GPUCOND_026,19,STAGE21_MASKED_VIT_V1,GROUP_B_PACKET_IMAGE,GPU_SINGLE_T4,1,1,1,1807775,1.807775,553.1661849511139
GPUCOND_026,19,STAGE21_MASKED_VIT_V1,GROUP_B_PACKET_IMAGE,GPU_SINGLE_T4,1,1,2,1740266,1.740266,574.6247987376643
GPUCOND_026,19,STAGE21_MASKED_VIT_V1,GROUP_B_PACKET_IMAGE,GPU_SINGLE_T4,1,1,3,1766534,1.766534,566.0802452712487
GPUCOND_026,19,STAGE21_MASKED_VIT_V1,GROUP_B_PACKET_IMAGE,GPU_SINGLE_T4,1,1,4,1762927,1.762927,567.2384619442552
GPUCOND_026,19,STAGE21_MASKED_VIT_V1,GROUP_B_PACKET_IMAGE,GPU_SINGLE_T4,1,1,5,1811952,1.811952,551.8909993200703
GPUCOND_026,19,STAGE21_MASKED_VIT_V1,GROUP_B_PACKET_IMAGE,GPU_SINGLE_T4,1,1,6,2120214,2.120214,471.65050320392186
GPUCOND_026,19,STAGE21_MASKED_VIT_V1,GROUP_B_PACKET_IMAGE,GPU_SINGLE_T4,1,1,7,1821277,1.821277,549.0652986887771
GPUCOND_026,19,STAGE21_MASKED_VIT_V1,GROUP_B_PACKET_IMAGE,GPU_SINGLE_T4,1,1,8,1673169,1.673169,597.6682570618987
GPUCOND_026,19,STAGE21_MASKED_VIT_V1,GROUP_B_PACKET_IMAGE,GPU_SINGLE_T4,1,1,9,1648447,1.648447,606.6315750521552
GPUCOND_026,19,STAGE21_MASKED_VIT_V1,GROUP_B_PACKET_IMAGE,GPU_SINGLE_T4,1,1,10,2053956,2.053956,486.8653466773388
GPUCOND_026,19,STAGE21_MASKED_VIT_V1,GROUP_B_PACKET_IMAGE,GPU_SINGLE_T4,1,1,11,1818664,1.818664,549.8541786718163
GPUCOND_026,19,STAGE21_MASKED_VIT_V1,GROUP_B_PACKET_IMAGE,GPU_SINGLE_T4,1,1,12,1910125,1.910125,523.5259472547608
GPUCOND_026,19,STAGE21_MASKED_VIT_V1,GROUP_B_PACKET_IMAGE,GPU_SINGLE_T4,1,1,13,1750111,1.750111,571.3923288294285
GPUCOND_026,19,STAGE21_MASKED_VIT_V1,GROUP_B_PACKET_IMAGE,GPU_SINGLE_T4,1,1,14,1750661,1.750661,571.2128161877142
GPUCOND_026,19,STAGE21_MASKED_VIT_V1,GROUP_B_PACKET_IMAGE,GPU_SINGLE_T4,1,1,15,1868302,1.868302,535.2453725361318
GPUCOND_026,19,STAGE21_MASKED_VIT_V1,GROUP_B_PACKET_IMAGE,GPU_SINGLE_T4,1,1,16,1923385,1.923385,519.9167093431632
GPUCOND_026,19,STAGE21_MASKED_VIT_V1,GROUP_B_PACKET_IMAGE,GPU_SINGLE_T4,1,1,17,1846083,1.846083,541.6874539227109
GPUCOND_026,19,STAGE21_MASKED_VIT_V1,GROUP_B_PACKET_IMAGE,GPU_SINGLE_T4,1,1,18,1773503,1.773503,563.8558265759912
GPUCOND_026,19,STAGE21_MASKED_VIT_V1,GROUP_B_PACKET_IMAGE,GPU_SINGLE_T4,1,1,19,1818012,1.818012,550.0513747984062
GPUCOND_026,19,STAGE21_MASKED_VIT_V1,GROUP_B_PACKET_IMAGE,GPU_SINGLE_T4,1,1,20,1784285,1.784285,560.4485830458699
GPUCOND_026,19,STAGE21_MASKED_VIT_V1,GROUP_B_PACKET_IMAGE,GPU_SINGLE_T4,1,1,21,1763578,1.763578,567.0290738487325
GPUCOND_026,19,STAGE21_MASKED_VIT_V1,GROUP_B_PACKET_IMAGE,GPU_SINGLE_T4,1,1,22,1855283,1.855283,539.0013275602698
GPUCOND_026,19,STAGE21_MASKED_VIT_V1,GROUP_B_PACKET_IMAGE,GPU_SINGLE_T4,1,1,23,1838138,1.838138,544.0287943560277
GPUCOND_026,19,STAGE21_MASKED_VIT_V1,GROUP_B_PACKET_IMAGE,GPU_SINGLE_T4,1,1,24,1722754,1.722754,580.4659283914012
GPUCOND_026,19,STAGE21_MASKED_VIT_V1,GROUP_B_PACKET_IMAGE,GPU_SINGLE_T4,1,1,25,1619425,1.619425,617.5031261095759
GPUCOND_026,19,STAGE21_MASKED_VIT_V1,GROUP_B_PACKET_IMAGE,GPU_SINGLE_T4,1,1,26,1862812,1.862812,536.822824847596
GPUCOND_026,19,STAGE21_MASKED_VIT_V1,GROUP_B_PACKET_IMAGE,GPU_SINGLE_T4,1,1,27,1984711,1.984711,503.85169427689976
GPUCOND_026,19,STAGE21_MASKED_VIT_V1,GROUP_B_PACKET_IMAGE,GPU_SINGLE_T4,1,1,28,1825640,1.82564,547.7531167152341
GPUCOND_026,19,STAGE21_MASKED_VIT_V1,GROUP_B_PACKET_IMAGE,GPU_SINGLE_T4,1,1,29,1781652,1.781652,561.2768374519827
GPUCOND_026,19,STAGE21_MASKED_VIT_V1,GROUP_B_PACKET_IMAGE,GPU_SINGLE_T4,1,1,30,1743182,1.743182,573.6635646765512
GPUCOND_026,19,STAGE21_MASKED_VIT_V1,GROUP_B_PACKET_IMAGE,GPU_SINGLE_T4,1,1,31,1643112,1.643112,608.6012395990048
GPUCOND_026,19,STAGE21_MASKED_VIT_V1,GROUP_B_PACKET_IMAGE,GPU_SINGLE_T4,1,1,32,1813976,1.813976,551.2752098153449
GPUCOND_026,19,STAGE21_MASKED_VIT_V1,GROUP_B_PACKET_IMAGE,GPU_SINGLE_T4,1,1,33,1883924,1.883924,530.8069752283001
GPUCOND_026,19,STAGE21_MASKED_VIT_V1,GROUP_B_PACKET_IMAGE,GPU_SINGLE_T4,1,1,34,1904384,1.904384,525.1041806694449
GPUCOND_026,19,STAGE21_MASKED_VIT_V1,GROUP_B_PACKET_IMAGE,GPU_SINGLE_T4,1,1,35,1830427,1.830427,546.3206126220822
GPUCOND_026,19,STAGE21_MASKED_VIT_V1,GROUP_B_PACKET_IMAGE,GPU_SINGLE_T4,1,1,36,1762810,1.76281,567.2761103011669
GPUCOND_026,19,STAGE21_MASKED_VIT_V1,GROUP_B_PACKET_IMAGE,GPU_SINGLE_T4,1,1,37,1807237,1.807237,553.3308580999615
GPUCOND_026,19,STAGE21_MASKED_VIT_V1,GROUP_B_PACKET_IMAGE,GPU_SINGLE_T4,1,1,38,1832547,1.832547,545.6885962542843
GPUCOND_026,19,STAGE21_MASKED_VIT_V1,GROUP_B_PACKET_IMAGE,GPU_SINGLE_T4,1,1,39,1885610,1.88561,530.3323592895667
GPUCOND_026,19,STAGE21_MASKED_VIT_V1,GROUP_B_PACKET_IMAGE,GPU_SINGLE_T4,1,1,40,1790217,1.790217,558.5915003600122
GPUCOND_026,19,STAGE21_MASKED_VIT_V1,GROUP_B_PACKET_IMAGE,GPU_SINGLE_T4,1,1,41,1719072,1.719072,581.7092012434616
GPUCOND_026,19,STAGE21_MASKED_VIT_V1,GROUP_B_PACKET_IMAGE,GPU_SINGLE_T4,1,1,42,1632628,1.632628,612.509402019321
GPUCOND_026,19,STAGE21_MASKED_VIT_V1,GROUP_B_PACKET_IMAGE,GPU_SINGLE_T4,1,1,43,1769447,1.769447,565.1483203509345
GPUCOND_026,19,STAGE21_MASKED_VIT_V1,GROUP_B_PACKET_IMAGE,GPU_SINGLE_T4,1,1,44,1854997,1.854997,539.0844297861398
GPUCOND_026,19,STAGE21_MASKED_VIT_V1,GROUP_B_PACKET_IMAGE,GPU_SINGLE_T4,1,1,45,1782004,1.782004,561.1659682020916
GPUCOND_026,19,STAGE21_MASKED_VIT_V1,GROUP_B_PACKET_IMAGE,GPU_SINGLE_T4,1,1,46,1730070,1.73007,578.0112943406914
GPUCOND_026,19,STAGE21_MASKED_VIT_V1,GROUP_B_PACKET_IMAGE,GPU_SINGLE_T4,1,1,47,1697606,1.697606,589.0648360102404
GPUCOND_026,19,STAGE21_MASKED_VIT_V1,GROUP_B_PACKET_IMAGE,GPU_SINGLE_T4,1,1,48,1725040,1.72504,579.6967026851552
GPUCOND_026,19,STAGE21_MASKED_VIT_V1,GROUP_B_PACKET_IMAGE,GPU_SINGLE_T4,1,1,49,1863422,1.863422,536.6470933583482
GPUCOND_026,19,STAGE21_MASKED_VIT_V1,GROUP_B_PACKET_IMAGE,GPU_SINGLE_T4,1,1,50,1851393,1.851393,540.1338343614781
GPUCOND_026,19,STAGE21_MASKED_VIT_V1,GROUP_B_PACKET_IMAGE,GPU_SINGLE_T4,1,1,51,1818430,1.81843,549.9249352463389
GPUCOND_026,19,STAGE21_MASKED_VIT_V1,GROUP_B_PACKET_IMAGE,GPU_SINGLE_T4,1,1,52,1796526,1.796526,556.6298511683104
GPUCOND_026,19,STAGE21_MASKED_VIT_V1,GROUP_B_PACKET_IMAGE,GPU_SINGLE_T4,1,1,53,1794404,1.794404,557.2881023448455
GPUCOND_026,19,STAGE21_MASKED_VIT_V1,GROUP_B_PACKET_IMAGE,GPU_SINGLE_T4,1,1,54,1951762,1.951762,512.3575517916631
GPUCOND_026,19,STAGE21_MASKED_VIT_V1,GROUP_B_PACKET_IMAGE,GPU_SINGLE_T4,1,1,55,1906636,1.906636,524.4839602315282
GPUCOND_026,19,STAGE21_MASKED_VIT_V1,GROUP_B_PACKET_IMAGE,GPU_SINGLE_T4,1,1,56,1924651,1.924651,519.5747177020666
GPUCOND_026,19,STAGE21_MASKED_VIT_V1,GROUP_B_PACKET_IMAGE,GPU_SINGLE_T4,1,1,57,1784208,1.784208,560.4727699909428
GPUCOND_026,19,STAGE21_MASKED_VIT_V1,GROUP_B_PACKET_IMAGE,GPU_SINGLE_T4,1,1,58,1757699,1.757699,568.925623784277
GPUCOND_026,19,STAGE21_MASKED_VIT_V1,GROUP_B_PACKET_IMAGE,GPU_SINGLE_T4,1,1,59,1651631,1.651631,605.462115932675
GPUCOND_026,19,STAGE21_MASKED_VIT_V1,GROUP_B_PACKET_IMAGE,GPU_SINGLE_T4,1,1,60,1757598,1.757598,568.9583169757817
GPUCOND_026,19,STAGE21_MASKED_VIT_V1,GROUP_B_PACKET_IMAGE,GPU_SINGLE_T4,1,1,61,1719702,1.719702,581.4960964167047
GPUCOND_026,19,STAGE21_MASKED_VIT_V1,GROUP_B_PACKET_IMAGE,GPU_SINGLE_T4,1,1,62,1764552,1.764552,566.7160843092184
GPUCOND_026,19,STAGE21_MASKED_VIT_V1,GROUP_B_PACKET_IMAGE,GPU_SINGLE_T4,1,1,63,1781810,1.78181,561.2270668589805
GPUCOND_026,19,STAGE21_MASKED_VIT_V1,GROUP_B_PACKET_IMAGE,GPU_SINGLE_T4,1,1,64,1832897,1.832897,545.584394540446
GPUCOND_026,19,STAGE21_MASKED_VIT_V1,GROUP_B_PACKET_IMAGE,GPU_SINGLE_T4,1,1,65,1832409,1.832409,545.7296924431172
GPUCOND_026,19,STAGE21_MASKED_VIT_V1,GROUP_B_PACKET_IMAGE,GPU_SINGLE_T4,1,1,66,1853543,1.853543,539.5073111333269
GPUCOND_026,19,STAGE21_MASKED_VIT_V1,GROUP_B_PACKET_IMAGE,GPU_SINGLE_T4,1,1,67,1800905,1.800905,555.2763749337139
GPUCOND_026,19,STAGE21_MASKED_VIT_V1,GROUP_B_PACKET_IMAGE,GPU_SINGLE_T4,1,1,68,1840131,1.840131,543.4395703349381
GPUCOND_026,19,STAGE21_MASKED_VIT_V1,GROUP_B_PACKET_IMAGE,GPU_SINGLE_T4,1,1,69,1789271,1.789271,558.8868315643633
GPUCOND_026,19,STAGE21_MASKED_VIT_V1,GROUP_B_PACKET_IMAGE,GPU_SINGLE_T4,1,1,70,1833526,1.833526,545.3972291639169
GPUCOND_026,19,STAGE21_MASKED_VIT_V1,GROUP_B_PACKET_IMAGE,GPU_SINGLE_T4,1,1,71,1852877,1.852877,539.7012321918833
GPUCOND_026,19,STAGE21_MASKED_VIT_V1,GROUP_B_PACKET_IMAGE,GPU_SINGLE_T4,1,1,72,1823593,1.823593,548.3679746522388
GPUCOND_026,19,STAGE21_MASKED_VIT_V1,GROUP_B_PACKET_IMAGE,GPU_SINGLE_T4,1,1,73,1792130,1.79213,557.9952347206955
GPUCOND_026,19,STAGE21_MASKED_VIT_V1,GROUP_B_PACKET_IMAGE,GPU_SINGLE_T4,1,1,74,1837659,1.837659,544.1705996596758
GPUCOND_026,19,STAGE21_MASKED_VIT_V1,GROUP_B_PACKET_IMAGE,GPU_SINGLE_T4,1,1,75,1837644,1.837644,544.1750415205556
GPUCOND_026,19,STAGE21_MASKED_VIT_V1,GROUP_B_PACKET_IMAGE,GPU_SINGLE_T4,1,1,76,1853294,1.853294,539.5797968374148
GPUCOND_026,19,STAGE21_MASKED_VIT_V1,GROUP_B_PACKET_IMAGE,GPU_SINGLE_T4,1,1,77,1769675,1.769675,565.0755082147851
GPUCOND_026,19,STAGE21_MASKED_VIT_V1,GROUP_B_PACKET_IMAGE,GPU_SINGLE_T4,1,1,78,1911505,1.911505,523.1479907193547
GPUCOND_026,19,STAGE21_MASKED_VIT_V1,GROUP_B_PACKET_IMAGE,GPU_SINGLE_T4,1,1,79,1824410,1.82441,548.1224066958633
GPUCOND_026,19,STAGE21_MASKED_VIT_V1,GROUP_B_PACKET_IMAGE,GPU_SINGLE_T4,1,1,80,1776934,1.776934,562.7671033364211
GPUCOND_026,19,STAGE21_MASKED_VIT_V1,GROUP_B_PACKET_IMAGE,GPU_SINGLE_T4,1,1,81,1974788,1.974788,506.38347002311133
GPUCOND_026,19,STAGE21_MASKED_VIT_V1,GROUP_B_PACKET_IMAGE,GPU_SINGLE_T4,1,1,82,1880657,1.880657,531.7290712766868
GPUCOND_026,19,STAGE21_MASKED_VIT_V1,GROUP_B_PACKET_IMAGE,GPU_SINGLE_T4,1,1,83,1859142,1.859142,537.8825286072823
GPUCOND_026,19,STAGE21_MASKED_VIT_V1,GROUP_B_PACKET_IMAGE,GPU_SINGLE_T4,1,1,84,1892961,1.892961,528.27290155476
GPUCOND_026,19,STAGE21_MASKED_VIT_V1,GROUP_B_PACKET_IMAGE,GPU_SINGLE_T4,1,1,85,1789374,1.789374,558.8546609037573
GPUCOND_026,19,STAGE21_MASKED_VIT_V1,GROUP_B_PACKET_IMAGE,GPU_SINGLE_T4,1,1,86,1740770,1.74077,574.4584293157626
GPUCOND_026,19,STAGE21_MASKED_VIT_V1,GROUP_B_PACKET_IMAGE,GPU_SINGLE_T4,1,1,87,1723352,1.723352,580.2645077732234
GPUCOND_026,19,STAGE21_MASKED_VIT_V1,GROUP_B_PACKET_IMAGE,GPU_SINGLE_T4,1,1,88,1831073,1.831073,546.1278714720822
GPUCOND_026,19,STAGE21_MASKED_VIT_V1,GROUP_B_PACKET_IMAGE,GPU_SINGLE_T4,1,1,89,1873318,1.873318,533.8121984628344
GPUCOND_026,19,STAGE21_MASKED_VIT_V1,GROUP_B_PACKET_IMAGE,GPU_SINGLE_T4,1,1,90,1798798,1.798798,555.926791112732
GPUCOND_026,19,STAGE21_MASKED_VIT_V1,GROUP_B_PACKET_IMAGE,GPU_SINGLE_T4,1,1,91,1747440,1.74744,572.2657144165179
GPUCOND_026,19,STAGE21_MASKED_VIT_V1,GROUP_B_PACKET_IMAGE,GPU_SINGLE_T4,1,1,92,1798281,1.798281,556.0866182760092
GPUCOND_026,19,STAGE21_MASKED_VIT_V1,GROUP_B_PACKET_IMAGE,GPU_SINGLE_T4,1,1,93,1844035,1.844035,542.2890563356987
GPUCOND_026,19,STAGE21_MASKED_VIT_V1,GROUP_B_PACKET_IMAGE,GPU_SINGLE_T4,1,1,94,1904027,1.904027,525.2026363071532
GPUCOND_026,19,STAGE21_MASKED_VIT_V1,GROUP_B_PACKET_IMAGE,GPU_SINGLE_T4,1,1,95,1702467,1.702467,587.382897877022
GPUCOND_026,19,STAGE21_MASKED_VIT_V1,GROUP_B_PACKET_IMAGE,GPU_SINGLE_T4,1,1,96,1783701,1.783701,560.6320790311829
GPUCOND_026,19,STAGE21_MASKED_VIT_V1,GROUP_B_PACKET_IMAGE,GPU_SINGLE_T4,1,1,97,1784323,1.784323,560.4366474007229
GPUCOND_026,19,STAGE21_MASKED_VIT_V1,GROUP_B_PACKET_IMAGE,GPU_SINGLE_T4,1,1,98,1778065,1.778065,562.4091357740015
GPUCOND_026,19,STAGE21_MASKED_VIT_V1,GROUP_B_PACKET_IMAGE,GPU_SINGLE_T4,1,1,99,1959525,1.959525,510.3277580025771
GPUCOND_026,19,STAGE21_MASKED_VIT_V1,GROUP_B_PACKET_IMAGE,GPU_SINGLE_T4,1,1,100,1933767,1.933767,517.1253827374239
GPUCOND_026,19,STAGE21_MASKED_VIT_V1,GROUP_B_PACKET_IMAGE,GPU_SINGLE_T4,1,1,101,1992607,1.992607,501.8551074045208
GPUCOND_026,19,STAGE21_MASKED_VIT_V1,GROUP_B_PACKET_IMAGE,GPU_SINGLE_T4,1,1,102,1801964,1.801964,554.9500433970934
GPUCOND_026,19,STAGE21_MASKED_VIT_V1,GROUP_B_PACKET_IMAGE,GPU_SINGLE_T4,1,1,103,1924897,1.924897,519.5083165488854
GPUCOND_026,19,STAGE21_MASKED_VIT_V1,GROUP_B_PACKET_IMAGE,GPU_SINGLE_T4,1,1,104,2050947,2.050947,487.57964003945494
GPUCOND_026,19,STAGE21_MASKED_VIT_V1,GROUP_B_PACKET_IMAGE,GPU_SINGLE_T4,1,1,105,1908240,1.90824,524.0430973043223
GPUCOND_026,19,STAGE21_MASKED_VIT_V1,GROUP_B_PACKET_IMAGE,GPU_SINGLE_T4,1,1,106,1853993,1.853993,539.3763622624249
GPUCOND_026,19,STAGE21_MASKED_VIT_V1,GROUP_B_PACKET_IMAGE,GPU_SINGLE_T4,1,1,107,1872842,1.872842,533.947871737178
GPUCOND_026,19,STAGE21_MASKED_VIT_V1,GROUP_B_PACKET_IMAGE,GPU_SINGLE_T4,1,1,108,1784338,1.784338,560.4319361017924
GPUCOND_026,19,STAGE21_MASKED_VIT_V1,GROUP_B_PACKET_IMAGE,GPU_SINGLE_T4,1,1,109,1936798,1.936798,516.3161052417444
GPUCOND_026,19,STAGE21_MASKED_VIT_V1,GROUP_B_PACKET_IMAGE,GPU_SINGLE_T4,1,1,110,1903317,1.903317,525.3985542082585
GPUCOND_026,19,STAGE21_MASKED_VIT_V1,GROUP_B_PACKET_IMAGE,GPU_SINGLE_T4,1,1,111,1905317,1.905317,524.8470464494884
GPUCOND_026,19,STAGE21_MASKED_VIT_V1,GROUP_B_PACKET_IMAGE,GPU_SINGLE_T4,1,1,112,1776570,1.77657,562.8824082360954
GPUCOND_026,19,STAGE21_MASKED_VIT_V1,GROUP_B_PACKET_IMAGE,GPU_SINGLE_T4,1,1,113,1750909,1.750909,571.13190919688
GPUCOND_026,19,STAGE21_MASKED_VIT_V1,GROUP_B_PACKET_IMAGE,GPU_SINGLE_T4,1,1,114,1798398,1.798398,556.0504404475539
GPUCOND_026,19,STAGE21_MASKED_VIT_V1,GROUP_B_PACKET_IMAGE,GPU_SINGLE_T4,1,1,115,1913804,1.913804,522.5195474562703
GPUCOND_026,19,STAGE21_MASKED_VIT_V1,GROUP_B_PACKET_IMAGE,GPU_SINGLE_T4,1,1,116,1991812,1.991812,502.05541486847153
GPUCOND_026,19,STAGE21_MASKED_VIT_V1,GROUP_B_PACKET_IMAGE,GPU_SINGLE_T4,1,1,117,1819542,1.819542,549.5888525793854
GPUCOND_026,19,STAGE21_MASKED_VIT_V1,GROUP_B_PACKET_IMAGE,GPU_SINGLE_T4,1,1,118,1988450,1.98845,502.9042721717921
GPUCOND_026,19,STAGE21_MASKED_VIT_V1,GROUP_B_PACKET_IMAGE,GPU_SINGLE_T4,1,1,119,2152936,2.152936,464.48199110424093
GPUCOND_026,19,STAGE21_MASKED_VIT_V1,GROUP_B_PACKET_IMAGE,GPU_SINGLE_T4,1,1,120,1893411,1.893411,528.1473488851601
GPUCOND_026,19,STAGE21_MASKED_VIT_V1,GROUP_B_PACKET_IMAGE,GPU_SINGLE_T4,1,1,121,1892384,1.892384,528.4339753453844
GPUCOND_026,19,STAGE21_MASKED_VIT_V1,GROUP_B_PACKET_IMAGE,GPU_SINGLE_T4,1,1,122,1824073,1.824073,548.2236730657161
GPUCOND_026,19,STAGE21_MASKED_VIT_V1,GROUP_B_PACKET_IMAGE,GPU_SINGLE_T4,1,1,123,1893619,1.893619,528.0893358167615
GPUCOND_026,19,STAGE21_MASKED_VIT_V1,GROUP_B_PACKET_IMAGE,GPU_SINGLE_T4,1,1,124,1886572,1.886572,530.0619324361859
GPUCOND_026,19,STAGE21_MASKED_VIT_V1,GROUP_B_PACKET_IMAGE,GPU_SINGLE_T4,1,1,125,1876637,1.876637,532.8681039540412
GPUCOND_026,19,STAGE21_MASKED_VIT_V1,GROUP_B_PACKET_IMAGE,GPU_SINGLE_T4,1,1,126,1855412,1.855412,538.9638527723223
GPUCOND_026,19,STAGE21_MASKED_VIT_V1,GROUP_B_PACKET_IMAGE,GPU_SINGLE_T4,1,1,127,1782602,1.782602,560.9777168431316
GPUCOND_026,19,STAGE21_MASKED_VIT_V1,GROUP_B_PACKET_IMAGE,GPU_SINGLE_T4,1,1,128,1787106,1.787106,559.5638982802363
GPUCOND_026,19,STAGE21_MASKED_VIT_V1,GROUP_B_PACKET_IMAGE,GPU_SINGLE_T4,1,1,129,1846854,1.846854,541.4613174620192
GPUCOND_026,19,STAGE21_MASKED_VIT_V1,GROUP_B_PACKET_IMAGE,GPU_SINGLE_T4,1,1,130,1775207,1.775207,563.3145881015566
GPUCOND_026,19,STAGE21_MASKED_VIT_V1,GROUP_B_PACKET_IMAGE,GPU_SINGLE_T4,1,1,131,1935755,1.935755,516.5943004150835
GPUCOND_026,19,STAGE21_MASKED_VIT_V1,GROUP_B_PACKET_IMAGE,GPU_SINGLE_T4,1,1,132,1832412,1.832412,545.7287989818883
GPUCOND_026,19,STAGE21_MASKED_VIT_V1,GROUP_B_PACKET_IMAGE,GPU_SINGLE_T4,1,1,133,1866455,1.866455,535.7750387767185
GPUCOND_026,19,STAGE21_MASKED_VIT_V1,GROUP_B_PACKET_IMAGE,GPU_SINGLE_T4,1,1,134,1795922,1.795922,556.8170555291376
GPUCOND_026,19,STAGE21_MASKED_VIT_V1,GROUP_B_PACKET_IMAGE,GPU_SINGLE_T4,1,1,135,1850930,1.85093,540.2689458812597
GPUCOND_026,19,STAGE21_MASKED_VIT_V1,GROUP_B_PACKET_IMAGE,GPU_SINGLE_T4,1,1,136,2002062,2.002062,499.48503093310796
GPUCOND_026,19,STAGE21_MASKED_VIT_V1,GROUP_B_PACKET_IMAGE,GPU_SINGLE_T4,1,1,137,1899194,1.899194,526.5391529248724
GPUCOND_026,19,STAGE21_MASKED_VIT_V1,GROUP_B_PACKET_IMAGE,GPU_SINGLE_T4,1,1,138,1863040,1.86304,536.7571281346617
GPUCOND_026,19,STAGE21_MASKED_VIT_V1,GROUP_B_PACKET_IMAGE,GPU_SINGLE_T4,1,1,139,2053029,2.053029,487.085179995022
GPUCOND_026,19,STAGE21_MASKED_VIT_V1,GROUP_B_PACKET_IMAGE,GPU_SINGLE_T4,1,1,140,1843766,1.843766,542.3681747032975
GPUCOND_026,19,STAGE21_MASKED_VIT_V1,GROUP_B_PACKET_IMAGE,GPU_SINGLE_T4,1,1,141,1848881,1.848881,540.8676924042164
GPUCOND_026,19,STAGE21_MASKED_VIT_V1,GROUP_B_PACKET_IMAGE,GPU_SINGLE_T4,1,1,142,1910359,1.910359,523.4618205269271
GPUCOND_026,19,STAGE21_MASKED_VIT_V1,GROUP_B_PACKET_IMAGE,GPU_SINGLE_T4,1,1,143,1819502,1.819502,549.6009347612699
GPUCOND_026,19,STAGE21_MASKED_VIT_V1,GROUP_B_PACKET_IMAGE,GPU_SINGLE_T4,1,1,144,1791938,1.791938,558.0550219929485
GPUCOND_026,19,STAGE21_MASKED_VIT_V1,GROUP_B_PACKET_IMAGE,GPU_SINGLE_T4,1,1,145,2057579,2.057579,486.00807065002124
GPUCOND_026,19,STAGE21_MASKED_VIT_V1,GROUP_B_PACKET_IMAGE,GPU_SINGLE_T4,1,1,146,2005129,2.005129,498.7210299187733
GPUCOND_026,19,STAGE21_MASKED_VIT_V1,GROUP_B_PACKET_IMAGE,GPU_SINGLE_T4,1,1,147,1965784,1.965784,508.70288902544735
GPUCOND_026,19,STAGE21_MASKED_VIT_V1,GROUP_B_PACKET_IMAGE,GPU_SINGLE_T4,1,1,148,2187827,2.187827,457.0745310301043
GPUCOND_026,19,STAGE21_MASKED_VIT_V1,GROUP_B_PACKET_IMAGE,GPU_SINGLE_T4,1,1,149,2007579,2.007579,498.11240304864714
GPUCOND_026,19,STAGE21_MASKED_VIT_V1,GROUP_B_PACKET_IMAGE,GPU_SINGLE_T4,1,1,150,1871760,1.87176,534.2565286147797
GPUCOND_026,19,STAGE21_MASKED_VIT_V1,GROUP_B_PACKET_IMAGE,GPU_SINGLE_T4,1,1,151,1824531,1.824531,548.0860560878384
GPUCOND_026,19,STAGE21_MASKED_VIT_V1,GROUP_B_PACKET_IMAGE,GPU_SINGLE_T4,1,1,152,1928734,1.928734,518.4748130120587
GPUCOND_026,19,STAGE21_MASKED_VIT_V1,GROUP_B_PACKET_IMAGE,GPU_SINGLE_T4,1,1,153,1878684,1.878684,532.2874948634256
GPUCOND_026,19,STAGE21_MASKED_VIT_V1,GROUP_B_PACKET_IMAGE,GPU_SINGLE_T4,1,1,154,1823345,1.823345,548.4425602395597
GPUCOND_026,19,STAGE21_MASKED_VIT_V1,GROUP_B_PACKET_IMAGE,GPU_SINGLE_T4,1,1,155,1791267,1.791267,558.2640667192552
GPUCOND_026,19,STAGE21_MASKED_VIT_V1,GROUP_B_PACKET_IMAGE,GPU_SINGLE_T4,1,1,156,1895718,1.895718,527.5046183029333
GPUCOND_026,19,STAGE21_MASKED_VIT_V1,GROUP_B_PACKET_IMAGE,GPU_SINGLE_T4,1,1,157,1881613,1.881613,531.4589131771518
GPUCOND_026,19,STAGE21_MASKED_VIT_V1,GROUP_B_PACKET_IMAGE,GPU_SINGLE_T4,1,1,158,1833787,1.833787,545.3196036398992
GPUCOND_026,19,STAGE21_MASKED_VIT_V1,GROUP_B_PACKET_IMAGE,GPU_SINGLE_T4,1,1,159,1849667,1.849667,540.6378553545044
GPUCOND_026,19,STAGE21_MASKED_VIT_V1,GROUP_B_PACKET_IMAGE,GPU_SINGLE_T4,1,1,160,1780579,1.780579,561.6150701541465
GPUCOND_026,19,STAGE21_MASKED_VIT_V1,GROUP_B_PACKET_IMAGE,GPU_SINGLE_T4,1,1,161,1746036,1.746036,572.7258773587715
GPUCOND_026,19,STAGE21_MASKED_VIT_V1,GROUP_B_PACKET_IMAGE,GPU_SINGLE_T4,1,1,162,1931772,1.931772,517.6594339290558
GPUCOND_026,19,STAGE21_MASKED_VIT_V1,GROUP_B_PACKET_IMAGE,GPU_SINGLE_T4,1,1,163,2016614,2.016614,495.88071886836053
GPUCOND_026,19,STAGE21_MASKED_VIT_V1,GROUP_B_PACKET_IMAGE,GPU_SINGLE_T4,1,1,164,1830187,1.830187,546.3922539062949
GPUCOND_026,19,STAGE21_MASKED_VIT_V1,GROUP_B_PACKET_IMAGE,GPU_SINGLE_T4,1,1,165,1774222,1.774222,563.6273251036229
GPUCOND_026,19,STAGE21_MASKED_VIT_V1,GROUP_B_PACKET_IMAGE,GPU_SINGLE_T4,1,1,166,1967352,1.967352,508.2974475335375
GPUCOND_026,19,STAGE21_MASKED_VIT_V1,GROUP_B_PACKET_IMAGE,GPU_SINGLE_T4,1,1,167,1862909,1.862909,536.7948729648093
GPUCOND_026,19,STAGE21_MASKED_VIT_V1,GROUP_B_PACKET_IMAGE,GPU_SINGLE_T4,1,1,168,2015507,2.015507,496.15307711657664
GPUCOND_026,19,STAGE21_MASKED_VIT_V1,GROUP_B_PACKET_IMAGE,GPU_SINGLE_T4,1,1,169,1925652,1.925652,519.3046303278059
GPUCOND_026,19,STAGE21_MASKED_VIT_V1,GROUP_B_PACKET_IMAGE,GPU_SINGLE_T4,1,1,170,1682269,1.682269,594.4352538149368
GPUCOND_026,19,STAGE21_MASKED_VIT_V1,GROUP_B_PACKET_IMAGE,GPU_SINGLE_T4,1,1,171,1793758,1.793758,557.488802837395
GPUCOND_026,19,STAGE21_MASKED_VIT_V1,GROUP_B_PACKET_IMAGE,GPU_SINGLE_T4,1,1,172,1894006,1.894006,527.9814319490013
GPUCOND_026,19,STAGE21_MASKED_VIT_V1,GROUP_B_PACKET_IMAGE,GPU_SINGLE_T4,1,1,173,1911869,1.911869,523.0483887755908
GPUCOND_026,19,STAGE21_MASKED_VIT_V1,GROUP_B_PACKET_IMAGE,GPU_SINGLE_T4,1,1,174,1917052,1.917052,521.6342592689192
GPUCOND_026,19,STAGE21_MASKED_VIT_V1,GROUP_B_PACKET_IMAGE,GPU_SINGLE_T4,1,1,175,1763314,1.763314,567.113968357309
GPUCOND_026,19,STAGE21_MASKED_VIT_V1,GROUP_B_PACKET_IMAGE,GPU_SINGLE_T4,1,1,176,1776995,1.776995,562.7477848840317
GPUCOND_026,19,STAGE21_MASKED_VIT_V1,GROUP_B_PACKET_IMAGE,GPU_SINGLE_T4,1,1,177,1753004,1.753004,570.4493543654207
GPUCOND_026,19,STAGE21_MASKED_VIT_V1,GROUP_B_PACKET_IMAGE,GPU_SINGLE_T4,1,1,178,1845858,1.845858,541.7534826622633
GPUCOND_026,19,STAGE21_MASKED_VIT_V1,GROUP_B_PACKET_IMAGE,GPU_SINGLE_T4,1,1,179,1835406,1.835406,544.8385806737037
GPUCOND_026,19,STAGE21_MASKED_VIT_V1,GROUP_B_PACKET_IMAGE,GPU_SINGLE_T4,1,1,180,1773022,1.773022,564.0087940251165
GPUCOND_026,19,STAGE21_MASKED_VIT_V1,GROUP_B_PACKET_IMAGE,GPU_SINGLE_T4,1,1,181,1809188,1.809188,552.7341547699853
GPUCOND_026,19,STAGE21_MASKED_VIT_V1,GROUP_B_PACKET_IMAGE,GPU_SINGLE_T4,1,1,182,1889761,1.889761,529.1674449837836
GPUCOND_026,19,STAGE21_MASKED_VIT_V1,GROUP_B_PACKET_IMAGE,GPU_SINGLE_T4,1,1,183,1865277,1.865277,536.1134029959089
GPUCOND_026,19,STAGE21_MASKED_VIT_V1,GROUP_B_PACKET_IMAGE,GPU_SINGLE_T4,1,1,184,1915265,1.915265,522.1209597627483
GPUCOND_026,19,STAGE21_MASKED_VIT_V1,GROUP_B_PACKET_IMAGE,GPU_SINGLE_T4,1,1,185,1938299,1.938299,515.9162750432209
GPUCOND_026,19,STAGE21_MASKED_VIT_V1,GROUP_B_PACKET_IMAGE,GPU_SINGLE_T4,1,1,186,1842024,1.842024,542.8810916687296
GPUCOND_026,19,STAGE21_MASKED_VIT_V1,GROUP_B_PACKET_IMAGE,GPU_SINGLE_T4,1,1,187,1728210,1.72821,578.6333836744377
GPUCOND_026,19,STAGE21_MASKED_VIT_V1,GROUP_B_PACKET_IMAGE,GPU_SINGLE_T4,1,1,188,1792427,1.792427,557.9027765147479
GPUCOND_026,19,STAGE21_MASKED_VIT_V1,GROUP_B_PACKET_IMAGE,GPU_SINGLE_T4,1,1,189,1891399,1.891399,528.7091724168195
GPUCOND_026,19,STAGE21_MASKED_VIT_V1,GROUP_B_PACKET_IMAGE,GPU_SINGLE_T4,1,1,190,2041916,2.041916,489.7361105941674
GPUCOND_026,19,STAGE21_MASKED_VIT_V1,GROUP_B_PACKET_IMAGE,GPU_SINGLE_T4,1,1,191,1833867,1.833867,545.2958148000919
GPUCOND_026,19,STAGE21_MASKED_VIT_V1,GROUP_B_PACKET_IMAGE,GPU_SINGLE_T4,1,1,192,1898648,1.898648,526.6905713960671
GPUCOND_026,19,STAGE21_MASKED_VIT_V1,GROUP_B_PACKET_IMAGE,GPU_SINGLE_T4,1,1,193,1797315,1.797315,556.3854972556285
GPUCOND_026,19,STAGE21_MASKED_VIT_V1,GROUP_B_PACKET_IMAGE,GPU_SINGLE_T4,1,1,194,1817273,1.817273,550.2750549862349
GPUCOND_026,19,STAGE21_MASKED_VIT_V1,GROUP_B_PACKET_IMAGE,GPU_SINGLE_T4,1,1,195,1950774,1.950774,512.6170432864084
GPUCOND_026,19,STAGE21_MASKED_VIT_V1,GROUP_B_PACKET_IMAGE,GPU_SINGLE_T4,1,1,196,1852140,1.85214,539.9159890721004
GPUCOND_026,19,STAGE21_MASKED_VIT_V1,GROUP_B_PACKET_IMAGE,GPU_SINGLE_T4,1,1,197,1825443,1.825443,547.8122296889029
GPUCOND_026,19,STAGE21_MASKED_VIT_V1,GROUP_B_PACKET_IMAGE,GPU_SINGLE_T4,1,1,198,1786738,1.786738,559.6791471385284
GPUCOND_026,19,STAGE21_MASKED_VIT_V1,GROUP_B_PACKET_IMAGE,GPU_SINGLE_T4,1,1,199,1785339,1.785339,560.1177143388454
GPUCOND_026,19,STAGE21_MASKED_VIT_V1,GROUP_B_PACKET_IMAGE,GPU_SINGLE_T4,1,1,200,1903167,1.903167,525.4399640178713
GPUCOND_029,20,STAGE21_MASKED_VIT_V1,GROUP_B_PACKET_IMAGE,GPU_SINGLE_T4,1,1024,1,58480012,58.480012,17510.256324844802
GPUCOND_029,20,STAGE21_MASKED_VIT_V1,GROUP_B_PACKET_IMAGE,GPU_SINGLE_T4,1,1024,2,58402374,58.402374,17533.533825183204
GPUCOND_029,20,STAGE21_MASKED_VIT_V1,GROUP_B_PACKET_IMAGE,GPU_SINGLE_T4,1,1024,3,58455553,58.455553,17517.582974537938
GPUCOND_029,20,STAGE21_MASKED_VIT_V1,GROUP_B_PACKET_IMAGE,GPU_SINGLE_T4,1,1024,4,58694597,58.694597,17446.23955762061
GPUCOND_029,20,STAGE21_MASKED_VIT_V1,GROUP_B_PACKET_IMAGE,GPU_SINGLE_T4,1,1024,5,59382750,59.38275,17244.06498520193
GPUCOND_029,20,STAGE21_MASKED_VIT_V1,GROUP_B_PACKET_IMAGE,GPU_SINGLE_T4,1,1024,6,59346189,59.346189,17254.68841815605
GPUCOND_029,20,STAGE21_MASKED_VIT_V1,GROUP_B_PACKET_IMAGE,GPU_SINGLE_T4,1,1024,7,58688427,58.688427,17448.073706252173
GPUCOND_029,20,STAGE21_MASKED_VIT_V1,GROUP_B_PACKET_IMAGE,GPU_SINGLE_T4,1,1024,8,58451601,58.451601,17518.767364473046
GPUCOND_029,20,STAGE21_MASKED_VIT_V1,GROUP_B_PACKET_IMAGE,GPU_SINGLE_T4,1,1024,9,58819268,58.819268,17409.26119651812
GPUCOND_029,20,STAGE21_MASKED_VIT_V1,GROUP_B_PACKET_IMAGE,GPU_SINGLE_T4,1,1024,10,58549449,58.549449,17489.48995233072
GPUCOND_029,20,STAGE21_MASKED_VIT_V1,GROUP_B_PACKET_IMAGE,GPU_SINGLE_T4,1,1024,11,58529698,58.529698,17495.39182655615
GPUCOND_029,20,STAGE21_MASKED_VIT_V1,GROUP_B_PACKET_IMAGE,GPU_SINGLE_T4,1,1024,12,58406729,58.406729,17532.226466577165
GPUCOND_029,20,STAGE21_MASKED_VIT_V1,GROUP_B_PACKET_IMAGE,GPU_SINGLE_T4,1,1024,13,58401206,58.401206,17533.884488618267
GPUCOND_029,20,STAGE21_MASKED_VIT_V1,GROUP_B_PACKET_IMAGE,GPU_SINGLE_T4,1,1024,14,59158399,59.158399,17309.460994710153
GPUCOND_029,20,STAGE21_MASKED_VIT_V1,GROUP_B_PACKET_IMAGE,GPU_SINGLE_T4,1,1024,15,59547589,59.547589,17196.330148648
GPUCOND_029,20,STAGE21_MASKED_VIT_V1,GROUP_B_PACKET_IMAGE,GPU_SINGLE_T4,1,1024,16,59020991,59.020991,17349.759511831984
GPUCOND_029,20,STAGE21_MASKED_VIT_V1,GROUP_B_PACKET_IMAGE,GPU_SINGLE_T4,1,1024,17,58542102,58.542102,17491.684873221668
GPUCOND_029,20,STAGE21_MASKED_VIT_V1,GROUP_B_PACKET_IMAGE,GPU_SINGLE_T4,1,1024,18,58716444,58.716444,17439.74822453485
GPUCOND_029,20,STAGE21_MASKED_VIT_V1,GROUP_B_PACKET_IMAGE,GPU_SINGLE_T4,1,1024,19,58729554,58.729554,17435.8552084356
GPUCOND_029,20,STAGE21_MASKED_VIT_V1,GROUP_B_PACKET_IMAGE,GPU_SINGLE_T4,1,1024,20,58403236,58.403236,17533.275039759785
GPUCOND_029,20,STAGE21_MASKED_VIT_V1,GROUP_B_PACKET_IMAGE,GPU_SINGLE_T4,1,1024,21,58442464,58.442464,17521.506280091133
GPUCOND_029,20,STAGE21_MASKED_VIT_V1,GROUP_B_PACKET_IMAGE,GPU_SINGLE_T4,1,1024,22,58646164,58.646164,17460.64755403269
GPUCOND_029,20,STAGE21_MASKED_VIT_V1,GROUP_B_PACKET_IMAGE,GPU_SINGLE_T4,1,1024,23,58528450,58.52845,17495.764880156574
GPUCOND_029,20,STAGE21_MASKED_VIT_V1,GROUP_B_PACKET_IMAGE,GPU_SINGLE_T4,1,1024,24,59210972,59.210972,17294.092047669812
GPUCOND_029,20,STAGE21_MASKED_VIT_V1,GROUP_B_PACKET_IMAGE,GPU_SINGLE_T4,1,1024,25,59701005,59.701005,17152.140068663837
GPUCOND_029,20,STAGE21_MASKED_VIT_V1,GROUP_B_PACKET_IMAGE,GPU_SINGLE_T4,1,1024,26,58998767,58.998767,17356.29492053622
GPUCOND_029,20,STAGE21_MASKED_VIT_V1,GROUP_B_PACKET_IMAGE,GPU_SINGLE_T4,1,1024,27,58599893,58.599893,17474.43463761956
GPUCOND_029,20,STAGE21_MASKED_VIT_V1,GROUP_B_PACKET_IMAGE,GPU_SINGLE_T4,1,1024,28,58774164,58.774164,17422.621272843626
GPUCOND_029,20,STAGE21_MASKED_VIT_V1,GROUP_B_PACKET_IMAGE,GPU_SINGLE_T4,1,1024,29,58746128,58.746128,17430.936043989146
GPUCOND_029,20,STAGE21_MASKED_VIT_V1,GROUP_B_PACKET_IMAGE,GPU_SINGLE_T4,1,1024,30,58462298,58.462298,17515.561909660137
GPUCOND_029,20,STAGE21_MASKED_VIT_V1,GROUP_B_PACKET_IMAGE,GPU_SINGLE_T4,1,1024,31,58654490,58.65449,17458.16901655781
GPUCOND_029,20,STAGE21_MASKED_VIT_V1,GROUP_B_PACKET_IMAGE,GPU_SINGLE_T4,1,1024,32,58627138,58.627138,17466.313979031347
GPUCOND_029,20,STAGE21_MASKED_VIT_V1,GROUP_B_PACKET_IMAGE,GPU_SINGLE_T4,1,1024,33,58506280,58.50628,17502.39461473196
GPUCOND_029,20,STAGE21_MASKED_VIT_V1,GROUP_B_PACKET_IMAGE,GPU_SINGLE_T4,1,1024,34,59073371,59.073371,17334.375585236197
GPUCOND_029,20,STAGE21_MASKED_VIT_V1,GROUP_B_PACKET_IMAGE,GPU_SINGLE_T4,1,1024,35,59558815,59.558815,17193.08888197322
GPUCOND_029,20,STAGE21_MASKED_VIT_V1,GROUP_B_PACKET_IMAGE,GPU_SINGLE_T4,1,1024,36,59259136,59.259136,17280.035942474762
GPUCOND_029,20,STAGE21_MASKED_VIT_V1,GROUP_B_PACKET_IMAGE,GPU_SINGLE_T4,1,1024,37,58664421,58.664421,17455.213612352876
GPUCOND_029,20,STAGE21_MASKED_VIT_V1,GROUP_B_PACKET_IMAGE,GPU_SINGLE_T4,1,1024,38,58746591,58.746591,17430.798665406815
GPUCOND_029,20,STAGE21_MASKED_VIT_V1,GROUP_B_PACKET_IMAGE,GPU_SINGLE_T4,1,1024,39,58730067,58.730067,17435.70290835868
GPUCOND_029,20,STAGE21_MASKED_VIT_V1,GROUP_B_PACKET_IMAGE,GPU_SINGLE_T4,1,1024,40,58618215,58.618215,17468.972741664
GPUCOND_029,20,STAGE21_MASKED_VIT_V1,GROUP_B_PACKET_IMAGE,GPU_SINGLE_T4,1,1024,41,58814483,58.814483,17410.67757069292
GPUCOND_029,20,STAGE21_MASKED_VIT_V1,GROUP_B_PACKET_IMAGE,GPU_SINGLE_T4,1,1024,42,58835107,58.835107,17404.57444906151
GPUCOND_029,20,STAGE21_MASKED_VIT_V1,GROUP_B_PACKET_IMAGE,GPU_SINGLE_T4,1,1024,43,58304021,58.304021,17563.11112744694
GPUCOND_029,20,STAGE21_MASKED_VIT_V1,GROUP_B_PACKET_IMAGE,GPU_SINGLE_T4,1,1024,44,58655325,58.655325,17457.920487185092
GPUCOND_029,20,STAGE21_MASKED_VIT_V1,GROUP_B_PACKET_IMAGE,GPU_SINGLE_T4,1,1024,45,59783043,59.783043,17128.60283809909
GPUCOND_029,20,STAGE21_MASKED_VIT_V1,GROUP_B_PACKET_IMAGE,GPU_SINGLE_T4,1,1024,46,59249800,59.2498,17282.758760367124
GPUCOND_029,20,STAGE21_MASKED_VIT_V1,GROUP_B_PACKET_IMAGE,GPU_SINGLE_T4,1,1024,47,58874680,58.87468,17392.875850875113
GPUCOND_029,20,STAGE21_MASKED_VIT_V1,GROUP_B_PACKET_IMAGE,GPU_SINGLE_T4,1,1024,48,58715209,58.715209,17440.115047533935
GPUCOND_029,20,STAGE21_MASKED_VIT_V1,GROUP_B_PACKET_IMAGE,GPU_SINGLE_T4,1,1024,49,58850219,58.850219,17400.105172081006
GPUCOND_029,20,STAGE21_MASKED_VIT_V1,GROUP_B_PACKET_IMAGE,GPU_SINGLE_T4,1,1024,50,58907186,58.907186,17383.278162362058
GPUCOND_027,21,STAGE21_MASKED_VIT_V1,GROUP_B_PACKET_IMAGE,GPU_SINGLE_T4,1,64,1,4932638,4.932638,12974.801718674673
GPUCOND_027,21,STAGE21_MASKED_VIT_V1,GROUP_B_PACKET_IMAGE,GPU_SINGLE_T4,1,64,2,4934859,4.934859,12968.962233774055
GPUCOND_027,21,STAGE21_MASKED_VIT_V1,GROUP_B_PACKET_IMAGE,GPU_SINGLE_T4,1,64,3,4920655,4.920655,13006.398538405965
GPUCOND_027,21,STAGE21_MASKED_VIT_V1,GROUP_B_PACKET_IMAGE,GPU_SINGLE_T4,1,64,4,4920518,4.920518,13006.760670319669
GPUCOND_027,21,STAGE21_MASKED_VIT_V1,GROUP_B_PACKET_IMAGE,GPU_SINGLE_T4,1,64,5,4913890,4.91389,13024.304573362448
GPUCOND_027,21,STAGE21_MASKED_VIT_V1,GROUP_B_PACKET_IMAGE,GPU_SINGLE_T4,1,64,6,4930746,4.930746,12979.780341554808
GPUCOND_027,21,STAGE21_MASKED_VIT_V1,GROUP_B_PACKET_IMAGE,GPU_SINGLE_T4,1,64,7,4941721,4.941721,12950.953726444694
GPUCOND_027,21,STAGE21_MASKED_VIT_V1,GROUP_B_PACKET_IMAGE,GPU_SINGLE_T4,1,64,8,4948420,4.94842,12933.421172818798
GPUCOND_027,21,STAGE21_MASKED_VIT_V1,GROUP_B_PACKET_IMAGE,GPU_SINGLE_T4,1,64,9,4947306,4.947306,12936.333430760094
GPUCOND_027,21,STAGE21_MASKED_VIT_V1,GROUP_B_PACKET_IMAGE,GPU_SINGLE_T4,1,64,10,4944643,4.944643,12943.300456676043
GPUCOND_027,21,STAGE21_MASKED_VIT_V1,GROUP_B_PACKET_IMAGE,GPU_SINGLE_T4,1,64,11,4935160,4.93516,12968.171244701287
GPUCOND_027,21,STAGE21_MASKED_VIT_V1,GROUP_B_PACKET_IMAGE,GPU_SINGLE_T4,1,64,12,4971914,4.971914,12872.306319055398
GPUCOND_027,21,STAGE21_MASKED_VIT_V1,GROUP_B_PACKET_IMAGE,GPU_SINGLE_T4,1,64,13,4960184,4.960184,12902.747156153884
GPUCOND_027,21,STAGE21_MASKED_VIT_V1,GROUP_B_PACKET_IMAGE,GPU_SINGLE_T4,1,64,14,4990119,4.990119,12825.345447673693
GPUCOND_027,21,STAGE21_MASKED_VIT_V1,GROUP_B_PACKET_IMAGE,GPU_SINGLE_T4,1,64,15,4937026,4.937026,12963.26979035557
GPUCOND_027,21,STAGE21_MASKED_VIT_V1,GROUP_B_PACKET_IMAGE,GPU_SINGLE_T4,1,64,16,4919057,4.919057,13010.623784192783
GPUCOND_027,21,STAGE21_MASKED_VIT_V1,GROUP_B_PACKET_IMAGE,GPU_SINGLE_T4,1,64,17,4927024,4.927024,12989.585599745404
GPUCOND_027,21,STAGE21_MASKED_VIT_V1,GROUP_B_PACKET_IMAGE,GPU_SINGLE_T4,1,64,18,4923030,4.92303,13000.123907430992
GPUCOND_027,21,STAGE21_MASKED_VIT_V1,GROUP_B_PACKET_IMAGE,GPU_SINGLE_T4,1,64,19,4939331,4.939331,12957.220319917818
GPUCOND_027,21,STAGE21_MASKED_VIT_V1,GROUP_B_PACKET_IMAGE,GPU_SINGLE_T4,1,64,20,4933749,4.933749,12971.88000443476
GPUCOND_027,21,STAGE21_MASKED_VIT_V1,GROUP_B_PACKET_IMAGE,GPU_SINGLE_T4,1,64,21,4949959,4.949959,12929.400021293106
GPUCOND_027,21,STAGE21_MASKED_VIT_V1,GROUP_B_PACKET_IMAGE,GPU_SINGLE_T4,1,64,22,4925864,4.925864,12992.644539110297
GPUCOND_027,21,STAGE21_MASKED_VIT_V1,GROUP_B_PACKET_IMAGE,GPU_SINGLE_T4,1,64,23,4929788,4.929788,12982.302687255517
GPUCOND_027,21,STAGE21_MASKED_VIT_V1,GROUP_B_PACKET_IMAGE,GPU_SINGLE_T4,1,64,24,4941243,4.941243,12952.206560171197
GPUCOND_027,21,STAGE21_MASKED_VIT_V1,GROUP_B_PACKET_IMAGE,GPU_SINGLE_T4,1,64,25,4930918,4.930918,12979.327581598396
GPUCOND_027,21,STAGE21_MASKED_VIT_V1,GROUP_B_PACKET_IMAGE,GPU_SINGLE_T4,1,64,26,4920334,4.920334,13007.247068999788
GPUCOND_027,21,STAGE21_MASKED_VIT_V1,GROUP_B_PACKET_IMAGE,GPU_SINGLE_T4,1,64,27,4924515,4.924515,12996.203687063598
GPUCOND_027,21,STAGE21_MASKED_VIT_V1,GROUP_B_PACKET_IMAGE,GPU_SINGLE_T4,1,64,28,4065156,4.065156,15743.553260932667
GPUCOND_027,21,STAGE21_MASKED_VIT_V1,GROUP_B_PACKET_IMAGE,GPU_SINGLE_T4,1,64,29,4018692,4.018692,15925.579765754628
GPUCOND_027,21,STAGE21_MASKED_VIT_V1,GROUP_B_PACKET_IMAGE,GPU_SINGLE_T4,1,64,30,3991385,3.991385,16034.534378417517
GPUCOND_027,21,STAGE21_MASKED_VIT_V1,GROUP_B_PACKET_IMAGE,GPU_SINGLE_T4,1,64,31,3968977,3.968977,16125.061949212606
GPUCOND_027,21,STAGE21_MASKED_VIT_V1,GROUP_B_PACKET_IMAGE,GPU_SINGLE_T4,1,64,32,3953419,3.953419,16188.519355019036
GPUCOND_027,21,STAGE21_MASKED_VIT_V1,GROUP_B_PACKET_IMAGE,GPU_SINGLE_T4,1,64,33,3982512,3.982512,16070.259173104814
GPUCOND_027,21,STAGE21_MASKED_VIT_V1,GROUP_B_PACKET_IMAGE,GPU_SINGLE_T4,1,64,34,4401104,4.401104,14541.805874162483
GPUCOND_027,21,STAGE21_MASKED_VIT_V1,GROUP_B_PACKET_IMAGE,GPU_SINGLE_T4,1,64,35,3875665,3.875665,16513.295137737652
GPUCOND_027,21,STAGE21_MASKED_VIT_V1,GROUP_B_PACKET_IMAGE,GPU_SINGLE_T4,1,64,36,3883047,3.883047,16481.901970282615
GPUCOND_027,21,STAGE21_MASKED_VIT_V1,GROUP_B_PACKET_IMAGE,GPU_SINGLE_T4,1,64,37,3891993,3.891993,16444.01724257983
GPUCOND_027,21,STAGE21_MASKED_VIT_V1,GROUP_B_PACKET_IMAGE,GPU_SINGLE_T4,1,64,38,3875695,3.875695,16513.167315797553
GPUCOND_027,21,STAGE21_MASKED_VIT_V1,GROUP_B_PACKET_IMAGE,GPU_SINGLE_T4,1,64,39,3876803,3.876803,16508.447811250662
GPUCOND_027,21,STAGE21_MASKED_VIT_V1,GROUP_B_PACKET_IMAGE,GPU_SINGLE_T4,1,64,40,3895940,3.89594,16427.357710847704
GPUCOND_027,21,STAGE21_MASKED_VIT_V1,GROUP_B_PACKET_IMAGE,GPU_SINGLE_T4,1,64,41,3884407,3.884407,16476.1313631656
GPUCOND_027,21,STAGE21_MASKED_VIT_V1,GROUP_B_PACKET_IMAGE,GPU_SINGLE_T4,1,64,42,3881364,3.881364,16489.048695252495
GPUCOND_027,21,STAGE21_MASKED_VIT_V1,GROUP_B_PACKET_IMAGE,GPU_SINGLE_T4,1,64,43,3887324,3.887324,16463.767877336697
GPUCOND_027,21,STAGE21_MASKED_VIT_V1,GROUP_B_PACKET_IMAGE,GPU_SINGLE_T4,1,64,44,3885293,3.885293,16472.374155565616
GPUCOND_027,21,STAGE21_MASKED_VIT_V1,GROUP_B_PACKET_IMAGE,GPU_SINGLE_T4,1,64,45,3876961,3.876961,16507.775033073583
GPUCOND_027,21,STAGE21_MASKED_VIT_V1,GROUP_B_PACKET_IMAGE,GPU_SINGLE_T4,1,64,46,3888278,3.888278,16459.728445342644
GPUCOND_027,21,STAGE21_MASKED_VIT_V1,GROUP_B_PACKET_IMAGE,GPU_SINGLE_T4,1,64,47,3887079,3.887079,16464.8055776587
GPUCOND_027,21,STAGE21_MASKED_VIT_V1,GROUP_B_PACKET_IMAGE,GPU_SINGLE_T4,1,64,48,3888225,3.888225,16459.952806229063
GPUCOND_027,21,STAGE21_MASKED_VIT_V1,GROUP_B_PACKET_IMAGE,GPU_SINGLE_T4,1,64,49,3886184,3.886184,16468.597472482004
GPUCOND_027,21,STAGE21_MASKED_VIT_V1,GROUP_B_PACKET_IMAGE,GPU_SINGLE_T4,1,64,50,3879859,3.879859,16495.444808690212
GPUCOND_027,21,STAGE21_MASKED_VIT_V1,GROUP_B_PACKET_IMAGE,GPU_SINGLE_T4,1,64,51,3885730,3.88573,16470.52162656695
GPUCOND_027,21,STAGE21_MASKED_VIT_V1,GROUP_B_PACKET_IMAGE,GPU_SINGLE_T4,1,64,52,3881582,3.881582,16488.12262629
GPUCOND_027,21,STAGE21_MASKED_VIT_V1,GROUP_B_PACKET_IMAGE,GPU_SINGLE_T4,1,64,53,3883342,3.883342,16480.649914429374
GPUCOND_027,21,STAGE21_MASKED_VIT_V1,GROUP_B_PACKET_IMAGE,GPU_SINGLE_T4,1,64,54,3880270,3.88027,16493.69760351728
GPUCOND_027,21,STAGE21_MASKED_VIT_V1,GROUP_B_PACKET_IMAGE,GPU_SINGLE_T4,1,64,55,3878787,3.878787,16500.003738282096
GPUCOND_027,21,STAGE21_MASKED_VIT_V1,GROUP_B_PACKET_IMAGE,GPU_SINGLE_T4,1,64,56,3905122,3.905122,16388.732541518548
GPUCOND_027,21,STAGE21_MASKED_VIT_V1,GROUP_B_PACKET_IMAGE,GPU_SINGLE_T4,1,64,57,3904841,3.904841,16389.911906784426
GPUCOND_027,21,STAGE21_MASKED_VIT_V1,GROUP_B_PACKET_IMAGE,GPU_SINGLE_T4,1,64,58,3872964,3.872964,16524.811488048945
GPUCOND_027,21,STAGE21_MASKED_VIT_V1,GROUP_B_PACKET_IMAGE,GPU_SINGLE_T4,1,64,59,3899964,3.899964,16410.407890944636
GPUCOND_027,21,STAGE21_MASKED_VIT_V1,GROUP_B_PACKET_IMAGE,GPU_SINGLE_T4,1,64,60,3894721,3.894721,16432.499272733527
GPUCOND_027,21,STAGE21_MASKED_VIT_V1,GROUP_B_PACKET_IMAGE,GPU_SINGLE_T4,1,64,61,3873485,3.873485,16522.588831504447
GPUCOND_027,21,STAGE21_MASKED_VIT_V1,GROUP_B_PACKET_IMAGE,GPU_SINGLE_T4,1,64,62,3864902,3.864902,16559.281451379622
GPUCOND_027,21,STAGE21_MASKED_VIT_V1,GROUP_B_PACKET_IMAGE,GPU_SINGLE_T4,1,64,63,3863340,3.86334,16565.976590204333
GPUCOND_027,21,STAGE21_MASKED_VIT_V1,GROUP_B_PACKET_IMAGE,GPU_SINGLE_T4,1,64,64,3865030,3.86503,16558.733049937517
GPUCOND_027,21,STAGE21_MASKED_VIT_V1,GROUP_B_PACKET_IMAGE,GPU_SINGLE_T4,1,64,65,3877360,3.87736,16506.076299337692
GPUCOND_027,21,STAGE21_MASKED_VIT_V1,GROUP_B_PACKET_IMAGE,GPU_SINGLE_T4,1,64,66,3875321,3.875321,16514.760970768613
GPUCOND_027,21,STAGE21_MASKED_VIT_V1,GROUP_B_PACKET_IMAGE,GPU_SINGLE_T4,1,64,67,3895308,3.895308,16430.022991763424
GPUCOND_027,21,STAGE21_MASKED_VIT_V1,GROUP_B_PACKET_IMAGE,GPU_SINGLE_T4,1,64,68,3865832,3.865832,16555.297798766216
GPUCOND_027,21,STAGE21_MASKED_VIT_V1,GROUP_B_PACKET_IMAGE,GPU_SINGLE_T4,1,64,69,3869269,3.869269,16540.592034309324
GPUCOND_027,21,STAGE21_MASKED_VIT_V1,GROUP_B_PACKET_IMAGE,GPU_SINGLE_T4,1,64,70,3872636,3.872636,16526.21108722844
GPUCOND_027,21,STAGE21_MASKED_VIT_V1,GROUP_B_PACKET_IMAGE,GPU_SINGLE_T4,1,64,71,3883557,3.883557,16479.737518980666
GPUCOND_027,21,STAGE21_MASKED_VIT_V1,GROUP_B_PACKET_IMAGE,GPU_SINGLE_T4,1,64,72,3883354,3.883354,16480.598987370195
GPUCOND_027,21,STAGE21_MASKED_VIT_V1,GROUP_B_PACKET_IMAGE,GPU_SINGLE_T4,1,64,73,3852679,3.852679,16611.8173873297
GPUCOND_027,21,STAGE21_MASKED_VIT_V1,GROUP_B_PACKET_IMAGE,GPU_SINGLE_T4,1,64,74,3865185,3.865185,16558.069018688628
GPUCOND_027,21,STAGE21_MASKED_VIT_V1,GROUP_B_PACKET_IMAGE,GPU_SINGLE_T4,1,64,75,3872620,3.87262,16526.279366423765
GPUCOND_027,21,STAGE21_MASKED_VIT_V1,GROUP_B_PACKET_IMAGE,GPU_SINGLE_T4,1,64,76,3867231,3.867231,16549.308794845718
GPUCOND_027,21,STAGE21_MASKED_VIT_V1,GROUP_B_PACKET_IMAGE,GPU_SINGLE_T4,1,64,77,3865540,3.86554,16556.548373577818
GPUCOND_027,21,STAGE21_MASKED_VIT_V1,GROUP_B_PACKET_IMAGE,GPU_SINGLE_T4,1,64,78,3881373,3.881373,16489.010460988935
GPUCOND_027,21,STAGE21_MASKED_VIT_V1,GROUP_B_PACKET_IMAGE,GPU_SINGLE_T4,1,64,79,3852873,3.852873,16610.980948502583
GPUCOND_027,21,STAGE21_MASKED_VIT_V1,GROUP_B_PACKET_IMAGE,GPU_SINGLE_T4,1,64,80,3870383,3.870383,16535.83120843596
GPUCOND_027,21,STAGE21_MASKED_VIT_V1,GROUP_B_PACKET_IMAGE,GPU_SINGLE_T4,1,64,81,3868663,3.868663,16543.183006635627
GPUCOND_027,21,STAGE21_MASKED_VIT_V1,GROUP_B_PACKET_IMAGE,GPU_SINGLE_T4,1,64,82,3887143,3.887143,16464.534492299357
GPUCOND_027,21,STAGE21_MASKED_VIT_V1,GROUP_B_PACKET_IMAGE,GPU_SINGLE_T4,1,64,83,3876464,3.876464,16509.89148873819
GPUCOND_027,21,STAGE21_MASKED_VIT_V1,GROUP_B_PACKET_IMAGE,GPU_SINGLE_T4,1,64,84,3873073,3.873073,16524.346429824585
GPUCOND_027,21,STAGE21_MASKED_VIT_V1,GROUP_B_PACKET_IMAGE,GPU_SINGLE_T4,1,64,85,3878469,3.878469,16501.35659199545
GPUCOND_027,21,STAGE21_MASKED_VIT_V1,GROUP_B_PACKET_IMAGE,GPU_SINGLE_T4,1,64,86,3888054,3.888054,16460.67672928411
GPUCOND_027,21,STAGE21_MASKED_VIT_V1,GROUP_B_PACKET_IMAGE,GPU_SINGLE_T4,1,64,87,3872063,3.872063,16528.656687662366
GPUCOND_027,21,STAGE21_MASKED_VIT_V1,GROUP_B_PACKET_IMAGE,GPU_SINGLE_T4,1,64,88,3862747,3.862747,16568.519760678086
GPUCOND_027,21,STAGE21_MASKED_VIT_V1,GROUP_B_PACKET_IMAGE,GPU_SINGLE_T4,1,64,89,3866238,3.866238,16553.55929976375
GPUCOND_027,21,STAGE21_MASKED_VIT_V1,GROUP_B_PACKET_IMAGE,GPU_SINGLE_T4,1,64,90,3880719,3.880719,16491.789279254695
GPUCOND_027,21,STAGE21_MASKED_VIT_V1,GROUP_B_PACKET_IMAGE,GPU_SINGLE_T4,1,64,91,3887320,3.88732,16463.784818332424
GPUCOND_027,21,STAGE21_MASKED_VIT_V1,GROUP_B_PACKET_IMAGE,GPU_SINGLE_T4,1,64,92,3867004,3.867004,16550.280268652423
GPUCOND_027,21,STAGE21_MASKED_VIT_V1,GROUP_B_PACKET_IMAGE,GPU_SINGLE_T4,1,64,93,3871419,3.871419,16531.406184657357
GPUCOND_027,21,STAGE21_MASKED_VIT_V1,GROUP_B_PACKET_IMAGE,GPU_SINGLE_T4,1,64,94,3875230,3.87523,16515.148778266062
GPUCOND_027,21,STAGE21_MASKED_VIT_V1,GROUP_B_PACKET_IMAGE,GPU_SINGLE_T4,1,64,95,3874614,3.874614,16517.774415722444
GPUCOND_027,21,STAGE21_MASKED_VIT_V1,GROUP_B_PACKET_IMAGE,GPU_SINGLE_T4,1,64,96,3875018,3.875018,16516.052312531192
GPUCOND_027,21,STAGE21_MASKED_VIT_V1,GROUP_B_PACKET_IMAGE,GPU_SINGLE_T4,1,64,97,3866707,3.866707,16551.55148812672
GPUCOND_027,21,STAGE21_MASKED_VIT_V1,GROUP_B_PACKET_IMAGE,GPU_SINGLE_T4,1,64,98,3871117,3.871117,16532.69586013546
GPUCOND_027,21,STAGE21_MASKED_VIT_V1,GROUP_B_PACKET_IMAGE,GPU_SINGLE_T4,1,64,99,3868380,3.86838,16544.393260227796
GPUCOND_027,21,STAGE21_MASKED_VIT_V1,GROUP_B_PACKET_IMAGE,GPU_SINGLE_T4,1,64,100,3876534,3.876534,16509.593363556207
GPUCOND_027,21,STAGE21_MASKED_VIT_V1,GROUP_B_PACKET_IMAGE,GPU_SINGLE_T4,1,64,101,3890570,3.89057,16450.03174342063
GPUCOND_027,21,STAGE21_MASKED_VIT_V1,GROUP_B_PACKET_IMAGE,GPU_SINGLE_T4,1,64,102,3890399,3.890399,16450.754794045548
GPUCOND_027,21,STAGE21_MASKED_VIT_V1,GROUP_B_PACKET_IMAGE,GPU_SINGLE_T4,1,64,103,3868611,3.868611,16543.405372109006
GPUCOND_027,21,STAGE21_MASKED_VIT_V1,GROUP_B_PACKET_IMAGE,GPU_SINGLE_T4,1,64,104,3868143,3.868143,16545.406930405625
GPUCOND_027,21,STAGE21_MASKED_VIT_V1,GROUP_B_PACKET_IMAGE,GPU_SINGLE_T4,1,64,105,3876215,3.876215,16510.952049873395
GPUCOND_027,21,STAGE21_MASKED_VIT_V1,GROUP_B_PACKET_IMAGE,GPU_SINGLE_T4,1,64,106,3886328,3.886328,16467.98726201185
GPUCOND_027,21,STAGE21_MASKED_VIT_V1,GROUP_B_PACKET_IMAGE,GPU_SINGLE_T4,1,64,107,3860472,3.860472,16578.283691735105
GPUCOND_027,21,STAGE21_MASKED_VIT_V1,GROUP_B_PACKET_IMAGE,GPU_SINGLE_T4,1,64,108,3882789,3.882789,16482.99714457829
GPUCOND_027,21,STAGE21_MASKED_VIT_V1,GROUP_B_PACKET_IMAGE,GPU_SINGLE_T4,1,64,109,3878161,3.878161,16502.66711464532
GPUCOND_027,21,STAGE21_MASKED_VIT_V1,GROUP_B_PACKET_IMAGE,GPU_SINGLE_T4,1,64,110,3867690,3.86769,16547.344797540653
GPUCOND_027,21,STAGE21_MASKED_VIT_V1,GROUP_B_PACKET_IMAGE,GPU_SINGLE_T4,1,64,111,3866379,3.866379,16552.95562075006
GPUCOND_027,21,STAGE21_MASKED_VIT_V1,GROUP_B_PACKET_IMAGE,GPU_SINGLE_T4,1,64,112,3864427,3.864427,16561.316852407872
GPUCOND_027,21,STAGE21_MASKED_VIT_V1,GROUP_B_PACKET_IMAGE,GPU_SINGLE_T4,1,64,113,3854524,3.854524,16603.866002650393
GPUCOND_027,21,STAGE21_MASKED_VIT_V1,GROUP_B_PACKET_IMAGE,GPU_SINGLE_T4,1,64,114,3867887,3.867887,16546.502004841404
GPUCOND_027,21,STAGE21_MASKED_VIT_V1,GROUP_B_PACKET_IMAGE,GPU_SINGLE_T4,1,64,115,3873712,3.873712,16521.62060576522
GPUCOND_027,21,STAGE21_MASKED_VIT_V1,GROUP_B_PACKET_IMAGE,GPU_SINGLE_T4,1,64,116,3859899,3.859899,16580.744729331
GPUCOND_027,21,STAGE21_MASKED_VIT_V1,GROUP_B_PACKET_IMAGE,GPU_SINGLE_T4,1,64,117,3862700,3.8627,16568.72136070624
GPUCOND_027,21,STAGE21_MASKED_VIT_V1,GROUP_B_PACKET_IMAGE,GPU_SINGLE_T4,1,64,118,3868184,3.868184,16545.231560856464
GPUCOND_027,21,STAGE21_MASKED_VIT_V1,GROUP_B_PACKET_IMAGE,GPU_SINGLE_T4,1,64,119,3867857,3.867857,16546.630343365847
GPUCOND_027,21,STAGE21_MASKED_VIT_V1,GROUP_B_PACKET_IMAGE,GPU_SINGLE_T4,1,64,120,3871014,3.871014,16533.135762360973
GPUCOND_027,21,STAGE21_MASKED_VIT_V1,GROUP_B_PACKET_IMAGE,GPU_SINGLE_T4,1,64,121,3870503,3.870503,16535.318536117917
GPUCOND_027,21,STAGE21_MASKED_VIT_V1,GROUP_B_PACKET_IMAGE,GPU_SINGLE_T4,1,64,122,3859538,3.859538,16582.295601183356
GPUCOND_027,21,STAGE21_MASKED_VIT_V1,GROUP_B_PACKET_IMAGE,GPU_SINGLE_T4,1,64,123,3888134,3.888134,16460.338043904867
GPUCOND_027,21,STAGE21_MASKED_VIT_V1,GROUP_B_PACKET_IMAGE,GPU_SINGLE_T4,1,64,124,3878999,3.878999,16499.10195903634
GPUCOND_027,21,STAGE21_MASKED_VIT_V1,GROUP_B_PACKET_IMAGE,GPU_SINGLE_T4,1,64,125,3895156,3.895156,16430.66413771361
GPUCOND_027,21,STAGE21_MASKED_VIT_V1,GROUP_B_PACKET_IMAGE,GPU_SINGLE_T4,1,64,126,3910749,3.910749,16365.151534910576
GPUCOND_027,21,STAGE21_MASKED_VIT_V1,GROUP_B_PACKET_IMAGE,GPU_SINGLE_T4,1,64,127,3921115,3.921115,16321.888034398378
GPUCOND_027,21,STAGE21_MASKED_VIT_V1,GROUP_B_PACKET_IMAGE,GPU_SINGLE_T4,1,64,128,3878896,3.878896,16499.5400753204
GPUCOND_027,21,STAGE21_MASKED_VIT_V1,GROUP_B_PACKET_IMAGE,GPU_SINGLE_T4,1,64,129,3884685,3.884685,16474.95228055814
GPUCOND_027,21,STAGE21_MASKED_VIT_V1,GROUP_B_PACKET_IMAGE,GPU_SINGLE_T4,1,64,130,3877571,3.877571,16505.178112792775
GPUCOND_027,21,STAGE21_MASKED_VIT_V1,GROUP_B_PACKET_IMAGE,GPU_SINGLE_T4,1,64,131,3921693,3.921693,16319.482427614808
GPUCOND_027,21,STAGE21_MASKED_VIT_V1,GROUP_B_PACKET_IMAGE,GPU_SINGLE_T4,1,64,132,3887056,3.887056,16464.903001140196
GPUCOND_027,21,STAGE21_MASKED_VIT_V1,GROUP_B_PACKET_IMAGE,GPU_SINGLE_T4,1,64,133,3893642,3.893642,16437.053021310126
GPUCOND_027,21,STAGE21_MASKED_VIT_V1,GROUP_B_PACKET_IMAGE,GPU_SINGLE_T4,1,64,134,3887294,3.887294,16463.89493565447
GPUCOND_027,21,STAGE21_MASKED_VIT_V1,GROUP_B_PACKET_IMAGE,GPU_SINGLE_T4,1,64,135,3894982,3.894982,16431.398142533137
GPUCOND_027,21,STAGE21_MASKED_VIT_V1,GROUP_B_PACKET_IMAGE,GPU_SINGLE_T4,1,64,136,3902683,3.902683,16398.974756596937
GPUCOND_027,21,STAGE21_MASKED_VIT_V1,GROUP_B_PACKET_IMAGE,GPU_SINGLE_T4,1,64,137,3893540,3.89354,16437.483626725294
GPUCOND_027,21,STAGE21_MASKED_VIT_V1,GROUP_B_PACKET_IMAGE,GPU_SINGLE_T4,1,64,138,3879743,3.879743,16495.938004140997
GPUCOND_027,21,STAGE21_MASKED_VIT_V1,GROUP_B_PACKET_IMAGE,GPU_SINGLE_T4,1,64,139,3879380,3.87938,16497.481556331168
GPUCOND_027,21,STAGE21_MASKED_VIT_V1,GROUP_B_PACKET_IMAGE,GPU_SINGLE_T4,1,64,140,3883200,3.8832,16481.252575195715
GPUCOND_027,21,STAGE21_MASKED_VIT_V1,GROUP_B_PACKET_IMAGE,GPU_SINGLE_T4,1,64,141,3876708,3.876708,16508.852356174364
GPUCOND_027,21,STAGE21_MASKED_VIT_V1,GROUP_B_PACKET_IMAGE,GPU_SINGLE_T4,1,64,142,3875631,3.875631,16513.440004995315
GPUCOND_027,21,STAGE21_MASKED_VIT_V1,GROUP_B_PACKET_IMAGE,GPU_SINGLE_T4,1,64,143,3872413,3.872413,16527.162779383296
GPUCOND_027,21,STAGE21_MASKED_VIT_V1,GROUP_B_PACKET_IMAGE,GPU_SINGLE_T4,1,64,144,3880895,3.880895,16491.041370611674
GPUCOND_027,21,STAGE21_MASKED_VIT_V1,GROUP_B_PACKET_IMAGE,GPU_SINGLE_T4,1,64,145,3861897,3.861897,16572.166476734103
GPUCOND_027,21,STAGE21_MASKED_VIT_V1,GROUP_B_PACKET_IMAGE,GPU_SINGLE_T4,1,64,146,3876074,3.876074,16511.55266901509
GPUCOND_027,21,STAGE21_MASKED_VIT_V1,GROUP_B_PACKET_IMAGE,GPU_SINGLE_T4,1,64,147,3902213,3.902213,16400.949922518324
GPUCOND_027,21,STAGE21_MASKED_VIT_V1,GROUP_B_PACKET_IMAGE,GPU_SINGLE_T4,1,64,148,3853616,3.853616,16607.778252944765
GPUCOND_027,21,STAGE21_MASKED_VIT_V1,GROUP_B_PACKET_IMAGE,GPU_SINGLE_T4,1,64,149,3863260,3.86326,16566.319636783443
GPUCOND_027,21,STAGE21_MASKED_VIT_V1,GROUP_B_PACKET_IMAGE,GPU_SINGLE_T4,1,64,150,3866059,3.866059,16554.325735846247
GPUCOND_020,22,FT_BALANCED_5_CHECKPOINT_SOFT_VOTING,GROUP_A_DUPSAFE70,GPU_SINGLE_T4,1,8192,1,1477407440,1477.40744,5544.848210592469
GPUCOND_020,22,FT_BALANCED_5_CHECKPOINT_SOFT_VOTING,GROUP_A_DUPSAFE70,GPU_SINGLE_T4,1,8192,2,1472106534,1472.106534,5564.814645405276
GPUCOND_020,22,FT_BALANCED_5_CHECKPOINT_SOFT_VOTING,GROUP_A_DUPSAFE70,GPU_SINGLE_T4,1,8192,3,1484295579,1484.295579,5519.116351150972
GPUCOND_020,22,FT_BALANCED_5_CHECKPOINT_SOFT_VOTING,GROUP_A_DUPSAFE70,GPU_SINGLE_T4,1,8192,4,1496030717,1496.030717,5475.823395142227
GPUCOND_020,22,FT_BALANCED_5_CHECKPOINT_SOFT_VOTING,GROUP_A_DUPSAFE70,GPU_SINGLE_T4,1,8192,5,1496203138,1496.203138,5475.1923665595195
GPUCOND_020,22,FT_BALANCED_5_CHECKPOINT_SOFT_VOTING,GROUP_A_DUPSAFE70,GPU_SINGLE_T4,1,8192,6,1503466846,1503.466846,5448.740038262207
GPUCOND_020,22,FT_BALANCED_5_CHECKPOINT_SOFT_VOTING,GROUP_A_DUPSAFE70,GPU_SINGLE_T4,1,8192,7,1502272839,1502.272839,5453.070698830627
GPUCOND_020,22,FT_BALANCED_5_CHECKPOINT_SOFT_VOTING,GROUP_A_DUPSAFE70,GPU_SINGLE_T4,1,8192,8,1501125857,1501.125857,5457.237287466163
GPUCOND_020,22,FT_BALANCED_5_CHECKPOINT_SOFT_VOTING,GROUP_A_DUPSAFE70,GPU_SINGLE_T4,1,8192,9,1521138173,1521.138173,5385.441076561557
GPUCOND_020,22,FT_BALANCED_5_CHECKPOINT_SOFT_VOTING,GROUP_A_DUPSAFE70,GPU_SINGLE_T4,1,8192,10,1520928194,1520.928194,5386.184589329797
GPUCOND_020,22,FT_BALANCED_5_CHECKPOINT_SOFT_VOTING,GROUP_A_DUPSAFE70,GPU_SINGLE_T4,1,8192,11,1521510393,1521.510393,5384.123590406523
GPUCOND_020,22,FT_BALANCED_5_CHECKPOINT_SOFT_VOTING,GROUP_A_DUPSAFE70,GPU_SINGLE_T4,1,8192,12,1520549063,1520.549063,5387.527571019259
GPUCOND_020,22,FT_BALANCED_5_CHECKPOINT_SOFT_VOTING,GROUP_A_DUPSAFE70,GPU_SINGLE_T4,1,8192,13,1520634777,1520.634777,5387.223890908027
GPUCOND_020,22,FT_BALANCED_5_CHECKPOINT_SOFT_VOTING,GROUP_A_DUPSAFE70,GPU_SINGLE_T4,1,8192,14,1521138677,1521.138677,5385.439292199392
GPUCOND_020,22,FT_BALANCED_5_CHECKPOINT_SOFT_VOTING,GROUP_A_DUPSAFE70,GPU_SINGLE_T4,1,8192,15,1523439530,1523.43953,5377.3056551840955
GPUCOND_020,22,FT_BALANCED_5_CHECKPOINT_SOFT_VOTING,GROUP_A_DUPSAFE70,GPU_SINGLE_T4,1,8192,16,1520398985,1520.398985,5388.059371797068
GPUCOND_020,22,FT_BALANCED_5_CHECKPOINT_SOFT_VOTING,GROUP_A_DUPSAFE70,GPU_SINGLE_T4,1,8192,17,1521328807,1521.328807,5384.76624008343
GPUCOND_020,22,FT_BALANCED_5_CHECKPOINT_SOFT_VOTING,GROUP_A_DUPSAFE70,GPU_SINGLE_T4,1,8192,18,1521991507,1521.991507,5382.421624774546
GPUCOND_020,22,FT_BALANCED_5_CHECKPOINT_SOFT_VOTING,GROUP_A_DUPSAFE70,GPU_SINGLE_T4,1,8192,19,1525878225,1525.878225,5368.711516936419
GPUCOND_020,22,FT_BALANCED_5_CHECKPOINT_SOFT_VOTING,GROUP_A_DUPSAFE70,GPU_SINGLE_T4,1,8192,20,1525283432,1525.283432,5370.8050767052455
GPUCOND_018,24,FT_BALANCED_5_CHECKPOINT_SOFT_VOTING,GROUP_A_DUPSAFE70,GPU_SINGLE_T4,1,256,1,46264367,46.264367,5533.416246676411
GPUCOND_018,24,FT_BALANCED_5_CHECKPOINT_SOFT_VOTING,GROUP_A_DUPSAFE70,GPU_SINGLE_T4,1,256,2,46606699,46.606699,5492.77261622841
GPUCOND_018,24,FT_BALANCED_5_CHECKPOINT_SOFT_VOTING,GROUP_A_DUPSAFE70,GPU_SINGLE_T4,1,256,3,47165334,47.165334,5427.715194384079
GPUCOND_018,24,FT_BALANCED_5_CHECKPOINT_SOFT_VOTING,GROUP_A_DUPSAFE70,GPU_SINGLE_T4,1,256,4,46456189,46.456189,5510.568247429853
GPUCOND_018,24,FT_BALANCED_5_CHECKPOINT_SOFT_VOTING,GROUP_A_DUPSAFE70,GPU_SINGLE_T4,1,256,5,46416637,46.416637,5515.263848175817
GPUCOND_018,24,FT_BALANCED_5_CHECKPOINT_SOFT_VOTING,GROUP_A_DUPSAFE70,GPU_SINGLE_T4,1,256,6,46427120,46.42712,5514.018530548524
GPUCOND_018,24,FT_BALANCED_5_CHECKPOINT_SOFT_VOTING,GROUP_A_DUPSAFE70,GPU_SINGLE_T4,1,256,7,46577344,46.577344,5496.234392411899
GPUCOND_018,24,FT_BALANCED_5_CHECKPOINT_SOFT_VOTING,GROUP_A_DUPSAFE70,GPU_SINGLE_T4,1,256,8,47342394,47.342394,5407.415603021681
GPUCOND_018,24,FT_BALANCED_5_CHECKPOINT_SOFT_VOTING,GROUP_A_DUPSAFE70,GPU_SINGLE_T4,1,256,9,46625211,46.625211,5490.59177448012
GPUCOND_018,24,FT_BALANCED_5_CHECKPOINT_SOFT_VOTING,GROUP_A_DUPSAFE70,GPU_SINGLE_T4,1,256,10,46390925,46.390925,5518.320662931382
GPUCOND_018,24,FT_BALANCED_5_CHECKPOINT_SOFT_VOTING,GROUP_A_DUPSAFE70,GPU_SINGLE_T4,1,256,11,46400257,46.400257,5517.210820621101
GPUCOND_018,24,FT_BALANCED_5_CHECKPOINT_SOFT_VOTING,GROUP_A_DUPSAFE70,GPU_SINGLE_T4,1,256,12,46746253,46.746253,5476.374758849656
GPUCOND_018,24,FT_BALANCED_5_CHECKPOINT_SOFT_VOTING,GROUP_A_DUPSAFE70,GPU_SINGLE_T4,1,256,13,47067345,47.067345,5439.015096347584
GPUCOND_018,24,FT_BALANCED_5_CHECKPOINT_SOFT_VOTING,GROUP_A_DUPSAFE70,GPU_SINGLE_T4,1,256,14,46596699,46.596699,5493.951406300262
GPUCOND_018,24,FT_BALANCED_5_CHECKPOINT_SOFT_VOTING,GROUP_A_DUPSAFE70,GPU_SINGLE_T4,1,256,15,46652108,46.652108,5487.426205906922
GPUCOND_018,24,FT_BALANCED_5_CHECKPOINT_SOFT_VOTING,GROUP_A_DUPSAFE70,GPU_SINGLE_T4,1,256,16,46964118,46.964118,5450.97003631581
GPUCOND_018,24,FT_BALANCED_5_CHECKPOINT_SOFT_VOTING,GROUP_A_DUPSAFE70,GPU_SINGLE_T4,1,256,17,46721185,46.721185,5479.313078210666
GPUCOND_018,24,FT_BALANCED_5_CHECKPOINT_SOFT_VOTING,GROUP_A_DUPSAFE70,GPU_SINGLE_T4,1,256,18,46574352,46.574352,5496.587478017945
GPUCOND_018,24,FT_BALANCED_5_CHECKPOINT_SOFT_VOTING,GROUP_A_DUPSAFE70,GPU_SINGLE_T4,1,256,19,46957892,46.957892,5451.692763380434
GPUCOND_018,24,FT_BALANCED_5_CHECKPOINT_SOFT_VOTING,GROUP_A_DUPSAFE70,GPU_SINGLE_T4,1,256,20,46780326,46.780326,5472.38597695963
GPUCOND_018,24,FT_BALANCED_5_CHECKPOINT_SOFT_VOTING,GROUP_A_DUPSAFE70,GPU_SINGLE_T4,1,256,21,47298285,47.298285,5412.458400975849
GPUCOND_018,24,FT_BALANCED_5_CHECKPOINT_SOFT_VOTING,GROUP_A_DUPSAFE70,GPU_SINGLE_T4,1,256,22,47120067,47.120067,5432.929456573141
GPUCOND_018,24,FT_BALANCED_5_CHECKPOINT_SOFT_VOTING,GROUP_A_DUPSAFE70,GPU_SINGLE_T4,1,256,23,46554337,46.554337,5498.950613344574
GPUCOND_018,24,FT_BALANCED_5_CHECKPOINT_SOFT_VOTING,GROUP_A_DUPSAFE70,GPU_SINGLE_T4,1,256,24,46621207,46.621207,5491.063326610141
GPUCOND_018,24,FT_BALANCED_5_CHECKPOINT_SOFT_VOTING,GROUP_A_DUPSAFE70,GPU_SINGLE_T4,1,256,25,46997630,46.99763,5447.083182705171
GPUCOND_018,24,FT_BALANCED_5_CHECKPOINT_SOFT_VOTING,GROUP_A_DUPSAFE70,GPU_SINGLE_T4,1,256,26,46717617,46.717617,5479.731553944629
GPUCOND_018,24,FT_BALANCED_5_CHECKPOINT_SOFT_VOTING,GROUP_A_DUPSAFE70,GPU_SINGLE_T4,1,256,27,46681326,46.681326,5483.991607264969
GPUCOND_018,24,FT_BALANCED_5_CHECKPOINT_SOFT_VOTING,GROUP_A_DUPSAFE70,GPU_SINGLE_T4,1,256,28,46535077,46.535077,5501.226526389974
GPUCOND_018,24,FT_BALANCED_5_CHECKPOINT_SOFT_VOTING,GROUP_A_DUPSAFE70,GPU_SINGLE_T4,1,256,29,47047417,47.047417,5441.318914490034
GPUCOND_018,24,FT_BALANCED_5_CHECKPOINT_SOFT_VOTING,GROUP_A_DUPSAFE70,GPU_SINGLE_T4,1,256,30,46443115,46.443115,5512.119503612107
GPUCOND_018,24,FT_BALANCED_5_CHECKPOINT_SOFT_VOTING,GROUP_A_DUPSAFE70,GPU_SINGLE_T4,1,256,31,46783995,46.783995,5471.956809160911
GPUCOND_018,24,FT_BALANCED_5_CHECKPOINT_SOFT_VOTING,GROUP_A_DUPSAFE70,GPU_SINGLE_T4,1,256,32,47174800,47.1748,5426.626080025777
GPUCOND_018,24,FT_BALANCED_5_CHECKPOINT_SOFT_VOTING,GROUP_A_DUPSAFE70,GPU_SINGLE_T4,1,256,33,46641391,46.641391,5488.6870762495055
GPUCOND_018,24,FT_BALANCED_5_CHECKPOINT_SOFT_VOTING,GROUP_A_DUPSAFE70,GPU_SINGLE_T4,1,256,34,47255925,47.255925,5417.310104500123
GPUCOND_018,24,FT_BALANCED_5_CHECKPOINT_SOFT_VOTING,GROUP_A_DUPSAFE70,GPU_SINGLE_T4,1,256,35,46661127,46.661127,5486.365556494167
GPUCOND_018,24,FT_BALANCED_5_CHECKPOINT_SOFT_VOTING,GROUP_A_DUPSAFE70,GPU_SINGLE_T4,1,256,36,46595736,46.595736,5494.064950492466
GPUCOND_018,24,FT_BALANCED_5_CHECKPOINT_SOFT_VOTING,GROUP_A_DUPSAFE70,GPU_SINGLE_T4,1,256,37,46581170,46.58117,5495.782952639446
GPUCOND_018,24,FT_BALANCED_5_CHECKPOINT_SOFT_VOTING,GROUP_A_DUPSAFE70,GPU_SINGLE_T4,1,256,38,46961220,46.96122,5451.306418359659
GPUCOND_018,24,FT_BALANCED_5_CHECKPOINT_SOFT_VOTING,GROUP_A_DUPSAFE70,GPU_SINGLE_T4,1,256,39,46514749,46.514749,5503.630687118187
GPUCOND_018,24,FT_BALANCED_5_CHECKPOINT_SOFT_VOTING,GROUP_A_DUPSAFE70,GPU_SINGLE_T4,1,256,40,46942591,46.942591,5453.469749890883
GPUCOND_018,24,FT_BALANCED_5_CHECKPOINT_SOFT_VOTING,GROUP_A_DUPSAFE70,GPU_SINGLE_T4,1,256,41,46528805,46.528805,5501.968081922585
GPUCOND_018,24,FT_BALANCED_5_CHECKPOINT_SOFT_VOTING,GROUP_A_DUPSAFE70,GPU_SINGLE_T4,1,256,42,46797830,46.79783,5470.3391161513255
GPUCOND_018,24,FT_BALANCED_5_CHECKPOINT_SOFT_VOTING,GROUP_A_DUPSAFE70,GPU_SINGLE_T4,1,256,43,47175391,47.175391,5426.558096783978
GPUCOND_018,24,FT_BALANCED_5_CHECKPOINT_SOFT_VOTING,GROUP_A_DUPSAFE70,GPU_SINGLE_T4,1,256,44,46757473,46.757473,5475.060638969946
GPUCOND_018,24,FT_BALANCED_5_CHECKPOINT_SOFT_VOTING,GROUP_A_DUPSAFE70,GPU_SINGLE_T4,1,256,45,47378149,47.378149,5403.334773589403
GPUCOND_018,24,FT_BALANCED_5_CHECKPOINT_SOFT_VOTING,GROUP_A_DUPSAFE70,GPU_SINGLE_T4,1,256,46,46570111,46.570111,5497.088035714581
GPUCOND_018,24,FT_BALANCED_5_CHECKPOINT_SOFT_VOTING,GROUP_A_DUPSAFE70,GPU_SINGLE_T4,1,256,47,46838112,46.838112,5465.634481594818
GPUCOND_018,24,FT_BALANCED_5_CHECKPOINT_SOFT_VOTING,GROUP_A_DUPSAFE70,GPU_SINGLE_T4,1,256,48,47417699,47.417699,5398.827977713554
GPUCOND_018,24,FT_BALANCED_5_CHECKPOINT_SOFT_VOTING,GROUP_A_DUPSAFE70,GPU_SINGLE_T4,1,256,49,46649100,46.6491,5487.780042916155
GPUCOND_018,24,FT_BALANCED_5_CHECKPOINT_SOFT_VOTING,GROUP_A_DUPSAFE70,GPU_SINGLE_T4,1,256,50,46962596,46.962596,5451.146695553201
GPUCOND_018,24,FT_BALANCED_5_CHECKPOINT_SOFT_VOTING,GROUP_A_DUPSAFE70,GPU_SINGLE_T4,1,256,51,47200436,47.200436,5423.678713476291
GPUCOND_018,24,FT_BALANCED_5_CHECKPOINT_SOFT_VOTING,GROUP_A_DUPSAFE70,GPU_SINGLE_T4,1,256,52,46979160,46.97916,5449.224720067366
GPUCOND_018,24,FT_BALANCED_5_CHECKPOINT_SOFT_VOTING,GROUP_A_DUPSAFE70,GPU_SINGLE_T4,1,256,53,46519059,46.519059,5503.120774648515
GPUCOND_018,24,FT_BALANCED_5_CHECKPOINT_SOFT_VOTING,GROUP_A_DUPSAFE70,GPU_SINGLE_T4,1,256,54,47151742,47.151742,5429.2797920382245
GPUCOND_018,24,FT_BALANCED_5_CHECKPOINT_SOFT_VOTING,GROUP_A_DUPSAFE70,GPU_SINGLE_T4,1,256,55,46998515,46.998515,5446.9806120469975
GPUCOND_018,24,FT_BALANCED_5_CHECKPOINT_SOFT_VOTING,GROUP_A_DUPSAFE70,GPU_SINGLE_T4,1,256,56,46596163,46.596163,5494.014603734647
GPUCOND_018,24,FT_BALANCED_5_CHECKPOINT_SOFT_VOTING,GROUP_A_DUPSAFE70,GPU_SINGLE_T4,1,256,57,47345932,47.345932,5407.01152529852
GPUCOND_018,24,FT_BALANCED_5_CHECKPOINT_SOFT_VOTING,GROUP_A_DUPSAFE70,GPU_SINGLE_T4,1,256,58,47035816,47.035816,5442.660971375515
GPUCOND_018,24,FT_BALANCED_5_CHECKPOINT_SOFT_VOTING,GROUP_A_DUPSAFE70,GPU_SINGLE_T4,1,256,59,46480029,46.480029,5507.741830367619
GPUCOND_018,24,FT_BALANCED_5_CHECKPOINT_SOFT_VOTING,GROUP_A_DUPSAFE70,GPU_SINGLE_T4,1,256,60,47296678,47.296678,5412.642300163237
GPUCOND_018,24,FT_BALANCED_5_CHECKPOINT_SOFT_VOTING,GROUP_A_DUPSAFE70,GPU_SINGLE_T4,1,256,61,46662511,46.662511,5486.202832076482
GPUCOND_018,24,FT_BALANCED_5_CHECKPOINT_SOFT_VOTING,GROUP_A_DUPSAFE70,GPU_SINGLE_T4,1,256,62,46982954,46.982954,5448.784680503486
GPUCOND_018,24,FT_BALANCED_5_CHECKPOINT_SOFT_VOTING,GROUP_A_DUPSAFE70,GPU_SINGLE_T4,1,256,63,47514783,47.514783,5387.7968883915555
GPUCOND_018,24,FT_BALANCED_5_CHECKPOINT_SOFT_VOTING,GROUP_A_DUPSAFE70,GPU_SINGLE_T4,1,256,64,46764137,46.764137,5474.2804298943865
GPUCOND_018,24,FT_BALANCED_5_CHECKPOINT_SOFT_VOTING,GROUP_A_DUPSAFE70,GPU_SINGLE_T4,1,256,65,47481106,47.481106,5391.61829970852
GPUCOND_018,24,FT_BALANCED_5_CHECKPOINT_SOFT_VOTING,GROUP_A_DUPSAFE70,GPU_SINGLE_T4,1,256,66,47679843,47.679843,5369.145196220549
GPUCOND_018,24,FT_BALANCED_5_CHECKPOINT_SOFT_VOTING,GROUP_A_DUPSAFE70,GPU_SINGLE_T4,1,256,67,47630835,47.630835,5374.669581165226
GPUCOND_018,24,FT_BALANCED_5_CHECKPOINT_SOFT_VOTING,GROUP_A_DUPSAFE70,GPU_SINGLE_T4,1,256,68,47069531,47.069531,5438.7624979734765
GPUCOND_018,24,FT_BALANCED_5_CHECKPOINT_SOFT_VOTING,GROUP_A_DUPSAFE70,GPU_SINGLE_T4,1,256,69,47250307,47.250307,5417.954215620229
GPUCOND_018,24,FT_BALANCED_5_CHECKPOINT_SOFT_VOTING,GROUP_A_DUPSAFE70,GPU_SINGLE_T4,1,256,70,46743618,46.743618,5476.68346938827
GPUCOND_018,24,FT_BALANCED_5_CHECKPOINT_SOFT_VOTING,GROUP_A_DUPSAFE70,GPU_SINGLE_T4,1,256,71,47019650,47.01965,5444.532232800542
GPUCOND_018,24,FT_BALANCED_5_CHECKPOINT_SOFT_VOTING,GROUP_A_DUPSAFE70,GPU_SINGLE_T4,1,256,72,46916810,46.91681,5456.466456265888
GPUCOND_018,24,FT_BALANCED_5_CHECKPOINT_SOFT_VOTING,GROUP_A_DUPSAFE70,GPU_SINGLE_T4,1,256,73,46729930,46.72993,5478.287684145899
GPUCOND_018,24,FT_BALANCED_5_CHECKPOINT_SOFT_VOTING,GROUP_A_DUPSAFE70,GPU_SINGLE_T4,1,256,74,47181936,47.181936,5425.805333634466
GPUCOND_018,24,FT_BALANCED_5_CHECKPOINT_SOFT_VOTING,GROUP_A_DUPSAFE70,GPU_SINGLE_T4,1,256,75,46913995,46.913995,5456.793862897414
GPUCOND_018,24,FT_BALANCED_5_CHECKPOINT_SOFT_VOTING,GROUP_A_DUPSAFE70,GPU_SINGLE_T4,1,256,76,46731325,46.731325,5478.124149058474
GPUCOND_018,24,FT_BALANCED_5_CHECKPOINT_SOFT_VOTING,GROUP_A_DUPSAFE70,GPU_SINGLE_T4,1,256,77,46841230,46.84123,5465.270660057389
GPUCOND_018,24,FT_BALANCED_5_CHECKPOINT_SOFT_VOTING,GROUP_A_DUPSAFE70,GPU_SINGLE_T4,1,256,78,47345746,47.345746,5407.03276699875
GPUCOND_018,24,FT_BALANCED_5_CHECKPOINT_SOFT_VOTING,GROUP_A_DUPSAFE70,GPU_SINGLE_T4,1,256,79,46733412,46.733412,5477.87950941823
GPUCOND_018,24,FT_BALANCED_5_CHECKPOINT_SOFT_VOTING,GROUP_A_DUPSAFE70,GPU_SINGLE_T4,1,256,80,46806968,46.806968,5469.271156379965
GPUCOND_018,24,FT_BALANCED_5_CHECKPOINT_SOFT_VOTING,GROUP_A_DUPSAFE70,GPU_SINGLE_T4,1,256,81,46701723,46.701723,5481.596471290792
GPUCOND_018,24,FT_BALANCED_5_CHECKPOINT_SOFT_VOTING,GROUP_A_DUPSAFE70,GPU_SINGLE_T4,1,256,82,47157513,47.157513,5428.615372485822
GPUCOND_018,24,FT_BALANCED_5_CHECKPOINT_SOFT_VOTING,GROUP_A_DUPSAFE70,GPU_SINGLE_T4,1,256,83,47579352,47.579352,5380.4852155195385
GPUCOND_018,24,FT_BALANCED_5_CHECKPOINT_SOFT_VOTING,GROUP_A_DUPSAFE70,GPU_SINGLE_T4,1,256,84,47232113,47.232113,5420.041233387124
GPUCOND_018,24,FT_BALANCED_5_CHECKPOINT_SOFT_VOTING,GROUP_A_DUPSAFE70,GPU_SINGLE_T4,1,256,85,46930148,46.930148,5454.915675953121
GPUCOND_018,24,FT_BALANCED_5_CHECKPOINT_SOFT_VOTING,GROUP_A_DUPSAFE70,GPU_SINGLE_T4,1,256,86,46664375,46.664375,5485.983686698901
GPUCOND_018,24,FT_BALANCED_5_CHECKPOINT_SOFT_VOTING,GROUP_A_DUPSAFE70,GPU_SINGLE_T4,1,256,87,47226275,47.226275,5420.71124601718
GPUCOND_018,24,FT_BALANCED_5_CHECKPOINT_SOFT_VOTING,GROUP_A_DUPSAFE70,GPU_SINGLE_T4,1,256,88,47320867,47.320867,5409.875520666179
GPUCOND_018,24,FT_BALANCED_5_CHECKPOINT_SOFT_VOTING,GROUP_A_DUPSAFE70,GPU_SINGLE_T4,1,256,89,47254517,47.254517,5417.471519177733
GPUCOND_018,24,FT_BALANCED_5_CHECKPOINT_SOFT_VOTING,GROUP_A_DUPSAFE70,GPU_SINGLE_T4,1,256,90,46715767,46.715767,5479.948557839155
GPUCOND_018,24,FT_BALANCED_5_CHECKPOINT_SOFT_VOTING,GROUP_A_DUPSAFE70,GPU_SINGLE_T4,1,256,91,46979424,46.979424,5449.194098250332
GPUCOND_018,24,FT_BALANCED_5_CHECKPOINT_SOFT_VOTING,GROUP_A_DUPSAFE70,GPU_SINGLE_T4,1,256,92,47429156,47.429156,5397.523835338752
GPUCOND_018,24,FT_BALANCED_5_CHECKPOINT_SOFT_VOTING,GROUP_A_DUPSAFE70,GPU_SINGLE_T4,1,256,93,47367078,47.367078,5404.5976828040775
GPUCOND_018,24,FT_BALANCED_5_CHECKPOINT_SOFT_VOTING,GROUP_A_DUPSAFE70,GPU_SINGLE_T4,1,256,94,46886713,46.886713,5459.969010836823
GPUCOND_018,24,FT_BALANCED_5_CHECKPOINT_SOFT_VOTING,GROUP_A_DUPSAFE70,GPU_SINGLE_T4,1,256,95,47037621,47.037621,5442.452117210604
GPUCOND_018,24,FT_BALANCED_5_CHECKPOINT_SOFT_VOTING,GROUP_A_DUPSAFE70,GPU_SINGLE_T4,1,256,96,47603174,47.603174,5377.792665673932
GPUCOND_018,24,FT_BALANCED_5_CHECKPOINT_SOFT_VOTING,GROUP_A_DUPSAFE70,GPU_SINGLE_T4,1,256,97,46597531,46.597531,5493.853311670096
GPUCOND_018,24,FT_BALANCED_5_CHECKPOINT_SOFT_VOTING,GROUP_A_DUPSAFE70,GPU_SINGLE_T4,1,256,98,47344000,47.344,5407.23217303143
GPUCOND_018,24,FT_BALANCED_5_CHECKPOINT_SOFT_VOTING,GROUP_A_DUPSAFE70,GPU_SINGLE_T4,1,256,99,47380676,47.380676,5403.04659224364
GPUCOND_018,24,FT_BALANCED_5_CHECKPOINT_SOFT_VOTING,GROUP_A_DUPSAFE70,GPU_SINGLE_T4,1,256,100,46628669,46.628669,5490.184590085554
GPUCOND_013,25,STAGE16_CATBOOST_TUNED,GROUP_A_DUPSAFE70,GPU_SINGLE_T4,1,256,1,1433521,1.433521,178581.2694756477
GPUCOND_013,25,STAGE16_CATBOOST_TUNED,GROUP_A_DUPSAFE70,GPU_SINGLE_T4,1,256,2,1705091,1.705091,150138.61430269704
GPUCOND_013,25,STAGE16_CATBOOST_TUNED,GROUP_A_DUPSAFE70,GPU_SINGLE_T4,1,256,3,1627311,1.627311,157314.7357819126
GPUCOND_013,25,STAGE16_CATBOOST_TUNED,GROUP_A_DUPSAFE70,GPU_SINGLE_T4,1,256,4,1573719,1.573719,162671.98909080974
GPUCOND_013,25,STAGE16_CATBOOST_TUNED,GROUP_A_DUPSAFE70,GPU_SINGLE_T4,1,256,5,1599804,1.599804,160019.60240129416
GPUCOND_013,25,STAGE16_CATBOOST_TUNED,GROUP_A_DUPSAFE70,GPU_SINGLE_T4,1,256,6,1534882,1.534882,166788.06579267982
GPUCOND_013,25,STAGE16_CATBOOST_TUNED,GROUP_A_DUPSAFE70,GPU_SINGLE_T4,1,256,7,1709734,1.709734,149730.89381155197
GPUCOND_013,25,STAGE16_CATBOOST_TUNED,GROUP_A_DUPSAFE70,GPU_SINGLE_T4,1,256,8,1748370,1.74837,146422.09600942594
GPUCOND_013,25,STAGE16_CATBOOST_TUNED,GROUP_A_DUPSAFE70,GPU_SINGLE_T4,1,256,9,1696263,1.696263,150919.9929492066
GPUCOND_013,25,STAGE16_CATBOOST_TUNED,GROUP_A_DUPSAFE70,GPU_SINGLE_T4,1,256,10,1594783,1.594783,160523.40663275192
GPUCOND_013,25,STAGE16_CATBOOST_TUNED,GROUP_A_DUPSAFE70,GPU_SINGLE_T4,1,256,11,1440719,1.440719,177689.05664463367
GPUCOND_013,25,STAGE16_CATBOOST_TUNED,GROUP_A_DUPSAFE70,GPU_SINGLE_T4,1,256,12,1647816,1.647816,155357.15152662675
GPUCOND_013,25,STAGE16_CATBOOST_TUNED,GROUP_A_DUPSAFE70,GPU_SINGLE_T4,1,256,13,1722932,1.722932,148583.9255408803
GPUCOND_013,25,STAGE16_CATBOOST_TUNED,GROUP_A_DUPSAFE70,GPU_SINGLE_T4,1,256,14,1673861,1.673861,152939.8199731041
GPUCOND_013,25,STAGE16_CATBOOST_TUNED,GROUP_A_DUPSAFE70,GPU_SINGLE_T4,1,256,15,1666125,1.666125,153649.93622927452
GPUCOND_013,25,STAGE16_CATBOOST_TUNED,GROUP_A_DUPSAFE70,GPU_SINGLE_T4,1,256,16,1693116,1.693116,151200.50841170954
GPUCOND_013,25,STAGE16_CATBOOST_TUNED,GROUP_A_DUPSAFE70,GPU_SINGLE_T4,1,256,17,1645001,1.645001,155623.00570030048
GPUCOND_013,25,STAGE16_CATBOOST_TUNED,GROUP_A_DUPSAFE70,GPU_SINGLE_T4,1,256,18,1625970,1.62597,157444.47929543594
GPUCOND_013,25,STAGE16_CATBOOST_TUNED,GROUP_A_DUPSAFE70,GPU_SINGLE_T4,1,256,19,1892539,1.892539,135268.01825484177
GPUCOND_013,25,STAGE16_CATBOOST_TUNED,GROUP_A_DUPSAFE70,GPU_SINGLE_T4,1,256,20,1664100,1.6641,153836.908839613
GPUCOND_013,25,STAGE16_CATBOOST_TUNED,GROUP_A_DUPSAFE70,GPU_SINGLE_T4,1,256,21,1759538,1.759538,145492.7372980862
GPUCOND_013,25,STAGE16_CATBOOST_TUNED,GROUP_A_DUPSAFE70,GPU_SINGLE_T4,1,256,22,1812702,1.812702,141225.63995626417
GPUCOND_013,25,STAGE16_CATBOOST_TUNED,GROUP_A_DUPSAFE70,GPU_SINGLE_T4,1,256,23,1686384,1.686384,151804.09681306273
GPUCOND_013,25,STAGE16_CATBOOST_TUNED,GROUP_A_DUPSAFE70,GPU_SINGLE_T4,1,256,24,1693068,1.693068,151204.79508206405
GPUCOND_013,25,STAGE16_CATBOOST_TUNED,GROUP_A_DUPSAFE70,GPU_SINGLE_T4,1,256,25,1349971,1.349971,189633.7032425141
GPUCOND_013,25,STAGE16_CATBOOST_TUNED,GROUP_A_DUPSAFE70,GPU_SINGLE_T4,1,256,26,1508765,1.508765,169675.19792678117
GPUCOND_013,25,STAGE16_CATBOOST_TUNED,GROUP_A_DUPSAFE70,GPU_SINGLE_T4,1,256,27,1318169,1.318169,194208.78506473752
GPUCOND_013,25,STAGE16_CATBOOST_TUNED,GROUP_A_DUPSAFE70,GPU_SINGLE_T4,1,256,28,1444176,1.444176,177263.71301004864
GPUCOND_013,25,STAGE16_CATBOOST_TUNED,GROUP_A_DUPSAFE70,GPU_SINGLE_T4,1,256,29,1599594,1.599594,160040.61030486485
GPUCOND_013,25,STAGE16_CATBOOST_TUNED,GROUP_A_DUPSAFE70,GPU_SINGLE_T4,1,256,30,1661131,1.661131,154111.8671555705
GPUCOND_013,25,STAGE16_CATBOOST_TUNED,GROUP_A_DUPSAFE70,GPU_SINGLE_T4,1,256,31,1710188,1.710188,149691.14506709203
GPUCOND_013,25,STAGE16_CATBOOST_TUNED,GROUP_A_DUPSAFE70,GPU_SINGLE_T4,1,256,32,1654603,1.654603,154719.89353337325
GPUCOND_013,25,STAGE16_CATBOOST_TUNED,GROUP_A_DUPSAFE70,GPU_SINGLE_T4,1,256,33,1624639,1.624639,157573.46709022744
GPUCOND_013,25,STAGE16_CATBOOST_TUNED,GROUP_A_DUPSAFE70,GPU_SINGLE_T4,1,256,34,1814578,1.814578,141079.6339424373
GPUCOND_013,25,STAGE16_CATBOOST_TUNED,GROUP_A_DUPSAFE70,GPU_SINGLE_T4,1,256,35,1634437,1.634437,156628.857520969
GPUCOND_013,25,STAGE16_CATBOOST_TUNED,GROUP_A_DUPSAFE70,GPU_SINGLE_T4,1,256,36,1641887,1.641887,155918.16001953848
GPUCOND_013,25,STAGE16_CATBOOST_TUNED,GROUP_A_DUPSAFE70,GPU_SINGLE_T4,1,256,37,1736372,1.736372,147433.84482127102
GPUCOND_013,25,STAGE16_CATBOOST_TUNED,GROUP_A_DUPSAFE70,GPU_SINGLE_T4,1,256,38,1580393,1.580393,161985.02524372103
GPUCOND_013,25,STAGE16_CATBOOST_TUNED,GROUP_A_DUPSAFE70,GPU_SINGLE_T4,1,256,39,1522482,1.522482,168146.48711774588
GPUCOND_013,25,STAGE16_CATBOOST_TUNED,GROUP_A_DUPSAFE70,GPU_SINGLE_T4,1,256,40,1655502,1.655502,154635.8747980975
GPUCOND_013,25,STAGE16_CATBOOST_TUNED,GROUP_A_DUPSAFE70,GPU_SINGLE_T4,1,256,41,1656900,1.6569,154505.4016536906
GPUCOND_013,25,STAGE16_CATBOOST_TUNED,GROUP_A_DUPSAFE70,GPU_SINGLE_T4,1,256,42,1686460,1.68646,151797.25579023515
GPUCOND_013,25,STAGE16_CATBOOST_TUNED,GROUP_A_DUPSAFE70,GPU_SINGLE_T4,1,256,43,1584024,1.584024,161613.71292354155
GPUCOND_013,25,STAGE16_CATBOOST_TUNED,GROUP_A_DUPSAFE70,GPU_SINGLE_T4,1,256,44,1657204,1.657204,154477.05894989392
GPUCOND_013,25,STAGE16_CATBOOST_TUNED,GROUP_A_DUPSAFE70,GPU_SINGLE_T4,1,256,45,1771228,1.771228,144532.49384043162
GPUCOND_013,25,STAGE16_CATBOOST_TUNED,GROUP_A_DUPSAFE70,GPU_SINGLE_T4,1,256,46,1697263,1.697263,150831.07332216634
GPUCOND_013,25,STAGE16_CATBOOST_TUNED,GROUP_A_DUPSAFE70,GPU_SINGLE_T4,1,256,47,1695781,1.695781,150962.88966558772
GPUCOND_013,25,STAGE16_CATBOOST_TUNED,GROUP_A_DUPSAFE70,GPU_SINGLE_T4,1,256,48,1466020,1.46602,174622.44716988853
GPUCOND_013,25,STAGE16_CATBOOST_TUNED,GROUP_A_DUPSAFE70,GPU_SINGLE_T4,1,256,49,1646309,1.646309,155499.36251335562
GPUCOND_013,25,STAGE16_CATBOOST_TUNED,GROUP_A_DUPSAFE70,GPU_SINGLE_T4,1,256,50,1661555,1.661555,154072.54048165726
GPUCOND_013,25,STAGE16_CATBOOST_TUNED,GROUP_A_DUPSAFE70,GPU_SINGLE_T4,1,256,51,1377934,1.377934,185785.38594736758
GPUCOND_013,25,STAGE16_CATBOOST_TUNED,GROUP_A_DUPSAFE70,GPU_SINGLE_T4,1,256,52,1650588,1.650588,155096.24448984241
GPUCOND_013,25,STAGE16_CATBOOST_TUNED,GROUP_A_DUPSAFE70,GPU_SINGLE_T4,1,256,53,1645654,1.645654,155561.25406677224
GPUCOND_013,25,STAGE16_CATBOOST_TUNED,GROUP_A_DUPSAFE70,GPU_SINGLE_T4,1,256,54,1560702,1.560702,164028.75116454007
GPUCOND_013,25,STAGE16_CATBOOST_TUNED,GROUP_A_DUPSAFE70,GPU_SINGLE_T4,1,256,55,1527112,1.527112,167636.6893849305
GPUCOND_013,25,STAGE16_CATBOOST_TUNED,GROUP_A_DUPSAFE70,GPU_SINGLE_T4,1,256,56,1741650,1.74165,146987.0525076795
GPUCOND_013,25,STAGE16_CATBOOST_TUNED,GROUP_A_DUPSAFE70,GPU_SINGLE_T4,1,256,57,1717006,1.717006,149096.74165378572
GPUCOND_013,25,STAGE16_CATBOOST_TUNED,GROUP_A_DUPSAFE70,GPU_SINGLE_T4,1,256,58,1617048,1.617048,158313.17314019127
GPUCOND_013,25,STAGE16_CATBOOST_TUNED,GROUP_A_DUPSAFE70,GPU_SINGLE_T4,1,256,59,1709886,1.709886,149717.58351141537
GPUCOND_013,25,STAGE16_CATBOOST_TUNED,GROUP_A_DUPSAFE70,GPU_SINGLE_T4,1,256,60,1687452,1.687452,151708.0189540206
GPUCOND_013,25,STAGE16_CATBOOST_TUNED,GROUP_A_DUPSAFE70,GPU_SINGLE_T4,1,256,61,1689297,1.689297,151542.3279624601
GPUCOND_013,25,STAGE16_CATBOOST_TUNED,GROUP_A_DUPSAFE70,GPU_SINGLE_T4,1,256,62,1659101,1.659101,154300.4313781982
GPUCOND_013,25,STAGE16_CATBOOST_TUNED,GROUP_A_DUPSAFE70,GPU_SINGLE_T4,1,256,63,1584084,1.584084,161607.5915166115
GPUCOND_013,25,STAGE16_CATBOOST_TUNED,GROUP_A_DUPSAFE70,GPU_SINGLE_T4,1,256,64,1599317,1.599317,160068.3291680136
GPUCOND_013,25,STAGE16_CATBOOST_TUNED,GROUP_A_DUPSAFE70,GPU_SINGLE_T4,1,256,65,1473060,1.47306,173787.89730221443
GPUCOND_013,25,STAGE16_CATBOOST_TUNED,GROUP_A_DUPSAFE70,GPU_SINGLE_T4,1,256,66,1746182,1.746182,146605.56574286072
GPUCOND_013,25,STAGE16_CATBOOST_TUNED,GROUP_A_DUPSAFE70,GPU_SINGLE_T4,1,256,67,1717958,1.717958,149014.1202520667
GPUCOND_013,25,STAGE16_CATBOOST_TUNED,GROUP_A_DUPSAFE70,GPU_SINGLE_T4,1,256,68,1758531,1.758531,145576.0518296237
GPUCOND_013,25,STAGE16_CATBOOST_TUNED,GROUP_A_DUPSAFE70,GPU_SINGLE_T4,1,256,69,1688926,1.688926,151575.61669368582
GPUCOND_013,25,STAGE16_CATBOOST_TUNED,GROUP_A_DUPSAFE70,GPU_SINGLE_T4,1,256,70,1638618,1.638618,156229.2126657952
GPUCOND_013,25,STAGE16_CATBOOST_TUNED,GROUP_A_DUPSAFE70,GPU_SINGLE_T4,1,256,71,1674618,1.674618,152870.68453820513
GPUCOND_013,25,STAGE16_CATBOOST_TUNED,GROUP_A_DUPSAFE70,GPU_SINGLE_T4,1,256,72,1715942,1.715942,149189.1917092769
GPUCOND_013,25,STAGE16_CATBOOST_TUNED,GROUP_A_DUPSAFE70,GPU_SINGLE_T4,1,256,73,1726461,1.726461,148280.21021036676
GPUCOND_013,25,STAGE16_CATBOOST_TUNED,GROUP_A_DUPSAFE70,GPU_SINGLE_T4,1,256,74,1670591,1.670591,153239.1830196619
GPUCOND_013,25,STAGE16_CATBOOST_TUNED,GROUP_A_DUPSAFE70,GPU_SINGLE_T4,1,256,75,1614765,1.614765,158537.00074004577
GPUCOND_013,25,STAGE16_CATBOOST_TUNED,GROUP_A_DUPSAFE70,GPU_SINGLE_T4,1,256,76,1721205,1.721205,148733.00972283952
GPUCOND_013,25,STAGE16_CATBOOST_TUNED,GROUP_A_DUPSAFE70,GPU_SINGLE_T4,1,256,77,1681417,1.681417,152252.53461812268
GPUCOND_013,25,STAGE16_CATBOOST_TUNED,GROUP_A_DUPSAFE70,GPU_SINGLE_T4,1,256,78,1614106,1.614106,158601.72751975397
GPUCOND_013,25,STAGE16_CATBOOST_TUNED,GROUP_A_DUPSAFE70,GPU_SINGLE_T4,1,256,79,1741499,1.741499,146999.79730106075
GPUCOND_013,25,STAGE16_CATBOOST_TUNED,GROUP_A_DUPSAFE70,GPU_SINGLE_T4,1,256,80,1694986,1.694986,151033.6958535351
GPUCOND_013,25,STAGE16_CATBOOST_TUNED,GROUP_A_DUPSAFE70,GPU_SINGLE_T4,1,256,81,1670972,1.670972,153204.24279999905
GPUCOND_013,25,STAGE16_CATBOOST_TUNED,GROUP_A_DUPSAFE70,GPU_SINGLE_T4,1,256,82,1684420,1.68442,151981.09735101697
GPUCOND_013,25,STAGE16_CATBOOST_TUNED,GROUP_A_DUPSAFE70,GPU_SINGLE_T4,1,256,83,1653243,1.653243,154847.17007723608
GPUCOND_013,25,STAGE16_CATBOOST_TUNED,GROUP_A_DUPSAFE70,GPU_SINGLE_T4,1,256,84,1731447,1.731447,147853.21179337282
GPUCOND_013,25,STAGE16_CATBOOST_TUNED,GROUP_A_DUPSAFE70,GPU_SINGLE_T4,1,256,85,1664027,1.664027,153843.65758488292
GPUCOND_013,25,STAGE16_CATBOOST_TUNED,GROUP_A_DUPSAFE70,GPU_SINGLE_T4,1,256,86,1703502,1.703502,150278.66125193864
GPUCOND_013,25,STAGE16_CATBOOST_TUNED,GROUP_A_DUPSAFE70,GPU_SINGLE_T4,1,256,87,1743735,1.743735,146811.29873518625
GPUCOND_013,25,STAGE16_CATBOOST_TUNED,GROUP_A_DUPSAFE70,GPU_SINGLE_T4,1,256,88,1665801,1.665801,153679.8212991828
GPUCOND_013,25,STAGE16_CATBOOST_TUNED,GROUP_A_DUPSAFE70,GPU_SINGLE_T4,1,256,89,1746136,1.746136,146609.42790252305
GPUCOND_013,25,STAGE16_CATBOOST_TUNED,GROUP_A_DUPSAFE70,GPU_SINGLE_T4,1,256,90,1646296,1.646296,155500.59041630424
GPUCOND_013,25,STAGE16_CATBOOST_TUNED,GROUP_A_DUPSAFE70,GPU_SINGLE_T4,1,256,91,1649629,1.649629,155186.4085803535
GPUCOND_013,25,STAGE16_CATBOOST_TUNED,GROUP_A_DUPSAFE70,GPU_SINGLE_T4,1,256,92,1705249,1.705249,150124.70319583826
GPUCOND_013,25,STAGE16_CATBOOST_TUNED,GROUP_A_DUPSAFE70,GPU_SINGLE_T4,1,256,93,1675760,1.67576,152766.50594357186
GPUCOND_013,25,STAGE16_CATBOOST_TUNED,GROUP_A_DUPSAFE70,GPU_SINGLE_T4,1,256,94,1674005,1.674005,152926.66389885335
GPUCOND_013,25,STAGE16_CATBOOST_TUNED,GROUP_A_DUPSAFE70,GPU_SINGLE_T4,1,256,95,1718993,1.718993,148924.39934310378
GPUCOND_013,25,STAGE16_CATBOOST_TUNED,GROUP_A_DUPSAFE70,GPU_SINGLE_T4,1,256,96,1655179,1.655179,154666.05122467116
GPUCOND_013,25,STAGE16_CATBOOST_TUNED,GROUP_A_DUPSAFE70,GPU_SINGLE_T4,1,256,97,1753549,1.753549,145989.64728102836
GPUCOND_013,25,STAGE16_CATBOOST_TUNED,GROUP_A_DUPSAFE70,GPU_SINGLE_T4,1,256,98,1658123,1.658123,154391.44140694026
GPUCOND_013,25,STAGE16_CATBOOST_TUNED,GROUP_A_DUPSAFE70,GPU_SINGLE_T4,1,256,99,1695578,1.695578,150980.9634236821
GPUCOND_013,25,STAGE16_CATBOOST_TUNED,GROUP_A_DUPSAFE70,GPU_SINGLE_T4,1,256,100,1723487,1.723487,148536.07831100555
GPUCOND_004,27,STAGE16_XGBOOST_TUNED,GROUP_A_DUPSAFE70,GPU_SINGLE_T4,1,1024,1,2830682,2.830682,361750.27784823586
GPUCOND_004,27,STAGE16_XGBOOST_TUNED,GROUP_A_DUPSAFE70,GPU_SINGLE_T4,1,1024,2,2877175,2.877175,355904.6634285367
GPUCOND_004,27,STAGE16_XGBOOST_TUNED,GROUP_A_DUPSAFE70,GPU_SINGLE_T4,1,1024,3,2853321,2.853321,358880.05590678373
GPUCOND_004,27,STAGE16_XGBOOST_TUNED,GROUP_A_DUPSAFE70,GPU_SINGLE_T4,1,1024,4,2824296,2.824296,362568.2293923866
GPUCOND_004,27,STAGE16_XGBOOST_TUNED,GROUP_A_DUPSAFE70,GPU_SINGLE_T4,1,1024,5,2856116,2.856116,358528.85527058423
GPUCOND_004,27,STAGE16_XGBOOST_TUNED,GROUP_A_DUPSAFE70,GPU_SINGLE_T4,1,1024,6,2872036,2.872036,356541.49181974045
GPUCOND_004,27,STAGE16_XGBOOST_TUNED,GROUP_A_DUPSAFE70,GPU_SINGLE_T4,1,1024,7,2841436,2.841436,360381.1593856064
GPUCOND_004,27,STAGE16_XGBOOST_TUNED,GROUP_A_DUPSAFE70,GPU_SINGLE_T4,1,1024,8,2867495,2.867495,357106.11526785576
GPUCOND_004,27,STAGE16_XGBOOST_TUNED,GROUP_A_DUPSAFE70,GPU_SINGLE_T4,1,1024,9,2880382,2.880382,355508.4013162143
GPUCOND_004,27,STAGE16_XGBOOST_TUNED,GROUP_A_DUPSAFE70,GPU_SINGLE_T4,1,1024,10,2867438,2.867438,357113.2139561518
GPUCOND_004,27,STAGE16_XGBOOST_TUNED,GROUP_A_DUPSAFE70,GPU_SINGLE_T4,1,1024,11,2825478,2.825478,362416.55394237716
GPUCOND_004,27,STAGE16_XGBOOST_TUNED,GROUP_A_DUPSAFE70,GPU_SINGLE_T4,1,1024,12,2854023,2.854023,358791.7826871052
GPUCOND_004,27,STAGE16_XGBOOST_TUNED,GROUP_A_DUPSAFE70,GPU_SINGLE_T4,1,1024,13,2838956,2.838956,360695.9741538791
GPUCOND_004,27,STAGE16_XGBOOST_TUNED,GROUP_A_DUPSAFE70,GPU_SINGLE_T4,1,1024,14,2813692,2.813692,363934.6452987747
GPUCOND_004,27,STAGE16_XGBOOST_TUNED,GROUP_A_DUPSAFE70,GPU_SINGLE_T4,1,1024,15,2830557,2.830557,361766.2530731584
GPUCOND_004,27,STAGE16_XGBOOST_TUNED,GROUP_A_DUPSAFE70,GPU_SINGLE_T4,1,1024,16,2888525,2.888525,354506.1926069534
GPUCOND_004,27,STAGE16_XGBOOST_TUNED,GROUP_A_DUPSAFE70,GPU_SINGLE_T4,1,1024,17,2968513,2.968513,344953.8540003025
GPUCOND_004,27,STAGE16_XGBOOST_TUNED,GROUP_A_DUPSAFE70,GPU_SINGLE_T4,1,1024,18,2829616,2.829616,361886.559872435
GPUCOND_004,27,STAGE16_XGBOOST_TUNED,GROUP_A_DUPSAFE70,GPU_SINGLE_T4,1,1024,19,2835585,2.835585,361124.77672155836
GPUCOND_004,27,STAGE16_XGBOOST_TUNED,GROUP_A_DUPSAFE70,GPU_SINGLE_T4,1,1024,20,2849951,2.849951,359304.42312867835
GPUCOND_004,27,STAGE16_XGBOOST_TUNED,GROUP_A_DUPSAFE70,GPU_SINGLE_T4,1,1024,21,2818683,2.818683,363290.2316436435
GPUCOND_004,27,STAGE16_XGBOOST_TUNED,GROUP_A_DUPSAFE70,GPU_SINGLE_T4,1,1024,22,2823416,2.823416,362681.2343629136
GPUCOND_004,27,STAGE16_XGBOOST_TUNED,GROUP_A_DUPSAFE70,GPU_SINGLE_T4,1,1024,23,2882510,2.88251,355245.9488431957
GPUCOND_004,27,STAGE16_XGBOOST_TUNED,GROUP_A_DUPSAFE70,GPU_SINGLE_T4,1,1024,24,2853236,2.853236,358890.7472077318
GPUCOND_004,27,STAGE16_XGBOOST_TUNED,GROUP_A_DUPSAFE70,GPU_SINGLE_T4,1,1024,25,2814196,2.814196,363869.4675139898
GPUCOND_004,27,STAGE16_XGBOOST_TUNED,GROUP_A_DUPSAFE70,GPU_SINGLE_T4,1,1024,26,2837437,2.837437,360889.0699599674
GPUCOND_004,27,STAGE16_XGBOOST_TUNED,GROUP_A_DUPSAFE70,GPU_SINGLE_T4,1,1024,27,2822233,2.822233,362833.26004621165
GPUCOND_004,27,STAGE16_XGBOOST_TUNED,GROUP_A_DUPSAFE70,GPU_SINGLE_T4,1,1024,28,2871507,2.871507,356607.17525675544
GPUCOND_004,27,STAGE16_XGBOOST_TUNED,GROUP_A_DUPSAFE70,GPU_SINGLE_T4,1,1024,29,2858387,2.858387,358244.0026490465
GPUCOND_004,27,STAGE16_XGBOOST_TUNED,GROUP_A_DUPSAFE70,GPU_SINGLE_T4,1,1024,30,2874299,2.874299,356260.77871508844
GPUCOND_004,27,STAGE16_XGBOOST_TUNED,GROUP_A_DUPSAFE70,GPU_SINGLE_T4,1,1024,31,2839155,2.839155,360670.69251238485
GPUCOND_004,27,STAGE16_XGBOOST_TUNED,GROUP_A_DUPSAFE70,GPU_SINGLE_T4,1,1024,32,2863217,2.863217,357639.6759309546
GPUCOND_004,27,STAGE16_XGBOOST_TUNED,GROUP_A_DUPSAFE70,GPU_SINGLE_T4,1,1024,33,2859761,2.859761,358071.8808319996
GPUCOND_004,27,STAGE16_XGBOOST_TUNED,GROUP_A_DUPSAFE70,GPU_SINGLE_T4,1,1024,34,2821884,2.821884,362878.1338991964
GPUCOND_004,27,STAGE16_XGBOOST_TUNED,GROUP_A_DUPSAFE70,GPU_SINGLE_T4,1,1024,35,2828779,2.828779,361993.63753760897
GPUCOND_004,27,STAGE16_XGBOOST_TUNED,GROUP_A_DUPSAFE70,GPU_SINGLE_T4,1,1024,36,2838930,2.83893,360699.27754470875
GPUCOND_004,27,STAGE16_XGBOOST_TUNED,GROUP_A_DUPSAFE70,GPU_SINGLE_T4,1,1024,37,2898353,2.898353,353304.1006392251
GPUCOND_004,27,STAGE16_XGBOOST_TUNED,GROUP_A_DUPSAFE70,GPU_SINGLE_T4,1,1024,38,2924673,2.924673,350124.6122216056
GPUCOND_004,27,STAGE16_XGBOOST_TUNED,GROUP_A_DUPSAFE70,GPU_SINGLE_T4,1,1024,39,2850996,2.850996,359172.7241988414
GPUCOND_004,27,STAGE16_XGBOOST_TUNED,GROUP_A_DUPSAFE70,GPU_SINGLE_T4,1,1024,40,2855545,2.855545,358600.5473561089
GPUCOND_004,27,STAGE16_XGBOOST_TUNED,GROUP_A_DUPSAFE70,GPU_SINGLE_T4,1,1024,41,2880277,2.880277,355521.36131351255
GPUCOND_004,27,STAGE16_XGBOOST_TUNED,GROUP_A_DUPSAFE70,GPU_SINGLE_T4,1,1024,42,2818084,2.818084,363367.451076689
GPUCOND_004,27,STAGE16_XGBOOST_TUNED,GROUP_A_DUPSAFE70,GPU_SINGLE_T4,1,1024,43,2833826,2.833826,361348.9325032659
GPUCOND_004,27,STAGE16_XGBOOST_TUNED,GROUP_A_DUPSAFE70,GPU_SINGLE_T4,1,1024,44,2882390,2.88239,355260.73848438275
GPUCOND_004,27,STAGE16_XGBOOST_TUNED,GROUP_A_DUPSAFE70,GPU_SINGLE_T4,1,1024,45,2854495,2.854495,358732.45530295203
GPUCOND_004,27,STAGE16_XGBOOST_TUNED,GROUP_A_DUPSAFE70,GPU_SINGLE_T4,1,1024,46,2861023,2.861023,357913.9349805996
GPUCOND_004,27,STAGE16_XGBOOST_TUNED,GROUP_A_DUPSAFE70,GPU_SINGLE_T4,1,1024,47,2875273,2.875273,356140.09521878447
GPUCOND_004,27,STAGE16_XGBOOST_TUNED,GROUP_A_DUPSAFE70,GPU_SINGLE_T4,1,1024,48,2849412,2.849412,359372.3898123543
GPUCOND_004,27,STAGE16_XGBOOST_TUNED,GROUP_A_DUPSAFE70,GPU_SINGLE_T4,1,1024,49,2846192,2.846192,359778.9608009579
GPUCOND_004,27,STAGE16_XGBOOST_TUNED,GROUP_A_DUPSAFE70,GPU_SINGLE_T4,1,1024,50,2826329,2.826329,362307.43130046077
GPUCOND_039,28,FT_BALANCED_SINGLE_RESOURCE_REFERENCE,GROUP_A_DUPSAFE70,GPU_SINGLE_T4,1,1024,1,35510304,35.510304,28836.700468686497
GPUCOND_039,28,FT_BALANCED_SINGLE_RESOURCE_REFERENCE,GROUP_A_DUPSAFE70,GPU_SINGLE_T4,1,1024,2,36345042,36.345042,28174.406842066655
GPUCOND_039,28,FT_BALANCED_SINGLE_RESOURCE_REFERENCE,GROUP_A_DUPSAFE70,GPU_SINGLE_T4,1,1024,3,35943449,35.943449,28489.197016123857
GPUCOND_039,28,FT_BALANCED_SINGLE_RESOURCE_REFERENCE,GROUP_A_DUPSAFE70,GPU_SINGLE_T4,1,1024,4,35957875,35.957875,28477.767387533328
GPUCOND_039,28,FT_BALANCED_SINGLE_RESOURCE_REFERENCE,GROUP_A_DUPSAFE70,GPU_SINGLE_T4,1,1024,5,35658333,35.658333,28716.99021936892
GPUCOND_039,28,FT_BALANCED_SINGLE_RESOURCE_REFERENCE,GROUP_A_DUPSAFE70,GPU_SINGLE_T4,1,1024,6,35850460,35.85046,28563.09235641607
GPUCOND_039,28,FT_BALANCED_SINGLE_RESOURCE_REFERENCE,GROUP_A_DUPSAFE70,GPU_SINGLE_T4,1,1024,7,35789317,35.789317,28611.889967053576
GPUCOND_039,28,FT_BALANCED_SINGLE_RESOURCE_REFERENCE,GROUP_A_DUPSAFE70,GPU_SINGLE_T4,1,1024,8,35789061,35.789061,28612.094628579387
GPUCOND_039,28,FT_BALANCED_SINGLE_RESOURCE_REFERENCE,GROUP_A_DUPSAFE70,GPU_SINGLE_T4,1,1024,9,35789023,35.789023,28612.125008274186
GPUCOND_039,28,FT_BALANCED_SINGLE_RESOURCE_REFERENCE,GROUP_A_DUPSAFE70,GPU_SINGLE_T4,1,1024,10,35897573,35.897573,28525.605338277324
GPUCOND_039,28,FT_BALANCED_SINGLE_RESOURCE_REFERENCE,GROUP_A_DUPSAFE70,GPU_SINGLE_T4,1,1024,11,36277992,36.277992,28226.479569211
GPUCOND_039,28,FT_BALANCED_SINGLE_RESOURCE_REFERENCE,GROUP_A_DUPSAFE70,GPU_SINGLE_T4,1,1024,12,36062416,36.062416,28395.213454362016
GPUCOND_039,28,FT_BALANCED_SINGLE_RESOURCE_REFERENCE,GROUP_A_DUPSAFE70,GPU_SINGLE_T4,1,1024,13,36352412,36.352412,28168.694831033496
GPUCOND_039,28,FT_BALANCED_SINGLE_RESOURCE_REFERENCE,GROUP_A_DUPSAFE70,GPU_SINGLE_T4,1,1024,14,35932441,35.932441,28497.924758298497
GPUCOND_039,28,FT_BALANCED_SINGLE_RESOURCE_REFERENCE,GROUP_A_DUPSAFE70,GPU_SINGLE_T4,1,1024,15,35918558,35.918558,28508.93958493545
GPUCOND_039,28,FT_BALANCED_SINGLE_RESOURCE_REFERENCE,GROUP_A_DUPSAFE70,GPU_SINGLE_T4,1,1024,16,35993067,35.993067,28449.92342553081
GPUCOND_039,28,FT_BALANCED_SINGLE_RESOURCE_REFERENCE,GROUP_A_DUPSAFE70,GPU_SINGLE_T4,1,1024,17,36159260,36.15926,28319.16361120222
GPUCOND_039,28,FT_BALANCED_SINGLE_RESOURCE_REFERENCE,GROUP_A_DUPSAFE70,GPU_SINGLE_T4,1,1024,18,35918031,35.918031,28509.357876549526
GPUCOND_039,28,FT_BALANCED_SINGLE_RESOURCE_REFERENCE,GROUP_A_DUPSAFE70,GPU_SINGLE_T4,1,1024,19,35719114,35.719114,28668.124298939776
GPUCOND_039,28,FT_BALANCED_SINGLE_RESOURCE_REFERENCE,GROUP_A_DUPSAFE70,GPU_SINGLE_T4,1,1024,20,35824730,35.82473,28583.606910645245
GPUCOND_039,28,FT_BALANCED_SINGLE_RESOURCE_REFERENCE,GROUP_A_DUPSAFE70,GPU_SINGLE_T4,1,1024,21,35657928,35.657928,28717.31638473217
GPUCOND_039,28,FT_BALANCED_SINGLE_RESOURCE_REFERENCE,GROUP_A_DUPSAFE70,GPU_SINGLE_T4,1,1024,22,36273994,36.273994,28229.590598708266
GPUCOND_039,28,FT_BALANCED_SINGLE_RESOURCE_REFERENCE,GROUP_A_DUPSAFE70,GPU_SINGLE_T4,1,1024,23,36019186,36.019186,28429.29321056839
GPUCOND_039,28,FT_BALANCED_SINGLE_RESOURCE_REFERENCE,GROUP_A_DUPSAFE70,GPU_SINGLE_T4,1,1024,24,36051609,36.051609,28403.72533719646
GPUCOND_039,28,FT_BALANCED_SINGLE_RESOURCE_REFERENCE,GROUP_A_DUPSAFE70,GPU_SINGLE_T4,1,1024,25,36362503,36.362503,28160.877704155846
GPUCOND_039,28,FT_BALANCED_SINGLE_RESOURCE_REFERENCE,GROUP_A_DUPSAFE70,GPU_SINGLE_T4,1,1024,26,35974758,35.974758,28464.402734828684
GPUCOND_039,28,FT_BALANCED_SINGLE_RESOURCE_REFERENCE,GROUP_A_DUPSAFE70,GPU_SINGLE_T4,1,1024,27,36695546,36.695546,27905.2940103412
GPUCOND_039,28,FT_BALANCED_SINGLE_RESOURCE_REFERENCE,GROUP_A_DUPSAFE70,GPU_SINGLE_T4,1,1024,28,36435214,36.435214,28104.679171089814
GPUCOND_039,28,FT_BALANCED_SINGLE_RESOURCE_REFERENCE,GROUP_A_DUPSAFE70,GPU_SINGLE_T4,1,1024,29,36427181,36.427181,28110.876875155394
GPUCOND_039,28,FT_BALANCED_SINGLE_RESOURCE_REFERENCE,GROUP_A_DUPSAFE70,GPU_SINGLE_T4,1,1024,30,36451401,36.451401,28092.198705887877
GPUCOND_039,28,FT_BALANCED_SINGLE_RESOURCE_REFERENCE,GROUP_A_DUPSAFE70,GPU_SINGLE_T4,1,1024,31,36087286,36.087286,28375.644541404417
GPUCOND_039,28,FT_BALANCED_SINGLE_RESOURCE_REFERENCE,GROUP_A_DUPSAFE70,GPU_SINGLE_T4,1,1024,32,36445946,36.445946,28096.403369527026
GPUCOND_039,28,FT_BALANCED_SINGLE_RESOURCE_REFERENCE,GROUP_A_DUPSAFE70,GPU_SINGLE_T4,1,1024,33,36253669,36.253669,28245.417036272935
GPUCOND_039,28,FT_BALANCED_SINGLE_RESOURCE_REFERENCE,GROUP_A_DUPSAFE70,GPU_SINGLE_T4,1,1024,34,36087904,36.087904,28375.158612703028
GPUCOND_039,28,FT_BALANCED_SINGLE_RESOURCE_REFERENCE,GROUP_A_DUPSAFE70,GPU_SINGLE_T4,1,1024,35,36465358,36.465358,28081.446506023607
GPUCOND_039,28,FT_BALANCED_SINGLE_RESOURCE_REFERENCE,GROUP_A_DUPSAFE70,GPU_SINGLE_T4,1,1024,36,36397239,36.397239,28134.002142305355
GPUCOND_039,28,FT_BALANCED_SINGLE_RESOURCE_REFERENCE,GROUP_A_DUPSAFE70,GPU_SINGLE_T4,1,1024,37,36304465,36.304465,28205.896988152836
GPUCOND_039,28,FT_BALANCED_SINGLE_RESOURCE_REFERENCE,GROUP_A_DUPSAFE70,GPU_SINGLE_T4,1,1024,38,36177208,36.177208,28305.114092828833
GPUCOND_039,28,FT_BALANCED_SINGLE_RESOURCE_REFERENCE,GROUP_A_DUPSAFE70,GPU_SINGLE_T4,1,1024,39,36505539,36.505539,28050.53775538008
GPUCOND_039,28,FT_BALANCED_SINGLE_RESOURCE_REFERENCE,GROUP_A_DUPSAFE70,GPU_SINGLE_T4,1,1024,40,36079820,36.07982,28381.51631576876
GPUCOND_039,28,FT_BALANCED_SINGLE_RESOURCE_REFERENCE,GROUP_A_DUPSAFE70,GPU_SINGLE_T4,1,1024,41,35604648,35.604648,28760.289948660637
GPUCOND_039,28,FT_BALANCED_SINGLE_RESOURCE_REFERENCE,GROUP_A_DUPSAFE70,GPU_SINGLE_T4,1,1024,42,36251829,36.251829,28246.85066234865
GPUCOND_039,28,FT_BALANCED_SINGLE_RESOURCE_REFERENCE,GROUP_A_DUPSAFE70,GPU_SINGLE_T4,1,1024,43,36131508,36.131508,28340.915081651172
GPUCOND_039,28,FT_BALANCED_SINGLE_RESOURCE_REFERENCE,GROUP_A_DUPSAFE70,GPU_SINGLE_T4,1,1024,44,36077017,36.077017,28383.721414661308
GPUCOND_039,28,FT_BALANCED_SINGLE_RESOURCE_REFERENCE,GROUP_A_DUPSAFE70,GPU_SINGLE_T4,1,1024,45,36044833,36.044833,28409.064899815185
GPUCOND_039,28,FT_BALANCED_SINGLE_RESOURCE_REFERENCE,GROUP_A_DUPSAFE70,GPU_SINGLE_T4,1,1024,46,36993960,36.99396,27680.194280363605
GPUCOND_039,28,FT_BALANCED_SINGLE_RESOURCE_REFERENCE,GROUP_A_DUPSAFE70,GPU_SINGLE_T4,1,1024,47,36314874,36.314874,28197.81227934317
GPUCOND_039,28,FT_BALANCED_SINGLE_RESOURCE_REFERENCE,GROUP_A_DUPSAFE70,GPU_SINGLE_T4,1,1024,48,35911781,35.911781,28514.319576631413
GPUCOND_039,28,FT_BALANCED_SINGLE_RESOURCE_REFERENCE,GROUP_A_DUPSAFE70,GPU_SINGLE_T4,1,1024,49,35993372,35.993372,28449.68234707212
GPUCOND_039,28,FT_BALANCED_SINGLE_RESOURCE_REFERENCE,GROUP_A_DUPSAFE70,GPU_SINGLE_T4,1,1024,50,35965252,35.965252,28471.926180303144
GPUCOND_002,30,STAGE16_XGBOOST_TUNED,GROUP_A_DUPSAFE70,GPU_SINGLE_T4,1,64,1,3544590,3.54459,18055.684860590365
GPUCOND_002,30,STAGE16_XGBOOST_TUNED,GROUP_A_DUPSAFE70,GPU_SINGLE_T4,1,64,2,3522071,3.522071,18171.12715785684
GPUCOND_002,30,STAGE16_XGBOOST_TUNED,GROUP_A_DUPSAFE70,GPU_SINGLE_T4,1,64,3,3624355,3.624355,17658.314375937236
GPUCOND_002,30,STAGE16_XGBOOST_TUNED,GROUP_A_DUPSAFE70,GPU_SINGLE_T4,1,64,4,3531541,3.531541,18122.400391217318
GPUCOND_002,30,STAGE16_XGBOOST_TUNED,GROUP_A_DUPSAFE70,GPU_SINGLE_T4,1,64,5,3556845,3.556845,17993.47455399378
GPUCOND_002,30,STAGE16_XGBOOST_TUNED,GROUP_A_DUPSAFE70,GPU_SINGLE_T4,1,64,6,3506735,3.506735,18250.594926619775
GPUCOND_002,30,STAGE16_XGBOOST_TUNED,GROUP_A_DUPSAFE70,GPU_SINGLE_T4,1,64,7,3572715,3.572715,17913.547540176027
GPUCOND_002,30,STAGE16_XGBOOST_TUNED,GROUP_A_DUPSAFE70,GPU_SINGLE_T4,1,64,8,3530840,3.53084,18125.998346002652
GPUCOND_002,30,STAGE16_XGBOOST_TUNED,GROUP_A_DUPSAFE70,GPU_SINGLE_T4,1,64,9,3522760,3.52276,18167.573152868772
GPUCOND_002,30,STAGE16_XGBOOST_TUNED,GROUP_A_DUPSAFE70,GPU_SINGLE_T4,1,64,10,3523730,3.52373,18162.57204723404
GPUCOND_002,30,STAGE16_XGBOOST_TUNED,GROUP_A_DUPSAFE70,GPU_SINGLE_T4,1,64,11,3513075,3.513075,18217.658319278693
GPUCOND_002,30,STAGE16_XGBOOST_TUNED,GROUP_A_DUPSAFE70,GPU_SINGLE_T4,1,64,12,3580379,3.580379,17875.202597266936
GPUCOND_002,30,STAGE16_XGBOOST_TUNED,GROUP_A_DUPSAFE70,GPU_SINGLE_T4,1,64,13,3533943,3.533943,18110.082703654247
GPUCOND_002,30,STAGE16_XGBOOST_TUNED,GROUP_A_DUPSAFE70,GPU_SINGLE_T4,1,64,14,3527920,3.52792,18141.0009297263
GPUCOND_002,30,STAGE16_XGBOOST_TUNED,GROUP_A_DUPSAFE70,GPU_SINGLE_T4,1,64,15,3501895,3.501895,18275.819235014184
GPUCOND_002,30,STAGE16_XGBOOST_TUNED,GROUP_A_DUPSAFE70,GPU_SINGLE_T4,1,64,16,3560985,3.560985,17972.55534634378
GPUCOND_002,30,STAGE16_XGBOOST_TUNED,GROUP_A_DUPSAFE70,GPU_SINGLE_T4,1,64,17,3552453,3.552453,18015.720405027176
GPUCOND_002,30,STAGE16_XGBOOST_TUNED,GROUP_A_DUPSAFE70,GPU_SINGLE_T4,1,64,18,3568239,3.568239,17936.01829922267
GPUCOND_002,30,STAGE16_XGBOOST_TUNED,GROUP_A_DUPSAFE70,GPU_SINGLE_T4,1,64,19,3515481,3.515481,18205.19012903213
GPUCOND_002,30,STAGE16_XGBOOST_TUNED,GROUP_A_DUPSAFE70,GPU_SINGLE_T4,1,64,20,3534579,3.534579,18106.824037601084
GPUCOND_002,30,STAGE16_XGBOOST_TUNED,GROUP_A_DUPSAFE70,GPU_SINGLE_T4,1,64,21,3523340,3.52334,18164.58247004263
GPUCOND_002,30,STAGE16_XGBOOST_TUNED,GROUP_A_DUPSAFE70,GPU_SINGLE_T4,1,64,22,3594609,3.594609,17804.439926567815
GPUCOND_002,30,STAGE16_XGBOOST_TUNED,GROUP_A_DUPSAFE70,GPU_SINGLE_T4,1,64,23,2400756,2.400756,26658.26931183344
GPUCOND_002,30,STAGE16_XGBOOST_TUNED,GROUP_A_DUPSAFE70,GPU_SINGLE_T4,1,64,24,2404785,2.404785,26613.60579012261
GPUCOND_002,30,STAGE16_XGBOOST_TUNED,GROUP_A_DUPSAFE70,GPU_SINGLE_T4,1,64,25,2349589,2.349589,27238.806446574272
GPUCOND_002,30,STAGE16_XGBOOST_TUNED,GROUP_A_DUPSAFE70,GPU_SINGLE_T4,1,64,26,2442366,2.442366,26204.098812381108
GPUCOND_002,30,STAGE16_XGBOOST_TUNED,GROUP_A_DUPSAFE70,GPU_SINGLE_T4,1,64,27,2450878,2.450878,26113.09090048546
GPUCOND_002,30,STAGE16_XGBOOST_TUNED,GROUP_A_DUPSAFE70,GPU_SINGLE_T4,1,64,28,2417415,2.417415,26474.56063605132
GPUCOND_002,30,STAGE16_XGBOOST_TUNED,GROUP_A_DUPSAFE70,GPU_SINGLE_T4,1,64,29,2470079,2.470079,25910.10247040682
GPUCOND_002,30,STAGE16_XGBOOST_TUNED,GROUP_A_DUPSAFE70,GPU_SINGLE_T4,1,64,30,2374158,2.374158,26956.925360485697
GPUCOND_002,30,STAGE16_XGBOOST_TUNED,GROUP_A_DUPSAFE70,GPU_SINGLE_T4,1,64,31,2397394,2.397394,26695.653697306327
GPUCOND_002,30,STAGE16_XGBOOST_TUNED,GROUP_A_DUPSAFE70,GPU_SINGLE_T4,1,64,32,2563709,2.563709,24963.831698527407
GPUCOND_002,30,STAGE16_XGBOOST_TUNED,GROUP_A_DUPSAFE70,GPU_SINGLE_T4,1,64,33,2458649,2.458649,26030.55580524101
GPUCOND_002,30,STAGE16_XGBOOST_TUNED,GROUP_A_DUPSAFE70,GPU_SINGLE_T4,1,64,34,2377920,2.37792,26914.278024491992
GPUCOND_002,30,STAGE16_XGBOOST_TUNED,GROUP_A_DUPSAFE70,GPU_SINGLE_T4,1,64,35,2559666,2.559666,25003.262144357897
GPUCOND_002,30,STAGE16_XGBOOST_TUNED,GROUP_A_DUPSAFE70,GPU_SINGLE_T4,1,64,36,2331224,2.331224,27453.38929249184
GPUCOND_002,30,STAGE16_XGBOOST_TUNED,GROUP_A_DUPSAFE70,GPU_SINGLE_T4,1,64,37,2346717,2.346717,27272.14231626566
GPUCOND_002,30,STAGE16_XGBOOST_TUNED,GROUP_A_DUPSAFE70,GPU_SINGLE_T4,1,64,38,2349497,2.349497,27239.87304516669
GPUCOND_002,30,STAGE16_XGBOOST_TUNED,GROUP_A_DUPSAFE70,GPU_SINGLE_T4,1,64,39,2324787,2.324787,27529.403769033463
GPUCOND_002,30,STAGE16_XGBOOST_TUNED,GROUP_A_DUPSAFE70,GPU_SINGLE_T4,1,64,40,2347844,2.347844,27259.051282793916
GPUCOND_002,30,STAGE16_XGBOOST_TUNED,GROUP_A_DUPSAFE70,GPU_SINGLE_T4,1,64,41,2355615,2.355615,27169.125684799936
GPUCOND_002,30,STAGE16_XGBOOST_TUNED,GROUP_A_DUPSAFE70,GPU_SINGLE_T4,1,64,42,2334980,2.33498,27409.228344568262
GPUCOND_002,30,STAGE16_XGBOOST_TUNED,GROUP_A_DUPSAFE70,GPU_SINGLE_T4,1,64,43,2369346,2.369346,27011.673263423745
GPUCOND_002,30,STAGE16_XGBOOST_TUNED,GROUP_A_DUPSAFE70,GPU_SINGLE_T4,1,64,44,2363457,2.363457,27078.977954750182
GPUCOND_002,30,STAGE16_XGBOOST_TUNED,GROUP_A_DUPSAFE70,GPU_SINGLE_T4,1,64,45,2336538,2.336538,27390.951912616016
GPUCOND_002,30,STAGE16_XGBOOST_TUNED,GROUP_A_DUPSAFE70,GPU_SINGLE_T4,1,64,46,2475128,2.475128,25857.248594820147
GPUCOND_002,30,STAGE16_XGBOOST_TUNED,GROUP_A_DUPSAFE70,GPU_SINGLE_T4,1,64,47,2404051,2.404051,26621.731402536803
GPUCOND_002,30,STAGE16_XGBOOST_TUNED,GROUP_A_DUPSAFE70,GPU_SINGLE_T4,1,64,48,2502632,2.502632,25573.076664887205
GPUCOND_002,30,STAGE16_XGBOOST_TUNED,GROUP_A_DUPSAFE70,GPU_SINGLE_T4,1,64,49,2349085,2.349085,27244.650576713913
GPUCOND_002,30,STAGE16_XGBOOST_TUNED,GROUP_A_DUPSAFE70,GPU_SINGLE_T4,1,64,50,2326975,2.326975,27503.51851652897
GPUCOND_002,30,STAGE16_XGBOOST_TUNED,GROUP_A_DUPSAFE70,GPU_SINGLE_T4,1,64,51,2367555,2.367555,27032.106962668237
GPUCOND_002,30,STAGE16_XGBOOST_TUNED,GROUP_A_DUPSAFE70,GPU_SINGLE_T4,1,64,52,2328685,2.328685,27483.322132448142
GPUCOND_002,30,STAGE16_XGBOOST_TUNED,GROUP_A_DUPSAFE70,GPU_SINGLE_T4,1,64,53,2503061,2.503061,25568.693691444194
GPUCOND_002,30,STAGE16_XGBOOST_TUNED,GROUP_A_DUPSAFE70,GPU_SINGLE_T4,1,64,54,2372414,2.372414,26976.74183342368
GPUCOND_002,30,STAGE16_XGBOOST_TUNED,GROUP_A_DUPSAFE70,GPU_SINGLE_T4,1,64,55,2328430,2.32843,27486.33199194307
GPUCOND_002,30,STAGE16_XGBOOST_TUNED,GROUP_A_DUPSAFE70,GPU_SINGLE_T4,1,64,56,2364987,2.364987,27061.459534449874
GPUCOND_002,30,STAGE16_XGBOOST_TUNED,GROUP_A_DUPSAFE70,GPU_SINGLE_T4,1,64,57,2375946,2.375946,26936.639132370852
GPUCOND_002,30,STAGE16_XGBOOST_TUNED,GROUP_A_DUPSAFE70,GPU_SINGLE_T4,1,64,58,2337242,2.337242,27382.701491758235
GPUCOND_002,30,STAGE16_XGBOOST_TUNED,GROUP_A_DUPSAFE70,GPU_SINGLE_T4,1,64,59,2428943,2.428943,26348.909793272218
GPUCOND_002,30,STAGE16_XGBOOST_TUNED,GROUP_A_DUPSAFE70,GPU_SINGLE_T4,1,64,60,2372564,2.372564,26975.03628985351
GPUCOND_002,30,STAGE16_XGBOOST_TUNED,GROUP_A_DUPSAFE70,GPU_SINGLE_T4,1,64,61,2386739,2.386739,26814.829774013833
GPUCOND_002,30,STAGE16_XGBOOST_TUNED,GROUP_A_DUPSAFE70,GPU_SINGLE_T4,1,64,62,2365897,2.365897,27051.050827656487
GPUCOND_002,30,STAGE16_XGBOOST_TUNED,GROUP_A_DUPSAFE70,GPU_SINGLE_T4,1,64,63,2347244,2.347244,27266.019212318788
GPUCOND_002,30,STAGE16_XGBOOST_TUNED,GROUP_A_DUPSAFE70,GPU_SINGLE_T4,1,64,64,2402422,2.402422,26639.78268597274
GPUCOND_002,30,STAGE16_XGBOOST_TUNED,GROUP_A_DUPSAFE70,GPU_SINGLE_T4,1,64,65,2344287,2.344287,27300.411596361708
GPUCOND_002,30,STAGE16_XGBOOST_TUNED,GROUP_A_DUPSAFE70,GPU_SINGLE_T4,1,64,66,2313115,2.313115,27668.31739883231
GPUCOND_002,30,STAGE16_XGBOOST_TUNED,GROUP_A_DUPSAFE70,GPU_SINGLE_T4,1,64,67,2373513,2.373513,26964.25088044599
GPUCOND_002,30,STAGE16_XGBOOST_TUNED,GROUP_A_DUPSAFE70,GPU_SINGLE_T4,1,64,68,2330159,2.330159,27465.93687383565
GPUCOND_002,30,STAGE16_XGBOOST_TUNED,GROUP_A_DUPSAFE70,GPU_SINGLE_T4,1,64,69,2310563,2.310563,27698.876853823072
GPUCOND_002,30,STAGE16_XGBOOST_TUNED,GROUP_A_DUPSAFE70,GPU_SINGLE_T4,1,64,70,2356329,2.356329,27160.893067139605
GPUCOND_002,30,STAGE16_XGBOOST_TUNED,GROUP_A_DUPSAFE70,GPU_SINGLE_T4,1,64,71,2341748,2.341748,27330.01159817367
GPUCOND_002,30,STAGE16_XGBOOST_TUNED,GROUP_A_DUPSAFE70,GPU_SINGLE_T4,1,64,72,2332343,2.332343,27440.217841029385
GPUCOND_002,30,STAGE16_XGBOOST_TUNED,GROUP_A_DUPSAFE70,GPU_SINGLE_T4,1,64,73,2362892,2.362892,27085.452911093693
GPUCOND_002,30,STAGE16_XGBOOST_TUNED,GROUP_A_DUPSAFE70,GPU_SINGLE_T4,1,64,74,2328213,2.328213,27488.893842616635
GPUCOND_002,30,STAGE16_XGBOOST_TUNED,GROUP_A_DUPSAFE70,GPU_SINGLE_T4,1,64,75,2364966,2.364966,27061.69982993413
GPUCOND_002,30,STAGE16_XGBOOST_TUNED,GROUP_A_DUPSAFE70,GPU_SINGLE_T4,1,64,76,2529552,2.529552,25300.922851160994
GPUCOND_002,30,STAGE16_XGBOOST_TUNED,GROUP_A_DUPSAFE70,GPU_SINGLE_T4,1,64,77,2322925,2.322925,27551.470667369802
GPUCOND_002,30,STAGE16_XGBOOST_TUNED,GROUP_A_DUPSAFE70,GPU_SINGLE_T4,1,64,78,2441135,2.441135,26217.3128483267
GPUCOND_002,30,STAGE16_XGBOOST_TUNED,GROUP_A_DUPSAFE70,GPU_SINGLE_T4,1,64,79,2376812,2.376812,26926.824671029935
GPUCOND_002,30,STAGE16_XGBOOST_TUNED,GROUP_A_DUPSAFE70,GPU_SINGLE_T4,1,64,80,2426864,2.426864,26371.481879495514
GPUCOND_002,30,STAGE16_XGBOOST_TUNED,GROUP_A_DUPSAFE70,GPU_SINGLE_T4,1,64,81,2358660,2.35866,27134.050689798445
GPUCOND_002,30,STAGE16_XGBOOST_TUNED,GROUP_A_DUPSAFE70,GPU_SINGLE_T4,1,64,82,2332266,2.332266,27441.123782621708
GPUCOND_002,30,STAGE16_XGBOOST_TUNED,GROUP_A_DUPSAFE70,GPU_SINGLE_T4,1,64,83,2366884,2.366884,27039.77043234903
GPUCOND_002,30,STAGE16_XGBOOST_TUNED,GROUP_A_DUPSAFE70,GPU_SINGLE_T4,1,64,84,2314335,2.314335,27653.732065582553
GPUCOND_002,30,STAGE16_XGBOOST_TUNED,GROUP_A_DUPSAFE70,GPU_SINGLE_T4,1,64,85,2313923,2.313923,27658.655884400647
GPUCOND_002,30,STAGE16_XGBOOST_TUNED,GROUP_A_DUPSAFE70,GPU_SINGLE_T4,1,64,86,2359004,2.359004,27130.09388708116
GPUCOND_002,30,STAGE16_XGBOOST_TUNED,GROUP_A_DUPSAFE70,GPU_SINGLE_T4,1,64,87,2349843,2.349843,27235.86214057705
GPUCOND_002,30,STAGE16_XGBOOST_TUNED,GROUP_A_DUPSAFE70,GPU_SINGLE_T4,1,64,88,2316330,2.31633,27629.914563123562
GPUCOND_002,30,STAGE16_XGBOOST_TUNED,GROUP_A_DUPSAFE70,GPU_SINGLE_T4,1,64,89,2398951,2.398951,26678.32731889897
GPUCOND_002,30,STAGE16_XGBOOST_TUNED,GROUP_A_DUPSAFE70,GPU_SINGLE_T4,1,64,90,2347997,2.347997,27257.275030589903
GPUCOND_002,30,STAGE16_XGBOOST_TUNED,GROUP_A_DUPSAFE70,GPU_SINGLE_T4,1,64,91,2350375,2.350375,27229.697388714565
GPUCOND_002,30,STAGE16_XGBOOST_TUNED,GROUP_A_DUPSAFE70,GPU_SINGLE_T4,1,64,92,2368873,2.368873,27017.066765504103
GPUCOND_002,30,STAGE16_XGBOOST_TUNED,GROUP_A_DUPSAFE70,GPU_SINGLE_T4,1,64,93,2340349,2.340349,27346.348771059358
GPUCOND_002,30,STAGE16_XGBOOST_TUNED,GROUP_A_DUPSAFE70,GPU_SINGLE_T4,1,64,94,2333359,2.333359,27428.269717604537
GPUCOND_002,30,STAGE16_XGBOOST_TUNED,GROUP_A_DUPSAFE70,GPU_SINGLE_T4,1,64,95,2365282,2.365282,27058.084406003174
GPUCOND_002,30,STAGE16_XGBOOST_TUNED,GROUP_A_DUPSAFE70,GPU_SINGLE_T4,1,64,96,2325669,2.325669,27518.963360650203
GPUCOND_002,30,STAGE16_XGBOOST_TUNED,GROUP_A_DUPSAFE70,GPU_SINGLE_T4,1,64,97,2330933,2.330933,27456.816648097563
GPUCOND_002,30,STAGE16_XGBOOST_TUNED,GROUP_A_DUPSAFE70,GPU_SINGLE_T4,1,64,98,2342276,2.342276,27323.850818605493
GPUCOND_002,30,STAGE16_XGBOOST_TUNED,GROUP_A_DUPSAFE70,GPU_SINGLE_T4,1,64,99,2333117,2.333117,27431.114684775774
GPUCOND_002,30,STAGE16_XGBOOST_TUNED,GROUP_A_DUPSAFE70,GPU_SINGLE_T4,1,64,100,2328167,2.328167,27489.436969083403
GPUCOND_002,30,STAGE16_XGBOOST_TUNED,GROUP_A_DUPSAFE70,GPU_SINGLE_T4,1,64,101,2338062,2.338062,27373.097890475103
GPUCOND_002,30,STAGE16_XGBOOST_TUNED,GROUP_A_DUPSAFE70,GPU_SINGLE_T4,1,64,102,2349644,2.349644,27238.168846003904
GPUCOND_002,30,STAGE16_XGBOOST_TUNED,GROUP_A_DUPSAFE70,GPU_SINGLE_T4,1,64,103,2382992,2.382992,26856.99322532346
GPUCOND_002,30,STAGE16_XGBOOST_TUNED,GROUP_A_DUPSAFE70,GPU_SINGLE_T4,1,64,104,2371968,2.371968,26981.814257190654
GPUCOND_002,30,STAGE16_XGBOOST_TUNED,GROUP_A_DUPSAFE70,GPU_SINGLE_T4,1,64,105,2329651,2.329651,27471.92605244305
GPUCOND_002,30,STAGE16_XGBOOST_TUNED,GROUP_A_DUPSAFE70,GPU_SINGLE_T4,1,64,106,2368068,2.368068,27026.250935361655
GPUCOND_002,30,STAGE16_XGBOOST_TUNED,GROUP_A_DUPSAFE70,GPU_SINGLE_T4,1,64,107,2083458,2.083458,30718.16182519638
GPUCOND_002,30,STAGE16_XGBOOST_TUNED,GROUP_A_DUPSAFE70,GPU_SINGLE_T4,1,64,108,1831625,1.831625,34941.650174025795
GPUCOND_002,30,STAGE16_XGBOOST_TUNED,GROUP_A_DUPSAFE70,GPU_SINGLE_T4,1,64,109,1809976,1.809976,35359.58487847353
GPUCOND_002,30,STAGE16_XGBOOST_TUNED,GROUP_A_DUPSAFE70,GPU_SINGLE_T4,1,64,110,1827225,1.827225,35025.790474626825
GPUCOND_002,30,STAGE16_XGBOOST_TUNED,GROUP_A_DUPSAFE70,GPU_SINGLE_T4,1,64,111,1815471,1.815471,35252.55980403983
GPUCOND_002,30,STAGE16_XGBOOST_TUNED,GROUP_A_DUPSAFE70,GPU_SINGLE_T4,1,64,112,1805612,1.805612,35445.04577949194
GPUCOND_002,30,STAGE16_XGBOOST_TUNED,GROUP_A_DUPSAFE70,GPU_SINGLE_T4,1,64,113,1870417,1.870417,34216.968729433065
GPUCOND_002,30,STAGE16_XGBOOST_TUNED,GROUP_A_DUPSAFE70,GPU_SINGLE_T4,1,64,114,1844422,1.844422,34699.21742421203
GPUCOND_002,30,STAGE16_XGBOOST_TUNED,GROUP_A_DUPSAFE70,GPU_SINGLE_T4,1,64,115,2024526,2.024526,31612.337900328275
GPUCOND_002,30,STAGE16_XGBOOST_TUNED,GROUP_A_DUPSAFE70,GPU_SINGLE_T4,1,64,116,1894743,1.894743,33777.668000356774
GPUCOND_002,30,STAGE16_XGBOOST_TUNED,GROUP_A_DUPSAFE70,GPU_SINGLE_T4,1,64,117,1830941,1.830941,34954.70361961418
GPUCOND_002,30,STAGE16_XGBOOST_TUNED,GROUP_A_DUPSAFE70,GPU_SINGLE_T4,1,64,118,1989964,1.989964,32161.385834115594
GPUCOND_002,30,STAGE16_XGBOOST_TUNED,GROUP_A_DUPSAFE70,GPU_SINGLE_T4,1,64,119,1840422,1.840422,34774.63320912269
GPUCOND_002,30,STAGE16_XGBOOST_TUNED,GROUP_A_DUPSAFE70,GPU_SINGLE_T4,1,64,120,1832722,1.832722,34920.73538703633
GPUCOND_002,30,STAGE16_XGBOOST_TUNED,GROUP_A_DUPSAFE70,GPU_SINGLE_T4,1,64,121,1816853,1.816853,35225.74473553997
GPUCOND_002,30,STAGE16_XGBOOST_TUNED,GROUP_A_DUPSAFE70,GPU_SINGLE_T4,1,64,122,1825314,1.825314,35062.46048625059
GPUCOND_002,30,STAGE16_XGBOOST_TUNED,GROUP_A_DUPSAFE70,GPU_SINGLE_T4,1,64,123,1815425,1.815425,35253.45304818431
GPUCOND_002,30,STAGE16_XGBOOST_TUNED,GROUP_A_DUPSAFE70,GPU_SINGLE_T4,1,64,124,1803699,1.803699,35482.63873295933
GPUCOND_002,30,STAGE16_XGBOOST_TUNED,GROUP_A_DUPSAFE70,GPU_SINGLE_T4,1,64,125,1810969,1.810969,35340.196325834404
GPUCOND_002,30,STAGE16_XGBOOST_TUNED,GROUP_A_DUPSAFE70,GPU_SINGLE_T4,1,64,126,1863475,1.863475,34344.437140288974
GPUCOND_002,30,STAGE16_XGBOOST_TUNED,GROUP_A_DUPSAFE70,GPU_SINGLE_T4,1,64,127,1813721,1.813721,35286.57384459903
GPUCOND_002,30,STAGE16_XGBOOST_TUNED,GROUP_A_DUPSAFE70,GPU_SINGLE_T4,1,64,128,1821761,1.821761,35130.843178660645
GPUCOND_002,30,STAGE16_XGBOOST_TUNED,GROUP_A_DUPSAFE70,GPU_SINGLE_T4,1,64,129,1882754,1.882754,33992.7574181226
GPUCOND_002,30,STAGE16_XGBOOST_TUNED,GROUP_A_DUPSAFE70,GPU_SINGLE_T4,1,64,130,1870355,1.870355,34218.10298045023
GPUCOND_002,30,STAGE16_XGBOOST_TUNED,GROUP_A_DUPSAFE70,GPU_SINGLE_T4,1,64,131,1854436,1.854436,34511.8407968784
GPUCOND_002,30,STAGE16_XGBOOST_TUNED,GROUP_A_DUPSAFE70,GPU_SINGLE_T4,1,64,132,1812111,1.812111,35317.92478496074
GPUCOND_002,30,STAGE16_XGBOOST_TUNED,GROUP_A_DUPSAFE70,GPU_SINGLE_T4,1,64,133,1806997,1.806997,35417.87839160774
GPUCOND_002,30,STAGE16_XGBOOST_TUNED,GROUP_A_DUPSAFE70,GPU_SINGLE_T4,1,64,134,1826139,1.826139,35046.62021894281
GPUCOND_002,30,STAGE16_XGBOOST_TUNED,GROUP_A_DUPSAFE70,GPU_SINGLE_T4,1,64,135,1813139,1.813139,35297.900491909335
GPUCOND_002,30,STAGE16_XGBOOST_TUNED,GROUP_A_DUPSAFE70,GPU_SINGLE_T4,1,64,136,1811259,1.811259,35334.538020238964
GPUCOND_002,30,STAGE16_XGBOOST_TUNED,GROUP_A_DUPSAFE70,GPU_SINGLE_T4,1,64,137,1851769,1.851769,34561.54628358073
GPUCOND_002,30,STAGE16_XGBOOST_TUNED,GROUP_A_DUPSAFE70,GPU_SINGLE_T4,1,64,138,1799346,1.799346,35568.478769508474
GPUCOND_002,30,STAGE16_XGBOOST_TUNED,GROUP_A_DUPSAFE70,GPU_SINGLE_T4,1,64,139,1847382,1.847382,34643.61999846269
GPUCOND_002,30,STAGE16_XGBOOST_TUNED,GROUP_A_DUPSAFE70,GPU_SINGLE_T4,1,64,140,1881127,1.881127,34022.15799358576
GPUCOND_002,30,STAGE16_XGBOOST_TUNED,GROUP_A_DUPSAFE70,GPU_SINGLE_T4,1,64,141,1830521,1.830521,34962.72372728857
GPUCOND_002,30,STAGE16_XGBOOST_TUNED,GROUP_A_DUPSAFE70,GPU_SINGLE_T4,1,64,142,1828152,1.828152,35008.029966873655
GPUCOND_002,30,STAGE16_XGBOOST_TUNED,GROUP_A_DUPSAFE70,GPU_SINGLE_T4,1,64,143,1824611,1.824611,35075.969617633564
GPUCOND_002,30,STAGE16_XGBOOST_TUNED,GROUP_A_DUPSAFE70,GPU_SINGLE_T4,1,64,144,1813539,1.813539,35290.11507334554
GPUCOND_002,30,STAGE16_XGBOOST_TUNED,GROUP_A_DUPSAFE70,GPU_SINGLE_T4,1,64,145,1805043,1.805043,35456.219048521285
GPUCOND_002,30,STAGE16_XGBOOST_TUNED,GROUP_A_DUPSAFE70,GPU_SINGLE_T4,1,64,146,1826482,1.826482,35040.03871924279
GPUCOND_002,30,STAGE16_XGBOOST_TUNED,GROUP_A_DUPSAFE70,GPU_SINGLE_T4,1,64,147,1833285,1.833285,34910.011263933324
GPUCOND_002,30,STAGE16_XGBOOST_TUNED,GROUP_A_DUPSAFE70,GPU_SINGLE_T4,1,64,148,1807465,1.807465,35408.707775807554
GPUCOND_002,30,STAGE16_XGBOOST_TUNED,GROUP_A_DUPSAFE70,GPU_SINGLE_T4,1,64,149,1824386,1.824386,35080.29550763928
GPUCOND_002,30,STAGE16_XGBOOST_TUNED,GROUP_A_DUPSAFE70,GPU_SINGLE_T4,1,64,150,1800968,1.800968,35536.444845216574
GPUCOND_040,32,FT_BALANCED_SINGLE_RESOURCE_REFERENCE,GROUP_A_DUPSAFE70,GPU_SINGLE_T4,1,8192,1,301286707,301.286707,27190.047916717413
GPUCOND_040,32,FT_BALANCED_SINGLE_RESOURCE_REFERENCE,GROUP_A_DUPSAFE70,GPU_SINGLE_T4,1,8192,2,305515327,305.515327,26813.712033504624
GPUCOND_040,32,FT_BALANCED_SINGLE_RESOURCE_REFERENCE,GROUP_A_DUPSAFE70,GPU_SINGLE_T4,1,8192,3,307252734,307.252734,26662.089848157382
GPUCOND_040,32,FT_BALANCED_SINGLE_RESOURCE_REFERENCE,GROUP_A_DUPSAFE70,GPU_SINGLE_T4,1,8192,4,304604178,304.604178,26893.918703899064
GPUCOND_040,32,FT_BALANCED_SINGLE_RESOURCE_REFERENCE,GROUP_A_DUPSAFE70,GPU_SINGLE_T4,1,8192,5,304726166,304.726166,26883.152528490118
GPUCOND_040,32,FT_BALANCED_SINGLE_RESOURCE_REFERENCE,GROUP_A_DUPSAFE70,GPU_SINGLE_T4,1,8192,6,304910701,304.910701,26866.882576220243
GPUCOND_040,32,FT_BALANCED_SINGLE_RESOURCE_REFERENCE,GROUP_A_DUPSAFE70,GPU_SINGLE_T4,1,8192,7,302699882,302.699882,27063.10932754179
GPUCOND_040,32,FT_BALANCED_SINGLE_RESOURCE_REFERENCE,GROUP_A_DUPSAFE70,GPU_SINGLE_T4,1,8192,8,305189885,305.189885,26842.305078361296
GPUCOND_040,32,FT_BALANCED_SINGLE_RESOURCE_REFERENCE,GROUP_A_DUPSAFE70,GPU_SINGLE_T4,1,8192,9,305113412,305.113412,26849.03277867051
GPUCOND_040,32,FT_BALANCED_SINGLE_RESOURCE_REFERENCE,GROUP_A_DUPSAFE70,GPU_SINGLE_T4,1,8192,10,303225656,303.225656,27016.183617391533
GPUCOND_040,32,FT_BALANCED_SINGLE_RESOURCE_REFERENCE,GROUP_A_DUPSAFE70,GPU_SINGLE_T4,1,8192,11,303935846,303.935846,26953.056402567272
GPUCOND_040,32,FT_BALANCED_SINGLE_RESOURCE_REFERENCE,GROUP_A_DUPSAFE70,GPU_SINGLE_T4,1,8192,12,304448181,304.448181,26907.698949267167
GPUCOND_040,32,FT_BALANCED_SINGLE_RESOURCE_REFERENCE,GROUP_A_DUPSAFE70,GPU_SINGLE_T4,1,8192,13,304391861,304.391861,26912.677537064632
GPUCOND_040,32,FT_BALANCED_SINGLE_RESOURCE_REFERENCE,GROUP_A_DUPSAFE70,GPU_SINGLE_T4,1,8192,14,304054985,304.054985,26942.495285844434
GPUCOND_040,32,FT_BALANCED_SINGLE_RESOURCE_REFERENCE,GROUP_A_DUPSAFE70,GPU_SINGLE_T4,1,8192,15,304002030,304.00203,26947.18847765589
GPUCOND_040,32,FT_BALANCED_SINGLE_RESOURCE_REFERENCE,GROUP_A_DUPSAFE70,GPU_SINGLE_T4,1,8192,16,305507541,305.507541,26814.39539327116
GPUCOND_040,32,FT_BALANCED_SINGLE_RESOURCE_REFERENCE,GROUP_A_DUPSAFE70,GPU_SINGLE_T4,1,8192,17,304684319,304.684319,26886.844806739136
GPUCOND_040,32,FT_BALANCED_SINGLE_RESOURCE_REFERENCE,GROUP_A_DUPSAFE70,GPU_SINGLE_T4,1,8192,18,304131304,304.131304,26935.734310335905
GPUCOND_040,32,FT_BALANCED_SINGLE_RESOURCE_REFERENCE,GROUP_A_DUPSAFE70,GPU_SINGLE_T4,1,8192,19,304301846,304.301846,26920.638529415955
GPUCOND_040,32,FT_BALANCED_SINGLE_RESOURCE_REFERENCE,GROUP_A_DUPSAFE70,GPU_SINGLE_T4,1,8192,20,305159461,305.159461,26844.981221145885
GPUCOND_015,33,STAGE16_CATBOOST_TUNED,GROUP_A_DUPSAFE70,GPU_SINGLE_T4,1,8192,1,10594639,10.594639,773221.2489731836
GPUCOND_015,33,STAGE16_CATBOOST_TUNED,GROUP_A_DUPSAFE70,GPU_SINGLE_T4,1,8192,2,10753024,10.753024,761832.2064565279
GPUCOND_015,33,STAGE16_CATBOOST_TUNED,GROUP_A_DUPSAFE70,GPU_SINGLE_T4,1,8192,3,10626164,10.626164,770927.3073519287
GPUCOND_015,33,STAGE16_CATBOOST_TUNED,GROUP_A_DUPSAFE70,GPU_SINGLE_T4,1,8192,4,10392377,10.392377,788270.0945125452
GPUCOND_015,33,STAGE16_CATBOOST_TUNED,GROUP_A_DUPSAFE70,GPU_SINGLE_T4,1,8192,5,10828475,10.828475,756523.8872509749
GPUCOND_015,33,STAGE16_CATBOOST_TUNED,GROUP_A_DUPSAFE70,GPU_SINGLE_T4,1,8192,6,11105260,11.10526,737668.4562090397
GPUCOND_015,33,STAGE16_CATBOOST_TUNED,GROUP_A_DUPSAFE70,GPU_SINGLE_T4,1,8192,7,10851502,10.851502,754918.535701325
GPUCOND_015,33,STAGE16_CATBOOST_TUNED,GROUP_A_DUPSAFE70,GPU_SINGLE_T4,1,8192,8,10278665,10.278665,796990.6597792612
GPUCOND_015,33,STAGE16_CATBOOST_TUNED,GROUP_A_DUPSAFE70,GPU_SINGLE_T4,1,8192,9,10768969,10.768969,760704.2048314932
GPUCOND_015,33,STAGE16_CATBOOST_TUNED,GROUP_A_DUPSAFE70,GPU_SINGLE_T4,1,8192,10,11063474,11.063474,740454.5805413381
GPUCOND_015,33,STAGE16_CATBOOST_TUNED,GROUP_A_DUPSAFE70,GPU_SINGLE_T4,1,8192,11,10209548,10.209548,802386.1585253334
GPUCOND_015,33,STAGE16_CATBOOST_TUNED,GROUP_A_DUPSAFE70,GPU_SINGLE_T4,1,8192,12,10846166,10.846166,755289.9337885848
GPUCOND_015,33,STAGE16_CATBOOST_TUNED,GROUP_A_DUPSAFE70,GPU_SINGLE_T4,1,8192,13,10423368,10.423368,785926.3915463792
GPUCOND_015,33,STAGE16_CATBOOST_TUNED,GROUP_A_DUPSAFE70,GPU_SINGLE_T4,1,8192,14,11086054,11.086054,738946.4276468435
GPUCOND_015,33,STAGE16_CATBOOST_TUNED,GROUP_A_DUPSAFE70,GPU_SINGLE_T4,1,8192,15,10737261,10.737261,762950.625862592
GPUCOND_015,33,STAGE16_CATBOOST_TUNED,GROUP_A_DUPSAFE70,GPU_SINGLE_T4,1,8192,16,10754767,10.754767,761708.7380879567
GPUCOND_015,33,STAGE16_CATBOOST_TUNED,GROUP_A_DUPSAFE70,GPU_SINGLE_T4,1,8192,17,10805248,10.805248,758150.113722517
GPUCOND_015,33,STAGE16_CATBOOST_TUNED,GROUP_A_DUPSAFE70,GPU_SINGLE_T4,1,8192,18,11196469,11.196469,731659.2400693469
GPUCOND_015,33,STAGE16_CATBOOST_TUNED,GROUP_A_DUPSAFE70,GPU_SINGLE_T4,1,8192,19,10978721,10.978721,746170.7060412592
GPUCOND_015,33,STAGE16_CATBOOST_TUNED,GROUP_A_DUPSAFE70,GPU_SINGLE_T4,1,8192,20,11297241,11.297241,725132.8001234991
GPUCOND_005,34,STAGE16_XGBOOST_TUNED,GROUP_A_DUPSAFE70,GPU_SINGLE_T4,1,8192,1,4557627,4.557627,1797426.5994123695
GPUCOND_005,34,STAGE16_XGBOOST_TUNED,GROUP_A_DUPSAFE70,GPU_SINGLE_T4,1,8192,2,4659742,4.659742,1758037.247555766
GPUCOND_005,34,STAGE16_XGBOOST_TUNED,GROUP_A_DUPSAFE70,GPU_SINGLE_T4,1,8192,3,4531128,4.531128,1807938.3323534448
GPUCOND_005,34,STAGE16_XGBOOST_TUNED,GROUP_A_DUPSAFE70,GPU_SINGLE_T4,1,8192,4,4557868,4.557868,1797331.5594045287
GPUCOND_005,34,STAGE16_XGBOOST_TUNED,GROUP_A_DUPSAFE70,GPU_SINGLE_T4,1,8192,5,4570600,4.5706,1792324.8588806721
GPUCOND_005,34,STAGE16_XGBOOST_TUNED,GROUP_A_DUPSAFE70,GPU_SINGLE_T4,1,8192,6,4555768,4.555768,1798160.0467802575
GPUCOND_005,34,STAGE16_XGBOOST_TUNED,GROUP_A_DUPSAFE70,GPU_SINGLE_T4,1,8192,7,4581353,4.581353,1788118.0515886901
GPUCOND_005,34,STAGE16_XGBOOST_TUNED,GROUP_A_DUPSAFE70,GPU_SINGLE_T4,1,8192,8,4557286,4.557286,1797561.0922816782
GPUCOND_005,34,STAGE16_XGBOOST_TUNED,GROUP_A_DUPSAFE70,GPU_SINGLE_T4,1,8192,9,4573003,4.573003,1791383.0364860902
GPUCOND_005,34,STAGE16_XGBOOST_TUNED,GROUP_A_DUPSAFE70,GPU_SINGLE_T4,1,8192,10,4543959,4.543959,1802833.1681689909
GPUCOND_005,34,STAGE16_XGBOOST_TUNED,GROUP_A_DUPSAFE70,GPU_SINGLE_T4,1,8192,11,4553892,4.553892,1798900.8083634833
GPUCOND_005,34,STAGE16_XGBOOST_TUNED,GROUP_A_DUPSAFE70,GPU_SINGLE_T4,1,8192,12,4551914,4.551914,1799682.5071826929
GPUCOND_005,34,STAGE16_XGBOOST_TUNED,GROUP_A_DUPSAFE70,GPU_SINGLE_T4,1,8192,13,4543710,4.54371,1802931.9652882777
GPUCOND_005,34,STAGE16_XGBOOST_TUNED,GROUP_A_DUPSAFE70,GPU_SINGLE_T4,1,8192,14,4606154,4.606154,1778490.2545594438
GPUCOND_005,34,STAGE16_XGBOOST_TUNED,GROUP_A_DUPSAFE70,GPU_SINGLE_T4,1,8192,15,4571061,4.571061,1792144.0995865073
GPUCOND_005,34,STAGE16_XGBOOST_TUNED,GROUP_A_DUPSAFE70,GPU_SINGLE_T4,1,8192,16,4569072,4.569072,1792924.252452139
GPUCOND_005,34,STAGE16_XGBOOST_TUNED,GROUP_A_DUPSAFE70,GPU_SINGLE_T4,1,8192,17,4513078,4.513078,1815169.1594960247
GPUCOND_005,34,STAGE16_XGBOOST_TUNED,GROUP_A_DUPSAFE70,GPU_SINGLE_T4,1,8192,18,4523011,4.523011,1811182.8602671982
GPUCOND_005,34,STAGE16_XGBOOST_TUNED,GROUP_A_DUPSAFE70,GPU_SINGLE_T4,1,8192,19,4500419,4.500419,1820274.9566207058
GPUCOND_005,34,STAGE16_XGBOOST_TUNED,GROUP_A_DUPSAFE70,GPU_SINGLE_T4,1,8192,20,4540819,4.540819,1804079.8366990625
GPUCOND_030,36,STAGE21_MASKED_VIT_V1,GROUP_B_PACKET_IMAGE,GPU_SINGLE_T4,1,8192,1,508558828,508.558828,16108.264273410667
GPUCOND_030,36,STAGE21_MASKED_VIT_V1,GROUP_B_PACKET_IMAGE,GPU_SINGLE_T4,1,8192,2,509819768,509.819768,16068.42361593166
GPUCOND_030,36,STAGE21_MASKED_VIT_V1,GROUP_B_PACKET_IMAGE,GPU_SINGLE_T4,1,8192,3,509598192,509.598192,16075.410251847989
GPUCOND_030,36,STAGE21_MASKED_VIT_V1,GROUP_B_PACKET_IMAGE,GPU_SINGLE_T4,1,8192,4,509940767,509.940767,16064.610892347033
GPUCOND_030,36,STAGE21_MASKED_VIT_V1,GROUP_B_PACKET_IMAGE,GPU_SINGLE_T4,1,8192,5,512549092,512.549092,15982.859257508937
GPUCOND_030,36,STAGE21_MASKED_VIT_V1,GROUP_B_PACKET_IMAGE,GPU_SINGLE_T4,1,8192,6,511154403,511.154403,16026.468620676245
GPUCOND_030,36,STAGE21_MASKED_VIT_V1,GROUP_B_PACKET_IMAGE,GPU_SINGLE_T4,1,8192,7,511348519,511.348519,16020.384719252506
GPUCOND_030,36,STAGE21_MASKED_VIT_V1,GROUP_B_PACKET_IMAGE,GPU_SINGLE_T4,1,8192,8,514764468,514.764468,15914.074317965551
GPUCOND_030,36,STAGE21_MASKED_VIT_V1,GROUP_B_PACKET_IMAGE,GPU_SINGLE_T4,1,8192,9,513804053,513.804053,15943.821291732784
GPUCOND_030,36,STAGE21_MASKED_VIT_V1,GROUP_B_PACKET_IMAGE,GPU_SINGLE_T4,1,8192,10,514877921,514.877921,15910.567662504216
GPUCOND_030,36,STAGE21_MASKED_VIT_V1,GROUP_B_PACKET_IMAGE,GPU_SINGLE_T4,1,8192,11,516658661,516.658661,15855.729552939789
GPUCOND_030,36,STAGE21_MASKED_VIT_V1,GROUP_B_PACKET_IMAGE,GPU_SINGLE_T4,1,8192,12,516901318,516.901318,15848.286151980754
GPUCOND_030,36,STAGE21_MASKED_VIT_V1,GROUP_B_PACKET_IMAGE,GPU_SINGLE_T4,1,8192,13,520242011,520.242011,15746.517633694139
GPUCOND_030,36,STAGE21_MASKED_VIT_V1,GROUP_B_PACKET_IMAGE,GPU_SINGLE_T4,1,8192,14,517170108,517.170108,15840.049286065852
GPUCOND_030,36,STAGE21_MASKED_VIT_V1,GROUP_B_PACKET_IMAGE,GPU_SINGLE_T4,1,8192,15,518923385,518.923385,15786.530799724896
GPUCOND_030,36,STAGE21_MASKED_VIT_V1,GROUP_B_PACKET_IMAGE,GPU_SINGLE_T4,1,8192,16,520024198,520.024198,15753.113088787457
GPUCOND_030,36,STAGE21_MASKED_VIT_V1,GROUP_B_PACKET_IMAGE,GPU_SINGLE_T4,1,8192,17,522798370,522.79837,15669.52092830741
GPUCOND_030,36,STAGE21_MASKED_VIT_V1,GROUP_B_PACKET_IMAGE,GPU_SINGLE_T4,1,8192,18,520887491,520.887491,15727.00466327766
GPUCOND_030,36,STAGE21_MASKED_VIT_V1,GROUP_B_PACKET_IMAGE,GPU_SINGLE_T4,1,8192,19,521953441,521.953441,15694.886471684358
GPUCOND_030,36,STAGE21_MASKED_VIT_V1,GROUP_B_PACKET_IMAGE,GPU_SINGLE_T4,1,8192,20,522833752,522.833752,15668.460516680645
GPUCOND_011,39,STAGE16_CATBOOST_TUNED,GROUP_A_DUPSAFE70,GPU_SINGLE_T4,1,1,1,1417342,1.417342,705.5460150055527
GPUCOND_011,39,STAGE16_CATBOOST_TUNED,GROUP_A_DUPSAFE70,GPU_SINGLE_T4,1,1,2,1337700,1.3377,747.5517679599312
GPUCOND_011,39,STAGE16_CATBOOST_TUNED,GROUP_A_DUPSAFE70,GPU_SINGLE_T4,1,1,3,1406888,1.406888,710.7886342054236
GPUCOND_011,39,STAGE16_CATBOOST_TUNED,GROUP_A_DUPSAFE70,GPU_SINGLE_T4,1,1,4,1402999,1.402999,712.7588829357683
GPUCOND_011,39,STAGE16_CATBOOST_TUNED,GROUP_A_DUPSAFE70,GPU_SINGLE_T4,1,1,5,1361365,1.361365,734.5568602101567
GPUCOND_011,39,STAGE16_CATBOOST_TUNED,GROUP_A_DUPSAFE70,GPU_SINGLE_T4,1,1,6,1376328,1.376328,726.5709917984666
GPUCOND_011,39,STAGE16_CATBOOST_TUNED,GROUP_A_DUPSAFE70,GPU_SINGLE_T4,1,1,7,1403538,1.403538,712.4851624964911
GPUCOND_011,39,STAGE16_CATBOOST_TUNED,GROUP_A_DUPSAFE70,GPU_SINGLE_T4,1,1,8,1416049,1.416049,706.1902518910009
GPUCOND_011,39,STAGE16_CATBOOST_TUNED,GROUP_A_DUPSAFE70,GPU_SINGLE_T4,1,1,9,1460546,1.460546,684.6754569866338
GPUCOND_011,39,STAGE16_CATBOOST_TUNED,GROUP_A_DUPSAFE70,GPU_SINGLE_T4,1,1,10,1343877,1.343877,744.1157189236812
GPUCOND_011,39,STAGE16_CATBOOST_TUNED,GROUP_A_DUPSAFE70,GPU_SINGLE_T4,1,1,11,1479246,1.479246,676.0200805004712
GPUCOND_011,39,STAGE16_CATBOOST_TUNED,GROUP_A_DUPSAFE70,GPU_SINGLE_T4,1,1,12,1358450,1.35845,736.1330928631896
GPUCOND_011,39,STAGE16_CATBOOST_TUNED,GROUP_A_DUPSAFE70,GPU_SINGLE_T4,1,1,13,1318155,1.318155,758.6361239763154
GPUCOND_011,39,STAGE16_CATBOOST_TUNED,GROUP_A_DUPSAFE70,GPU_SINGLE_T4,1,1,14,1368423,1.368423,730.7681908298823
GPUCOND_011,39,STAGE16_CATBOOST_TUNED,GROUP_A_DUPSAFE70,GPU_SINGLE_T4,1,1,15,1437631,1.437631,695.5887846046726
GPUCOND_011,39,STAGE16_CATBOOST_TUNED,GROUP_A_DUPSAFE70,GPU_SINGLE_T4,1,1,16,1469042,1.469042,680.7157317489902
GPUCOND_011,39,STAGE16_CATBOOST_TUNED,GROUP_A_DUPSAFE70,GPU_SINGLE_T4,1,1,17,1326532,1.326532,753.8453652079256
GPUCOND_011,39,STAGE16_CATBOOST_TUNED,GROUP_A_DUPSAFE70,GPU_SINGLE_T4,1,1,18,1369520,1.36952,730.1828377825808
GPUCOND_011,39,STAGE16_CATBOOST_TUNED,GROUP_A_DUPSAFE70,GPU_SINGLE_T4,1,1,19,1457105,1.457105,686.2923399480477
GPUCOND_011,39,STAGE16_CATBOOST_TUNED,GROUP_A_DUPSAFE70,GPU_SINGLE_T4,1,1,20,1347526,1.347526,742.1007090030174
GPUCOND_011,39,STAGE16_CATBOOST_TUNED,GROUP_A_DUPSAFE70,GPU_SINGLE_T4,1,1,21,1408486,1.408486,709.9822078458714
GPUCOND_011,39,STAGE16_CATBOOST_TUNED,GROUP_A_DUPSAFE70,GPU_SINGLE_T4,1,1,22,1377588,1.377588,725.9064393708423
GPUCOND_011,39,STAGE16_CATBOOST_TUNED,GROUP_A_DUPSAFE70,GPU_SINGLE_T4,1,1,23,1375659,1.375659,726.9243322654814
GPUCOND_011,39,STAGE16_CATBOOST_TUNED,GROUP_A_DUPSAFE70,GPU_SINGLE_T4,1,1,24,1480152,1.480152,675.6062890838239
GPUCOND_011,39,STAGE16_CATBOOST_TUNED,GROUP_A_DUPSAFE70,GPU_SINGLE_T4,1,1,25,1418074,1.418074,705.1818170278843
GPUCOND_011,39,STAGE16_CATBOOST_TUNED,GROUP_A_DUPSAFE70,GPU_SINGLE_T4,1,1,26,1432990,1.43299,697.8415760054153
GPUCOND_011,39,STAGE16_CATBOOST_TUNED,GROUP_A_DUPSAFE70,GPU_SINGLE_T4,1,1,27,1355445,1.355445,737.7650882182604
GPUCOND_011,39,STAGE16_CATBOOST_TUNED,GROUP_A_DUPSAFE70,GPU_SINGLE_T4,1,1,28,1376781,1.376781,726.3319293337139
GPUCOND_011,39,STAGE16_CATBOOST_TUNED,GROUP_A_DUPSAFE70,GPU_SINGLE_T4,1,1,29,1425535,1.425535,701.4910191612272
GPUCOND_011,39,STAGE16_CATBOOST_TUNED,GROUP_A_DUPSAFE70,GPU_SINGLE_T4,1,1,30,1369586,1.369586,730.1476504578756
GPUCOND_011,39,STAGE16_CATBOOST_TUNED,GROUP_A_DUPSAFE70,GPU_SINGLE_T4,1,1,31,1403201,1.403201,712.6562766132578
GPUCOND_011,39,STAGE16_CATBOOST_TUNED,GROUP_A_DUPSAFE70,GPU_SINGLE_T4,1,1,32,1354954,1.354954,738.0324350494556
GPUCOND_011,39,STAGE16_CATBOOST_TUNED,GROUP_A_DUPSAFE70,GPU_SINGLE_T4,1,1,33,1386216,1.386216,721.3882973504851
GPUCOND_011,39,STAGE16_CATBOOST_TUNED,GROUP_A_DUPSAFE70,GPU_SINGLE_T4,1,1,34,1411629,1.411629,708.4014284206403
GPUCOND_011,39,STAGE16_CATBOOST_TUNED,GROUP_A_DUPSAFE70,GPU_SINGLE_T4,1,1,35,1389345,1.389345,719.7636296240315
GPUCOND_011,39,STAGE16_CATBOOST_TUNED,GROUP_A_DUPSAFE70,GPU_SINGLE_T4,1,1,36,1471772,1.471772,679.4530674588184
GPUCOND_011,39,STAGE16_CATBOOST_TUNED,GROUP_A_DUPSAFE70,GPU_SINGLE_T4,1,1,37,1440393,1.440393,694.2549706920264
GPUCOND_011,39,STAGE16_CATBOOST_TUNED,GROUP_A_DUPSAFE70,GPU_SINGLE_T4,1,1,38,1341524,1.341524,745.4208795370042
GPUCOND_011,39,STAGE16_CATBOOST_TUNED,GROUP_A_DUPSAFE70,GPU_SINGLE_T4,1,1,39,1399728,1.399728,714.4245167632569
GPUCOND_011,39,STAGE16_CATBOOST_TUNED,GROUP_A_DUPSAFE70,GPU_SINGLE_T4,1,1,40,1402200,1.4022,713.165026387106
GPUCOND_011,39,STAGE16_CATBOOST_TUNED,GROUP_A_DUPSAFE70,GPU_SINGLE_T4,1,1,41,1466502,1.466502,681.8947400003545
GPUCOND_011,39,STAGE16_CATBOOST_TUNED,GROUP_A_DUPSAFE70,GPU_SINGLE_T4,1,1,42,1388245,1.388245,720.3339468177447
GPUCOND_011,39,STAGE16_CATBOOST_TUNED,GROUP_A_DUPSAFE70,GPU_SINGLE_T4,1,1,43,1428806,1.428806,699.8850788700495
GPUCOND_011,39,STAGE16_CATBOOST_TUNED,GROUP_A_DUPSAFE70,GPU_SINGLE_T4,1,1,44,1349352,1.349352,741.0964670449223
GPUCOND_011,39,STAGE16_CATBOOST_TUNED,GROUP_A_DUPSAFE70,GPU_SINGLE_T4,1,1,45,1346437,1.346437,742.7009210234122
GPUCOND_011,39,STAGE16_CATBOOST_TUNED,GROUP_A_DUPSAFE70,GPU_SINGLE_T4,1,1,46,1431492,1.431492,698.5718397308542
GPUCOND_011,39,STAGE16_CATBOOST_TUNED,GROUP_A_DUPSAFE70,GPU_SINGLE_T4,1,1,47,1386670,1.38667,721.1521126151139
GPUCOND_011,39,STAGE16_CATBOOST_TUNED,GROUP_A_DUPSAFE70,GPU_SINGLE_T4,1,1,48,1400536,1.400536,714.012349557598
GPUCOND_011,39,STAGE16_CATBOOST_TUNED,GROUP_A_DUPSAFE70,GPU_SINGLE_T4,1,1,49,1339194,1.339194,746.7178019017409
GPUCOND_011,39,STAGE16_CATBOOST_TUNED,GROUP_A_DUPSAFE70,GPU_SINGLE_T4,1,1,50,1358241,1.358241,736.2463657038772
GPUCOND_011,39,STAGE16_CATBOOST_TUNED,GROUP_A_DUPSAFE70,GPU_SINGLE_T4,1,1,51,1490875,1.490875,670.7470445208351
GPUCOND_011,39,STAGE16_CATBOOST_TUNED,GROUP_A_DUPSAFE70,GPU_SINGLE_T4,1,1,52,1379862,1.379862,724.7101521746378
GPUCOND_011,39,STAGE16_CATBOOST_TUNED,GROUP_A_DUPSAFE70,GPU_SINGLE_T4,1,1,53,1461946,1.461946,684.0197927967243
GPUCOND_011,39,STAGE16_CATBOOST_TUNED,GROUP_A_DUPSAFE70,GPU_SINGLE_T4,1,1,54,1353560,1.35356,738.7925175093827
GPUCOND_011,39,STAGE16_CATBOOST_TUNED,GROUP_A_DUPSAFE70,GPU_SINGLE_T4,1,1,55,1381843,1.381843,723.6712130104505
GPUCOND_011,39,STAGE16_CATBOOST_TUNED,GROUP_A_DUPSAFE70,GPU_SINGLE_T4,1,1,56,1410258,1.410258,709.0901097529672
GPUCOND_011,39,STAGE16_CATBOOST_TUNED,GROUP_A_DUPSAFE70,GPU_SINGLE_T4,1,1,57,1380241,1.380241,724.5111542114747
GPUCOND_011,39,STAGE16_CATBOOST_TUNED,GROUP_A_DUPSAFE70,GPU_SINGLE_T4,1,1,58,1403751,1.403751,712.37705262543
GPUCOND_011,39,STAGE16_CATBOOST_TUNED,GROUP_A_DUPSAFE70,GPU_SINGLE_T4,1,1,59,1363047,1.363047,733.6504170435795
GPUCOND_011,39,STAGE16_CATBOOST_TUNED,GROUP_A_DUPSAFE70,GPU_SINGLE_T4,1,1,60,1395571,1.395571,716.5525795534587
GPUCOND_011,39,STAGE16_CATBOOST_TUNED,GROUP_A_DUPSAFE70,GPU_SINGLE_T4,1,1,61,1432152,1.432152,698.2499064345126
GPUCOND_011,39,STAGE16_CATBOOST_TUNED,GROUP_A_DUPSAFE70,GPU_SINGLE_T4,1,1,62,1361032,1.361032,734.7365822405351
GPUCOND_011,39,STAGE16_CATBOOST_TUNED,GROUP_A_DUPSAFE70,GPU_SINGLE_T4,1,1,63,1405491,1.405491,711.495128748601
GPUCOND_011,39,STAGE16_CATBOOST_TUNED,GROUP_A_DUPSAFE70,GPU_SINGLE_T4,1,1,64,1352468,1.352468,739.3890280583348
GPUCOND_011,39,STAGE16_CATBOOST_TUNED,GROUP_A_DUPSAFE70,GPU_SINGLE_T4,1,1,65,1370296,1.370296,729.7693345087484
GPUCOND_011,39,STAGE16_CATBOOST_TUNED,GROUP_A_DUPSAFE70,GPU_SINGLE_T4,1,1,66,1431036,1.431036,698.7944398324012
GPUCOND_011,39,STAGE16_CATBOOST_TUNED,GROUP_A_DUPSAFE70,GPU_SINGLE_T4,1,1,67,1352010,1.35201,739.6394997078424
GPUCOND_011,39,STAGE16_CATBOOST_TUNED,GROUP_A_DUPSAFE70,GPU_SINGLE_T4,1,1,68,1478399,1.478399,676.4073839335659
GPUCOND_011,39,STAGE16_CATBOOST_TUNED,GROUP_A_DUPSAFE70,GPU_SINGLE_T4,1,1,69,1395703,1.395703,716.4848108802518
GPUCOND_011,39,STAGE16_CATBOOST_TUNED,GROUP_A_DUPSAFE70,GPU_SINGLE_T4,1,1,70,1374816,1.374816,727.370062612015
GPUCOND_011,39,STAGE16_CATBOOST_TUNED,GROUP_A_DUPSAFE70,GPU_SINGLE_T4,1,1,71,1418766,1.418766,704.8378661456505
GPUCOND_011,39,STAGE16_CATBOOST_TUNED,GROUP_A_DUPSAFE70,GPU_SINGLE_T4,1,1,72,1369075,1.369075,730.4201742052115
GPUCOND_011,39,STAGE16_CATBOOST_TUNED,GROUP_A_DUPSAFE70,GPU_SINGLE_T4,1,1,73,1440959,1.440959,693.9822715288915
GPUCOND_011,39,STAGE16_CATBOOST_TUNED,GROUP_A_DUPSAFE70,GPU_SINGLE_T4,1,1,74,1413251,1.413251,707.5883901727294
GPUCOND_011,39,STAGE16_CATBOOST_TUNED,GROUP_A_DUPSAFE70,GPU_SINGLE_T4,1,1,75,1386725,1.386725,721.1235104292488
GPUCOND_011,39,STAGE16_CATBOOST_TUNED,GROUP_A_DUPSAFE70,GPU_SINGLE_T4,1,1,76,1472121,1.472121,679.2919875472193
GPUCOND_011,39,STAGE16_CATBOOST_TUNED,GROUP_A_DUPSAFE70,GPU_SINGLE_T4,1,1,77,1374991,1.374991,727.2774876344645
GPUCOND_011,39,STAGE16_CATBOOST_TUNED,GROUP_A_DUPSAFE70,GPU_SINGLE_T4,1,1,78,1432304,1.432304,698.1758062534211
GPUCOND_011,39,STAGE16_CATBOOST_TUNED,GROUP_A_DUPSAFE70,GPU_SINGLE_T4,1,1,79,1387371,1.387371,720.7877344992796
GPUCOND_011,39,STAGE16_CATBOOST_TUNED,GROUP_A_DUPSAFE70,GPU_SINGLE_T4,1,1,80,1393585,1.393585,717.573739671423
GPUCOND_011,39,STAGE16_CATBOOST_TUNED,GROUP_A_DUPSAFE70,GPU_SINGLE_T4,1,1,81,1407508,1.407508,710.4755354854111
GPUCOND_011,39,STAGE16_CATBOOST_TUNED,GROUP_A_DUPSAFE70,GPU_SINGLE_T4,1,1,82,1380731,1.380731,724.2540364488086
GPUCOND_011,39,STAGE16_CATBOOST_TUNED,GROUP_A_DUPSAFE70,GPU_SINGLE_T4,1,1,83,1446000,1.446,691.5629322268327
GPUCOND_011,39,STAGE16_CATBOOST_TUNED,GROUP_A_DUPSAFE70,GPU_SINGLE_T4,1,1,84,1346902,1.346902,742.4445134092904
GPUCOND_011,39,STAGE16_CATBOOST_TUNED,GROUP_A_DUPSAFE70,GPU_SINGLE_T4,1,1,85,1375790,1.37579,726.8551159697338
GPUCOND_011,39,STAGE16_CATBOOST_TUNED,GROUP_A_DUPSAFE70,GPU_SINGLE_T4,1,1,86,1409604,1.409604,709.4190992647581
GPUCOND_011,39,STAGE16_CATBOOST_TUNED,GROUP_A_DUPSAFE70,GPU_SINGLE_T4,1,1,87,1363506,1.363506,733.4034467028381
GPUCOND_011,39,STAGE16_CATBOOST_TUNED,GROUP_A_DUPSAFE70,GPU_SINGLE_T4,1,1,88,1439994,1.439994,694.4473379750193
GPUCOND_011,39,STAGE16_CATBOOST_TUNED,GROUP_A_DUPSAFE70,GPU_SINGLE_T4,1,1,89,1366104,1.366104,732.0086904071725
GPUCOND_011,39,STAGE16_CATBOOST_TUNED,GROUP_A_DUPSAFE70,GPU_SINGLE_T4,1,1,90,1393503,1.393503,717.6159649458954
GPUCOND_011,39,STAGE16_CATBOOST_TUNED,GROUP_A_DUPSAFE70,GPU_SINGLE_T4,1,1,91,1366251,1.366251,731.9299308838566
GPUCOND_011,39,STAGE16_CATBOOST_TUNED,GROUP_A_DUPSAFE70,GPU_SINGLE_T4,1,1,92,1369935,1.369935,729.9616405157909
GPUCOND_011,39,STAGE16_CATBOOST_TUNED,GROUP_A_DUPSAFE70,GPU_SINGLE_T4,1,1,93,1472846,1.472846,678.9576099605797
GPUCOND_011,39,STAGE16_CATBOOST_TUNED,GROUP_A_DUPSAFE70,GPU_SINGLE_T4,1,1,94,1343368,1.343368,744.3976631868558
GPUCOND_011,39,STAGE16_CATBOOST_TUNED,GROUP_A_DUPSAFE70,GPU_SINGLE_T4,1,1,95,1387588,1.387588,720.6750130442177
GPUCOND_011,39,STAGE16_CATBOOST_TUNED,GROUP_A_DUPSAFE70,GPU_SINGLE_T4,1,1,96,1370883,1.370883,729.4568537212876
GPUCOND_011,39,STAGE16_CATBOOST_TUNED,GROUP_A_DUPSAFE70,GPU_SINGLE_T4,1,1,97,1395775,1.395775,716.4478515520052
GPUCOND_011,39,STAGE16_CATBOOST_TUNED,GROUP_A_DUPSAFE70,GPU_SINGLE_T4,1,1,98,1486746,1.486746,672.6098472772081
GPUCOND_011,39,STAGE16_CATBOOST_TUNED,GROUP_A_DUPSAFE70,GPU_SINGLE_T4,1,1,99,1357424,1.357424,736.6894942184608
GPUCOND_011,39,STAGE16_CATBOOST_TUNED,GROUP_A_DUPSAFE70,GPU_SINGLE_T4,1,1,100,1400574,1.400574,713.9929771650766
GPUCOND_011,39,STAGE16_CATBOOST_TUNED,GROUP_A_DUPSAFE70,GPU_SINGLE_T4,1,1,101,1432117,1.432117,698.2669712041684
GPUCOND_011,39,STAGE16_CATBOOST_TUNED,GROUP_A_DUPSAFE70,GPU_SINGLE_T4,1,1,102,1418955,1.418955,704.7439841291655
GPUCOND_011,39,STAGE16_CATBOOST_TUNED,GROUP_A_DUPSAFE70,GPU_SINGLE_T4,1,1,103,1402512,1.402512,713.006377129037
GPUCOND_011,39,STAGE16_CATBOOST_TUNED,GROUP_A_DUPSAFE70,GPU_SINGLE_T4,1,1,104,1408883,1.408883,709.7821465657546
GPUCOND_011,39,STAGE16_CATBOOST_TUNED,GROUP_A_DUPSAFE70,GPU_SINGLE_T4,1,1,105,1449046,1.449046,690.1092166846325
GPUCOND_011,39,STAGE16_CATBOOST_TUNED,GROUP_A_DUPSAFE70,GPU_SINGLE_T4,1,1,106,1372355,1.372355,728.674431907196
GPUCOND_011,39,STAGE16_CATBOOST_TUNED,GROUP_A_DUPSAFE70,GPU_SINGLE_T4,1,1,107,1430249,1.430249,699.1789541541368
GPUCOND_011,39,STAGE16_CATBOOST_TUNED,GROUP_A_DUPSAFE70,GPU_SINGLE_T4,1,1,108,1369768,1.369768,730.0506363121347
GPUCOND_011,39,STAGE16_CATBOOST_TUNED,GROUP_A_DUPSAFE70,GPU_SINGLE_T4,1,1,109,1320856,1.320856,757.0847995542284
GPUCOND_011,39,STAGE16_CATBOOST_TUNED,GROUP_A_DUPSAFE70,GPU_SINGLE_T4,1,1,110,1371587,1.371587,729.0824424553455
GPUCOND_011,39,STAGE16_CATBOOST_TUNED,GROUP_A_DUPSAFE70,GPU_SINGLE_T4,1,1,111,1343410,1.34341,744.3743905434677
GPUCOND_011,39,STAGE16_CATBOOST_TUNED,GROUP_A_DUPSAFE70,GPU_SINGLE_T4,1,1,112,1371602,1.371602,729.0744691244253
GPUCOND_011,39,STAGE16_CATBOOST_TUNED,GROUP_A_DUPSAFE70,GPU_SINGLE_T4,1,1,113,1396738,1.396738,715.9538868420562
GPUCOND_011,39,STAGE16_CATBOOST_TUNED,GROUP_A_DUPSAFE70,GPU_SINGLE_T4,1,1,114,1379499,1.379499,724.9008516860107
GPUCOND_011,39,STAGE16_CATBOOST_TUNED,GROUP_A_DUPSAFE70,GPU_SINGLE_T4,1,1,115,1385145,1.385145,721.9460778474456
GPUCOND_011,39,STAGE16_CATBOOST_TUNED,GROUP_A_DUPSAFE70,GPU_SINGLE_T4,1,1,116,1369247,1.369247,730.3284213878139
GPUCOND_011,39,STAGE16_CATBOOST_TUNED,GROUP_A_DUPSAFE70,GPU_SINGLE_T4,1,1,117,1359671,1.359671,735.4720369854178
GPUCOND_011,39,STAGE16_CATBOOST_TUNED,GROUP_A_DUPSAFE70,GPU_SINGLE_T4,1,1,118,1389568,1.389568,719.6481208548269
GPUCOND_011,39,STAGE16_CATBOOST_TUNED,GROUP_A_DUPSAFE70,GPU_SINGLE_T4,1,1,119,1363440,1.36344,733.4389485419234
GPUCOND_011,39,STAGE16_CATBOOST_TUNED,GROUP_A_DUPSAFE70,GPU_SINGLE_T4,1,1,120,1358695,1.358695,736.0003532801695
GPUCOND_011,39,STAGE16_CATBOOST_TUNED,GROUP_A_DUPSAFE70,GPU_SINGLE_T4,1,1,121,1450898,1.450898,689.2283261814407
GPUCOND_011,39,STAGE16_CATBOOST_TUNED,GROUP_A_DUPSAFE70,GPU_SINGLE_T4,1,1,122,1397954,1.397954,715.3311196219618
GPUCOND_011,39,STAGE16_CATBOOST_TUNED,GROUP_A_DUPSAFE70,GPU_SINGLE_T4,1,1,123,1513468,1.513468,660.7341549342306
GPUCOND_011,39,STAGE16_CATBOOST_TUNED,GROUP_A_DUPSAFE70,GPU_SINGLE_T4,1,1,124,1362197,1.362197,734.1082090182257
GPUCOND_011,39,STAGE16_CATBOOST_TUNED,GROUP_A_DUPSAFE70,GPU_SINGLE_T4,1,1,125,1388668,1.388668,720.1145270143763
GPUCOND_011,39,STAGE16_CATBOOST_TUNED,GROUP_A_DUPSAFE70,GPU_SINGLE_T4,1,1,126,1412407,1.412407,708.0112177297337
GPUCOND_011,39,STAGE16_CATBOOST_TUNED,GROUP_A_DUPSAFE70,GPU_SINGLE_T4,1,1,127,1343840,1.34384,744.1362066912727
GPUCOND_011,39,STAGE16_CATBOOST_TUNED,GROUP_A_DUPSAFE70,GPU_SINGLE_T4,1,1,128,1361922,1.361922,734.2564405303681
GPUCOND_011,39,STAGE16_CATBOOST_TUNED,GROUP_A_DUPSAFE70,GPU_SINGLE_T4,1,1,129,1384893,1.384893,722.0774456943604
GPUCOND_011,39,STAGE16_CATBOOST_TUNED,GROUP_A_DUPSAFE70,GPU_SINGLE_T4,1,1,130,1355278,1.355278,737.8559970721874
GPUCOND_011,39,STAGE16_CATBOOST_TUNED,GROUP_A_DUPSAFE70,GPU_SINGLE_T4,1,1,131,1445876,1.445876,691.6222414646899
GPUCOND_011,39,STAGE16_CATBOOST_TUNED,GROUP_A_DUPSAFE70,GPU_SINGLE_T4,1,1,132,1285853,1.285853,777.6938732498971
GPUCOND_011,39,STAGE16_CATBOOST_TUNED,GROUP_A_DUPSAFE70,GPU_SINGLE_T4,1,1,133,1744562,1.744562,573.2097798759803
GPUCOND_011,39,STAGE16_CATBOOST_TUNED,GROUP_A_DUPSAFE70,GPU_SINGLE_T4,1,1,134,1255162,1.255162,796.7099067690067
GPUCOND_011,39,STAGE16_CATBOOST_TUNED,GROUP_A_DUPSAFE70,GPU_SINGLE_T4,1,1,135,1337052,1.337052,747.9140676652816
GPUCOND_011,39,STAGE16_CATBOOST_TUNED,GROUP_A_DUPSAFE70,GPU_SINGLE_T4,1,1,136,1412363,1.412363,708.0332747317793
GPUCOND_011,39,STAGE16_CATBOOST_TUNED,GROUP_A_DUPSAFE70,GPU_SINGLE_T4,1,1,137,1342385,1.342385,744.9427697717123
GPUCOND_011,39,STAGE16_CATBOOST_TUNED,GROUP_A_DUPSAFE70,GPU_SINGLE_T4,1,1,138,1387351,1.387351,720.7981253482355
GPUCOND_011,39,STAGE16_CATBOOST_TUNED,GROUP_A_DUPSAFE70,GPU_SINGLE_T4,1,1,139,1358270,1.35827,736.2306463368844
GPUCOND_011,39,STAGE16_CATBOOST_TUNED,GROUP_A_DUPSAFE70,GPU_SINGLE_T4,1,1,140,1277645,1.277645,782.6900273550165
GPUCOND_011,39,STAGE16_CATBOOST_TUNED,GROUP_A_DUPSAFE70,GPU_SINGLE_T4,1,1,141,1412770,1.41277,707.8292998860395
GPUCOND_011,39,STAGE16_CATBOOST_TUNED,GROUP_A_DUPSAFE70,GPU_SINGLE_T4,1,1,142,1349828,1.349828,740.8351286237951
GPUCOND_011,39,STAGE16_CATBOOST_TUNED,GROUP_A_DUPSAFE70,GPU_SINGLE_T4,1,1,143,1278669,1.278669,782.0632235551186
GPUCOND_011,39,STAGE16_CATBOOST_TUNED,GROUP_A_DUPSAFE70,GPU_SINGLE_T4,1,1,144,1334448,1.334448,749.3735237341582
GPUCOND_011,39,STAGE16_CATBOOST_TUNED,GROUP_A_DUPSAFE70,GPU_SINGLE_T4,1,1,145,1356233,1.356233,737.3364311294594
GPUCOND_011,39,STAGE16_CATBOOST_TUNED,GROUP_A_DUPSAFE70,GPU_SINGLE_T4,1,1,146,1283522,1.283522,779.106240485165
GPUCOND_011,39,STAGE16_CATBOOST_TUNED,GROUP_A_DUPSAFE70,GPU_SINGLE_T4,1,1,147,1267280,1.26728,789.0915977526671
GPUCOND_011,39,STAGE16_CATBOOST_TUNED,GROUP_A_DUPSAFE70,GPU_SINGLE_T4,1,1,148,1342322,1.342322,744.9777326155721
GPUCOND_011,39,STAGE16_CATBOOST_TUNED,GROUP_A_DUPSAFE70,GPU_SINGLE_T4,1,1,149,1278191,1.278191,782.3556886255653
GPUCOND_011,39,STAGE16_CATBOOST_TUNED,GROUP_A_DUPSAFE70,GPU_SINGLE_T4,1,1,150,1819511,1.819511,549.5982162240294
GPUCOND_011,39,STAGE16_CATBOOST_TUNED,GROUP_A_DUPSAFE70,GPU_SINGLE_T4,1,1,151,1346115,1.346115,742.8785802104575
GPUCOND_011,39,STAGE16_CATBOOST_TUNED,GROUP_A_DUPSAFE70,GPU_SINGLE_T4,1,1,152,1363833,1.363833,733.2276019131375
GPUCOND_011,39,STAGE16_CATBOOST_TUNED,GROUP_A_DUPSAFE70,GPU_SINGLE_T4,1,1,153,1573737,1.573737,635.4301894153851
GPUCOND_011,39,STAGE16_CATBOOST_TUNED,GROUP_A_DUPSAFE70,GPU_SINGLE_T4,1,1,154,1446780,1.44678,691.190091098854
GPUCOND_011,39,STAGE16_CATBOOST_TUNED,GROUP_A_DUPSAFE70,GPU_SINGLE_T4,1,1,155,1242225,1.242225,805.0071444384068
GPUCOND_011,39,STAGE16_CATBOOST_TUNED,GROUP_A_DUPSAFE70,GPU_SINGLE_T4,1,1,156,1163354,1.163354,859.5835833288921
GPUCOND_011,39,STAGE16_CATBOOST_TUNED,GROUP_A_DUPSAFE70,GPU_SINGLE_T4,1,1,157,1237207,1.237207,808.2721808072538
GPUCOND_011,39,STAGE16_CATBOOST_TUNED,GROUP_A_DUPSAFE70,GPU_SINGLE_T4,1,1,158,2161419,2.161419,462.65902168899225
GPUCOND_011,39,STAGE16_CATBOOST_TUNED,GROUP_A_DUPSAFE70,GPU_SINGLE_T4,1,1,159,1357976,1.357976,736.3900392937725
GPUCOND_011,39,STAGE16_CATBOOST_TUNED,GROUP_A_DUPSAFE70,GPU_SINGLE_T4,1,1,160,1251615,1.251615,798.967733688075
GPUCOND_011,39,STAGE16_CATBOOST_TUNED,GROUP_A_DUPSAFE70,GPU_SINGLE_T4,1,1,161,962968,0.962968,1038.4561065372889
GPUCOND_011,39,STAGE16_CATBOOST_TUNED,GROUP_A_DUPSAFE70,GPU_SINGLE_T4,1,1,162,1094956,1.094956,913.2787070896
GPUCOND_011,39,STAGE16_CATBOOST_TUNED,GROUP_A_DUPSAFE70,GPU_SINGLE_T4,1,1,163,1339602,1.339602,746.4903754995887
GPUCOND_011,39,STAGE16_CATBOOST_TUNED,GROUP_A_DUPSAFE70,GPU_SINGLE_T4,1,1,164,1022161,1.022161,978.319462393889
GPUCOND_011,39,STAGE16_CATBOOST_TUNED,GROUP_A_DUPSAFE70,GPU_SINGLE_T4,1,1,165,1050915,1.050915,951.5517430049052
GPUCOND_011,39,STAGE16_CATBOOST_TUNED,GROUP_A_DUPSAFE70,GPU_SINGLE_T4,1,1,166,1448895,1.448895,690.1811380396786
GPUCOND_011,39,STAGE16_CATBOOST_TUNED,GROUP_A_DUPSAFE70,GPU_SINGLE_T4,1,1,167,1322610,1.32261,756.0807796705
GPUCOND_011,39,STAGE16_CATBOOST_TUNED,GROUP_A_DUPSAFE70,GPU_SINGLE_T4,1,1,168,1327139,1.327139,753.5005752976892
GPUCOND_011,39,STAGE16_CATBOOST_TUNED,GROUP_A_DUPSAFE70,GPU_SINGLE_T4,1,1,169,1239961,1.239961,806.4769779049502
GPUCOND_011,39,STAGE16_CATBOOST_TUNED,GROUP_A_DUPSAFE70,GPU_SINGLE_T4,1,1,170,1268194,1.268194,788.5228916080663
GPUCOND_011,39,STAGE16_CATBOOST_TUNED,GROUP_A_DUPSAFE70,GPU_SINGLE_T4,1,1,171,1557917,1.557917,641.8827190408732
GPUCOND_011,39,STAGE16_CATBOOST_TUNED,GROUP_A_DUPSAFE70,GPU_SINGLE_T4,1,1,172,1278909,1.278909,781.9164616090746
GPUCOND_011,39,STAGE16_CATBOOST_TUNED,GROUP_A_DUPSAFE70,GPU_SINGLE_T4,1,1,173,1236407,1.236407,808.7951621108583
GPUCOND_011,39,STAGE16_CATBOOST_TUNED,GROUP_A_DUPSAFE70,GPU_SINGLE_T4,1,1,174,1317059,1.317059,759.2674284143687
GPUCOND_011,39,STAGE16_CATBOOST_TUNED,GROUP_A_DUPSAFE70,GPU_SINGLE_T4,1,1,175,1238002,1.238002,807.7531377170635
GPUCOND_011,39,STAGE16_CATBOOST_TUNED,GROUP_A_DUPSAFE70,GPU_SINGLE_T4,1,1,176,1154501,1.154501,866.175083434315
GPUCOND_011,39,STAGE16_CATBOOST_TUNED,GROUP_A_DUPSAFE70,GPU_SINGLE_T4,1,1,177,1164255,1.164255,858.9183641040837
GPUCOND_011,39,STAGE16_CATBOOST_TUNED,GROUP_A_DUPSAFE70,GPU_SINGLE_T4,1,1,178,1241516,1.241516,805.4668647041198
GPUCOND_011,39,STAGE16_CATBOOST_TUNED,GROUP_A_DUPSAFE70,GPU_SINGLE_T4,1,1,179,1187549,1.187549,842.0705166692069
GPUCOND_011,39,STAGE16_CATBOOST_TUNED,GROUP_A_DUPSAFE70,GPU_SINGLE_T4,1,1,180,1208910,1.20891,827.1914369142451
GPUCOND_011,39,STAGE16_CATBOOST_TUNED,GROUP_A_DUPSAFE70,GPU_SINGLE_T4,1,1,181,1159829,1.159829,862.1960651095981
GPUCOND_011,39,STAGE16_CATBOOST_TUNED,GROUP_A_DUPSAFE70,GPU_SINGLE_T4,1,1,182,1220396,1.220396,819.4061599677482
GPUCOND_011,39,STAGE16_CATBOOST_TUNED,GROUP_A_DUPSAFE70,GPU_SINGLE_T4,1,1,183,1211661,1.211661,825.3133508464826
GPUCOND_011,39,STAGE16_CATBOOST_TUNED,GROUP_A_DUPSAFE70,GPU_SINGLE_T4,1,1,184,1238025,1.238025,807.7381312978332
GPUCOND_011,39,STAGE16_CATBOOST_TUNED,GROUP_A_DUPSAFE70,GPU_SINGLE_T4,1,1,185,1128256,1.128256,886.3236712235521
GPUCOND_011,39,STAGE16_CATBOOST_TUNED,GROUP_A_DUPSAFE70,GPU_SINGLE_T4,1,1,186,1161640,1.16164,860.8518990392893
GPUCOND_011,39,STAGE16_CATBOOST_TUNED,GROUP_A_DUPSAFE70,GPU_SINGLE_T4,1,1,187,1163383,1.163383,859.5621562288601
GPUCOND_011,39,STAGE16_CATBOOST_TUNED,GROUP_A_DUPSAFE70,GPU_SINGLE_T4,1,1,188,1284580,1.28458,778.4645565087421
GPUCOND_011,39,STAGE16_CATBOOST_TUNED,GROUP_A_DUPSAFE70,GPU_SINGLE_T4,1,1,189,1302688,1.302688,767.6435186322435
GPUCOND_011,39,STAGE16_CATBOOST_TUNED,GROUP_A_DUPSAFE70,GPU_SINGLE_T4,1,1,190,1244185,1.244185,803.7389937991537
GPUCOND_011,39,STAGE16_CATBOOST_TUNED,GROUP_A_DUPSAFE70,GPU_SINGLE_T4,1,1,191,1279990,1.27999,781.2561035633091
GPUCOND_011,39,STAGE16_CATBOOST_TUNED,GROUP_A_DUPSAFE70,GPU_SINGLE_T4,1,1,192,1026112,1.026112,974.552485498659
GPUCOND_011,39,STAGE16_CATBOOST_TUNED,GROUP_A_DUPSAFE70,GPU_SINGLE_T4,1,1,193,1033008,1.033008,968.0467140622338
GPUCOND_011,39,STAGE16_CATBOOST_TUNED,GROUP_A_DUPSAFE70,GPU_SINGLE_T4,1,1,194,1015902,1.015902,984.3469153520714
GPUCOND_011,39,STAGE16_CATBOOST_TUNED,GROUP_A_DUPSAFE70,GPU_SINGLE_T4,1,1,195,1119993,1.119993,892.8627232491632
GPUCOND_011,39,STAGE16_CATBOOST_TUNED,GROUP_A_DUPSAFE70,GPU_SINGLE_T4,1,1,196,1019597,1.019597,980.7796609837023
GPUCOND_011,39,STAGE16_CATBOOST_TUNED,GROUP_A_DUPSAFE70,GPU_SINGLE_T4,1,1,197,977013,0.977013,1023.5278343276906
GPUCOND_011,39,STAGE16_CATBOOST_TUNED,GROUP_A_DUPSAFE70,GPU_SINGLE_T4,1,1,198,925468,0.925468,1080.5343890874672
GPUCOND_011,39,STAGE16_CATBOOST_TUNED,GROUP_A_DUPSAFE70,GPU_SINGLE_T4,1,1,199,945228,0.945228,1057.945807783942
GPUCOND_011,39,STAGE16_CATBOOST_TUNED,GROUP_A_DUPSAFE70,GPU_SINGLE_T4,1,1,200,957131,0.957131,1044.7890623122644
GPUCOND_028,40,STAGE21_MASKED_VIT_V1,GROUP_B_PACKET_IMAGE,GPU_SINGLE_T4,1,256,1,15892473,15.892473,16108.254517720432
GPUCOND_028,40,STAGE21_MASKED_VIT_V1,GROUP_B_PACKET_IMAGE,GPU_SINGLE_T4,1,256,2,15945899,15.945899,16054.284553037744
GPUCOND_028,40,STAGE21_MASKED_VIT_V1,GROUP_B_PACKET_IMAGE,GPU_SINGLE_T4,1,256,3,16095234,16.095234,15905.329490705137
GPUCOND_028,40,STAGE21_MASKED_VIT_V1,GROUP_B_PACKET_IMAGE,GPU_SINGLE_T4,1,256,4,15902350,15.90235,16098.2496297717
GPUCOND_028,40,STAGE21_MASKED_VIT_V1,GROUP_B_PACKET_IMAGE,GPU_SINGLE_T4,1,256,5,15897767,15.897767,16102.89042479991
GPUCOND_028,40,STAGE21_MASKED_VIT_V1,GROUP_B_PACKET_IMAGE,GPU_SINGLE_T4,1,256,6,15903549,15.903549,16097.035950906304
GPUCOND_028,40,STAGE21_MASKED_VIT_V1,GROUP_B_PACKET_IMAGE,GPU_SINGLE_T4,1,256,7,15899770,15.89977,16100.861836366186
GPUCOND_028,40,STAGE21_MASKED_VIT_V1,GROUP_B_PACKET_IMAGE,GPU_SINGLE_T4,1,256,8,15874407,15.874407,16126.586649819423
GPUCOND_028,40,STAGE21_MASKED_VIT_V1,GROUP_B_PACKET_IMAGE,GPU_SINGLE_T4,1,256,9,15849093,15.849093,16152.343859677017
GPUCOND_028,40,STAGE21_MASKED_VIT_V1,GROUP_B_PACKET_IMAGE,GPU_SINGLE_T4,1,256,10,15840356,15.840356,16161.252941537425
GPUCOND_028,40,STAGE21_MASKED_VIT_V1,GROUP_B_PACKET_IMAGE,GPU_SINGLE_T4,1,256,11,15848861,15.848861,16152.580302142847
GPUCOND_028,40,STAGE21_MASKED_VIT_V1,GROUP_B_PACKET_IMAGE,GPU_SINGLE_T4,1,256,12,15846540,15.84654,16154.946127040981
GPUCOND_028,40,STAGE21_MASKED_VIT_V1,GROUP_B_PACKET_IMAGE,GPU_SINGLE_T4,1,256,13,15867428,15.867428,16133.679636044355
GPUCOND_028,40,STAGE21_MASKED_VIT_V1,GROUP_B_PACKET_IMAGE,GPU_SINGLE_T4,1,256,14,15919741,15.919741,16080.66362386172
GPUCOND_028,40,STAGE21_MASKED_VIT_V1,GROUP_B_PACKET_IMAGE,GPU_SINGLE_T4,1,256,15,15882722,15.882722,16118.143980609873
GPUCOND_028,40,STAGE21_MASKED_VIT_V1,GROUP_B_PACKET_IMAGE,GPU_SINGLE_T4,1,256,16,15836112,15.836112,16165.584077707963
GPUCOND_028,40,STAGE21_MASKED_VIT_V1,GROUP_B_PACKET_IMAGE,GPU_SINGLE_T4,1,256,17,15852162,15.852162,16149.21674406305
GPUCOND_028,40,STAGE21_MASKED_VIT_V1,GROUP_B_PACKET_IMAGE,GPU_SINGLE_T4,1,256,18,15856305,15.856305,16144.997210888665
GPUCOND_028,40,STAGE21_MASKED_VIT_V1,GROUP_B_PACKET_IMAGE,GPU_SINGLE_T4,1,256,19,15891847,15.891847,16108.889042286903
GPUCOND_028,40,STAGE21_MASKED_VIT_V1,GROUP_B_PACKET_IMAGE,GPU_SINGLE_T4,1,256,20,15885215,15.885215,16115.614425111653
GPUCOND_028,40,STAGE21_MASKED_VIT_V1,GROUP_B_PACKET_IMAGE,GPU_SINGLE_T4,1,256,21,15892701,15.892701,16108.023425344754
GPUCOND_028,40,STAGE21_MASKED_VIT_V1,GROUP_B_PACKET_IMAGE,GPU_SINGLE_T4,1,256,22,15919270,15.91927,16081.139398979978
GPUCOND_028,40,STAGE21_MASKED_VIT_V1,GROUP_B_PACKET_IMAGE,GPU_SINGLE_T4,1,256,23,15862559,15.862559,16138.631856310196
GPUCOND_028,40,STAGE21_MASKED_VIT_V1,GROUP_B_PACKET_IMAGE,GPU_SINGLE_T4,1,256,24,15855150,15.85515,16146.17332538639
GPUCOND_028,40,STAGE21_MASKED_VIT_V1,GROUP_B_PACKET_IMAGE,GPU_SINGLE_T4,1,256,25,15795167,15.795167,16207.489290869797
GPUCOND_028,40,STAGE21_MASKED_VIT_V1,GROUP_B_PACKET_IMAGE,GPU_SINGLE_T4,1,256,26,15762165,15.762165,16241.423687672346
GPUCOND_028,40,STAGE21_MASKED_VIT_V1,GROUP_B_PACKET_IMAGE,GPU_SINGLE_T4,1,256,27,15877420,15.87742,16123.526366374386
GPUCOND_028,40,STAGE21_MASKED_VIT_V1,GROUP_B_PACKET_IMAGE,GPU_SINGLE_T4,1,256,28,15881492,15.881492,16119.392308984572
GPUCOND_028,40,STAGE21_MASKED_VIT_V1,GROUP_B_PACKET_IMAGE,GPU_SINGLE_T4,1,256,29,15909727,15.909727,16090.78521586197
GPUCOND_028,40,STAGE21_MASKED_VIT_V1,GROUP_B_PACKET_IMAGE,GPU_SINGLE_T4,1,256,30,15908548,15.908548,16091.977721662593
GPUCOND_028,40,STAGE21_MASKED_VIT_V1,GROUP_B_PACKET_IMAGE,GPU_SINGLE_T4,1,256,31,15910058,15.910058,16090.450455931714
GPUCOND_028,40,STAGE21_MASKED_VIT_V1,GROUP_B_PACKET_IMAGE,GPU_SINGLE_T4,1,256,32,16056732,16.056732,15943.46844675492
GPUCOND_028,40,STAGE21_MASKED_VIT_V1,GROUP_B_PACKET_IMAGE,GPU_SINGLE_T4,1,256,33,16109843,16.109843,15890.905951100827
GPUCOND_028,40,STAGE21_MASKED_VIT_V1,GROUP_B_PACKET_IMAGE,GPU_SINGLE_T4,1,256,34,15960449,15.960449,16039.649009874347
GPUCOND_028,40,STAGE21_MASKED_VIT_V1,GROUP_B_PACKET_IMAGE,GPU_SINGLE_T4,1,256,35,15863005,15.863005,16138.178106859325
GPUCOND_028,40,STAGE21_MASKED_VIT_V1,GROUP_B_PACKET_IMAGE,GPU_SINGLE_T4,1,256,36,15846248,15.846248,16155.243815444514
GPUCOND_028,40,STAGE21_MASKED_VIT_V1,GROUP_B_PACKET_IMAGE,GPU_SINGLE_T4,1,256,37,15850637,15.850637,16150.770470612631
GPUCOND_028,40,STAGE21_MASKED_VIT_V1,GROUP_B_PACKET_IMAGE,GPU_SINGLE_T4,1,256,38,15850150,15.85015,16151.266707255136
GPUCOND_028,40,STAGE21_MASKED_VIT_V1,GROUP_B_PACKET_IMAGE,GPU_SINGLE_T4,1,256,39,15859530,15.85953,16141.714161768981
GPUCOND_028,40,STAGE21_MASKED_VIT_V1,GROUP_B_PACKET_IMAGE,GPU_SINGLE_T4,1,256,40,15862681,15.862681,16138.507733970066
GPUCOND_028,40,STAGE21_MASKED_VIT_V1,GROUP_B_PACKET_IMAGE,GPU_SINGLE_T4,1,256,41,15739770,15.73977,16264.53245504858
GPUCOND_028,40,STAGE21_MASKED_VIT_V1,GROUP_B_PACKET_IMAGE,GPU_SINGLE_T4,1,256,42,15892286,15.892286,16108.44405896043
GPUCOND_028,40,STAGE21_MASKED_VIT_V1,GROUP_B_PACKET_IMAGE,GPU_SINGLE_T4,1,256,43,15913353,15.913353,16087.118786342513
GPUCOND_028,40,STAGE21_MASKED_VIT_V1,GROUP_B_PACKET_IMAGE,GPU_SINGLE_T4,1,256,44,15896305,15.896305,16104.371424680137
GPUCOND_028,40,STAGE21_MASKED_VIT_V1,GROUP_B_PACKET_IMAGE,GPU_SINGLE_T4,1,256,45,15909645,15.909645,16090.86814947788
GPUCOND_028,40,STAGE21_MASKED_VIT_V1,GROUP_B_PACKET_IMAGE,GPU_SINGLE_T4,1,256,46,15914801,15.914801,16085.655108097173
GPUCOND_028,40,STAGE21_MASKED_VIT_V1,GROUP_B_PACKET_IMAGE,GPU_SINGLE_T4,1,256,47,16033231,16.033231,15966.837875659623
GPUCOND_028,40,STAGE21_MASKED_VIT_V1,GROUP_B_PACKET_IMAGE,GPU_SINGLE_T4,1,256,48,15947085,15.947085,16053.090580504211
GPUCOND_028,40,STAGE21_MASKED_VIT_V1,GROUP_B_PACKET_IMAGE,GPU_SINGLE_T4,1,256,49,15897509,15.897509,16103.151757926353
GPUCOND_028,40,STAGE21_MASKED_VIT_V1,GROUP_B_PACKET_IMAGE,GPU_SINGLE_T4,1,256,50,15895500,15.8955,16105.187002610803
GPUCOND_028,40,STAGE21_MASKED_VIT_V1,GROUP_B_PACKET_IMAGE,GPU_SINGLE_T4,1,256,51,15895389,15.895389,16105.299467663232
GPUCOND_028,40,STAGE21_MASKED_VIT_V1,GROUP_B_PACKET_IMAGE,GPU_SINGLE_T4,1,256,52,15914119,15.914119,16086.344459281723
GPUCOND_028,40,STAGE21_MASKED_VIT_V1,GROUP_B_PACKET_IMAGE,GPU_SINGLE_T4,1,256,53,15919686,15.919686,16080.719180013977
GPUCOND_028,40,STAGE21_MASKED_VIT_V1,GROUP_B_PACKET_IMAGE,GPU_SINGLE_T4,1,256,54,15903835,15.903835,16096.746476557384
GPUCOND_028,40,STAGE21_MASKED_VIT_V1,GROUP_B_PACKET_IMAGE,GPU_SINGLE_T4,1,256,55,15802784,15.802784,16199.677221431362
GPUCOND_028,40,STAGE21_MASKED_VIT_V1,GROUP_B_PACKET_IMAGE,GPU_SINGLE_T4,1,256,56,16068014,16.068014,15932.273895205717
GPUCOND_028,40,STAGE21_MASKED_VIT_V1,GROUP_B_PACKET_IMAGE,GPU_SINGLE_T4,1,256,57,15928082,15.928082,16072.242722005072
GPUCOND_028,40,STAGE21_MASKED_VIT_V1,GROUP_B_PACKET_IMAGE,GPU_SINGLE_T4,1,256,58,15882601,15.882601,16118.266775070406
GPUCOND_028,40,STAGE21_MASKED_VIT_V1,GROUP_B_PACKET_IMAGE,GPU_SINGLE_T4,1,256,59,15878946,15.878946,16121.976861688427
GPUCOND_028,40,STAGE21_MASKED_VIT_V1,GROUP_B_PACKET_IMAGE,GPU_SINGLE_T4,1,256,60,15856773,15.856773,16144.52070418111
GPUCOND_028,40,STAGE21_MASKED_VIT_V1,GROUP_B_PACKET_IMAGE,GPU_SINGLE_T4,1,256,61,16030972,16.030972,15969.08783821717
GPUCOND_028,40,STAGE21_MASKED_VIT_V1,GROUP_B_PACKET_IMAGE,GPU_SINGLE_T4,1,256,62,16073738,16.073738,15926.600271822273
GPUCOND_028,40,STAGE21_MASKED_VIT_V1,GROUP_B_PACKET_IMAGE,GPU_SINGLE_T4,1,256,63,16010052,16.010052,15989.954311203986
GPUCOND_028,40,STAGE21_MASKED_VIT_V1,GROUP_B_PACKET_IMAGE,GPU_SINGLE_T4,1,256,64,15916985,15.916985,16083.447964548563
GPUCOND_028,40,STAGE21_MASKED_VIT_V1,GROUP_B_PACKET_IMAGE,GPU_SINGLE_T4,1,256,65,15896846,15.896846,16103.823362193985
GPUCOND_028,40,STAGE21_MASKED_VIT_V1,GROUP_B_PACKET_IMAGE,GPU_SINGLE_T4,1,256,66,16024857,16.024857,15975.18155700235
GPUCOND_028,40,STAGE21_MASKED_VIT_V1,GROUP_B_PACKET_IMAGE,GPU_SINGLE_T4,1,256,67,15946217,15.946217,16053.964397950936
GPUCOND_028,40,STAGE21_MASKED_VIT_V1,GROUP_B_PACKET_IMAGE,GPU_SINGLE_T4,1,256,68,15901199,15.901199,16099.41489317881
GPUCOND_028,40,STAGE21_MASKED_VIT_V1,GROUP_B_PACKET_IMAGE,GPU_SINGLE_T4,1,256,69,15854221,15.854221,16147.119432736556
GPUCOND_028,40,STAGE21_MASKED_VIT_V1,GROUP_B_PACKET_IMAGE,GPU_SINGLE_T4,1,256,70,15893395,15.893395,16107.320053393249
GPUCOND_028,40,STAGE21_MASKED_VIT_V1,GROUP_B_PACKET_IMAGE,GPU_SINGLE_T4,1,256,71,15905482,15.905482,16095.079671273086
GPUCOND_028,40,STAGE21_MASKED_VIT_V1,GROUP_B_PACKET_IMAGE,GPU_SINGLE_T4,1,256,72,15923180,15.92318,16077.190611423095
GPUCOND_028,40,STAGE21_MASKED_VIT_V1,GROUP_B_PACKET_IMAGE,GPU_SINGLE_T4,1,256,73,15902079,15.902079,16098.523972871722
GPUCOND_028,40,STAGE21_MASKED_VIT_V1,GROUP_B_PACKET_IMAGE,GPU_SINGLE_T4,1,256,74,15888447,15.888447,16112.33621511278
GPUCOND_028,40,STAGE21_MASKED_VIT_V1,GROUP_B_PACKET_IMAGE,GPU_SINGLE_T4,1,256,75,15893913,15.893913,16106.795098224082
GPUCOND_028,40,STAGE21_MASKED_VIT_V1,GROUP_B_PACKET_IMAGE,GPU_SINGLE_T4,1,256,76,15837715,15.837715,16163.947892735789
GPUCOND_028,40,STAGE21_MASKED_VIT_V1,GROUP_B_PACKET_IMAGE,GPU_SINGLE_T4,1,256,77,15814163,15.814163,16188.020826647607
GPUCOND_028,40,STAGE21_MASKED_VIT_V1,GROUP_B_PACKET_IMAGE,GPU_SINGLE_T4,1,256,78,15812346,15.812346,16189.880995520842
GPUCOND_028,40,STAGE21_MASKED_VIT_V1,GROUP_B_PACKET_IMAGE,GPU_SINGLE_T4,1,256,79,15801575,15.801575,16200.91668077391
GPUCOND_028,40,STAGE21_MASKED_VIT_V1,GROUP_B_PACKET_IMAGE,GPU_SINGLE_T4,1,256,80,16036818,16.036818,15963.266528310043
GPUCOND_028,40,STAGE21_MASKED_VIT_V1,GROUP_B_PACKET_IMAGE,GPU_SINGLE_T4,1,256,81,15940387,15.940387,16059.835937483827
GPUCOND_028,40,STAGE21_MASKED_VIT_V1,GROUP_B_PACKET_IMAGE,GPU_SINGLE_T4,1,256,82,15865611,15.865611,16135.527336451145
GPUCOND_028,40,STAGE21_MASKED_VIT_V1,GROUP_B_PACKET_IMAGE,GPU_SINGLE_T4,1,256,83,15854054,15.854054,16147.289519765733
GPUCOND_028,40,STAGE21_MASKED_VIT_V1,GROUP_B_PACKET_IMAGE,GPU_SINGLE_T4,1,256,84,15878562,15.878562,16122.366748323935
GPUCOND_028,40,STAGE21_MASKED_VIT_V1,GROUP_B_PACKET_IMAGE,GPU_SINGLE_T4,1,256,85,16017066,16.017066,15982.952183627138
GPUCOND_028,40,STAGE21_MASKED_VIT_V1,GROUP_B_PACKET_IMAGE,GPU_SINGLE_T4,1,256,86,15972600,15.9726,16027.447002992625
GPUCOND_028,40,STAGE21_MASKED_VIT_V1,GROUP_B_PACKET_IMAGE,GPU_SINGLE_T4,1,256,87,15915467,15.915467,16084.981986390974
GPUCOND_028,40,STAGE21_MASKED_VIT_V1,GROUP_B_PACKET_IMAGE,GPU_SINGLE_T4,1,256,88,15936716,15.936716,16063.535297987364
GPUCOND_028,40,STAGE21_MASKED_VIT_V1,GROUP_B_PACKET_IMAGE,GPU_SINGLE_T4,1,256,89,15941223,15.941223,16058.9937171069
GPUCOND_028,40,STAGE21_MASKED_VIT_V1,GROUP_B_PACKET_IMAGE,GPU_SINGLE_T4,1,256,90,16038159,16.038159,15961.931790300869
GPUCOND_028,40,STAGE21_MASKED_VIT_V1,GROUP_B_PACKET_IMAGE,GPU_SINGLE_T4,1,256,91,15984966,15.984966,16015.04813960818
GPUCOND_028,40,STAGE21_MASKED_VIT_V1,GROUP_B_PACKET_IMAGE,GPU_SINGLE_T4,1,256,92,15911759,15.911759,16088.730353444897
GPUCOND_028,40,STAGE21_MASKED_VIT_V1,GROUP_B_PACKET_IMAGE,GPU_SINGLE_T4,1,256,93,15909802,15.909802,16090.709362693515
GPUCOND_028,40,STAGE21_MASKED_VIT_V1,GROUP_B_PACKET_IMAGE,GPU_SINGLE_T4,1,256,94,15898841,15.898841,16101.802640834008
GPUCOND_028,40,STAGE21_MASKED_VIT_V1,GROUP_B_PACKET_IMAGE,GPU_SINGLE_T4,1,256,95,15909167,15.909167,16091.351608792591
GPUCOND_028,40,STAGE21_MASKED_VIT_V1,GROUP_B_PACKET_IMAGE,GPU_SINGLE_T4,1,256,96,15942320,15.94232,16057.888688722845
GPUCOND_028,40,STAGE21_MASKED_VIT_V1,GROUP_B_PACKET_IMAGE,GPU_SINGLE_T4,1,256,97,16035992,16.035992,15964.088782284252
GPUCOND_028,40,STAGE21_MASKED_VIT_V1,GROUP_B_PACKET_IMAGE,GPU_SINGLE_T4,1,256,98,15813279,15.813279,16188.925775609221
GPUCOND_028,40,STAGE21_MASKED_VIT_V1,GROUP_B_PACKET_IMAGE,GPU_SINGLE_T4,1,256,99,15812274,15.812274,16189.954714925887
GPUCOND_028,40,STAGE21_MASKED_VIT_V1,GROUP_B_PACKET_IMAGE,GPU_SINGLE_T4,1,256,100,15813256,15.813256,16188.949322011862
