search_term,file_path,line_number,context
payload,results/stage16_classical_benchmark_checkpoint/stage16_4b_confirmation_package/stage16_4b_repository_package_manifest.json,154,"    ""reason_for_nonredundant_packaging"": ""The combined probability archive and combined threshold-sweep table already preserve all 15 candidate-seed outputs. Individual run-result JSON records are retained for parameter/provenance audit without duplicating the same numerical probability and sweep payloads."","
image representation,results/stage18_representation_feasibility_checkpoint/stage18_0_representation_feasibility_protocol.json,172,"      ""Is a published or source-native traffic-image representation recoverable?"","
image representation,results/stage18_representation_feasibility_checkpoint/stage18_0_representation_feasibility_protocol.json,189,"      ""A traffic-image representation must have a documented mapping from network observations to image axes or spatial neighborhoods."","
vit,REPRODUCIBILITY.md,21,"Stage 9 assesses calibration on the frozen holdout probabilities without recalibration. It uses 15-bin equal-width and equal-frequency reliability summaries, sensitivity checks with 10, 15, and 20 bins, Brier decomposition, and 2,000 paired bootstrap replicates."
vit,docs/CALIBRATION_ASSESSMENT.md,56,"- Bin-sensitivity counts: [10, 15, 20]"
vit,docs/CALIBRATION_ASSESSMENT.md,68,and equal-frequency estimates and includes sensitivity analysis
vit,docs/EXPERIMENT_PROTOCOL.md,37,"Calibration is assessed post-selection on the holdout set without recalibration. The analysis includes Brier score, log loss, equal-width and equal-frequency calibration bins, bin-count sensitivity, Brier decomposition, and paired bootstrap intervals with 2,000 successful replicates."
vit,metadata/calibration/calibration_assessment_methodology.json,15,"  ""Bin Sensitivity Counts"": ["
vit,metadata/lime/stage13_7a_shap_lime_metadata.json,27,"  ""xgboost_shap_additivity"": {"
vit,metadata/lime/stage13_7a_shap_lime_metadata.json,31,"  ""lightgbm_shap_additivity"": {"
vit,metadata/lime/stage13_7b_full_panel_metadata.json,20,"  ""tree_shap_additivity"": {"
vit,metadata/lime/stage13_repository_package_manifest.json,299,"      ""source"": ""/kaggle/working/stage13_lime/publication_assets/tables/table_lime_configuration_sensitivity.csv"","
vit,metadata/lime/stage13_repository_package_manifest.json,300,"      ""repository_path"": ""tables/lime/table_lime_configuration_sensitivity.csv"","
vit,metadata/lime/stage13_repository_package_manifest.json,307,"      ""source"": ""/kaggle/working/stage13_lime/publication_assets/tables/table_lime_configuration_sensitivity.tex"","
vit,metadata/lime/stage13_repository_package_manifest.json,308,"      ""repository_path"": ""tables/lime/table_lime_configuration_sensitivity.tex"","
vit,notebooks/original_kaggle_working_notebook.ipynb,1,"{""metadata"":{""kernelspec"":{""language"":""python"",""display_name"":""Python 3"",""name"":""python3""},""language_info"":{""name"":""python"",""version"":""3.12.13"",""mimetype"":""text/x-python"",""codemirror_mode"":{""name"":""ipython"",""version"":3},""pygments_lexer"":""ipython3"",""nbconvert_exporter"":""python"",""file_extension"":"".py""},""kaggle"":{""accelerator"":""none"",""dataSources"":[],""dockerImageVersionId"":28755,""isInternetEnabled"":false,""language"":""python"",""sourceType"":""notebook"",""isGpuEnabled"":false}},""nbformat_minor"":4,""nbformat"
vit,results/lime/README.md,32,  sensitivity analysis.
vit,results/stage14_integrated_gradients/README.md,78,- Moderately stable cases require an explicit sensitivity caveat.
vit,results/stage14_integrated_gradients/README.md,87,Integrated Gradients measures sensitivity to those feature positions but
vit,results/stage14_integrated_gradients/checksums.sha256,3,64ec56c957e7abc5e3ec333ef880b8d742e34dfdde117cc591c626901fcd9ea2  publication_assets/figures/ig_disagreement_baseline_sensitivity.png
vit,results/stage14_integrated_gradients/checksums.sha256,6,eb66ca302e74bda5b4002d3adf2a21fd8a62d68cbe9311be3b071cada3f0a77a  publication_assets/figures/ig_reference_sensitivity_by_outcome.png
vit,results/stage14_integrated_gradients/checksums.sha256,15,46794b4e95ad13e1fa96b90dca7d898e536e547a3cf8be2c74f3558cf9b7628d  publication_assets/tables/table_ig_baseline_sensitivity.csv
vit,results/stage14_integrated_gradients/checksums.sha256,16,618473244375de00682919fae94dc63ad108dc5e4e198884653dc13f3fac96a3  publication_assets/tables/table_ig_baseline_sensitivity.tex
vit,results/stage14_integrated_gradients/checksums.sha256,62,67195f321d131e080895323f1f205db213f2144702f2c697a56cfacea82aa2a6  stage14_4b_disagreement_baseline_sensitivity.csv
vit,results/stage14_integrated_gradients/checksums.sha256,63,6322a4fd57f234f9b3e21dfa62cffb9a908710599c3879a0ca98452a0c283f05  stage14_4b_disagreement_baseline_sensitivity_summary.csv
vit,results/stage14_integrated_gradients/publication_assets/stage14_publication_asset_manifest.json,40,"      ""relative_path"": ""figures/ig_disagreement_baseline_sensitivity.png"","
vit,results/stage14_integrated_gradients/publication_assets/stage14_publication_asset_manifest.json,55,"      ""relative_path"": ""figures/ig_reference_sensitivity_by_outcome.png"","
vit,results/stage14_integrated_gradients/publication_assets/stage14_publication_asset_manifest.json,95,"      ""relative_path"": ""tables/table_ig_baseline_sensitivity.csv"","
vit,results/stage14_integrated_gradients/publication_assets/stage14_publication_asset_manifest.json,100,"      ""relative_path"": ""tables/table_ig_baseline_sensitivity.tex"","
vit,results/stage14_integrated_gradients/publication_assets/tables/table_ig_baseline_sensitivity.tex,2,\caption{Baseline sensitivity on the neural cross-model disagreement panel.}
vit,results/stage14_integrated_gradients/publication_assets/tables/table_ig_baseline_sensitivity.tex,3,\label{tab:ig_baseline_sensitivity}
vit,results/stage14_integrated_gradients/publication_assets/text/stage14_formal_findings.md,60,## Baseline sensitivity
vit,results/stage14_integrated_gradients/publication_assets/text/stage14_formal_findings.md,62,The scaled-zero vector was retained only as a sensitivity control because
vit,results/stage14_integrated_gradients/publication_assets/text/stage14_formal_findings.md,75,"explicit sensitivity caveat, and reference-sensitive cases should remain"
vit,results/stage14_integrated_gradients/publication_assets/text/stage14_formal_findings.md,79,"feature-position sensitivity, not validated spatial locality between"
vit,results/stage14_integrated_gradients/stage14_3b_ig_completeness_audit.csv,2,"mlp,MLP,NEURAL_DISAGREE_01,55861,52553,0,Benign,0.038456812500953674,-3.219003677368164,zero_scaled,Zero standardized vector,Sensitivity control only,1,2.5958499908447266,-5.814853668212891,Trapezoidal rule,16,-5.547888472268204,0.26696519594468704,0.26696519594468704,0.045910905274205265,False,40.22249030297421,10.680666768962853"
vit,results/stage14_integrated_gradients/stage14_3b_ig_completeness_audit.csv,3,"mlp,MLP,NEURAL_DISAGREE_01,55861,52553,0,Benign,0.038456812500953674,-3.219003677368164,zero_scaled,Zero standardized vector,Sensitivity control only,1,2.5958499908447266,-5.814853668212891,Trapezoidal rule,32,-5.670857730991567,0.14399593722132398,0.14399593722132398,0.024763467051369326,False,40.708932224913006,10.80755295697465"
vit,results/stage14_integrated_gradients/stage14_3b_ig_completeness_audit.csv,4,"mlp,MLP,NEURAL_DISAGREE_01,55861,52553,0,Benign,0.038456812500953674,-3.219003677368164,zero_scaled,Zero standardized vector,Sensitivity control only,1,2.5958499908447266,-5.814853668212891,Trapezoidal rule,64,-5.752409960346245,0.062443707866645326,0.062443707866645326,0.010738655077082358,False,40.48789534805774,10.780180160530268"
vit,results/stage14_integrated_gradients/stage14_3b_ig_completeness_audit.csv,5,"mlp,MLP,NEURAL_DISAGREE_01,55861,52553,0,Benign,0.038456812500953674,-3.219003677368164,zero_scaled,Zero standardized vector,Sensitivity control only,1,2.5958499908447266,-5.814853668212891,Trapezoidal rule,128,-5.80647657013389,0.008377098079000334,0.008377098079000334,0.001440637814291707,True,40.534962565721784,10.800668782538857"
vit,results/stage14_integrated_gradients/stage14_3b_ig_completeness_audit.csv,6,"mlp,MLP,NEURAL_DISAGREE_01,55861,52553,0,Benign,0.038456812500953674,-3.219003677368164,benign_median,Benign training median,Single benign reference sensitivity baseline,1,-3.213318347930908,-0.005685329437255859,Trapezoidal rule,16,0.027375220136109935,0.033060549573365794,0.033060549573365794,0.033060549573365794,False,20.537677886989147,6.072031716504874"
vit,results/stage14_integrated_gradients/stage14_3b_ig_completeness_audit.csv,7,"mlp,MLP,NEURAL_DISAGREE_01,55861,52553,0,Benign,0.038456812500953674,-3.219003677368164,benign_median,Benign training median,Single benign reference sensitivity baseline,1,-3.213318347930908,-0.005685329437255859,Trapezoidal rule,32,0.05534904461434742,0.06103437405160328,0.06103437405160328,0.06103437405160328,False,20.433613792752368,5.98593607873138"
vit,results/stage14_integrated_gradients/stage14_3b_ig_completeness_audit.csv,8,"mlp,MLP,NEURAL_DISAGREE_01,55861,52553,0,Benign,0.038456812500953674,-3.219003677368164,benign_median,Benign training median,Single benign reference sensitivity baseline,1,-3.213318347930908,-0.005685329437255859,Trapezoidal rule,64,-0.00012746011296638216,0.005557869324289477,0.005557869324289477,0.005557869324289477,True,20.434931865269334,5.97915522890202"
vit,results/stage14_integrated_gradients/stage14_3b_ig_completeness_audit.csv,9,"mlp,MLP,NEURAL_DISAGREE_01,55861,52553,0,Benign,0.038456812500953674,-3.219003677368164,benign_median,Benign training median,Single benign reference sensitivity baseline,1,-3.213318347930908,-0.005685329437255859,Trapezoidal rule,128,0.011464557189394764,0.017149886626650623,0.017149886626650623,0.017149886626650623,False,20.35733857786471,5.9566591649070775"
vit,results/stage14_integrated_gradients/stage14_3b_ig_completeness_audit.csv,14,"mlp,MLP,NEURAL_DISAGREE_02,10083,196830,0,Benign,0.07731778919696808,-2.479360818862915,zero_scaled,Zero standardized vector,Sensitivity control only,1,2.5958499908447266,-5.075210809707642,Trapezoidal rule,16,-5.039707859959046,0.03550294974859547,0.03550294974859547,0.00699536454341699,True,42.363030698335514,13.562709546919754"
vit,results/stage14_integrated_gradients/stage14_3b_ig_completeness_audit.csv,15,"mlp,MLP,NEURAL_DISAGREE_02,10083,196830,0,Benign,0.07731778919696808,-2.479360818862915,zero_scaled,Zero standardized vector,Sensitivity control only,1,2.5958499908447266,-5.075210809707642,Trapezoidal rule,32,-5.135673676429698,-0.06046286672205614,0.06046286672205614,0.011913370496138881,False,42.122111548873185,13.517058533326182"
vit,results/stage14_integrated_gradients/stage14_3b_ig_completeness_audit.csv,16,"mlp,MLP,NEURAL_DISAGREE_02,10083,196830,0,Benign,0.07731778919696808,-2.479360818862915,zero_scaled,Zero standardized vector,Sensitivity control only,1,2.5958499908447266,-5.075210809707642,Trapezoidal rule,64,-4.971029025262342,0.10418178444529946,0.10418178444529946,0.020527577740421167,False,41.741692677686366,13.35119576389658"
vit,results/stage14_integrated_gradients/stage14_3b_ig_completeness_audit.csv,17,"mlp,MLP,NEURAL_DISAGREE_02,10083,196830,0,Benign,0.07731778919696808,-2.479360818862915,zero_scaled,Zero standardized vector,Sensitivity control only,1,2.5958499908447266,-5.075210809707642,Trapezoidal rule,128,-5.0249685878418395,0.05024222186580207,0.05024222186580207,0.009899533979889259,False,41.92176360778819,13.417624299361396"
vit,results/stage14_integrated_gradients/stage14_3b_ig_completeness_audit.csv,18,"mlp,MLP,NEURAL_DISAGREE_02,10083,196830,0,Benign,0.07731778919696808,-2.479360818862915,benign_median,Benign training median,Single benign reference sensitivity baseline,1,-3.213318347930908,0.7339575290679932,Trapezoidal rule,16,0.26583356581206646,-0.4681239632559267,0.4681239632559267,0.4681239632559267,False,15.865242617732912,7.923754742907638"
vit,results/stage14_integrated_gradients/stage14_3b_ig_completeness_audit.csv,19,"mlp,MLP,NEURAL_DISAGREE_02,10083,196830,0,Benign,0.07731778919696808,-2.479360818862915,benign_median,Benign training median,Single benign reference sensitivity baseline,1,-3.213318347930908,0.7339575290679932,Trapezoidal rule,32,0.6009183282943222,-0.13303920077367093,0.13303920077367093,0.13303920077367093,False,15.683031988709129,7.737619861327805"
vit,results/stage14_integrated_gradients/stage14_3b_ig_completeness_audit.csv,20,"mlp,MLP,NEURAL_DISAGREE_02,10083,196830,0,Benign,0.07731778919696808,-2.479360818862915,benign_median,Benign training median,Single benign reference sensitivity baseline,1,-3.213318347930908,0.7339575290679932,Trapezoidal rule,64,0.6859270278278033,-0.048030501240189816,0.048030501240189816,0.048030501240189816,False,15.7258723658956,7.728842797637369"
vit,results/stage14_integrated_gradients/stage14_3b_ig_completeness_audit.csv,21,"mlp,MLP,NEURAL_DISAGREE_02,10083,196830,0,Benign,0.07731778919696808,-2.479360818862915,benign_median,Benign training median,Single benign reference sensitivity baseline,1,-3.213318347930908,0.7339575290679932,Trapezoidal rule,128,0.7208519199129662,-0.01310560915502701,0.01310560915502701,0.01310560915502701,False,15.667878168145467,7.700159610376729"
vit,results/stage14_integrated_gradients/stage14_3b_ig_completeness_audit.csv,26,"mlp,MLP,NEURAL_DISAGREE_03,11807,142668,0,Benign,0.0891934335231781,-2.3235230445861816,zero_scaled,Zero standardized vector,Sensitivity control only,1,2.5958499908447266,-4.919373035430908,Trapezoidal rule,16,-4.960098563340791,-0.04072552790988304,0.04072552790988304,0.008278601280399896,True,38.07716287893851,7.879776140682291"
vit,results/stage14_integrated_gradients/stage14_3b_ig_completeness_audit.csv,27,"mlp,MLP,NEURAL_DISAGREE_03,11807,142668,0,Benign,0.0891934335231781,-2.3235230445861816,zero_scaled,Zero standardized vector,Sensitivity control only,1,2.5958499908447266,-4.919373035430908,Trapezoidal rule,32,-4.928024099860699,-0.0086510644297908,0.0086510644297908,0.0017585705266673312,True,37.69637360163865,7.828487017194397"
vit,results/stage14_integrated_gradients/stage14_3b_ig_completeness_audit.csv,28,"mlp,MLP,NEURAL_DISAGREE_03,11807,142668,0,Benign,0.0891934335231781,-2.3235230445861816,zero_scaled,Zero standardized vector,Sensitivity control only,1,2.5958499908447266,-4.919373035430908,Trapezoidal rule,64,-4.8877579795458175,0.031615055885090726,0.031615055885090726,0.0064266433257630425,True,37.59127963662151,7.806766323448645"
vit,results/stage14_integrated_gradients/stage14_3b_ig_completeness_audit.csv,29,"mlp,MLP,NEURAL_DISAGREE_03,11807,142668,0,Benign,0.0891934335231781,-2.3235230445861816,zero_scaled,Zero standardized vector,Sensitivity control only,1,2.5958499908447266,-4.919373035430908,Trapezoidal rule,128,-4.9060545347384785,0.01331850069242968,0.01331850069242968,0.0027073573393409183,True,37.57323497602641,7.804391268602658"
vit,results/stage14_integrated_gradients/stage14_3b_ig_completeness_audit.csv,30,"mlp,MLP,NEURAL_DISAGREE_03,11807,142668,0,Benign,0.0891934335231781,-2.3235230445861816,benign_median,Benign training median,Single benign reference sensitivity baseline,1,-3.213318347930908,0.8897953033447266,Trapezoidal rule,16,0.9145877932050368,0.02479248986031024,0.02479248986031024,0.02479248986031024,False,2.7244923420724274,0.8775921358729379"
vit,results/stage14_integrated_gradients/stage14_3b_ig_completeness_audit.csv,31,"mlp,MLP,NEURAL_DISAGREE_03,11807,142668,0,Benign,0.0891934335231781,-2.3235230445861816,benign_median,Benign training median,Single benign reference sensitivity baseline,1,-3.213318347930908,0.8897953033447266,Trapezoidal rule,32,0.9076126293873634,0.01781732604263686,0.01781732604263686,0.01781732604263686,False,2.7264849214217755,0.8718145912097952"
vit,results/stage14_integrated_gradients/stage14_3b_ig_completeness_audit.csv,32,"mlp,MLP,NEURAL_DISAGREE_03,11807,142668,0,Benign,0.0891934335231781,-2.3235230445861816,benign_median,Benign training median,Single benign reference sensitivity baseline,1,-3.213318347930908,0.8897953033447266,Trapezoidal rule,64,0.8989059666169428,0.009110663272216213,0.009110663272216213,0.009110663272216213,True,2.7124977010923215,0.865775860523403"
vit,results/stage14_integrated_gradients/stage14_3b_ig_completeness_audit.csv,33,"mlp,MLP,NEURAL_DISAGREE_03,11807,142668,0,Benign,0.0891934335231781,-2.3235230445861816,benign_median,Benign training median,Single benign reference sensitivity baseline,1,-3.213318347930908,0.8897953033447266,Trapezoidal rule,128,0.8907209420130994,0.000925638668372808,0.000925638668372808,0.000925638668372808,True,2.7138801411272455,0.865390956288267"
vit,results/stage14_integrated_gradients/stage14_3b_ig_completeness_audit.csv,38,"mlp,MLP,NEURAL_DISAGREE_04,30716,257630,0,Benign,0.099039725959301,-2.207940101623535,zero_scaled,Zero standardized vector,Sensitivity control only,1,2.5958499908447266,-4.803790092468262,Trapezoidal rule,16,-4.7647010526156315,0.039089039852630236,0.039089039852630236,0.008137124874360545,True,42.835641834333735,9.049529996179839"
vit,results/stage14_integrated_gradients/stage14_3b_ig_completeness_audit.csv,39,"mlp,MLP,NEURAL_DISAGREE_04,30716,257630,0,Benign,0.099039725959301,-2.207940101623535,zero_scaled,Zero standardized vector,Sensitivity control only,1,2.5958499908447266,-4.803790092468262,Trapezoidal rule,32,-4.786777756951827,0.01701233551643444,0.01701233551643444,0.003541440235514795,True,43.04441629809425,9.095316345196366"
vit,results/stage14_integrated_gradients/stage14_3b_ig_completeness_audit.csv,40,"mlp,MLP,NEURAL_DISAGREE_04,30716,257630,0,Benign,0.099039725959301,-2.207940101623535,zero_scaled,Zero standardized vector,Sensitivity control only,1,2.5958499908447266,-4.803790092468262,Trapezoidal rule,64,-4.795682059191253,0.008108033277008708,0.008108033277008708,0.0016878408758369946,True,43.19525695004443,9.121880526808178"
vit,results/stage14_integrated_gradients/stage14_3b_ig_completeness_audit.csv,41,"mlp,MLP,NEURAL_DISAGREE_04,30716,257630,0,Benign,0.099039725959301,-2.207940101623535,zero_scaled,Zero standardized vector,Sensitivity control only,1,2.5958499908447266,-4.803790092468262,Trapezoidal rule,128,-4.80884726641519,-0.00505717394692784,0.00505717394692784,0.0010527466541173087,True,43.18519004923565,9.124690848364157"
vit,results/stage14_integrated_gradients/stage14_3b_ig_completeness_audit.csv,42,"mlp,MLP,NEURAL_DISAGREE_04,30716,257630,0,Benign,0.099039725959301,-2.207940101623535,benign_median,Benign training median,Single benign reference sensitivity baseline,1,-3.213318347930908,1.005378246307373,Trapezoidal rule,16,1.0060889126940606,0.0007106663866875973,0.0007106663866875973,0.0007068646942559031,True,2.8332343147700256,0.962161784824579"
vit,results/stage14_integrated_gradients/stage14_3b_ig_completeness_audit.csv,43,"mlp,MLP,NEURAL_DISAGREE_04,30716,257630,0,Benign,0.099039725959301,-2.207940101623535,benign_median,Benign training median,Single benign reference sensitivity baseline,1,-3.213318347930908,1.005378246307373,Trapezoidal rule,32,1.0199231289870898,0.014544882679716764,0.014544882679716764,0.01446707518601907,False,2.8241637831168473,0.9552688912738738"
vit,results/stage14_integrated_gradients/stage14_3b_ig_completeness_audit.csv,44,"mlp,MLP,NEURAL_DISAGREE_04,30716,257630,0,Benign,0.099039725959301,-2.207940101623535,benign_median,Benign training median,Single benign reference sensitivity baseline,1,-3.213318347930908,1.005378246307373,Trapezoidal rule,64,1.0055631778195615,0.0001849315121884576,0.0001849315121884576,0.00018394222559289266,True,2.827224050845402,0.9528883834025215"
vit,results/stage14_integrated_gradients/stage14_3b_ig_completeness_audit.csv,45,"mlp,MLP,NEURAL_DISAGREE_04,30716,257630,0,Benign,0.099039725959301,-2.207940101623535,benign_median,Benign training median,Single benign reference sensitivity baseline,1,-3.213318347930908,1.005378246307373,Trapezoidal rule,128,1.0062793980142366,0.0009011517068635566,0.0009011517068635566,0.0008963310178764785,True,2.82947707793163,0.9550274465252198"
vit,results/stage14_integrated_gradients/stage14_3b_ig_completeness_audit.csv,50,"mlp,MLP,NEURAL_DISAGREE_05,30033,174394,0,Benign,0.07223702222108841,-2.552823543548584,zero_scaled,Zero standardized vector,Sensitivity control only,1,2.5958499908447266,-5.1486735343933105,Trapezoidal rule,16,-5.09674753457785,0.05192599981546042,0.05192599981546042,0.010085316046665809,False,42.18709803265233,8.64263660326771"
vit,results/stage14_integrated_gradients/stage14_3b_ig_completeness_audit.csv,51,"mlp,MLP,NEURAL_DISAGREE_05,30033,174394,0,Benign,0.07223702222108841,-2.552823543548584,zero_scaled,Zero standardized vector,Sensitivity control only,1,2.5958499908447266,-5.1486735343933105,Trapezoidal rule,32,-5.180187461700503,-0.03151392730719227,0.03151392730719227,0.006120785692990279,True,42.678643498657614,8.731457495130664"
vit,results/stage14_integrated_gradients/stage14_3b_ig_completeness_audit.csv,52,"mlp,MLP,NEURAL_DISAGREE_05,30033,174394,0,Benign,0.07223702222108841,-2.552823543548584,zero_scaled,Zero standardized vector,Sensitivity control only,1,2.5958499908447266,-5.1486735343933105,Trapezoidal rule,64,-5.148559807253181,0.00011372714012924945,0.00011372714012924945,2.2088629113799578e-05,True,42.80941698712187,8.763406765059662"
vit,results/stage14_integrated_gradients/stage14_3b_ig_completeness_audit.csv,53,"mlp,MLP,NEURAL_DISAGREE_05,30033,174394,0,Benign,0.07223702222108841,-2.552823543548584,zero_scaled,Zero standardized vector,Sensitivity control only,1,2.5958499908447266,-5.1486735343933105,Trapezoidal rule,128,-5.122407379056206,0.026266155337104635,0.026266155337104635,0.005101538320821051,True,42.72797347852934,8.742353358130886"
vit,results/stage14_integrated_gradients/stage14_3b_ig_completeness_audit.csv,54,"mlp,MLP,NEURAL_DISAGREE_05,30033,174394,0,Benign,0.07223702222108841,-2.552823543548584,benign_median,Benign training median,Single benign reference sensitivity baseline,1,-3.213318347930908,0.6604948043823242,Trapezoidal rule,16,0.6502723680207501,-0.010222436361574161,0.010222436361574161,0.010222436361574161,False,16.76342366603062,6.434932144005912"
vit,results/stage14_integrated_gradients/stage14_3b_ig_completeness_audit.csv,55,"mlp,MLP,NEURAL_DISAGREE_05,30033,174394,0,Benign,0.07223702222108841,-2.552823543548584,benign_median,Benign training median,Single benign reference sensitivity baseline,1,-3.213318347930908,0.6604948043823242,Trapezoidal rule,32,0.5969653861071831,-0.06352941827514114,0.06352941827514114,0.06352941827514114,False,16.94823727164825,6.540536765801799"
vit,results/stage14_integrated_gradients/stage14_3b_ig_completeness_audit.csv,56,"mlp,MLP,NEURAL_DISAGREE_05,30033,174394,0,Benign,0.07223702222108841,-2.552823543548584,benign_median,Benign training median,Single benign reference sensitivity baseline,1,-3.213318347930908,0.6604948043823242,Trapezoidal rule,64,0.675417851122897,0.014923046740572765,0.014923046740572765,0.014923046740572765,False,16.906274552442493,6.515762507368134"
vit,results/stage14_integrated_gradients/stage14_3b_ig_completeness_audit.csv,57,"mlp,MLP,NEURAL_DISAGREE_05,30033,174394,0,Benign,0.07223702222108841,-2.552823543548584,benign_median,Benign training median,Single benign reference sensitivity baseline,1,-3.213318347930908,0.6604948043823242,Trapezoidal rule,128,0.6610453369767502,0.0005505325944259454,0.0005505325944259454,0.0005505325944259454,True,16.890782324329148,6.507389212016472"
vit,results/stage14_integrated_gradients/stage14_3b_ig_completeness_audit.csv,62,"mlp,MLP,NEURAL_DISAGREE_06,23693,28361,0,Benign,0.08175196498632431,-2.4187777042388916,zero_scaled,Zero standardized vector,Sensitivity control only,1,2.5958499908447266,-5.014627695083618,Trapezoidal rule,16,-5.080559008411126,-0.0659313133275079,0.0659313133275079,0.013147798268682538,False,36.9584393887099,7.387221597168727"
vit,results/stage14_integrated_gradients/stage14_3b_ig_completeness_audit.csv,63,"mlp,MLP,NEURAL_DISAGREE_06,23693,28361,0,Benign,0.08175196498632431,-2.4187777042388916,zero_scaled,Zero standardized vector,Sensitivity control only,1,2.5958499908447266,-5.014627695083618,Trapezoidal rule,32,-5.02834648490672,-0.013718789823101929,0.013718789823101929,0.002735754408358559,True,36.49686237237732,7.306937340058864"
vit,results/stage14_integrated_gradients/stage14_3b_ig_completeness_audit.csv,64,"mlp,MLP,NEURAL_DISAGREE_06,23693,28361,0,Benign,0.08175196498632431,-2.4187777042388916,zero_scaled,Zero standardized vector,Sensitivity control only,1,2.5958499908447266,-5.014627695083618,Trapezoidal rule,64,-5.016304229813582,-0.0016765347299640965,0.0016765347299640965,0.00033432885388635827,True,36.513869338752684,7.3010263591496685"
vit,results/stage14_integrated_gradients/stage14_3b_ig_completeness_audit.csv,65,"mlp,MLP,NEURAL_DISAGREE_06,23693,28361,0,Benign,0.08175196498632431,-2.4187777042388916,zero_scaled,Zero standardized vector,Sensitivity control only,1,2.5958499908447266,-5.014627695083618,Trapezoidal rule,128,-5.016603067264974,-0.0019753721813557945,0.0019753721813557945,0.00039392200208451474,True,36.52631517987042,7.298604428300962"
vit,results/stage14_integrated_gradients/stage14_3b_ig_completeness_audit.csv,66,"mlp,MLP,NEURAL_DISAGREE_06,23693,28361,0,Benign,0.08175196498632431,-2.4187777042388916,benign_median,Benign training median,Single benign reference sensitivity baseline,1,-3.213318347930908,0.7945406436920166,Trapezoidal rule,16,0.7662504665078762,-0.028290177184140397,0.028290177184140397,0.028290177184140397,False,2.6917743553887084,0.8251763471792282"
vit,results/stage14_integrated_gradients/stage14_3b_ig_completeness_audit.csv,67,"mlp,MLP,NEURAL_DISAGREE_06,23693,28361,0,Benign,0.08175196498632431,-2.4187777042388916,benign_median,Benign training median,Single benign reference sensitivity baseline,1,-3.213318347930908,0.7945406436920166,Trapezoidal rule,32,0.7970135515567948,0.002472907864778162,0.002472907864778162,0.002472907864778162,True,2.7036521375198035,0.8282785967691703"
vit,results/stage14_integrated_gradients/stage14_3b_ig_completeness_audit.csv,68,"mlp,MLP,NEURAL_DISAGREE_06,23693,28361,0,Benign,0.08175196498632431,-2.4187777042388916,benign_median,Benign training median,Single benign reference sensitivity baseline,1,-3.213318347930908,0.7945406436920166,Trapezoidal rule,64,0.7927032164968486,-0.0018374271951679955,0.0018374271951679955,0.0018374271951679955,True,2.698776199928753,0.8280524432712979"
vit,results/stage14_integrated_gradients/stage14_3b_ig_completeness_audit.csv,69,"mlp,MLP,NEURAL_DISAGREE_06,23693,28361,0,Benign,0.08175196498632431,-2.4187777042388916,benign_median,Benign training median,Single benign reference sensitivity baseline,1,-3.213318347930908,0.7945406436920166,Trapezoidal rule,128,0.797405441826217,0.0028647981342003748,0.0028647981342003748,0.0028647981342003748,True,2.695564034416088,0.8275216746528886"
vit,results/stage14_integrated_gradients/stage14_3b_ig_completeness_audit.csv,74,"mlp,MLP,NEURAL_DISAGREE_07,9859,173665,1,Infilteration,0.14079225063323975,-1.808725357055664,zero_scaled,Zero standardized vector,Sensitivity control only,1,2.5958499908447266,-4.404575347900391,Trapezoidal rule,16,-4.321526690808073,0.08304865709231724,0.08304865709231724,0.01885508829628844,False,57.459449479187455,11.527199290946818"
vit,results/stage14_integrated_gradients/stage14_3b_ig_completeness_audit.csv,75,"mlp,MLP,NEURAL_DISAGREE_07,9859,173665,1,Infilteration,0.14079225063323975,-1.808725357055664,zero_scaled,Zero standardized vector,Sensitivity control only,1,2.5958499908447266,-4.404575347900391,Trapezoidal rule,32,-4.378173162880448,0.026402185019942515,0.026402185019942515,0.005994263449830215,True,58.168249887475675,11.681929086543411"
vit,results/stage14_integrated_gradients/stage14_3b_ig_completeness_audit.csv,76,"mlp,MLP,NEURAL_DISAGREE_07,9859,173665,1,Infilteration,0.14079225063323975,-1.808725357055664,zero_scaled,Zero standardized vector,Sensitivity control only,1,2.5958499908447266,-4.404575347900391,Trapezoidal rule,64,-4.400373779425482,0.004201568474909045,0.004201568474909045,0.0009539100010882738,True,58.33864849626845,11.703978556361417"
vit,results/stage14_integrated_gradients/stage14_3b_ig_completeness_audit.csv,77,"mlp,MLP,NEURAL_DISAGREE_07,9859,173665,1,Infilteration,0.14079225063323975,-1.808725357055664,zero_scaled,Zero standardized vector,Sensitivity control only,1,2.5958499908447266,-4.404575347900391,Trapezoidal rule,128,-4.412365749757582,-0.007790401857191043,0.007790401857191043,0.0017687066838133752,True,58.49156272824351,11.725205336818492"
vit,results/stage14_integrated_gradients/stage14_3b_ig_completeness_audit.csv,78,"mlp,MLP,NEURAL_DISAGREE_07,9859,173665,1,Infilteration,0.14079225063323975,-1.808725357055664,benign_median,Benign training median,Single benign reference sensitivity baseline,1,-3.213318347930908,1.4045929908752441,Trapezoidal rule,16,1.359447324012077,-0.04514566686316712,0.04514566686316712,0.03214145817076554,False,4.437570619482967,1.3553130656355588"
vit,results/stage14_integrated_gradients/stage14_3b_ig_completeness_audit.csv,79,"mlp,MLP,NEURAL_DISAGREE_07,9859,173665,1,Infilteration,0.14079225063323975,-1.808725357055664,benign_median,Benign training median,Single benign reference sensitivity baseline,1,-3.213318347930908,1.4045929908752441,Trapezoidal rule,32,1.4423201645825647,0.037727173707320594,0.037727173707320594,0.02685986186205561,False,4.521095006290711,1.3962870430514516"
vit,results/stage14_integrated_gradients/stage14_3b_ig_completeness_audit.csv,80,"mlp,MLP,NEURAL_DISAGREE_07,9859,173665,1,Infilteration,0.14079225063323975,-1.808725357055664,benign_median,Benign training median,Single benign reference sensitivity baseline,1,-3.213318347930908,1.4045929908752441,Trapezoidal rule,64,1.3967193979809973,-0.007873592894246828,0.007873592894246828,0.005605604573991613,True,4.489639921539489,1.3784631339020932"
vit,results/stage14_integrated_gradients/stage14_3b_ig_completeness_audit.csv,81,"mlp,MLP,NEURAL_DISAGREE_07,9859,173665,1,Infilteration,0.14079225063323975,-1.808725357055664,benign_median,Benign training median,Single benign reference sensitivity baseline,1,-3.213318347930908,1.4045929908752441,Trapezoidal rule,128,1.4047892560415594,0.00019626516631521262,0.00019626516631521262,0.0001397309879731878,True,4.484838128918007,1.3802459152523123"
vit,results/stage14_integrated_gradients/stage14_3b_ig_completeness_audit.csv,86,"mlp,MLP,NEURAL_DISAGREE_08,36588,230736,1,Infilteration,0.9197056889533997,2.4383544921875,zero_scaled,Zero standardized vector,Sensitivity control only,1,2.5958499908447266,-0.15749549865722656,Trapezoidal rule,16,-0.1670531236188787,-0.009557624961652134,0.009557624961652134,0.009557624961652134,True,55.863358618666126,14.614445025508235"
vit,results/stage14_integrated_gradients/stage14_3b_ig_completeness_audit.csv,87,"mlp,MLP,NEURAL_DISAGREE_08,36588,230736,1,Infilteration,0.9197056889533997,2.4383544921875,zero_scaled,Zero standardized vector,Sensitivity control only,1,2.5958499908447266,-0.15749549865722656,Trapezoidal rule,32,0.08958842226257141,0.24708392091979797,0.24708392091979797,0.24708392091979797,False,57.04635333173499,15.107562638513588"
vit,results/stage14_integrated_gradients/stage14_3b_ig_completeness_audit.csv,88,"mlp,MLP,NEURAL_DISAGREE_08,36588,230736,1,Infilteration,0.9197056889533997,2.4383544921875,zero_scaled,Zero standardized vector,Sensitivity control only,1,2.5958499908447266,-0.15749549865722656,Trapezoidal rule,64,-0.17216066207297556,-0.014665163415749,0.014665163415749,0.014665163415749,False,56.87743945729737,15.07945752294319"
vit,results/stage14_integrated_gradients/stage14_3b_ig_completeness_audit.csv,89,"mlp,MLP,NEURAL_DISAGREE_08,36588,230736,1,Infilteration,0.9197056889533997,2.4383544921875,zero_scaled,Zero standardized vector,Sensitivity control only,1,2.5958499908447266,-0.15749549865722656,Trapezoidal rule,128,-0.2790630430060873,-0.12156754434886075,0.12156754434886075,0.12156754434886075,False,57.06532697088247,15.141355731481562"
vit,results/stage14_integrated_gradients/stage14_3b_ig_completeness_audit.csv,90,"mlp,MLP,NEURAL_DISAGREE_08,36588,230736,1,Infilteration,0.9197056889533997,2.4383544921875,benign_median,Benign training median,Single benign reference sensitivity baseline,1,-3.213318347930908,5.651672840118408,Trapezoidal rule,16,5.729332400916,0.07765956079759206,0.07765956079759206,0.013740986606005492,False,16.407804662954618,5.78613498507635"
vit,results/stage14_integrated_gradients/stage14_3b_ig_completeness_audit.csv,91,"mlp,MLP,NEURAL_DISAGREE_08,36588,230736,1,Infilteration,0.9197056889533997,2.4383544921875,benign_median,Benign training median,Single benign reference sensitivity baseline,1,-3.213318347930908,5.651672840118408,Trapezoidal rule,32,5.675958639510435,0.02428579939202713,0.02428579939202713,0.00429709929768658,True,16.382316379115856,5.776828321163452"
vit,results/stage14_integrated_gradients/stage14_3b_ig_completeness_audit.csv,92,"mlp,MLP,NEURAL_DISAGREE_08,36588,230736,1,Infilteration,0.9197056889533997,2.4383544921875,benign_median,Benign training median,Single benign reference sensitivity baseline,1,-3.213318347930908,5.651672840118408,Trapezoidal rule,64,5.678429385486663,0.026756545368255225,0.026756545368255225,0.004734270033878084,True,16.30226026798271,5.743381468547755"
vit,results/stage14_integrated_gradients/stage14_3b_ig_completeness_audit.csv,93,"mlp,MLP,NEURAL_DISAGREE_08,36588,230736,1,Infilteration,0.9197056889533997,2.4383544921875,benign_median,Benign training median,Single benign reference sensitivity baseline,1,-3.213318347930908,5.651672840118408,Trapezoidal rule,128,5.664171624044478,0.012498783926069734,0.012498783926069734,0.002211519364204364,True,16.271851133348925,5.730302798242252"
vit,results/stage14_integrated_gradients/stage14_3b_ig_completeness_audit.csv,98,"mlp,MLP,NEURAL_DISAGREE_09,33433,299699,1,Infilteration,0.9129174947738647,2.3497893810272217,zero_scaled,Zero standardized vector,Sensitivity control only,1,2.5958499908447266,-0.24606060981750488,Trapezoidal rule,16,-0.40649914933108816,-0.16043853951358328,0.16043853951358328,0.16043853951358328,False,55.82853590737793,14.606358329723697"
vit,results/stage14_integrated_gradients/stage14_3b_ig_completeness_audit.csv,99,"mlp,MLP,NEURAL_DISAGREE_09,33433,299699,1,Infilteration,0.9129174947738647,2.3497893810272217,zero_scaled,Zero standardized vector,Sensitivity control only,1,2.5958499908447266,-0.24606060981750488,Trapezoidal rule,32,-0.0502539514890473,0.1958066583284576,0.1958066583284576,0.1958066583284576,False,56.924908341244425,14.976304685794547"
vit,results/stage14_integrated_gradients/stage14_3b_ig_completeness_audit.csv,100,"mlp,MLP,NEURAL_DISAGREE_09,33433,299699,1,Infilteration,0.9129174947738647,2.3497893810272217,zero_scaled,Zero standardized vector,Sensitivity control only,1,2.5958499908447266,-0.24606060981750488,Trapezoidal rule,64,-0.26500558849203804,-0.018944978674533153,0.018944978674533153,0.018944978674533153,False,56.477667351995116,14.913526854450014"
vit,results/stage14_integrated_gradients/stage14_3b_ig_completeness_audit.csv,101,"mlp,MLP,NEURAL_DISAGREE_09,33433,299699,1,Infilteration,0.9129174947738647,2.3497893810272217,zero_scaled,Zero standardized vector,Sensitivity control only,1,2.5958499908447266,-0.24606060981750488,Trapezoidal rule,128,-0.36861065270093696,-0.12255004288343208,0.12255004288343208,0.12255004288343208,False,56.7309566112612,15.003102315428958"
vit,results/stage14_integrated_gradients/stage14_3b_ig_completeness_audit.csv,102,"mlp,MLP,NEURAL_DISAGREE_09,33433,299699,1,Infilteration,0.9129174947738647,2.3497893810272217,benign_median,Benign training median,Single benign reference sensitivity baseline,1,-3.213318347930908,5.56310772895813,Trapezoidal rule,16,5.475166173551473,-0.08794155540665649,0.08794155540665649,0.015807990729513766,False,15.689025445501402,5.4902714795391425"
vit,results/stage14_integrated_gradients/stage14_3b_ig_completeness_audit.csv,103,"mlp,MLP,NEURAL_DISAGREE_09,33433,299699,1,Infilteration,0.9129174947738647,2.3497893810272217,benign_median,Benign training median,Single benign reference sensitivity baseline,1,-3.213318347930908,5.56310772895813,Trapezoidal rule,32,5.502289369891095,-0.06081835906703503,0.06081835906703503,0.01093244316489719,False,15.56933357257694,5.490806778695124"
vit,results/stage14_integrated_gradients/stage14_3b_ig_completeness_audit.csv,104,"mlp,MLP,NEURAL_DISAGREE_09,33433,299699,1,Infilteration,0.9129174947738647,2.3497893810272217,benign_median,Benign training median,Single benign reference sensitivity baseline,1,-3.213318347930908,5.56310772895813,Trapezoidal rule,64,5.560278511727567,-0.0028292172305626195,0.0028292172305626195,0.0005085677589588008,True,15.642384898592663,5.519660033481829"
vit,results/stage14_integrated_gradients/stage14_3b_ig_completeness_audit.csv,105,"mlp,MLP,NEURAL_DISAGREE_09,33433,299699,1,Infilteration,0.9129174947738647,2.3497893810272217,benign_median,Benign training median,Single benign reference sensitivity baseline,1,-3.213318347930908,5.56310772895813,Trapezoidal rule,128,5.56884649769393,0.00573876873580037,0.00573876873580037,0.0010315760570171698,True,15.644662664041588,5.526335669030764"
vit,results/stage14_integrated_gradients/stage14_3b_ig_completeness_audit.csv,110,"mlp,MLP,NEURAL_DISAGREE_10,54590,151302,1,Infilteration,0.901373565196991,2.212581157684326,zero_scaled,Zero standardized vector,Sensitivity control only,1,2.5958499908447266,-0.3832688331604004,Trapezoidal rule,16,-0.48895770331971594,-0.10568887015931555,0.10568887015931555,0.10568887015931555,False,55.21764329176175,14.315463547887283"
vit,results/stage14_integrated_gradients/stage14_3b_ig_completeness_audit.csv,111,"mlp,MLP,NEURAL_DISAGREE_10,54590,151302,1,Infilteration,0.901373565196991,2.212581157684326,zero_scaled,Zero standardized vector,Sensitivity control only,1,2.5958499908447266,-0.3832688331604004,Trapezoidal rule,32,-0.2438383008055288,0.1394305323548716,0.1394305323548716,0.1394305323548716,False,56.27775838680808,14.703124791295924"
vit,results/stage14_integrated_gradients/stage14_3b_ig_completeness_audit.csv,112,"mlp,MLP,NEURAL_DISAGREE_10,54590,151302,1,Infilteration,0.901373565196991,2.212581157684326,zero_scaled,Zero standardized vector,Sensitivity control only,1,2.5958499908447266,-0.3832688331604004,Trapezoidal rule,64,-0.4498289582074045,-0.06656012504700409,0.06656012504700409,0.06656012504700409,False,55.94127187331339,14.63107501113556"
vit,results/stage14_integrated_gradients/stage14_3b_ig_completeness_audit.csv,113,"mlp,MLP,NEURAL_DISAGREE_10,54590,151302,1,Infilteration,0.901373565196991,2.212581157684326,zero_scaled,Zero standardized vector,Sensitivity control only,1,2.5958499908447266,-0.3832688331604004,Trapezoidal rule,128,-0.5046048246032149,-0.12133599144281448,0.12133599144281448,0.12133599144281448,False,56.04997267680532,14.718331738089633"
vit,results/stage14_integrated_gradients/stage14_3b_ig_completeness_audit.csv,114,"mlp,MLP,NEURAL_DISAGREE_10,54590,151302,1,Infilteration,0.901373565196991,2.212581157684326,benign_median,Benign training median,Single benign reference sensitivity baseline,1,-3.213318347930908,5.425899505615234,Trapezoidal rule,16,5.390940775498179,-0.0349587301170553,0.0349587301170553,0.006442937264296307,True,14.596851528298785,5.1867992566049"
vit,results/stage14_integrated_gradients/stage14_3b_ig_completeness_audit.csv,115,"mlp,MLP,NEURAL_DISAGREE_10,54590,151302,1,Infilteration,0.901373565196991,2.212581157684326,benign_median,Benign training median,Single benign reference sensitivity baseline,1,-3.213318347930908,5.425899505615234,Trapezoidal rule,32,5.398249894459791,-0.027649611155442955,0.027649611155442955,0.005095857585793567,True,14.474119953887337,5.18937453336268"
vit,results/stage14_integrated_gradients/stage14_3b_ig_completeness_audit.csv,116,"mlp,MLP,NEURAL_DISAGREE_10,54590,151302,1,Infilteration,0.901373565196991,2.212581157684326,benign_median,Benign training median,Single benign reference sensitivity baseline,1,-3.213318347930908,5.425899505615234,Trapezoidal rule,64,5.441468678127248,0.01556917251201373,0.01556917251201373,0.0028694177796513326,True,14.545752144178383,5.217703922071797"
vit,results/stage14_integrated_gradients/stage14_3b_ig_completeness_audit.csv,117,"mlp,MLP,NEURAL_DISAGREE_10,54590,151302,1,Infilteration,0.901373565196991,2.212581157684326,benign_median,Benign training median,Single benign reference sensitivity baseline,1,-3.213318347930908,5.425899505615234,Trapezoidal rule,128,5.433012899982703,0.007113394367468828,0.007113394367468828,0.0013110073933561089,True,14.498824728491401,5.198299935719272"
vit,results/stage14_integrated_gradients/stage14_3b_ig_completeness_audit.csv,122,"mlp,MLP,NEURAL_DISAGREE_11,18486,69394,1,DoS attacks-Hulk,0.22092919051647186,-1.260259747505188,zero_scaled,Zero standardized vector,Sensitivity control only,1,2.5958499908447266,-3.8561097383499146,Trapezoidal rule,16,-3.652045353106685,0.20406438524322956,0.20406438524322956,0.052919755683755954,False,24.41217367147865,6.188189340778088"
vit,results/stage14_integrated_gradients/stage14_3b_ig_completeness_audit.csv,123,"mlp,MLP,NEURAL_DISAGREE_11,18486,69394,1,DoS attacks-Hulk,0.22092919051647186,-1.260259747505188,zero_scaled,Zero standardized vector,Sensitivity control only,1,2.5958499908447266,-3.8561097383499146,Trapezoidal rule,32,-3.785414240577965,0.07069549777194961,0.07069549777194961,0.01833337289882244,False,24.351333219948174,6.2361182512802635"
vit,results/stage14_integrated_gradients/stage14_3b_ig_completeness_audit.csv,124,"mlp,MLP,NEURAL_DISAGREE_11,18486,69394,1,DoS attacks-Hulk,0.22092919051647186,-1.260259747505188,zero_scaled,Zero standardized vector,Sensitivity control only,1,2.5958499908447266,-3.8561097383499146,Trapezoidal rule,64,-3.8359125895644524,0.020197148785462193,0.020197148785462193,0.005237700728430215,True,24.391931911271772,6.264744267364526"
vit,results/stage14_integrated_gradients/stage14_3b_ig_completeness_audit.csv,125,"mlp,MLP,NEURAL_DISAGREE_11,18486,69394,1,DoS attacks-Hulk,0.22092919051647186,-1.260259747505188,zero_scaled,Zero standardized vector,Sensitivity control only,1,2.5958499908447266,-3.8561097383499146,Trapezoidal rule,128,-3.8403023541447556,0.015807384205158925,0.015807384205158925,0.004099308701708042,True,24.40985796025543,6.2702254478885"
vit,results/stage14_integrated_gradients/stage14_3b_ig_completeness_audit.csv,126,"mlp,MLP,NEURAL_DISAGREE_11,18486,69394,1,DoS attacks-Hulk,0.22092919051647186,-1.260259747505188,benign_median,Benign training median,Single benign reference sensitivity baseline,1,-3.213318347930908,1.9530586004257202,Trapezoidal rule,16,1.9410531878552666,-0.012005412570453622,0.012005412570453622,0.006146980212389289,True,2.805968144140205,0.9441018307884022"
vit,results/stage14_integrated_gradients/stage14_3b_ig_completeness_audit.csv,127,"mlp,MLP,NEURAL_DISAGREE_11,18486,69394,1,DoS attacks-Hulk,0.22092919051647186,-1.260259747505188,benign_median,Benign training median,Single benign reference sensitivity baseline,1,-3.213318347930908,1.9530586004257202,Trapezoidal rule,32,1.9512940911085654,-0.001764509317154772,0.001764509317154772,0.0009034594849177342,True,2.81806985972511,0.9458668089423986"
vit,results/stage14_integrated_gradients/stage14_3b_ig_completeness_audit.csv,128,"mlp,MLP,NEURAL_DISAGREE_11,18486,69394,1,DoS attacks-Hulk,0.22092919051647186,-1.260259747505188,benign_median,Benign training median,Single benign reference sensitivity baseline,1,-3.213318347930908,1.9530586004257202,Trapezoidal rule,64,1.945660179018513,-0.007398421407207145,0.007398421407207145,0.0037881205436408644,True,2.806327893275636,0.9422651724188502"
vit,results/stage14_integrated_gradients/stage14_3b_ig_completeness_audit.csv,129,"mlp,MLP,NEURAL_DISAGREE_11,18486,69394,1,DoS attacks-Hulk,0.22092919051647186,-1.260259747505188,benign_median,Benign training median,Single benign reference sensitivity baseline,1,-3.213318347930908,1.9530586004257202,Trapezoidal rule,128,1.94980110625775,-0.0032574941679701652,0.0032574941679701652,0.0016678937166862834,True,2.812584514027586,0.945254416490507"
vit,results/stage14_integrated_gradients/stage14_3b_ig_completeness_audit.csv,134,"mlp,MLP,NEURAL_DISAGREE_12,6939,277691,1,Infilteration,0.8879386782646179,2.069856882095337,zero_scaled,Zero standardized vector,Sensitivity control only,1,2.5958499908447266,-0.5259931087493896,Trapezoidal rule,16,-0.5184952585797437,0.007497850169645992,0.007497850169645992,0.007497850169645992,True,54.268840111468734,13.980086516180227"
vit,results/stage14_integrated_gradients/stage14_3b_ig_completeness_audit.csv,135,"mlp,MLP,NEURAL_DISAGREE_12,6939,277691,1,Infilteration,0.8879386782646179,2.069856882095337,zero_scaled,Zero standardized vector,Sensitivity control only,1,2.5958499908447266,-0.5259931087493896,Trapezoidal rule,32,-0.3648903865228129,0.16110272222657673,0.16110272222657673,0.16110272222657673,False,55.19041620050724,14.316382437095521"
vit,results/stage14_integrated_gradients/stage14_3b_ig_completeness_audit.csv,136,"mlp,MLP,NEURAL_DISAGREE_12,6939,277691,1,Infilteration,0.8879386782646179,2.069856882095337,zero_scaled,Zero standardized vector,Sensitivity control only,1,2.5958499908447266,-0.5259931087493896,Trapezoidal rule,64,-0.5660065473815005,-0.04001343863211082,0.04001343863211082,0.04001343863211082,False,54.864625348814926,14.27826610890197"
vit,results/stage14_integrated_gradients/stage14_3b_ig_completeness_audit.csv,137,"mlp,MLP,NEURAL_DISAGREE_12,6939,277691,1,Infilteration,0.8879386782646179,2.069856882095337,zero_scaled,Zero standardized vector,Sensitivity control only,1,2.5958499908447266,-0.5259931087493896,Trapezoidal rule,128,-0.5738641089855825,-0.04787100023619284,0.04787100023619284,0.04787100023619284,False,54.94692221017974,14.32744679692962"
vit,results/stage14_integrated_gradients/stage14_3b_ig_completeness_audit.csv,138,"mlp,MLP,NEURAL_DISAGREE_12,6939,277691,1,Infilteration,0.8879386782646179,2.069856882095337,benign_median,Benign training median,Single benign reference sensitivity baseline,1,-3.213318347930908,5.283175230026245,Trapezoidal rule,16,5.361440970647685,0.07826574062143976,0.07826574062143976,0.014814148161625705,False,13.508663311853853,4.8787667236173045"
vit,results/stage14_integrated_gradients/stage14_3b_ig_completeness_audit.csv,139,"mlp,MLP,NEURAL_DISAGREE_12,6939,277691,1,Infilteration,0.8879386782646179,2.069856882095337,benign_median,Benign training median,Single benign reference sensitivity baseline,1,-3.213318347930908,5.283175230026245,Trapezoidal rule,32,5.31918949662065,0.03601426659440499,0.03601426659440499,0.006816784419665383,True,13.4374146017684,4.864095584203132"
vit,results/stage14_integrated_gradients/stage14_3b_ig_completeness_audit.csv,140,"mlp,MLP,NEURAL_DISAGREE_12,6939,277691,1,Infilteration,0.8879386782646179,2.069856882095337,benign_median,Benign training median,Single benign reference sensitivity baseline,1,-3.213318347930908,5.283175230026245,Trapezoidal rule,64,5.275836843968025,-0.007338386058219903,0.007338386058219903,0.0013890105360339238,True,13.335225129783112,4.828521342811148"
vit,results/stage14_integrated_gradients/stage14_3b_ig_completeness_audit.csv,141,"mlp,MLP,NEURAL_DISAGREE_12,6939,277691,1,Infilteration,0.8879386782646179,2.069856882095337,benign_median,Benign training median,Single benign reference sensitivity baseline,1,-3.213318347930908,5.283175230026245,Trapezoidal rule,128,5.304963363971068,0.02178813394482315,0.02178813394482315,0.00412406043641958,True,13.385831661421413,4.850357398729237"
vit,results/stage14_integrated_gradients/stage14_3b_ig_completeness_audit.csv,146,"cnn,CNN,NEURAL_DISAGREE_01,55861,52553,0,Benign,0.9984436631202698,6.4638872146606445,zero_scaled,Zero standardized vector,Sensitivity control only,1,-20.17304229736328,26.636929512023926,Trapezoidal rule,16,27.68837624032568,1.0514467283017552,1.0514467283017552,0.03947327066459111,False,78.28898097637976,24.210531009055682"
vit,results/stage14_integrated_gradients/stage14_3b_ig_completeness_audit.csv,147,"cnn,CNN,NEURAL_DISAGREE_01,55861,52553,0,Benign,0.9984436631202698,6.4638872146606445,zero_scaled,Zero standardized vector,Sensitivity control only,1,-20.17304229736328,26.636929512023926,Trapezoidal rule,32,26.727622569171213,0.0906930571472877,0.0906930571472877,0.003404786467837774,False,77.5814982386245,23.989931080386665"
vit,results/stage14_integrated_gradients/stage14_3b_ig_completeness_audit.csv,148,"cnn,CNN,NEURAL_DISAGREE_01,55861,52553,0,Benign,0.9984436631202698,6.4638872146606445,zero_scaled,Zero standardized vector,Sensitivity control only,1,-20.17304229736328,26.636929512023926,Trapezoidal rule,64,26.377836762360026,-0.2590927496638997,0.2590927496638997,0.009726824916022888,False,77.16257128404207,23.877290992007772"
vit,results/stage14_integrated_gradients/stage14_3b_ig_completeness_audit.csv,149,"cnn,CNN,NEURAL_DISAGREE_01,55861,52553,0,Benign,0.9984436631202698,6.4638872146606445,zero_scaled,Zero standardized vector,Sensitivity control only,1,-20.17304229736328,26.636929512023926,Trapezoidal rule,128,26.536045766553325,-0.10088374547060042,0.10088374547060042,0.0037873639086314897,False,77.55273763968935,23.993512296269387"
vit,results/stage14_integrated_gradients/stage14_3b_ig_completeness_audit.csv,150,"cnn,CNN,NEURAL_DISAGREE_01,55861,52553,0,Benign,0.9984436631202698,6.4638872146606445,benign_median,Benign training median,Single benign reference sensitivity baseline,1,-3.0530614852905273,9.516948699951172,Trapezoidal rule,16,9.257653234718521,-0.25929546523265046,0.25929546523265046,0.027245651248911408,False,71.20899223097712,25.617008377440506"
vit,results/stage14_integrated_gradients/stage14_3b_ig_completeness_audit.csv,151,"cnn,CNN,NEURAL_DISAGREE_01,55861,52553,0,Benign,0.9984436631202698,6.4638872146606445,benign_median,Benign training median,Single benign reference sensitivity baseline,1,-3.0530614852905273,9.516948699951172,Trapezoidal rule,32,9.253216645966784,-0.2637320539843877,0.2637320539843877,0.027711828895929724,False,71.22094382617983,25.619453472201826"
vit,results/stage14_integrated_gradients/stage14_3b_ig_completeness_audit.csv,152,"cnn,CNN,NEURAL_DISAGREE_01,55861,52553,0,Benign,0.9984436631202698,6.4638872146606445,benign_median,Benign training median,Single benign reference sensitivity baseline,1,-3.0530614852905273,9.516948699951172,Trapezoidal rule,64,9.418293653238077,-0.09865504671309466,0.09865504671309466,0.010366247609761816,False,71.55839888587815,25.709416951151898"
vit,results/stage14_integrated_gradients/stage14_3b_ig_completeness_audit.csv,153,"cnn,CNN,NEURAL_DISAGREE_01,55861,52553,0,Benign,0.9984436631202698,6.4638872146606445,benign_median,Benign training median,Single benign reference sensitivity baseline,1,-3.0530614852905273,9.516948699951172,Trapezoidal rule,128,9.413639442945296,-0.10330925700587557,0.10330925700587557,0.010855291991476806,False,71.67306256383333,25.744696317016935"
vit,results/stage14_integrated_gradients/stage14_3b_ig_completeness_audit.csv,158,"cnn,CNN,NEURAL_DISAGREE_02,10083,196830,0,Benign,0.9696998000144958,3.4658305644989014,zero_scaled,Zero standardized vector,Sensitivity control only,1,-20.17304229736328,23.638872861862183,Trapezoidal rule,16,23.40701709316048,-0.23185576870170266,0.23185576870170266,0.009808241283609066,False,41.294679364468216,9.684169088402609"
vit,results/stage14_integrated_gradients/stage14_3b_ig_completeness_audit.csv,159,"cnn,CNN,NEURAL_DISAGREE_02,10083,196830,0,Benign,0.9696998000144958,3.4658305644989014,zero_scaled,Zero standardized vector,Sensitivity control only,1,-20.17304229736328,23.638872861862183,Trapezoidal rule,32,23.600244408707475,-0.03862845315470764,0.03862845315470764,0.0016341072343186434,True,41.51505120812036,9.726661762308765"
vit,results/stage14_integrated_gradients/stage14_3b_ig_completeness_audit.csv,160,"cnn,CNN,NEURAL_DISAGREE_02,10083,196830,0,Benign,0.9696998000144958,3.4658305644989014,zero_scaled,Zero standardized vector,Sensitivity control only,1,-20.17304229736328,23.638872861862183,Trapezoidal rule,64,23.59608413473871,-0.04278872712347237,0.04278872712347237,0.0018101001419786658,True,41.389098215017704,9.67875588959751"
vit,results/stage14_integrated_gradients/stage14_3b_ig_completeness_audit.csv,161,"cnn,CNN,NEURAL_DISAGREE_02,10083,196830,0,Benign,0.9696998000144958,3.4658305644989014,zero_scaled,Zero standardized vector,Sensitivity control only,1,-20.17304229736328,23.638872861862183,Trapezoidal rule,128,23.639394183095334,0.0005213212331511841,0.0005213212331511841,2.2053557130139593e-05,True,41.376946458202234,9.661582362266572"
vit,results/stage14_integrated_gradients/stage14_3b_ig_completeness_audit.csv,162,"cnn,CNN,NEURAL_DISAGREE_02,10083,196830,0,Benign,0.9696998000144958,3.4658305644989014,benign_median,Benign training median,Single benign reference sensitivity baseline,1,-3.0530614852905273,6.518892049789429,Trapezoidal rule,16,7.00513728068303,0.4862452308936014,0.4862452308936014,0.07459016458315304,False,31.4353101880983,14.372663268964466"
vit,results/stage14_integrated_gradients/stage14_3b_ig_completeness_audit.csv,163,"cnn,CNN,NEURAL_DISAGREE_02,10083,196830,0,Benign,0.9696998000144958,3.4658305644989014,benign_median,Benign training median,Single benign reference sensitivity baseline,1,-3.0530614852905273,6.518892049789429,Trapezoidal rule,32,6.700125487567716,0.18123343777828715,0.18123343777828715,0.027801263833497795,False,31.405442869164148,14.421844579399037"
vit,results/stage14_integrated_gradients/stage14_3b_ig_completeness_audit.csv,164,"cnn,CNN,NEURAL_DISAGREE_02,10083,196830,0,Benign,0.9696998000144958,3.4658305644989014,benign_median,Benign training median,Single benign reference sensitivity baseline,1,-3.0530614852905273,6.518892049789429,Trapezoidal rule,64,6.47518995707446,-0.04370209271496872,0.04370209271496872,0.006703914159213661,True,31.51340935721851,14.525316522341363"
vit,results/stage14_integrated_gradients/stage14_3b_ig_completeness_audit.csv,165,"cnn,CNN,NEURAL_DISAGREE_02,10083,196830,0,Benign,0.9696998000144958,3.4658305644989014,benign_median,Benign training median,Single benign reference sensitivity baseline,1,-3.0530614852905273,6.518892049789429,Trapezoidal rule,128,6.601279916241542,0.08238786645211338,0.08238786645211338,0.012638323479336439,False,31.462814538327198,14.464032870723148"
vit,results/stage14_integrated_gradients/stage14_3b_ig_completeness_audit.csv,170,"cnn,CNN,NEURAL_DISAGREE_03,11807,142668,0,Benign,0.9691233038902283,3.4463882446289062,zero_scaled,Zero standardized vector,Sensitivity control only,1,-20.17304229736328,23.619430541992188,Trapezoidal rule,16,24.118593754001967,0.49916321200977976,0.49916321200977976,0.021133583687478592,False,33.39112437327301,7.041371675806429"
vit,results/stage14_integrated_gradients/stage14_3b_ig_completeness_audit.csv,171,"cnn,CNN,NEURAL_DISAGREE_03,11807,142668,0,Benign,0.9691233038902283,3.4463882446289062,zero_scaled,Zero standardized vector,Sensitivity control only,1,-20.17304229736328,23.619430541992188,Trapezoidal rule,32,23.852163790333975,0.23273324834178766,0.23273324834178766,0.009853465684874116,False,33.31232436686204,7.053349847936149"
vit,results/stage14_integrated_gradients/stage14_3b_ig_completeness_audit.csv,172,"cnn,CNN,NEURAL_DISAGREE_03,11807,142668,0,Benign,0.9691233038902283,3.4463882446289062,zero_scaled,Zero standardized vector,Sensitivity control only,1,-20.17304229736328,23.619430541992188,Trapezoidal rule,64,23.730238526349574,0.11080798435738615,0.11080798435738615,0.004691391020642279,False,33.20204994161695,7.044525680166559"
vit,results/stage14_integrated_gradients/stage14_3b_ig_completeness_audit.csv,173,"cnn,CNN,NEURAL_DISAGREE_03,11807,142668,0,Benign,0.9691233038902283,3.4463882446289062,zero_scaled,Zero standardized vector,Sensitivity control only,1,-20.17304229736328,23.619430541992188,Trapezoidal rule,128,23.6227855443068,0.0033550023146133867,0.0033550023146133867,0.00014204416607964537,True,33.131509139942935,7.0326857105302425"
vit,results/stage14_integrated_gradients/stage14_3b_ig_completeness_audit.csv,174,"cnn,CNN,NEURAL_DISAGREE_03,11807,142668,0,Benign,0.9691233038902283,3.4463882446289062,benign_median,Benign training median,Single benign reference sensitivity baseline,1,-3.0530614852905273,6.499449729919434,Trapezoidal rule,16,6.621804173838422,0.12235444391898831,0.12235444391898831,0.018825354299725462,False,10.28820190239303,5.041328653346458"
vit,results/stage14_integrated_gradients/stage14_3b_ig_completeness_audit.csv,175,"cnn,CNN,NEURAL_DISAGREE_03,11807,142668,0,Benign,0.9691233038902283,3.4463882446289062,benign_median,Benign training median,Single benign reference sensitivity baseline,1,-3.0530614852905273,6.499449729919434,Trapezoidal rule,32,6.505642038443728,0.006192308524294532,0.006192308524294532,0.0009527435062369951,True,10.132399382945835,4.941770260493289"
vit,results/stage14_integrated_gradients/stage14_3b_ig_completeness_audit.csv,176,"cnn,CNN,NEURAL_DISAGREE_03,11807,142668,0,Benign,0.9691233038902283,3.4463882446289062,benign_median,Benign training median,Single benign reference sensitivity baseline,1,-3.0530614852905273,6.499449729919434,Trapezoidal rule,64,6.483864355224917,-0.01558537469451693,0.01558537469451693,0.0023979529563512947,True,10.116733145227105,4.928673384515948"
vit,results/stage14_integrated_gradients/stage14_3b_ig_completeness_audit.csv,177,"cnn,CNN,NEURAL_DISAGREE_03,11807,142668,0,Benign,0.9691233038902283,3.4463882446289062,benign_median,Benign training median,Single benign reference sensitivity baseline,1,-3.0530614852905273,6.499449729919434,Trapezoidal rule,128,6.503297240085742,0.0038475101663086875,0.0038475101663086875,0.0005919747557392648,True,10.157658147010654,4.947603778214224"
vit,results/stage14_integrated_gradients/stage14_3b_ig_completeness_audit.csv,182,"cnn,CNN,NEURAL_DISAGREE_04,30716,257630,0,Benign,0.9761539101600647,3.712000608444214,zero_scaled,Zero standardized vector,Sensitivity control only,1,-20.17304229736328,23.885042905807495,Trapezoidal rule,16,23.991613134106018,0.1065702282985228,0.1065702282985228,0.004461797649633317,False,33.49583193286823,7.044685635905652"
vit,results/stage14_integrated_gradients/stage14_3b_ig_completeness_audit.csv,183,"cnn,CNN,NEURAL_DISAGREE_04,30716,257630,0,Benign,0.9761539101600647,3.712000608444214,zero_scaled,Zero standardized vector,Sensitivity control only,1,-20.17304229736328,23.885042905807495,Trapezoidal rule,32,23.910360814045436,0.02531790823794111,0.02531790823794111,0.0010599900673314354,True,33.577863804368555,7.086267000662712"
vit,results/stage14_integrated_gradients/stage14_3b_ig_completeness_audit.csv,184,"cnn,CNN,NEURAL_DISAGREE_04,30716,257630,0,Benign,0.9761539101600647,3.712000608444214,zero_scaled,Zero standardized vector,Sensitivity control only,1,-20.17304229736328,23.885042905807495,Trapezoidal rule,64,23.898619211582687,0.01357630577519231,0.01357630577519231,0.0005684019839835129,True,33.6247428749266,7.098041556570488"
vit,results/stage14_integrated_gradients/stage14_3b_ig_completeness_audit.csv,185,"cnn,CNN,NEURAL_DISAGREE_04,30716,257630,0,Benign,0.9761539101600647,3.712000608444214,zero_scaled,Zero standardized vector,Sensitivity control only,1,-20.17304229736328,23.885042905807495,Trapezoidal rule,128,23.859691001624817,-0.025351904182677742,0.025351904182677742,0.001061413382536298,True,33.547090076365286,7.0795861372298345"
vit,results/stage14_integrated_gradients/stage14_3b_ig_completeness_audit.csv,186,"cnn,CNN,NEURAL_DISAGREE_04,30716,257630,0,Benign,0.9761539101600647,3.712000608444214,benign_median,Benign training median,Single benign reference sensitivity baseline,1,-3.0530614852905273,6.765062093734741,Trapezoidal rule,16,6.750465284481189,-0.014596809253552223,0.014596809253552223,0.0021576755765583613,True,10.610186448802356,5.17027616320845"
vit,results/stage14_integrated_gradients/stage14_3b_ig_completeness_audit.csv,187,"cnn,CNN,NEURAL_DISAGREE_04,30716,257630,0,Benign,0.9761539101600647,3.712000608444214,benign_median,Benign training median,Single benign reference sensitivity baseline,1,-3.0530614852905273,6.765062093734741,Trapezoidal rule,32,6.739518490389267,-0.025543603345473898,0.025543603345473898,0.0037758121051291367,True,10.556845624439982,5.168350870941631"
vit,results/stage14_integrated_gradients/stage14_3b_ig_completeness_audit.csv,188,"cnn,CNN,NEURAL_DISAGREE_04,30716,257630,0,Benign,0.9761539101600647,3.712000608444214,benign_median,Benign training median,Single benign reference sensitivity baseline,1,-3.0530614852905273,6.765062093734741,Trapezoidal rule,64,6.759293478870012,-0.005768614864729571,0.005768614864729571,0.000852706861341598,True,10.577748538955802,5.179152568827956"
vit,results/stage14_integrated_gradients/stage14_3b_ig_completeness_audit.csv,189,"cnn,CNN,NEURAL_DISAGREE_04,30716,257630,0,Benign,0.9761539101600647,3.712000608444214,benign_median,Benign training median,Single benign reference sensitivity baseline,1,-3.0530614852905273,6.765062093734741,Trapezoidal rule,128,6.7791234265543245,0.014061332819583328,0.014061332819583328,0.0020785223586647947,True,10.596929721835227,5.192954310354819"
vit,results/stage14_integrated_gradients/stage14_3b_ig_completeness_audit.csv,194,"cnn,CNN,NEURAL_DISAGREE_05,30033,174394,0,Benign,0.9459136128425598,2.8615689277648926,zero_scaled,Zero standardized vector,Sensitivity control only,1,-20.17304229736328,23.034611225128174,Trapezoidal rule,16,22.641407561474438,-0.39320366365373616,0.39320366365373616,0.017070123728626038,False,26.148062919144014,5.904056972155619"
vit,results/stage14_integrated_gradients/stage14_3b_ig_completeness_audit.csv,195,"cnn,CNN,NEURAL_DISAGREE_05,30033,174394,0,Benign,0.9459136128425598,2.8615689277648926,zero_scaled,Zero standardized vector,Sensitivity control only,1,-20.17304229736328,23.034611225128174,Trapezoidal rule,32,22.8879907188141,-0.14662050631407553,0.14662050631407553,0.006365226001910074,False,26.389536829181946,5.964102341872269"
vit,results/stage14_integrated_gradients/stage14_3b_ig_completeness_audit.csv,196,"cnn,CNN,NEURAL_DISAGREE_05,30033,174394,0,Benign,0.9459136128425598,2.8615689277648926,zero_scaled,Zero standardized vector,Sensitivity control only,1,-20.17304229736328,23.034611225128174,Trapezoidal rule,64,22.98507319643071,-0.049538028697462266,0.049538028697462266,0.0021505910481103255,True,26.49497049203017,5.972384119045013"
vit,results/stage14_integrated_gradients/stage14_3b_ig_completeness_audit.csv,197,"cnn,CNN,NEURAL_DISAGREE_05,30033,174394,0,Benign,0.9459136128425598,2.8615689277648926,zero_scaled,Zero standardized vector,Sensitivity control only,1,-20.17304229736328,23.034611225128174,Trapezoidal rule,128,22.989354692460747,-0.045256532667426796,0.045256532667426796,0.0019647187541006555,True,26.494896251552266,5.972621706827454"
vit,results/stage14_integrated_gradients/stage14_3b_ig_completeness_audit.csv,198,"cnn,CNN,NEURAL_DISAGREE_05,30033,174394,0,Benign,0.9459136128425598,2.8615689277648926,benign_median,Benign training median,Single benign reference sensitivity baseline,1,-3.0530614852905273,5.91463041305542,Trapezoidal rule,16,5.612479346541833,-0.3021510665135869,0.3021510665135869,0.051085367201752115,False,17.861528294504193,5.690474230191847"
vit,results/stage14_integrated_gradients/stage14_3b_ig_completeness_audit.csv,199,"cnn,CNN,NEURAL_DISAGREE_05,30033,174394,0,Benign,0.9459136128425598,2.8615689277648926,benign_median,Benign training median,Single benign reference sensitivity baseline,1,-3.0530614852905273,5.91463041305542,Trapezoidal rule,32,5.9421986267135996,0.02756821365817963,0.02756821365817963,0.004661020508961651,True,18.11215706729691,5.75747995619795"
vit,results/stage14_integrated_gradients/stage14_3b_ig_completeness_audit.csv,200,"cnn,CNN,NEURAL_DISAGREE_05,30033,174394,0,Benign,0.9459136128425598,2.8615689277648926,benign_median,Benign training median,Single benign reference sensitivity baseline,1,-3.0530614852905273,5.91463041305542,Trapezoidal rule,64,5.906558945197428,-0.008071467857991621,0.008071467857991621,0.0013646614064296212,True,18.161050781274753,5.77127846910145"
vit,results/stage14_integrated_gradients/stage14_3b_ig_completeness_audit.csv,201,"cnn,CNN,NEURAL_DISAGREE_05,30033,174394,0,Benign,0.9459136128425598,2.8615689277648926,benign_median,Benign training median,Single benign reference sensitivity baseline,1,-3.0530614852905273,5.91463041305542,Trapezoidal rule,128,5.932989914283622,0.01835950122820229,0.01835950122820229,0.0031040825793065933,True,18.1730569149027,5.775081384845421"
vit,results/stage14_integrated_gradients/stage14_3b_ig_completeness_audit.csv,206,"cnn,CNN,NEURAL_DISAGREE_06,23693,28361,0,Benign,0.9438652396202087,2.822228193283081,zero_scaled,Zero standardized vector,Sensitivity control only,1,-20.17304229736328,22.995270490646362,Trapezoidal rule,16,23.534730442662205,0.539459952015843,0.539459952015843,0.023459604540650027,False,33.338712345970016,7.128927669275866"
vit,results/stage14_integrated_gradients/stage14_3b_ig_completeness_audit.csv,207,"cnn,CNN,NEURAL_DISAGREE_06,23693,28361,0,Benign,0.9438652396202087,2.822228193283081,zero_scaled,Zero standardized vector,Sensitivity control only,1,-20.17304229736328,22.995270490646362,Trapezoidal rule,32,23.2750909572379,0.2798204665915378,0.2798204665915378,0.01216860948451807,False,33.216975193571635,7.120773583241294"
vit,results/stage14_integrated_gradients/stage14_3b_ig_completeness_audit.csv,208,"cnn,CNN,NEURAL_DISAGREE_06,23693,28361,0,Benign,0.9438652396202087,2.822228193283081,zero_scaled,Zero standardized vector,Sensitivity control only,1,-20.17304229736328,22.995270490646362,Trapezoidal rule,64,23.115668469083765,0.12039797843740274,0.12039797843740274,0.0052357713507382424,False,33.122636457611804,7.114844261316399"
vit,results/stage14_integrated_gradients/stage14_3b_ig_completeness_audit.csv,209,"cnn,CNN,NEURAL_DISAGREE_06,23693,28361,0,Benign,0.9438652396202087,2.822228193283081,zero_scaled,Zero standardized vector,Sensitivity control only,1,-20.17304229736328,22.995270490646362,Trapezoidal rule,128,23.0077294519495,0.012458961303138949,0.012458961303138949,0.0005418053815982204,True,33.06822455061161,7.107082446336032"
vit,results/stage14_integrated_gradients/stage14_3b_ig_completeness_audit.csv,210,"cnn,CNN,NEURAL_DISAGREE_06,23693,28361,0,Benign,0.9438652396202087,2.822228193283081,benign_median,Benign training median,Single benign reference sensitivity baseline,1,-3.0530614852905273,5.875289678573608,Trapezoidal rule,16,5.9815004016520765,0.10621072307846813,0.10621072307846813,0.01807752960093259,False,10.168525006377081,4.1167436362636645"
vit,results/stage14_integrated_gradients/stage14_3b_ig_completeness_audit.csv,211,"cnn,CNN,NEURAL_DISAGREE_06,23693,28361,0,Benign,0.9438652396202087,2.822228193283081,benign_median,Benign training median,Single benign reference sensitivity baseline,1,-3.0530614852905273,5.875289678573608,Trapezoidal rule,32,5.868519204117149,-0.006770474456459397,0.006770474456459397,0.0011523643644585572,True,10.012955935187087,4.02093209865389"
vit,results/stage14_integrated_gradients/stage14_3b_ig_completeness_audit.csv,212,"cnn,CNN,NEURAL_DISAGREE_06,23693,28361,0,Benign,0.9438652396202087,2.822228193283081,benign_median,Benign training median,Single benign reference sensitivity baseline,1,-3.0530614852905273,5.875289678573608,Trapezoidal rule,64,5.881665574489475,0.006375895915866181,0.006375895915866181,0.001085205371084632,True,10.028528059892896,4.020878466314505"
vit,results/stage14_integrated_gradients/stage14_3b_ig_completeness_audit.csv,213,"cnn,CNN,NEURAL_DISAGREE_06,23693,28361,0,Benign,0.9438652396202087,2.822228193283081,benign_median,Benign training median,Single benign reference sensitivity baseline,1,-3.0530614852905273,5.875289678573608,Trapezoidal rule,128,5.88422941064827,0.008939732074662032,0.008939732074662032,0.0015215814987410805,True,10.025284233669204,4.019876874274673"
vit,results/stage14_integrated_gradients/stage14_3b_ig_completeness_audit.csv,218,"cnn,CNN,NEURAL_DISAGREE_07,9859,173665,1,Infilteration,0.9754862189292908,3.6837031841278076,zero_scaled,Zero standardized vector,Sensitivity control only,1,-20.17304229736328,23.85674548149109,Trapezoidal rule,16,23.612546736603566,-0.24419874488752313,0.24419874488752313,0.010236046030544326,False,33.94740987209422,7.226685151730164"
vit,results/stage14_integrated_gradients/stage14_3b_ig_completeness_audit.csv,219,"cnn,CNN,NEURAL_DISAGREE_07,9859,173665,1,Infilteration,0.9754862189292908,3.6837031841278076,zero_scaled,Zero standardized vector,Sensitivity control only,1,-20.17304229736328,23.85674548149109,Trapezoidal rule,32,23.84268171744693,-0.014063764044159655,0.014063764044159655,0.0005895089108055758,True,34.22896559260531,7.282423004011659"
vit,results/stage14_integrated_gradients/stage14_3b_ig_completeness_audit.csv,220,"cnn,CNN,NEURAL_DISAGREE_07,9859,173665,1,Infilteration,0.9754862189292908,3.6837031841278076,zero_scaled,Zero standardized vector,Sensitivity control only,1,-20.17304229736328,23.85674548149109,Trapezoidal rule,64,23.84156155731267,-0.015183924178419517,0.015183924178419517,0.0006364625128854959,True,34.29072537288285,7.303905572283827"
vit,results/stage14_integrated_gradients/stage14_3b_ig_completeness_audit.csv,221,"cnn,CNN,NEURAL_DISAGREE_07,9859,173665,1,Infilteration,0.9754862189292908,3.6837031841278076,zero_scaled,Zero standardized vector,Sensitivity control only,1,-20.17304229736328,23.85674548149109,Trapezoidal rule,128,23.855342318089907,-0.0014031634011821836,0.0014031634011821836,5.881621205502685e-05,True,34.370884746381606,7.324258038274211"
vit,results/stage14_integrated_gradients/stage14_3b_ig_completeness_audit.csv,222,"cnn,CNN,NEURAL_DISAGREE_07,9859,173665,1,Infilteration,0.9754862189292908,3.6837031841278076,benign_median,Benign training median,Single benign reference sensitivity baseline,1,-3.0530614852905273,6.736764669418335,Trapezoidal rule,16,6.792066243440599,0.05530157402226443,0.05530157402226443,0.008208921750422265,False,11.227375911033437,4.648382568362721"
vit,results/stage14_integrated_gradients/stage14_3b_ig_completeness_audit.csv,223,"cnn,CNN,NEURAL_DISAGREE_07,9859,173665,1,Infilteration,0.9754862189292908,3.6837031841278076,benign_median,Benign training median,Single benign reference sensitivity baseline,1,-3.0530614852905273,6.736764669418335,Trapezoidal rule,32,6.746867083665439,0.010102414247104008,0.010102414247104008,0.0014995943517166481,True,11.165522408467547,4.59464774433294"
vit,results/stage14_integrated_gradients/stage14_3b_ig_completeness_audit.csv,224,"cnn,CNN,NEURAL_DISAGREE_07,9859,173665,1,Infilteration,0.9754862189292908,3.6837031841278076,benign_median,Benign training median,Single benign reference sensitivity baseline,1,-3.0530614852905273,6.736764669418335,Trapezoidal rule,64,6.689426278472757,-0.04733839094557801,0.04733839094557801,0.007026873175557326,True,11.102450320347286,4.561944178896669"
vit,results/stage14_integrated_gradients/stage14_3b_ig_completeness_audit.csv,225,"cnn,CNN,NEURAL_DISAGREE_07,9859,173665,1,Infilteration,0.9754862189292908,3.6837031841278076,benign_median,Benign training median,Single benign reference sensitivity baseline,1,-3.0530614852905273,6.736764669418335,Trapezoidal rule,128,6.7181027353894205,-0.018661934028914473,0.018661934028914473,0.0027701626737283345,True,11.152488247035715,4.591429646857952"
vit,results/stage14_integrated_gradients/stage14_3b_ig_completeness_audit.csv,230,"cnn,CNN,NEURAL_DISAGREE_08,36588,230736,1,Infilteration,0.12168426066637039,-1.9765764474868774,zero_scaled,Zero standardized vector,Sensitivity control only,1,-20.17304229736328,18.196465849876404,Trapezoidal rule,16,19.399044258035566,1.2025784081591624,1.2025784081591624,0.06608857005973666,False,21.056759760333485,9.243029219341864"
vit,results/stage14_integrated_gradients/stage14_3b_ig_completeness_audit.csv,231,"cnn,CNN,NEURAL_DISAGREE_08,36588,230736,1,Infilteration,0.12168426066637039,-1.9765764474868774,zero_scaled,Zero standardized vector,Sensitivity control only,1,-20.17304229736328,18.196465849876404,Trapezoidal rule,32,18.39093230868921,0.1944664588128049,0.1944664588128049,0.010687045518464002,False,20.156977798423664,8.746233889948323"
vit,results/stage14_integrated_gradients/stage14_3b_ig_completeness_audit.csv,232,"cnn,CNN,NEURAL_DISAGREE_08,36588,230736,1,Infilteration,0.12168426066637039,-1.9765764474868774,zero_scaled,Zero standardized vector,Sensitivity control only,1,-20.17304229736328,18.196465849876404,Trapezoidal rule,64,18.370572116271454,0.1741062663950501,0.1741062663950501,0.009568136353039824,False,20.211329203908864,8.723885319484298"
vit,results/stage14_integrated_gradients/stage14_3b_ig_completeness_audit.csv,233,"cnn,CNN,NEURAL_DISAGREE_08,36588,230736,1,Infilteration,0.12168426066637039,-1.9765764474868774,zero_scaled,Zero standardized vector,Sensitivity control only,1,-20.17304229736328,18.196465849876404,Trapezoidal rule,128,18.172738415729572,-0.023727434146831428,0.023727434146831428,0.0013039583808518835,True,20.0122698510374,8.640713331050987"
vit,results/stage14_integrated_gradients/stage14_3b_ig_completeness_audit.csv,234,"cnn,CNN,NEURAL_DISAGREE_08,36588,230736,1,Infilteration,0.12168426066637039,-1.9765764474868774,benign_median,Benign training median,Single benign reference sensitivity baseline,1,-3.0530614852905273,1.07648503780365,Trapezoidal rule,16,0.8613161418539399,-0.21516889594971,0.21516889594971,0.1998809908112784,False,2.731024419733674,1.0227736261665683"
vit,results/stage14_integrated_gradients/stage14_3b_ig_completeness_audit.csv,235,"cnn,CNN,NEURAL_DISAGREE_08,36588,230736,1,Infilteration,0.12168426066637039,-1.9765764474868774,benign_median,Benign training median,Single benign reference sensitivity baseline,1,-3.0530614852905273,1.07648503780365,Trapezoidal rule,32,0.8425544811701224,-0.23393055663352746,0.23393055663352746,0.21730962198119863,False,2.6490757013453976,0.9552264195325297"
vit,results/stage14_integrated_gradients/stage14_3b_ig_completeness_audit.csv,236,"cnn,CNN,NEURAL_DISAGREE_08,36588,230736,1,Infilteration,0.12168426066637039,-1.9765764474868774,benign_median,Benign training median,Single benign reference sensitivity baseline,1,-3.0530614852905273,1.07648503780365,Trapezoidal rule,64,1.1182271228946523,0.04174208509100241,0.04174208509100241,0.0387762798600236,False,2.866420867969363,1.081763585367404"
vit,results/stage14_integrated_gradients/stage14_3b_ig_completeness_audit.csv,237,"cnn,CNN,NEURAL_DISAGREE_08,36588,230736,1,Infilteration,0.12168426066637039,-1.9765764474868774,benign_median,Benign training median,Single benign reference sensitivity baseline,1,-3.0530614852905273,1.07648503780365,Trapezoidal rule,128,1.0802276452072852,0.0037426074036353008,0.0037426074036353008,0.0034766924501536357,True,2.8308642424214563,1.0610175144534344"
vit,results/stage14_integrated_gradients/stage14_3b_ig_completeness_audit.csv,242,"cnn,CNN,NEURAL_DISAGREE_09,33433,299699,1,Infilteration,0.12165851891040802,-1.97681725025177,zero_scaled,Zero standardized vector,Sensitivity control only,1,-20.17304229736328,18.19622504711151,Trapezoidal rule,16,19.404174560822824,1.2079495137113128,1.2079495137113128,0.06638462156759618,False,21.044702636702947,9.248868925686102"
vit,results/stage14_integrated_gradients/stage14_3b_ig_completeness_audit.csv,243,"cnn,CNN,NEURAL_DISAGREE_09,33433,299699,1,Infilteration,0.12165851891040802,-1.97681725025177,zero_scaled,Zero standardized vector,Sensitivity control only,1,-20.17304229736328,18.19622504711151,Trapezoidal rule,32,18.405501154013496,0.20927610690198506,0.20927610690198506,0.011501072687337738,False,20.14181152736858,8.748627281958065"
vit,results/stage14_integrated_gradients/stage14_3b_ig_completeness_audit.csv,244,"cnn,CNN,NEURAL_DISAGREE_09,33433,299699,1,Infilteration,0.12165851891040802,-1.97681725025177,zero_scaled,Zero standardized vector,Sensitivity control only,1,-20.17304229736328,18.19622504711151,Trapezoidal rule,64,18.377582610287128,0.18135756317561658,0.18135756317561658,0.009966768530619239,False,20.201575937030814,8.727769890621357"
vit,results/stage14_integrated_gradients/stage14_3b_ig_completeness_audit.csv,245,"cnn,CNN,NEURAL_DISAGREE_09,33433,299699,1,Infilteration,0.12165851891040802,-1.97681725025177,zero_scaled,Zero standardized vector,Sensitivity control only,1,-20.17304229736328,18.19622504711151,Trapezoidal rule,128,18.175489553868303,-0.020735493243208225,0.020735493243208225,0.0011395491751460725,True,20.004498525304626,8.643673089282558"
vit,results/stage14_integrated_gradients/stage14_3b_ig_completeness_audit.csv,246,"cnn,CNN,NEURAL_DISAGREE_09,33433,299699,1,Infilteration,0.12165851891040802,-1.97681725025177,benign_median,Benign training median,Single benign reference sensitivity baseline,1,-3.0530614852905273,1.0762442350387573,Trapezoidal rule,16,0.8562558432836583,-0.219988391755099,0.219988391755099,0.20440378177466087,False,2.7165915186291323,1.0149928776664183"
vit,results/stage14_integrated_gradients/stage14_3b_ig_completeness_audit.csv,247,"cnn,CNN,NEURAL_DISAGREE_09,33433,299699,1,Infilteration,0.12165851891040802,-1.97681725025177,benign_median,Benign training median,Single benign reference sensitivity baseline,1,-3.0530614852905273,1.0762442350387573,Trapezoidal rule,32,0.8459047380006721,-0.2303394970380852,0.2303394970380852,0.21402158500741267,False,2.639535035781578,0.9499853247418963"
vit,results/stage14_integrated_gradients/stage14_3b_ig_completeness_audit.csv,248,"cnn,CNN,NEURAL_DISAGREE_09,33433,299699,1,Infilteration,0.12165851891040802,-1.97681725025177,benign_median,Benign training median,Single benign reference sensitivity baseline,1,-3.0530614852905273,1.0762442350387573,Trapezoidal rule,64,1.1225383078835207,0.04629407284476339,0.04629407284476339,0.04301446766225536,False,2.8495007558609826,1.0769751794464675"
vit,results/stage14_integrated_gradients/stage14_3b_ig_completeness_audit.csv,249,"cnn,CNN,NEURAL_DISAGREE_09,33433,299699,1,Infilteration,0.12165851891040802,-1.97681725025177,benign_median,Benign training median,Single benign reference sensitivity baseline,1,-3.0530614852905273,1.0762442350387573,Trapezoidal rule,128,1.085377825889198,0.009133590850440632,0.009133590850440632,0.008486541022086605,True,2.8205760962963056,1.0603566256710133"
vit,results/stage14_integrated_gradients/stage14_3b_ig_completeness_audit.csv,254,"cnn,CNN,NEURAL_DISAGREE_10,54590,151302,1,Infilteration,0.12159965932369232,-1.9773683547973633,zero_scaled,Zero standardized vector,Sensitivity control only,1,-20.17304229736328,18.195673942565918,Trapezoidal rule,16,19.42528018064041,1.229606238074492,1.229606238074492,0.06757684502127848,False,21.078715266894203,9.263970381807463"
vit,results/stage14_integrated_gradients/stage14_3b_ig_completeness_audit.csv,255,"cnn,CNN,NEURAL_DISAGREE_10,54590,151302,1,Infilteration,0.12159965932369232,-1.9773683547973633,zero_scaled,Zero standardized vector,Sensitivity control only,1,-20.17304229736328,18.195673942565918,Trapezoidal rule,32,18.413994477241726,0.21832053467580792,0.21832053467580792,0.011998485759028763,False,20.160600795143033,8.75479688741375"
vit,results/stage14_integrated_gradients/stage14_3b_ig_completeness_audit.csv,256,"cnn,CNN,NEURAL_DISAGREE_10,54590,151302,1,Infilteration,0.12159965932369232,-1.9773683547973633,zero_scaled,Zero standardized vector,Sensitivity control only,1,-20.17304229736328,18.195673942565918,Trapezoidal rule,64,18.379509247606396,0.1838353050404784,0.1838353050404784,0.010103242431181656,False,20.20875564060464,8.729099778245985"
vit,results/stage14_integrated_gradients/stage14_3b_ig_completeness_audit.csv,257,"cnn,CNN,NEURAL_DISAGREE_10,54590,151302,1,Infilteration,0.12159965932369232,-1.9773683547973633,zero_scaled,Zero standardized vector,Sensitivity control only,1,-20.17304229736328,18.195673942565918,Trapezoidal rule,128,18.17704725679983,-0.018626685766086837,0.018626685766086837,0.0010236875987600896,True,20.0148207212786,8.645535057642741"
vit,results/stage14_integrated_gradients/stage14_3b_ig_completeness_audit.csv,258,"cnn,CNN,NEURAL_DISAGREE_10,54590,151302,1,Infilteration,0.12159965932369232,-1.9773683547973633,benign_median,Benign training median,Single benign reference sensitivity baseline,1,-3.0530614852905273,1.075693130493164,Trapezoidal rule,16,1.151750137221036,0.07605700672787186,0.07605700672787186,0.07070511521534271,False,2.59321105421016,1.0131292191346888"
vit,results/stage14_integrated_gradients/stage14_3b_ig_completeness_audit.csv,259,"cnn,CNN,NEURAL_DISAGREE_10,54590,151302,1,Infilteration,0.12159965932369232,-1.9773683547973633,benign_median,Benign training median,Single benign reference sensitivity baseline,1,-3.0530614852905273,1.075693130493164,Trapezoidal rule,32,0.9739631463152973,-0.10172998417786672,0.10172998417786672,0.09457156627116083,False,2.573453218436466,0.9407701939329915"
vit,results/stage14_integrated_gradients/stage14_3b_ig_completeness_audit.csv,260,"cnn,CNN,NEURAL_DISAGREE_10,54590,151302,1,Infilteration,0.12159965932369232,-1.9773683547973633,benign_median,Benign training median,Single benign reference sensitivity baseline,1,-3.0530614852905273,1.075693130493164,Trapezoidal rule,64,1.2026460683643645,0.12695293787120043,0.12695293787120043,0.11801966032171032,False,2.8220787099878613,1.0821627902660282"
vit,results/stage14_integrated_gradients/stage14_3b_ig_completeness_audit.csv,261,"cnn,CNN,NEURAL_DISAGREE_10,54590,151302,1,Infilteration,0.12159965932369232,-1.9773683547973633,benign_median,Benign training median,Single benign reference sensitivity baseline,1,-3.0530614852905273,1.075693130493164,Trapezoidal rule,128,1.1315026282629415,0.055809497769777394,0.055809497769777394,0.05188235955749841,False,2.795596947924065,1.0618382808034017"
vit,results/stage14_integrated_gradients/stage14_3b_ig_completeness_audit.csv,266,"cnn,CNN,NEURAL_DISAGREE_11,18486,69394,1,DoS attacks-Hulk,0.9984429478645325,6.463390827178955,zero_scaled,Zero standardized vector,Sensitivity control only,1,-20.17304229736328,26.636433124542236,Trapezoidal rule,16,26.952882109545172,0.3164489850029355,0.3164489850029355,0.011880306327928202,False,41.33338875965098,9.42015250719604"
vit,results/stage14_integrated_gradients/stage14_3b_ig_completeness_audit.csv,267,"cnn,CNN,NEURAL_DISAGREE_11,18486,69394,1,DoS attacks-Hulk,0.9984429478645325,6.463390827178955,zero_scaled,Zero standardized vector,Sensitivity control only,1,-20.17304229736328,26.636433124542236,Trapezoidal rule,32,26.656161571022615,0.019728446480378636,0.019728446480378636,0.000740656468083982,True,40.86007345421962,9.322695891071737"
vit,results/stage14_integrated_gradients/stage14_3b_ig_completeness_audit.csv,268,"cnn,CNN,NEURAL_DISAGREE_11,18486,69394,1,DoS attacks-Hulk,0.9984429478645325,6.463390827178955,zero_scaled,Zero standardized vector,Sensitivity control only,1,-20.17304229736328,26.636433124542236,Trapezoidal rule,64,26.686855593668447,0.050422469126210956,0.050422469126210956,0.0018929887830872062,False,40.79012632517838,9.304501379642215"
vit,results/stage14_integrated_gradients/stage14_3b_ig_completeness_audit.csv,269,"cnn,CNN,NEURAL_DISAGREE_11,18486,69394,1,DoS attacks-Hulk,0.9984429478645325,6.463390827178955,zero_scaled,Zero standardized vector,Sensitivity control only,1,-20.17304229736328,26.636433124542236,Trapezoidal rule,128,26.5849537526367,-0.0514793719055362,0.0514793719055362,0.0019326676235079017,False,40.62438483560515,9.26868456181963"
vit,results/stage14_integrated_gradients/stage14_3b_ig_completeness_audit.csv,270,"cnn,CNN,NEURAL_DISAGREE_11,18486,69394,1,DoS attacks-Hulk,0.9984429478645325,6.463390827178955,benign_median,Benign training median,Single benign reference sensitivity baseline,1,-3.0530614852905273,9.516452312469482,Trapezoidal rule,16,9.502854123961175,-0.01359818850830763,0.01359818850830763,0.001428913639433659,True,11.40999682862305,5.698577951608575"
vit,results/stage14_integrated_gradients/stage14_3b_ig_completeness_audit.csv,271,"cnn,CNN,NEURAL_DISAGREE_11,18486,69394,1,DoS attacks-Hulk,0.9984429478645325,6.463390827178955,benign_median,Benign training median,Single benign reference sensitivity baseline,1,-3.0530614852905273,9.516452312469482,Trapezoidal rule,32,9.51014058335738,-0.006311729112102427,0.006311729112102427,0.0006632439174661883,True,11.369747126620833,5.575199266989958"
vit,results/stage14_integrated_gradients/stage14_3b_ig_completeness_audit.csv,272,"cnn,CNN,NEURAL_DISAGREE_11,18486,69394,1,DoS attacks-Hulk,0.9984429478645325,6.463390827178955,benign_median,Benign training median,Single benign reference sensitivity baseline,1,-3.0530614852905273,9.516452312469482,Trapezoidal rule,64,9.578694823817512,0.06224251134803005,0.06224251134803005,0.006540516287406095,False,11.426241979710982,5.590408420368833"
vit,results/stage14_integrated_gradients/stage14_3b_ig_completeness_audit.csv,273,"cnn,CNN,NEURAL_DISAGREE_11,18486,69394,1,DoS attacks-Hulk,0.9984429478645325,6.463390827178955,benign_median,Benign training median,Single benign reference sensitivity baseline,1,-3.0530614852905273,9.516452312469482,Trapezoidal rule,128,9.535671723735627,0.01921941126614435,0.01921941126614435,0.0020195983371829648,True,11.384662461895278,5.5637513578019275"
vit,results/stage14_integrated_gradients/stage14_3b_ig_completeness_audit.csv,278,"cnn,CNN,NEURAL_DISAGREE_12,6939,277691,1,Infilteration,0.12151267379522324,-1.9781829118728638,zero_scaled,Zero standardized vector,Sensitivity control only,1,-20.17304229736328,18.194859385490417,Trapezoidal rule,16,19.408889187076557,1.2140298015861397,1.2140298015861397,0.06672378037470704,False,21.081396796187747,9.260659228219156"
vit,results/stage14_integrated_gradients/stage14_3b_ig_completeness_audit.csv,279,"cnn,CNN,NEURAL_DISAGREE_12,6939,277691,1,Infilteration,0.12151267379522324,-1.9781829118728638,zero_scaled,Zero standardized vector,Sensitivity control only,1,-20.17304229736328,18.194859385490417,Trapezoidal rule,32,18.394432297144395,0.19957291165397706,0.19957291165397706,0.010968642704275444,False,20.15833992881603,8.749370684699043"
vit,results/stage14_integrated_gradients/stage14_3b_ig_completeness_audit.csv,280,"cnn,CNN,NEURAL_DISAGREE_12,6939,277691,1,Infilteration,0.12151267379522324,-1.9781829118728638,zero_scaled,Zero standardized vector,Sensitivity control only,1,-20.17304229736328,18.194859385490417,Trapezoidal rule,64,18.37057480724857,0.17571542175815225,0.17571542175815225,0.009657421254834066,False,20.21691683931366,8.727322473338571"
vit,results/stage14_integrated_gradients/stage14_3b_ig_completeness_audit.csv,281,"cnn,CNN,NEURAL_DISAGREE_12,6939,277691,1,Infilteration,0.12151267379522324,-1.9781829118728638,zero_scaled,Zero standardized vector,Sensitivity control only,1,-20.17304229736328,18.194859385490417,Trapezoidal rule,128,18.170721606213363,-0.02413777927705496,0.02413777927705496,0.0013266263160188947,True,20.019408454656674,8.644210350780897"
vit,results/stage14_integrated_gradients/stage14_3b_ig_completeness_audit.csv,282,"cnn,CNN,NEURAL_DISAGREE_12,6939,277691,1,Infilteration,0.12151267379522324,-1.9781829118728638,benign_median,Benign training median,Single benign reference sensitivity baseline,1,-3.0530614852905273,1.0748785734176636,Trapezoidal rule,16,1.183517202869781,0.10863862945211733,0.10863862945211733,0.10107060661437506,False,2.590505467902454,1.014552337053019"
vit,results/stage14_integrated_gradients/stage14_3b_ig_completeness_audit.csv,283,"cnn,CNN,NEURAL_DISAGREE_12,6939,277691,1,Infilteration,0.12151267379522324,-1.9781829118728638,benign_median,Benign training median,Single benign reference sensitivity baseline,1,-3.0530614852905273,1.0748785734176636,Trapezoidal rule,32,0.9996427222474427,-0.07523585117022091,0.07523585117022091,0.06999474455147285,False,2.5650870421835186,0.9391047637282048"
vit,results/stage14_integrated_gradients/stage14_3b_ig_completeness_audit.csv,284,"cnn,CNN,NEURAL_DISAGREE_12,6939,277691,1,Infilteration,0.12151267379522324,-1.9781829118728638,benign_median,Benign training median,Single benign reference sensitivity baseline,1,-3.0530614852905273,1.0748785734176636,Trapezoidal rule,64,1.2090364716620028,0.1341578982443392,0.1341578982443392,0.12481214302911751,False,2.824079406719027,1.0851982207010957"
vit,results/stage14_integrated_gradients/stage14_3b_ig_completeness_audit.csv,285,"cnn,CNN,NEURAL_DISAGREE_12,6939,277691,1,Infilteration,0.12151267379522324,-1.9781829118728638,benign_median,Benign training median,Single benign reference sensitivity baseline,1,-3.0530614852905273,1.0748785734176636,Trapezoidal rule,128,1.1442197003595713,0.06934112694190775,0.06934112694190775,0.06451066069856803,False,2.7983221481268297,1.064604449000742"
vit,results/stage14_integrated_gradients/stage14_3b_ig_numerical_selection.json,29,"      ""semantic_role"": ""Sensitivity control only"","
vit,results/stage14_integrated_gradients/stage14_3b_ig_numerical_selection.json,35,"      ""semantic_role"": ""Single benign reference sensitivity baseline"","
vit,results/stage14_integrated_gradients/stage14_4b_ig_case_reliability.csv,12,"CNN_FN_01,cnn,CNN,FN,20087,116825,1,Bot,0.5,0,0.4791028499603271,-0.08363738656044,1.1920928955078125e-07,benign_reference_32,32,0.0606205523643268,-5.219524258747697,5.135886872187257,128,5.138122724567522,0.0022358523802648,0.0022358523802648,0.0004353391022634,True,8.492191531183279,2.193744483422227,6.815157127875401,-1.6770344033078797,0.7183106765930628,0.5419852748255642,0.2583357679077364,0.364704535660418,0.1764705882352941,0.7093750000000001,0.0135857595290602,0.0616029784899314,Modera"
vit,results/stage14_integrated_gradients/stage14_4b_ig_case_reliability.csv,13,"CNN_FN_02,cnn,CNN,FN,33027,52627,1,Infilteration,0.5,0,0.2267839163541793,-1.2265609502792358,4.4703483526031824e-08,benign_reference_32,32,0.0606205523643268,-5.219524258747697,3.992963308468461,128,3.984674381236321,-0.0082889272321398,0.0082889272321398,0.0020758836462534,True,12.573466044287994,2.827241522568332,8.279070212762159,-4.294395831525836,0.6294213179036642,0.6225230217234223,0.0103279765518175,0.3984217885872297,0.1111111111111111,0.76875,0.0204106851696126,0.0973731271154205,Mode"
vit,results/stage14_integrated_gradients/stage14_4b_ig_case_reliability.csv,14,"CNN_FN_05,cnn,CNN,FN,37967,7008,1,Infilteration,0.5,0,0.1326914876699447,-1.8773679733276367,1.4901161249358807e-08,benign_reference_32,32,0.0606205523643268,-5.219524258747697,3.34215628542006,128,3.336394898471041,-0.0057613869490191,0.0057613869490191,0.0017238532423372,True,7.585147195018747,1.998955097821844,5.4607710467448936,-2.124376148273852,0.6915772328516993,0.607286244219353,-0.0684991716739901,0.387387326725562,0.1111111111111111,0.70625,0.0187291756187384,0.114166974017694,Moderate"
vit,results/stage14_integrated_gradients/stage14_4b_ig_case_reliability.csv,15,"CNN_FP_01,cnn,CNN,FP,11552,5487,0,Benign,0.5,1,0.5004724264144897,0.0018897578120231,5.960464477539064e-08,benign_reference_32,32,0.0606205523643268,-5.219524258747697,5.22141401655972,128,5.207462431702157,-0.0139515848575628,0.0139515848575628,0.0026719936042833,True,16.044846808690146,3.499321953708344,10.626154620196154,-5.418692188493994,0.5883067999835824,0.5722918340871473,0.1443656277559722,0.3475755222804371,0.0526315789473684,0.625,0.0344977426311005,0.1569565830301433,Moderately refer"
vit,results/stage14_integrated_gradients/stage14_4b_ig_case_reliability.csv,16,"CNN_FP_02,cnn,CNN,FP,28212,191024,0,Benign,0.5,1,0.5659505128860474,0.2653480172157287,1.1920928955078125e-07,benign_reference_32,32,0.0606205523643268,-5.219524258747697,5.484872275963426,128,5.488799902472504,0.0039276265090784,0.0039276265090784,0.0007160834950142,True,13.811037710505923,3.1609469751358423,9.649918806489216,-4.16111890401671,0.5964323065176512,0.5726357370564856,-0.0277428790157681,0.312218316813905,0.0,0.60625,0.02023412777438,0.0948668669974424,Moderately reference-stable,P"
vit,results/stage14_integrated_gradients/stage14_4b_ig_case_reliability.csv,17,"CNN_FP_03,cnn,CNN,FP,22418,274755,0,Benign,0.5,1,0.586410641670227,0.3491467535495758,2.980232238769531e-07,benign_reference_32,32,0.0606205523643268,-5.219524258747697,5.568671012297273,128,5.563215176227254,-0.0054558360700189,0.0054558360700189,0.0009797375456317,True,13.985277525706342,3.2228214571829192,9.774246350966797,-4.211031174739545,0.6013162967786518,0.5736273539675578,-0.0339923549282675,0.3151945072900954,0.0,0.60625,0.0269296675245435,0.1845780145636535,Moderately reference-stabl"
vit,results/stage14_integrated_gradients/stage14_4b_ig_case_reliability.csv,18,"CNN_FP_04,cnn,CNN,FP,15047,164648,0,Benign,0.5,1,0.7018671631813049,0.8562048077583313,5.960464477539064e-08,benign_reference_32,32,0.0606205523643268,-5.219524258747697,6.075729066506028,128,6.050671004134548,-0.02505806237148,0.02505806237148,0.0041242889696347,True,15.839323413477118,3.547891623055853,10.944997208805834,-4.894326204671286,0.638568477340575,0.5767901876569883,0.173119290154256,0.3601943265497832,0.0526315789473684,0.6375,0.042764355214753,0.2139747309555089,Moderately referenc"
vit,results/stage14_integrated_gradients/stage14_4b_ig_case_reliability.csv,19,"CNN_FP_07,cnn,CNN,FP,36683,288123,0,Benign,0.5,1,0.975613534450531,3.6890363693237305,0.0,benign_reference_32,32,0.0606205523643268,-5.219524258747697,8.908560628071427,128,8.91142391132734,0.0028632832559125,0.0028632832559125,0.0003214080675266,True,24.78402560188244,6.689963319368286,16.84772475660489,-7.93630084527755,0.65660736544536,0.7467378323474236,0.6019745234255426,0.3602677449184802,0.1111111111111111,0.634375,0.0344146358291723,0.1125606001535874,Moderately reference-stable,Present "
vit,results/stage14_integrated_gradients/stage14_4b_ig_case_reliability.csv,20,"CNN_FP_08,cnn,CNN,FP,9969,15869,0,Benign,0.5,1,0.9999271631240844,9.527901649475098,1.1102230246251563e-16,benign_reference_32,32,0.0606205523643268,-5.219524258747697,14.747425908222796,128,14.739145868401613,-0.0082800398211819,0.0082800398211819,0.0005614566143753,True,25.83787786318787,6.361850751362033,20.288511865794742,-5.54936599739313,0.5983452605251722,0.6791156282129607,0.0800728154863409,0.3763086382571676,0.1111111111111111,0.75625,0.0519365123236161,0.1452108079274658,Moderately re"
vit,results/stage14_integrated_gradients/stage14_4b_ig_case_reliability.csv,21,"CNN_TN_01,cnn,CNN,TN,36312,275065,0,Benign,0.5,0,0.4951852858066559,-0.0192595273256301,3.576278687078549e-07,benign_reference_32,32,0.0606205523643268,-5.219524258747697,5.200264731422067,128,5.2047428510866185,0.0044781196645518,0.0044781196645518,0.0008611330183813,True,14.59594625841147,3.953493785053784,9.900344554749044,-4.695601703662425,0.6579601453320796,0.5868666208062361,0.1430273483332364,0.3468525314984293,0.0526315789473684,0.625,0.0274097430258882,0.1168043341000846,Moderately ref"
vit,results/stage14_integrated_gradients/stage14_4b_ig_case_reliability.csv,22,"CNN_TN_03,cnn,CNN,TN,2474,17871,0,Benign,0.5,0,0.1311746537685394,-1.8906124830245967,2.775557561562892e-17,benign_reference_32,32,0.0606205523643268,-5.219524258747697,3.3289117757231,128,3.332798985496668,0.003887209773568,0.003887209773568,0.0011677118636536,True,7.888162497331709,2.0166371412738413,5.610480741414189,-2.2776817559175213,0.6714707216808226,0.6362665942395339,-0.0126246320830807,0.3511164966998945,0.0526315789473684,0.6937500000000001,0.0201260831975931,0.0847170864641313,Moder"
vit,results/stage14_integrated_gradients/stage14_4b_ig_case_reliability.csv,23,"CNN_TP_02,cnn,CNN,TP,17430,268473,1,DoS attacks-GoldenEye,0.5,1,0.999772012233734,8.38609790802002,5.960464477539064e-08,benign_reference_32,32,0.0606205523643268,-5.219524258747697,13.605622166767716,128,13.598023210881044,-0.0075989558866726,0.0075989558866726,0.0005585158689202,True,22.743019325939443,5.827843090329671,18.170521268410244,-4.5724980575292,0.6644549673250822,0.6486269195037992,0.2722678939266147,0.3580369900996836,0.0526315789473684,0.7,0.0500156355342477,0.2362568170236372,Mod"
vit,results/stage14_integrated_gradients/stage14_4b_ig_case_reliability.csv,24,"CNN_TP_04,cnn,CNN,TP,21953,279646,1,DoS attacks-SlowHTTPTest,0.5,1,0.999972939491272,10.519020080566406,0.0,benign_reference_32,32,0.0606205523643268,-5.219524258747697,15.738544339314103,128,15.741310803000042,0.0027664636859388,0.0027664636859388,0.0001757763377791,True,30.76343699613505,8.691187231108316,23.252373899567548,-7.511063096567507,0.7052419591258904,0.7784920635011496,0.6165128274442032,0.3922584258062199,0.1111111111111111,0.675,0.0295205102796172,0.1266874157889006,Moderately ref"
vit,results/stage14_integrated_gradients/stage14_4b_ig_case_reliability.csv,25,"CNN_TP_05,cnn,CNN,TP,36429,182234,1,DDOS attack-HOIC,0.5,1,0.9999734163284302,10.535295486450195,0.0,benign_reference_32,32,0.0606205523643268,-5.219524258747697,15.754819745197892,128,15.756596567826415,0.0017768226285248,0.0017768226285248,0.000112779622824,True,25.57802417454821,6.067244967497993,20.667310371187316,-4.910713803360901,0.626123641500378,0.6400501669127947,0.3349501244667471,0.3753481613630607,0.0526315789473684,0.73125,0.041872131443289,0.1613146343641176,Moderately reference-s"
vit,results/stage14_integrated_gradients/stage14_4b_ig_case_reliability.csv,26,"CNN_TP_06,cnn,CNN,TP,47278,243809,1,DoS attacks-Hulk,0.5,1,0.9999860525131226,11.178597450256348,0.0,benign_reference_32,32,0.0606205523643268,-5.219524258747697,16.398121709004045,128,16.39840136975268,0.0002796607486352,0.0002796607486352,1.7054437916613392e-05,True,32.023915626913634,9.111697822554293,24.21115849833316,-7.812757128580473,0.7133967455782554,0.6749469895964799,0.1640558410763318,0.4638850732600732,0.25,0.60625,0.0306811970950724,0.1015919642634877,Moderately reference-stable,Pr"
vit,results/stage14_integrated_gradients/stage14_4b_ig_case_reliability.csv,27,"CNN_TP_07,cnn,CNN,TP,55228,264866,1,DDOS attack-HOIC,0.5,1,0.9999992847442628,14.194995880126951,1.1102230246251563e-16,benign_reference_32,32,0.0606205523643268,-5.219524258747697,19.41452013887465,128,19.411689882968883,-0.0028302559057671,0.0028302559057671,0.0001457803687921,True,36.140607364370965,10.484339841130843,27.77614862366993,-8.364458740701041,0.7261320237414303,0.5990866464680015,-0.0301456716297108,0.3576865842490842,0.25,0.628125,0.0382268963122204,0.1156415044959011,Moderately "
vit,results/stage14_integrated_gradients/stage14_4b_ig_case_reliability.csv,28,"MLP_FN_02,mlp,MLP,FN,27401,120018,1,Infilteration,0.5,0,0.2444657683372497,-1.128349781036377,1.4901161249358807e-08,benign_reference_32,32,0.0607254018256497,-5.404723562300205,4.276373781263828,128,4.278065445625617,0.0016916643617888,0.0016916643617888,0.0003955838400283,True,6.484921132109335,1.9136415843985048,5.3814932888674765,-1.1034278432418594,0.7538503241060398,0.5750596623005527,-0.064930612992488,0.3379711829063609,0.0526315789473684,0.675,0.0059437716293058,0.0296217348707426,Moder"
vit,results/stage14_integrated_gradients/stage14_4b_ig_case_reliability.csv,29,"MLP_FN_08,mlp,MLP,FN,34297,224624,1,Infilteration,0.5,0,0.002130031818524,-6.149486064910889,9.313226032384159e-10,benign_reference_32,32,0.0607254018256497,-5.404723562300205,-0.7447625026106834,128,-0.7498327796177182,-0.0050702770070347,0.0050702770070347,0.0050702770070347,True,12.866044439864591,2.949435542879717,6.058105830123438,-6.807938609741156,0.6054703994944065,0.5654098908269432,-0.0081387146349239,0.3136835832511142,0.0526315789473684,0.615625,0.0085033472087359,0.0319602394269047,"
vit,results/stage14_integrated_gradients/stage14_4b_ig_case_reliability.csv,30,"MLP_FP_01,mlp,MLP,FP,49283,51450,0,Benign,0.5,1,0.5051805377006531,0.0207229405641555,0.0,benign_reference_32,32,0.0607254018256497,-5.404723562300205,5.425446502864361,128,5.429001729990412,0.0035552271260508,0.0035552271260508,0.0006552874725008,True,15.011172723669072,3.481904567039689,10.22008722682974,-4.79108549683933,0.6232553152856363,0.6069521986216287,0.2953483364446267,0.343467932888405,0.0526315789473684,0.7406250000000001,0.0075562980372309,0.0220977862616642,Moderately reference-st"
vit,results/stage14_integrated_gradients/stage14_4b_ig_case_reliability.csv,31,"MLP_FP_03,mlp,MLP,FP,4667,25012,0,Benign,0.5,1,0.6361875534057617,0.5588549375534058,0.0,benign_reference_32,32,0.0607254018256497,-5.404723562300205,5.963578499853611,128,5.952584708340158,-0.010993791513453,0.010993791513453,0.0018434890248737,True,6.679413571279412,3.856199648314664,6.315999139809784,-0.363414431469627,0.9073463519883258,0.9660568960413628,0.7413692634541416,0.3837282509157509,0.25,0.68125,0.0320947350700121,0.1173974807919258,Moderately reference-stable,Present only with exp"
vit,results/stage14_integrated_gradients/stage14_4b_ig_case_reliability.csv,32,"MLP_FP_05,mlp,MLP,FP,59742,197096,0,Benign,0.5,1,0.715701699256897,0.9232396483421326,0.0,benign_reference_32,32,0.0607254018256497,-5.404723562300205,6.327963210642338,128,6.329076209685934,0.0011129990435962,0.0011129990435962,0.0001758858271685,True,20.578488399285213,4.766602920273712,13.453782304485571,-7.12470609479964,0.6440922095605522,0.5504721788182657,0.0229257544099439,0.3263144368746148,0.0526315789473684,0.728125,0.0153259941238277,0.0560072005947933,Moderately reference-stable,Pre"
vit,results/stage14_integrated_gradients/stage14_4b_ig_case_reliability.csv,33,"MLP_FP_06,mlp,MLP,FP,41650,78177,0,Benign,0.5,1,0.8347740173339844,1.6198467016220093,5.960464477539064e-08,benign_reference_32,32,0.0607254018256497,-5.404723562300205,7.024570263922215,128,7.025352554687124,0.000782290764909,0.000782290764909,0.0001113649284607,True,24.757744885459648,5.120671491943633,15.891548720073386,-8.86619616538626,0.5558308555219644,0.5767777710423144,0.22329628418247,0.3338609651012901,0.0526315789473684,0.68125,0.01728038173193,0.054339752936122,Moderately reference-"
vit,results/stage14_integrated_gradients/stage14_4b_ig_case_reliability.csv,34,"MLP_FP_07,mlp,MLP,FP,30135,15708,0,Benign,0.5,1,0.9815468788146972,3.973895311355591,5.960464477539064e-08,benign_reference_32,32,0.0607254018256497,-5.404723562300205,9.378618873655796,128,9.378548358912749,-7.051474304731187e-05,7.051474304731187e-05,7.518670285812046e-06,True,35.503487634528526,10.078959998109074,22.441017996720635,-13.062469637807888,0.7034638387801322,0.7598495584025111,0.3597657577980739,0.4333488202973496,0.1764705882352941,0.6812499999999999,0.0152496741585172,0.06970268"
vit,results/stage14_integrated_gradients/stage14_4b_ig_case_reliability.csv,35,"MLP_FP_08,mlp,MLP,FP,17265,186259,0,Benign,0.5,1,0.9999529123306274,9.962841987609863,0.0,benign_reference_32,32,0.0607254018256497,-5.404723562300205,15.367565549910069,128,15.37239198299551,0.0048264330854408,0.0048264330854408,0.0003140662110576,True,34.84086642845227,7.524334355113857,25.10662920572389,-9.73423722272838,0.6065774983491564,0.6108636261775435,0.2194351166038061,0.3568281563637601,0.0526315789473684,0.690625,0.0269027494045094,0.1059472108172663,Moderately reference-stable,Pres"
vit,results/stage14_integrated_gradients/stage14_4b_ig_case_reliability.csv,36,"MLP_TN_01,mlp,MLP,TN,9672,51000,0,Benign,0.5,0,0.495976060628891,-0.0160962045192718,2.9802322387695312e-08,benign_reference_32,32,0.0607254018256497,-5.404723562300205,5.388627357780933,128,5.386272906515999,-0.0023544512649342,0.0023544512649342,0.0004369296870258,True,14.721763690438369,3.41552061318383,10.054018298477184,-4.667745391961184,0.6217654048046839,0.6073786668316711,0.2963779473112318,0.343467932888405,0.0526315789473684,0.7406250000000001,0.0076304842750137,0.0319085377812253,Mod"
vit,results/stage14_integrated_gradients/stage14_4b_ig_case_reliability.csv,37,"MLP_TP_01,mlp,MLP,TP,10547,257756,1,Infilteration,0.5,1,0.500924289226532,0.0036971271038055,5.960464477539064e-08,benign_reference_32,32,0.0607254018256497,-5.404723562300205,5.408420689404011,128,5.411506379997892,0.0030856905938811,0.0030856905938811,0.0005705345000115,True,15.04416830880546,3.485783380465078,10.227837344401676,-4.816330964403785,0.6226217668438685,0.6067866340814544,0.2956341780987489,0.3474743431448153,0.0526315789473684,0.7406250000000001,0.0075464896805444,0.0252120905957"
vit,results/stage14_integrated_gradients/stage14_4b_ig_case_reliability.csv,38,"MLP_TP_02,mlp,MLP,TP,48488,164174,1,Bot,0.5,1,0.9993830919265748,7.390208721160889,1.1102230246251563e-16,benign_reference_32,32,0.0607254018256497,-5.404723562300205,12.794932283461094,128,12.788677633195316,-0.0062546502657774,0.0062546502657774,0.0004888380905198,True,34.377557404486225,7.332177583134388,23.58311751884077,-10.794439885645456,0.568402464251867,0.5795284862654891,0.0857006668835493,0.4037067888896449,0.0526315789473684,0.765625,0.022511554328377,0.0936037080862313,Moderately re"
vit,results/stage14_integrated_gradients/stage14_4b_ig_case_reliability.csv,39,"MLP_TP_03,mlp,MLP,TP,6980,196556,1,DDOS attack-HOIC,0.5,1,0.99992573261261,9.508183479309082,1.1102230246251563e-16,benign_reference_32,32,0.0607254018256497,-5.404723562300205,14.912907041609287,128,14.912515318076244,-0.0003917235330437,0.0003917235330437,2.626741600083487e-05,True,35.800954354274936,8.268822462569567,25.3567348361756,-10.444219518099352,0.6426811928639928,0.5468894465256753,0.0723977283819411,0.36633421080983,0.0,0.66875,0.0220961008109842,0.0752740658956341,Moderately refere"
vit,results/stage14_integrated_gradients/stage14_4b_ig_case_reliability.csv,40,"MLP_TP_08,mlp,MLP,TP,60182,135407,1,DoS attacks-GoldenEye,0.5,1,1.0,17.65328025817871,0.0,benign_reference_32,32,0.0607254018256497,-5.404723562300205,23.05800382047892,128,23.06132529421926,0.0033214737403426,0.0033214737403426,0.0001440486247726,True,60.2098855360958,16.893496329552,41.63560541515752,-18.574280120938276,0.6953636358785764,0.7155809700605269,0.2702318975749265,0.4627293662220132,0.1764705882352941,0.6937500000000001,0.0245166283605912,0.0846616076337767,Moderately reference-sta"
vit,results/stage14_integrated_gradients/stage14_4b_ig_top10_term_reliability.csv,2,"CNN_FN_01,cnn,CNN,FN,20087,116825,1,Bot,0,Dst Port,8080.0,-0.1534778773784637,0.5998095464846465,0.5998095464846465,5,True,0.5998095464846463,0.7176972885512415,-0.0386463425628062,2.071256121155082,0.875,0.125,0.0,0.875,Reference-stable direction,Increases attack logit,Moderately reference-stable,Present only with explicit reference-sensitivity caveat"
vit,results/stage14_integrated_gradients/stage14_4b_ig_top10_term_reliability.csv,3,"CNN_FN_01,cnn,CNN,FN,20087,116825,1,Bot,2,Flow Duration,14041.0,-0.3766815364360809,0.3084053573738352,0.3084053573738352,9,True,0.3084053573738352,0.6094065227499929,-0.0004381126052247,1.9874523941447992,0.625,0.375,0.0,0.625,Reference-sensitive direction,Increases attack logit,Moderately reference-stable,Present only with explicit reference-sensitivity caveat"
vit,results/stage14_integrated_gradients/stage14_4b_ig_top10_term_reliability.csv,4,"CNN_FN_01,cnn,CNN,FN,20087,116825,1,Bot,7,Fwd Pkt Len Max,0.0,-0.6599207520484924,0.9140683369200848,0.9140683369200848,2,True,0.9140683369200848,1.7554968127982729,-1.2127475393075624,4.566026195176672,0.6875,0.125,0.1875,0.6875,Moderately stable direction,Increases attack logit,Moderately reference-stable,Present only with explicit reference-sensitivity caveat"
vit,results/stage14_integrated_gradients/stage14_4b_ig_top10_term_reliability.csv,5,"CNN_FN_01,cnn,CNN,FN,20087,116825,1,Bot,10,Fwd Pkt Len Std,0.0,-0.6824519038200378,-0.5455507483015717,0.5455507483015717,6,True,-0.5455507483015717,1.1011499863989167,-4.3793577226453,0.2897887703455079,0.15625,0.53125,0.3125,0.53125,Reference-sensitive direction,Decreases attack logit,Moderately reference-stable,Present only with explicit reference-sensitivity caveat"
vit,results/stage14_integrated_gradients/stage14_4b_ig_top10_term_reliability.csv,6,"CNN_FN_01,cnn,CNN,FN,20087,116825,1,Bot,11,Bwd Pkt Len Max,112.0,-0.43702232837677,0.4339210250798902,0.4339210250798902,8,True,0.4339210250798902,0.6500449897139127,-0.0625656006962983,2.477439586896492,0.75,0.25,0.0,0.75,Reference-stable direction,Increases attack logit,Moderately reference-stable,Present only with explicit reference-sensitivity caveat"
vit,results/stage14_integrated_gradients/stage14_4b_ig_top10_term_reliability.csv,7,"CNN_FN_01,cnn,CNN,FN,20087,116825,1,Bot,14,Bwd Pkt Len Std,33.64547788,-0.5043004751205444,-0.472533894407276,0.472533894407276,7,True,-0.4725338944072761,0.9632053082168096,-3.7937300834640286,0.3368948531206161,0.375,0.625,0.0,0.625,Reference-sensitive direction,Decreases attack logit,Moderately reference-stable,Present only with explicit reference-sensitivity caveat"
vit,results/stage14_integrated_gradients/stage14_4b_ig_top10_term_reliability.csv,8,"CNN_FN_01,cnn,CNN,FN,20087,116825,1,Bot,40,Pkt Len Max,112.0,-0.5532856583595276,0.2930129475370484,0.2930129475370484,10,True,0.2930129475370484,0.3446793862143811,-0.1462388088414299,1.031454083328489,0.875,0.125,0.0,0.875,Reference-stable direction,Increases attack logit,Moderately reference-stable,Present only with explicit reference-sensitivity caveat"
vit,results/stage14_integrated_gradients/stage14_4b_ig_top10_term_reliability.csv,9,"CNN_FN_01,cnn,CNN,FN,20087,116825,1,Bot,46,RST Flag Cnt,1.0,1.9163296222686768,0.6635176646047249,0.6635176646047249,3,True,0.6635176646047247,0.7159645258657376,0.0,2.23654097039267,0.625,0.0,0.375,0.625,Reference-sensitive direction,Increases attack logit,Moderately reference-stable,Present only with explicit reference-sensitivity caveat"
vit,results/stage14_integrated_gradients/stage14_4b_ig_top10_term_reliability.csv,10,"CNN_FN_01,cnn,CNN,FN,20087,116825,1,Bot,52,Down/Up Ratio,5.0,4.748593807220459,1.2441565653166005,1.2441565653166005,1,True,1.244156565316601,1.525349816533679,-1.1013146114649732,4.727600821078323,0.6875,0.3125,0.0,0.6875,Moderately stable direction,Increases attack logit,Moderately reference-stable,Present only with explicit reference-sensitivity caveat"
vit,results/stage14_integrated_gradients/stage14_4b_ig_top10_term_reliability.csv,11,"CNN_FN_01,cnn,CNN,FN,20087,116825,1,Bot,53,Pkt Size Avg,9.923076923,-0.7236273884773254,0.6250557584964604,0.6250557584964604,4,True,0.6250557584964604,0.7240633951462556,-0.0815195425951793,2.664649487859032,0.8125,0.1875,0.0,0.8125,Reference-stable direction,Increases attack logit,Moderately reference-stable,Present only with explicit reference-sensitivity caveat"
vit,results/stage14_integrated_gradients/stage14_4b_ig_top10_term_reliability.csv,12,"CNN_FN_02,cnn,CNN,FN,33027,52627,1,Infilteration,11,Bwd Pkt Len Max,1430.0,2.475555896759033,-0.7087937689447654,0.7087937689447654,6,True,-0.7087937689447653,0.5322574257507914,-2.196617599064512,0.0298453367705647,0.09375,0.90625,0.0,0.90625,Reference-stable direction,Decreases attack logit,Moderately reference-stable,Present only with explicit reference-sensitivity caveat"
vit,results/stage14_integrated_gradients/stage14_4b_ig_top10_term_reliability.csv,13,"CNN_FN_02,cnn,CNN,FN,33027,52627,1,Infilteration,18,Flow IAT Std,13000000.0,2.23520565032959,0.6660892430460206,0.6660892430460206,7,True,0.6660892430460206,0.3515644372154901,-0.0967583866671339,1.2907288448799197,0.96875,0.03125,0.0,0.96875,Reference-stable direction,Increases attack logit,Moderately reference-stable,Present only with explicit reference-sensitivity caveat"
vit,results/stage14_integrated_gradients/stage14_4b_ig_top10_term_reliability.csv,14,"CNN_FN_02,cnn,CNN,FN,33027,52627,1,Infilteration,19,Flow IAT Max,58900000.0,3.294372320175171,0.5237753804554387,0.5237753804554387,9,True,0.5237753804554387,0.5573171605816778,-0.3790728649847822,1.5467404967655247,0.875,0.125,0.0,0.875,Reference-stable direction,Increases attack logit,Moderately reference-stable,Present only with explicit reference-sensitivity caveat"
vit,results/stage14_integrated_gradients/stage14_4b_ig_top10_term_reliability.csv,15,"CNN_FN_02,cnn,CNN,FN,33027,52627,1,Infilteration,21,Fwd IAT Tot,114000000.0,3.413348197937012,-0.9514528798209866,0.9514528798209866,3,True,-0.9514528798209864,0.9146888185040348,-2.347498844427801,0.2071373910957621,0.15625,0.84375,0.0,0.84375,Reference-stable direction,Decreases attack logit,Moderately reference-stable,Present only with explicit reference-sensitivity caveat"
vit,results/stage14_integrated_gradients/stage14_4b_ig_top10_term_reliability.csv,16,"CNN_FN_02,cnn,CNN,FN,33027,52627,1,Infilteration,23,Fwd IAT Std,19300000.0,5.042537212371826,1.17570820321559,1.17570820321559,2,True,1.1757082032155903,0.8037266035218724,-0.2185775425426521,2.607632726761849,0.90625,0.09375,0.0,0.90625,Reference-stable direction,Increases attack logit,Moderately reference-stable,Present only with explicit reference-sensitivity caveat"
vit,results/stage14_integrated_gradients/stage14_4b_ig_top10_term_reliability.csv,17,"CNN_FN_02,cnn,CNN,FN,33027,52627,1,Infilteration,24,Fwd IAT Max,59000000.0,3.325894594192505,0.3608266710549601,0.3608266710549601,10,True,0.3608266710549601,0.8820235581719599,-0.9030207428304452,1.9041235895242288,0.46875,0.53125,0.0,0.53125,Reference-sensitive direction,Increases attack logit,Moderately reference-stable,Present only with explicit reference-sensitivity caveat"
vit,results/stage14_integrated_gradients/stage14_4b_ig_top10_term_reliability.csv,18,"CNN_FN_02,cnn,CNN,FN,33027,52627,1,Infilteration,29,Bwd IAT Max,59000000.0,4.910905838012695,0.8861385992650679,0.8861385992650679,4,True,0.8861385992650679,1.1533329625167168,-0.996090237902755,3.166365701408662,0.59375,0.40625,0.0,0.59375,Reference-sensitive direction,Increases attack logit,Moderately reference-stable,Present only with explicit reference-sensitivity caveat"
vit,results/stage14_integrated_gradients/stage14_4b_ig_top10_term_reliability.csv,19,"CNN_FN_02,cnn,CNN,FN,33027,52627,1,Infilteration,40,Pkt Len Max,1430.0,1.9452147483825684,-0.5250368214393402,0.5250368214393402,8,True,-0.5250368214393402,0.600984636019513,-2.3931210843189654,0.041653688853617,0.125,0.875,0.0,0.875,Reference-stable direction,Decreases attack logit,Moderately reference-stable,Present only with explicit reference-sensitivity caveat"
vit,results/stage14_integrated_gradients/stage14_4b_ig_top10_term_reliability.csv,20,"CNN_FN_02,cnn,CNN,FN,33027,52627,1,Infilteration,46,RST Flag Cnt,1.0,1.9163296222686768,0.7895464405167244,0.7895464405167244,5,True,0.7895464405167245,0.9289691608194216,0.0,2.8731633985368723,0.625,0.0,0.375,0.625,Reference-sensitive direction,Increases attack logit,Moderately reference-stable,Present only with explicit reference-sensitivity caveat"
vit,results/stage14_integrated_gradients/stage14_4b_ig_top10_term_reliability.csv,21,"CNN_FN_02,cnn,CNN,FN,33027,52627,1,Infilteration,51,ECE Flag Cnt,1.0,1.9163296222686768,1.3266395604538264,1.3266395604538264,1,True,1.3266395604538266,1.4085464322578258,0.0,4.407661072806086,0.625,0.0,0.375,0.625,Reference-sensitive direction,Increases attack logit,Moderately reference-stable,Present only with explicit reference-sensitivity caveat"
vit,results/stage14_integrated_gradients/stage14_4b_ig_top10_term_reliability.csv,42,"CNN_FN_05,cnn,CNN,FN,37967,7008,1,Infilteration,7,Fwd Pkt Len Max,38.0,-0.5625607967376709,0.6446130086438724,0.6446130086438724,3,True,0.6446130086438724,1.2506690877006883,-0.8292894783940027,3.278061541382685,0.65625,0.34375,0.0,0.65625,Moderately stable direction,Increases attack logit,Moderately reference-stable,Present only with explicit reference-sensitivity caveat"
vit,results/stage14_integrated_gradients/stage14_4b_ig_top10_term_reliability.csv,43,"CNN_FN_05,cnn,CNN,FN,37967,7008,1,Infilteration,11,Bwd Pkt Len Max,0.0,-0.684525191783905,0.4153379990934709,0.4153379990934709,6,True,0.4153379990934709,0.6024768846708377,-0.0186643542104046,2.2182944209282582,0.625,0.125,0.25,0.625,Reference-sensitive direction,Increases attack logit,Moderately reference-stable,Present only with explicit reference-sensitivity caveat"
vit,results/stage14_integrated_gradients/stage14_4b_ig_top10_term_reliability.csv,44,"CNN_FN_05,cnn,CNN,FN,37967,7008,1,Infilteration,14,Bwd Pkt Len Std,0.0,-0.6783645153045654,-0.4659731263310491,0.4659731263310491,5,True,-0.4659731263310491,0.8616122553952474,-3.778735172196793,0.120695834030713,0.1875,0.4375,0.375,0.4375,Reference-sensitive direction,Decreases attack logit,Moderately reference-stable,Present only with explicit reference-sensitivity caveat"
vit,results/stage14_integrated_gradients/stage14_4b_ig_top10_term_reliability.csv,45,"CNN_FN_05,cnn,CNN,FN,37967,7008,1,Infilteration,31,Fwd PSH Flags,1.0,5.396814346313477,0.7201610725716815,0.7201610725716815,2,True,0.7201610725716815,1.3900018049661669,-2.937004000124888,3.2919555753296463,0.71875,0.25,0.03125,0.71875,Moderately stable direction,Increases attack logit,Moderately reference-stable,Present only with explicit reference-sensitivity caveat"
vit,results/stage14_integrated_gradients/stage14_4b_ig_top10_term_reliability.csv,46,"CNN_FN_05,cnn,CNN,FN,37967,7008,1,Infilteration,40,Pkt Len Max,38.0,-0.6935656666755676,0.2880770857281915,0.2880770857281915,9,True,0.2880770857281916,0.3229530832992697,-0.0601857377947704,0.920875097947312,0.90625,0.09375,0.0,0.90625,Reference-stable direction,Increases attack logit,Moderately reference-stable,Present only with explicit reference-sensitivity caveat"
vit,results/stage14_integrated_gradients/stage14_4b_ig_top10_term_reliability.csv,47,"CNN_FN_05,cnn,CNN,FN,37967,7008,1,Infilteration,45,SYN Flag Cnt,1.0,5.396814346313477,1.3470401307601705,1.3470401307601705,1,True,1.3470401307601705,1.4502795648560016,0.0,6.427635714861127,0.96875,0.0,0.03125,0.96875,Reference-stable direction,Increases attack logit,Moderately reference-stable,Present only with explicit reference-sensitivity caveat"
vit,results/stage14_integrated_gradients/stage14_4b_ig_top10_term_reliability.csv,48,"CNN_FN_05,cnn,CNN,FN,37967,7008,1,Infilteration,47,PSH Flag Cnt,0.0,-1.0575153827667236,0.2608042824382744,0.2608042824382744,10,True,0.2608042824382744,0.3847111695269766,-0.599756450303401,1.24124229319684,0.5625,0.0625,0.375,0.5625,Reference-sensitive direction,Increases attack logit,Moderately reference-stable,Present only with explicit reference-sensitivity caveat"
vit,results/stage14_integrated_gradients/stage14_4b_ig_top10_term_reliability.csv,49,"CNN_FN_05,cnn,CNN,FN,37967,7008,1,Infilteration,48,ACK Flag Cnt,1.0,1.5607398748397827,-0.4686213830878341,0.4686213830878341,4,True,-0.468621383087834,0.5665914287072834,-2.04263611267117,0.3041525242669207,0.09375,0.6875,0.21875,0.6875,Moderately stable direction,Decreases attack logit,Moderately reference-stable,Present only with explicit reference-sensitivity caveat"
vit,results/stage14_integrated_gradients/stage14_4b_ig_top10_term_reliability.csv,50,"CNN_FN_05,cnn,CNN,FN,37967,7008,1,Infilteration,53,Pkt Size Avg,25.33333333,-0.5829469561576843,0.3297385795990506,0.3297385795990506,7,True,0.3297385795990506,0.5493743951202987,-0.4219773636409135,1.6964093545420678,0.75,0.25,0.0,0.75,Reference-stable direction,Increases attack logit,Moderately reference-stable,Present only with explicit reference-sensitivity caveat"
vit,results/stage14_integrated_gradients/stage14_4b_ig_top10_term_reliability.csv,51,"CNN_FN_05,cnn,CNN,FN,37967,7008,1,Infilteration,66,Init Fwd Win Byts,114.0,-0.7377633452415466,0.3053484396502992,0.3053484396502992,8,True,0.3053484396502992,0.971066797148336,-0.3336912289693921,5.4991779646273615,0.75,0.25,0.0,0.75,Reference-stable direction,Increases attack logit,Moderately reference-stable,Present only with explicit reference-sensitivity caveat"
vit,results/stage14_integrated_gradients/stage14_4b_ig_top10_term_reliability.csv,82,"CNN_FP_01,cnn,CNN,FP,11552,5487,0,Benign,7,Fwd Pkt Len Max,0.0,-0.6599207520484924,0.803792916746786,0.803792916746786,6,True,0.8037929167467863,1.5035956987091428,-2.0426023092033554,3.80963771252903,0.71875,0.09375,0.1875,0.71875,Moderately stable direction,Increases attack logit,Moderately reference-stable,Present only with explicit reference-sensitivity caveat"
vit,results/stage14_integrated_gradients/stage14_4b_ig_top10_term_reliability.csv,83,"CNN_FP_01,cnn,CNN,FP,11552,5487,0,Benign,10,Fwd Pkt Len Std,0.0,-0.6824519038200378,-0.7530147376481698,0.7530147376481698,7,True,-0.7530147376481697,1.5441833465827446,-5.083370191813933,0.3868472823949848,0.25,0.4375,0.3125,0.4375,Reference-sensitive direction,Decreases attack logit,Moderately reference-stable,Present only with explicit reference-sensitivity caveat"
vit,results/stage14_integrated_gradients/stage14_4b_ig_top10_term_reliability.csv,84,"CNN_FP_01,cnn,CNN,FP,11552,5487,0,Benign,11,Bwd Pkt Len Max,0.0,-0.684525191783905,0.6130060813663868,0.6130060813663868,8,True,0.6130060813663869,0.7539590293293063,-0.0966113618187159,2.305929328798676,0.5625,0.1875,0.25,0.5625,Reference-sensitive direction,Increases attack logit,Moderately reference-stable,Present only with explicit reference-sensitivity caveat"
vit,results/stage14_integrated_gradients/stage14_4b_ig_top10_term_reliability.csv,85,"CNN_FP_01,cnn,CNN,FP,11552,5487,0,Benign,16,Flow Pkts/s,222222.222222222,0.1645054370164871,-0.5272850134877876,0.5272850134877876,9,True,-0.5272850134877877,0.3950005108983525,-1.971565647598468,0.0885590934033175,0.0625,0.9375,0.0,0.9375,Reference-stable direction,Decreases attack logit,Moderately reference-stable,Present only with explicit reference-sensitivity caveat"
vit,results/stage14_integrated_gradients/stage14_4b_ig_top10_term_reliability.csv,86,"CNN_FP_01,cnn,CNN,FP,11552,5487,0,Benign,40,Pkt Len Max,0.0,-0.7656013369560242,1.4403840639487508,1.4403840639487508,2,True,1.440384063948751,1.2929294541232978,-0.0020101366941689,3.550414727774728,0.78125,0.03125,0.1875,0.78125,Reference-stable direction,Increases attack logit,Moderately reference-stable,Present only with explicit reference-sensitivity caveat"
vit,results/stage14_integrated_gradients/stage14_4b_ig_top10_term_reliability.csv,87,"CNN_FP_01,cnn,CNN,FP,11552,5487,0,Benign,46,RST Flag Cnt,0.0,-0.5218309164047241,-0.919993681838016,0.919993681838016,4,True,-0.9199936818380162,1.2265194639036114,-3.867653514115175,-0.0,0.0,0.375,0.625,0.625,Reference-sensitive direction,Decreases attack logit,Moderately reference-stable,Present only with explicit reference-sensitivity caveat"
vit,results/stage14_integrated_gradients/stage14_4b_ig_top10_term_reliability.csv,88,"CNN_FP_01,cnn,CNN,FP,11552,5487,0,Benign,51,ECE Flag Cnt,0.0,-0.5218309164047241,-0.8678309504397168,0.8678309504397168,5,True,-0.8678309504397168,1.2476672581124284,-3.776898650463047,-0.0,0.0,0.375,0.625,0.625,Reference-sensitive direction,Decreases attack logit,Moderately reference-stable,Present only with explicit reference-sensitivity caveat"
vit,results/stage14_integrated_gradients/stage14_4b_ig_top10_term_reliability.csv,89,"CNN_FP_01,cnn,CNN,FP,11552,5487,0,Benign,52,Down/Up Ratio,1.0,0.5059916377067566,0.517367685937084,0.517367685937084,10,True,0.5173676859370839,0.7139709982177864,-0.8945120194524651,2.4795023448025444,0.5625,0.09375,0.34375,0.5625,Reference-sensitive direction,Increases attack logit,Moderately reference-stable,Present only with explicit reference-sensitivity caveat"
vit,results/stage14_integrated_gradients/stage14_4b_ig_top10_term_reliability.csv,90,"CNN_FP_01,cnn,CNN,FP,11552,5487,0,Benign,53,Pkt Size Avg,0.0,-0.8142153024673462,1.2918783188228955,1.2918783188228955,3,True,1.291878318822896,0.9504522166842144,-0.0,2.671710887621294,0.8125,0.0,0.1875,0.8125,Reference-stable direction,Increases attack logit,Moderately reference-stable,Present only with explicit reference-sensitivity caveat"
vit,results/stage14_integrated_gradients/stage14_4b_ig_top10_term_reliability.csv,91,"CNN_FP_01,cnn,CNN,FP,11552,5487,0,Benign,66,Init Fwd Win Byts,1024.0,-0.6936777234077454,1.7047390320116989,1.7047390320116989,1,True,1.704739032011699,2.101780133128246,-0.2113538363887123,9.141091207238242,0.6875,0.3125,0.0,0.6875,Moderately stable direction,Increases attack logit,Moderately reference-stable,Present only with explicit reference-sensitivity caveat"
vit,results/stage14_integrated_gradients/stage14_4b_ig_top10_term_reliability.csv,92,"CNN_FP_02,cnn,CNN,FP,28212,191024,0,Benign,7,Fwd Pkt Len Max,0.0,-0.6599207520484924,0.7713975583256663,0.7713975583256663,3,True,0.7713975583256664,1.712897183974911,-2.10523843786786,4.762023760753871,0.53125,0.28125,0.1875,0.53125,Reference-sensitive direction,Increases attack logit,Moderately reference-stable,Present only with explicit reference-sensitivity caveat"
vit,results/stage14_integrated_gradients/stage14_4b_ig_top10_term_reliability.csv,93,"CNN_FP_02,cnn,CNN,FP,28212,191024,0,Benign,10,Fwd Pkt Len Std,0.0,-0.6824519038200378,-0.7084501073593166,0.7084501073593166,6,True,-0.7084501073593166,1.414501613424524,-5.144201784426556,0.3052965079903441,0.09375,0.59375,0.3125,0.59375,Reference-sensitive direction,Decreases attack logit,Moderately reference-stable,Present only with explicit reference-sensitivity caveat"
vit,results/stage14_integrated_gradients/stage14_4b_ig_top10_term_reliability.csv,94,"CNN_FP_02,cnn,CNN,FP,28212,191024,0,Benign,11,Bwd Pkt Len Max,0.0,-0.684525191783905,0.7131544195714621,0.7131544195714621,5,True,0.7131544195714622,0.7888894597006013,-0.0620278212432737,2.4887378149987565,0.625,0.125,0.25,0.625,Reference-sensitive direction,Increases attack logit,Moderately reference-stable,Present only with explicit reference-sensitivity caveat"
vit,results/stage14_integrated_gradients/stage14_4b_ig_top10_term_reliability.csv,95,"CNN_FP_02,cnn,CNN,FP,28212,191024,0,Benign,14,Bwd Pkt Len Std,0.0,-0.6783645153045654,-0.4731984312470274,0.4731984312470274,8,True,-0.4731984312470274,1.3533160165752185,-4.925434358936763,0.8356214290545521,0.34375,0.28125,0.375,0.375,Reference-sensitive direction,Decreases attack logit,Moderately reference-stable,Present only with explicit reference-sensitivity caveat"
vit,results/stage14_integrated_gradients/stage14_4b_ig_top10_term_reliability.csv,96,"CNN_FP_02,cnn,CNN,FP,28212,191024,0,Benign,40,Pkt Len Max,0.0,-0.7656013369560242,0.6543908916263015,0.6543908916263015,7,True,0.6543908916263013,0.6854438085542133,-0.0709650271177382,2.0667689234076114,0.75,0.0625,0.1875,0.75,Reference-stable direction,Increases attack logit,Moderately reference-stable,Present only with explicit reference-sensitivity caveat"
vit,results/stage14_integrated_gradients/stage14_4b_ig_top10_term_reliability.csv,97,"CNN_FP_02,cnn,CNN,FP,28212,191024,0,Benign,46,RST Flag Cnt,1.0,1.9163296222686768,1.3949738614824083,1.3949738614824083,2,True,1.3949738614824083,1.5127414522786349,-0.4308707655698539,4.6110541600655965,0.5625,0.0625,0.375,0.5625,Reference-sensitive direction,Increases attack logit,Moderately reference-stable,Present only with explicit reference-sensitivity caveat"
vit,results/stage14_integrated_gradients/stage14_4b_ig_top10_term_reliability.csv,98,"CNN_FP_02,cnn,CNN,FP,28212,191024,0,Benign,51,ECE Flag Cnt,1.0,1.9163296222686768,1.8662320645652288,1.8662320645652288,1,True,1.8662320645652284,1.865823662511848,-0.3143037040930531,5.558945163015175,0.59375,0.03125,0.375,0.59375,Reference-sensitive direction,Increases attack logit,Moderately reference-stable,Present only with explicit reference-sensitivity caveat"
vit,results/stage14_integrated_gradients/stage14_4b_ig_top10_term_reliability.csv,99,"CNN_FP_02,cnn,CNN,FP,28212,191024,0,Benign,53,Pkt Size Avg,0.0,-0.8142153024673462,0.7232915895644825,0.7232915895644825,4,True,0.7232915895644824,0.8957111401416136,-0.5557166951141919,2.966613369158431,0.75,0.0625,0.1875,0.75,Reference-stable direction,Increases attack logit,Moderately reference-stable,Present only with explicit reference-sensitivity caveat"
vit,results/stage14_integrated_gradients/stage14_4b_ig_top10_term_reliability.csv,100,"CNN_FP_02,cnn,CNN,FP,28212,191024,0,Benign,54,Fwd Seg Size Avg,0.0,-0.7370033860206604,0.468826057115332,0.468826057115332,9,True,0.468826057115332,0.411175368715321,-0.4605400339020195,1.2595862998839495,0.78125,0.03125,0.1875,0.78125,Reference-stable direction,Increases attack logit,Moderately reference-stable,Present only with explicit reference-sensitivity caveat"
vit,results/stage14_integrated_gradients/stage14_4b_ig_top10_term_reliability.csv,101,"CNN_FP_02,cnn,CNN,FP,28212,191024,0,Benign,55,Bwd Seg Size Avg,0.0,-0.6581581234931946,-0.4634340962220829,0.4634340962220829,10,True,-0.4634340962220829,0.7810741150506544,-2.9936551228951203,0.8803145040791721,0.15625,0.59375,0.25,0.59375,Reference-sensitive direction,Decreases attack logit,Moderately reference-stable,Present only with explicit reference-sensitivity caveat"
vit,results/stage14_integrated_gradients/stage14_4b_ig_top10_term_reliability.csv,102,"CNN_FP_03,cnn,CNN,FP,22418,274755,0,Benign,7,Fwd Pkt Len Max,0.0,-0.6599207520484924,0.77600608437058,0.77600608437058,3,True,0.7760060843705799,1.723662927127792,-2.121249928401935,4.815596396344393,0.53125,0.28125,0.1875,0.53125,Reference-sensitive direction,Increases attack logit,Moderately reference-stable,Present only with explicit reference-sensitivity caveat"
vit,results/stage14_integrated_gradients/stage14_4b_ig_top10_term_reliability.csv,103,"CNN_FP_03,cnn,CNN,FP,22418,274755,0,Benign,10,Fwd Pkt Len Std,0.0,-0.6824519038200378,-0.7099295901134484,0.7099295901134484,6,True,-0.7099295901134481,1.4163063379682976,-5.149995621730169,0.3044168645048539,0.09375,0.59375,0.3125,0.59375,Reference-sensitive direction,Decreases attack logit,Moderately reference-stable,Present only with explicit reference-sensitivity caveat"
vit,results/stage14_integrated_gradients/stage14_4b_ig_top10_term_reliability.csv,104,"CNN_FP_03,cnn,CNN,FP,22418,274755,0,Benign,11,Bwd Pkt Len Max,0.0,-0.684525191783905,0.7295738634562369,0.7295738634562369,4,True,0.729573863456237,0.798451849381712,-0.0615806529670508,2.5193336568206965,0.625,0.125,0.25,0.625,Reference-sensitive direction,Increases attack logit,Moderately reference-stable,Present only with explicit reference-sensitivity caveat"
vit,results/stage14_integrated_gradients/stage14_4b_ig_top10_term_reliability.csv,105,"CNN_FP_03,cnn,CNN,FP,22418,274755,0,Benign,14,Bwd Pkt Len Std,0.0,-0.6783645153045654,-0.4620877459650526,0.4620877459650526,10,True,-0.4620877459650525,1.3448387313077967,-4.816441845385347,0.8535985514746137,0.34375,0.28125,0.375,0.375,Reference-sensitive direction,Decreases attack logit,Moderately reference-stable,Present only with explicit reference-sensitivity caveat"
vit,results/stage14_integrated_gradients/stage14_4b_ig_top10_term_reliability.csv,106,"CNN_FP_03,cnn,CNN,FP,22418,274755,0,Benign,40,Pkt Len Max,0.0,-0.7656013369560242,0.6806361722422797,0.6806361722422797,7,True,0.6806361722422798,0.7054505161443367,-0.074689554303311,2.124878086084862,0.75,0.0625,0.1875,0.75,Reference-stable direction,Increases attack logit,Moderately reference-stable,Present only with explicit reference-sensitivity caveat"
vit,results/stage14_integrated_gradients/stage14_4b_ig_top10_term_reliability.csv,107,"CNN_FP_03,cnn,CNN,FP,22418,274755,0,Benign,46,RST Flag Cnt,1.0,1.9163296222686768,1.4227079858670209,1.4227079858670209,2,True,1.4227079858670209,1.528080765984523,-0.4202431345409602,4.6231031326073175,0.5625,0.0625,0.375,0.5625,Reference-sensitive direction,Increases attack logit,Moderately reference-stable,Present only with explicit reference-sensitivity caveat"
vit,results/stage14_integrated_gradients/stage14_4b_ig_top10_term_reliability.csv,108,"CNN_FP_03,cnn,CNN,FP,22418,274755,0,Benign,51,ECE Flag Cnt,1.0,1.9163296222686768,1.9363937196972645,1.9363937196972645,1,True,1.9363937196972645,1.9174743766199709,-0.3034273028452338,5.604997781170228,0.59375,0.03125,0.375,0.59375,Reference-sensitive direction,Increases attack logit,Moderately reference-stable,Present only with explicit reference-sensitivity caveat"
vit,results/stage14_integrated_gradients/stage14_4b_ig_top10_term_reliability.csv,109,"CNN_FP_03,cnn,CNN,FP,22418,274755,0,Benign,53,Pkt Size Avg,0.0,-0.8142153024673462,0.7229340506798146,0.7229340506798146,5,True,0.7229340506798144,0.8940631551700788,-0.5576568204443815,2.9624778669172462,0.75,0.0625,0.1875,0.75,Reference-stable direction,Increases attack logit,Moderately reference-stable,Present only with explicit reference-sensitivity caveat"
vit,results/stage14_integrated_gradients/stage14_4b_ig_top10_term_reliability.csv,110,"CNN_FP_03,cnn,CNN,FP,22418,274755,0,Benign,54,Fwd Seg Size Avg,0.0,-0.7370033860206604,0.482391389883352,0.482391389883352,9,True,0.482391389883352,0.4167976291601915,-0.4230404282948151,1.291774585072092,0.78125,0.03125,0.1875,0.78125,Reference-stable direction,Increases attack logit,Moderately reference-stable,Present only with explicit reference-sensitivity caveat"
vit,results/stage14_integrated_gradients/stage14_4b_ig_top10_term_reliability.csv,111,"CNN_FP_03,cnn,CNN,FP,22418,274755,0,Benign,55,Bwd Seg Size Avg,0.0,-0.6581581234931946,-0.4869146889043949,0.4869146889043949,8,True,-0.4869146889043948,0.7983841212365017,-3.0600627558334508,0.8647201716858611,0.15625,0.59375,0.25,0.59375,Reference-sensitive direction,Decreases attack logit,Moderately reference-stable,Present only with explicit reference-sensitivity caveat"
vit,results/stage14_integrated_gradients/stage14_4b_ig_top10_term_reliability.csv,112,"CNN_FP_04,cnn,CNN,FP,15047,164648,0,Benign,7,Fwd Pkt Len Max,0.0,-0.6599207520484924,0.6679078851741245,0.6679078851741245,8,True,0.6679078851741247,1.3540256826032144,-2.110314752234021,3.476577455786689,0.625,0.1875,0.1875,0.625,Reference-sensitive direction,Increases attack logit,Moderately reference-stable,Present only with explicit reference-sensitivity caveat"
vit,results/stage14_integrated_gradients/stage14_4b_ig_top10_term_reliability.csv,113,"CNN_FP_04,cnn,CNN,FP,15047,164648,0,Benign,10,Fwd Pkt Len Std,0.0,-0.6824519038200378,-0.6570521707717646,0.6570521707717646,10,True,-0.6570521707717647,1.3172991605153164,-4.444881285819551,0.4465318968112117,0.21875,0.46875,0.3125,0.46875,Reference-sensitive direction,Decreases attack logit,Moderately reference-stable,Present only with explicit reference-sensitivity caveat"
vit,results/stage14_integrated_gradients/stage14_4b_ig_top10_term_reliability.csv,114,"CNN_FP_04,cnn,CNN,FP,15047,164648,0,Benign,11,Bwd Pkt Len Max,0.0,-0.684525191783905,0.6610432985854504,0.6610432985854504,9,True,0.6610432985854503,0.7125180823803602,-0.0113852665052413,2.1256707744344063,0.65625,0.09375,0.25,0.65625,Moderately stable direction,Increases attack logit,Moderately reference-stable,Present only with explicit reference-sensitivity caveat"
vit,results/stage14_integrated_gradients/stage14_4b_ig_top10_term_reliability.csv,115,"CNN_FP_04,cnn,CNN,FP,15047,164648,0,Benign,38,Bwd Pkts/s,250000.0,0.9183104634284972,1.0562014365693435,1.0562014365693435,4,True,1.0562014365693433,0.8595231978653577,-0.5726005126671815,2.1116862864886703,0.90625,0.09375,0.0,0.90625,Reference-stable direction,Increases attack logit,Moderately reference-stable,Present only with explicit reference-sensitivity caveat"
vit,results/stage14_integrated_gradients/stage14_4b_ig_top10_term_reliability.csv,116,"CNN_FP_04,cnn,CNN,FP,15047,164648,0,Benign,40,Pkt Len Max,0.0,-0.7656013369560242,1.5440253899397671,1.5440253899397671,1,True,1.5440253899397671,1.4512327294478666,-0.0429291433703133,3.809596697584048,0.78125,0.03125,0.1875,0.78125,Reference-stable direction,Increases attack logit,Moderately reference-stable,Present only with explicit reference-sensitivity caveat"
vit,results/stage14_integrated_gradients/stage14_4b_ig_top10_term_reliability.csv,117,"CNN_FP_04,cnn,CNN,FP,15047,164648,0,Benign,46,RST Flag Cnt,0.0,-0.5218309164047241,-0.966222229084842,0.966222229084842,6,True,-0.9662222290848416,1.309674577375461,-4.404475861893526,-0.0,0.0,0.375,0.625,0.625,Reference-sensitive direction,Decreases attack logit,Moderately reference-stable,Present only with explicit reference-sensitivity caveat"
vit,results/stage14_integrated_gradients/stage14_4b_ig_top10_term_reliability.csv,118,"CNN_FP_04,cnn,CNN,FP,15047,164648,0,Benign,51,ECE Flag Cnt,0.0,-0.5218309164047241,-0.9453434686871908,0.9453434686871908,7,True,-0.9453434686871908,1.3681005873315846,-3.8579341843395514,-0.0,0.0,0.375,0.625,0.625,Reference-sensitive direction,Decreases attack logit,Moderately reference-stable,Present only with explicit reference-sensitivity caveat"
vit,results/stage14_integrated_gradients/stage14_4b_ig_top10_term_reliability.csv,119,"CNN_FP_04,cnn,CNN,FP,15047,164648,0,Benign,53,Pkt Size Avg,0.0,-0.8142153024673462,1.0657319554755709,1.0657319554755709,3,True,1.0657319554755709,0.8342650785044744,-0.0,2.392306536899258,0.8125,0.0,0.1875,0.8125,Reference-stable direction,Increases attack logit,Moderately reference-stable,Present only with explicit reference-sensitivity caveat"
vit,results/stage14_integrated_gradients/stage14_4b_ig_top10_term_reliability.csv,120,"CNN_FP_04,cnn,CNN,FP,15047,164648,0,Benign,66,Init Fwd Win Byts,1024.0,-0.6936777234077454,1.539676477403202,1.539676477403202,2,True,1.539676477403202,1.9332707878426711,-0.2538898629461015,8.715835726000522,0.6875,0.3125,0.0,0.6875,Moderately stable direction,Increases attack logit,Moderately reference-stable,Present only with explicit reference-sensitivity caveat"
vit,results/stage14_integrated_gradients/stage14_4b_ig_top10_term_reliability.csv,121,"CNN_FP_04,cnn,CNN,FP,15047,164648,0,Benign,69,Fwd Seg Size Min,24.0,0.1813714355230331,1.011288322557747,1.011288322557747,5,True,1.0112883225577467,1.4148978373671688,-0.1651303702299102,4.7243227428839365,0.6875,0.3125,0.0,0.6875,Moderately stable direction,Increases attack logit,Moderately reference-stable,Present only with explicit reference-sensitivity caveat"
vit,results/stage14_integrated_gradients/stage14_4b_ig_top10_term_reliability.csv,142,"CNN_FP_07,cnn,CNN,FP,36683,288123,0,Benign,7,Fwd Pkt Len Max,0.0,-0.6599207520484924,1.4979254291962736,1.4979254291962736,3,True,1.4979254291962736,2.876875120018292,-1.5098026881455149,8.21824674558492,0.59375,0.21875,0.1875,0.59375,Reference-sensitive direction,Increases attack logit,Moderately reference-stable,Present only with explicit reference-sensitivity caveat"
vit,results/stage14_integrated_gradients/stage14_4b_ig_top10_term_reliability.csv,143,"CNN_FP_07,cnn,CNN,FP,36683,288123,0,Benign,10,Fwd Pkt Len Std,0.0,-0.6824519038200378,-1.4320167989674777,1.4320167989674777,4,True,-1.4320167989674777,3.168455742768833,-12.007339583894016,0.3834534269475232,0.21875,0.46875,0.3125,0.46875,Reference-sensitive direction,Decreases attack logit,Moderately reference-stable,Present only with explicit reference-sensitivity caveat"
vit,results/stage14_integrated_gradients/stage14_4b_ig_top10_term_reliability.csv,144,"CNN_FP_07,cnn,CNN,FP,36683,288123,0,Benign,11,Bwd Pkt Len Max,0.0,-0.684525191783905,0.8089761063434303,0.8089761063434303,9,True,0.8089761063434304,1.1001927829457545,-0.1286550529843149,3.675736031189584,0.59375,0.15625,0.25,0.59375,Reference-sensitive direction,Increases attack logit,Moderately reference-stable,Present only with explicit reference-sensitivity caveat"
vit,results/stage14_integrated_gradients/stage14_4b_ig_top10_term_reliability.csv,145,"CNN_FP_07,cnn,CNN,FP,36683,288123,0,Benign,41,Pkt Len Mean,0.0,-0.7634954452514648,0.7857561898890136,0.7857561898890136,10,True,0.7857561898890137,0.8242562105454128,-0.0,3.038688849935435,0.8125,0.0,0.1875,0.8125,Reference-stable direction,Increases attack logit,Moderately reference-stable,Present only with explicit reference-sensitivity caveat"
vit,results/stage14_integrated_gradients/stage14_4b_ig_top10_term_reliability.csv,146,"CNN_FP_07,cnn,CNN,FP,36683,288123,0,Benign,46,RST Flag Cnt,0.0,-0.5218309164047241,-1.0559928299810608,1.0559928299810608,5,True,-1.0559928299810606,1.523000727397455,-5.716480825022923,-0.0,0.0,0.375,0.625,0.625,Reference-sensitive direction,Decreases attack logit,Moderately reference-stable,Present only with explicit reference-sensitivity caveat"
vit,results/stage14_integrated_gradients/stage14_4b_ig_top10_term_reliability.csv,147,"CNN_FP_07,cnn,CNN,FP,36683,288123,0,Benign,47,PSH Flag Cnt,1.0,0.9456127285957336,-1.0271112175413242,1.0271112175413242,6,True,-1.0271112175413242,1.4798219779216548,-4.917403668002255,0.0,0.0,0.375,0.625,0.625,Reference-sensitive direction,Decreases attack logit,Moderately reference-stable,Present only with explicit reference-sensitivity caveat"
vit,results/stage14_integrated_gradients/stage14_4b_ig_top10_term_reliability.csv,148,"CNN_FP_07,cnn,CNN,FP,36683,288123,0,Benign,51,ECE Flag Cnt,0.0,-0.5218309164047241,-0.8386388000509037,0.8386388000509037,8,True,-0.8386388000509037,1.2861306295739567,-3.993386788392496,-0.0,0.0,0.375,0.625,0.625,Reference-sensitive direction,Decreases attack logit,Moderately reference-stable,Present only with explicit reference-sensitivity caveat"
vit,results/stage14_integrated_gradients/stage14_4b_ig_top10_term_reliability.csv,149,"CNN_FP_07,cnn,CNN,FP,36683,288123,0,Benign,53,Pkt Size Avg,0.0,-0.8142153024673462,0.8443139758865141,0.8443139758865141,7,True,0.8443139758865141,1.0514702308584574,-0.843152083539258,2.8157197090629977,0.75,0.0625,0.1875,0.75,Reference-stable direction,Increases attack logit,Moderately reference-stable,Present only with explicit reference-sensitivity caveat"
vit,results/stage14_integrated_gradients/stage14_4b_ig_top10_term_reliability.csv,150,"CNN_FP_07,cnn,CNN,FP,36683,288123,0,Benign,66,Init Fwd Win Byts,26883.0,0.5590801239013672,3.696895984301631,3.696895984301631,2,True,3.6968959843016314,2.5104803701661136,0.2493887948199381,9.848448392985237,1.0,0.0,0.0,1.0,Reference-stable direction,Increases attack logit,Moderately reference-stable,Present only with explicit reference-sensitivity caveat"
vit,results/stage14_integrated_gradients/stage14_4b_ig_top10_term_reliability.csv,151,"CNN_FP_07,cnn,CNN,FP,36683,288123,0,Benign,69,Fwd Seg Size Min,40.0,1.7942849397659302,4.2857464234247535,4.2857464234247535,1,True,4.285746423424754,1.917509578228872,2.207975343706274,10.82930938307749,1.0,0.0,0.0,1.0,Reference-stable direction,Increases attack logit,Moderately reference-stable,Present only with explicit reference-sensitivity caveat"
vit,results/stage14_integrated_gradients/stage14_4b_ig_top10_term_reliability.csv,152,"CNN_FP_08,cnn,CNN,FP,9969,15869,0,Benign,7,Fwd Pkt Len Max,0.0,-0.6599207520484924,1.3975588538856565,1.3975588538856565,3,True,1.3975588538856567,2.454934243126444,-1.8863770556818804,7.528534361004961,0.6875,0.125,0.1875,0.6875,Moderately stable direction,Increases attack logit,Moderately reference-stable,Present only with explicit reference-sensitivity caveat"
vit,results/stage14_integrated_gradients/stage14_4b_ig_top10_term_reliability.csv,153,"CNN_FP_08,cnn,CNN,FP,9969,15869,0,Benign,13,Bwd Pkt Len Mean,0.0,-0.6581581234931946,0.9392140101129092,0.9392140101129092,9,True,0.9392140101129092,0.9264345186615146,-0.0,3.19475672165607,0.75,0.0,0.25,0.75,Reference-stable direction,Increases attack logit,Moderately reference-stable,Present only with explicit reference-sensitivity caveat"
vit,results/stage14_integrated_gradients/stage14_4b_ig_top10_term_reliability.csv,154,"CNN_FP_08,cnn,CNN,FP,9969,15869,0,Benign,20,Flow IAT Min,14100000.0,1.086371660232544,1.1556653816705262,1.1556653816705262,4,True,1.1556653816705262,1.7132016454776733,-5.792224638575144,3.117033675413925,0.90625,0.09375,0.0,0.90625,Reference-stable direction,Increases attack logit,Moderately reference-stable,Present only with explicit reference-sensitivity caveat"
vit,results/stage14_integrated_gradients/stage14_4b_ig_top10_term_reliability.csv,155,"CNN_FP_08,cnn,CNN,FP,9969,15869,0,Benign,25,Fwd IAT Min,14100000.0,0.881786048412323,1.1107339448469495,1.1107339448469495,5,True,1.1107339448469495,0.7643567209172771,-0.8272164689951116,2.033433769157372,0.9375,0.0625,0.0,0.9375,Reference-stable direction,Increases attack logit,Moderately reference-stable,Present only with explicit reference-sensitivity caveat"
vit,results/stage14_integrated_gradients/stage14_4b_ig_top10_term_reliability.csv,156,"CNN_FP_08,cnn,CNN,FP,9969,15869,0,Benign,41,Pkt Len Mean,0.0,-0.7634954452514648,1.029781254261367,1.029781254261367,7,True,1.0297812542613665,0.9073869697469946,-0.0,3.048848694033924,0.8125,0.0,0.1875,0.8125,Reference-stable direction,Increases attack logit,Moderately reference-stable,Present only with explicit reference-sensitivity caveat"
vit,results/stage14_integrated_gradients/stage14_4b_ig_top10_term_reliability.csv,157,"CNN_FP_08,cnn,CNN,FP,9969,15869,0,Benign,42,Pkt Len Std,0.0,-0.7985594868659973,1.0606331149547925,1.0606331149547925,6,True,1.0606331149547925,1.0829306801390994,-0.0,3.3747367936505923,0.8125,0.0,0.1875,0.8125,Reference-stable direction,Increases attack logit,Moderately reference-stable,Present only with explicit reference-sensitivity caveat"
vit,results/stage14_integrated_gradients/stage14_4b_ig_top10_term_reliability.csv,158,"CNN_FP_08,cnn,CNN,FP,9969,15869,0,Benign,47,PSH Flag Cnt,0.0,-1.0575153827667236,0.9756418758411456,0.9756418758411456,8,True,0.9756418758411456,1.0909084768527784,-0.4682079788359989,4.210344033449326,0.59375,0.03125,0.375,0.59375,Reference-sensitive direction,Increases attack logit,Moderately reference-stable,Present only with explicit reference-sensitivity caveat"
vit,results/stage14_integrated_gradients/stage14_4b_ig_top10_term_reliability.csv,159,"CNN_FP_08,cnn,CNN,FP,9969,15869,0,Benign,48,ACK Flag Cnt,1.0,1.5607398748397827,2.359423693724961,2.359423693724961,2,True,2.359423693724961,1.909836542001124,0.0,7.376189762907204,0.78125,0.0,0.21875,0.78125,Reference-stable direction,Increases attack logit,Moderately reference-stable,Present only with explicit reference-sensitivity caveat"
vit,results/stage14_integrated_gradients/stage14_4b_ig_top10_term_reliability.csv,160,"CNN_FP_08,cnn,CNN,FP,9969,15869,0,Benign,51,ECE Flag Cnt,0.0,-0.5218309164047241,-0.8888961743965285,0.8888961743965285,10,True,-0.8888961743965285,1.2792098313130356,-4.003103279917741,-0.0,0.0,0.375,0.625,0.625,Reference-sensitive direction,Decreases attack logit,Moderately reference-stable,Present only with explicit reference-sensitivity caveat"
vit,results/stage14_integrated_gradients/stage14_4b_ig_top10_term_reliability.csv,161,"CNN_FP_08,cnn,CNN,FP,9969,15869,0,Benign,69,Fwd Seg Size Min,32.0,0.9878281950950624,4.542423457771893,4.542423457771893,1,True,4.542423457771893,3.245322122342078,0.0,12.644195141902806,0.90625,0.0,0.09375,0.90625,Reference-stable direction,Increases attack logit,Moderately reference-stable,Present only with explicit reference-sensitivity caveat"
vit,results/stage14_integrated_gradients/stage14_4b_ig_top10_term_reliability.csv,162,"CNN_TN_01,cnn,CNN,TN,36312,275065,0,Benign,10,Fwd Pkt Len Std,85.34967291,-0.1262657642364502,-0.8825122743442666,0.8825122743442666,3,True,-0.8825122743442666,1.3122235527699146,-4.713339645769391,0.1639982075459738,0.15625,0.84375,0.0,0.84375,Reference-stable direction,Decreases attack logit,Moderately reference-stable,Present only with explicit reference-sensitivity caveat"
vit,results/stage14_integrated_gradients/stage14_4b_ig_top10_term_reliability.csv,163,"CNN_TN_01,cnn,CNN,TN,36312,275065,0,Benign,11,Bwd Pkt Len Max,145.0,-0.364097386598587,0.5830616221593209,0.5830616221593209,6,True,0.583061622159321,0.9031204549326648,-0.4694372971083868,2.901798755692038,0.59375,0.40625,0.0,0.59375,Reference-sensitive direction,Increases attack logit,Moderately reference-stable,Present only with explicit reference-sensitivity caveat"
vit,results/stage14_integrated_gradients/stage14_4b_ig_top10_term_reliability.csv,164,"CNN_TN_01,cnn,CNN,TN,36312,275065,0,Benign,14,Bwd Pkt Len Std,72.5,-0.3032875657081604,-0.8326628517522835,0.8326628517522835,4,True,-0.8326628517522834,1.379797578322884,-5.455925051945808,0.2613818880230162,0.1875,0.8125,0.0,0.8125,Reference-stable direction,Decreases attack logit,Moderately reference-stable,Present only with explicit reference-sensitivity caveat"
vit,results/stage14_integrated_gradients/stage14_4b_ig_top10_term_reliability.csv,165,"CNN_TN_01,cnn,CNN,TN,36312,275065,0,Benign,40,Pkt Len Max,219.0,-0.3504483997821808,0.4600669489145377,0.4600669489145377,9,True,0.4600669489145378,0.9575891627573414,-1.3350879434173517,1.8645766372412875,0.5625,0.4375,0.0,0.5625,Reference-sensitive direction,Increases attack logit,Moderately reference-stable,Present only with explicit reference-sensitivity caveat"
vit,results/stage14_integrated_gradients/stage14_4b_ig_top10_term_reliability.csv,166,"CNN_TN_01,cnn,CNN,TN,36312,275065,0,Benign,46,RST Flag Cnt,1.0,1.9163296222686768,2.163696665412113,2.163696665412113,2,True,2.163696665412113,1.967822143584051,0.0,5.258780396694305,0.625,0.0,0.375,0.625,Reference-sensitive direction,Increases attack logit,Moderately reference-stable,Present only with explicit reference-sensitivity caveat"
vit,results/stage14_integrated_gradients/stage14_4b_ig_top10_term_reliability.csv,167,"CNN_TN_01,cnn,CNN,TN,36312,275065,0,Benign,51,ECE Flag Cnt,1.0,1.9163296222686768,2.592741053855152,2.592741053855152,1,True,2.592741053855152,2.2880971629588864,0.0,6.116559213929905,0.625,0.0,0.375,0.625,Reference-sensitive direction,Increases attack logit,Moderately reference-stable,Present only with explicit reference-sensitivity caveat"
vit,results/stage14_integrated_gradients/stage14_4b_ig_top10_term_reliability.csv,168,"CNN_TN_01,cnn,CNN,TN,36312,275065,0,Benign,52,Down/Up Ratio,0.0,-0.5546588897705078,0.5850349179213851,0.5850349179213851,5,True,0.5850349179213851,0.8608834420845332,-0.0,2.447312205951353,0.34375,0.0,0.65625,0.65625,Moderately stable direction,Increases attack logit,Moderately reference-stable,Present only with explicit reference-sensitivity caveat"
vit,results/stage14_integrated_gradients/stage14_4b_ig_top10_term_reliability.csv,169,"CNN_TN_01,cnn,CNN,TN,36312,275065,0,Benign,53,Pkt Size Avg,44.6,-0.4070612490177154,0.5546749725431492,0.5546749725431492,7,True,0.5546749725431491,0.9300376667622424,-0.6978929812855619,3.0441642922510552,0.71875,0.28125,0.0,0.71875,Moderately stable direction,Increases attack logit,Moderately reference-stable,Present only with explicit reference-sensitivity caveat"
vit,results/stage14_integrated_gradients/stage14_4b_ig_top10_term_reliability.csv,170,"CNN_TN_01,cnn,CNN,TN,36312,275065,0,Benign,55,Bwd Seg Size Avg,36.25,-0.4201026558876037,-0.4227201210868569,0.4227201210868569,10,True,-0.422720121086857,0.7678697105130317,-2.9226008671463286,0.4942696371037305,0.375,0.625,0.0,0.625,Reference-sensitive direction,Decreases attack logit,Moderately reference-stable,Present only with explicit reference-sensitivity caveat"
vit,results/stage14_integrated_gradients/stage14_4b_ig_top10_term_reliability.csv,171,"CNN_TN_01,cnn,CNN,TN,36312,275065,0,Benign,67,Init Bwd Win Byts,110.0,-0.4035870432853699,0.5263794934545712,0.5263794934545712,8,True,0.5263794934545711,0.876206070892808,-0.0976847346088656,2.575483831668377,0.5,0.5,0.0,0.5,Reference-sensitive direction,Increases attack logit,Moderately reference-stable,Present only with explicit reference-sensitivity caveat"
vit,results/stage14_integrated_gradients/stage14_4b_ig_top10_term_reliability.csv,182,"CNN_TN_03,cnn,CNN,TN,2474,17871,0,Benign,0,Dst Port,443.0,-0.5331613421440125,0.4074274797058153,0.4074274797058153,6,True,0.4074274797058152,0.8063151526362,-0.1493611252466986,2.4638220087937523,0.46875,0.375,0.15625,0.46875,Reference-sensitive direction,Increases attack logit,Moderately reference-stable,Present only with explicit reference-sensitivity caveat"
vit,results/stage14_integrated_gradients/stage14_4b_ig_top10_term_reliability.csv,183,"CNN_TN_03,cnn,CNN,TN,2474,17871,0,Benign,7,Fwd Pkt Len Max,46.0,-0.5420639514923096,0.5789448613535738,0.5789448613535738,3,True,0.5789448613535737,1.2243131413871646,-1.0906996486290588,3.1682611181838283,0.71875,0.25,0.03125,0.71875,Moderately stable direction,Increases attack logit,Moderately reference-stable,Present only with explicit reference-sensitivity caveat"
vit,results/stage14_integrated_gradients/stage14_4b_ig_top10_term_reliability.csv,184,"CNN_TN_03,cnn,CNN,TN,2474,17871,0,Benign,10,Fwd Pkt Len Std,23.45918441,-0.5295787453651428,-0.3064159229816438,0.3064159229816438,9,True,-0.3064159229816438,0.4958788957915515,-1.5508339194533896,0.1680956448908903,0.25,0.71875,0.03125,0.71875,Moderately stable direction,Decreases attack logit,Moderately reference-stable,Present only with explicit reference-sensitivity caveat"
vit,results/stage14_integrated_gradients/stage14_4b_ig_top10_term_reliability.csv,185,"CNN_TN_03,cnn,CNN,TN,2474,17871,0,Benign,11,Bwd Pkt Len Max,0.0,-0.684525191783905,0.394054965021109,0.394054965021109,7,True,0.3940549650211089,0.5587953298203789,-0.0148690243350712,2.1641919645169923,0.625,0.125,0.25,0.625,Reference-sensitive direction,Increases attack logit,Moderately reference-stable,Present only with explicit reference-sensitivity caveat"
vit,results/stage14_integrated_gradients/stage14_4b_ig_top10_term_reliability.csv,186,"CNN_TN_03,cnn,CNN,TN,2474,17871,0,Benign,14,Bwd Pkt Len Std,0.0,-0.6783645153045654,-0.4164168621829031,0.4164168621829031,5,True,-0.4164168621829032,0.7205315823194779,-2.315752979278952,0.0996839319414146,0.1875,0.4375,0.375,0.4375,Reference-sensitive direction,Decreases attack logit,Moderately reference-stable,Present only with explicit reference-sensitivity caveat"
vit,results/stage14_integrated_gradients/stage14_4b_ig_top10_term_reliability.csv,187,"CNN_TN_03,cnn,CNN,TN,2474,17871,0,Benign,31,Fwd PSH Flags,1.0,5.396814346313477,0.7940040625134636,0.7940040625134636,2,True,0.7940040625134634,1.4801332589661442,-5.298726423448628,3.368630161531761,0.75,0.21875,0.03125,0.75,Reference-stable direction,Increases attack logit,Moderately reference-stable,Present only with explicit reference-sensitivity caveat"
vit,results/stage14_integrated_gradients/stage14_4b_ig_top10_term_reliability.csv,188,"CNN_TN_03,cnn,CNN,TN,2474,17871,0,Benign,40,Pkt Len Max,46.0,-0.6784002780914307,0.2592302518833157,0.2592302518833157,10,True,0.2592302518833157,0.3052754492791204,-0.0778116528683511,0.8764689319479637,0.84375,0.125,0.03125,0.84375,Reference-stable direction,Increases attack logit,Moderately reference-stable,Present only with explicit reference-sensitivity caveat"
vit,results/stage14_integrated_gradients/stage14_4b_ig_top10_term_reliability.csv,189,"CNN_TN_03,cnn,CNN,TN,2474,17871,0,Benign,45,SYN Flag Cnt,1.0,5.396814346313477,1.3254460193698288,1.3254460193698288,1,True,1.3254460193698288,1.4471944529444591,-0.3981230566155175,6.5022613924164805,0.9375,0.03125,0.03125,0.9375,Reference-stable direction,Increases attack logit,Moderately reference-stable,Present only with explicit reference-sensitivity caveat"
vit,results/stage14_integrated_gradients/stage14_4b_ig_top10_term_reliability.csv,190,"CNN_TN_03,cnn,CNN,TN,2474,17871,0,Benign,48,ACK Flag Cnt,1.0,1.5607398748397827,-0.4641885377594471,0.4641885377594471,4,True,-0.4641885377594471,0.5579141862288959,-2.055260809044668,0.1941165423567148,0.0625,0.71875,0.21875,0.71875,Moderately stable direction,Decreases attack logit,Moderately reference-stable,Present only with explicit reference-sensitivity caveat"
vit,results/stage14_integrated_gradients/stage14_4b_ig_top10_term_reliability.csv,191,"CNN_TN_03,cnn,CNN,TN,2474,17871,0,Benign,66,Init Fwd Win Byts,254.0,-0.7309809327125549,0.3505412020478213,0.3505412020478213,8,True,0.3505412020478212,1.2733035990291377,-0.0724962645024238,7.330591305751688,0.71875,0.28125,0.0,0.71875,Moderately stable direction,Increases attack logit,Moderately reference-stable,Present only with explicit reference-sensitivity caveat"
vit,results/stage14_integrated_gradients/stage14_4b_ig_top10_term_reliability.csv,252,"CNN_TP_02,cnn,CNN,TP,17430,268473,1,DoS attacks-GoldenEye,7,Fwd Pkt Len Max,0.0,-0.6599207520484924,1.7103965461821424,1.7103965461821424,3,True,1.7103965461821429,2.87114487329222,-1.4149191574027378,8.696129137620044,0.71875,0.09375,0.1875,0.71875,Moderately stable direction,Increases attack logit,Moderately reference-stable,Present only with explicit reference-sensitivity caveat"
vit,results/stage14_integrated_gradients/stage14_4b_ig_top10_term_reliability.csv,253,"CNN_TP_02,cnn,CNN,TP,17430,268473,1,DoS attacks-GoldenEye,10,Fwd Pkt Len Std,0.0,-0.6824519038200378,-1.543393727404483,1.543393727404483,4,True,-1.5433937274044836,3.013252200927961,-10.5330955336186,0.2046056278854385,0.15625,0.53125,0.3125,0.53125,Reference-sensitive direction,Decreases attack logit,Moderately reference-stable,Present only with explicit reference-sensitivity caveat"
vit,results/stage14_integrated_gradients/stage14_4b_ig_top10_term_reliability.csv,254,"CNN_TP_02,cnn,CNN,TP,17430,268473,1,DoS attacks-GoldenEye,13,Bwd Pkt Len Mean,0.0,-0.6581581234931946,0.8341522149397411,0.8341522149397411,8,True,0.8341522149397411,0.805785716201049,-0.0,2.2910020724916764,0.75,0.0,0.25,0.75,Reference-stable direction,Increases attack logit,Moderately reference-stable,Present only with explicit reference-sensitivity caveat"
vit,results/stage14_integrated_gradients/stage14_4b_ig_top10_term_reliability.csv,255,"CNN_TP_02,cnn,CNN,TP,17430,268473,1,DoS attacks-GoldenEye,41,Pkt Len Mean,0.0,-0.7634954452514648,1.042654188457616,1.042654188457616,6,True,1.042654188457616,0.966164318286422,-0.0,3.0701749931894544,0.8125,0.0,0.1875,0.8125,Reference-stable direction,Increases attack logit,Moderately reference-stable,Present only with explicit reference-sensitivity caveat"
vit,results/stage14_integrated_gradients/stage14_4b_ig_top10_term_reliability.csv,256,"CNN_TP_02,cnn,CNN,TP,17430,268473,1,DoS attacks-GoldenEye,42,Pkt Len Std,0.0,-0.7985594868659973,1.1356765658604109,1.1356765658604109,5,True,1.1356765658604109,1.1471318431783748,-0.0,3.7127340423313058,0.8125,0.0,0.1875,0.8125,Reference-stable direction,Increases attack logit,Moderately reference-stable,Present only with explicit reference-sensitivity caveat"
vit,results/stage14_integrated_gradients/stage14_4b_ig_top10_term_reliability.csv,257,"CNN_TP_02,cnn,CNN,TP,17430,268473,1,DoS attacks-GoldenEye,47,PSH Flag Cnt,0.0,-1.0575153827667236,1.0139726395137894,1.0139726395137894,7,True,1.0139726395137894,1.0423934362909903,-0.0099351532005966,3.962454713184449,0.59375,0.03125,0.375,0.59375,Reference-sensitive direction,Increases attack logit,Moderately reference-stable,Present only with explicit reference-sensitivity caveat"
vit,results/stage14_integrated_gradients/stage14_4b_ig_top10_term_reliability.csv,258,"CNN_TP_02,cnn,CNN,TP,17430,268473,1,DoS attacks-GoldenEye,48,ACK Flag Cnt,1.0,1.5607398748397827,2.4522992259792065,2.4522992259792065,2,True,2.452299225979207,2.049493332293794,-0.126290192290801,7.46085623444136,0.71875,0.0625,0.21875,0.71875,Moderately stable direction,Increases attack logit,Moderately reference-stable,Present only with explicit reference-sensitivity caveat"
vit,results/stage14_integrated_gradients/stage14_4b_ig_top10_term_reliability.csv,259,"CNN_TP_02,cnn,CNN,TP,17430,268473,1,DoS attacks-GoldenEye,51,ECE Flag Cnt,0.0,-0.5218309164047241,-0.7918492291487816,0.7918492291487816,10,True,-0.7918492291487815,1.203932543058127,-3.71546929691592,-0.0,0.0,0.375,0.625,0.625,Reference-sensitive direction,Decreases attack logit,Moderately reference-stable,Present only with explicit reference-sensitivity caveat"
vit,results/stage14_integrated_gradients/stage14_4b_ig_top10_term_reliability.csv,260,"CNN_TP_02,cnn,CNN,TP,17430,268473,1,DoS attacks-GoldenEye,53,Pkt Size Avg,0.0,-0.8142153024673462,0.8169988714655504,0.8169988714655504,9,True,0.8169988714655505,0.8693096618491257,-0.0403197817199559,2.667038015140694,0.78125,0.03125,0.1875,0.78125,Reference-stable direction,Increases attack logit,Moderately reference-stable,Present only with explicit reference-sensitivity caveat"
vit,results/stage14_integrated_gradients/stage14_4b_ig_top10_term_reliability.csv,261,"CNN_TP_02,cnn,CNN,TP,17430,268473,1,DoS attacks-GoldenEye,69,Fwd Seg Size Min,32.0,0.9878281950950624,3.770318954139088,3.770318954139088,1,True,3.7703189541390887,3.0077311485653526,0.0,12.310876753986122,0.90625,0.0,0.09375,0.90625,Reference-stable direction,Increases attack logit,Moderately reference-stable,Present only with explicit reference-sensitivity caveat"
vit,results/stage14_integrated_gradients/stage14_4b_ig_top10_term_reliability.csv,272,"CNN_TP_04,cnn,CNN,TP,21953,279646,1,DoS attacks-SlowHTTPTest,0,Dst Port,21.0,-0.554141640663147,1.709271081197314,1.709271081197314,4,True,1.709271081197314,3.112864852348465,-0.1499173433504737,11.189846757409423,0.28125,0.71875,0.0,0.71875,Moderately stable direction,Increases attack logit,Moderately reference-stable,Present only with explicit reference-sensitivity caveat"
vit,results/stage14_integrated_gradients/stage14_4b_ig_top10_term_reliability.csv,273,"CNN_TP_04,cnn,CNN,TP,21953,279646,1,DoS attacks-SlowHTTPTest,7,Fwd Pkt Len Max,0.0,-0.6599207520484924,1.373942767808547,1.373942767808547,7,True,1.373942767808547,3.043933602189266,-1.1311662288458877,9.661393630578768,0.4375,0.375,0.1875,0.4375,Reference-sensitive direction,Increases attack logit,Moderately reference-stable,Present only with explicit reference-sensitivity caveat"
vit,results/stage14_integrated_gradients/stage14_4b_ig_top10_term_reliability.csv,274,"CNN_TP_04,cnn,CNN,TP,21953,279646,1,DoS attacks-SlowHTTPTest,10,Fwd Pkt Len Std,0.0,-0.6824519038200378,-1.517291778176709,1.517291778176709,6,True,-1.5172917781767086,2.706351543453013,-10.60600669389274,0.4563646795210066,0.1875,0.5,0.3125,0.5,Reference-sensitive direction,Decreases attack logit,Moderately reference-stable,Present only with explicit reference-sensitivity caveat"
vit,results/stage14_integrated_gradients/stage14_4b_ig_top10_term_reliability.csv,275,"CNN_TP_04,cnn,CNN,TP,21953,279646,1,DoS attacks-SlowHTTPTest,16,Flow Pkts/s,1000000.0,2.015492677688598,1.0442961596377656,1.0442961596377656,9,True,1.0442961596377656,0.8435645242648145,0.0163837435563923,2.7343784614534177,1.0,0.0,0.0,1.0,Reference-stable direction,Increases attack logit,Moderately reference-stable,Present only with explicit reference-sensitivity caveat"
vit,results/stage14_integrated_gradients/stage14_4b_ig_top10_term_reliability.csv,276,"CNN_TP_04,cnn,CNN,TP,21953,279646,1,DoS attacks-SlowHTTPTest,38,Bwd Pkts/s,500000.0,2.187605142593384,2.056532336324123,2.056532336324123,3,True,2.056532336324123,1.6613747257844524,-0.4717057832209071,4.252407912410608,0.84375,0.15625,0.0,0.84375,Reference-stable direction,Increases attack logit,Moderately reference-stable,Present only with explicit reference-sensitivity caveat"
vit,results/stage14_integrated_gradients/stage14_4b_ig_top10_term_reliability.csv,277,"CNN_TP_04,cnn,CNN,TP,21953,279646,1,DoS attacks-SlowHTTPTest,46,RST Flag Cnt,0.0,-0.5218309164047241,-0.9965208432948308,0.9965208432948308,10,True,-0.9965208432948308,1.424381302095752,-4.697682800251485,0.0,0.0,0.375,0.625,0.625,Reference-sensitive direction,Decreases attack logit,Moderately reference-stable,Present only with explicit reference-sensitivity caveat"
vit,results/stage14_integrated_gradients/stage14_4b_ig_top10_term_reliability.csv,278,"CNN_TP_04,cnn,CNN,TP,21953,279646,1,DoS attacks-SlowHTTPTest,53,Pkt Size Avg,0.0,-0.8142153024673462,1.2509991649093004,1.2509991649093004,8,True,1.2509991649093006,1.4714513856408058,-0.8951137114065697,3.887156709185201,0.75,0.0625,0.1875,0.75,Reference-stable direction,Increases attack logit,Moderately reference-stable,Present only with explicit reference-sensitivity caveat"
vit,results/stage14_integrated_gradients/stage14_4b_ig_top10_term_reliability.csv,279,"CNN_TP_04,cnn,CNN,TP,21953,279646,1,DoS attacks-SlowHTTPTest,66,Init Fwd Win Byts,26883.0,0.5590801239013672,4.002858076481064,4.002858076481064,2,True,4.002858076481063,2.709723828814304,0.2195765962360267,10.834023416735093,1.0,0.0,0.0,1.0,Reference-stable direction,Increases attack logit,Moderately reference-stable,Present only with explicit reference-sensitivity caveat"
vit,results/stage14_integrated_gradients/stage14_4b_ig_top10_term_reliability.csv,280,"CNN_TP_04,cnn,CNN,TP,21953,279646,1,DoS attacks-SlowHTTPTest,67,Init Bwd Win Byts,0.0,-0.4095297455787658,1.657637002160085,1.657637002160085,5,True,1.6576370021600848,2.217014162310326,-0.0001856999324094,5.6915693462350685,0.5625,0.3125,0.125,0.5625,Reference-sensitive direction,Increases attack logit,Moderately reference-stable,Present only with explicit reference-sensitivity caveat"
vit,results/stage14_integrated_gradients/stage14_4b_ig_top10_term_reliability.csv,281,"CNN_TP_04,cnn,CNN,TP,21953,279646,1,DoS attacks-SlowHTTPTest,69,Fwd Seg Size Min,40.0,1.7942849397659302,6.086317366610445,6.086317366610445,1,True,6.086317366610444,2.3180941167996463,2.594496953922316,13.593401999012904,1.0,0.0,0.0,1.0,Reference-stable direction,Increases attack logit,Moderately reference-stable,Present only with explicit reference-sensitivity caveat"
vit,results/stage14_integrated_gradients/stage14_4b_ig_top10_term_reliability.csv,282,"CNN_TP_05,cnn,CNN,TP,36429,182234,1,DDOS attack-HOIC,7,Fwd Pkt Len Max,0.0,-0.6599207520484924,1.7876127970161917,1.7876127970161917,3,True,1.7876127970161917,2.9552549662082988,-1.2316432617522133,8.209312679595323,0.71875,0.09375,0.1875,0.71875,Moderately stable direction,Increases attack logit,Moderately reference-stable,Present only with explicit reference-sensitivity caveat"
vit,results/stage14_integrated_gradients/stage14_4b_ig_top10_term_reliability.csv,283,"CNN_TP_05,cnn,CNN,TP,36429,182234,1,DDOS attack-HOIC,10,Fwd Pkt Len Std,0.0,-0.6824519038200378,-1.6073430691436883,1.6073430691436883,4,True,-1.6073430691436883,3.0552402747970047,-10.53925359747283,0.1633555209241315,0.125,0.5625,0.3125,0.5625,Reference-sensitive direction,Decreases attack logit,Moderately reference-stable,Present only with explicit reference-sensitivity caveat"
vit,results/stage14_integrated_gradients/stage14_4b_ig_top10_term_reliability.csv,284,"CNN_TP_05,cnn,CNN,TP,36429,182234,1,DDOS attack-HOIC,13,Bwd Pkt Len Mean,0.0,-0.6581581234931946,0.7775573950354596,0.7775573950354596,10,True,0.7775573950354595,0.7579718110528743,-0.1977792360386656,2.30208846569858,0.71875,0.03125,0.25,0.71875,Moderately stable direction,Increases attack logit,Moderately reference-stable,Present only with explicit reference-sensitivity caveat"
vit,results/stage14_integrated_gradients/stage14_4b_ig_top10_term_reliability.csv,285,"CNN_TP_05,cnn,CNN,TP,36429,182234,1,DDOS attack-HOIC,41,Pkt Len Mean,0.0,-0.7634954452514648,1.0938566127665823,1.0938566127665823,7,True,1.0938566127665823,0.9683323766099672,-0.0,3.073678678716341,0.8125,0.0,0.1875,0.8125,Reference-stable direction,Increases attack logit,Moderately reference-stable,Present only with explicit reference-sensitivity caveat"
vit,results/stage14_integrated_gradients/stage14_4b_ig_top10_term_reliability.csv,286,"CNN_TP_05,cnn,CNN,TP,36429,182234,1,DDOS attack-HOIC,42,Pkt Len Std,0.0,-0.7985594868659973,1.099567012910943,1.099567012910943,6,True,1.0995670129109432,1.1380528341173262,-0.0,3.920990550976394,0.8125,0.0,0.1875,0.8125,Reference-stable direction,Increases attack logit,Moderately reference-stable,Present only with explicit reference-sensitivity caveat"
vit,results/stage14_integrated_gradients/stage14_4b_ig_top10_term_reliability.csv,287,"CNN_TP_05,cnn,CNN,TP,36429,182234,1,DDOS attack-HOIC,47,PSH Flag Cnt,0.0,-1.0575153827667236,0.9695809779966597,0.9695809779966597,8,True,0.9695809779966594,1.039940487061671,-0.2314729468820826,3.881646532756255,0.59375,0.03125,0.375,0.59375,Reference-sensitive direction,Increases attack logit,Moderately reference-stable,Present only with explicit reference-sensitivity caveat"
vit,results/stage14_integrated_gradients/stage14_4b_ig_top10_term_reliability.csv,288,"CNN_TP_05,cnn,CNN,TP,36429,182234,1,DDOS attack-HOIC,48,ACK Flag Cnt,1.0,1.5607398748397827,2.749788368335081,2.749788368335081,2,True,2.749788368335081,1.836011918492085,0.0,6.874430141800497,0.78125,0.0,0.21875,0.78125,Reference-stable direction,Increases attack logit,Moderately reference-stable,Present only with explicit reference-sensitivity caveat"
vit,results/stage14_integrated_gradients/stage14_4b_ig_top10_term_reliability.csv,289,"CNN_TP_05,cnn,CNN,TP,36429,182234,1,DDOS attack-HOIC,55,Bwd Seg Size Avg,0.0,-0.6581581234931946,0.9187953826547144,0.9187953826547144,9,True,0.9187953826547144,0.8640439114406483,-0.0,2.814244716014429,0.75,0.0,0.25,0.75,Reference-stable direction,Increases attack logit,Moderately reference-stable,Present only with explicit reference-sensitivity caveat"
vit,results/stage14_integrated_gradients/stage14_4b_ig_top10_term_reliability.csv,290,"CNN_TP_05,cnn,CNN,TP,36429,182234,1,DDOS attack-HOIC,66,Init Fwd Win Byts,32738.0,0.8427298069000244,3.463792804725819,3.463792804725819,1,True,3.463792804725819,3.1777344168022945,-1.0644322716107142,14.496861954782498,0.875,0.125,0.0,0.875,Reference-stable direction,Increases attack logit,Moderately reference-stable,Present only with explicit reference-sensitivity caveat"
vit,results/stage14_integrated_gradients/stage14_4b_ig_top10_term_reliability.csv,291,"CNN_TP_05,cnn,CNN,TP,36429,182234,1,DDOS attack-HOIC,67,Init Bwd Win Byts,-1.0,-0.4095837473869324,1.5471112179676918,1.5471112179676918,5,True,1.5471112179676922,2.2663911873088893,-0.0,6.575699451757062,0.6875,0.0,0.3125,0.6875,Moderately stable direction,Increases attack logit,Moderately reference-stable,Present only with explicit reference-sensitivity caveat"
vit,results/stage14_integrated_gradients/stage14_4b_ig_top10_term_reliability.csv,292,"CNN_TP_06,cnn,CNN,TP,47278,243809,1,DoS attacks-Hulk,0,Dst Port,80.0,-0.5512083768844604,0.8136888418921978,0.8136888418921978,10,True,0.8136888418921977,1.9000621186416813,-0.5288498244004285,6.260785291568589,0.40625,0.5,0.09375,0.5,Reference-sensitive direction,Increases attack logit,Moderately reference-stable,Present only with explicit reference-sensitivity caveat"
vit,results/stage14_integrated_gradients/stage14_4b_ig_top10_term_reliability.csv,293,"CNN_TP_06,cnn,CNN,TP,47278,243809,1,DoS attacks-Hulk,7,Fwd Pkt Len Max,343.0,0.2188813537359237,1.263929627393614,1.263929627393614,6,True,1.2639296273936138,3.993119160531566,-3.0073462360935843,10.955429183052283,0.4375,0.5625,0.0,0.5625,Reference-sensitive direction,Increases attack logit,Moderately reference-stable,Present only with explicit reference-sensitivity caveat"
vit,results/stage14_integrated_gradients/stage14_4b_ig_top10_term_reliability.csv,294,"CNN_TP_06,cnn,CNN,TP,47278,243809,1,DoS attacks-Hulk,11,Bwd Pkt Len Max,935.0,1.3816815614700315,-2.115970808329901,2.115970808329901,4,True,-2.1159708083299016,2.923801610338288,-6.806943208779651,3.813044246612408,0.25,0.75,0.0,0.75,Reference-stable direction,Decreases attack logit,Moderately reference-stable,Present only with explicit reference-sensitivity caveat"
vit,results/stage14_integrated_gradients/stage14_4b_ig_top10_term_reliability.csv,295,"CNN_TP_06,cnn,CNN,TP,47278,243809,1,DoS attacks-Hulk,14,Bwd Pkt Len Std,467.5,1.7402350902557373,5.882156751342327,5.882156751342327,1,True,5.882156751342327,4.845511834670155,-3.1165535199068346,13.958556173197415,0.875,0.125,0.0,0.875,Reference-stable direction,Increases attack logit,Moderately reference-stable,Present only with explicit reference-sensitivity caveat"
vit,results/stage14_integrated_gradients/stage14_4b_ig_top10_term_reliability.csv,296,"CNN_TP_06,cnn,CNN,TP,47278,243809,1,DoS attacks-Hulk,42,Pkt Len Std,335.4556603,1.2448230981826782,1.2102602667911562,1.2102602667911562,7,True,1.2102602667911562,1.3561608624258314,-0.5643394026589764,3.870332905002468,0.84375,0.15625,0.0,0.84375,Reference-stable direction,Increases attack logit,Moderately reference-stable,Present only with explicit reference-sensitivity caveat"
vit,results/stage14_integrated_gradients/stage14_4b_ig_top10_term_reliability.csv,297,"CNN_TP_06,cnn,CNN,TP,47278,243809,1,DoS attacks-Hulk,46,RST Flag Cnt,0.0,-0.5218309164047241,-0.9141366333278534,0.9141366333278534,9,True,-0.9141366333278532,1.2689075102195515,-3.998462659440426,0.0,0.0,0.375,0.625,0.625,Reference-sensitive direction,Decreases attack logit,Moderately reference-stable,Present only with explicit reference-sensitivity caveat"
vit,results/stage14_integrated_gradients/stage14_4b_ig_top10_term_reliability.csv,298,"CNN_TP_06,cnn,CNN,TP,47278,243809,1,DoS attacks-Hulk,48,ACK Flag Cnt,0.0,-0.6407217979431152,-0.918022522140044,0.918022522140044,8,True,-0.918022522140044,2.0406963652196404,-7.137118762434547,0.7879577033440333,0.03125,0.1875,0.78125,0.78125,Reference-stable direction,Decreases attack logit,Moderately reference-stable,Present only with explicit reference-sensitivity caveat"
vit,results/stage14_integrated_gradients/stage14_4b_ig_top10_term_reliability.csv,299,"CNN_TP_06,cnn,CNN,TP,47278,243809,1,DoS attacks-Hulk,66,Init Fwd Win Byts,26883.0,0.5590801239013672,3.1296591185122096,3.1296591185122096,3,True,3.129659118512209,2.477958961619468,-1.2132658108026504,9.61924415422626,0.875,0.125,0.0,0.875,Reference-stable direction,Increases attack logit,Moderately reference-stable,Present only with explicit reference-sensitivity caveat"
vit,results/stage14_integrated_gradients/stage14_4b_ig_top10_term_reliability.csv,300,"CNN_TP_06,cnn,CNN,TP,47278,243809,1,DoS attacks-Hulk,67,Init Bwd Win Byts,219.0,-0.3976983726024627,2.044703230613315,2.044703230613315,5,True,2.0447032306133144,2.8607426352891747,-0.0535303578843654,7.121777293247858,0.40625,0.59375,0.0,0.59375,Reference-sensitive direction,Increases attack logit,Moderately reference-stable,Present only with explicit reference-sensitivity caveat"
vit,results/stage14_integrated_gradients/stage14_4b_ig_top10_term_reliability.csv,301,"CNN_TP_06,cnn,CNN,TP,47278,243809,1,DoS attacks-Hulk,69,Fwd Seg Size Min,32.0,0.9878281950950624,4.5532293885702,4.5532293885702,2,True,4.553229388570199,2.095738124106985,0.0,8.656437731027784,0.90625,0.0,0.09375,0.90625,Reference-stable direction,Increases attack logit,Moderately reference-stable,Present only with explicit reference-sensitivity caveat"
vit,results/stage14_integrated_gradients/stage14_4b_ig_top10_term_reliability.csv,302,"CNN_TP_07,cnn,CNN,TP,55228,264866,1,DDOS attack-HOIC,0,Dst Port,80.0,-0.5512083768844604,1.2770827607996258,1.2770827607996258,7,True,1.2770827607996256,2.754111091450048,-1.1854908925484606,7.147212978265249,0.4375,0.46875,0.09375,0.46875,Reference-sensitive direction,Increases attack logit,Moderately reference-stable,Present only with explicit reference-sensitivity caveat"
vit,results/stage14_integrated_gradients/stage14_4b_ig_top10_term_reliability.csv,303,"CNN_TP_07,cnn,CNN,TP,55228,264866,1,DDOS attack-HOIC,7,Fwd Pkt Len Max,249.0,-0.0219565518200397,2.4408468725886414,2.4408468725886414,5,True,2.440846872588642,4.3939169498128745,-2.071363318997719,11.766753552424404,0.53125,0.46875,0.0,0.53125,Reference-sensitive direction,Increases attack logit,Moderately reference-stable,Present only with explicit reference-sensitivity caveat"
vit,results/stage14_integrated_gradients/stage14_4b_ig_top10_term_reliability.csv,304,"CNN_TP_07,cnn,CNN,TP,55228,264866,1,DDOS attack-HOIC,11,Bwd Pkt Len Max,935.0,1.3816815614700315,-3.974684460810277,3.974684460810277,2,True,-3.974684460810277,4.972167109226978,-11.102272267279428,5.323661713783216,0.25,0.75,0.0,0.75,Reference-stable direction,Decreases attack logit,Moderately reference-stable,Present only with explicit reference-sensitivity caveat"
vit,results/stage14_integrated_gradients/stage14_4b_ig_top10_term_reliability.csv,305,"CNN_TP_07,cnn,CNN,TP,55228,264866,1,DDOS attack-HOIC,14,Bwd Pkt Len Std,467.5,1.7402350902557373,7.2883635710352355,7.2883635710352355,1,True,7.288363571035237,5.84361356431326,-3.511386760279918,16.079762045049343,0.875,0.125,0.0,0.875,Reference-stable direction,Increases attack logit,Moderately reference-stable,Present only with explicit reference-sensitivity caveat"
vit,results/stage14_integrated_gradients/stage14_4b_ig_top10_term_reliability.csv,306,"CNN_TP_07,cnn,CNN,TP,55228,264866,1,DDOS attack-HOIC,17,Flow IAT Mean,2173.0,-0.2306968569755554,0.7584061902217131,0.7584061902217131,10,True,0.7584061902217132,2.2482239170339544,-0.0006235718558833,9.45686710100692,0.71875,0.28125,0.0,0.71875,Moderately stable direction,Increases attack logit,Moderately reference-stable,Present only with explicit reference-sensitivity caveat"
vit,results/stage14_integrated_gradients/stage14_4b_ig_top10_term_reliability.csv,307,"CNN_TP_07,cnn,CNN,TP,55228,264866,1,DDOS attack-HOIC,24,Fwd IAT Max,11996.0,-0.3339429795742035,0.8050526543170955,0.8050526543170955,9,True,0.8050526543170955,1.6851937967583297,-0.0026915867755806,6.052193133336408,0.71875,0.28125,0.0,0.71875,Moderately stable direction,Increases attack logit,Moderately reference-stable,Present only with explicit reference-sensitivity caveat"
vit,results/stage14_integrated_gradients/stage14_4b_ig_top10_term_reliability.csv,308,"CNN_TP_07,cnn,CNN,TP,55228,264866,1,DDOS attack-HOIC,40,Pkt Len Max,935.0,1.0068553686141968,-0.808358932724773,0.808358932724773,8,True,-0.8083589327247728,1.5515439201943309,-5.086228484227186,1.30062343415821,0.25,0.5625,0.1875,0.5625,Reference-sensitive direction,Decreases attack logit,Moderately reference-stable,Present only with explicit reference-sensitivity caveat"
vit,results/stage14_integrated_gradients/stage14_4b_ig_top10_term_reliability.csv,309,"CNN_TP_07,cnn,CNN,TP,55228,264866,1,DDOS attack-HOIC,46,RST Flag Cnt,1.0,1.9163296222686768,3.0174812441865204,3.0174812441865204,4,True,3.0174812441865213,2.4842690077356333,0.0,6.424588517306277,0.625,0.0,0.375,0.625,Reference-sensitive direction,Increases attack logit,Moderately reference-stable,Present only with explicit reference-sensitivity caveat"
vit,results/stage14_integrated_gradients/stage14_4b_ig_top10_term_reliability.csv,310,"CNN_TP_07,cnn,CNN,TP,55228,264866,1,DDOS attack-HOIC,51,ECE Flag Cnt,1.0,1.9163296222686768,3.582354633788702,3.582354633788702,3,True,3.582354633788702,3.54610450435167,0.0,10.989983143412,0.625,0.0,0.375,0.625,Reference-sensitive direction,Increases attack logit,Moderately reference-stable,Present only with explicit reference-sensitivity caveat"
vit,results/stage14_integrated_gradients/stage14_4b_ig_top10_term_reliability.csv,311,"CNN_TP_07,cnn,CNN,TP,55228,264866,1,DDOS attack-HOIC,67,Init Bwd Win Byts,219.0,-0.3976983726024627,2.290221044262544,2.290221044262544,6,True,2.2902210442625432,3.3333471032168327,-0.0643357969720793,8.878400667725193,0.4375,0.5625,0.0,0.5625,Reference-sensitive direction,Increases attack logit,Moderately reference-stable,Present only with explicit reference-sensitivity caveat"
vit,results/stage14_integrated_gradients/stage14_4b_ig_top10_term_reliability.csv,332,"MLP_FN_02,mlp,MLP,FN,27401,120018,1,Infilteration,7,Fwd Pkt Len Max,436.0,0.4571571350097656,0.420487446715546,0.420487446715546,4,True,0.4204874467155461,0.7721221075868051,-0.5752475133683606,2.2742386496367684,0.75,0.21875,0.03125,0.75,Reference-stable direction,Increases attack logit,Moderately reference-stable,Present only with explicit reference-sensitivity caveat"
vit,results/stage14_integrated_gradients/stage14_4b_ig_top10_term_reliability.csv,333,"MLP_FN_02,mlp,MLP,FN,27401,120018,1,Infilteration,11,Bwd Pkt Len Max,788.0,1.056834101676941,-0.1914233137029001,0.1914233137029001,8,True,-0.1914233137029001,0.2981338139685802,-0.9609842381456064,0.3848208786519968,0.1875,0.8125,0.0,0.8125,Reference-stable direction,Decreases attack logit,Moderately reference-stable,Present only with explicit reference-sensitivity caveat"
vit,results/stage14_integrated_gradients/stage14_4b_ig_top10_term_reliability.csv,334,"MLP_FN_02,mlp,MLP,FN,27401,120018,1,Infilteration,21,Fwd IAT Tot,116000000.0,3.47967529296875,0.6621602561918198,0.6621602561918198,3,True,0.6621602561918198,0.9735728744279752,-0.1207058943473293,2.820782482405632,0.6875,0.3125,0.0,0.6875,Moderately stable direction,Increases attack logit,Moderately reference-stable,Present only with explicit reference-sensitivity caveat"
vit,results/stage14_integrated_gradients/stage14_4b_ig_top10_term_reliability.csv,335,"MLP_FN_02,mlp,MLP,FN,27401,120018,1,Infilteration,23,Fwd IAT Std,4130924.287,0.841073215007782,0.1754331659213315,0.1754331659213315,9,True,0.1754331659213314,0.4680082505247456,-2.180260633679629,0.5509916194711327,0.8125,0.1875,0.0,0.8125,Reference-stable direction,Increases attack logit,Moderately reference-stable,Present only with explicit reference-sensitivity caveat"
vit,results/stage14_integrated_gradients/stage14_4b_ig_top10_term_reliability.csv,336,"MLP_FN_02,mlp,MLP,FN,27401,120018,1,Infilteration,26,Bwd IAT Tot,110000000.0,4.257648468017578,0.4010348690038904,0.4010348690038904,5,True,0.4010348690038904,0.7253120923899483,-0.456666375084503,3.165929695371553,0.78125,0.21875,0.0,0.78125,Reference-stable direction,Increases attack logit,Moderately reference-stable,Present only with explicit reference-sensitivity caveat"
vit,results/stage14_integrated_gradients/stage14_4b_ig_top10_term_reliability.csv,337,"MLP_FN_02,mlp,MLP,FN,27401,120018,1,Infilteration,27,Bwd IAT Mean,8472616.923,0.955608069896698,0.1588161516397712,0.1588161516397712,10,True,0.1588161516397712,0.1739734416871515,-0.0548089280565735,0.5724348755086505,0.84375,0.15625,0.0,0.84375,Reference-stable direction,Increases attack logit,Moderately reference-stable,Present only with explicit reference-sensitivity caveat"
vit,results/stage14_integrated_gradients/stage14_4b_ig_top10_term_reliability.csv,338,"MLP_FN_02,mlp,MLP,FN,27401,120018,1,Infilteration,46,RST Flag Cnt,1.0,1.9163296222686768,1.0948502856904945,1.0948502856904945,2,True,1.0948502856904945,1.2745528100635308,-0.0,3.968329626584447,0.625,0.0,0.375,0.625,Reference-sensitive direction,Increases attack logit,Moderately reference-stable,Present only with explicit reference-sensitivity caveat"
vit,results/stage14_integrated_gradients/stage14_4b_ig_top10_term_reliability.csv,339,"MLP_FN_02,mlp,MLP,FN,27401,120018,1,Infilteration,51,ECE Flag Cnt,1.0,1.9163296222686768,1.110200471470048,1.110200471470048,1,True,1.110200471470048,1.3429855653199914,0.0,4.196189963284776,0.625,0.0,0.375,0.625,Reference-sensitive direction,Increases attack logit,Moderately reference-stable,Present only with explicit reference-sensitivity caveat"
vit,results/stage14_integrated_gradients/stage14_4b_ig_top10_term_reliability.csv,340,"MLP_FN_02,mlp,MLP,FN,27401,120018,1,Infilteration,66,Init Fwd Win Byts,8192.0,-0.3464187979698181,0.3951623356313617,0.3951623356313617,6,True,0.3951623356313617,0.9997548562368652,-0.4081355581729073,3.0340379471909333,0.25,0.25,0.5,0.5,Reference-sensitive direction,Increases attack logit,Moderately reference-stable,Present only with explicit reference-sensitivity caveat"
vit,results/stage14_integrated_gradients/stage14_4b_ig_top10_term_reliability.csv,341,"MLP_FN_02,mlp,MLP,FN,27401,120018,1,Infilteration,67,Init Bwd Win Byts,288.0,-0.3939706981182098,0.2790916012755652,0.2790916012755652,7,True,0.2790916012755652,0.5709724898604979,-0.5894839517527489,1.6557361341652157,0.5625,0.4375,0.0,0.5625,Reference-sensitive direction,Increases attack logit,Moderately reference-stable,Present only with explicit reference-sensitivity caveat"
vit,results/stage14_integrated_gradients/stage14_4b_ig_top10_term_reliability.csv,392,"MLP_FN_08,mlp,MLP,FN,34297,224624,1,Infilteration,7,Fwd Pkt Len Max,0.0,-0.6599207520484924,1.619908825343841,1.619908825343841,1,True,1.619908825343841,2.240700574394797,-0.0,7.919313455164582,0.8125,0.0,0.1875,0.8125,Reference-stable direction,Increases attack logit,Moderately reference-stable,Present only with explicit reference-sensitivity caveat"
vit,results/stage14_integrated_gradients/stage14_4b_ig_top10_term_reliability.csv,393,"MLP_FN_08,mlp,MLP,FN,34297,224624,1,Infilteration,14,Bwd Pkt Len Std,0.0,-0.6783645153045654,-0.795945728713437,0.795945728713437,3,True,-0.7959457287134368,1.4735689351719454,-8.160408312984016,0.0,0.0,0.625,0.375,0.625,Reference-sensitive direction,Decreases attack logit,Moderately reference-stable,Present only with explicit reference-sensitivity caveat"
vit,results/stage14_integrated_gradients/stage14_4b_ig_top10_term_reliability.csv,394,"MLP_FN_08,mlp,MLP,FN,34297,224624,1,Infilteration,20,Flow IAT Min,23.0,-0.1787585318088531,0.3723194888053843,0.3723194888053843,10,True,0.3723194888053844,1.2625973878166998,-1.993434840530384e-06,5.85552640851569,0.4375,0.5625,0.0,0.5625,Reference-sensitive direction,Increases attack logit,Moderately reference-stable,Present only with explicit reference-sensitivity caveat"
vit,results/stage14_integrated_gradients/stage14_4b_ig_top10_term_reliability.csv,395,"MLP_FN_08,mlp,MLP,FN,34297,224624,1,Infilteration,40,Pkt Len Max,0.0,-0.7656013369560242,0.7885006076194719,0.7885006076194719,4,True,0.788500607619472,0.8026247488616742,-0.0,2.5861569573970438,0.8125,0.0,0.1875,0.8125,Reference-stable direction,Increases attack logit,Moderately reference-stable,Present only with explicit reference-sensitivity caveat"
vit,results/stage14_integrated_gradients/stage14_4b_ig_top10_term_reliability.csv,396,"MLP_FN_08,mlp,MLP,FN,34297,224624,1,Infilteration,41,Pkt Len Mean,0.0,-0.7634954452514648,0.5931461840609794,0.5931461840609794,7,True,0.5931461840609793,0.813956523022708,-0.0,4.059903488929037,0.8125,0.0,0.1875,0.8125,Reference-stable direction,Increases attack logit,Moderately reference-stable,Present only with explicit reference-sensitivity caveat"
vit,results/stage14_integrated_gradients/stage14_4b_ig_top10_term_reliability.csv,397,"MLP_FN_08,mlp,MLP,FN,34297,224624,1,Infilteration,46,RST Flag Cnt,0.0,-0.5218309164047241,-0.5512065884603867,0.5512065884603867,8,True,-0.5512065884603867,1.0203700392383803,-4.1077879254645655,0.0793151239882579,0.0625,0.3125,0.625,0.625,Reference-sensitive direction,Decreases attack logit,Moderately reference-stable,Present only with explicit reference-sensitivity caveat"
vit,results/stage14_integrated_gradients/stage14_4b_ig_top10_term_reliability.csv,398,"MLP_FN_08,mlp,MLP,FN,34297,224624,1,Infilteration,47,PSH Flag Cnt,1.0,0.9456127285957336,-0.6235537986331547,0.6235537986331547,6,True,-0.6235537986331547,0.8614975837736608,-2.856986557934791,-0.0,0.0,0.375,0.625,0.625,Reference-sensitive direction,Decreases attack logit,Moderately reference-stable,Present only with explicit reference-sensitivity caveat"
vit,results/stage14_integrated_gradients/stage14_4b_ig_top10_term_reliability.csv,399,"MLP_FN_08,mlp,MLP,FN,34297,224624,1,Infilteration,51,ECE Flag Cnt,0.0,-0.5218309164047241,-0.6585429636354698,0.6585429636354698,5,True,-0.6585429636354698,1.1380757142473574,-5.538316718952808,0.0,0.0,0.375,0.625,0.625,Reference-sensitive direction,Decreases attack logit,Moderately reference-stable,Present only with explicit reference-sensitivity caveat"
vit,results/stage14_integrated_gradients/stage14_4b_ig_top10_term_reliability.csv,400,"MLP_FN_08,mlp,MLP,FN,34297,224624,1,Infilteration,54,Fwd Seg Size Avg,0.0,-0.7370033860206604,-0.3819863956790171,0.3819863956790171,9,True,-0.3819863956790171,0.8275247679198315,-4.542023270974502,0.0077026406308146,0.03125,0.78125,0.1875,0.78125,Reference-stable direction,Decreases attack logit,Moderately reference-stable,Present only with explicit reference-sensitivity caveat"
vit,results/stage14_integrated_gradients/stage14_4b_ig_top10_term_reliability.csv,401,"MLP_FN_08,mlp,MLP,FN,34297,224624,1,Infilteration,66,Init Fwd Win Byts,65535.0,2.431604146957397,-1.404898485966459,1.404898485966459,2,True,-1.404898485966459,1.9181841522569532,-3.6832548068169593,7.071074235826634,0.0625,0.8125,0.125,0.8125,Reference-stable direction,Decreases attack logit,Moderately reference-stable,Present only with explicit reference-sensitivity caveat"
vit,results/stage14_integrated_gradients/stage14_4b_ig_top10_term_reliability.csv,402,"MLP_FP_01,mlp,MLP,FP,49283,51450,0,Benign,7,Fwd Pkt Len Max,0.0,-0.6599207520484924,1.3975821925827676,1.3975821925827676,3,True,1.3975821925827678,2.334263857298534,-0.1462841521361168,6.551437246278852,0.75,0.0625,0.1875,0.75,Reference-stable direction,Increases attack logit,Moderately reference-stable,Present only with explicit reference-sensitivity caveat"
vit,results/stage14_integrated_gradients/stage14_4b_ig_top10_term_reliability.csv,403,"MLP_FP_01,mlp,MLP,FP,49283,51450,0,Benign,11,Bwd Pkt Len Max,0.0,-0.684525191783905,0.7087119674811483,0.7087119674811483,6,True,0.7087119674811483,0.8493742094998665,-0.0,2.803752197427397,0.75,0.0,0.25,0.75,Reference-stable direction,Increases attack logit,Moderately reference-stable,Present only with explicit reference-sensitivity caveat"
vit,results/stage14_integrated_gradients/stage14_4b_ig_top10_term_reliability.csv,404,"MLP_FP_01,mlp,MLP,FP,49283,51450,0,Benign,14,Bwd Pkt Len Std,0.0,-0.6783645153045654,-0.97889082631877,0.97889082631877,4,True,-0.97889082631877,0.9313560698146294,-2.5703361542707963,0.0,0.0,0.625,0.375,0.625,Reference-sensitive direction,Decreases attack logit,Moderately reference-stable,Present only with explicit reference-sensitivity caveat"
vit,results/stage14_integrated_gradients/stage14_4b_ig_top10_term_reliability.csv,405,"MLP_FP_01,mlp,MLP,FP,49283,51450,0,Benign,40,Pkt Len Max,0.0,-0.7656013369560242,0.5324098790660988,0.5324098790660988,9,True,0.5324098790660989,0.6199398519855592,-0.0029123800587698,1.9802757466552123,0.75,0.0625,0.1875,0.75,Reference-stable direction,Increases attack logit,Moderately reference-stable,Present only with explicit reference-sensitivity caveat"
vit,results/stage14_integrated_gradients/stage14_4b_ig_top10_term_reliability.csv,406,"MLP_FP_01,mlp,MLP,FP,49283,51450,0,Benign,41,Pkt Len Mean,0.0,-0.7634954452514648,0.7215566837970604,0.7215566837970604,5,True,0.7215566837970603,0.7441243140997795,-0.0,2.608338887846598,0.8125,0.0,0.1875,0.8125,Reference-stable direction,Increases attack logit,Moderately reference-stable,Present only with explicit reference-sensitivity caveat"
vit,results/stage14_integrated_gradients/stage14_4b_ig_top10_term_reliability.csv,407,"MLP_FP_01,mlp,MLP,FP,49283,51450,0,Benign,51,ECE Flag Cnt,0.0,-0.5218309164047241,-0.5779443113756803,0.5779443113756803,8,True,-0.5779443113756804,0.8434117243234686,-2.443259437956038,0.0,0.0,0.375,0.625,0.625,Reference-sensitive direction,Decreases attack logit,Moderately reference-stable,Present only with explicit reference-sensitivity caveat"
vit,results/stage14_integrated_gradients/stage14_4b_ig_top10_term_reliability.csv,408,"MLP_FP_01,mlp,MLP,FP,49283,51450,0,Benign,52,Down/Up Ratio,3.0,2.62729287147522,1.756521385506369,1.756521385506369,1,True,1.756521385506369,0.6504863466139316,0.7439361857255069,3.0375263395229366,1.0,0.0,0.0,1.0,Reference-stable direction,Increases attack logit,Moderately reference-stable,Present only with explicit reference-sensitivity caveat"
vit,results/stage14_integrated_gradients/stage14_4b_ig_top10_term_reliability.csv,409,"MLP_FP_01,mlp,MLP,FP,49283,51450,0,Benign,54,Fwd Seg Size Avg,0.0,-0.7370033860206604,-0.6449174194239393,0.6449174194239393,7,True,-0.6449174194239393,0.9539281876967636,-2.8618818709071934,0.1271238278822948,0.0625,0.75,0.1875,0.75,Reference-stable direction,Decreases attack logit,Moderately reference-stable,Present only with explicit reference-sensitivity caveat"
vit,results/stage14_integrated_gradients/stage14_4b_ig_top10_term_reliability.csv,410,"MLP_FP_01,mlp,MLP,FP,49283,51450,0,Benign,66,Init Fwd Win Byts,1024.0,-0.6936777234077454,1.541215152841637,1.541215152841637,2,True,1.5412151528416365,2.8680487964069763,-0.0794677441544885,9.178238086825475,0.65625,0.34375,0.0,0.65625,Moderately stable direction,Increases attack logit,Moderately reference-stable,Present only with explicit reference-sensitivity caveat"
vit,results/stage14_integrated_gradients/stage14_4b_ig_top10_term_reliability.csv,411,"MLP_FP_01,mlp,MLP,FP,49283,51450,0,Benign,69,Fwd Seg Size Min,24.0,0.1813714355230331,0.4960433703040416,0.4960433703040416,10,True,0.4960433703040415,0.5654672065262499,-0.1781403669957936,1.8808853962450856,0.9375,0.0625,0.0,0.9375,Reference-stable direction,Increases attack logit,Moderately reference-stable,Present only with explicit reference-sensitivity caveat"
vit,results/stage14_integrated_gradients/stage14_4b_ig_top10_term_reliability.csv,422,"MLP_FP_03,mlp,MLP,FP,4667,25012,0,Benign,7,Fwd Pkt Len Max,0.0,-0.6599207520484924,0.1781320548365736,0.1781320548365736,3,True,0.1781320548365736,0.3236364253969964,-0.0583291739377368,0.9567187266775068,0.71875,0.09375,0.1875,0.71875,Moderately stable direction,Increases attack logit,Moderately reference-stable,Present only with explicit reference-sensitivity caveat"
vit,results/stage14_integrated_gradients/stage14_4b_ig_top10_term_reliability.csv,423,"MLP_FP_03,mlp,MLP,FP,4667,25012,0,Benign,14,Bwd Pkt Len Std,0.0,-0.6783645153045654,-0.0598052193384742,0.0598052193384742,6,True,-0.0598052193384742,0.0706400561297549,-0.2272293809560953,0.0,0.0,0.625,0.375,0.625,Reference-sensitive direction,Decreases attack logit,Moderately reference-stable,Present only with explicit reference-sensitivity caveat"
vit,results/stage14_integrated_gradients/stage14_4b_ig_top10_term_reliability.csv,424,"MLP_FP_03,mlp,MLP,FP,4667,25012,0,Benign,17,Flow IAT Mean,804307.0,-0.1609508842229843,0.0491371122999888,0.0491371122999888,9,True,0.0491371122999888,0.1735512881115353,-0.0052039882252322,0.8111446102416807,0.21875,0.78125,0.0,0.78125,Reference-stable direction,Increases attack logit,Moderately reference-stable,Present only with explicit reference-sensitivity caveat"
vit,results/stage14_integrated_gradients/stage14_4b_ig_top10_term_reliability.csv,425,"MLP_FP_03,mlp,MLP,FP,4667,25012,0,Benign,31,Fwd PSH Flags,1.0,5.396814346313477,0.1243110102965124,0.1243110102965124,4,True,0.1243110102965124,0.227638638361687,-0.1310267149661858,0.8062730751642403,0.6875,0.28125,0.03125,0.6875,Moderately stable direction,Increases attack logit,Moderately reference-stable,Present only with explicit reference-sensitivity caveat"
vit,results/stage14_integrated_gradients/stage14_4b_ig_top10_term_reliability.csv,426,"MLP_FP_03,mlp,MLP,FP,4667,25012,0,Benign,33,Fwd URG Flags,1.0,43.02157211303711,3.0724237675665305,3.0724237675665305,1,True,3.07242376756653,1.742709395418972,1.0850591658048605,6.400953244700315,1.0,0.0,0.0,1.0,Reference-stable direction,Increases attack logit,Moderately reference-stable,Present only with explicit reference-sensitivity caveat"
vit,results/stage14_integrated_gradients/stage14_4b_ig_top10_term_reliability.csv,427,"MLP_FP_03,mlp,MLP,FP,4667,25012,0,Benign,45,SYN Flag Cnt,1.0,5.396814346313477,0.0517179114750777,0.0517179114750777,8,True,0.0517179114750777,0.0878547910693264,-0.0436772724434819,0.304570847264953,0.5625,0.40625,0.03125,0.5625,Reference-sensitive direction,Increases attack logit,Moderately reference-stable,Present only with explicit reference-sensitivity caveat"
vit,results/stage14_integrated_gradients/stage14_4b_ig_top10_term_reliability.csv,428,"MLP_FP_03,mlp,MLP,FP,4667,25012,0,Benign,47,PSH Flag Cnt,0.0,-1.0575153827667236,0.0595924829740999,0.0595924829740999,7,True,0.0595924829740999,0.0949767037584467,-0.0056944125318308,0.3399160934220704,0.5625,0.0625,0.375,0.5625,Reference-sensitive direction,Increases attack logit,Moderately reference-stable,Present only with explicit reference-sensitivity caveat"
vit,results/stage14_integrated_gradients/stage14_4b_ig_top10_term_reliability.csv,429,"MLP_FP_03,mlp,MLP,FP,4667,25012,0,Benign,50,CWE Flag Count,1.0,43.02157211303711,2.311055784888728,2.311055784888728,2,True,2.311055784888728,1.83874767864552,-0.2720211972829512,5.685624026463669,0.96875,0.03125,0.0,0.96875,Reference-stable direction,Increases attack logit,Moderately reference-stable,Present only with explicit reference-sensitivity caveat"
vit,results/stage14_integrated_gradients/stage14_4b_ig_top10_term_reliability.csv,430,"MLP_FP_03,mlp,MLP,FP,4667,25012,0,Benign,66,Init Fwd Win Byts,65535.0,2.431604146957397,-0.0484037377768634,0.0484037377768634,10,True,-0.0484037377768635,0.1520879034129797,-0.7106062466521851,0.251894405256208,0.25,0.625,0.125,0.625,Reference-sensitive direction,Decreases attack logit,Moderately reference-stable,Present only with explicit reference-sensitivity caveat"
vit,results/stage14_integrated_gradients/stage14_4b_ig_top10_term_reliability.csv,431,"MLP_FP_03,mlp,MLP,FP,4667,25012,0,Benign,69,Fwd Seg Size Min,40.0,1.7942849397659302,0.1059624558688403,0.1059624558688403,5,True,0.1059624558688403,0.0867439250998795,-0.0702731338216826,0.2494192791374499,0.84375,0.15625,0.0,0.84375,Reference-stable direction,Increases attack logit,Moderately reference-stable,Present only with explicit reference-sensitivity caveat"
vit,results/stage14_integrated_gradients/stage14_4b_ig_top10_term_reliability.csv,442,"MLP_FP_05,mlp,MLP,FP,59742,197096,0,Benign,0,Dst Port,135.0,-0.5484739542007446,0.8749316055880696,0.8749316055880696,8,True,0.8749316055880696,1.9143631081831136,-0.1283024490291228,6.189903582451349,0.5,0.5,0.0,0.5,Reference-sensitive direction,Increases attack logit,Moderately reference-stable,Present only with explicit reference-sensitivity caveat"
vit,results/stage14_integrated_gradients/stage14_4b_ig_top10_term_reliability.csv,443,"MLP_FP_05,mlp,MLP,FP,59742,197096,0,Benign,7,Fwd Pkt Len Max,0.0,-0.6599207520484924,2.219818522458064,2.219818522458064,1,True,2.219818522458064,4.018285376729426,-0.0,12.046799616221408,0.8125,0.0,0.1875,0.8125,Reference-stable direction,Increases attack logit,Moderately reference-stable,Present only with explicit reference-sensitivity caveat"
vit,results/stage14_integrated_gradients/stage14_4b_ig_top10_term_reliability.csv,444,"MLP_FP_05,mlp,MLP,FP,59742,197096,0,Benign,10,Fwd Pkt Len Std,0.0,-0.6824519038200378,-1.1595884378682464,1.1595884378682464,6,True,-1.1595884378682464,1.4646099078535972,-5.439230600265205,0.0,0.0,0.6875,0.3125,0.6875,Moderately stable direction,Decreases attack logit,Moderately reference-stable,Present only with explicit reference-sensitivity caveat"
vit,results/stage14_integrated_gradients/stage14_4b_ig_top10_term_reliability.csv,445,"MLP_FP_05,mlp,MLP,FP,59742,197096,0,Benign,11,Bwd Pkt Len Max,0.0,-0.684525191783905,0.7372873212535744,0.7372873212535744,9,True,0.7372873212535747,0.8554122739441817,-0.0,2.920308098391763,0.75,0.0,0.25,0.75,Reference-stable direction,Increases attack logit,Moderately reference-stable,Present only with explicit reference-sensitivity caveat"
vit,results/stage14_integrated_gradients/stage14_4b_ig_top10_term_reliability.csv,446,"MLP_FP_05,mlp,MLP,FP,59742,197096,0,Benign,14,Bwd Pkt Len Std,0.0,-0.6783645153045654,-1.5863909345637786,1.5863909345637786,3,True,-1.5863909345637786,1.7067041958163889,-4.95747513828658,0.0,0.0,0.625,0.375,0.625,Reference-sensitive direction,Decreases attack logit,Moderately reference-stable,Present only with explicit reference-sensitivity caveat"
vit,results/stage14_integrated_gradients/stage14_4b_ig_top10_term_reliability.csv,447,"MLP_FP_05,mlp,MLP,FP,59742,197096,0,Benign,40,Pkt Len Max,0.0,-0.7656013369560242,0.896039236598382,0.896039236598382,7,True,0.896039236598382,0.9277569992837494,-0.0,3.3715579279982477,0.8125,0.0,0.1875,0.8125,Reference-stable direction,Increases attack logit,Moderately reference-stable,Present only with explicit reference-sensitivity caveat"
vit,results/stage14_integrated_gradients/stage14_4b_ig_top10_term_reliability.csv,448,"MLP_FP_05,mlp,MLP,FP,59742,197096,0,Benign,54,Fwd Seg Size Avg,0.0,-0.7370033860206604,-1.572888762787743,1.572888762787743,4,True,-1.5728887627877437,2.6259788630266505,-7.964505599615024,0.0,0.0,0.8125,0.1875,0.8125,Reference-stable direction,Decreases attack logit,Moderately reference-stable,Present only with explicit reference-sensitivity caveat"
vit,results/stage14_integrated_gradients/stage14_4b_ig_top10_term_reliability.csv,449,"MLP_FP_05,mlp,MLP,FP,59742,197096,0,Benign,66,Init Fwd Win Byts,1.0,-0.7432376742362976,1.3931079636370032,1.3931079636370032,5,True,1.3931079636370036,3.330918958867105,-0.904705328106044,10.35783828703718,0.5625,0.4375,0.0,0.5625,Reference-sensitive direction,Increases attack logit,Moderately reference-stable,Present only with explicit reference-sensitivity caveat"
vit,results/stage14_integrated_gradients/stage14_4b_ig_top10_term_reliability.csv,450,"MLP_FP_05,mlp,MLP,FP,59742,197096,0,Benign,69,Fwd Seg Size Min,40.0,1.7942849397659302,2.079760167172956,2.079760167172956,2,True,2.079760167172956,2.305900330936495,-0.7757791426306123,7.999826309044504,0.875,0.125,0.0,0.875,Reference-stable direction,Increases attack logit,Moderately reference-stable,Present only with explicit reference-sensitivity caveat"
vit,results/stage14_integrated_gradients/stage14_4b_ig_top10_term_reliability.csv,451,"MLP_FP_05,mlp,MLP,FP,59742,197096,0,Benign,75,Idle Std,4253565.48688862,1.6762486696243286,0.7346311105839874,0.7346311105839874,10,True,0.7346311105839876,0.7970327816464847,-0.8520057091223646,2.448030727736304,0.84375,0.15625,0.0,0.84375,Reference-stable direction,Increases attack logit,Moderately reference-stable,Present only with explicit reference-sensitivity caveat"
vit,results/stage14_integrated_gradients/stage14_4b_ig_top10_term_reliability.csv,452,"MLP_FP_06,mlp,MLP,FP,41650,78177,0,Benign,7,Fwd Pkt Len Max,0.0,-0.6599207520484924,2.2359500793659377,2.2359500793659377,2,True,2.235950079365938,3.279013241713681,-0.0,10.197694675162538,0.8125,0.0,0.1875,0.8125,Reference-stable direction,Increases attack logit,Moderately reference-stable,Present only with explicit reference-sensitivity caveat"
vit,results/stage14_integrated_gradients/stage14_4b_ig_top10_term_reliability.csv,453,"MLP_FP_06,mlp,MLP,FP,41650,78177,0,Benign,11,Bwd Pkt Len Max,0.0,-0.684525191783905,1.3026828605933034,1.3026828605933034,4,True,1.3026828605933036,1.324734852667875,-0.0,3.911913710274493,0.75,0.0,0.25,0.75,Reference-stable direction,Increases attack logit,Moderately reference-stable,Present only with explicit reference-sensitivity caveat"
vit,results/stage14_integrated_gradients/stage14_4b_ig_top10_term_reliability.csv,454,"MLP_FP_06,mlp,MLP,FP,41650,78177,0,Benign,14,Bwd Pkt Len Std,0.0,-0.6783645153045654,-0.9361334999304992,0.9361334999304992,10,True,-0.9361334999304992,0.9349842973468134,-3.078167073475424,0.0,0.0,0.625,0.375,0.625,Reference-sensitive direction,Decreases attack logit,Moderately reference-stable,Present only with explicit reference-sensitivity caveat"
vit,results/stage14_integrated_gradients/stage14_4b_ig_top10_term_reliability.csv,455,"MLP_FP_06,mlp,MLP,FP,41650,78177,0,Benign,40,Pkt Len Max,0.0,-0.7656013369560242,1.1147747764669709,1.1147747764669709,6,True,1.1147747764669709,1.215727775999011,-0.0,4.15540521152721,0.8125,0.0,0.1875,0.8125,Reference-stable direction,Increases attack logit,Moderately reference-stable,Present only with explicit reference-sensitivity caveat"
vit,results/stage14_integrated_gradients/stage14_4b_ig_top10_term_reliability.csv,456,"MLP_FP_06,mlp,MLP,FP,41650,78177,0,Benign,46,RST Flag Cnt,0.0,-0.5218309164047241,-0.94438157250279,0.94438157250279,9,True,-0.94438157250279,1.5084780416240564,-4.916657707035843,0.0,0.0,0.375,0.625,0.625,Reference-sensitive direction,Decreases attack logit,Moderately reference-stable,Present only with explicit reference-sensitivity caveat"
vit,results/stage14_integrated_gradients/stage14_4b_ig_top10_term_reliability.csv,457,"MLP_FP_06,mlp,MLP,FP,41650,78177,0,Benign,51,ECE Flag Cnt,0.0,-0.5218309164047241,-1.0701135907521593,1.0701135907521593,7,True,-1.070113590752159,1.7011472804929624,-5.729923252831091,0.0,0.0,0.375,0.625,0.625,Reference-sensitive direction,Decreases attack logit,Moderately reference-stable,Present only with explicit reference-sensitivity caveat"
vit,results/stage14_integrated_gradients/stage14_4b_ig_top10_term_reliability.csv,458,"MLP_FP_06,mlp,MLP,FP,41650,78177,0,Benign,52,Down/Up Ratio,1.0,0.5059916377067566,1.0253059610521076,1.0253059610521076,8,True,1.0253059610521076,0.9543056229802802,0.0,3.4413966873303736,0.65625,0.0,0.34375,0.65625,Moderately stable direction,Increases attack logit,Moderately reference-stable,Present only with explicit reference-sensitivity caveat"
vit,results/stage14_integrated_gradients/stage14_4b_ig_top10_term_reliability.csv,459,"MLP_FP_06,mlp,MLP,FP,41650,78177,0,Benign,54,Fwd Seg Size Avg,0.0,-0.7370033860206604,-1.2491001449749524,1.2491001449749524,5,True,-1.2491001449749524,1.5006929217493,-5.23155817656802,0.0,0.0,0.8125,0.1875,0.8125,Reference-stable direction,Decreases attack logit,Moderately reference-stable,Present only with explicit reference-sensitivity caveat"
vit,results/stage14_integrated_gradients/stage14_4b_ig_top10_term_reliability.csv,460,"MLP_FP_06,mlp,MLP,FP,41650,78177,0,Benign,66,Init Fwd Win Byts,1024.0,-0.6936777234077454,2.2730552978214016,2.2730552978214016,1,True,2.2730552978214016,4.256017669674003,-0.1433834010186571,14.216786905026034,0.65625,0.34375,0.0,0.65625,Moderately stable direction,Increases attack logit,Moderately reference-stable,Present only with explicit reference-sensitivity caveat"
vit,results/stage14_integrated_gradients/stage14_4b_ig_top10_term_reliability.csv,461,"MLP_FP_06,mlp,MLP,FP,41650,78177,0,Benign,69,Fwd Seg Size Min,24.0,0.1813714355230331,1.609620737019449,1.609620737019449,3,True,1.609620737019449,2.1828107958852043,-1.1503074041305594,7.329594654569179,0.9375,0.0625,0.0,0.9375,Reference-stable direction,Increases attack logit,Moderately reference-stable,Present only with explicit reference-sensitivity caveat"
vit,results/stage14_integrated_gradients/stage14_4b_ig_top10_term_reliability.csv,462,"MLP_FP_07,mlp,MLP,FP,30135,15708,0,Benign,0,Dst Port,3128.0,-0.3996730446815491,1.5392213058349056,1.5392213058349056,8,True,1.5392213058349054,2.7441999147427327,-0.1032920187352516,9.884477229446931,0.5625,0.4375,0.0,0.5625,Reference-sensitive direction,Increases attack logit,Moderately reference-stable,Present only with explicit reference-sensitivity caveat"
vit,results/stage14_integrated_gradients/stage14_4b_ig_top10_term_reliability.csv,463,"MLP_FP_07,mlp,MLP,FP,30135,15708,0,Benign,7,Fwd Pkt Len Max,0.0,-0.6599207520484924,2.974674289787125,2.974674289787125,2,True,2.9746742897871243,4.213742924010374,-0.0,12.158985993655453,0.8125,0.0,0.1875,0.8125,Reference-stable direction,Increases attack logit,Moderately reference-stable,Present only with explicit reference-sensitivity caveat"
vit,results/stage14_integrated_gradients/stage14_4b_ig_top10_term_reliability.csv,464,"MLP_FP_07,mlp,MLP,FP,30135,15708,0,Benign,10,Fwd Pkt Len Std,0.0,-0.6824519038200378,-1.4141486772651208,1.4141486772651208,10,True,-1.4141486772651208,2.5816408425017503,-12.76905246419183,0.0034478359835662,0.03125,0.65625,0.3125,0.65625,Moderately stable direction,Decreases attack logit,Moderately reference-stable,Present only with explicit reference-sensitivity caveat"
vit,results/stage14_integrated_gradients/stage14_4b_ig_top10_term_reliability.csv,465,"MLP_FP_07,mlp,MLP,FP,30135,15708,0,Benign,11,Bwd Pkt Len Max,0.0,-0.684525191783905,1.5544091543657328,1.5544091543657328,7,True,1.5544091543657332,1.812333063754748,-0.0,6.474511694592848,0.75,0.0,0.25,0.75,Reference-stable direction,Increases attack logit,Moderately reference-stable,Present only with explicit reference-sensitivity caveat"
vit,results/stage14_integrated_gradients/stage14_4b_ig_top10_term_reliability.csv,466,"MLP_FP_07,mlp,MLP,FP,30135,15708,0,Benign,14,Bwd Pkt Len Std,0.0,-0.6783645153045654,-2.3304046637597486,2.3304046637597486,3,True,-2.3304046637597486,2.622817091819265,-11.025278278280428,0.0,0.0,0.625,0.375,0.625,Reference-sensitive direction,Decreases attack logit,Moderately reference-stable,Present only with explicit reference-sensitivity caveat"
vit,results/stage14_integrated_gradients/stage14_4b_ig_top10_term_reliability.csv,467,"MLP_FP_07,mlp,MLP,FP,30135,15708,0,Benign,47,PSH Flag Cnt,1.0,0.9456127285957336,-1.747412483378629,1.747412483378629,6,True,-1.7474124833786293,2.520598034429105,-7.084021639671186,-0.0,0.0,0.375,0.625,0.625,Reference-sensitive direction,Decreases attack logit,Moderately reference-stable,Present only with explicit reference-sensitivity caveat"
vit,results/stage14_integrated_gradients/stage14_4b_ig_top10_term_reliability.csv,468,"MLP_FP_07,mlp,MLP,FP,30135,15708,0,Benign,51,ECE Flag Cnt,0.0,-0.5218309164047241,-1.4681742973150276,1.4681742973150276,9,True,-1.4681742973150278,2.0787067828581574,-6.001880689861313,0.0,0.0,0.375,0.625,0.625,Reference-sensitive direction,Decreases attack logit,Moderately reference-stable,Present only with explicit reference-sensitivity caveat"
vit,results/stage14_integrated_gradients/stage14_4b_ig_top10_term_reliability.csv,469,"MLP_FP_07,mlp,MLP,FP,30135,15708,0,Benign,54,Fwd Seg Size Avg,0.0,-0.7370033860206604,-2.246991603287213,2.246991603287213,4,True,-2.246991603287213,2.2163234464270567,-7.943543582635658,0.0,0.0,0.8125,0.1875,0.8125,Reference-stable direction,Decreases attack logit,Moderately reference-stable,Present only with explicit reference-sensitivity caveat"
vit,results/stage14_integrated_gradients/stage14_4b_ig_top10_term_reliability.csv,470,"MLP_FP_07,mlp,MLP,FP,30135,15708,0,Benign,66,Init Fwd Win Byts,29200.0,0.6713289022445679,1.9599853715443751,1.9599853715443751,5,True,1.9599853715443756,2.3640072257531983,-1.6700044633393305,8.760222490136707,0.84375,0.15625,0.0,0.84375,Reference-stable direction,Increases attack logit,Moderately reference-stable,Present only with explicit reference-sensitivity caveat"
vit,results/stage14_integrated_gradients/stage14_4b_ig_top10_term_reliability.csv,471,"MLP_FP_07,mlp,MLP,FP,30135,15708,0,Benign,69,Fwd Seg Size Min,40.0,1.7942849397659302,7.739997854930512,7.739997854930512,1,True,7.739997854930512,3.7677884217504087,2.4289468859543293,16.707949990472855,1.0,0.0,0.0,1.0,Reference-stable direction,Increases attack logit,Moderately reference-stable,Present only with explicit reference-sensitivity caveat"
vit,results/stage14_integrated_gradients/stage14_4b_ig_top10_term_reliability.csv,472,"MLP_FP_08,mlp,MLP,FP,17265,186259,0,Benign,0,Dst Port,22.0,-0.5540919303894043,2.4654874650041254,2.4654874650041254,3,True,2.465487465004126,4.370797726270344,-0.82306348088542,11.480553253834788,0.3125,0.6875,0.0,0.6875,Moderately stable direction,Increases attack logit,Moderately reference-stable,Present only with explicit reference-sensitivity caveat"
vit,results/stage14_integrated_gradients/stage14_4b_ig_top10_term_reliability.csv,473,"MLP_FP_08,mlp,MLP,FP,17265,186259,0,Benign,7,Fwd Pkt Len Max,0.0,-0.6599207520484924,2.3481945485742224,2.3481945485742224,5,True,2.348194548574223,3.717047397905299,-0.0,11.507503652203148,0.8125,0.0,0.1875,0.8125,Reference-stable direction,Increases attack logit,Moderately reference-stable,Present only with explicit reference-sensitivity caveat"
vit,results/stage14_integrated_gradients/stage14_4b_ig_top10_term_reliability.csv,474,"MLP_FP_08,mlp,MLP,FP,17265,186259,0,Benign,10,Fwd Pkt Len Std,0.0,-0.6824519038200378,-2.1207768633632056,2.1207768633632056,6,True,-2.120776863363206,2.039125712372152,-7.9722978129866995,0.0,0.0,0.6875,0.3125,0.6875,Moderately stable direction,Decreases attack logit,Moderately reference-stable,Present only with explicit reference-sensitivity caveat"
vit,results/stage14_integrated_gradients/stage14_4b_ig_top10_term_reliability.csv,475,"MLP_FP_08,mlp,MLP,FP,17265,186259,0,Benign,14,Bwd Pkt Len Std,0.0,-0.6783645153045654,-2.524055705302246,2.524055705302246,2,True,-2.5240557053022457,2.3976918041788813,-6.691242222129984,0.0,0.0,0.625,0.375,0.625,Reference-sensitive direction,Decreases attack logit,Moderately reference-stable,Present only with explicit reference-sensitivity caveat"
vit,results/stage14_integrated_gradients/stage14_4b_ig_top10_term_reliability.csv,476,"MLP_FP_08,mlp,MLP,FP,17265,186259,0,Benign,40,Pkt Len Max,0.0,-0.7656013369560242,1.4957464259956867,1.4957464259956867,10,True,1.495746425995687,1.4746747708600088,-0.0,5.324135048850697,0.8125,0.0,0.1875,0.8125,Reference-stable direction,Increases attack logit,Moderately reference-stable,Present only with explicit reference-sensitivity caveat"
vit,results/stage14_integrated_gradients/stage14_4b_ig_top10_term_reliability.csv,477,"MLP_FP_08,mlp,MLP,FP,17265,186259,0,Benign,41,Pkt Len Mean,0.0,-0.7634954452514648,1.6012625249177572,1.6012625249177572,8,True,1.6012625249177572,1.396029615479063,-0.0,4.559991105702726,0.8125,0.0,0.1875,0.8125,Reference-stable direction,Increases attack logit,Moderately reference-stable,Present only with explicit reference-sensitivity caveat"
vit,results/stage14_integrated_gradients/stage14_4b_ig_top10_term_reliability.csv,478,"MLP_FP_08,mlp,MLP,FP,17265,186259,0,Benign,47,PSH Flag Cnt,0.0,-1.0575153827667236,1.5106757632679135,1.5106757632679135,9,True,1.5106757632679138,1.7964189419500287,-0.0425051181131452,6.819647453621862,0.59375,0.03125,0.375,0.59375,Reference-sensitive direction,Increases attack logit,Moderately reference-stable,Present only with explicit reference-sensitivity caveat"
vit,results/stage14_integrated_gradients/stage14_4b_ig_top10_term_reliability.csv,479,"MLP_FP_08,mlp,MLP,FP,17265,186259,0,Benign,48,ACK Flag Cnt,1.0,1.5607398748397827,2.4562618841958224,2.4562618841958224,4,True,2.456261884195822,2.142714439460749,-0.0178290517120371,7.450296717165372,0.75,0.03125,0.21875,0.75,Reference-stable direction,Increases attack logit,Moderately reference-stable,Present only with explicit reference-sensitivity caveat"
vit,results/stage14_integrated_gradients/stage14_4b_ig_top10_term_reliability.csv,480,"MLP_FP_08,mlp,MLP,FP,17265,186259,0,Benign,67,Init Bwd Win Byts,-1.0,-0.4095837473869324,1.7367401848349011,1.7367401848349011,7,True,1.736740184834901,2.6982760789209146,-0.3848404974068842,7.809303034107265,0.625,0.0625,0.3125,0.625,Reference-sensitive direction,Increases attack logit,Moderately reference-stable,Present only with explicit reference-sensitivity caveat"
vit,results/stage14_integrated_gradients/stage14_4b_ig_top10_term_reliability.csv,481,"MLP_FP_08,mlp,MLP,FP,17265,186259,0,Benign,69,Fwd Seg Size Min,32.0,0.9878281950950624,2.87448423303181,2.87448423303181,1,True,2.874484233031811,2.319425440132196,-0.005178033508092,9.942134007227134,0.875,0.03125,0.09375,0.875,Reference-stable direction,Increases attack logit,Moderately reference-stable,Present only with explicit reference-sensitivity caveat"
vit,results/stage14_integrated_gradients/stage14_4b_ig_top10_term_reliability.csv,482,"MLP_TN_01,mlp,MLP,TN,9672,51000,0,Benign,7,Fwd Pkt Len Max,0.0,-0.6599207520484924,1.3768183680886483,1.3768183680886483,3,True,1.376818368088648,2.299925704159858,-0.1639008254620744,6.441893679995008,0.75,0.0625,0.1875,0.75,Reference-stable direction,Increases attack logit,Moderately reference-stable,Present only with explicit reference-sensitivity caveat"
vit,results/stage14_integrated_gradients/stage14_4b_ig_top10_term_reliability.csv,483,"MLP_TN_01,mlp,MLP,TN,9672,51000,0,Benign,11,Bwd Pkt Len Max,0.0,-0.684525191783905,0.6932017967046687,0.6932017967046687,6,True,0.6932017967046687,0.8364791386616257,-0.0,2.7669695714893487,0.75,0.0,0.25,0.75,Reference-stable direction,Increases attack logit,Moderately reference-stable,Present only with explicit reference-sensitivity caveat"
vit,results/stage14_integrated_gradients/stage14_4b_ig_top10_term_reliability.csv,484,"MLP_TN_01,mlp,MLP,TN,9672,51000,0,Benign,14,Bwd Pkt Len Std,0.0,-0.6783645153045654,-0.9557071570471368,0.9557071570471368,4,True,-0.9557071570471368,0.9120469679901289,-2.517893262382572,0.0,0.0,0.625,0.375,0.625,Reference-sensitive direction,Decreases attack logit,Moderately reference-stable,Present only with explicit reference-sensitivity caveat"
vit,results/stage14_integrated_gradients/stage14_4b_ig_top10_term_reliability.csv,485,"MLP_TN_01,mlp,MLP,TN,9672,51000,0,Benign,40,Pkt Len Max,0.0,-0.7656013369560242,0.5197228765915645,0.5197228765915645,9,True,0.5197228765915645,0.6098023756144421,-0.0028294892886058,1.9573172771300384,0.75,0.0625,0.1875,0.75,Reference-stable direction,Increases attack logit,Moderately reference-stable,Present only with explicit reference-sensitivity caveat"
vit,results/stage14_integrated_gradients/stage14_4b_ig_top10_term_reliability.csv,486,"MLP_TN_01,mlp,MLP,TN,9672,51000,0,Benign,41,Pkt Len Mean,0.0,-0.7634954452514648,0.707110483214789,0.707110483214789,5,True,0.707110483214789,0.7330604258851908,-0.0,2.5703379140910587,0.8125,0.0,0.1875,0.8125,Reference-stable direction,Increases attack logit,Moderately reference-stable,Present only with explicit reference-sensitivity caveat"
vit,results/stage14_integrated_gradients/stage14_4b_ig_top10_term_reliability.csv,487,"MLP_TN_01,mlp,MLP,TN,9672,51000,0,Benign,51,ECE Flag Cnt,0.0,-0.5218309164047241,-0.5605233000341074,0.5605233000341074,8,True,-0.5605233000341074,0.8171547925568892,-2.3778652449037705,0.0,0.0,0.375,0.625,0.625,Reference-sensitive direction,Decreases attack logit,Moderately reference-stable,Present only with explicit reference-sensitivity caveat"
vit,results/stage14_integrated_gradients/stage14_4b_ig_top10_term_reliability.csv,488,"MLP_TN_01,mlp,MLP,TN,9672,51000,0,Benign,52,Down/Up Ratio,3.0,2.62729287147522,1.7366424959432754,1.7366424959432754,1,True,1.7366424959432756,0.6417573434653824,0.7450071454959665,2.994464519537133,1.0,0.0,0.0,1.0,Reference-stable direction,Increases attack logit,Moderately reference-stable,Present only with explicit reference-sensitivity caveat"
vit,results/stage14_integrated_gradients/stage14_4b_ig_top10_term_reliability.csv,489,"MLP_TN_01,mlp,MLP,TN,9672,51000,0,Benign,54,Fwd Seg Size Avg,0.0,-0.7370033860206604,-0.6210186667220601,0.6210186667220601,7,True,-0.62101866672206,0.9200766704306276,-2.7978801604118013,0.1276956418084802,0.0625,0.75,0.1875,0.75,Reference-stable direction,Decreases attack logit,Moderately reference-stable,Present only with explicit reference-sensitivity caveat"
vit,results/stage14_integrated_gradients/stage14_4b_ig_top10_term_reliability.csv,490,"MLP_TN_01,mlp,MLP,TN,9672,51000,0,Benign,66,Init Fwd Win Byts,1024.0,-0.6936777234077454,1.5011763701998584,1.5011763701998584,2,True,1.5011763701998582,2.7922090872473047,-0.0784955262905321,8.953093469182777,0.65625,0.34375,0.0,0.65625,Moderately stable direction,Increases attack logit,Moderately reference-stable,Present only with explicit reference-sensitivity caveat"
vit,results/stage14_integrated_gradients/stage14_4b_ig_top10_term_reliability.csv,491,"MLP_TN_01,mlp,MLP,TN,9672,51000,0,Benign,69,Fwd Seg Size Min,24.0,0.1813714355230331,0.4815618458782006,0.4815618458782006,10,True,0.4815618458782005,0.5526574722113233,-0.1712427103512855,1.8511156742058308,0.9375,0.0625,0.0,0.9375,Reference-stable direction,Increases attack logit,Moderately reference-stable,Present only with explicit reference-sensitivity caveat"
vit,results/stage14_integrated_gradients/stage14_4b_ig_top10_term_reliability.csv,562,"MLP_TP_01,mlp,MLP,TP,10547,257756,1,Infilteration,7,Fwd Pkt Len Max,0.0,-0.6599207520484924,1.3998905997111768,1.3998905997111768,3,True,1.3998905997111764,2.346250644374248,-0.1557493253375649,6.571647991171127,0.75,0.0625,0.1875,0.75,Reference-stable direction,Increases attack logit,Moderately reference-stable,Present only with explicit reference-sensitivity caveat"
vit,results/stage14_integrated_gradients/stage14_4b_ig_top10_term_reliability.csv,563,"MLP_TP_01,mlp,MLP,TP,10547,257756,1,Infilteration,11,Bwd Pkt Len Max,0.0,-0.684525191783905,0.7080283855710501,0.7080283855710501,6,True,0.7080283855710501,0.850123287495866,-0.0,2.80021423189944,0.75,0.0,0.25,0.75,Reference-stable direction,Increases attack logit,Moderately reference-stable,Present only with explicit reference-sensitivity caveat"
vit,results/stage14_integrated_gradients/stage14_4b_ig_top10_term_reliability.csv,564,"MLP_TP_01,mlp,MLP,TP,10547,257756,1,Infilteration,14,Bwd Pkt Len Std,0.0,-0.6783645153045654,-0.978325603218485,0.978325603218485,4,True,-0.978325603218485,0.9326937649841563,-2.5816278156790817,0.0,0.0,0.625,0.375,0.625,Reference-sensitive direction,Decreases attack logit,Moderately reference-stable,Present only with explicit reference-sensitivity caveat"
vit,results/stage14_integrated_gradients/stage14_4b_ig_top10_term_reliability.csv,565,"MLP_TP_01,mlp,MLP,TP,10547,257756,1,Infilteration,40,Pkt Len Max,0.0,-0.7656013369560242,0.53494829739665,0.53494829739665,9,True,0.5349482973966502,0.6222302116041093,-0.003049516350868,1.9819878636082588,0.75,0.0625,0.1875,0.75,Reference-stable direction,Increases attack logit,Moderately reference-stable,Present only with explicit reference-sensitivity caveat"
vit,results/stage14_integrated_gradients/stage14_4b_ig_top10_term_reliability.csv,566,"MLP_TP_01,mlp,MLP,TP,10547,257756,1,Infilteration,41,Pkt Len Mean,0.0,-0.7634954452514648,0.7258351332001405,0.7258351332001405,5,True,0.7258351332001405,0.7489770927052406,-0.0,2.6216653473511498,0.8125,0.0,0.1875,0.8125,Reference-stable direction,Increases attack logit,Moderately reference-stable,Present only with explicit reference-sensitivity caveat"
vit,results/stage14_integrated_gradients/stage14_4b_ig_top10_term_reliability.csv,567,"MLP_TP_01,mlp,MLP,TP,10547,257756,1,Infilteration,51,ECE Flag Cnt,0.0,-0.5218309164047241,-0.5804867462259826,0.5804867462259826,8,True,-0.5804867462259826,0.8464046406003808,-2.451243347289582,0.0,0.0,0.375,0.625,0.625,Reference-sensitive direction,Decreases attack logit,Moderately reference-stable,Present only with explicit reference-sensitivity caveat"
vit,results/stage14_integrated_gradients/stage14_4b_ig_top10_term_reliability.csv,568,"MLP_TP_01,mlp,MLP,TP,10547,257756,1,Infilteration,52,Down/Up Ratio,3.0,2.62729287147522,1.7586317332724917,1.7586317332724917,1,True,1.758631733272492,0.6544045782611579,0.7395024426064436,3.0489764248988087,1.0,0.0,0.0,1.0,Reference-stable direction,Increases attack logit,Moderately reference-stable,Present only with explicit reference-sensitivity caveat"
vit,results/stage14_integrated_gradients/stage14_4b_ig_top10_term_reliability.csv,569,"MLP_TP_01,mlp,MLP,TP,10547,257756,1,Infilteration,54,Fwd Seg Size Avg,0.0,-0.7370033860206604,-0.6468887935408888,0.6468887935408888,7,True,-0.6468887935408885,0.961342493106221,-2.8697076989954957,0.1264400699615138,0.0625,0.75,0.1875,0.75,Reference-stable direction,Decreases attack logit,Moderately reference-stable,Present only with explicit reference-sensitivity caveat"
vit,results/stage14_integrated_gradients/stage14_4b_ig_top10_term_reliability.csv,570,"MLP_TP_01,mlp,MLP,TP,10547,257756,1,Infilteration,66,Init Fwd Win Byts,1024.0,-0.6936777234077454,1.5399059172930254,1.5399059172930254,2,True,1.5399059172930256,2.868993459099024,-0.0795697843888322,9.183447955993453,0.65625,0.34375,0.0,0.65625,Moderately stable direction,Increases attack logit,Moderately reference-stable,Present only with explicit reference-sensitivity caveat"
vit,results/stage14_integrated_gradients/stage14_4b_ig_top10_term_reliability.csv,571,"MLP_TP_01,mlp,MLP,TP,10547,257756,1,Infilteration,69,Fwd Seg Size Min,24.0,0.1813714355230331,0.4938854436950986,0.4938854436950986,10,True,0.4938854436950987,0.5627062670264353,-0.1799407236407027,1.8759018152824287,0.9375,0.0625,0.0,0.9375,Reference-stable direction,Increases attack logit,Moderately reference-stable,Present only with explicit reference-sensitivity caveat"
vit,results/stage14_integrated_gradients/stage14_4b_ig_top10_term_reliability.csv,572,"MLP_TP_02,mlp,MLP,TP,48488,164174,1,Bot,0,Dst Port,8080.0,-0.1534778773784637,3.830902963651485,3.830902963651485,1,True,3.830902963651485,4.702476782578212,0.054760241932908,15.23412876755116,1.0,0.0,0.0,1.0,Reference-stable direction,Increases attack logit,Moderately reference-stable,Present only with explicit reference-sensitivity caveat"
vit,results/stage14_integrated_gradients/stage14_4b_ig_top10_term_reliability.csv,573,"MLP_TP_02,mlp,MLP,TP,48488,164174,1,Bot,7,Fwd Pkt Len Max,0.0,-0.6599207520484924,2.424834816933121,2.424834816933121,2,True,2.424834816933121,3.6808828806526734,-0.0,11.87951001912623,0.8125,0.0,0.1875,0.8125,Reference-stable direction,Increases attack logit,Moderately reference-stable,Present only with explicit reference-sensitivity caveat"
vit,results/stage14_integrated_gradients/stage14_4b_ig_top10_term_reliability.csv,574,"MLP_TP_02,mlp,MLP,TP,48488,164174,1,Bot,10,Fwd Pkt Len Std,0.0,-0.6824519038200378,-1.3369557128181715,1.3369557128181715,10,True,-1.3369557128181715,1.2559970840693735,-4.426774377053524,0.0,0.0,0.6875,0.3125,0.6875,Moderately stable direction,Decreases attack logit,Moderately reference-stable,Present only with explicit reference-sensitivity caveat"
vit,results/stage14_integrated_gradients/stage14_4b_ig_top10_term_reliability.csv,575,"MLP_TP_02,mlp,MLP,TP,48488,164174,1,Bot,11,Bwd Pkt Len Max,0.0,-0.684525191783905,1.430087351437603,1.430087351437603,8,True,1.4300873514376031,1.5769079218013244,-0.0,4.57924084522957,0.75,0.0,0.25,0.75,Reference-stable direction,Increases attack logit,Moderately reference-stable,Present only with explicit reference-sensitivity caveat"
vit,results/stage14_integrated_gradients/stage14_4b_ig_top10_term_reliability.csv,576,"MLP_TP_02,mlp,MLP,TP,48488,164174,1,Bot,14,Bwd Pkt Len Std,0.0,-0.6783645153045654,-1.92234230823085,1.92234230823085,4,True,-1.9223423082308495,1.8687481913292456,-4.841155197445467,0.0,0.0,0.625,0.375,0.625,Reference-sensitive direction,Decreases attack logit,Moderately reference-stable,Present only with explicit reference-sensitivity caveat"
vit,results/stage14_integrated_gradients/stage14_4b_ig_top10_term_reliability.csv,577,"MLP_TP_02,mlp,MLP,TP,48488,164174,1,Bot,40,Pkt Len Max,0.0,-0.7656013369560242,1.858916700079879,1.858916700079879,5,True,1.858916700079879,1.6582368694133165,-0.0,4.4025743606011485,0.8125,0.0,0.1875,0.8125,Reference-stable direction,Increases attack logit,Moderately reference-stable,Present only with explicit reference-sensitivity caveat"
vit,results/stage14_integrated_gradients/stage14_4b_ig_top10_term_reliability.csv,578,"MLP_TP_02,mlp,MLP,TP,48488,164174,1,Bot,41,Pkt Len Mean,0.0,-0.7634954452514648,1.7484003179636027,1.7484003179636027,6,True,1.7484003179636023,1.6160274299650754,-0.0,4.638501994023914,0.8125,0.0,0.1875,0.8125,Reference-stable direction,Increases attack logit,Moderately reference-stable,Present only with explicit reference-sensitivity caveat"
vit,results/stage14_integrated_gradients/stage14_4b_ig_top10_term_reliability.csv,579,"MLP_TP_02,mlp,MLP,TP,48488,164174,1,Bot,42,Pkt Len Std,0.0,-0.7985594868659973,1.6560130744788266,1.6560130744788266,7,True,1.6560130744788268,1.622375737546634,-0.0,5.179102729503551,0.8125,0.0,0.1875,0.8125,Reference-stable direction,Increases attack logit,Moderately reference-stable,Present only with explicit reference-sensitivity caveat"
vit,results/stage14_integrated_gradients/stage14_4b_ig_top10_term_reliability.csv,580,"MLP_TP_02,mlp,MLP,TP,48488,164174,1,Bot,47,PSH Flag Cnt,0.0,-1.0575153827667236,1.9879739817359865,1.9879739817359865,3,True,1.9879739817359865,2.190704935772329,-1.248906149364494,7.420872259037168,0.59375,0.03125,0.375,0.59375,Reference-sensitive direction,Increases attack logit,Moderately reference-stable,Present only with explicit reference-sensitivity caveat"
vit,results/stage14_integrated_gradients/stage14_4b_ig_top10_term_reliability.csv,581,"MLP_TP_02,mlp,MLP,TP,48488,164174,1,Bot,48,ACK Flag Cnt,1.0,1.5607398748397827,1.343861116340462,1.343861116340462,9,True,1.3438611163404617,1.3257171920678124,-0.092472776225061,5.526705939475551,0.75,0.03125,0.21875,0.75,Reference-stable direction,Increases attack logit,Moderately reference-stable,Present only with explicit reference-sensitivity caveat"
vit,results/stage14_integrated_gradients/stage14_4b_ig_top10_term_reliability.csv,582,"MLP_TP_03,mlp,MLP,TP,6980,196556,1,DDOS attack-HOIC,0,Dst Port,80.0,-0.5512083768844604,2.0204058256187643,2.0204058256187643,5,True,2.0204058256187647,4.016994917703332,-0.6129369892794143,12.887458157923485,0.4375,0.46875,0.09375,0.46875,Reference-sensitive direction,Increases attack logit,Moderately reference-stable,Present only with explicit reference-sensitivity caveat"
vit,results/stage14_integrated_gradients/stage14_4b_ig_top10_term_reliability.csv,583,"MLP_TP_03,mlp,MLP,TP,6980,196556,1,DDOS attack-HOIC,7,Fwd Pkt Len Max,0.0,-0.6599207520484924,3.4212538747146146,3.4212538747146146,2,True,3.421253874714614,4.085066406956075,-0.0,11.24093304354442,0.8125,0.0,0.1875,0.8125,Reference-stable direction,Increases attack logit,Moderately reference-stable,Present only with explicit reference-sensitivity caveat"
vit,results/stage14_integrated_gradients/stage14_4b_ig_top10_term_reliability.csv,584,"MLP_TP_03,mlp,MLP,TP,6980,196556,1,DDOS attack-HOIC,14,Bwd Pkt Len Std,0.0,-0.6783645153045654,-3.315354277541851,3.315354277541851,3,True,-3.315354277541851,3.3234622728801875,-9.1496154030351,0.0,0.0,0.625,0.375,0.625,Reference-sensitive direction,Decreases attack logit,Moderately reference-stable,Present only with explicit reference-sensitivity caveat"
vit,results/stage14_integrated_gradients/stage14_4b_ig_top10_term_reliability.csv,585,"MLP_TP_03,mlp,MLP,TP,6980,196556,1,DDOS attack-HOIC,40,Pkt Len Max,0.0,-0.7656013369560242,1.3752820753267363,1.3752820753267363,9,True,1.3752820753267363,1.271432503106407,-0.0,3.617483864342109,0.8125,0.0,0.1875,0.8125,Reference-stable direction,Increases attack logit,Moderately reference-stable,Present only with explicit reference-sensitivity caveat"
vit,results/stage14_integrated_gradients/stage14_4b_ig_top10_term_reliability.csv,586,"MLP_TP_03,mlp,MLP,TP,6980,196556,1,DDOS attack-HOIC,41,Pkt Len Mean,0.0,-0.7634954452514648,1.4308822452336405,1.4308822452336405,8,True,1.4308822452336407,1.465032964189286,-0.0,5.130088339781016,0.8125,0.0,0.1875,0.8125,Reference-stable direction,Increases attack logit,Moderately reference-stable,Present only with explicit reference-sensitivity caveat"
vit,results/stage14_integrated_gradients/stage14_4b_ig_top10_term_reliability.csv,587,"MLP_TP_03,mlp,MLP,TP,6980,196556,1,DDOS attack-HOIC,47,PSH Flag Cnt,0.0,-1.0575153827667236,3.7510115882989705,3.7510115882989705,1,True,3.7510115882989705,3.696355602486301,-0.0,12.515924798274206,0.625,0.0,0.375,0.625,Reference-sensitive direction,Increases attack logit,Moderately reference-stable,Present only with explicit reference-sensitivity caveat"
vit,results/stage14_integrated_gradients/stage14_4b_ig_top10_term_reliability.csv,588,"MLP_TP_03,mlp,MLP,TP,6980,196556,1,DDOS attack-HOIC,48,ACK Flag Cnt,1.0,1.5607398748397827,2.747587112181799,2.747587112181799,4,True,2.7475871121818,2.038977211431219,-0.0,7.902492829830798,0.78125,0.0,0.21875,0.78125,Reference-stable direction,Increases attack logit,Moderately reference-stable,Present only with explicit reference-sensitivity caveat"
vit,results/stage14_integrated_gradients/stage14_4b_ig_top10_term_reliability.csv,589,"MLP_TP_03,mlp,MLP,TP,6980,196556,1,DDOS attack-HOIC,51,ECE Flag Cnt,0.0,-0.5218309164047241,-1.7701086508904351,1.7701086508904351,7,True,-1.7701086508904351,2.4235647529399107,-6.875508540181647,0.0,0.0,0.375,0.625,0.625,Reference-sensitive direction,Decreases attack logit,Moderately reference-stable,Present only with explicit reference-sensitivity caveat"
vit,results/stage14_integrated_gradients/stage14_4b_ig_top10_term_reliability.csv,590,"MLP_TP_03,mlp,MLP,TP,6980,196556,1,DDOS attack-HOIC,54,Fwd Seg Size Avg,0.0,-0.7370033860206604,-1.2307320982709642,1.2307320982709642,10,True,-1.2307320982709642,1.2103858676943318,-4.239827277758355,0.0,0.0,0.8125,0.1875,0.8125,Reference-stable direction,Decreases attack logit,Moderately reference-stable,Present only with explicit reference-sensitivity caveat"
vit,results/stage14_integrated_gradients/stage14_4b_ig_top10_term_reliability.csv,591,"MLP_TP_03,mlp,MLP,TP,6980,196556,1,DDOS attack-HOIC,67,Init Bwd Win Byts,-1.0,-0.4095837473869324,1.9459823019969988,1.9459823019969988,6,True,1.9459823019969988,3.3630553178990708,-0.1820698696295232,11.209913526479044,0.59375,0.09375,0.3125,0.59375,Reference-sensitive direction,Increases attack logit,Moderately reference-stable,Present only with explicit reference-sensitivity caveat"
vit,results/stage14_integrated_gradients/stage14_4b_ig_top10_term_reliability.csv,632,"MLP_TP_08,mlp,MLP,TP,60182,135407,1,DoS attacks-GoldenEye,10,Fwd Pkt Len Std,224.5,0.7805154919624329,3.0687771479670127,3.0687771479670127,5,True,3.0687771479670127,4.647149041439525,-5.663571095659368,11.499158302747398,0.75,0.25,0.0,0.75,Reference-stable direction,Increases attack logit,Moderately reference-stable,Present only with explicit reference-sensitivity caveat"
vit,results/stage14_integrated_gradients/stage14_4b_ig_top10_term_reliability.csv,633,"MLP_TP_08,mlp,MLP,TP,60182,135407,1,DoS attacks-GoldenEye,11,Bwd Pkt Len Max,972.0,1.4634459018707275,-3.16044607706044,3.16044607706044,4,True,-3.16044607706044,3.4308658094046174,-8.415561721651969,3.4850587525606325,0.25,0.75,0.0,0.75,Reference-stable direction,Decreases attack logit,Moderately reference-stable,Present only with explicit reference-sensitivity caveat"
vit,results/stage14_integrated_gradients/stage14_4b_ig_top10_term_reliability.csv,634,"MLP_TP_08,mlp,MLP,TP,60182,135407,1,DoS attacks-GoldenEye,14,Bwd Pkt Len Std,486.0,1.8359442949295044,8.650333474477454,8.650333474477454,2,True,8.650333474477456,6.12059634859533,-3.71025971411745,16.44895799538944,0.875,0.125,0.0,0.875,Reference-stable direction,Increases attack logit,Moderately reference-stable,Present only with explicit reference-sensitivity caveat"
vit,results/stage14_integrated_gradients/stage14_4b_ig_top10_term_reliability.csv,635,"MLP_TP_08,mlp,MLP,TP,60182,135407,1,DoS attacks-GoldenEye,41,Pkt Len Mean,157.8888888889,0.7789022922515869,-1.5432192489585832,1.5432192489585832,10,True,-1.5432192489585832,2.1023682937014168,-5.282290122094368,2.5138451426347976,0.25,0.75,0.0,0.75,Reference-stable direction,Decreases attack logit,Moderately reference-stable,Present only with explicit reference-sensitivity caveat"
vit,results/stage14_integrated_gradients/stage14_4b_ig_top10_term_reliability.csv,636,"MLP_TP_08,mlp,MLP,TP,60182,135407,1,DoS attacks-GoldenEye,42,Pkt Len Std,339.4894860097,1.2693946361541748,-1.7377818958029352,1.7377818958029352,9,True,-1.737781895802935,2.1123165159794706,-5.486034222849639,1.909854918481709,0.25,0.75,0.0,0.75,Reference-stable direction,Decreases attack logit,Moderately reference-stable,Present only with explicit reference-sensitivity caveat"
vit,results/stage14_integrated_gradients/stage14_4b_ig_top10_term_reliability.csv,637,"MLP_TP_08,mlp,MLP,TP,60182,135407,1,DoS attacks-GoldenEye,47,PSH Flag Cnt,1.0,0.9456127285957336,-2.734592931520973,2.734592931520973,6,True,-2.7345929315209725,3.699893291555572,-9.60087058273058,-0.0,0.0,0.375,0.625,0.625,Reference-sensitive direction,Decreases attack logit,Moderately reference-stable,Present only with explicit reference-sensitivity caveat"
vit,results/stage14_integrated_gradients/stage14_4b_ig_top10_term_reliability.csv,638,"MLP_TP_08,mlp,MLP,TP,60182,135407,1,DoS attacks-GoldenEye,51,ECE Flag Cnt,0.0,-0.5218309164047241,-2.1844354630459413,2.1844354630459413,7,True,-2.1844354630459417,3.086062471164768,-8.693707430929003,0.0,0.0,0.375,0.625,0.625,Reference-sensitive direction,Decreases attack logit,Moderately reference-stable,Present only with explicit reference-sensitivity caveat"
vit,results/stage14_integrated_gradients/stage14_4b_ig_top10_term_reliability.csv,639,"MLP_TP_08,mlp,MLP,TP,60182,135407,1,DoS attacks-GoldenEye,66,Init Fwd Win Byts,26883.0,0.5590801239013672,6.119004214161996,6.119004214161996,3,True,6.119004214161997,2.1762058181741706,2.210952546864564,11.713548270071412,1.0,0.0,0.0,1.0,Reference-stable direction,Increases attack logit,Moderately reference-stable,Present only with explicit reference-sensitivity caveat"
vit,results/stage14_integrated_gradients/stage14_4b_ig_top10_term_reliability.csv,640,"MLP_TP_08,mlp,MLP,TP,60182,135407,1,DoS attacks-GoldenEye,67,Init Bwd Win Byts,219.0,-0.3976983726024627,1.8671797281764844,1.8671797281764844,8,True,1.8671797281764844,2.762565217629306,-0.0234917823906329,7.116914598788428,0.40625,0.59375,0.0,0.59375,Reference-sensitive direction,Increases attack logit,Moderately reference-stable,Present only with explicit reference-sensitivity caveat"
vit,results/stage14_integrated_gradients/stage14_4b_ig_top10_term_reliability.csv,641,"MLP_TP_08,mlp,MLP,TP,60182,135407,1,DoS attacks-GoldenEye,69,Fwd Seg Size Min,32.0,0.9878281950950624,10.801994741040652,10.801994741040652,1,True,10.801994741040652,6.717453697066538,0.0,26.004931748650755,0.90625,0.0,0.09375,0.90625,Reference-stable direction,Increases attack logit,Moderately reference-stable,Present only with explicit reference-sensitivity caveat"
vit,results/stage14_integrated_gradients/stage14_4b_reliability_metadata.json,3,"  ""purpose"": ""Separate numerically complete Integrated Gradients explanations according to sensitivity across the 32 benign references and audit disagreement-case sensitivity to alternative baseline definitions."","
vit,results/stage14_integrated_gradients/stage14_4b_reliability_metadata.json,35,"  ""cnn_scope_warning"": ""The saved CNN operates over the fixed ordered 78-feature vector. Integrated Gradients identifies sensitivity to feature positions, but does not by itself validate spatial locality between adjacent tabular features."""
vit,results/stage14_integrated_gradients/stage14_repository_package_manifest.json,69,"      ""relative_path"": ""publication_assets/figures/ig_disagreement_baseline_sensitivity.png"","
vit,results/stage14_integrated_gradients/stage14_repository_package_manifest.json,84,"      ""relative_path"": ""publication_assets/figures/ig_reference_sensitivity_by_outcome.png"","
vit,results/stage14_integrated_gradients/stage14_repository_package_manifest.json,129,"      ""relative_path"": ""publication_assets/tables/table_ig_baseline_sensitivity.csv"","
vit,results/stage14_integrated_gradients/stage14_repository_package_manifest.json,134,"      ""relative_path"": ""publication_assets/tables/table_ig_baseline_sensitivity.tex"","
vit,results/stage14_integrated_gradients/stage14_repository_package_manifest.json,364,"      ""relative_path"": ""stage14_4b_disagreement_baseline_sensitivity.csv"","
vit,results/stage14_integrated_gradients/stage14_repository_package_manifest.json,369,"      ""relative_path"": ""stage14_4b_disagreement_baseline_sensitivity_summary.csv"","
vit,results/stage15_transformer_checkpoint/checksums.sha256,196,2ffa65a5a30596bfa01308c533dda3da530349458904ce7504df44b7c94daa21  stage15_5a_local_threshold_sensitivity.csv
vit,results/stage15_transformer_checkpoint/stage15_0_transformer_feasibility_decision.json,54,"    ""methodological_decision"": ""Cross-split exact feature-pattern overlap was detected. A duplicate-aware sensitivity evaluation is required before presenting Transformer performance as an independent generalization estimate."","
vit,results/stage15_transformer_checkpoint/stage15_checkpoint_manifest.json,982,"      ""relative_path"": ""stage15_5a_local_threshold_sensitivity.csv"","
vit,results/stage16_classical_benchmark_checkpoint/stage16_0_classical_artifact_inventory.csv,66,"results/calibration/calibration_bin_sensitivity.csv,/kaggle/working/ids2018-validation-safe-ablation/results/calibration/calibration_bin_sensitivity.csv,.csv,1180,20ff4e7cb74ae6bfb083a3f55e1826055544efc32a0a10d0d69974fc2e9c1c8c,CSV_PARSED,,11,LightGBM | XGBoost,LightGBM Tuned | XGBoost Tuned,Model | Requested Bin Count | Actual Non-empty Bins | Strategy | ECE | MCE | RMSCE,False,False,False,False,False,False,False,False,False,False"
vit,results/stage16_classical_benchmark_checkpoint/stage16_0_classical_artifact_inventory.csv,132,"results/stage14_integrated_gradients/publication_assets/tables/table_ig_baseline_sensitivity.csv,/kaggle/working/ids2018-validation-safe-ablation/results/stage14_integrated_gradients/publication_assets/tables/table_ig_baseline_sensitivity.csv,.csv,680,46794b4e95ad13e1fa96b90dca7d898e536e547a3cf8be2c74f3558cf9b7628d,CSV_PARSED,,6,,cnn | mlp,Model | Comparison baseline | Cases | Mean signed cosine | Minimum signed cosine | Mean absolute cosine | Mean top-10 Jaccard | Mean top-10 sign agreement | S"
vit,results/stage16_classical_benchmark_checkpoint/stage16_0_classical_artifact_inventory.csv,138,"results/stage14_integrated_gradients/stage14_4b_disagreement_baseline_sensitivity.csv,/kaggle/working/ids2018-validation-safe-ablation/results/stage14_integrated_gradients/stage14_4b_disagreement_baseline_sensitivity.csv,.csv,6923,67195f321d131e080895323f1f205db213f2144702f2c697a56cfacea82aa2a6,CSV_PARSED,,6,,cnn | mlp,model | case_id | primary_baseline | comparison_baseline | signed_cosine | absolute_cosine | top10_jaccard | primary_top10_sign_agreement | baseline_agreement_class,False,False,Fa"
vit,results/stage16_classical_benchmark_checkpoint/stage16_0_classical_artifact_inventory.csv,139,"results/stage14_integrated_gradients/stage14_4b_disagreement_baseline_sensitivity_summary.csv,/kaggle/working/ids2018-validation-safe-ablation/results/stage14_integrated_gradients/stage14_4b_disagreement_baseline_sensitivity_summary.csv,.csv,2008,6322a4fd57f234f9b3e21dfa62cffb9a908710599c3879a0ca98452a0c283f05,CSV_PARSED,,6,,cnn | mlp,model | comparison_baseline | baseline_agreement_class | case_count | mean_signed_cosine | minimum_signed_cosine | mean_absolute_cosine | mean_top10_jaccard | mini"
vit,results/stage16_classical_benchmark_checkpoint/stage16_0_classical_artifact_inventory.csv,166,"results/stage14_integrated_gradients/publication_assets/figures/ig_disagreement_baseline_sensitivity.png,/kaggle/working/ids2018-validation-safe-ablation/results/stage14_integrated_gradients/publication_assets/figures/ig_disagreement_baseline_sensitivity.png,.png,120119,64ec56c957e7abc5e3ec333ef880b8d742e34dfdde117cc591c626901fcd9ea2,BINARY_OR_VISUAL,,4,,,,False,False,False,False,False,False,False,False,False,False"
vit,results/stage16_classical_benchmark_checkpoint/stage16_0_classical_artifact_inventory.csv,206,"results/stage14_integrated_gradients/publication_assets/figures/ig_reference_sensitivity_by_outcome.png,/kaggle/working/ids2018-validation-safe-ablation/results/stage14_integrated_gradients/publication_assets/figures/ig_reference_sensitivity_by_outcome.png,.png,143433,eb66ca302e74bda5b4002d3adf2a21fd8a62d68cbe9311be3b071cada3f0a77a,BINARY_OR_VISUAL,,2,,,,False,False,False,False,False,False,False,False,False,False"
vit,results/stage16_classical_benchmark_checkpoint/stage16_3_tuned_models/K_NEAREST_NEIGHBORS_tuned.joblib,19047,�/��OWe[�˯<�¹�?^5>���� p��{�|�	�^=!�l<�)�7F�K����y�+�{�<f[���ޝ��uڳ�����
vit,results/stage16_classical_benchmark_checkpoint/stage16_3_tuned_models/K_NEAREST_NEIGHBORS_tuned.joblib,20177,�g�{`�
vit,��g���,(��WY��Uх�,9.s����Y�cOL���aZO���9��3	�w����	���^T�r�x g��y����ׂK���_�݅���v��ܙ?�Z~�Ui��)���{Y�B��ck0�e
vit,results/stage17_attention_explainability_checkpoint/STAGE17_ATTENTION_EXPLAINABILITY_CLOSURE.md,145,- Integrated Gradients carries previously documented reference sensitivity.
vit,results/stage17_attention_explainability_checkpoint/stage17_final_scientific_closure.json,131,"    ""Integrated Gradients itself previously demonstrated reference sensitivity, so agreement must remain descriptive rather than a correctness criterion."""
vit,results/stage18_representation_feasibility_checkpoint/stage18_0_representation_feasibility_protocol.json,170,"  ""vit_protocol"": {"
vit,scripts/validate_repository.py,69,"    ""results/calibration/calibration_bin_sensitivity.csv"","
vit,tables/lime/table_lime_configuration_sensitivity.tex,2,\caption{Sensitivity of LIME fidelity to the tested perturbation and discretization configurations.}
vit,tables/lime/table_lime_configuration_sensitivity.tex,3,\label{tab:lime_configuration_sensitivity}
reshape,notebooks/original_kaggle_working_notebook.ipynb,1,"{""metadata"":{""kernelspec"":{""language"":""python"",""display_name"":""Python 3"",""name"":""python3""},""language_info"":{""name"":""python"",""version"":""3.12.13"",""mimetype"":""text/x-python"",""codemirror_mode"":{""name"":""ipython"",""version"":3},""pygments_lexer"":""ipython3"",""nbconvert_exporter"":""python"",""file_extension"":"".py""},""kaggle"":{""accelerator"":""none"",""dataSources"":[],""dockerImageVersionId"":28755,""isInternetEnabled"":false,""language"":""python"",""sourceType"":""notebook"",""isGpuEnabled"":false}},""nbformat_minor"":4,""nbformat"
reshape,results/stage15_transformer_checkpoint/stage15_4b_balanced_seed7_convergence_repair.py,814,    .reshape(-1)
reshape,results/stage15_transformer_checkpoint/stage15_4c_final_seed_confirmation.py,1036,                    .reshape(-1)
reshape,results/stage15_transformer_checkpoint/stage15_4c_final_seed_confirmation.py,1045,                    .reshape(-1)
reshape,results/stage15_transformer_checkpoint/stage15_6a_holdout_evaluation.py,554,        ).reshape(-1)
heatmap,results/stage17_attention_explainability_checkpoint/stage17_0_attention_protocol_lock.json,284,"      ""layer-by-head attention entropy heatmap"","
heatmap,results/stage17_attention_explainability_checkpoint/stage17_0_attention_protocol_lock.json,285,"      ""within-layer head-similarity heatmap"","
heatmap,results/stage17_attention_explainability_checkpoint/stage17_0_attention_protocol_lock.json,288,"      ""layer-wise CLS-to-feature attention heatmap"","
heatmap,results/stage17_attention_explainability_checkpoint/stage17_2_attention_analysis_package/stage17_2_artifact_manifest.json,5,"      ""relative_path"": ""figures/stage17_2_confusion_state_rollout_top20_heatmap.png"","
heatmap,results/stage17_attention_explainability_checkpoint/stage17_2_attention_analysis_package/stage17_2_artifact_manifest.json,25,"      ""relative_path"": ""figures/stage17_2_layer_head_entropy_heatmap.png"","
heatmap,results/stage17_attention_explainability_checkpoint/stage17_2_attention_analysis_package/stage17_2_artifact_manifest.json,40,"      ""relative_path"": ""figures/stage17_2_within_layer_head_similarity_heatmaps.png"","
heatmap,results/stage17_attention_explainability_checkpoint/stage17_2_attention_analysis_package/stage17_2_repository_package_manifest.json,15,"      ""repository_path"": ""results/stage17_attention_explainability_checkpoint/stage17_2_attention_analysis_package/figures/stage17_2_confusion_state_rollout_top20_heatmap.png"","
heatmap,results/stage17_attention_explainability_checkpoint/stage17_2_attention_analysis_package/stage17_2_repository_package_manifest.json,18,"      ""source_path"": ""/kaggle/working/stage17_attention_explainability/stage17_2_attention_analysis/figures/stage17_2_confusion_state_rollout_top20_heatmap.png"""
heatmap,results/stage17_attention_explainability_checkpoint/stage17_2_attention_analysis_package/stage17_2_repository_package_manifest.json,39,"      ""repository_path"": ""results/stage17_attention_explainability_checkpoint/stage17_2_attention_analysis_package/figures/stage17_2_layer_head_entropy_heatmap.png"","
heatmap,results/stage17_attention_explainability_checkpoint/stage17_2_attention_analysis_package/stage17_2_repository_package_manifest.json,42,"      ""source_path"": ""/kaggle/working/stage17_attention_explainability/stage17_2_attention_analysis/figures/stage17_2_layer_head_entropy_heatmap.png"""
heatmap,results/stage17_attention_explainability_checkpoint/stage17_2_attention_analysis_package/stage17_2_repository_package_manifest.json,57,"      ""repository_path"": ""results/stage17_attention_explainability_checkpoint/stage17_2_attention_analysis_package/figures/stage17_2_within_layer_head_similarity_heatmaps.png"","
heatmap,results/stage17_attention_explainability_checkpoint/stage17_2_attention_analysis_package/stage17_2_repository_package_manifest.json,60,"      ""source_path"": ""/kaggle/working/stage17_attention_explainability/stage17_2_attention_analysis/figures/stage17_2_within_layer_head_similarity_heatmaps.png"""
heatmap,results/stage17_attention_explainability_checkpoint/stage17_2a_checksums.sha256,1,10145493f88f68912de2cb2d421dade145f7d4f792545791c9d2ded95cefe3be  results/stage17_attention_explainability_checkpoint/stage17_2_attention_analysis_package/figures/stage17_2_confusion_state_rollout_top20_heatmap.png
heatmap,results/stage17_attention_explainability_checkpoint/stage17_2a_checksums.sha256,5,4cd22b48be0f95134c822db9375c833ec34f209b3073010253c21c5f20139f2c  results/stage17_attention_explainability_checkpoint/stage17_2_attention_analysis_package/figures/stage17_2_layer_head_entropy_heatmap.png
heatmap,results/stage17_attention_explainability_checkpoint/stage17_2a_checksums.sha256,8,b35ae1c939a7035d298bad68921ad4d634b4599b0e1b5c38152770c0326e5dcc  results/stage17_attention_explainability_checkpoint/stage17_2_attention_analysis_package/figures/stage17_2_within_layer_head_similarity_heatmaps.png
heatmap,results/stage17_attention_explainability_checkpoint/stage17_3b_cross_method_agreement_package/stage17_3b_artifact_manifest.json,5,"      ""relative_path"": ""figures/stage17_3b_attention_shap_ig_shared70_heatmap.png"","
heatmap,results/stage17_attention_explainability_checkpoint/stage17_3b_cross_method_agreement_package/stage17_3c_repository_package_manifest.json,52,"      ""repository_path"": ""results/stage17_attention_explainability_checkpoint/stage17_3b_cross_method_agreement_package/figures/stage17_3b_attention_shap_ig_shared70_heatmap.png"","
heatmap,results/stage17_attention_explainability_checkpoint/stage17_3b_cross_method_agreement_package/stage17_3c_repository_package_manifest.json,55,"      ""source_path"": ""/kaggle/working/stage17_attention_explainability/stage17_3b_cross_method_agreement/figures/stage17_3b_attention_shap_ig_shared70_heatmap.png"""
heatmap,results/stage17_attention_explainability_checkpoint/stage17_3c_checksums.sha256,1,882506b70febde096e0d85e10e35abab70cf1d251ba9ed9802b31e343fffe332  results/stage17_attention_explainability_checkpoint/stage17_3b_cross_method_agreement_package/figures/stage17_3b_attention_shap_ig_shared70_heatmap.png
