candidate_id,seed,threshold,accuracy,precision,recall,f1,f2,fpr,fnr,true_negative,false_positive,false_negative,true_positive,roc_auc,pr_auc
FT_BALANCED,7,0.05,0.6068983745209462,0.4181063187997023,0.9982229704451927,0.5893591761230293,0.7813895599970714,0.5472497513170983,0.0017770295548073325,12289,14854,19,10673,0.9547162015744052,0.9291636892316072
FT_BALANCED,7,0.055,0.6110215409012819,0.4206521310570516,0.9978488589599701,0.5918180557481626,0.7829769121251707,0.5413550454997605,0.002151141040029929,12449,14694,23,10669,0.9547162015744052,0.9291636892316072
FT_BALANCED,7,0.06,0.6138231795956125,0.42240525878113494,0.9976618032173588,0.5935178745305328,0.7840960879728318,0.5373761190730575,0.0023381967826412273,12557,14586,25,10667,0.9547162015744052,0.9291636892316072
FT_BALANCED,7,0.065,0.6150125545130171,0.4231471195048405,0.9974747474747475,0.5942166258078895,0.7845142117342436,0.5356445492392146,0.0025252525252525255,12604,14539,27,10665,0.9547162015744052,0.9291636892316072
FT_BALANCED,7,0.07,0.6193735958768336,0.42589410589410587,0.9968200523756079,0.596802642999132,0.7860693581933238,0.5293077404855764,0.0031799476243920687,12776,14367,34,10658,0.9547162015744052,0.9291636892316072
FT_BALANCED,7,0.075,0.620510109686798,0.42662717156352575,0.9968200523756079,0.5975220048214386,0.7865682656826567,0.5277235382971669,0.0031799476243920687,12819,14324,34,10658,0.9547162015744052,0.9291636892316072
FT_BALANCED,7,0.08,0.6218844984802432,0.42749378059545784,0.9964459408903853,0.5983040377379683,0.7869700103412616,0.5256603912610986,0.003554059109614665,12875,14268,38,10654,0.9547162015744052,0.9291636892316072
FT_BALANCED,7,0.085,0.6232588872736884,0.42837609587388403,0.996258885147774,0.5991338095505935,0.7874737558032944,0.5236709280477471,0.0037411148522259632,12929,14214,40,10652,0.9547162015744052,0.9291636892316072
FT_BALANCED,7,0.09,0.6243161094224924,0.42906058652916534,0.9961653572764684,0.5997860119382813,0.7878890993016926,0.5221604096820543,0.0038346427235316123,12970,14173,41,10651,0.9547162015744052,0.9291636892316072
FT_BALANCED,7,0.095,0.6253733315712964,0.4297530664945126,0.9961653572764684,0.6004622843612584,0.7883556371387969,0.5206867332277199,0.0038346427235316123,13010,14133,41,10651,0.9547162015744052,0.9291636892316072
FT_BALANCED,7,0.1,0.6265362759349808,0.430517380759903,0.9961653572764684,0.6012079476179725,0.7888694673223914,0.5190656891279519,0.0038346427235316123,13054,14089,41,10651,0.9547162015744052,0.9291636892316072
FT_BALANCED,7,0.105,0.6277520814061055,0.4313137858415681,0.9960718294051627,0.6019669907302736,0.7893566557960272,0.517334119294109,0.003928170594837262,13101,14042,42,10650,0.9547162015744052,0.9291636892316072
FT_BALANCED,7,0.11,0.6285449980177085,0.4318163381195749,0.9956977179199401,0.6023878232331806,0.7895049093767613,0.5160814943079247,0.004302282080059858,13135,14008,46,10646,0.9547162015744052,0.9291636892316072
FT_BALANCED,7,0.115,0.6295229285053522,0.4324653694601292,0.9956977179199401,0.6030190602962417,0.7899384135935297,0.5147183435876653,0.004302282080059858,13172,13971,46,10646,0.9547162015744052,0.9291636892316072
FT_BALANCED,7,0.12,0.6355755253072551,0.4364740643466842,0.9947624392068837,0.6067313177410153,0.7921234509056244,0.505913126773017,0.005237560793116348,13411,13732,56,10636,0.9547162015744052,0.9291636892316072
FT_BALANCED,7,0.125,0.6481036077705828,0.4450314465408805,0.9927048260381593,0.6145561924613514,0.7966315410249484,0.4876395387392698,0.007295173961840628,13907,13236,78,10614,0.9547162015744052,0.9291636892316072
FT_BALANCED,7,0.13,0.6636447733580019,0.4561524532206605,0.9895248784137674,0.6244466741427138,0.8019768957884842,0.4647238698743691,0.010475121586232696,14529,12614,112,10580,0.9547162015744052,0.9291636892316072
FT_BALANCED,7,0.135,0.6657063565481697,0.4576550051957049,0.9885895997007108,0.6256659168935716,0.8024110287865908,0.4614817816748333,0.011410400299289188,14617,12526,122,10570,0.9547162015744052,0.9291636892316072
FT_BALANCED,7,0.14,0.6669485925730144,0.4585486602683806,0.9875607931163487,0.6262937809543581,0.8024165970058516,0.4593449508160483,0.012439206883651329,14675,12468,133,10559,0.9547162015744052,0.9291636892316072
FT_BALANCED,7,0.145,0.6680322452755385,0.45935596170583115,0.9872802095024317,0.6269897837966262,0.8027620612033826,0.45772390671628044,0.012719790497568275,14719,12424,136,10556,0.9547162015744052,0.9291636892316072
FT_BALANCED,7,0.15,0.6690630368706224,0.46013687284773985,0.9872802095024317,0.6277168257366277,0.8032385213593266,0.45628707217330433,0.012719790497568275,14758,12385,136,10556,0.9547162015744052,0.9291636892316072
FT_BALANCED,7,0.155,0.6701202590194265,0.4609405702807738,0.9872802095024317,0.6284642633882059,0.8037277863223133,0.4548133957189699,0.012719790497568275,14798,12345,136,10556,0.9547162015744052,0.9291636892316072
FT_BALANCED,7,0.16,0.6713889255979912,0.4619053870727758,0.9871866816311261,0.6293414423277583,0.8042640088998613,0.4530081420624102,0.012813318368873925,14847,12296,137,10555,0.9547162015744052,0.9291636892316072
FT_BALANCED,7,0.165,0.6721818422095943,0.4625060262085287,0.9869996258885148,0.6298606344564146,0.8045284744987422,0.45182920089894263,0.013000374111485222,14879,12264,139,10553,0.9547162015744052,0.9291636892316072
FT_BALANCED,7,0.17,0.6730540504823576,0.4631597435672258,0.9865319865319865,0.6303711229307356,0.804674864972079,0.4504292082673249,0.013468013468013467,14917,12226,144,10548,0.9547162015744052,0.9291636892316072
FT_BALANCED,7,0.175,0.6743227170609224,0.46413167854942344,0.9863449307893752,0.6312324175495302,0.8051610932966866,0.4485871126994068,0.013655069210624766,14967,12176,146,10546,0.9547162015744052,0.9291636892316072
FT_BALANCED,7,0.18,0.6754063697634466,0.46495522914736886,0.985877291432847,0.6318976111260977,0.8054065618362138,0.4468923847769222,0.014122708567153011,15013,12130,151,10541,0.9547162015744052,0.9291636892316072
FT_BALANCED,7,0.185,0.6772565085238536,0.4663833930863542,0.9855031799476244,0.6331380501727505,0.8060617187619529,0.4441660833364035,0.014496820052375608,15087,12056,155,10537,0.9547162015744052,0.9291636892316072
FT_BALANCED,7,0.19,0.6801374388793445,0.4686052725329533,0.9841937897493453,0.6349101001568722,0.8066815895989208,0.43963452823932503,0.015806210250654696,15210,11933,169,10523,0.9547162015744052,0.9291636892316072
FT_BALANCED,7,0.195,0.6811153693669882,0.4693649872818957,0.9837261503928171,0.6355095012235281,0.8068797275112387,0.43808716796227387,0.01627384960718294,15252,11891,174,10518,0.9547162015744052,0.9291636892316072
FT_BALANCED,7,0.2,0.6920311880533897,0.47809419496166483,0.9797979797979798,0.6426205373573795,0.8098330241187385,0.4213240982942195,0.020202020202020204,15707,11436,216,10476,0.9547162015744052,0.9291636892316072
FT_BALANCED,7,0.205,0.7024712567728294,0.4867848622351125,0.9732510288065843,0.648975646262746,0.8111310312573078,0.4041926095125815,0.026748971193415638,16172,10971,286,10406,0.9547162015744052,0.9291636892316072
FT_BALANCED,7,0.21,0.7032377428307123,0.4874426014431637,0.9729704451926674,0.6494974090029344,0.8113398845733893,0.40301366834911395,0.027029554807332584,16204,10939,289,10403,0.9547162015744052,0.9291636892316072
FT_BALANCED,7,0.215,0.7038985066737148,0.4880120114484118,0.9727833894500562,0.6499609436025622,0.811551005758337,0.4020189367424382,0.027216610549943884,16231,10912,291,10401,0.9547162015744052,0.9291636892316072
FT_BALANCED,7,0.22,0.7054579093432007,0.4893516773464003,0.9713804713804713,0.6508334377741571,0.8115076884610577,0.39929263530191944,0.02861952861952862,16305,10838,306,10386,0.9547162015744052,0.9291636892316072
FT_BALANCED,7,0.225,0.7074402008722083,0.49107776778529844,0.9703516647961092,0.6521260881863038,0.8118788637608576,0.3961242309251004,0.02964833520389076,16391,10752,317,10375,0.9547162015744052,0.9291636892316072
FT_BALANCED,7,0.23,0.715501519756839,0.49826506024096384,0.9669846614291059,0.6576553654347688,0.8138637866431563,0.3835611391518992,0.03301533857089413,16732,10411,353,10339,0.9547162015744052,0.9291636892316072
FT_BALANCED,7,0.235,0.7236156997489097,0.5057725374600835,0.9628694350916573,0.6631880697007764,0.8154713812714859,0.3706296282651144,0.037130564908342684,17083,10060,397,10295,0.9547162015744052,0.9291636892316072
FT_BALANCED,7,0.24,0.7288489493854896,0.5107738243344115,0.9599700710811822,0.6667749374736089,0.8163784738240302,0.36219283056404966,0.040029928918817806,17312,9831,428,10264,0.9547162015744052,0.9291636892316072
FT_BALANCED,7,0.245,0.738443240385886,0.5202957674655788,0.9542648709315376,0.6734208963104745,0.8178364166853698,0.3465718601481045,0.0457351290684624,17736,9407,489,10203,0.9547162015744052,0.9291636892316072
FT_BALANCED,7,0.25,0.7487511563367253,0.5310146443514644,0.9495884773662552,0.6811351133771635,0.8202721044467426,0.33036141915042555,0.050411522633744855,18176,8967,539,10153,0.9547162015744052,0.9291636892316072
FT_BALANCED,7,0.255,0.7595083917008061,0.5429773916797065,0.9411709689487467,0.6886569717707443,0.8207859578147176,0.31205098920532,0.058829031051253276,18673,8470,629,10063,0.9547162015744052,0.9291636892316072
FT_BALANCED,7,0.26,0.7815514735033698,0.5696093615556703,0.9287317620650954,0.7061333333333334,0.8247371306124485,0.27642486092178464,0.0712682379349046,19640,7503,762,9930,0.9547162015744052,0.9291636892316072
FT_BALANCED,7,0.265,0.8003171666446413,0.5958096634292346,0.9122708567153012,0.7208365665299485,0.8246673092206497,0.24378292745827654,0.08772914328469884,20526,6617,938,9754,0.9547162015744052,0.9291636892316072
FT_BALANCED,7,0.27,0.8163869433064622,0.620658547586829,0.900860456416012,0.73495860516577,0.8262562835623724,0.2168883321666728,0.09913954358398804,21256,5887,1060,9632,0.9547162015744052,0.9291636892316072
FT_BALANCED,7,0.275,0.8436104136381657,0.6690504850244282,0.8837448559670782,0.7615555107797702,0.8304476982299485,0.1721990936889806,0.11625514403292181,22469,4674,1243,9449,0.9547162015744052,0.9291636892316072
FT_BALANCED,7,0.28,0.8714946478128717,0.7308728021542849,0.8630751964085297,0.7914915515910455,0.8329421959056937,0.1251888147957116,0.13692480359147025,23745,3398,1464,9228,0.9547162015744052,0.9291636892316072
FT_BALANCED,7,0.285,0.883150522003436,0.760922027128235,0.8552188552188552,0.8053194768593949,0.8345350004563292,0.10584681133257193,0.1447811447811448,24270,2873,1548,9144,0.9547162015744052,0.9291636892316072
FT_BALANCED,7,0.29,0.8838905775075988,0.763050196274952,0.85447063224841,0.8061769247738805,0.8344750735280686,0.10452050252367093,0.14552936775158998,24306,2837,1556,9136,0.9547162015744052,0.9291636892316072
FT_BALANCED,7,0.295,0.884472049689441,0.7646320020095453,0.8540965207631874,0.8068919814446653,0.8345670888852332,0.10356261282835354,0.14590347923681257,24332,2811,1560,9132,0.9547162015744052,0.9291636892316072
FT_BALANCED,7,0.3,0.8848420774415224,0.7657521604161422,0.8536288814066592,0.8073061784087391,0.8344762009252655,0.10286261651254468,0.14637111859334082,24351,2792,1565,9127,0.9547162015744052,0.9291636892316072
FT_BALANCED,7,0.305,0.8852913968547641,0.7670253909534219,0.8532547699214366,0.807845568051005,0.8344919688266071,0.10208893637401908,0.1467452300785634,24372,2771,1569,9123,0.9547162015744052,0.9291636892316072
FT_BALANCED,7,0.31,0.8858992995903264,0.7688285401028928,0.852600074822297,0.8085502683045812,0.83441647597254,0.10098367903326824,0.14739992517770295,24402,2741,1576,9116,0.9547162015744052,0.9291636892316072
FT_BALANCED,7,0.315,0.8864279106647285,0.7702645592088581,0.8523194912083801,0.8092172445944146,0.834539094122603,0.10013631507202593,0.1476805087916199,24425,2718,1579,9113,0.9547162015744052,0.9291636892316072
FT_BALANCED,7,0.32,0.8903924937227435,0.781021897810219,0.8506359895248784,0.8143439136858127,0.8357377832503261,0.09394687396382125,0.14936401047512157,24593,2550,1597,9095,0.9547162015744052,0.9291636892316072
FT_BALANCED,7,0.325,0.891026827012026,0.7830733431009221,0.8497942386831275,0.8150706436420722,0.8355557190414007,0.09273109088899532,0.15020576131687244,24626,2517,1606,9086,0.9547162015744052,0.9291636892316072
FT_BALANCED,7,0.33,0.8914761464252676,0.7844187251684229,0.8494201271979049,0.815626403233049,0.8355720752217274,0.09195741075046973,0.15057987280209503,24647,2496,1610,9082,0.9547162015744052,0.9291636892316072
FT_BALANCED,7,0.335,0.8917404519624686,0.7854422710749523,0.8487654320987654,0.8158770115975905,0.8352969331026103,0.09133109825737759,0.15123456790123457,24664,2479,1617,9075,0.9547162015744052,0.9291636892316072
FT_BALANCED,7,0.34,0.8922954935905907,0.7869222096956031,0.8486719042274598,0.8166314179003735,0.8355586659054494,0.09052057620749364,0.15132809577254022,24686,2457,1618,9074,0.9547162015744052,0.9291636892316072
FT_BALANCED,7,0.345,0.8926655213426721,0.7879287885366912,0.8485783763561542,0.8171297338676993,0.8357128382734926,0.08996794753711823,0.15142162364384587,24701,2442,1619,9073,0.9547162015744052,0.9291636892316072
FT_BALANCED,7,0.35,0.893167701863354,0.7894828486853561,0.8481107369996259,0.8177473171611507,0.8356987503225569,0.08908374166451756,0.15188926300037411,24725,2418,1624,9068,0.9547162015744052,0.9291636892316072
FT_BALANCED,7,0.355,0.893405576846835,0.7902536832011159,0.847830153385709,0.8180300500834724,0.8356533121923341,0.08864163872821722,0.15216984661429106,24737,2406,1627,9065,0.9547162015744052,0.9291636892316072
FT_BALANCED,7,0.36,0.8938548962600766,0.7917322146477889,0.847268986157875,0.818559681937291,0.8355469470577385,0.0877942747669749,0.15273101384212495,24760,2383,1633,9059,0.9547162015744052,0.9291636892316072
FT_BALANCED,7,0.365,0.8946742434253998,0.793934613024805,0.8471754582865694,0.8196914166779784,0.8359636007900032,0.08661533360350734,0.1528245417134306,24792,2351,1634,9058,0.9547162015744052,0.9291636892316072
FT_BALANCED,7,0.37,0.8952028544998017,0.7955364203497056,0.8468013468013468,0.8203687763330766,0.8360265194186411,0.08573112773090667,0.1531986531986532,24816,2327,1638,9054,0.9547162015744052,0.9291636892316072
FT_BALANCED,7,0.375,0.895784326681644,0.7972342112217035,0.8465207631874299,0.8211385801769109,0.8361818887308069,0.08481007994694764,0.15347923681257014,24841,2302,1641,9051,0.9547162015744052,0.9291636892316072
FT_BALANCED,7,0.38,0.8965508127395269,0.7996463306808135,0.8458660680882903,0.8221070811744388,0.8361995635933283,0.08348377113804664,0.15413393191170968,24877,2266,1648,9044,0.9547162015744052,0.9291636892316072
FT_BALANCED,7,0.385,0.8980309237478525,0.8045997504011411,0.8441825664047886,0.8239160200821543,0.8359574704553031,0.08075746969752791,0.15581743359521139,24951,2192,1666,9026,0.9547162015744052,0.9291636892316072
FT_BALANCED,7,0.39,0.8984538126073741,0.8065151243959191,0.8428731762065096,0.8242934235799871,0.8353416632679546,0.07965221235677707,0.15712682379349047,24981,2162,1680,9012,0.9547162015744052,0.9291636892316072
FT_BALANCED,7,0.395,0.8993260208801375,0.8091815649986525,0.8424055368499813,0.8254593777207534,0.8355442587060985,0.07825221972515935,0.1575944631500187,25019,2124,1685,9007,0.9547162015744052,0.9291636892316072
FT_BALANCED,7,0.4,0.9006211180124224,0.8135516555093179,0.8410961466517022,0.8270946380943621,0.8354390397978522,0.07593117930958258,0.1589038533482978,25082,2061,1699,8993,0.9547162015744052,0.9291636892316072
FT_BALANCED,7,0.405,0.9017576318223867,0.8177676537585421,0.8394126449682006,0.8284487930954908,0.834992464134864,0.07368382271672254,0.16058735503179947,25143,2000,1717,8975,0.9547162015744052,0.9291636892316072
FT_BALANCED,7,0.41,0.9025505484339897,0.820888685295465,0.8380097268986157,0.829360855278382,0.8345286217238232,0.07202593670559629,0.16199027310138422,25188,1955,1732,8960,0.9547162015744052,0.9291636892316072
FT_BALANCED,7,0.415,0.903422756706753,0.8241525423728814,0.8367938645716424,0.8304250974568406,0.8342346710428167,0.07033120878311167,0.16320613542835766,25234,1909,1745,8947,0.9547162015744052,0.9291636892316072
FT_BALANCED,7,0.42,0.904189242764636,0.8270850689623253,0.8356715301159746,0.831356129332403,0.8339400048533722,0.06882069041741885,0.16432846988402544,25275,1868,1757,8935,0.9547162015744052,0.9291636892316072
FT_BALANCED,7,0.425,0.9049292982687988,0.8302150237363864,0.8341750841750841,0.8321903428971309,0.8333800526994449,0.06719964631765096,0.16582491582491582,25319,1824,1773,8919,0.9547162015744052,0.9291636892316072
FT_BALANCED,7,0.43,0.905801506541562,0.8340206185567011,0.8323045267489712,0.8331616889804326,0.8326471799094278,0.06524702501565781,0.16769547325102882,25372,1771,1793,8899,0.9547162015744052,0.9291636892316072
FT_BALANCED,7,0.435,0.9070437425664067,0.8386670442745209,0.8309016086793864,0.8347662673244068,0.8324431701055077,0.06296282651143942,0.16909839132061355,25434,1709,1808,8884,0.9547162015744052,0.9291636892316072
FT_BALANCED,7,0.44,0.9094224924012158,0.8479739438643549,0.8279087167976057,0.8378212105437509,0.831845433871483,0.058468113325719336,0.1720912832023943,25556,1587,1840,8852,0.9547162015744052,0.9291636892316072
FT_BALANCED,7,0.445,0.9105590062111801,0.8535900909618734,0.8250093527871306,0.8390564063540379,0.8305713532446989,0.0557418118852006,0.17499064721286944,25630,1513,1871,8821,0.9547162015744052,0.9291636892316072
FT_BALANCED,7,0.45,0.9117748116823048,0.8584519399493079,0.8236064347175458,0.8406682577565634,0.8303473767585713,0.053494455292340565,0.17639356528245417,25691,1452,1886,8806,0.9547162015744052,0.9291636892316072
FT_BALANCED,7,0.455,0.9124091449715872,0.8614540466392319,0.8222970445192668,0.8414202316011102,0.8298410541020124,0.05209446266072284,0.17770295548073325,25729,1414,1900,8792,0.9547162015744052,0.9291636892316072
FT_BALANCED,7,0.46,0.9133606449055107,0.8655818540433925,0.820894126449682,0.8426459293394777,0.8294586829969002,0.05021552518144641,0.17910587355031798,25780,1363,1915,8777,0.9547162015744052,0.9291636892316072
FT_BALANCED,7,0.465,0.9144442976080349,0.8704900109333068,0.8191170968948747,0.8440225509564881,0.828900793124988,0.04800501049994474,0.18088290310512534,25840,1303,1934,8758,0.9547162015744052,0.9291636892316072
FT_BALANCED,7,0.47,0.9153165058807982,0.8741754947031781,0.8180882903105126,0.8452024350178762,0.8287224769772994,0.04638396640017684,0.18191170968948747,25884,1259,1945,8747,0.9547162015744052,0.9291636892316072
FT_BALANCED,7,0.475,0.9171930751949253,0.8828117087004963,0.8151889263000374,0.8476537806953562,0.8278718109458406,0.04262609144162399,0.18481107369996258,25986,1157,1976,8716,0.9547162015744052,0.9291636892316072
FT_BALANCED,7,0.48,0.9180917140214088,0.8863335707743971,0.8146277590722035,0.8489692480140358,0.8280254777070063,0.04115241498728954,0.18537224092779647,26026,1117,1982,8710,0.9547162015744052,0.9291636892316072
FT_BALANCED,7,0.485,0.9190960750627726,0.8908122503328895,0.8134118967452301,0.8503544365680763,0.8277969199139554,0.03927347750801312,0.18658810325476993,26077,1066,1995,8697,0.9547162015744052,0.9291636892316072
FT_BALANCED,7,0.49,0.9197568389057751,0.8936651583710408,0.8127572016460906,0.8512931034482759,0.827745180217938,0.03809453634454556,0.18724279835390947,26109,1034,2002,8690,0.9547162015744052,0.9291636892316072
FT_BALANCED,7,0.495,0.9203647416413374,0.896683541688191,0.8117283950617284,0.852093662559521,0.8274067153507352,0.03684191135836127,0.1882716049382716,26143,1000,2013,8679,0.9547162015744052,0.9291636892316072
FT_BALANCED,7,0.5,0.92105193603806,0.8998443175921121,0.8108866442199776,0.8530525901510306,0.8272427151117303,0.03555244446081863,0.18911335578002245,26178,965,2022,8670,0.9547162015744052,0.9291636892316072
FT_BALANCED,7,0.505,0.9213955332364213,0.9016444629475437,0.810231949120838,0.8534975369458128,0.8270009164502825,0.0348156062336514,0.189768050879162,26198,945,2029,8663,0.9547162015744052,0.9291636892316072
FT_BALANCED,7,0.51,0.921580547112462,0.9028893293000939,0.8095772540216984,0.8536910104048524,0.826664119950339,0.03429981947463434,0.19042274597830153,26212,931,2036,8656,0.9547162015744052,0.9291636892316072
FT_BALANCED,7,0.515,0.9218184220959429,0.904413302656348,0.8088290310512533,0.8539547743655573,0.8262946684502199,0.0336735069815422,0.19117096894874672,26229,914,2044,8648,0.9547162015744052,0.9291636892316072
FT_BALANCED,7,0.52,0.9220298665257037,0.9056801509117586,0.8082678638234194,0.8542057922308985,0.8260370865991207,0.033157720222525146,0.1917321361765806,26243,900,2050,8642,0.9547162015744052,0.9291636892316072
FT_BALANCED,7,0.525,0.9222413109554645,0.9070378151260504,0.8076131687242798,0.8544429052048288,0.8257152692778459,0.032605091552149724,0.19238683127572018,26258,885,2057,8635,0.9547162015744052,0.9291636892316072
FT_BALANCED,7,0.53,0.9225320470463856,0.9090334141456731,0.8065843621399177,0.8547499876108826,0.825184192900201,0.03179456950226578,0.1934156378600823,26280,863,2068,8624,0.9547162015744052,0.9291636892316072
FT_BALANCED,7,0.535,0.9227434914761464,0.9103200591528468,0.8060231949120839,0.855002728309936,0.8249258160237389,0.03127878274324872,0.1939768050879162,26294,849,2074,8618,0.9547162015744052,0.9291636892316072
FT_BALANCED,7,0.54,0.9228756442447469,0.9113227513227513,0.8054620276842499,0.8551285870320723,0.824619862882531,0.030873521718306745,0.1945379723157501,26305,838,2080,8612,0.9547162015744052,0.9291636892316072
FT_BALANCED,7,0.545,0.923166380335668,0.9130850047755492,0.8047138047138047,0.8554809843400448,0.824280048284187,0.030173525402497882,0.19528619528619529,26324,819,2088,8604,0.9547162015744052,0.9291636892316072
FT_BALANCED,7,0.55,0.9233778247654288,0.9147418839808409,0.8037785260007482,0.8556778015632002,0.8237639706305236,0.02951037099804738,0.19622147399925177,26342,801,2098,8594,0.9547162015744052,0.9291636892316072
FT_BALANCED,7,0.555,0.9238535747323906,0.9170315002669515,0.8032173587729143,0.8563593757790299,0.8236625553871829,0.028626165125446707,0.19678264122708566,26366,777,2104,8588,0.9547162015744052,0.9291636892316072
FT_BALANCED,7,0.56,0.9243293246993525,0.9196955076659161,0.8022820800598578,0.8569858634297418,0.8233035799980803,0.027594591607412594,0.19771791994014215,26394,749,2114,8578,0.9547162015744052,0.9291636892316072
FT_BALANCED,7,0.565,0.9249372274349148,0.9227869911695025,0.801440329218107,0.85784362799079,0.8230875629154342,0.026415650443945032,0.19855967078189302,26426,717,2123,8569,0.9547162015744052,0.9291636892316072
FT_BALANCED,7,0.57,0.9256772829390776,0.9264992422602295,0.8005050505050505,0.8589061716006021,0.822885820866823,0.025015657812327303,0.1994949494949495,26464,679,2133,8559,0.9547162015744052,0.9291636892316072
FT_BALANCED,7,0.575,0.9259151579225585,0.9285171102661597,0.7993827160493827,0.8591244911293159,0.8222538625824948,0.024241977673801717,0.2006172839506173,26485,658,2145,8547,0.9547162015744052,0.9291636892316072
FT_BALANCED,7,0.58,0.926047310691159,0.9298627749945546,0.7985409652076318,0.8592130421656435,0.8217516843118383,0.02372619091478466,0.20145903479236812,26499,644,2154,8538,0.9547162015744052,0.9291636892316072
FT_BALANCED,7,0.585,0.9262323245671997,0.931230215042026,0.7978862701084923,0.8594167128393694,0.821410002118277,0.0232104041557676,0.20211372989150767,26513,630,2161,8531,0.9547162015744052,0.9291636892316072
FT_BALANCED,7,0.59,0.9264701995506806,0.9326186830015314,0.7974186307519641,0.859735807199758,0.8212290502793295,0.022694617396750542,0.2025813692480359,26527,616,2166,8526,0.9547162015744052,0.9291636892316072
FT_BALANCED,7,0.595,0.9267080745341615,0.9339178082191781,0.7970445192667415,0.8600696371801988,0.8211126741564373,0.022215672549091847,0.2029554807332585,26540,603,2170,8522,0.9547162015744052,0.9291636892316072
FT_BALANCED,7,0.6,0.9270252411788027,0.93543428132206,0.7967639356528246,0.860548512551139,0.8211084337349397,0.02166304387871643,0.20323606434717545,26555,588,2173,8519,0.9547162015744052,0.9291636892316072
FT_BALANCED,7,0.605,0.9272102550548434,0.9368258859784283,0.796109240553685,0.8607543735463646,0.8207659968372739,0.02114725711969937,0.203890759446315,26569,574,2180,8512,0.9547162015744052,0.9291636892316072
FT_BALANCED,7,0.61,0.9271838245011232,0.9373966714427422,0.7954545454545454,0.8606121932709334,0.8202966763758414,0.020926205651549203,0.20454545454545456,26575,568,2187,8505,0.9547162015744052,0.9291636892316072
FT_BALANCED,7,0.615,0.9273159772697238,0.9396589902568645,0.7937710437710438,0.8605759480835531,0.8192084942084942,0.02007884169030689,0.20622895622895623,26598,545,2205,8487,0.9547162015744052,0.9291636892316072
FT_BALANCED,7,0.62,0.927368838377164,0.9406478810738851,0.7930228208005986,0.8605500862681417,0.8187207910084586,0.019710422576723282,0.20697717919940142,26608,535,2213,8479,0.9547162015744052,0.9291636892316072
FT_BALANCED,7,0.625,0.9274745605920444,0.9414574538991335,0.792648709315376,0.8606682238245151,0.8185242418389028,0.01941568728585639,0.20735129068462402,26616,527,2217,8475,0.9547162015744052,0.9291636892316072
FT_BALANCED,7,0.63,0.9285582132945686,0.9476633419253614,0.7908716797605686,0.8621972979862349,0.8179373585343678,0.017205172604354713,0.20912832023943134,26676,467,2236,8456,0.9547162015744052,0.9291636892316072
FT_BALANCED,7,0.635,0.9287432271706092,0.9493144526859969,0.7900299289188178,0.8623787646758551,0.8174621608020748,0.016615702022620932,0.20997007108118218,26692,451,2245,8447,0.9547162015744052,0.9291636892316072
FT_BALANCED,7,0.64,0.9295625743359324,0.954272778720996,0.7885334829779275,0.8635223024530138,0.8169098695812259,0.014884132188777955,0.2114665170220726,26739,404,2261,8431,0.9547162015744052,0.9291636892316072
FT_BALANCED,7,0.645,0.930011893749174,0.957149352125483,0.7875982042648709,0.8641354540790147,0.8165263933599658,0.0138894005821022,0.21240179573512907,26766,377,2271,8421,0.9547162015744052,0.9291636892316072
FT_BALANCED,7,0.65,0.930249768732655,0.9593839132915003,0.7864758698092031,0.8643675797913347,0.8158849669144045,0.013115720443576612,0.21352413019079686,26787,356,2283,8409,0.9547162015744052,0.9291636892316072
FT_BALANCED,7,0.655,0.9304876437161359,0.9612128146453089,0.785727646838758,0.8646562371346233,0.8155043876679351,0.012489407950484472,0.21427235316124205,26804,339,2291,8401,0.9547162015744052,0.9291636892316072
FT_BALANCED,7,0.66,0.9309898242368178,0.963838824474802,0.7852600074822297,0.865433180436015,0.8154781561413391,0.0116052020778838,0.2147399925177703,26828,315,2296,8396,0.9547162015744052,0.9291636892316072
FT_BALANCED,7,0.665,0.9311219770054182,0.9656761114950472,0.7841376730265619,0.8654898317332508,0.8147716229348881,0.010978889584791658,0.21586232697343807,26845,298,2308,8384,0.9547162015744052,0.9291636892316072
FT_BALANCED,7,0.67,0.9309105325756575,0.9669364161849711,0.7822671156004489,0.8648536862785647,0.8133338519584581,0.010536786648491324,0.21773288439955107,26857,286,2328,8364,0.9547162015744052,0.9291636892316072
FT_BALANCED,7,0.675,0.9313598519888991,0.970803768756543,0.7805836139169473,0.8653636787806522,0.8124209091794024,0.009247319750948679,0.21941638608305275,26892,251,2346,8346,0.9547162015744052,0.9291636892316072
FT_BALANCED,7,0.68,0.9314391436500594,0.9723518432104526,0.7795548073325851,0.8653446843853821,0.8117452278924815,0.008731532991931622,0.22044519266741489,26906,237,2357,8335,0.9547162015744052,0.9291636892316072
FT_BALANCED,7,0.685,0.9317563102947006,0.9744909899368125,0.7789001122334456,0.8657864642894271,0.8114744514167673,0.008031536676122757,0.22109988776655443,26925,218,2364,8328,0.9547162015744052,0.9291636892316072
FT_BALANCED,7,0.69,0.9320206158319017,0.9768616396523373,0.7778713056490835,0.8660835155680516,0.8109083109083111,0.007257856537597171,0.22212869435091656,26946,197,2375,8317,0.9547162015744052,0.9291636892316072
FT_BALANCED,7,0.695,0.9321791991542223,0.9781124970581313,0.7774036662925552,0.866284523189161,0.8106737408808957,0.0068525955126551965,0.22259633370744483,26957,186,2380,8312,0.9547162015744052,0.9291636892316072
FT_BALANCED,7,0.7,0.9321263380467821,0.9785579641847314,0.7768424990647212,0.8661105318039625,0.8102466052754799,0.006705227867221751,0.22315750093527872,26961,182,2386,8306,0.9547162015744052,0.9291636892316072
FT_BALANCED,7,0.705,0.9321791991542223,0.9790143834001415,0.77665544332211,0.8661729425263378,0.8101463414634145,0.006557860221788306,0.22334455667789002,26965,178,2388,8304,0.9547162015744052,0.9291636892316072
FT_BALANCED,7,0.71,0.9321527686005022,0.9791248968038684,0.7764683875794987,0.8660998382974284,0.8099986340663843,0.006521018310429945,0.22353161242050132,26966,177,2390,8302,0.9547162015744052,0.9291636892316072
FT_BALANCED,7,0.715,0.9320999074930619,0.9794593318380357,0.7760007482229705,0.8659395710483746,0.8096371904213588,0.006410492576354862,0.22399925177702956,26969,174,2395,8297,0.9547162015744052,0.9291636892316072
FT_BALANCED,7,0.72,0.9321527686005022,0.9799173065564087,0.7758136924803591,0.8660019836091246,0.8095368219702145,0.0062631249309214165,0.22418630751964086,26973,170,2397,8295,0.9547162015744052,0.9291636892316072
FT_BALANCED,7,0.725,0.9321527686005022,0.9804849201655825,0.7753460531238309,0.8659319997910899,0.8092068016320794,0.00607891537412961,0.2246539468761691,26978,165,2402,8290,0.9547162015744052,0.9291636892316072
FT_BALANCED,7,0.73,0.9321791991542223,0.9810561212408241,0.7749719416386083,0.8659212038875534,0.8089584879134611,0.005894705817337803,0.2250280583613917,26983,160,2406,8286,0.9547162015744052,0.9291636892316072
FT_BALANCED,7,0.735,0.9322849213691027,0.9815209665955935,0.7749719416386083,0.8661022264032612,0.8090216754540129,0.005747338171904358,0.2250280583613917,26987,156,2406,8286,0.9547162015744052,0.9291636892316072
FT_BALANCED,7,0.74,0.932364213030263,0.981984117577338,0.7748784137673027,0.8662240577134195,0.8090030270481399,0.005599970526470913,0.22512158623269735,26991,152,2407,8285,0.9547162015744052,0.9291636892316072
FT_BALANCED,7,0.745,0.932364213030263,0.9824415707675881,0.7745043022820801,0.8661680874431255,0.8087387932886693,0.005452602881037469,0.22549569771791994,26995,148,2411,8281,0.9547162015744052,0.9291636892316072
FT_BALANCED,7,0.75,0.9322849213691027,0.9825498575498576,0.7741301907968574,0.8659761456371626,0.8084270979840601,0.005415760969679107,0.22586980920314254,26996,147,2415,8277,0.9547162015744052,0.9291636892316072
FT_BALANCED,7,0.755,0.9322056297079424,0.9825436408977556,0.7738496071829405,0.8657981478574792,0.8081814452323742,0.005415760969679107,0.22615039281705948,26996,147,2418,8274,0.9547162015744052,0.9291636892316072
FT_BALANCED,7,0.76,0.9322320602616625,0.9828897338403042,0.7736625514403292,0.8658153652920243,0.8080650203188496,0.005305235235604023,0.22633744855967078,26999,144,2420,8272,0.9547162015744052,0.9291636892316072
FT_BALANCED,7,0.765,0.9322320602616625,0.9832342449464923,0.7733819678264122,0.8657732174641399,0.8078666614560944,0.0051947095015289395,0.22661803217358772,27002,141,2423,8269,0.9547162015744052,0.9291636892316072
FT_BALANCED,7,0.77,0.9321263380467821,0.983226266952177,0.7730078563411896,0.8655356581841029,0.8075389846406378,0.0051947095015289395,0.22699214365881032,27002,141,2427,8265,0.9547162015744052,0.9291636892316072
FT_BALANCED,7,0.775,0.9320470463856217,0.9834504107631861,0.7725402169846615,0.8653292127180345,0.8071608654015284,0.005121025678812217,0.22745978301533856,27004,139,2432,8260,0.9547162015744052,0.9291636892316072
FT_BALANCED,7,0.78,0.9320734769393418,0.9837979509173219,0.7723531612420501,0.8653463271507911,0.8070442906844925,0.005010499944737133,0.22764683875794986,27007,136,2434,8258,0.9547162015744052,0.9291636892316072
FT_BALANCED,7,0.785,0.9320470463856217,0.9841421247168236,0.7719790497568275,0.8652445096703181,0.8067637572084841,0.004899974210662049,0.22802095024317245,27010,133,2438,8254,0.9547162015744052,0.9291636892316072
FT_BALANCED,7,0.79,0.9322320602616625,0.985079971353545,0.7718855218855218,0.8655479811221815,0.8068079615219177,0.004605238919795159,0.2281144781144781,27018,125,2439,8253,0.9547162015744052,0.9291636892316072
FT_BALANCED,7,0.795,0.9322849213691027,0.9855470616340182,0.7716984661429106,0.8656105749055812,0.8067070786077435,0.004457871274361714,0.2283015338570894,27022,121,2441,8251,0.9547162015744052,0.9291636892316072
FT_BALANCED,7,0.8,0.9323113519228228,0.9865948533812089,0.7709502431724654,0.8655431301517299,0.8061929073019971,0.004126294072136463,0.22904975682753462,27031,112,2449,8243,0.9547162015744052,0.9291636892316072
FT_BALANCED,7,0.805,0.9323113519228228,0.9869445442567972,0.7706696595585485,0.8655007615146264,0.805994091985054,0.004015768338061379,0.22933034044145156,27034,109,2452,8240,0.9547162015744052,0.9291636892316072
FT_BALANCED,7,0.81,0.9323377824765429,0.9872962607861937,0.7704826038159371,0.8655179659592351,0.8058772890906245,0.0039052426039862947,0.22951739618406286,27037,106,2454,8238,0.9547162015744052,0.9291636892316072
FT_BALANCED,7,0.815,0.932390643583983,0.9876498800959232,0.7703890759446315,0.8655947877259353,0.8058425295452767,0.003794716869911211,0.2296109240553685,27040,103,2455,8237,0.9547162015744052,0.9291636892316072
FT_BALANCED,7,0.82,0.9324963657988635,0.9883581373019683,0.7702020202020202,0.8657485281749369,0.8057729941291587,0.0035736654017610434,0.2297979797979798,27046,97,2457,8235,0.9547162015744052,0.9291636892316072
FT_BALANCED,7,0.825,0.9324170741377031,0.988823458718904,0.7695473251028807,0.8655130700047337,0.805261406565014,0.0034262977563275982,0.23045267489711935,27050,93,2464,8228,0.9547162015744052,0.9291636892316072
FT_BALANCED,7,0.83,0.932364213030263,0.9890559230306675,0.7691732136176581,0.8653653916977956,0.8049644695887086,0.0033526139336108756,0.23082678638234194,27052,91,2468,8224,0.9547162015744052,0.9291636892316072
FT_BALANCED,7,0.835,0.9323113519228228,0.9896422979645911,0.7685185185185185,0.8651750460647538,0.8044682892443854,0.0031684043768190695,0.23148148148148148,27057,86,2475,8217,0.9547162015744052,0.9291636892316072
FT_BALANCED,7,0.84,0.9322584908153826,0.9897578021448368,0.7682379349046016,0.8650413353693854,0.8042375702508469,0.0031315624654607082,0.23176206509539843,27058,85,2478,8214,0.9547162015744052,0.9291636892316072
FT_BALANCED,7,0.845,0.9322056297079424,0.9898734177215189,0.7679573512906847,0.8649075683362301,0.8040068151107456,0.003094720554102347,0.23204264870931537,27059,84,2481,8211,0.9547162015744052,0.9291636892316072
FT_BALANCED,7,0.85,0.9321263380467821,0.9901061776061776,0.7674897119341564,0.864699683877766,0.8036273895330618,0.0030210367313856243,0.23251028806584362,27061,82,2486,8206,0.9547162015744052,0.9291636892316072
FT_BALANCED,7,0.855,0.9320999074930619,0.9903416636484366,0.7672091283202395,0.8646113306982871,0.8034122740005094,0.0029473529086689017,0.23279087167976056,27063,80,2489,8203,0.9547162015744052,0.9291636892316072
FT_BALANCED,7,0.86,0.9320734769393418,0.9904589371980677,0.7670220725776281,0.8645372127345562,0.8032635950477981,0.0029105109973105404,0.23297792742237186,27064,79,2491,8201,0.9547162015744052,0.9291636892316072
FT_BALANCED,7,0.865,0.9319677547244615,0.9911665053242982,0.7660867938645717,0.864211859041992,0.8025356638971625,0.002689459529160373,0.23391320613542835,27070,73,2501,8191,0.9547162015744052,0.9291636892316072
FT_BALANCED,7,0.87,0.9315977269723801,0.9916282455714632,0.76440329218107,0.8633146720185909,0.8011174279553029,0.002542091883726928,0.23559670781893005,27074,69,2519,8173,0.9547162015744052,0.9291636892316072
FT_BALANCED,7,0.875,0.9315977269723801,0.9917475728155339,0.7643097643097643,0.8633002324107332,0.8010508155583438,0.0025052499723685665,0.2356902356902357,27075,68,2520,8172,0.9547162015744052,0.9291636892316072
FT_BALANCED,7,0.88,0.93157129641866,0.9918659706203715,0.764122708567153,0.863225738285171,0.8009018723654544,0.002468408061010205,0.235877291432847,27076,67,2522,8170,0.9547162015744052,0.9291636892316072
FT_BALANCED,7,0.885,0.9315977269723801,0.9921059023560845,0.7640291806958474,0.8632568952763394,0.8008509470216854,0.0023947242382934826,0.23597081930415265,27078,65,2523,8169,0.9547162015744052,0.9291636892316072
FT_BALANCED,7,0.89,0.9315448658649399,0.9933024841695081,0.7629068462401796,0.8629919593736775,0.8000196155355042,0.00202630512470987,0.23709315375982043,27088,55,2535,8157,0.9547162015744052,0.9291636892316072
FT_BALANCED,7,0.895,0.9315448658649399,0.9940243902439024,0.7623456790123457,0.8629049333051027,0.7996193690158532,0.0018052536565597024,0.23765432098765432,27094,49,2541,8151,0.9547162015744052,0.9291636892316072
FT_BALANCED,7,0.9,0.9314655742037796,0.9951094265802666,0.7612233445566778,0.8625933972762438,0.7987712721063065,0.0014736764543344509,0.2387766554433221,27103,40,2553,8139,0.9547162015744052,0.9291636892316072
FT_BALANCED,7,0.905,0.9313862825426192,0.995228774161977,0.7608492330714552,0.8623979645923885,0.7984570688233678,0.0014368345429760896,0.2391507669285447,27104,39,2557,8135,0.9547162015744052,0.9291636892316072
FT_BALANCED,7,0.91,0.9313862825426192,0.995349975526187,0.7607557052001497,0.8623833757421544,0.7983902630545741,0.0013999926316177282,0.23924429479985035,27105,38,2558,8134,0.9547162015744052,0.9291636892316072
FT_BALANCED,7,0.915,0.9312805603277389,0.9954690178790105,0.7602880658436214,0.8621274790539823,0.7979934817607099,0.0013631507202593672,0.2397119341563786,27106,37,2563,8129,0.9547162015744052,0.9291636892316072
FT_BALANCED,7,0.92,0.9312276992202987,0.9954679078882901,0.76010101010101,0.8620067882901994,0.7978284771852666,0.0013631507202593672,0.2398989898989899,27106,37,2565,8127,0.9547162015744052,0.9291636892316072
FT_BALANCED,7,0.925,0.9312805603277389,0.9959548909046335,0.7599139543583988,0.8620689655172413,0.797726112398382,0.001215783074825922,0.2400860456416012,27110,33,2567,8125,0.9547162015744052,0.9291636892316072
FT_BALANCED,7,0.93,0.9311484075591384,0.996439533456108,0.759072203516648,0.8617083399692096,0.7970459411152359,0.001068415429392477,0.24092779648335205,27114,29,2576,8116,0.9547162015744052,0.9291636892316072
FT_BALANCED,7,0.935,0.9310426853442579,0.9966818237679734,0.7585110362888141,0.8614371448297838,0.7965818681858362,0.0009947316066757543,0.24148896371118594,27116,27,2582,8110,0.9547162015744052,0.9291636892316072
FT_BALANCED,7,0.94,0.9310162547905378,0.9969257255287752,0.7582304526748971,0.8613472163195921,0.7963654223968565,0.0009210477839590318,0.2417695473251029,27118,25,2585,8107,0.9547162015744052,0.9291636892316072
FT_BALANCED,7,0.945,0.9309898242368178,0.9971699274024856,0.7579498690609802,0.8612572400233807,0.7961489340799686,0.0008473639612423092,0.24205013093901984,27120,23,2588,8104,0.9547162015744052,0.9291636892316072
FT_BALANCED,7,0.95,0.9309898242368178,0.9971699274024856,0.7579498690609802,0.8612572400233807,0.7961489340799686,0.0008473639612423092,0.24205013093901984,27120,23,2588,8104,0.9547162015744052,0.9291636892316072
FT_BALANCED,29,0.05,0.6076648605788292,0.4185243328100471,0.9973812196034418,0.5896273360610417,0.7812683155550346,0.5458497586854806,0.002618780396558174,12327,14816,28,10664,0.9532529226572504,0.9276318068669108
FT_BALANCED,29,0.055,0.6085899299590326,0.4190809387161445,0.9971006359895249,0.5901303589715203,0.7815180260090607,0.5444497660538629,0.0028993640104751214,12365,14778,31,10661,0.9532529226572504,0.9276318068669108
FT_BALANCED,29,0.06,0.610783665917801,0.42044020195645315,0.9969135802469136,0.5914437909222061,0.7823693482090428,0.5413182035884022,0.0030864197530864196,12450,14693,33,10659,0.9532529226572504,0.9276318068669108
FT_BALANCED,29,0.065,0.612369499141007,0.42141896701732184,0.9966329966329966,0.5923619989993886,0.7829076909513034,0.5389971631728254,0.003367003367003367,12513,14630,36,10656,0.9532529226572504,0.9276318068669108
FT_BALANCED,29,0.07,0.6133738601823708,0.42204705695951833,0.996539468761691,0.5929656630864266,0.7832946158143911,0.5375603286298494,0.003460531238309016,12552,14591,37,10655,0.9532529226572504,0.9276318068669108
FT_BALANCED,29,0.075,0.6140346240253733,0.4224654058126165,0.996539468761691,0.5933784423467826,0.7835826383679712,0.5366392808458903,0.003460531238309016,12577,14566,37,10655,0.9532529226572504,0.9276318068669108
FT_BALANCED,29,0.08,0.614986123959297,0.42306317754040423,0.9964459408903853,0.5939512195121951,0.7839472561110212,0.5352761301256309,0.003554059109614665,12614,14529,38,10654,0.9532529226572504,0.9276318068669108
FT_BALANCED,29,0.085,0.6177613320999075,0.4248225253250379,0.996258885147774,0.5956494995246883,0.7850594027298724,0.5313340456102863,0.0037411148522259632,12721,14422,40,10652,0.9532529226572504,0.9276318068669108
FT_BALANCED,29,0.09,0.618686401480111,0.42539251328352845,0.9958847736625515,0.5961425412199424,0.7852623195032374,0.5298972110673101,0.00411522633744856,12760,14383,44,10648,0.9532529226572504,0.9276318068669108
FT_BALANCED,29,0.095,0.6198229152900754,0.42611862643080123,0.9957912457912458,0.5968383878020068,0.7857100687782271,0.5282761669675423,0.004208754208754209,12804,14339,45,10647,0.9532529226572504,0.9276318068669108
FT_BALANCED,29,0.1,0.620272234703317,0.42640874684608915,0.9957912457912458,0.5971229073778077,0.7859072589574383,0.5276498544744501,0.004208754208754209,12821,14322,45,10647,0.9532529226572504,0.9276318068669108
FT_BALANCED,29,0.105,0.6208537068851593,0.42678478374153206,0.9957912457912458,0.5974915121075227,0.7861625932215907,0.5268393324245662,0.004208754208754209,12843,14300,45,10647,0.9532529226572504,0.9276318068669108
FT_BALANCED,29,0.11,0.621567331835602,0.4272413516333574,0.9956977179199401,0.5979219320415613,0.7864255532901929,0.5258077589065321,0.004302282080059858,12871,14272,46,10646,0.9532529226572504,0.9276318068669108
FT_BALANCED,29,0.115,0.6227038456455662,0.42797989949748744,0.9956977179199401,0.5986448112013946,0.786925476398149,0.5242235567181225,0.004302282080059858,12914,14229,46,10646,0.9532529226572504,0.9276318068669108
FT_BALANCED,29,0.12,0.6371349279767411,0.43747169034383365,0.9936401047512159,0.6074849186608343,0.7922091479874129,0.5032973510665734,0.006359895248784137,13482,13661,68,10624,0.9532529226572504,0.9276318068669108
FT_BALANCED,29,0.125,0.6469142328531783,0.44411850982692874,0.991208380097269,0.6133989292432355,0.7952754723777221,0.48870795416866225,0.008791619902731014,13878,13265,94,10598,0.9532529226572504,0.9276318068669108
FT_BALANCED,29,0.13,0.6564028016386944,0.4508140823459211,0.9892442947998503,0.6193710839140365,0.7985052091197342,0.474708027852485,0.010755705200149644,14258,12885,115,10577,0.9532529226572504,0.9276318068669108
FT_BALANCED,29,0.135,0.6566142460684551,0.4509469373826992,0.9887766554433222,0.6194047340051557,0.7983447109285327,0.4742290830048263,0.01122334455667789,14271,12872,120,10572,0.9532529226572504,0.9276318068669108
FT_BALANCED,29,0.14,0.657116426589137,0.4513085428851983,0.9886831275720165,0.6197273926425326,0.798522457735946,0.47349224477765905,0.01131687242798354,14291,12852,121,10571,0.9532529226572504,0.9276318068669108
FT_BALANCED,29,0.145,0.6579622043081803,0.4519177320733741,0.9884960718294051,0.6202646791279087,0.7988058347819516,0.4722396197914748,0.011503928170594837,14325,12818,123,10569,0.9532529226572504,0.9276318068669108
FT_BALANCED,29,0.15,0.6590987181181446,0.4527461228686488,0.9884025439580996,0.6210260327907386,0.7992739373770988,0.4706185756917069,0.011597456041900486,14369,12774,124,10568,0.9532529226572504,0.9276318068669108
FT_BALANCED,29,0.155,0.6603145235892692,0.4536202009791291,0.9879349046015713,0.6217552533992584,0.7995730765737125,0.4687396382124305,0.012065095398428732,14420,12723,129,10563,0.9532529226572504,0.9276318068669108
FT_BALANCED,29,0.16,0.6618210651513149,0.4547138119643396,0.987467265245043,0.6226888030432604,0.8000060618000516,0.46645543970821207,0.012532734754956977,14482,12661,134,10558,0.9532529226572504,0.9276318068669108
FT_BALANCED,29,0.165,0.6628782873001189,0.45547930424273814,0.9869996258885148,0.6233129559079768,0.8002335562734124,0.4647975536970858,0.013000374111485222,14527,12616,139,10553,0.9532529226572504,0.9276318068669108
FT_BALANCED,29,0.17,0.6652834676886481,0.45723826871367856,0.9860643471754583,0.6247703703703704,0.8008233828578374,0.4610765206498913,0.013935652824541714,14628,12515,149,10543,0.9532529226572504,0.9276318068669108
FT_BALANCED,29,0.175,0.6666842870358134,0.45826990823294045,0.9855031799476244,0.625619712037999,0.8011587415033226,0.458902847879748,0.014496820052375608,14687,12456,155,10537,0.9532529226572504,0.9276318068669108
FT_BALANCED,29,0.18,0.6693273424078234,0.4602647559963301,0.9853161242050131,0.6274381346594801,0.8022754618700215,0.45514497292119516,0.014683875794986907,14789,12354,157,10535,0.9532529226572504,0.9276318068669108
FT_BALANCED,29,0.185,0.6802167305405048,0.46849388687357246,0.9783950617283951,0.6335968020350685,0.803493248536799,0.4372398040010316,0.021604938271604937,15275,11868,231,10461,0.9532529226572504,0.9276318068669108
FT_BALANCED,29,0.19,0.6913439936566671,0.47740604949587534,0.9742798353909465,0.6408095472440944,0.8064191490679383,0.42010831521939357,0.0257201646090535,15740,11403,275,10417,0.9532529226572504,0.9276318068669108
FT_BALANCED,29,0.195,0.6963393683097661,0.481526123035557,0.971473999251777,0.6438954839909494,0.80720869146241,0.41203993663191246,0.02852600074822297,15959,11184,305,10387,0.9532529226572504,0.9276318068669108
FT_BALANCED,29,0.2,0.7019162151447073,0.4862492960390464,0.9690422745978301,0.6475624999999999,0.8084930395155753,0.40330840363998083,0.030957725402169848,16196,10947,331,10361,0.9532529226572504,0.9276318068669108
FT_BALANCED,29,0.205,0.7046385621778777,0.4886004248288884,0.9681069958847737,0.6494337610189165,0.8092661798508279,0.399145267656486,0.03189300411522634,16309,10834,341,10351,0.9532529226572504,0.9276318068669108
FT_BALANCED,29,0.21,0.7070173120126867,0.49067350135269827,0.9668911335578002,0.6509870596013979,0.8097185018092954,0.39535055078657483,0.03310886644219978,16412,10731,354,10338,0.9532529226572504,0.9276318068669108
FT_BALANCED,29,0.215,0.7085238535747324,0.4919984759001715,0.966142910587355,0.6519818227720272,0.8100181920833073,0.3929558265482813,0.03385708941264497,16477,10666,362,10330,0.9532529226572504,0.9276318068669108
FT_BALANCED,29,0.22,0.7103475617814193,0.4936182417897605,0.9657687991021324,0.6533168833633861,0.8106834989872345,0.39026636701912093,0.03423120089786756,16550,10593,366,10326,0.9532529226572504,0.9276318068669108
FT_BALANCED,29,0.225,0.7114047839302233,0.49455870367706983,0.964833520389076,0.6539253906373808,0.8106621402863564,0.3884242714512029,0.035166479610924055,16600,10543,376,10316,0.9532529226572504,0.9276318068669108
FT_BALANCED,29,0.23,0.7167966168891238,0.4994412864985668,0.9614665170220725,0.6573940847322142,0.8113526226894602,0.3795822127251962,0.03853348297792742,16840,10303,412,10280,0.9532529226572504,0.9276318068669108
FT_BALANCED,29,0.235,0.718699616756971,0.5011958803143457,0.9603441825664047,0.6586484492767568,0.8116354438384318,0.37648749217109384,0.03965581743359521,16924,10219,424,10268,0.9532529226572504,0.9276318068669108
FT_BALANCED,29,0.24,0.7208669221620193,0.5032118864316187,0.9597830153385709,0.6602541418690687,0.8123683918873988,0.37324540397155803,0.0402169846614291,17012,10131,430,10262,0.9532529226572504,0.9276318068669108
FT_BALANCED,29,0.245,0.7232985331042685,0.5054993834771887,0.9585671530115975,0.6619304420835083,0.812857890646067,0.36937700327893014,0.04143284698840254,17117,10026,443,10249,0.9532529226572504,0.9276318068669108
FT_BALANCED,29,0.25,0.7269988106250826,0.5090356947279335,0.9563224841002619,0.6644140485395886,0.8133800015909635,0.36333492981615884,0.043677515899738124,17281,9862,467,10225,0.9532529226572504,0.9276318068669108
FT_BALANCED,29,0.255,0.732364213030263,0.5142655509627987,0.954171343060232,0.6683262364886996,0.8147781362808677,0.35500865784916924,0.04582865693976805,17507,9636,490,10202,0.9532529226572504,0.9276318068669108
FT_BALANCED,29,0.26,0.7408748513281354,0.5229173118612573,0.9475308641975309,0.6739173817601277,0.815149174471372,0.34052978668533324,0.05246913580246913,17900,9243,561,10131,0.9532529226572504,0.9276318068669108
FT_BALANCED,29,0.265,0.7521342672128981,0.534891131173659,0.9420127197904976,0.6823385949461419,0.8175590116562226,0.32266145967652804,0.05798728020950243,18385,8758,620,10072,0.9532529226572504,0.9276318068669108
FT_BALANCED,29,0.27,0.7625479053786177,0.546651371135147,0.9359334081556304,0.6901855300365543,0.8192520548842387,0.3057510223630402,0.06406659184436962,18844,8299,685,10007,0.9532529226572504,0.9276318068669108
FT_BALANCED,29,0.275,0.7775604598916347,0.5648876724826092,0.9265806210250654,0.7018774353524619,0.8213942227970682,0.2811406255756549,0.07341937897493453,19512,7631,785,9907,0.9532529226572504,0.9276318068669108
FT_BALANCED,29,0.28,0.801850138760407,0.5982653626130282,0.909652076318743,0.7218078592897695,0.8238881829733163,0.24061452308145748,0.09034792368125702,20612,6531,966,9726,0.9532529226572504,0.9276318068669108
FT_BALANCED,29,0.285,0.8145368045460553,0.6177658142664872,0.9015151515151515,0.7331431831146605,0.8256668551164106,0.21972515934126663,0.09848484848484848,21179,5964,1053,9639,0.9532529226572504,0.9276318068669108
FT_BALANCED,29,0.29,0.8229945817364874,0.63197885695408,0.8945940890385334,0.7406977194408951,0.8259502961849989,0.2052094462660723,0.10540591096146652,21573,5570,1127,9565,0.9532529226572504,0.9276318068669108
FT_BALANCED,29,0.295,0.8511166908946742,0.6847564093199913,0.8768237934904601,0.7689783865808146,0.8302484989107138,0.15900968942268726,0.12317620650953984,22827,4316,1317,9375,0.9532529226572504,0.9276318068669108
FT_BALANCED,29,0.3,0.8669750231267345,0.7196305208414189,0.8670968948746727,0.7865111346765642,0.8329589764784101,0.13307298382640093,0.13290310512532735,23531,3612,1421,9271,0.9532529226572504,0.9276318068669108
FT_BALANCED,29,0.305,0.8794502444826219,0.751003029558667,0.8578376356154134,0.8008731717965509,0.8341063276404577,0.11203625244077663,0.1421623643845866,24102,3041,1520,9172,0.9532529226572504,0.9276318068669108
FT_BALANCED,29,0.31,0.8866129245407691,0.7709038591740014,0.8519453797231575,0.8094011018304603,0.8344020225707167,0.09973105404708396,0.1480546202768425,24436,2707,1583,9109,0.9532529226572504,0.9276318068669108
FT_BALANCED,29,0.315,0.8897581604334611,0.7812958329738591,0.8469884025439581,0.8128169456536374,0.8329807391600287,0.09339424529344582,0.1530115974560419,24608,2535,1636,9056,0.9532529226572504,0.9276318068669108
FT_BALANCED,29,0.32,0.8904717853839038,0.7837088388214904,0.8458660680882903,0.8136020151133501,0.8326581719083744,0.09195741075046973,0.15413393191170968,24647,2496,1648,9044,0.9532529226572504,0.9276318068669108
FT_BALANCED,29,0.325,0.8911854103343465,0.7858944256022263,0.8452113729891507,0.8144743364427021,0.8326423056369432,0.09070478576428545,0.15478862701084922,24681,2462,1655,9037,0.9532529226572504,0.9276318068669108
FT_BALANCED,29,0.33,0.8918197436236289,0.7877387285253336,0.8448372615039281,0.8152894986235841,0.8327648197658337,0.08967321224625134,0.15516273849607182,24709,2434,1659,9033,0.9532529226572504,0.9276318068669108
FT_BALANCED,29,0.335,0.8925597991277917,0.7899203779858255,0.8443696221474,0.8162379639256815,0.8328874291934978,0.08845742917142542,0.1556303778526001,24742,2401,1664,9028,0.9532529226572504,0.9276318068669108
FT_BALANCED,29,0.34,0.8927976741112726,0.7907975460122699,0.8439019827908717,0.8164871957288933,0.8327180774484109,0.08794164241240836,0.15609801720912833,24756,2387,1669,9023,0.9532529226572504,0.9276318068669108
FT_BALANCED,29,0.345,0.8933527157393948,0.7927698126484299,0.8429667040778152,0.8170980463260958,0.8324251436171195,0.08679954316029916,0.15703329592218482,24787,2356,1679,9013,0.9532529226572504,0.9276318068669108
FT_BALANCED,29,0.35,0.8935377296154354,0.7935165609584214,0.842499064721287,0.8172745418254399,0.8322246858832225,0.08635744022399883,0.15750093527871306,24799,2344,1684,9008,0.9532529226572504,0.9276318068669108
FT_BALANCED,29,0.355,0.8936963129377561,0.7944032485875706,0.8416573138795361,0.8173478655767484,0.8317620526471459,0.0858048115536234,0.1583426861204639,24814,2329,1693,8999,0.9532529226572504,0.9276318068669108
FT_BALANCED,29,0.36,0.8938548962600766,0.7952937013446567,0.8408155630377853,0.8174213493362429,0.831299008729102,0.08525218288324798,0.15918443696221474,24829,2314,1702,8990,0.9532529226572504,0.9276318068669108
FT_BALANCED,29,0.365,0.8941984934584379,0.7964719439765978,0.840347923681257,0.81782187229782,0.8311902162852226,0.08458902847879748,0.15965207631874298,24847,2296,1707,8985,0.9532529226572504,0.9276318068669108
FT_BALANCED,29,0.37,0.8946742434253998,0.7979035266945012,0.8400673400673401,0.8184427536562031,0.8312818139750117,0.08381534834027189,0.15993265993265993,24868,2275,1710,8982,0.9532529226572504,0.9276318068669108
FT_BALANCED,29,0.375,0.8948063961940003,0.798576512455516,0.8395061728395061,0.8185300018238191,0.8309880017775143,0.08341008731532992,0.16049382716049382,24879,2264,1716,8976,0.9532529226572504,0.9276318068669108
FT_BALANCED,29,0.38,0.8952028544998017,0.8000713712195557,0.8387579498690609,0.8189580384457331,0.8307241973433128,0.08256272335408761,0.161242050130939,24902,2241,1724,8968,0.9532529226572504,0.9276318068669108
FT_BALANCED,29,0.385,0.8959429100039645,0.8022912378054238,0.8383838383838383,0.8199405442487994,0.830907843755214,0.08138378219062005,0.16161616161616163,24934,2209,1728,8964,0.9532529226572504,0.9276318068669108
FT_BALANCED,29,0.39,0.8964450905246465,0.8038758298941324,0.8380097268986157,0.8205879659309461,0.8309529992209816,0.08053641822937774,0.16199027310138422,24957,2186,1732,8960,0.9532529226572504,0.9276318068669108
FT_BALANCED,29,0.395,0.8970265627064887,0.8058505850585058,0.8373550317994762,0.8213007980919181,0.8308586064813096,0.07946800279998527,0.16264496820052377,24986,2157,1739,8953,0.9532529226572504,0.9276318068669108
FT_BALANCED,29,0.4,0.8977666182106515,0.8080534488985193,0.8370744481855593,0.8223079750091877,0.8311046727583388,0.07832590354787607,0.1629255518144407,25017,2126,1742,8950,0.9532529226572504,0.9276318068669108
FT_BALANCED,29,0.405,0.8982687987313335,0.8097781801720235,0.8365132809577254,0.8229286470074066,0.8310259602698232,0.07740485576391704,0.1634867190422746,25042,2101,1748,8944,0.9532529226572504,0.9276318068669108
FT_BALANCED,29,0.41,0.898691687590855,0.8114612660067205,0.8356715301159746,0.8233884716398655,0.8307145911973077,0.076483807979958,0.16432846988402544,25067,2076,1757,8935,0.9532529226572504,0.9276318068669108
FT_BALANCED,29,0.415,0.8996167569710586,0.8147370343316289,0.8345491956603067,0.8245241175383476,0.8305100521221147,0.07475223814611502,0.16545080433969322,25114,2029,1769,8923,0.9532529226572504,0.9276318068669108
FT_BALANCED,29,0.42,0.9020483679133078,0.8236057068741893,0.8314627759072204,0.8275155915479847,0.829879392106344,0.07014699922631987,0.16853722409277966,25239,1904,1802,8890,0.9532529226572504,0.9276318068669108
FT_BALANCED,29,0.425,0.904479978855557,0.8328630549285176,0.8281893004115226,0.8305196023260176,0.8291198501872659,0.06546807648380798,0.17181069958847736,25366,1777,1837,8855,0.9532529226572504,0.9276318068669108
FT_BALANCED,29,0.43,0.9062508259548038,0.8396235383591596,0.8260381593714927,0.8327754467021827,0.8287199504569595,0.062152304461555466,0.1739618406285073,25456,1687,1860,8832,0.9532529226572504,0.9276318068669108
FT_BALANCED,29,0.435,0.908682436897053,0.8485695019747616,0.8238870183314628,0.836046125373701,0.828707971927976,0.05791548465534392,0.17611298166853723,25571,1572,1883,8809,0.9532529226572504,0.9276318068669108
FT_BALANCED,29,0.44,0.9111140478393023,0.8588776809323279,0.8202394313505424,0.8391140027747214,0.8276864417976934,0.053089194267398596,0.17976056864945753,25702,1441,1922,8770,0.9532529226572504,0.9276318068669108
FT_BALANCED,29,0.445,0.9133342143517906,0.8693572496263079,0.8159371492704826,0.8418005500072369,0.8260894267371172,0.04829974579081163,0.1840628507295174,25832,1311,1968,8724,0.9532529226572504,0.9276318068669108
FT_BALANCED,29,0.45,0.9156865336328797,0.879886570791979,0.8125701459034792,0.8448896236506858,0.8251966110710078,0.04369450687101647,0.18742985409652077,25957,1186,2004,8688,0.9532529226572504,0.9276318068669108
FT_BALANCED,29,0.455,0.9165587419056429,0.8842427332993371,0.8108866442199776,0.8459774601161146,0.8245677438989596,0.04181556939174004,0.18911335578002245,26008,1135,2022,8670,0.9532529226572504,0.9276318068669108
FT_BALANCED,29,0.46,0.9174573807321263,0.8880344509381729,0.8100448933782267,0.8472487160674981,0.8245273319243731,0.04023136720333051,0.18995510662177328,26051,1092,2031,8661,0.9532529226572504,0.9276318068669108
FT_BALANCED,29,0.465,0.918144575128849,0.8911319394376351,0.8092031425364759,0.848193715994314,0.8243611486937134,0.03894190030578786,0.19079685746352412,26086,1057,2040,8652,0.9532529226572504,0.9276318068669108
FT_BALANCED,29,0.47,0.9191225056164927,0.8951128598053427,0.8085484474373363,0.8496314496314495,0.8244954793423112,0.03732085620601997,0.19145155256266366,26130,1013,2047,8645,0.9532529226572504,0.9276318068669108
FT_BALANCED,29,0.475,0.9196511166908947,0.8979613064281257,0.8074261129816686,0.8502905545159066,0.8240426100568898,0.03614191504255241,0.19257388701833147,26162,981,2059,8633,0.9532529226572504,0.9276318068669108
FT_BALANCED,29,0.48,0.920523324963658,0.9018090557356478,0.8065843621399177,0.8515428289311282,0.8239857828056029,0.03459455476550123,0.1934156378600823,26204,939,2068,8624,0.9532529226572504,0.9276318068669108
FT_BALANCED,29,0.485,0.9212369499141007,0.905212274064733,0.8056490834268613,0.8525336500395883,0.8237701782572106,0.033231404045241865,0.1943509165731388,26241,902,2078,8614,0.9532529226572504,0.9276318068669108
FT_BALANCED,29,0.49,0.9216598387736223,0.9074230282581189,0.8049008604564161,0.8530927835051547,0.8235091479751971,0.032347198172641194,0.195099139543584,26265,878,2086,8606,0.9532529226572504,0.9276318068669108
FT_BALANCED,29,0.495,0.9222413109554645,0.9104872881355932,0.8038720538720538,0.8538644943373733,0.8231497088568802,0.031131415097815276,0.19612794612794612,26298,845,2097,8595,0.9532529226572504,0.9276318068669108
FT_BALANCED,29,0.5,0.9224791859389454,0.9119677179568865,0.8032173587729143,0.8541449102391965,0.8228418127814506,0.030541944516081495,0.19678264122708566,26314,829,2104,8588,0.9532529226572504,0.9276318068669108
FT_BALANCED,29,0.505,0.9228492136910268,0.9140300415468201,0.8024691358024691,0.8546242342746153,0.8225481737129708,0.029731422466197546,0.19753086419753085,26336,807,2112,8580,0.9532529226572504,0.9276318068669108
FT_BALANCED,29,0.51,0.922902074798467,0.9157309378676077,0.8008791619902731,0.8544629047547773,0.8214854467660546,0.029031426150388683,0.1991208380097269,26355,788,2129,8563,0.9532529226572504,0.9276318068669108
FT_BALANCED,29,0.515,0.9231399497819479,0.9173279004932446,0.8001309390198279,0.8547307423319013,0.8211118362959264,0.02840511365729654,0.1998690609801721,26372,771,2137,8555,0.9532529226572504,0.9276318068669108
FT_BALANCED,29,0.52,0.9235099775340293,0.9197889750215331,0.7990086045641601,0.8551551551551552,0.8205586291685877,0.02744722396197915,0.20099139543583988,26398,745,2149,8543,0.9532529226572504,0.9276318068669108
FT_BALANCED,29,0.525,0.92369499141007,0.9220287660862982,0.7974186307519641,0.8552083855760068,0.8195712775161011,0.026563018089378478,0.2025813692480359,26422,721,2166,8526,0.9532529226572504,0.9276318068669108
FT_BALANCED,29,0.53,0.9240914497158715,0.9243542435424354,0.7965768799102132,0.8557218928966139,0.819225885883575,0.025678812216777806,0.20342312008978675,26446,697,2175,8517,0.9532529226572504,0.9276318068669108
FT_BALANCED,29,0.535,0.9244086163605127,0.9263008926627476,0.795828656939768,0.8561223463125062,0.8188974862378258,0.02494197398961058,0.20417134306023194,26466,677,2183,8509,0.9532529226572504,0.9276318068669108
FT_BALANCED,29,0.54,0.9248315052200343,0.9283842794759826,0.7953610175832398,0.8567398750755592,0.8188260668618087,0.024168293851084995,0.2046389824167602,26487,656,2188,8504,0.9532529226572504,0.9276318068669108
FT_BALANCED,29,0.545,0.9252015329721157,0.9306529360210342,0.794519266741489,0.8572149344096872,0.8184638507784799,0.023320929889842686,0.20548073325851104,26510,633,2197,8495,0.9532529226572504,0.9276318068669108
FT_BALANCED,29,0.55,0.9256244218316374,0.9328571428571428,0.793958099513655,0.857821341956346,0.818327292357523,0.022510407839958738,0.20604190048634494,26532,611,2203,8489,0.9532529226572504,0.9276318068669108
FT_BALANCED,29,0.555,0.9261530329060393,0.9354874283193648,0.7933969322858212,0.8586032388663968,0.8182537232811175,0.021552518144641344,0.20660306771417883,26558,585,2209,8483,0.9532529226572504,0.9276318068669108
FT_BALANCED,29,0.56,0.9262323245671997,0.9368572376423753,0.792368125701459,0.8585761337724854,0.8175869988998475,0.021036731385624285,0.20763187429854096,26572,571,2220,8472,0.9532529226572504,0.9276318068669108
FT_BALANCED,29,0.565,0.9265494912118409,0.9381991361169565,0.7922745978301534,0.8590842249378835,0.8177114504701044,0.02055778653796559,0.2077254021698466,26585,558,2221,8471,0.9532529226572504,0.9276318068669108
FT_BALANCED,29,0.57,0.9267609356416017,0.9393233499722684,0.7919940142162364,0.8593900644441061,0.8176428557634744,0.020152525513023614,0.20800598578376356,26596,547,2224,8468,0.9532529226572504,0.9276318068669108
FT_BALANCED,29,0.575,0.9271838245011232,0.9412876681863672,0.7917134306023195,0.8600457200914401,0.8177005853828172,0.01945252919721475,0.2082865693976805,26615,528,2227,8465,0.9532529226572504,0.9276318068669108
FT_BALANCED,29,0.58,0.9273952689308841,0.9424212050339682,0.7914328469884025,0.8603528036195415,0.8176319400158463,0.01904726817227278,0.20856715301159745,26626,517,2230,8462,0.9532529226572504,0.9276318068669108
FT_BALANCED,29,0.585,0.9285053521871284,0.948556666292261,0.7898428731762065,0.8619545802500638,0.8171895260397515,0.016873595402129463,0.21015712682379348,26685,458,2247,8445,0.9532529226572504,0.9276318068669108
FT_BALANCED,29,0.59,0.9287696577243293,0.9506367632142455,0.7889075944631501,0.8622540250447227,0.8166960360953506,0.016136757174962237,0.21109240553685,26705,438,2257,8435,0.9532529226572504,0.9276318068669108
FT_BALANCED,29,0.595,0.9290868243689705,0.9523325426409127,0.7885334829779275,0.8627270401637248,0.8166250169504659,0.015547286593228456,0.2114665170220726,26721,422,2261,8431,0.9532529226572504,0.9276318068669108
FT_BALANCED,29,0.6,0.9292189771375711,0.9534857401539159,0.7879723157500935,0.8628635804997952,0.8163126889388419,0.015142025568286482,0.21202768424990648,26732,411,2267,8425,0.9532529226572504,0.9276318068669108
FT_BALANCED,29,0.605,0.9295890048896525,0.9554118447923757,0.7875982042648709,0.8634266379575515,0.8162731185297196,0.01447887116383598,0.21240179573512907,26750,393,2271,8421,0.9532529226572504,0.9276318068669108
FT_BALANCED,29,0.61,0.930011893749174,0.9578779599271403,0.7869435091657314,0.8640377901006367,0.8160692116697703,0.01363150720259367,0.2130564908342686,26773,370,2278,8414,0.9532529226572504,0.9276318068669108
FT_BALANCED,29,0.615,0.9306990881458966,0.9626232515478101,0.7852600074822297,0.8649428247656329,0.8153039425131092,0.012010463102825775,0.2147399925177703,26817,326,2296,8396,0.9532529226572504,0.9276318068669108
FT_BALANCED,29,0.62,0.9305933659310163,0.9635632183908046,0.7840441451552562,0.8645833333333334,0.8143895235874717,0.011678885900600523,0.21595585484474372,26826,317,2309,8383,0.9532529226572504,0.9276318068669108
FT_BALANCED,29,0.625,0.9309105325756575,0.9660743134087237,0.7830153385708941,0.8649653889864655,0.8138585371544116,0.010831521939358215,0.21698466142910589,26849,294,2320,8372,0.9532529226572504,0.9276318068669108
FT_BALANCED,29,0.63,0.9311219770054182,0.9675069380203515,0.7825476992143658,0.8652533609100309,0.8136572273222343,0.010352577091699518,0.21745230078563413,26862,281,2325,8367,0.9532529226572504,0.9276318068669108
FT_BALANCED,29,0.635,0.9314920047574997,0.9698375870069605,0.7818930041152263,0.8657829328914665,0.8134194753638982,0.00957889695317393,0.21810699588477367,26883,260,2332,8360,0.9532529226572504,0.9276318068669108
FT_BALANCED,29,0.64,0.9315977269723801,0.9719310505474027,0.7804900860456416,0.8657537088909637,0.8124975659150212,0.008878900637365067,0.2195099139543584,26902,241,2347,8345,0.9532529226572504,0.9276318068669108
FT_BALANCED,29,0.645,0.9318884630633012,0.9743949491406524,0.7794612794612794,0.866095089633671,0.8119483252469749,0.008068378587481119,0.22053872053872053,26924,219,2358,8334,0.9532529226572504,0.9276318068669108
FT_BALANCED,29,0.65,0.9320470463856217,0.9759699917946314,0.7787130564908342,0.8662539666025074,0.8115167936996823,0.00755259182846406,0.22128694350916572,26938,205,2366,8326,0.9532529226572504,0.9276318068669108
FT_BALANCED,29,0.655,0.9323113519228228,0.9779005524861878,0.7780583613916947,0.8666076358143654,0.8112140419307655,0.006926279335371919,0.22194163860830526,26955,188,2373,8319,0.9532529226572504,0.9276318068669108
FT_BALANCED,29,0.66,0.932364213030263,0.9792575132586918,0.7771230826786383,0.8665588986807112,0.8105866973640568,0.006484176399071583,0.22287691732136178,26967,176,2383,8309,0.9532529226572504,0.9276318068669108
FT_BALANCED,29,0.665,0.932364213030263,0.9809580130100533,0.7757201646090535,0.8663498198151146,0.8095972512347968,0.005931547728696165,0.2242798353909465,26982,161,2398,8294,0.9532529226572504,0.9276318068669108
FT_BALANCED,29,0.67,0.9325492269063037,0.982685009487666,0.7749719416386083,0.8665551139928884,0.8091796874999998,0.005378919058320746,0.2250280583613917,26997,146,2406,8286,0.9532529226572504,0.9276318068669108
FT_BALANCED,29,0.675,0.9324435046914232,0.9831353919239905,0.7742237186681631,0.8662620343239849,0.8085879503008518,0.005231551412887301,0.2257762813318369,27001,142,2414,8278,0.9532529226572504,0.9276318068669108
FT_BALANCED,29,0.68,0.9324170741377031,0.9835929140411366,0.7737560793116348,0.8661466785321675,0.8082416616190233,0.005084183767453856,0.22624392068836513,27005,138,2419,8273,0.9532529226572504,0.9276318068669108
FT_BALANCED,29,0.685,0.9324435046914232,0.9841704356105689,0.7733819678264122,0.8661359589399811,0.8079929646277114,0.004899974210662049,0.22661803217358772,27010,133,2423,8269,0.9532529226572504,0.9276318068669108
FT_BALANCED,29,0.69,0.9325492269063037,0.9847546450690805,0.7732884399551067,0.866303436714166,0.8079899929638026,0.0047157646538702426,0.22671156004489337,27015,128,2424,8268,0.9532529226572504,0.9276318068669108
FT_BALANCED,29,0.695,0.9326020880137439,0.9852205005959476,0.7731013842124953,0.866366208992768,0.8078892841784276,0.004568397008436797,0.22689861578750467,27019,124,2426,8266,0.9532529226572504,0.9276318068669108
FT_BALANCED,29,0.7,0.9326020880137439,0.9855677480916031,0.7728208005985784,0.8663241769763054,0.8076908038786362,0.004457871274361714,0.22717919940142162,27022,121,2429,8263,0.9532529226572504,0.9276318068669108
FT_BALANCED,29,0.705,0.9326813796749042,0.9859205345424173,0.7728208005985784,0.8664604414617522,0.8077381766994469,0.00434734554028663,0.22717919940142162,27025,118,2429,8263,0.9532529226572504,0.9276318068669108
FT_BALANCED,29,0.71,0.9327342407823443,0.9861558658551139,0.7728208005985784,0.8665513082690998,0.8077697616673508,0.004273661717569908,0.22717919940142162,27027,116,2429,8263,0.9532529226572504,0.9276318068669108
FT_BALANCED,29,0.715,0.9327078102286243,0.9863864342010986,0.7725402169846615,0.8664638623728101,0.8075554338899534,0.004199977894853185,0.22745978301533856,27029,114,2432,8260,0.9532529226572504,0.9276318068669108
FT_BALANCED,29,0.72,0.9326813796749042,0.9863848083124328,0.7724466891133558,0.8664044059795436,0.807473455740013,0.004199977894853185,0.2275533108866442,27029,114,2433,8259,0.9532529226572504,0.9276318068669108
FT_BALANCED,29,0.725,0.9327078102286243,0.9867351816443595,0.7722596333707444,0.8664218258132215,0.8073568523153942,0.004089452160778101,0.2277403666292555,27032,111,2435,8257,0.9532529226572504,0.9276318068669108
FT_BALANCED,29,0.73,0.9327342407823443,0.9870859739327993,0.7720725776281332,0.8664392547887694,0.8072402260859362,0.003978926426703017,0.2279274223718668,27035,108,2437,8255,0.9532529226572504,0.9276318068669108
FT_BALANCED,29,0.735,0.9327078102286243,0.9870844295623057,0.7719790497568275,0.8663797627794689,0.807158224134559,0.003978926426703017,0.22802095024317245,27035,108,2438,8254,0.9532529226572504,0.9276318068669108
FT_BALANCED,29,0.74,0.9327078102286243,0.9870844295623057,0.7719790497568275,0.8663797627794689,0.807158224134559,0.003978926426703017,0.22802095024317245,27035,108,2438,8254,0.9532529226572504,0.9276318068669108
FT_BALANCED,29,0.745,0.9326813796749042,0.9870828848223897,0.7718855218855218,0.8663202645252714,0.8070762189755324,0.003978926426703017,0.2281144781144781,27035,108,2439,8253,0.9532529226572504,0.9276318068669108
FT_BALANCED,29,0.75,0.9326813796749042,0.9870828848223897,0.7718855218855218,0.8663202645252714,0.8070762189755324,0.003978926426703017,0.2281144781144781,27035,108,2439,8253,0.9532529226572504,0.9276318068669108
FT_BALANCED,29,0.755,0.9326813796749042,0.9871994257686326,0.7717919940142163,0.8663062306440606,0.807009994719033,0.003942084515344656,0.22820800598578375,27036,107,2440,8252,0.9532529226572504,0.9276318068669108
FT_BALANCED,29,0.76,0.9326813796749042,0.9873160224961111,0.7716984661429106,0.8662921938159484,0.8069437652811737,0.0039052426039862947,0.2283015338570894,27037,106,2441,8251,0.9532529226572504,0.9276318068669108
FT_BALANCED,29,0.765,0.9326549491211841,0.9874311706966723,0.7715114104002992,0.8662186285834296,0.8067955087829114,0.0038684006926279334,0.2284885895997007,27038,105,2443,8249,0.9532529226572504,0.9276318068669108
FT_BALANCED,29,0.77,0.9326813796749042,0.9875493834550461,0.7715114104002992,0.8662641113153058,0.8068112908589425,0.003831558781269572,0.2284885895997007,27039,104,2443,8249,0.9532529226572504,0.9276318068669108
FT_BALANCED,29,0.775,0.9327342407823443,0.9877858939049216,0.7715114104002992,0.8663550911095942,0.8068428568633972,0.0037578749585528495,0.2284885895997007,27041,102,2443,8249,0.9532529226572504,0.9276318068669108
FT_BALANCED,29,0.78,0.9327078102286243,0.9880182123172777,0.7712308267863823,0.8662674650698603,0.806628321007943,0.0036841911358361274,0.22876917321361767,27043,100,2446,8246,0.9532529226572504,0.9276318068669108
FT_BALANCED,29,0.785,0.9326020880137439,0.9880124670342844,0.7708567153011597,0.8660292108857832,0.8063001369594991,0.0036841911358361274,0.22914328469884027,27043,100,2450,8242,0.9532529226572504,0.9276318068669108
FT_BALANCED,29,0.79,0.932628518567464,0.9882479913658712,0.7707631874298541,0.8660606379065734,0.8062496331226642,0.0036105073131194047,0.22923681257014591,27045,98,2451,8241,0.9532529226572504,0.9276318068669108
FT_BALANCED,29,0.795,0.9326549491211841,0.988366514751739,0.7707631874298541,0.866106148187073,0.8062654091496105,0.0035736654017610434,0.22923681257014591,27046,97,2451,8241,0.9532529226572504,0.9276318068669108
FT_BALANCED,29,0.8,0.932628518567464,0.988951603218446,0.7702020202020202,0.8659761291340239,0.8058518446031901,0.003389455844969237,0.2297979797979798,27051,92,2457,8235,0.9532529226572504,0.9276318068669108
FT_BALANCED,29,0.805,0.9325756574600238,0.9889489489489489,0.7700149644594089,0.8658568649103433,0.8056876675865577,0.003389455844969237,0.2299850355405911,27051,92,2459,8233,0.9532529226572504,0.9276318068669108
FT_BALANCED,29,0.81,0.9325227963525836,0.9889462934038208,0.7698279087167976,0.865737575598212,0.8055234777162319,0.003389455844969237,0.2301720912832024,27051,92,2461,8231,0.9532529226572504,0.9276318068669108
FT_BALANCED,29,0.815,0.9324435046914232,0.9891774891774892,0.7693602693602694,0.865530303030303,0.8051444679351657,0.0033157720222525143,0.23063973063973064,27053,90,2466,8226,0.9532529226572504,0.9276318068669108
FT_BALANCED,29,0.82,0.9324170741377031,0.9894116231500422,0.7690796857463524,0.8654422985844341,0.8049296188257405,0.0032420881995357917,0.2309203142536476,27055,88,2469,8223,0.9532529226572504,0.9276318068669108
FT_BALANCED,29,0.825,0.932390643583983,0.989410348977136,0.7689861578750468,0.8653825913061782,0.8048474881553703,0.0032420881995357917,0.23101384212495324,27055,88,2470,8222,0.9532529226572504,0.9276318068669108
FT_BALANCED,29,0.83,0.9323113519228228,0.9895243829018664,0.7686120463898242,0.86518924040638,0.8045346856460361,0.003205246288177431,0.23138795361017583,27056,87,2474,8218,0.9532529226572504,0.9276318068669108
FT_BALANCED,29,0.835,0.9322849213691027,0.9899951783992286,0.7681444070332959,0.865072677480514,0.8041869027103242,0.0030578786427439856,0.23185559296670408,27060,83,2479,8213,0.9532529226572504,0.9276318068669108
FT_BALANCED,29,0.84,0.9321527686005022,0.9899891448558678,0.7676767676767676,0.8647737449296738,0.8037760238155858,0.0030578786427439856,0.23232323232323232,27060,83,2484,8208,0.9532529226572504,0.9276318068669108
FT_BALANCED,29,0.845,0.9320734769393418,0.9912896201306557,0.7663673774784886,0.8644371769173963,0.8027981345769487,0.0026526176178020117,0.2336326225215114,27071,72,2498,8194,0.9532529226572504,0.9276318068669108
FT_BALANCED,29,0.85,0.9320734769393418,0.9915274751876059,0.7661803217358772,0.8644085681122717,0.8026650989613953,0.002578933795085289,0.2338196782641227,27073,70,2500,8192,0.9532529226572504,0.9276318068669108
FT_BALANCED,29,0.855,0.9319941852781816,0.9915243976268313,0.7658997381219603,0.8642288005909978,0.8024183275520803,0.002578933795085289,0.23410026187803964,27073,70,2503,8189,0.9532529226572504,0.9276318068669108
FT_BALANCED,29,0.86,0.9320206158319017,0.9917635658914729,0.7658062102506547,0.8642600802195481,0.8023675133270618,0.0025052499723685665,0.2341937897493453,27075,68,2504,8188,0.9532529226572504,0.9276318068669108
FT_BALANCED,29,0.865,0.931835601955861,0.9917565765547339,0.7651515151515151,0.8638403463386305,0.8017915596761863,0.0025052499723685665,0.23484848484848486,27075,68,2511,8181,0.9532529226572504,0.9276318068669108
FT_BALANCED,29,0.87,0.9317034491872604,0.9922292374939291,0.7643097643097643,0.8634826711749789,0.8011136381460277,0.0023578823269351213,0.2356902356902357,27079,64,2520,8172,0.9532529226572504,0.9276318068669108
FT_BALANCED,29,0.875,0.9314920047574997,0.9929406037000974,0.7630003741114852,0.8629151681827798,0.8000549191903342,0.002136830858784954,0.23699962588851478,27085,58,2534,8158,0.9532529226572504,0.9276318068669108
FT_BALANCED,29,0.88,0.9314920047574997,0.9937820043891734,0.7623456790123457,0.8628135916163862,0.7995879929370218,0.0018789374792764248,0.23765432098765432,27092,51,2541,8151,0.9532529226572504,0.9276318068669108
FT_BALANCED,29,0.885,0.9314655742037796,0.9945048235437782,0.7616909839132061,0.8626661723425666,0.7991051278528956,0.0016578860111262572,0.23830901608679386,27098,45,2548,8144,0.9532529226572504,0.9276318068669108
FT_BALANCED,29,0.89,0.9314920047574997,0.9951100244498777,0.7613168724279835,0.8626536668079695,0.7988537332181832,0.0014736764543344509,0.23868312757201646,27103,40,2552,8140,0.9532529226572504,0.9276318068669108
FT_BALANCED,29,0.895,0.9312805603277389,0.9957118353344768,0.76010101010101,0.8620982284926275,0.79785980757903,0.0012894668975426446,0.2398989898989899,27108,35,2565,8127,0.9532529226572504,0.9276318068669108
FT_BALANCED,29,0.9,0.9312541297740188,0.9960760269773146,0.7597268986157875,0.8619939512919829,0.7975767334995975,0.0011789411634675606,0.24027310138421248,27111,32,2569,8123,0.9532529226572504,0.9276318068669108
FT_BALANCED,29,0.905,0.9312276992202987,0.9961972522080471,0.7595398428731762,0.8619189131819148,0.7974273369992144,0.0011420992521091993,0.24046015712682378,27112,31,2571,8121,0.9532529226572504,0.9276318068669108
FT_BALANCED,29,0.91,0.9311219770054182,0.9963172109010557,0.759072203516648,0.8616625968786494,0.7970302863652433,0.0011052573407508383,0.24092779648335205,27113,30,2576,8116,0.9532529226572504,0.9276318068669108
FT_BALANCED,29,0.915,0.9310955464516981,0.9965606190885641,0.758791619902731,0.8615727711994904,0.7968139228820051,0.0010315735180341156,0.241208380097269,27115,28,2579,8113,0.9532529226572504,0.9276318068669108
FT_BALANCED,29,0.92,0.9311219770054182,0.9966830466830466,0.758791619902731,0.8616185216652507,0.7968295749194625,0.0009947316066757543,0.241208380097269,27116,27,2579,8113,0.9532529226572504,0.9276318068669108
FT_BALANCED,29,0.925,0.9311219770054182,0.9966830466830466,0.758791619902731,0.8616185216652507,0.7968295749194625,0.0009947316066757543,0.241208380097269,27116,27,2579,8113,0.9532529226572504,0.9276318068669108
FT_BALANCED,29,0.93,0.9310955464516981,0.9966826391448581,0.7586980920314254,0.8615580691413095,0.7967470092521657,0.0009947316066757543,0.24130190796857465,27116,27,2580,8112,0.9532529226572504,0.9276318068669108
FT_BALANCED,29,0.935,0.9310426853442579,0.9968039336201598,0.7584175084175084,0.8614224252403463,0.7965149401803431,0.000957889695317393,0.2415824915824916,27117,26,2583,8109,0.9532529226572504,0.9276318068669108
FT_BALANCED,29,0.94,0.9310162547905378,0.9968035406933858,0.7583239805462028,0.8613619462445553,0.7964323602216022,0.000957889695317393,0.24167601945379724,27117,26,2584,8108,0.9532529226572504,0.9276318068669108
FT_BALANCED,29,0.945,0.9310426853442579,0.9970483335383101,0.7582304526748971,0.8613929766774691,0.7963810683903415,0.0008842058726006705,0.2417695473251029,27119,24,2585,8107,0.9532529226572504,0.9276318068669108
FT_BALANCED,29,0.95,0.9310162547905378,0.9970479704797048,0.7581369248035915,0.8613324832642654,0.7962984793115644,0.0008842058726006705,0.24186307519640854,27119,24,2586,8106,0.9532529226572504,0.9276318068669108
FT_BALANCED,101,0.05,0.6059733051407427,0.41748864881791137,0.9975682753460531,0.5886313465783665,0.7806370396393231,0.5482813248351325,0.0024317246539468764,12261,14882,26,10666,0.9523249851050756,0.9262880610645032
FT_BALANCED,101,0.055,0.6084577771904321,0.4189858490566038,0.9969135802469136,0.5900033211557622,0.7813599577762139,0.544560291787938,0.0030864197530864196,12362,14781,33,10659,0.9523249851050756,0.9262880610645032
FT_BALANCED,101,0.06,0.6155675961411392,0.4234391765687716,0.996539468761691,0.5943383070701436,0.784251667132826,0.5345024499871053,0.003460531238309016,12635,14508,37,10655,0.9523249851050756,0.9262880610645032
FT_BALANCED,101,0.065,0.6173384432403859,0.4245636407109269,0.9964459408903853,0.5954283798133347,0.7849753912351537,0.5319972000147367,0.003554059109614665,12703,14440,38,10654,0.9523249851050756,0.9262880610645032
FT_BALANCED,101,0.07,0.6185278181577905,0.42531443401876623,0.996258885147774,0.5961328595013572,0.7853951307271467,0.5302656301808938,0.0037411148522259632,12750,14393,40,10652,0.9523249851050756,0.9262880610645032
FT_BALANCED,101,0.075,0.6216466234967623,0.4273103005497372,0.9959783015338571,0.5980400415578581,0.7866123003737684,0.5258077589065321,0.0040216984661429105,12871,14272,43,10649,0.9523249851050756,0.9262880610645032
FT_BALANCED,101,0.08,0.6227038456455662,0.4279972669908766,0.9959783015338571,0.598712506676412,0.7870774143002852,0.5243340824521976,0.0040216984661429105,12911,14232,43,10649,0.9523249851050756,0.9262880610645032
FT_BALANCED,101,0.085,0.6237874983480904,0.42868073453608246,0.9956041900486345,0.5993131404121158,0.7873520710059173,0.5226761964410713,0.004395809951365507,12956,14187,47,10645,0.9523249851050756,0.9262880610645032
FT_BALANCED,101,0.09,0.6250561649266552,0.4295052860947462,0.9955106621773289,0.6001014827761177,0.787860843819393,0.5208709427845116,0.004489337822671156,13005,14138,48,10644,0.9523249851050756,0.9262880610645032
FT_BALANCED,101,0.095,0.6378221223734637,0.43787910047452033,0.9925177702955481,0.6076674206201506,0.7919048400817874,0.5018973584349556,0.0074822297044519264,13520,13623,80,10612,0.9523249851050756,0.9262880610645032
FT_BALANCED,101,0.1,0.638430025109026,0.43829506030067733,0.9925177702955481,0.6080678432271373,0.7921767691848313,0.5010499944737133,0.0074822297044519264,13543,13600,80,10612,0.9523249851050756,0.9262880610645032
FT_BALANCED,101,0.105,0.6390114972908683,0.4386835359298768,0.9923307145529368,0.6084064453236997,0.7923350359948621,0.5001657886011126,0.007669285447063225,13567,13576,82,10610,0.9523249851050756,0.9262880610645032
FT_BALANCED,101,0.11,0.6401744416545526,0.43947804473902236,0.9922371866816311,0.609152503445108,0.7928050457344413,0.4985079025899864,0.007762813318368874,13612,13531,83,10609,0.9523249851050756,0.9262880610645032
FT_BALANCED,101,0.115,0.6411788026959164,0.44016597510373445,0.9921436588103255,0.6097953552540815,0.7932045223425256,0.4970710680470103,0.007856341189674524,13651,13492,84,10608,0.9523249851050756,0.9262880610645032
FT_BALANCED,101,0.12,0.6417338443240386,0.44054985672162467,0.9921436588103255,0.6101636421155561,0.7934537077206157,0.4962973879084847,0.007856341189674524,13672,13471,84,10608,0.9523249851050756,0.9262880610645032
FT_BALANCED,101,0.125,0.6424474692744813,0.44103459747172324,0.9919566030677142,0.6105929763960852,0.793672174329502,0.4952289724790922,0.008043396932285821,13701,13442,86,10606,0.9523249851050756,0.9262880610645032
FT_BALANCED,101,0.13,0.643161094224924,0.4415157193420779,0.9916760194537972,0.6110006626905236,0.7938397496368836,0.49412371513834136,0.008323980546202769,13731,13412,89,10603,0.9523249851050756,0.9262880610645032
FT_BALANCED,101,0.135,0.6446147746795295,0.44250041757140474,0.9911148522259633,0.6118360277136259,0.7941873013969661,0.49187635854548134,0.008885147774036662,13792,13351,95,10597,0.9523249851050756,0.9262880610645032
FT_BALANCED,101,0.14,0.6456984273820536,0.44324505250826324,0.9908342686120464,0.6124938571387275,0.7945221917232896,0.49025531444571346,0.00916573138795361,13836,13307,98,10594,0.9523249851050756,0.9262880610645032
FT_BALANCED,101,0.145,0.654737676754328,0.44962393235031656,0.9896184062850729,0.6183199415631848,0.7979517654334022,0.4771764359134952,0.010381593714927048,14191,12952,111,10581,0.9523249851050756,0.9262880610645032
FT_BALANCED,101,0.15,0.6552927183824501,0.45002126754572525,0.9895248784137674,0.6186772703350681,0.7981532333504331,0.47636591386361127,0.010475121586232696,14213,12930,112,10580,0.9523249851050756,0.9262880610645032
FT_BALANCED,101,0.155,0.6558741905642923,0.4504301166851205,0.9892442947998503,0.6190086030315444,0.7982641509433962,0.4754448660796522,0.010755705200149644,14238,12905,115,10577,0.9523249851050756,0.9262880610645032
FT_BALANCED,101,0.16,0.6566142460684551,0.45096785196554956,0.9892442947998503,0.6195161951619516,0.7986016731599769,0.47441329256161807,0.010755705200149644,14266,12877,115,10577,0.9523249851050756,0.9262880610645032
FT_BALANCED,101,0.165,0.6572221488040174,0.4513980789754536,0.9889637111859334,0.6198669285107131,0.7987249407036998,0.4734554028663007,0.011036288814066592,14292,12851,118,10574,0.9523249851050756,0.9262880610645032
FT_BALANCED,101,0.17,0.6580150654156205,0.45196870591253047,0.9887766554433222,0.6203679253586832,0.7989842651793407,0.47227646170283316,0.01122334455667789,14324,12819,120,10572,0.9523249851050756,0.9262880610645032
FT_BALANCED,101,0.175,0.6587022598123431,0.45246757693789325,0.9886831275720165,0.6208192629569813,0.7992469492371201,0.47128173009615737,0.01131687242798354,14351,12792,121,10571,0.9523249851050756,0.9262880610645032
FT_BALANCED,101,0.18,0.6693802035152636,0.4602841530054645,0.9847549569771792,0.6273423302648435,0.8019895495330804,0.4548502376303283,0.0152450430228208,14797,12346,163,10529,0.9523249851050756,0.9262880610645032
FT_BALANCED,101,0.185,0.6798995638958636,0.4682394019427906,0.9783015338570894,0.63334443401653,0.8032930406868692,0.43764506502597356,0.021698466142910586,15264,11879,232,10460,0.9523249851050756,0.9262880610645032
FT_BALANCED,101,0.19,0.6810096471521079,0.4691075514874142,0.9778338945005611,0.6340398435367962,0.803550841595573,0.4359134951921306,0.022166105499438832,15311,11832,237,10455,0.9523249851050756,0.9262880610645032
FT_BALANCED,101,0.195,0.6824633276067134,0.47024666906733886,0.9770856715301159,0.6349215996110369,0.80381324633756,0.4335924547765538,0.022914328469884025,15374,11769,245,10447,0.9523249851050756,0.9262880610645032
FT_BALANCED,101,0.2,0.688674507730937,0.475188313170509,0.9735316124205013,0.6386477283185569,0.8047407728109104,0.4235346129757212,0.02646838757949869,15647,11496,283,10409,0.9523249851050756,0.9262880610645032
FT_BALANCED,101,0.205,0.6933527157393947,0.4790341903971984,0.9723157500935279,0.6418472556646293,0.8062664805335815,0.41653464981763255,0.027684249906472128,15837,11306,296,10396,0.9523249851050756,0.9262880610645032
FT_BALANCED,101,0.21,0.6986388264834148,0.48345913707948934,0.9704451926674149,0.6453940411768364,0.8077222481706368,0.40842942931879306,0.02955480733258511,16057,11086,316,10376,0.9523249851050756,0.9262880610645032
FT_BALANCED,101,0.215,0.7012290207479847,0.4856486258324735,0.9684811073699963,0.6469044792903104,0.8078483382743017,0.4040452418671481,0.03151889263000374,16176,10967,337,10355,0.9523249851050756,0.9262880610645032
FT_BALANCED,101,0.22,0.7063301176159641,0.49004419521931286,0.9644594089038534,0.6498818339372933,0.8080111579508236,0.39535055078657483,0.03554059109614665,16412,10731,380,10312,0.9523249851050756,0.9262880610645032
FT_BALANCED,101,0.225,0.7094489229549359,0.4927924907810929,0.9624017957351291,0.6518227599531246,0.8083394868733208,0.3901926831964042,0.037598204264870934,16552,10591,402,10290,0.9523249851050756,0.9262880610645032
FT_BALANCED,101,0.23,0.7123034227567068,0.4953478281830015,0.9609988776655444,0.6537299188802291,0.8089149911039033,0.3856611280993258,0.03900112233445567,16675,10468,417,10275,0.9523249851050756,0.9262880610645032
FT_BALANCED,101,0.235,0.7148407559138364,0.4976464308244771,0.9591283202394314,0.6552925013578708,0.8090729783037474,0.3813874663817559,0.04087167976056865,16791,10352,437,10255,0.9523249851050756,0.9262880610645032
FT_BALANCED,101,0.24,0.7218184220959429,0.5041191850426718,0.9557613168724279,0.6600781578012467,0.810529989371659,0.3703348929742475,0.044238683127572016,17091,10052,473,10219,0.9523249851050756,0.9262880610645032
FT_BALANCED,101,0.245,0.726575921765561,0.5086520720091757,0.9539842873176206,0.6635225239876403,0.8118304388659843,0.3630033526139336,0.04601571268237935,17290,9853,492,10200,0.9523249851050756,0.9262880610645032
FT_BALANCED,101,0.25,0.7322320602616624,0.514171676855454,0.9518331462775907,0.6676726258815812,0.8133661546330782,0.354271819622002,0.04816685372240928,17527,9616,515,10177,0.9523249851050756,0.9262880610645032
FT_BALANCED,101,0.255,0.7397911986256112,0.5218490429758036,0.9460344182566405,0.6726517040731504,0.8137439461955561,0.34145083446929225,0.05396558174335952,17875,9268,577,10115,0.9523249851050756,0.9262880610645032
FT_BALANCED,101,0.26,0.7600634333289282,0.5437920555676145,0.9372427983539094,0.6882554945054944,0.81876266422642,0.3097299487897432,0.06275720164609054,18736,8407,671,10021,0.9523249851050756,0.9262880610645032
FT_BALANCED,101,0.265,0.7706356548169684,0.5563073138000447,0.9305087916199027,0.6963185890257558,0.8201708105256217,0.2923405666285967,0.06949120838009727,19208,7935,743,9949,0.9523249851050756,0.9262880610645032
FT_BALANCED,101,0.27,0.7863618342804282,0.5764340540223823,0.9201271979049757,0.7088151590475162,0.8220940920865715,0.2663301772095936,0.07987280209502431,19914,7229,854,9838,0.9523249851050756,0.9262880610645032
FT_BALANCED,101,0.275,0.8134531518435312,0.6165042318543216,0.8992704826038159,0.7315124771758977,0.8237098211226097,0.22035147183435877,0.10072951739618406,21162,5981,1077,9615,0.9523249851050756,0.9262880610645032
FT_BALANCED,101,0.28,0.8356812475221356,0.6551987237289312,0.8834642723531613,0.752399538014258,0.825915887033313,0.18314114136241388,0.11653572764683875,22172,4971,1246,9446,0.9523249851050756,0.9262880610645032
FT_BALANCED,101,0.285,0.8604466763578696,0.705498177399757,0.86887392442948,0.7787091366303437,0.8304133295194508,0.14287293224772502,0.13112607557052003,23265,3878,1402,9290,0.9523249851050756,0.9262880610645032
FT_BALANCED,101,0.29,0.8745870225981234,0.7403216681483876,0.8567153011597456,0.7942770431389551,0.8305979216916631,0.11837306119441476,0.14328469884025438,23930,3213,1532,9160,0.9523249851050756,0.9262880610645032
FT_BALANCED,101,0.295,0.8798202722347033,0.7554243910549505,0.8498877665544332,0.7998767659874124,0.8291512309068015,0.10838890321629886,0.1501122334455668,24201,2942,1605,9087,0.9523249851050756,0.9262880610645032
FT_BALANCED,101,0.3,0.882886216466235,0.7635766607729224,0.8482042648709316,0.8036687491692145,0.8298105956629152,0.10345208709427844,0.15179573512906847,24335,2808,1623,9069,0.9523249851050756,0.9262880610645032
FT_BALANCED,101,0.305,0.8843134663671204,0.7676074243579964,0.8470819304152637,0.8053888221955449,0.8298971906097092,0.1010205209446266,0.15291806958473625,24401,2742,1635,9057,0.9523249851050756,0.9262880610645032
FT_BALANCED,101,0.31,0.8850535218712832,0.7695707607309817,0.8468013468013468,0.8063410072583158,0.8301395485302476,0.09987842169251741,0.1531986531986532,24432,2711,1638,9054,0.9523249851050756,0.9262880610645032
FT_BALANCED,101,0.315,0.8856878551605656,0.771328730929856,0.8464272353161242,0.8071348940914159,0.8302599952294453,0.09884684817448329,0.1535727646838758,24460,2683,1642,9050,0.9523249851050756,0.9262880610645032
FT_BALANCED,101,0.32,0.8864807717721687,0.7734461827819099,0.8461466517022073,0.8081647237482692,0.8305333700541632,0.09763106509965737,0.15385334829779274,24493,2650,1645,9047,0.9523249851050756,0.9262880610645032
FT_BALANCED,101,0.325,0.8869829522928505,0.7749400068563592,0.845679012345679,0.8087656529516994,0.8305165699169668,0.0967468592270567,0.15432098765432098,24517,2626,1650,9042,0.9523249851050756,0.9262880610645032
FT_BALANCED,101,0.33,0.8874587022598124,0.7763270915650232,0.8453049008604564,0.8093489746574729,0.8305458555412607,0.09593633717717275,0.15469509913954357,24539,2604,1654,9038,0.9523249851050756,0.9262880610645032
FT_BALANCED,101,0.335,0.8881987577639752,0.778342522398346,0.8450243172465395,0.8103139013452916,0.8307893188171253,0.09479423792506356,0.15497568275346052,24570,2573,1657,9035,0.9523249851050756,0.9262880610645032
FT_BALANCED,101,0.34,0.8890181049292982,0.78057211995506,0.8447437336326226,0.8113910973363878,0.8310789672242773,0.09354161293887926,0.15525626636737747,24604,2539,1660,9032,0.9523249851050756,0.9262880610645032
FT_BALANCED,101,0.345,0.8898374520946214,0.7828160221952488,0.8444631500187055,0.8124718797804373,0.8313690103495266,0.09228898795269498,0.15553684998129444,24638,2505,1663,9029,0.9523249851050756,0.9262880610645032
FT_BALANCED,101,0.35,0.8904453548301837,0.7847759895606785,0.8437149270482603,0.8131788885383332,0.8312293828207065,0.0911468887005858,0.15628507295173963,24669,2474,1671,9021,0.9523249851050756,0.9262880610645032
FT_BALANCED,101,0.355,0.8911854103343465,0.7868923989876953,0.8433408155630377,0.8141393165094127,0.8314123960388735,0.08996794753711823,0.15665918443696222,24701,2442,1675,9017,0.9523249851050756,0.9262880610645032
FT_BALANCED,101,0.36,0.8919783269459495,0.7890084886671918,0.8432472876917322,0.8152267281522672,0.8318110526801367,0.08882584828500903,0.15675271230826787,24732,2411,1676,9016,0.9523249851050756,0.9262880610645032
FT_BALANCED,101,0.365,0.8929826879873133,0.7919486683660015,0.8426861204638982,0.8165299741719153,0.8320251177394035,0.08720480418524112,0.15731387953610176,24776,2367,1682,9010,0.9523249851050756,0.9262880610645032
FT_BALANCED,101,0.37,0.8938548962600766,0.7944081848650556,0.8424055368499813,0.8177031320926009,0.8323476139430008,0.08587849537634012,0.1575944631500187,24812,2331,1685,9007,0.9523249851050756,0.9262880610645032
FT_BALANCED,101,0.375,0.894462798995639,0.7964421630232764,0.8416573138795361,0.8184257196125688,0.8322081861394197,0.08473639612423092,0.1583426861204639,24843,2300,1693,8999,0.9523249851050756,0.9262880610645032
FT_BALANCED,101,0.38,0.8955993128056032,0.7998043400924938,0.8410961466517022,0.8199307075127644,0.832500185144042,0.08293114246767122,0.1589038533482978,24892,2251,1699,8993,0.9523249851050756,0.9262880610645032
FT_BALANCED,101,0.385,0.8973437293511299,0.8053462504485109,0.8396932285821175,0.8221611721611721,0.832591438534016,0.07994694764764396,0.16030677141788252,24973,2170,1714,8978,0.9523249851050756,0.9262880610645032
FT_BALANCED,101,0.39,0.898665257037135,0.8099240780911063,0.8381032547699214,0.823772752344181,0.8323116362015157,0.07747853958663375,0.16189674523007858,25040,2103,1731,8961,0.9523249851050756,0.9262880610645032
FT_BALANCED,101,0.395,0.899220298665257,0.8121426626735638,0.8369809203142536,0.8243747409147437,0.831892464721959,0.07626275651180783,0.16301907968574636,25073,2070,1743,8949,0.9523249851050756,0.9262880610645032
FT_BALANCED,101,0.4,0.8998017708470992,0.8142245697113195,0.8362326973438085,0.8250818991371752,0.8317364043982213,0.07515749917105699,0.16376730265619155,25103,2040,1751,8941,0.9523249851050756,0.9262880610645032
FT_BALANCED,101,0.405,0.9011761596405444,0.8193844740468534,0.8341750841750841,0.8267136302544376,0.8311743984492946,0.07243119773053826,0.16582491582491582,25177,1966,1773,8919,0.9523249851050756,0.9262880610645032
FT_BALANCED,101,0.41,0.9027619928637505,0.8251877956041918,0.8322109988776656,0.8286845168800931,0.8307968105170772,0.069447002910511,0.16778900112233447,25258,1885,1794,8898,0.9523249851050756,0.9262880610645032
FT_BALANCED,101,0.415,0.9037663539051143,0.829393627954779,0.8302469135802469,0.8298200514138817,0.830076116025509,0.06727333014036768,0.1697530864197531,25317,1826,1815,8877,0.9523249851050756,0.9262880610645032
FT_BALANCED,101,0.42,0.9049292982687988,0.8340080971659919,0.8284698840254395,0.8312297658705954,0.8295716346063796,0.06495228972479092,0.17153011597456042,25380,1763,1834,8858,0.9523249851050756,0.9262880610645032
FT_BALANCED,101,0.425,0.9061451037399233,0.8384039427542413,0.8273475495697717,0.832839052864473,0.8295354376488682,0.06281545886600597,0.1726524504302282,25438,1705,1846,8846,0.9523249851050756,0.9262880610645032
FT_BALANCED,101,0.43,0.9070437425664067,0.8423513694054776,0.8255705200149644,0.8338765292144915,0.8288729881495671,0.06086283756401282,0.17442947998503555,25491,1652,1865,8827,0.9523249851050756,0.9262880610645032
FT_BALANCED,101,0.435,0.9078102286242897,0.8462795616227649,0.8233258511036289,0.8346449227268419,0.8278164378408878,0.05891021626201967,0.17667414889637112,25544,1599,1889,8803,0.9523249851050756,0.9262880610645032
FT_BALANCED,101,0.44,0.9095546451698163,0.8535992217898832,0.8207070707070707,0.8368300591264544,0.8270811340672598,0.05544707659433371,0.17929292929292928,25638,1505,1917,8775,0.9523249851050756,0.9262880610645032
FT_BALANCED,101,0.445,0.9108497423021013,0.8598682269643033,0.8178077066965956,0.8383107233593787,0.8258873755596277,0.052499723685664815,0.18219229330340442,25718,1425,1948,8744,0.9523249851050756,0.9262880610645032
FT_BALANCED,101,0.45,0.9123034227567067,0.8655562165377751,0.8164983164983165,0.8403118683222639,0.8258599159950053,0.049957631801937886,0.1835016835016835,25787,1356,1962,8730,0.9523249851050756,0.9262880610645032
FT_BALANCED,101,0.455,0.9133342143517906,0.8708354177088544,0.8140665918443696,0.8414946584811717,0.8248204234027634,0.047562907563644403,0.18593340815563036,25852,1291,1988,8704,0.9523249851050756,0.9262880610645032
FT_BALANCED,101,0.46,0.9145500198229153,0.8765270065623423,0.8120089786756454,0.8430353935039084,0.8241414007176353,0.045057657591275835,0.18799102132435466,25920,1223,2010,8682,0.9523249851050756,0.9262880610645032
FT_BALANCED,101,0.465,0.91579225584776,0.8826468189233279,0.8096707818930041,0.8445853658536586,0.8232843883140596,0.04240503997347382,0.19032921810699588,25992,1151,2035,8657,0.9523249851050756,0.9262880610645032
FT_BALANCED,101,0.47,0.9169023391040042,0.8881118881118881,0.8077066965955855,0.8460031347962382,0.8226015392821765,0.040083999557897064,0.19229330340441453,26055,1088,2056,8636,0.9523249851050756,0.9262880610645032
FT_BALANCED,101,0.475,0.9179331306990881,0.8935574229691877,0.8055555555555556,0.8472775564409031,0.8217413704276146,0.03779980105367867,0.19444444444444445,26117,1026,2079,8613,0.9523249851050756,0.9262880610645032
FT_BALANCED,101,0.48,0.9188317695255716,0.8982962266123131,0.8037785260007482,0.8484130509896834,0.8210566542466801,0.03584717975168552,0.19622147399925177,26170,973,2098,8594,0.9523249851050756,0.9262880610645032
FT_BALANCED,101,0.485,0.9195718250297343,0.9017753965752705,0.8028432472876917,0.8494384246202563,0.8208541320022186,0.034447187120067786,0.19715675271230826,26208,935,2108,8584,0.9523249851050756,0.9262880610645032
FT_BALANCED,101,0.49,0.9203911721950575,0.9066934971404363,0.8006921062476619,0.8504023045594518,0.8198620953840261,0.03245772390671628,0.1993078937523382,26262,881,2131,8561,0.9523249851050756,0.9262880610645032
FT_BALANCED,101,0.495,0.9215012554513017,0.9121477369769427,0.7991956603067715,0.8519441674975075,0.8194913303667333,0.030320893047931327,0.20080433969322858,26320,823,2147,8545,0.9523249851050756,0.9262880610645032
FT_BALANCED,101,0.5,0.9224263248315052,0.9170878589095601,0.7976056864945754,0.8531839327697464,0.8189448210958956,0.02840511365729654,0.2023943135054246,26372,771,2164,8528,0.9523249851050756,0.9262880610645032
FT_BALANCED,101,0.505,0.9234042553191489,0.9223932365055278,0.7959221848110737,0.8545034642032332,0.8183636573450782,0.02637880853258667,0.2040778151889263,26427,716,2182,8510,0.9523249851050756,0.9262880610645032
FT_BALANCED,101,0.51,0.9238535747323906,0.9252041371801851,0.7947998503554059,0.8550586104542939,0.817854599349412,0.025310393103194193,0.2052001496445941,26456,687,2194,8498,0.9523249851050756,0.9262880610645032
FT_BALANCED,101,0.515,0.9243821858067927,0.9283448200415709,0.7936775158997381,0.8557454747138608,0.8173919744167678,0.02413145193972663,0.20632248410026188,26488,655,2206,8486,0.9523249851050756,0.9262880610645032
FT_BALANCED,101,0.52,0.9247786441125941,0.9308148473533934,0.7927422371866817,0.8562481058692798,0.8169796044261094,0.0232104041557676,0.20725776281331837,26513,630,2216,8476,0.9523249851050756,0.9262880610645032
FT_BALANCED,101,0.525,0.9249107968811947,0.9320858558062741,0.7919940142162364,0.8563482833594579,0.8165390623493338,0.022731459308108905,0.20800598578376356,26526,617,2224,8468,0.9523249851050756,0.9262880610645032
FT_BALANCED,101,0.53,0.9250165190960751,0.9340258592109625,0.790497568275346,0.8562889417962615,0.8155624601964605,0.02199462108094168,0.20950243172465394,26546,597,2240,8452,0.9523249851050756,0.9262880610645032
FT_BALANCED,101,0.535,0.9254922690630368,0.9367580161988239,0.7896558174335953,0.8569398629789394,0.8152604237075375,0.020999889474265926,0.21034418256640477,26573,570,2249,8443,0.9523249851050756,0.9262880610645032
FT_BALANCED,101,0.54,0.9257037134927977,0.9384666740847891,0.7888140665918444,0.857157375882921,0.814800502366921,0.020373576981173782,0.21118593340815564,26590,553,2258,8434,0.9523249851050756,0.9262880610645032
FT_BALANCED,101,0.545,0.925809435707678,0.940060274584217,0.7876917321361766,0.857157396570149,0.8140816208169817,0.019784106399440005,0.21230826786382342,26606,537,2270,8422,0.9523249851050756,0.9262880610645032
FT_BALANCED,101,0.55,0.9261001717985992,0.9415119660031313,0.7874111485222597,0.8575939696444943,0.814059176174821,0.019268319640422946,0.21258885147774037,26620,523,2273,8419,0.9523249851050756,0.9262880610645032
FT_BALANCED,101,0.555,0.9262851856746399,0.9429436161865262,0.7867564534231201,0.8577983990210575,0.813712782216719,0.018752532881405888,0.2132435465768799,26634,509,2280,8412,0.9523249851050756,0.9262880610645032
FT_BALANCED,101,0.56,0.9265494912118409,0.9442011900752217,0.7865693976805088,0.8582070513801725,0.8137397194000967,0.018310429945105552,0.2134306023194912,26646,497,2282,8410,0.9523249851050756,0.9262880610645032
FT_BALANCED,101,0.565,0.9266552134267213,0.9454259030043884,0.7858211747100636,0.8582665100362634,0.8132804181589391,0.017868327008805217,0.2141788252899364,26658,485,2290,8402,0.9523249851050756,0.9262880610645032
FT_BALANCED,101,0.57,0.9267609356416017,0.9464547401645812,0.7852600074822297,0.8583550580176864,0.8129514514223745,0.017499907895221604,0.2147399925177703,26668,475,2296,8396,0.9523249851050756,0.9262880610645032
FT_BALANCED,101,0.575,0.9269459495176424,0.9477072509600181,0.7847923681257014,0.8585899928374091,0.8127348804773158,0.017057804958921268,0.21520763187429853,26680,463,2301,8391,0.9523249851050756,0.9262880610645032
FT_BALANCED,101,0.58,0.9269459495176424,0.948822463768116,0.7837635615413393,0.8584306494570785,0.8120155038759691,0.016652543933979295,0.21623643845866067,26691,452,2312,8380,0.9523249851050756,0.9262880610645032
FT_BALANCED,101,0.585,0.9271573939474032,0.9501928749716361,0.783295922184811,0.8587101404695991,0.8118141987515025,0.016173599086320597,0.21670407781518894,26704,439,2317,8375,0.9523249851050756,0.9262880610645032
FT_BALANCED,101,0.59,0.9272895467160037,0.9513470501307264,0.7827347549569772,0.8588434501513674,0.8115000484824978,0.015768338061378624,0.21726524504302283,26715,428,2323,8369,0.9523249851050756,0.9262880610645032
FT_BALANCED,101,0.595,0.9273424078234439,0.9519745077956071,0.7823606434717546,0.8588736588120539,0.8112695179904956,0.015547286593228456,0.21763935652824543,26721,422,2327,8365,0.9523249851050756,0.9262880610645032
FT_BALANCED,101,0.6,0.927633143914365,0.9544104204753199,0.7812383090160868,0.8591853528080642,0.8106560559006212,0.014699922631986148,0.2187616909839132,26744,399,2339,8353,0.9523249851050756,0.9262880610645032
FT_BALANCED,101,0.605,0.9279503105590062,0.9563473877176902,0.7806771417882529,0.8596292481977343,0.810451297188131,0.014036768227535645,0.2193228582117471,26762,381,2345,8347,0.9523249851050756,0.9262880610645032
FT_BALANCED,101,0.61,0.9282146160962073,0.9579696830500689,0.7802095024317246,0.8599999999999999,0.8102805190768514,0.013484139557160225,0.21979049756827534,26777,366,2350,8342,0.9523249851050756,0.9262880610645032
FT_BALANCED,101,0.615,0.9286110744020087,0.9604702085974415,0.7794612794612794,0.8605503639836852,0.8099912527942462,0.012636775595917917,0.22053872053872053,26800,343,2358,8334,0.9523249851050756,0.9262880610645032
FT_BALANCED,101,0.62,0.9290339632615303,0.9628858827610128,0.7789001122334456,0.8611757406545679,0.8098488826652664,0.011826253546033968,0.22109988776655443,26822,321,2364,8328,0.9523249851050756,0.9262880610645032
FT_BALANCED,101,0.625,0.9292454076912912,0.9643146796431468,0.7784324728769173,0.8614604357501422,0.8096461020642425,0.011347308698375271,0.22156752712308267,26835,308,2369,8323,0.9523249851050756,0.9262880610645032
FT_BALANCED,101,0.63,0.9294304215673318,0.9654212114179624,0.7781518892630004,0.8617296737441741,0.8095590238586386,0.010978889584791658,0.22184811073699962,26845,298,2372,8320,0.9523249851050756,0.9262880610645032
FT_BALANCED,101,0.635,0.9296947271045328,0.9674115456238361,0.7774036662925552,0.8620618129018877,0.8091900311526481,0.010315735180341156,0.22259633370744483,26863,280,2380,8312,0.9523249851050756,0.9262880610645032
FT_BALANCED,101,0.64,0.9295361437822123,0.9685894441849603,0.7758136924803591,0.8615496468633154,0.8079755318319956,0.009910474155399182,0.22418630751964086,26874,269,2397,8295,0.9523249851050756,0.9262880610645032
FT_BALANCED,101,0.645,0.9294568521210519,0.9701160201570374,0.7742237186681631,0.8611703511053316,0.8068068848560457,0.009394687396382124,0.2257762813318369,26888,255,2414,8278,0.9523249851050756,0.9262880610645032
FT_BALANCED,101,0.65,0.9296154354433726,0.9720164609053498,0.773194912083801,0.8612804083971454,0.8061747898504086,0.008768374903289983,0.22680508791619902,26905,238,2425,8267,0.9523249851050756,0.9262880610645032
FT_BALANCED,101,0.655,0.9296418659970926,0.9734669811320755,0.7720725776281332,0.8611516795326518,0.8053972837964408,0.008289430055631286,0.2279274223718668,26918,225,2437,8255,0.9523249851050756,0.9262880610645032
FT_BALANCED,101,0.66,0.9296154354433726,0.9734638518693242,0.7719790497568275,0.8610922747900474,0.8053154330985227,0.008289430055631286,0.22802095024317245,26918,225,2438,8254,0.9523249851050756,0.9262880610645032
FT_BALANCED,101,0.665,0.9297211576582529,0.9743710877524507,0.7716049382716049,0.8612140508377264,0.8051136918122377,0.007994694764764396,0.22839506172839505,26926,217,2442,8250,0.9523249851050756,0.9262880610645032
FT_BALANCED,101,0.67,0.9298268798731334,0.9750561532095993,0.7714178825289937,0.8613649417784971,0.8050442149647646,0.007773643296614228,0.22858211747100635,26932,211,2444,8248,0.9523249851050756,0.9262880610645032
FT_BALANCED,101,0.675,0.9308576714682173,0.9812872467222884,0.7700149644594089,0.8629074520490514,0.8046639821728762,0.0057841800832627195,0.2299850355405911,26986,157,2459,8233,0.9523249851050756,0.9262880610645032
FT_BALANCED,101,0.68,0.9312541297740188,0.9843170118520292,0.7689861578750468,0.8634287214491994,0.804170497447233,0.0048262903879453265,0.23101384212495324,27012,131,2470,8222,0.9523249851050756,0.9262880610645032
FT_BALANCED,101,0.685,0.9312805603277389,0.9850155837928555,0.7685185185185185,0.8634023326678575,0.8038544316180786,0.004605238919795159,0.23148148148148148,27018,125,2475,8217,0.9523249851050756,0.9262880610645032
FT_BALANCED,101,0.69,0.9312805603277389,0.9853646833013435,0.7682379349046016,0.863359260037839,0.8036552911709456,0.004494713185720075,0.23176206509539843,27021,122,2478,8214,0.9523249851050756,0.9262880610645032
FT_BALANCED,101,0.695,0.931306990881459,0.9854829034193161,0.7682379349046016,0.8634046355179481,0.8036710173571023,0.004457871274361714,0.23176206509539843,27022,121,2478,8214,0.9523249851050756,0.9262880610645032
FT_BALANCED,101,0.7,0.931333421435179,0.9857177148343735,0.7681444070332959,0.8634356602186711,0.8036203522504892,0.004384187451644992,0.23185559296670408,27024,119,2479,8213,0.9523249851050756,0.9262880610645032
FT_BALANCED,101,0.705,0.9313598519888991,0.9859526954016088,0.7680508791619902,0.8634666947058515,0.8035696811945906,0.004310503628928269,0.23194912083800973,27026,117,2480,8212,0.9523249851050756,0.9262880610645032
FT_BALANCED,101,0.71,0.9313862825426192,0.9860710854947167,0.7680508791619902,0.8635120925341745,0.8035854078597149,0.004273661717569908,0.23194912083800973,27027,116,2480,8212,0.9523249851050756,0.9262880610645032
FT_BALANCED,101,0.715,0.9313598519888991,0.986303015739517,0.7677702955480733,0.8634236129371549,0.803370456636198,0.004199977894853185,0.23222970445192667,27029,114,2483,8209,0.9523249851050756,0.9262880610645032
FT_BALANCED,101,0.72,0.9314127130963393,0.9865400793173897,0.7677702955480733,0.8635144374901383,0.8034019064769323,0.004126294072136463,0.23222970445192667,27031,112,2483,8209,0.9523249851050756,0.9262880610645032
FT_BALANCED,101,0.725,0.9314127130963393,0.9866570501262171,0.7676767676767676,0.8635000789016883,0.8033354865229901,0.004089452160778101,0.23232323232323232,27032,111,2484,8208,0.9523249851050756,0.9262880610645032
FT_BALANCED,101,0.73,0.9314391436500594,0.9867756672276989,0.7676767676767676,0.8635455023671751,0.8033512116822612,0.00405261024941974,0.23232323232323232,27033,110,2484,8208,0.9523249851050756,0.9262880610645032
FT_BALANCED,101,0.735,0.9313862825426192,0.9872412132883968,0.7671156004489338,0.8633684210526317,0.8029211371289844,0.0039052426039862947,0.2328843995510662,27037,106,2490,8202,0.9523249851050756,0.9262880610645032
FT_BALANCED,101,0.74,0.9313862825426192,0.9872412132883968,0.7671156004489338,0.8633684210526317,0.8029211371289844,0.0039052426039862947,0.2328843995510662,27037,106,2490,8202,0.9523249851050756,0.9262880610645032
FT_BALANCED,101,0.745,0.9314391436500594,0.9874789308933302,0.7671156004489338,0.8634593115064744,0.8029525786114265,0.003831558781269572,0.2328843995510662,27039,104,2490,8202,0.9523249851050756,0.9262880610645032
FT_BALANCED,101,0.75,0.9313862825426192,0.98747591522158,0.7669285447063224,0.8633396504527269,0.8027882205513783,0.003831558781269572,0.2330714552936775,27039,104,2492,8200,0.9523249851050756,0.9262880610645032
FT_BALANCED,101,0.755,0.931333421435179,0.9874728980968441,0.7667414889637112,0.8632199641992209,0.8026238496181712,0.003831558781269572,0.2332585110362888,27039,104,2494,8198,0.9523249851050756,0.9262880610645032
FT_BALANCED,101,0.76,0.9313862825426192,0.9878283923837069,0.7666479610924055,0.8632964718272776,0.8025888066423842,0.0037210330471944887,0.23335203890759446,27042,101,2495,8197,0.9523249851050756,0.9262880610645032
FT_BALANCED,101,0.765,0.9313598519888991,0.9879445449065702,0.7664609053497943,0.8632222046663507,0.8024401229853318,0.0036841911358361274,0.23353909465020575,27043,100,2497,8195,0.9523249851050756,0.9262880610645032
FT_BALANCED,101,0.77,0.9313862825426192,0.9880636604774535,0.7664609053497943,0.8632676709154113,0.8024558380008616,0.003647349224477766,0.23353909465020575,27044,99,2497,8195,0.9523249851050756,0.9262880610645032
FT_BALANCED,101,0.775,0.9313862825426192,0.9880636604774535,0.7664609053497943,0.8632676709154113,0.8024558380008616,0.003647349224477766,0.23353909465020575,27044,99,2497,8195,0.9523249851050756,0.9262880610645032
FT_BALANCED,101,0.78,0.9313862825426192,0.9882991556091677,0.7662738496071829,0.8632388578653462,0.8023228485252065,0.0035736654017610434,0.23372615039281705,27046,97,2499,8193,0.9523249851050756,0.9262880610645032
FT_BALANCED,101,0.785,0.9314127130963393,0.9886541943270971,0.7660867938645717,0.863255519839806,0.8022055510939613,0.0034631396676859595,0.23391320613542835,27049,94,2501,8191,0.9523249851050756,0.9262880610645032
FT_BALANCED,101,0.79,0.9314127130963393,0.9888902306484724,0.7658997381219603,0.8632266905602699,0.8020725185605987,0.003389455844969237,0.23410026187803964,27051,92,2503,8189,0.9523249851050756,0.9262880610645032
FT_BALANCED,101,0.795,0.9314127130963393,0.9893629880333615,0.7655256266367377,0.8631689955180596,0.8018063909406162,0.0032420881995357917,0.23447437336326224,27055,88,2507,8185,0.9523249851050756,0.9262880610645032
FT_BALANCED,101,0.8,0.9313862825426192,0.9893617021276596,0.7654320987654321,0.8631090487238979,0.8017241379310344,0.0032420881995357917,0.2345679012345679,27055,88,2508,8184,0.9523249851050756,0.9262880610645032
FT_BALANCED,101,0.805,0.931333421435179,0.9895959351560609,0.7650579872802095,0.8629602278721383,0.8014264999804052,0.0031684043768190695,0.2349420127197905,27057,86,2512,8180,0.9523249851050756,0.9262880610645032
FT_BALANCED,101,0.81,0.9313862825426192,0.989835430784124,0.7650579872802095,0.8630512766406415,0.8014579087631291,0.003094720554102347,0.2349420127197905,27059,84,2512,8180,0.9523249851050756,0.9262880610645032
FT_BALANCED,101,0.815,0.9314127130963393,0.9899552220743072,0.7650579872802095,0.8630968082300183,0.8014736140777174,0.0030578786427439856,0.2349420127197905,27060,83,2512,8180,0.9523249851050756,0.9262880610645032
FT_BALANCED,101,0.82,0.9314655742037796,0.9903135972878072,0.7649644594089039,0.8631734473114876,0.8014384541517237,0.0029473529086689017,0.23503554059109616,27063,80,2513,8179,0.9523249851050756,0.9262880610645032
FT_BALANCED,101,0.825,0.9314655742037796,0.9906700593723494,0.7646838757949869,0.863130113486408,0.8012387056310146,0.002836827174593818,0.2353161242050131,27066,77,2516,8176,0.9523249851050756,0.9262880610645032
FT_BALANCED,101,0.83,0.931333421435179,0.9906644034917556,0.7642162364384587,0.8628299894403381,0.800827191469343,0.002836827174593818,0.23578376356154135,27066,77,2521,8171,0.9523249851050756,0.9262880610645032
FT_BALANCED,101,0.835,0.931333421435179,0.9906644034917556,0.7642162364384587,0.8628299894403381,0.800827191469343,0.002836827174593818,0.23578376356154135,27066,77,2521,8171,0.9523249851050756,0.9262880610645032
FT_BALANCED,101,0.84,0.9311748381128585,0.9907766990291262,0.7635615413393191,0.862455102472005,0.8002666248431618,0.0027999852632354565,0.2364384586606809,27067,76,2528,8164,0.9523249851050756,0.9262880610645032
FT_BALANCED,101,0.845,0.9311219770054182,0.9911321671525753,0.7630939019827909,0.862291270344536,0.7999019607843139,0.002689459529160373,0.23690609801720913,27070,73,2533,8159,0.9523249851050756,0.9262880610645032
FT_BALANCED,101,0.85,0.9311219770054182,0.9917295062028704,0.7626262626262627,0.8622184625145395,0.7995685428515394,0.0025052499723685665,0.23737373737373738,27075,68,2538,8154,0.9523249851050756,0.9262880610645032
FT_BALANCED,101,0.855,0.9310955464516981,0.9918481567100621,0.7624392068836513,0.86214372587383,0.7994194598623178,0.002468408061010205,0.23756079311634867,27076,67,2540,8152,0.9523249851050756,0.9262880610645032
FT_BALANCED,101,0.86,0.9310162547905378,0.9919649379108838,0.7620650953984287,0.8619485877499208,0.7991055666705896,0.002431566149651844,0.23793490460157127,27077,66,2544,8148,0.9523249851050756,0.9262880610645032
FT_BALANCED,101,0.865,0.9309105325756575,0.9920808966861598,0.7615974560419004,0.8616931216931216,0.7987091964846201,0.0023947242382934826,0.2384025439580995,27078,65,2549,8143,0.9523249851050756,0.9262880610645032
FT_BALANCED,101,0.87,0.9308841020219374,0.9923198829696452,0.7613168724279835,0.8616035988356708,0.7984932608738302,0.00232104041557676,0.23868312757201646,27080,63,2552,8140,0.9523249851050756,0.9262880610645032
FT_BALANCED,101,0.875,0.9309105325756575,0.9925609756097561,0.7612233445566778,0.8616345543087021,0.7984421597865327,0.0022473565928600374,0.2387766554433221,27082,61,2553,8139,0.9523249851050756,0.9262880610645032
FT_BALANCED,101,0.88,0.9308312409144972,0.9926784624771202,0.7608492330714552,0.8614390850849791,0.7981280536860074,0.0022105146815016765,0.2391507669285447,27083,60,2557,8135,0.9523249851050756,0.9262880610645032
FT_BALANCED,101,0.885,0.9307783798070569,0.9932787486251986,0.7601945379723157,0.8612450331125828,0.7976290946203215,0.00202630512470987,0.23980546202768424,27088,55,2564,8128,0.9523249851050756,0.9262880610645032
FT_BALANCED,101,0.89,0.9308048103607771,0.993520782396088,0.76010101010101,0.8612759643916913,0.7975779225877365,0.0019526213019931474,0.2398989898989899,27090,53,2565,8127,0.9523249851050756,0.9262880610645032
FT_BALANCED,101,0.895,0.9308048103607771,0.9938830437974064,0.7598204264870931,0.8612318456482562,0.797377409603078,0.0018420955679180637,0.24017957351290684,27093,50,2568,8124,0.9523249851050756,0.9262880610645032
FT_BALANCED,101,0.9,0.9308048103607771,0.9938830437974064,0.7598204264870931,0.8612318456482562,0.797377409603078,0.0018420955679180637,0.24017957351290684,27093,50,2568,8124,0.9523249851050756,0.9262880610645032
FT_BALANCED,101,0.905,0.9307519492533368,0.9938815467449829,0.7596333707444819,0.861111111111111,0.7972124067530427,0.0018420955679180637,0.24036662925551813,27093,50,2570,8122,0.9523249851050756,0.9262880610645032
FT_BALANCED,101,0.91,0.9307255186996167,0.9940017137960583,0.7594463150018705,0.8610360002120778,0.797063038655594,0.0018052536565597024,0.24055368499812943,27094,49,2572,8120,0.9523249851050756,0.9262880610645032
FT_BALANCED,101,0.915,0.9306462270384565,0.9949693251533742,0.7584175084175084,0.8607366521600679,0.7962802938057268,0.0015105183656928122,0.2415824915824916,27102,41,2583,8109,0.9523249851050756,0.9262880610645032
FT_BALANCED,101,0.92,0.9303290603938152,0.9956928378045778,0.7567340067340067,0.8599213518971196,0.7948874130545841,0.0012894668975426446,0.24326599326599327,27108,35,2601,8091,0.9523249851050756,0.9262880610645032
FT_BALANCED,101,0.925,0.930011893749174,0.9978955186927457,0.7539281705948373,0.8589238145977625,0.7926877237147465,0.0006263124930921416,0.24607182940516273,27126,17,2631,8061,0.9523249851050756,0.9262880610645032
FT_BALANCED,101,0.93,0.9299590326417339,0.9980183304433986,0.7536475869809203,0.8587871682830651,0.7924550568427677,0.0005894705817337803,0.24635241301907967,27127,16,2634,8058,0.9523249851050756,0.9262880610645032
FT_BALANCED,101,0.935,0.9299854631954539,0.9982653946227233,0.7535540591096147,0.8588178862655226,0.7924034697771397,0.0005157867590170578,0.24644594089038532,27129,14,2635,8057,0.9523249851050756,0.9262880610645032
FT_BALANCED,101,0.94,0.9299590326417339,0.9987596129992558,0.7530864197530864,0.8586968113469127,0.792051937831989,0.0003684191135836127,0.24691358024691357,27133,10,2640,8052,0.9523249851050756,0.9262880610645032
FT_BALANCED,101,0.945,0.9299590326417339,0.9988833746898264,0.7529928918817808,0.8586817406143344,0.7919847328244276,0.00033157720222525146,0.24700710811821924,27134,9,2641,8051,0.9523249851050756,0.9262880610645032
FT_BALANCED,101,0.95,0.9299061715342937,0.9990069513406157,0.7527123082678638,0.8585449114572221,0.791751928222887,0.00029473529086689016,0.2472876917321362,27135,8,2644,8048,0.9523249851050756,0.9262880610645032
FT_BALANCED,313,0.05,0.580784987445487,0.4025268715821233,0.9982229704451927,0.573709248259736,0.770246669457154,0.5836495597391592,0.0017770295548073325,11301,15842,19,10673,0.9499965122163604,0.9241732577220014
FT_BALANCED,313,0.055,0.5811285846438483,0.4027169811320755,0.998129442573887,0.5738868573886857,0.7703412831321822,0.5831337729801422,0.0018705574261129816,11315,15828,20,10672,0.9499965122163604,0.9241732577220014
FT_BALANCED,313,0.06,0.5842738205365402,0.4044901209753878,0.9975682753460531,0.5755915922398208,0.7713669959645341,0.5785285340603471,0.0024317246539468764,11440,15703,26,10666,0.9499965122163604,0.9241732577220014
FT_BALANCED,313,0.065,0.5848552927183824,0.40482064907952175,0.9974747474747475,0.5759105759105759,0.7715625135647419,0.5776811700991047,0.0025252525252525255,11463,15680,27,10665,0.9499965122163604,0.9241732577220014
FT_BALANCED,313,0.07,0.5867847231399498,0.4059454933008526,0.9974747474747475,0.5770479385347906,0.7723783314020858,0.5749917105699444,0.0025252525252525255,11536,15607,27,10665,0.9499965122163604,0.9241732577220014
FT_BALANCED,313,0.075,0.5887934452226774,0.4071090409285278,0.9972876917321362,0.5781910855655569,0.7731293503480278,0.5721180414839921,0.002712308267863823,11614,15529,29,10663,0.9499965122163604,0.9241732577220014
FT_BALANCED,313,0.08,0.5902735562310031,0.4079601990049751,0.9970071081182192,0.5790016837760035,0.7736073616070133,0.5699443687138489,0.0029928918817807705,11673,15470,32,10660,0.9499965122163604,0.9241732577220014
FT_BALANCED,313,0.085,0.5932337782476543,0.40970246790189896,0.9968200523756079,0.5807224976843023,0.7747666540664709,0.5657443908189956,0.0031799476243920687,11787,15356,34,10658,0.9499965122163604,0.9241732577220014
FT_BALANCED,313,0.09,0.5944231531650588,0.410391711281439,0.996539468761691,0.581366798526804,0.7751233068047898,0.5639759790737944,0.003460531238309016,11835,15308,37,10655,0.9499965122163604,0.9241732577220014
FT_BALANCED,313,0.095,0.5952160697766619,0.4108664635792234,0.996539468761691,0.5818430034129692,0.775461783671271,0.5628707217330435,0.003460531238309016,11865,15278,37,10655,0.9499965122163604,0.9241732577220014
FT_BALANCED,313,0.1,0.5958504030659443,0.4112402053499054,0.9964459408903853,0.5822016994999863,0.7756825627957771,0.5619496739490845,0.003554059109614665,11890,15253,38,10654,0.9499965122163604,0.9241732577220014
FT_BALANCED,313,0.105,0.5965375974626669,0.41164650875227016,0.9963524130190797,0.5825927647589619,0.7759261147610239,0.5609549423424087,0.003647586980920314,11917,15226,39,10653,0.9499965122163604,0.9241732577220014
FT_BALANCED,313,0.11,0.597119069644509,0.4119967513632672,0.9963524130190797,0.5829434457851104,0.7761748633879781,0.5601444202925248,0.003647586980920314,11939,15204,39,10653,0.9499965122163604,0.9241732577220014
FT_BALANCED,313,0.115,0.5977005418263512,0.41234759047803365,0.9963524130190797,0.5832945492375503,0.7764237715551798,0.5593338982426408,0.003647586980920314,11961,15182,39,10653,0.9499965122163604,0.9241732577220014
FT_BALANCED,313,0.12,0.6016651248843663,0.4147490557956625,0.996258885147774,0.5856769759450172,0.7780748272486889,0.5537707696275282,0.0037411148522259632,12112,15031,40,10652,0.9499965122163604,0.9241732577220014
FT_BALANCED,313,0.125,0.6022730276199286,0.41510757717492985,0.9960718294051627,0.5860019808517662,0.7782357067695546,0.5528497218435693,0.003928170594837262,12137,15006,42,10650,0.9499965122163604,0.9241732577220014
FT_BALANCED,313,0.13,0.6031716664464121,0.4156518345042935,0.9959783015338571,0.5865278695747962,0.7785722641399075,0.5515602549460266,0.0040216984661429105,12172,14971,43,10649,0.9499965122163604,0.9241732577220014
FT_BALANCED,313,0.135,0.6127923880005286,0.4215678503487635,0.9948559670781894,0.5921946331143525,0.7821323529411766,0.5377076962752828,0.0051440329218107,12548,14595,55,10637,0.9499965122163604,0.9241732577220014
FT_BALANCED,313,0.14,0.6138760407030527,0.4222292816582615,0.9944818555929668,0.5927804878048781,0.7824020249885947,0.5360498102641565,0.005518144407033296,12593,14550,59,10633,0.9499965122163604,0.9241732577220014
FT_BALANCED,313,0.145,0.6309501784062376,0.4331165910113279,0.9905536849981295,0.6027030872101296,0.7877746537540352,0.5107025752496039,0.009446315001870558,13281,13862,101,10591,0.9499965122163604,0.9241732577220014
FT_BALANCED,313,0.15,0.6346240253733316,0.43554494567006913,0.9897119341563786,0.6048931062078426,0.7889478706906836,0.5052499723685665,0.0102880658436214,13429,13714,110,10582,0.9499965122163604,0.9241732577220014
FT_BALANCED,313,0.155,0.6391436500594687,0.4385659155981576,0.9884960718294051,0.6075709235147021,0.7903001480550944,0.498471060678628,0.011503928170594837,13613,13530,123,10569,0.9499965122163604,0.9241732577220014
FT_BALANCED,313,0.16,0.6431082331174838,0.44124409514652396,0.9871866816311261,0.6098864588449426,0.7913598944353641,0.49242898721585676,0.012813318368873925,13777,13366,137,10555,0.9499965122163604,0.9241732577220014
FT_BALANCED,313,0.165,0.6451698163076517,0.4426490955638561,0.9864384586606809,0.6110837509777225,0.791876266987011,0.48926058283903767,0.013561541339319118,13863,13280,145,10547,0.9499965122163604,0.9241732577220014
FT_BALANCED,313,0.17,0.6480243161094225,0.4445711389839098,0.9845679012345679,0.6125512786942481,0.7921350851054224,0.4845448181851674,0.015432098765432098,13991,13152,165,10527,0.9499965122163604,0.9241732577220014
FT_BALANCED,313,0.175,0.6542354962336461,0.448892310324181,0.9816685372240928,0.6160709045019663,0.7933484504913076,0.47474486976384334,0.01833146277590722,14257,12886,196,10496,0.9499965122163604,0.9241732577220014
FT_BALANCED,313,0.18,0.6671336064490551,0.45827849434061596,0.9769921436588104,0.6239025264289555,0.7966504987645283,0.454923921453045,0.023007856341189674,14795,12348,246,10446,0.9499965122163604,0.9241732577220014
FT_BALANCED,313,0.185,0.6826483414827541,0.47015298016251306,0.9686681631126075,0.6330491121909477,0.7991882340231801,0.43001878937479276,0.031331836887392446,15471,11672,335,10357,0.9499965122163604,0.9241732577220014
FT_BALANCED,313,0.19,0.6869300911854104,0.4735901782033075,0.9668911335578002,0.6357738076934903,0.8001919593789184,0.4233504034189294,0.03310886644219978,15652,11491,354,10338,0.9499965122163604,0.9241732577220014
FT_BALANCED,313,0.195,0.6905510770450641,0.4765466297322253,0.9653946876169098,0.6381058358061326,0.8010492332526231,0.4177135909811001,0.03460531238309016,15805,11338,370,10322,0.9499965122163604,0.9241732577220014
FT_BALANCED,313,0.2,0.6933527157393947,0.4788745473117281,0.9646464646464646,0.6400248215947875,0.8019469411874475,0.4135136130862469,0.03535353535353535,15919,11224,378,10314,0.9499965122163604,0.9241732577220014
FT_BALANCED,313,0.205,0.6957314655742037,0.48086615643083813,0.9637111859334082,0.6415940224159402,0.8025422144681912,0.4098294219504108,0.036288814066591846,16019,11124,388,10304,0.9499965122163604,0.9241732577220014
FT_BALANCED,313,0.21,0.6990352847892163,0.4836678103116041,0.9624953236064347,0.6438111920923395,0.8034194706846749,0.40474523818295693,0.037504676393565285,16157,10986,401,10291,0.9499965122163604,0.9241732577220014
FT_BALANCED,313,0.215,0.7009382846570635,0.485297588143673,0.9616535727646839,0.645064148812698,0.8038464545383472,0.40176104336292967,0.03834642723531612,16238,10905,410,10282,0.9499965122163604,0.9241732577220014
FT_BALANCED,313,0.22,0.7027091317563103,0.48682464454976304,0.9607182940516273,0.646200301962758,0.804158577065197,0.39892421618833585,0.03928170594837262,16315,10828,420,10272,0.9499965122163604,0.9241732577220014
FT_BALANCED,313,0.225,0.7050614510373993,0.4888740648973174,0.9595959595959596,0.6477477193093216,0.8046427731158341,0.3952031831411414,0.04040404040404041,16416,10727,432,10260,0.9499965122163604,0.9241732577220014
FT_BALANCED,313,0.23,0.7082066869300911,0.49164425662696887,0.9575383464272353,0.64970173879934,0.8049754686124041,0.39000847363961244,0.042461653572764685,16557,10586,454,10238,0.9499965122163604,0.9241732577220014
FT_BALANCED,313,0.235,0.7170344918726047,0.4996564248552076,0.9521137298915077,0.6553788707912187,0.8061195400842545,0.3755664443871348,0.04788627010849233,16949,10194,512,10180,0.9499965122163604,0.9241732577220014
FT_BALANCED,313,0.24,0.721844852649663,0.5041737056543775,0.9490273101384212,0.6585112596534494,0.8066747225490507,0.36764543344508716,0.05097268986157875,17164,9979,545,10147,0.9499965122163604,0.9241732577220014
FT_BALANCED,313,0.245,0.7277388661292454,0.509851347946586,0.9463150018705574,0.662671513246226,0.8079791736540335,0.3583612717827801,0.05368499812944257,17416,9727,574,10118,0.9499965122163604,0.9241732577220014
FT_BALANCED,313,0.25,0.7455794898903132,0.5280733171810807,0.9377104377104377,0.6756519981130804,0.8117692781034427,0.330103525770917,0.06228956228956229,18183,8960,666,10026,0.9499965122163604,0.9241732577220014
FT_BALANCED,313,0.255,0.7518171005682569,0.5348277337898566,0.9349981294425739,0.6804383337870951,0.8132931988285063,0.32034041926095125,0.06500187055742611,18448,8695,695,9997,0.9499965122163604,0.9241732577220014
FT_BALANCED,313,0.26,0.7680190299986784,0.5535784231436406,0.9252712308267864,0.6927143507334664,0.8157291512063194,0.29392476881700624,0.07472876917321362,19165,7978,799,9893,0.9499965122163604,0.9241732577220014
FT_BALANCED,313,0.265,0.7766089599577111,0.5641539695268645,0.9211560044893379,0.6997513321492007,0.8176701092551389,0.2803301035257709,0.07884399551066218,19534,7609,843,9849,0.9499965122163604,0.9241732577220014
FT_BALANCED,313,0.27,0.7871547508920312,0.5779431744344025,0.9150766928544707,0.7084464718873321,0.8194716652428095,0.2632354566554913,0.08492330714552937,19998,7145,908,9784,0.9499965122163604,0.9241732577220014
FT_BALANCED,313,0.275,0.8045460552398572,0.6031150309626572,0.9017957351290684,0.7228156977397954,0.8205259126882818,0.23376192756880226,0.09820426487093153,20798,6345,1050,9642,0.9499965122163604,0.9241732577220014
FT_BALANCED,313,0.28,0.8356548169684155,0.6560625087205246,0.879536101758324,0.7515384000639335,0.8234387587124794,0.18163062299672106,0.12046389824167603,22213,4930,1288,9404,0.9499965122163604,0.9241732577220014
FT_BALANCED,313,0.285,0.8699088145896656,0.7309847878302642,0.8539094650205762,0.7876800966266931,0.8261247240218612,0.12378882216409387,0.14609053497942387,23783,3360,1562,9130,0.9499965122163604,0.9241732577220014
FT_BALANCED,313,0.29,0.876040703052729,0.7474439313984169,0.847830153385709,0.794478527607362,0.8256521422325852,0.11284677449066058,0.15216984661429106,24080,3063,1627,9065,0.9499965122163604,0.9241732577220014
FT_BALANCED,313,0.295,0.8769922029866526,0.7499172185430464,0.847268986157875,0.7956262076233972,0.8258277421236873,0.11129941421360941,0.15273101384212495,24122,3021,1633,9059,0.9499965122163604,0.9241732577220014
FT_BALANCED,313,0.3,0.8883573410862957,0.7818055071453468,0.8391320613542835,0.8094550703717069,0.827003908266352,0.09225214604133662,0.1608679386457164,24639,2504,1720,8972,0.9499965122163604,0.9241732577220014
FT_BALANCED,313,0.305,0.8890181049292982,0.7840083982153793,0.8381967826412271,0.8101975319802921,0.8267680215502131,0.09096267914379398,0.16180321735877293,24674,2469,1730,8962,0.9499965122163604,0.9241732577220014
FT_BALANCED,313,0.31,0.8911061186731862,0.7901801483574709,0.836887392442948,0.8128633720930233,0.8271093692228055,0.08753638138746637,0.163112607557052,24767,2376,1744,8948,0.9499965122163604,0.9241732577220014
FT_BALANCED,313,0.315,0.8918197436236289,0.7923274563657304,0.8364197530864198,0.8137767869329815,0.827213023772084,0.08635744022399883,0.16358024691358025,24799,2344,1749,8943,0.9499965122163604,0.9241732577220014
FT_BALANCED,313,0.32,0.892348354698031,0.7940470901821413,0.8358585858585859,0.8144165489588554,0.8271476963515539,0.08539955052868142,0.16414141414141414,24825,2318,1755,8937,0.9499965122163604,0.9241732577220014
FT_BALANCED,313,0.325,0.8935641601691555,0.7978371614978997,0.8349233071455293,0.8159590512316621,0.8272327964860908,0.0833364034926132,0.16507669285447063,24881,2262,1765,8927,0.9499965122163604,0.9241732577220014
FT_BALANCED,313,0.33,0.8939341879212369,0.7992115401845713,0.8342686120463898,0.8163638859653136,0.8270132952585807,0.08256272335408761,0.16573138795361017,24902,2241,1772,8920,0.9499965122163604,0.9241732577220014
FT_BALANCED,313,0.335,0.8942513545658781,0.8003411437292396,0.8338009726898615,0.8167285053364481,0.8268870462092122,0.08193641086099547,0.16619902731013841,24919,2224,1777,8915,0.9499965122163604,0.9241732577220014
FT_BALANCED,313,0.34,0.8946213823179595,0.8015109272416584,0.8335203890759446,0.8172023290999955,0.8269155826080502,0.08131009836790333,0.16647961092405536,24936,2207,1780,8912,0.9499965122163604,0.9241732577220014
FT_BALANCED,313,0.345,0.8950442711774812,0.8028841820639928,0.833146277590722,0.8177353467664203,0.8269127230195125,0.0805732601407361,0.16685372240927795,24956,2187,1784,8908,0.9499965122163604,0.9241732577220014
FT_BALANCED,313,0.35,0.8952028544998017,0.803921568627451,0.8321174710063599,0.8177765522312607,0.826321166527352,0.07994694764764396,0.16788252899364012,24973,2170,1795,8897,0.9499965122163604,0.9241732577220014
FT_BALANCED,313,0.355,0.895784326681644,0.8057443145782368,0.8317433595211373,0.8185374384463159,0.8264101849270514,0.07898905795232657,0.1682566404788627,24999,2144,1799,8893,0.9499965122163604,0.9241732577220014
FT_BALANCED,313,0.36,0.8962072155411656,0.8070812528370404,0.8314627759072204,0.819090615930345,0.8264693304575795,0.0782890616365177,0.16853722409277966,25018,2125,1802,8890,0.9499965122163604,0.9241732577220014
FT_BALANCED,313,0.365,0.8973437293511299,0.8108675799086758,0.8304339693228582,0.8205341465668607,0.8264455117465282,0.07629959842316619,0.1695660306771418,25072,2071,1813,8879,0.9499965122163604,0.9241732577220014
FT_BALANCED,313,0.37,0.8981366459627329,0.8133822181484877,0.82996632996633,0.8215905934635683,0.8265956257684713,0.07501013152562355,0.17003367003367004,25107,2036,1818,8874,0.9499965122163604,0.9241732577220014
FT_BALANCED,313,0.375,0.8990617153429364,0.8162908421537045,0.8294986906098017,0.8228417683351116,0.826823038054929,0.0735364550712891,0.17050130939019828,25147,1996,1823,8869,0.9499965122163604,0.9241732577220014
FT_BALANCED,313,0.38,0.8998282014008193,0.8189463955637708,0.8287504676393566,0.8238192636667907,0.8267709188624318,0.07217330435102973,0.17124953236064347,25184,1959,1831,8861,0.9499965122163604,0.9241732577220014
FT_BALANCED,313,0.385,0.9003832430289415,0.8208360367040505,0.8282828282828283,0.8245426190587032,0.8267826801351831,0.07121541465571234,0.1717171717171717,25210,1933,1836,8856,0.9499965122163604,0.9241732577220014
FT_BALANCED,313,0.39,0.9010968679793842,0.8234965555762428,0.8273475495697717,0.8254175608845759,0.8265744720612971,0.06985226393545298,0.1726524504302282,25247,1896,1846,8846,0.9499965122163604,0.9241732577220014
FT_BALANCED,313,0.395,0.9020219373595877,0.8267989145691026,0.8264122708567153,0.826605547499883,0.8264895706669161,0.06819437792432671,0.17358772914328469,25292,1851,1856,8836,0.9499965122163604,0.9241732577220014
FT_BALANCED,313,0.4,0.9032377428307123,0.8311822892133773,0.8251964085297419,0.8281785328765194,0.826386677406665,0.0660207051541834,0.17480359147025815,25351,1792,1869,8823,0.9499965122163604,0.9241732577220014
FT_BALANCED,313,0.405,0.903951367781155,0.8343755921925337,0.8236064347175458,0.828956038783771,0.8257379693184801,0.0643996610544155,0.17639356528245417,25395,1748,1886,8806,0.9499965122163604,0.9241732577220014
FT_BALANCED,313,0.41,0.9047971455001982,0.8376833682606211,0.822484100261878,0.8300141576215196,0.8254796680809522,0.0627786169546476,0.17751589973812196,25439,1704,1898,8794,0.9499965122163604,0.9241732577220014
FT_BALANCED,313,0.415,0.9065944231531651,0.8445984979780474,0.8204264870931538,0.8323370338741817,0.8251495654137037,0.05946284493239509,0.17957351290684623,25529,1614,1920,8772,0.9499965122163604,0.9241732577220014
FT_BALANCED,313,0.42,0.9081273952689309,0.8509727626459144,0.8181818181818182,0.8342551974060652,0.8245362690393607,0.05644180820100947,0.18181818181818182,25611,1532,1944,8748,0.9499965122163604,0.9241732577220014
FT_BALANCED,313,0.425,0.909739659045857,0.8568906326630701,0.8170594837261503,0.8365011729784075,0.8247266959953174,0.053752348671849096,0.1829405162738496,25684,1459,1956,8736,0.9499965122163604,0.9241732577220014
FT_BALANCED,313,0.43,0.911589797806264,0.8644706816152397,0.8149083426861204,0.838958162823167,0.8243608908736542,0.050326050915521496,0.18509165731387953,25777,1366,1979,8713,0.9499965122163604,0.9241732577220014
FT_BALANCED,313,0.435,0.9129377560459891,0.8706412825651303,0.8126636737747849,0.8406540247678019,0.82363312353075,0.047562907563644403,0.18733632622521512,25852,1291,2003,8689,0.9499965122163604,0.9241732577220014
FT_BALANCED,313,0.44,0.9145500198229153,0.8786678850644736,0.8093901982790872,0.8426074679908476,0.8223577931086912,0.04402608407324172,0.19060980172091282,25948,1195,2038,8654,0.9499965122163604,0.9241732577220014
FT_BALANCED,313,0.445,0.91579225584776,0.8845286885245902,0.8074261129816686,0.8442206141208685,0.8217522083460249,0.04152083410087316,0.19257388701833147,26016,1127,2059,8633,0.9499965122163604,0.9241732577220014
FT_BALANCED,313,0.45,0.917351658517246,0.8913605794102432,0.8057426112981668,0.846391904504593,0.8215246123624436,0.03868400692627934,0.19425738870183315,26093,1050,2077,8615,0.9499965122163604,0.9241732577220014
FT_BALANCED,313,0.455,0.9188846306330117,0.8997378080755113,0.8023756079311635,0.8482721115340881,0.8201250406286447,0.03522086725859338,0.1976243920688365,26187,956,2113,8579,0.9499965122163604,0.9241732577220014
FT_BALANCED,313,0.46,0.9199682833355359,0.9054168429961913,0.8004115226337448,0.8496822875297856,0.8194178475679815,0.032936668754374974,0.19958847736625515,26249,894,2134,8558,0.9499965122163604,0.9241732577220014
FT_BALANCED,313,0.465,0.9208140610545791,0.9108477471706171,0.7978862701084923,0.8506331638249078,0.8181800744236009,0.030762995984231663,0.20211372989150767,26308,835,2161,8531,0.9499965122163604,0.9241732577220014
FT_BALANCED,313,0.47,0.9225056164926655,0.919822549231768,0.7950804339693228,0.8529146182401927,0.8172466833301286,0.027299856316545704,0.20491956603067715,26402,741,2191,8501,0.9499965122163604,0.9241732577220014
FT_BALANCED,313,0.475,0.9239064358398309,0.926893235711944,0.7933034044145155,0.8549110517562869,0.8168493229838788,0.02464723869874369,0.20669659558548448,26474,669,2210,8482,0.9499965122163604,0.9241732577220014
FT_BALANCED,313,0.48,0.9255451301704771,0.9359016937894388,0.7906846240179574,0.8571863117870723,0.8160074129843053,0.021331466676491176,0.20931537598204264,26564,579,2238,8454,0.9499965122163604,0.9241732577220014
FT_BALANCED,313,0.485,0.9266023523192811,0.9412420559705653,0.7895622895622896,0.8587559127206145,0.815857123528616,0.01941568728585639,0.21043771043771045,26616,527,2250,8442,0.9499965122163604,0.9241732577220014
FT_BALANCED,313,0.49,0.9273424078234439,0.9453852192441404,0.7884399551066218,0.8598092712529961,0.8155170745864371,0.01794201083152194,0.21156004489337824,26656,487,2262,8430,0.9499965122163604,0.9241732577220014
FT_BALANCED,313,0.495,0.9276860050218052,0.9475697569756976,0.7876917321361766,0.8602655771195098,0.8152005575344589,0.017168330692996354,0.21230826786382342,26677,466,2270,8422,0.9499965122163604,0.9241732577220014
FT_BALANCED,313,0.5,0.9283731994185278,0.9510623869801085,0.7870370370370371,0.8613101330603891,0.8151542157470553,0.01595254761817043,0.21296296296296297,26710,433,2277,8415,0.9499965122163604,0.9241732577220014
FT_BALANCED,313,0.505,0.9288225188317695,0.9537152580828134,0.7862888140665918,0.8619469933869893,0.8149002578368842,0.015031499834211398,0.21371118593340815,26735,408,2285,8407,0.9499965122163604,0.9241732577220014
FT_BALANCED,313,0.51,0.9291132549226906,0.9559426229508197,0.7853535353535354,0.8622920517560073,0.8144203910614526,0.014257819695685812,0.21464646464646464,26756,387,2295,8397,0.9499965122163604,0.9241732577220014
FT_BALANCED,313,0.515,0.9294304215673318,0.9578767123287671,0.7847923681257014,0.8627390499691547,0.81421751280857,0.013594665291235309,0.21520763187429853,26774,369,2301,8391,0.9499965122163604,0.9241732577220014
FT_BALANCED,313,0.52,0.9297740187656931,0.9597207918526147,0.7844182566404788,0.8632597395913746,0.8141611819752654,0.012968352798143167,0.21558174335952113,26791,352,2305,8387,0.9499965122163604,0.9241732577220014
FT_BALANCED,313,0.525,0.930011893749174,0.961132767713827,0.7840441451552562,0.8636035850417224,0.8140415614682461,0.012489407950484472,0.21595585484474372,26804,339,2309,8383,0.9499965122163604,0.9241732577220014
FT_BALANCED,313,0.53,0.9305933659310163,0.9645243031559548,0.7832023943135055,0.864457520388149,0.8137998056365404,0.011347308698375271,0.2167976056864946,26835,308,2318,8374,0.9499965122163604,0.9241732577220014
FT_BALANCED,313,0.535,0.9305933659310163,0.965059963099631,0.7827347549569772,0.8643875232390003,0.8134720062208398,0.011163099141583465,0.21726524504302283,26840,303,2323,8369,0.9499965122163604,0.9241732577220014
FT_BALANCED,313,0.54,0.9307255186996167,0.9659392679829119,0.7824541713430603,0.8645688007027335,0.8133543331583347,0.010868363850716576,0.21754582865693978,26848,295,2326,8366,0.9499965122163604,0.9241732577220014
FT_BALANCED,313,0.545,0.9306726575921765,0.9664701121516939,0.7817994762439207,0.8643813660100306,0.8128634498317676,0.01068415429392477,0.21820052375607932,26853,290,2333,8359,0.9499965122163604,0.9241732577220014
FT_BALANCED,313,0.55,0.9306726575921765,0.9672264041690793,0.7811447811447811,0.8642831272313344,0.8124039452950216,0.01042626091441624,0.21885521885521886,26860,283,2340,8352,0.9499965122163604,0.9241732577220014
FT_BALANCED,313,0.555,0.9307519492533368,0.9679962894248608,0.7807706696595585,0.8643611513770967,0.8121886674968867,0.010168367534907711,0.21922933034044145,26867,276,2344,8348,0.9499965122163604,0.9241732577220014
FT_BALANCED,313,0.56,0.9307783798070569,0.9684344899617036,0.7804900860456416,0.8643637681909991,0.812007395154228,0.010020999889474266,0.2195099139543584,26871,272,2347,8345,0.9499965122163604,0.9241732577220014
FT_BALANCED,313,0.565,0.9308048103607771,0.9689823420074349,0.780115974560419,0.8643523316062177,0.8117603550295858,0.00983679033268246,0.219884025439581,26876,267,2351,8341,0.9499965122163604,0.9241732577220014
FT_BALANCED,313,0.57,0.9308576714682173,0.9693165969316597,0.7800224466891134,0.8644278606965174,0.8117262321887411,0.009726264598607376,0.21997755331088664,26879,264,2352,8340,0.9499965122163604,0.9241732577220014
FT_BALANCED,313,0.575,0.9309633936830977,0.9697674418604652,0.7800224466891134,0.8646070910221854,0.8117894408970567,0.00957889695317393,0.21997755331088664,26883,260,2352,8340,0.9499965122163604,0.9241732577220014
FT_BALANCED,313,0.58,0.9309369631293776,0.9697639260379114,0.7799289188178077,0.8645482349282048,0.8117079058539529,0.00957889695317393,0.2200710811821923,26883,260,2353,8339,0.9499965122163604,0.9241732577220014
FT_BALANCED,313,0.585,0.9310955464516981,0.970441056674037,0.7799289188178077,0.8648172154524242,0.8118027296976303,0.009357845485023763,0.2200710811821923,26889,254,2353,8339,0.9499965122163604,0.9241732577220014
FT_BALANCED,313,0.59,0.9311219770054182,0.9707731718677224,0.7797418630751964,0.8648340248962656,0.8116870472778254,0.009247319750948679,0.2202581369248036,26892,251,2355,8337,0.9499965122163604,0.9241732577220014
FT_BALANCED,313,0.595,0.9311219770054182,0.9707731718677224,0.7797418630751964,0.8648340248962656,0.8116870472778254,0.009247319750948679,0.2202581369248036,26892,251,2355,8337,0.9499965122163604,0.9241732577220014
FT_BALANCED,313,0.6,0.9320206158319017,0.976078799249531,0.778526000748223,0.8661810613943809,0.8113693075483468,0.007515749917105699,0.22147399925177702,26939,204,2368,8324,0.9499965122163604,0.9241732577220014
FT_BALANCED,313,0.605,0.9320999074930619,0.9764222873900293,0.778526000748223,0.8663162824582401,0.8114167625212018,0.007405224183030616,0.22147399925177702,26942,201,2368,8324,0.9499965122163604,0.9241732577220014
FT_BALANCED,313,0.61,0.9321791991542223,0.9769899037332708,0.7783389450056116,0.8664237376366476,0.8113325273953906,0.0072210146262388095,0.22166105499438832,26947,196,2370,8322,0.9499965122163604,0.9241732577220014
FT_BALANCED,313,0.615,0.9324699352451434,0.9799457355196414,0.7769360269360269,0.8667118785539151,0.8105180993267634,0.0062631249309214165,0.22306397306397308,26973,170,2385,8307,0.9499965122163604,0.9241732577220014
FT_BALANCED,313,0.62,0.9325227963525836,0.9802903340021244,0.7768424990647212,0.8667884163840333,0.8104837922757168,0.0061525991968463326,0.22315750093527872,26976,167,2386,8306,0.9499965122163604,0.9241732577220014
FT_BALANCED,313,0.625,0.9324699352451434,0.9802856805571951,0.77665544332211,0.86667014559307,0.8103202638615116,0.0061525991968463326,0.22334455667789002,26976,167,2388,8304,0.9499965122163604,0.9241732577220014
FT_BALANCED,313,0.63,0.9324963657988635,0.9808555896951076,0.7762813318368874,0.8666597055445339,0.8100722233066563,0.005968389640054526,0.22371866816311262,26981,162,2392,8300,0.9499965122163604,0.9241732577220014
FT_BALANCED,313,0.635,0.9324170741377031,0.9809625162587206,0.7759072203516648,0.8664682228837015,0.8097608589555881,0.005931547728696165,0.2240927796483352,26982,161,2396,8296,0.9499965122163604,0.9241732577220014
FT_BALANCED,313,0.64,0.9324170741377031,0.9811901100201113,0.7757201646090535,0.8664403238443458,0.8096288631615938,0.005857863905979442,0.2242798353909465,26984,159,2398,8294,0.9499965122163604,0.9241732577220014
FT_BALANCED,313,0.645,0.9326549491211841,0.9829222011385199,0.7751589973812196,0.8667642752562226,0.809375,0.005305235235604023,0.2248410026187804,26999,144,2404,8288,0.9499965122163604,0.9241732577220014
FT_BALANCED,313,0.65,0.9326549491211841,0.9832660811773083,0.7748784137673027,0.8667224605084214,0.8091768566628902,0.0051947095015289395,0.22512158623269735,27002,141,2407,8285,0.9499965122163604,0.9241732577220014
FT_BALANCED,313,0.655,0.9326020880137439,0.9834916864608076,0.7745043022820801,0.8665759732105484,0.8088809877314994,0.005121025678812217,0.22549569771791994,27004,139,2411,8281,0.9499965122163604,0.9241732577220014
FT_BALANCED,313,0.66,0.9325227963525836,0.9836007130124778,0.7741301907968574,0.8663840477311979,0.80856925150929,0.005084183767453856,0.22586980920314254,27005,138,2415,8277,0.9499965122163604,0.9241732577220014
FT_BALANCED,313,0.665,0.9324963657988635,0.9837137422729434,0.7739431350542462,0.8663107202680067,0.8084212583040251,0.005047341856095494,0.22605686494575383,27006,137,2417,8275,0.9499965122163604,0.9241732577220014
FT_BALANCED,313,0.67,0.9324435046914232,0.9838249286393911,0.7736625514403292,0.8661780104712044,0.80819133969048,0.005010499944737133,0.22633744855967078,27007,136,2420,8272,0.9499965122163604,0.9241732577220014
FT_BALANCED,313,0.675,0.9324963657988635,0.9841742027605902,0.7735690235690236,0.8662547130289066,0.8081568045024623,0.004899974210662049,0.22643097643097643,27010,133,2421,8271,0.9499965122163604,0.9241732577220014
FT_BALANCED,313,0.68,0.9324699352451434,0.984518280338216,0.773194912083801,0.8661532819948662,0.8078764780611747,0.004789448476586965,0.22680508791619902,27013,130,2425,8267,0.9499965122163604,0.9241732577220014
FT_BALANCED,313,0.685,0.9325227963525836,0.9848683426665078,0.7731013842124953,0.8662300235787267,0.8078419108305154,0.004678922742511881,0.22689861578750467,27016,127,2426,8266,0.9499965122163604,0.9241732577220014
FT_BALANCED,313,0.69,0.9325227963525836,0.9852152140217002,0.7728208005985784,0.8661879553435715,0.8076434366142118,0.004568397008436797,0.22717919940142162,27019,124,2429,8263,0.9499965122163604,0.9241732577220014
FT_BALANCED,313,0.695,0.9325492269063037,0.9854484732824428,0.7727272727272727,0.8662193331935416,0.8075930559899905,0.004494713185720075,0.22727272727272727,27021,122,2430,8262,0.9499965122163604,0.9241732577220014
FT_BALANCED,313,0.7,0.9326020880137439,0.9862637362637363,0.7722596333707444,0.8662400335711289,0.8072937035588581,0.0042368198062115465,0.2277403666292555,27028,115,2435,8257,0.9499965122163604,0.9241732577220014
FT_BALANCED,313,0.705,0.9325756574600238,0.9862620953291125,0.7721661054994389,0.8661805591984472,0.807211717084808,0.0042368198062115465,0.22783389450056116,27028,115,2436,8256,0.9499965122163604,0.9241732577220014
FT_BALANCED,313,0.71,0.9326020880137439,0.9864961759082218,0.7720725776281332,0.8662119622245541,0.8071612953692116,0.004163135983494824,0.2279274223718668,27030,113,2437,8255,0.9499965122163604,0.9241732577220014
FT_BALANCED,313,0.715,0.9326020880137439,0.986845252331978,0.7717919940142163,0.8661698331059094,0.8069626442401723,0.00405261024941974,0.22820800598578375,27033,110,2440,8252,0.9499965122163604,0.9241732577220014
FT_BALANCED,313,0.72,0.9325756574600238,0.9868436789857673,0.7716984661429106,0.8661103238335172,0.8068806352559214,0.00405261024941974,0.2283015338570894,27033,110,2441,8251,0.9499965122163604,0.9241732577220014
FT_BALANCED,313,0.725,0.9325492269063037,0.9868421052631579,0.7716049382716049,0.8660508083140878,0.8067986230636833,0.00405261024941974,0.22839506172839505,27033,110,2442,8250,0.9499965122163604,0.9241732577220014
FT_BALANCED,313,0.73,0.9325492269063037,0.9868421052631579,0.7716049382716049,0.8660508083140878,0.8067986230636833,0.00405261024941974,0.22839506172839505,27033,110,2442,8250,0.9499965122163604,0.9241732577220014
FT_BALANCED,313,0.735,0.9325756574600238,0.987076702165849,0.7715114104002992,0.8660822090398446,0.8067481662591686,0.003978926426703017,0.2284885895997007,27035,108,2443,8249,0.9499965122163604,0.9241732577220014
FT_BALANCED,313,0.74,0.9324699352451434,0.9871871632139864,0.7710437710437711,0.8658299637662134,0.8063538019131831,0.003942084515344656,0.22895622895622897,27036,107,2448,8244,0.9499965122163604,0.9241732577220014
FT_BALANCED,313,0.745,0.9324963657988635,0.9874221370388117,0.7709502431724654,0.8658613445378152,0.8063033101181627,0.0038684006926279334,0.22904975682753462,27038,105,2449,8243,0.9499965122163604,0.9241732577220014
FT_BALANCED,313,0.75,0.9324435046914232,0.9876528410453129,0.7705761316872428,0.8657139854996323,0.8060066523185287,0.003794716869911211,0.2294238683127572,27040,103,2453,8239,0.9499965122163604,0.9241732577220014
FT_BALANCED,313,0.755,0.9325227963525836,0.9882423515296941,0.7703890759446315,0.8658222525884269,0.8059213744789933,0.0036105073131194047,0.2296109240553685,27045,98,2455,8237,0.9499965122163604,0.9241732577220014
FT_BALANCED,313,0.76,0.9325227963525836,0.9883595343813752,0.7702955480733259,0.8658081471747701,0.8058550713293282,0.0035736654017610434,0.22970445192667416,27046,97,2456,8236,0.9499965122163604,0.9241732577220014
FT_BALANCED,313,0.765,0.9324963657988635,0.9885926993275697,0.7700149644594089,0.865720294426919,0.8056403632378267,0.003499981579044321,0.2299850355405911,27048,95,2459,8233,0.9499965122163604,0.9241732577220014
FT_BALANCED,313,0.77,0.9324963657988635,0.9888274867851994,0.7698279087167976,0.8656920488010096,0.8055077115791123,0.0034262977563275982,0.2301720912832024,27050,93,2461,8231,0.9499965122163604,0.9241732577220014
FT_BALANCED,313,0.775,0.9325227963525836,0.9889462934038208,0.7698279087167976,0.865737575598212,0.8055234777162319,0.003389455844969237,0.2301720912832024,27051,92,2461,8231,0.9499965122163604,0.9241732577220014
FT_BALANCED,313,0.78,0.9325227963525836,0.9889462934038208,0.7698279087167976,0.865737575598212,0.8055234777162319,0.003389455844969237,0.2301720912832024,27051,92,2461,8231,0.9499965122163604,0.9241732577220014
FT_BALANCED,313,0.785,0.9325492269063037,0.9890651285748618,0.7698279087167976,0.86578310718418,0.8055392444705421,0.0033526139336108756,0.2301720912832024,27052,91,2461,8231,0.9499965122163604,0.9241732577220014
FT_BALANCED,313,0.79,0.9325227963525836,0.9890638144453792,0.769734380845492,0.865723452374691,0.8054571434163911,0.0033526139336108756,0.23026561915450805,27052,91,2462,8230,0.9499965122163604,0.9241732577220014
FT_BALANCED,313,0.795,0.9324963657988635,0.9890625,0.7696408529741863,0.8656637912897117,0.8053750391481366,0.0033526139336108756,0.2303591470258137,27052,91,2463,8229,0.9499965122163604,0.9241732577220014
FT_BALANCED,313,0.8,0.9324435046914232,0.9890598701610964,0.769453797231575,0.8655444502893214,0.8052108209685628,0.0033526139336108756,0.230546202768425,27052,91,2465,8227,0.9499965122163604,0.9241732577220014
FT_BALANCED,313,0.805,0.9324699352451434,0.9892964521948286,0.7693602693602694,0.8655758404798232,0.8051602294305347,0.003278930110894153,0.23063973063973064,27054,89,2466,8226,0.9499965122163604,0.9241732577220014
FT_BALANCED,313,0.81,0.9324170741377031,0.9895294259236972,0.7689861578750468,0.8654281353612968,0.8048632456878829,0.003205246288177431,0.23101384212495324,27056,87,2470,8222,0.9499965122163604,0.9241732577220014
FT_BALANCED,313,0.815,0.9324963657988635,0.9902409638554217,0.7687055742611298,0.8655223251895534,0.8047113652385056,0.002984194820027263,0.23129442573887019,27062,81,2473,8219,0.9499965122163604,0.9241732577220014
FT_BALANCED,313,0.82,0.9324699352451434,0.9903579607086899,0.7685185185185185,0.8654484175048711,0.8045628121022227,0.0029473529086689017,0.23148148148148148,27063,80,2475,8217,0.9499965122163604,0.9241732577220014
FT_BALANCED,313,0.825,0.9324435046914232,0.9904750421991801,0.7683314627759072,0.8653744864637101,0.8044142415103208,0.0029105109973105404,0.23166853722409278,27064,79,2477,8215,0.9499965122163604,0.9241732577220014
FT_BALANCED,313,0.83,0.9323377824765429,0.990588803088803,0.767863823419379,0.8651211801896733,0.804019116264494,0.002873669085952179,0.23213617658062102,27065,78,2482,8210,0.9499965122163604,0.9241732577220014
FT_BALANCED,313,0.835,0.932364213030263,0.9908267954133977,0.7677702955480733,0.8651525530905833,0.8039684249701291,0.0027999852632354565,0.23222970445192667,27067,76,2483,8209,0.9499965122163604,0.9241732577220014
FT_BALANCED,313,0.84,0.9323377824765429,0.9908256880733946,0.7676767676767676,0.8650927487352446,0.8038862336441276,0.0027999852632354565,0.23232323232323232,27067,76,2484,8208,0.9499965122163604,0.9241732577220014
FT_BALANCED,313,0.845,0.9323377824765429,0.9911814447934284,0.7673961840628507,0.8650500790722193,0.803686870665674,0.002689459529160373,0.23260381593714927,27070,73,2487,8205,0.9499965122163604,0.9241732577220014
FT_BALANCED,313,0.85,0.932364213030263,0.9913011960855382,0.7673961840628507,0.8650956824292266,0.8037026153394063,0.0026526176178020117,0.23260381593714927,27071,72,2487,8205,0.9499965122163604,0.9241732577220014
FT_BALANCED,313,0.855,0.9321791991542223,0.9920077500605473,0.7661803217358772,0.8645910290237466,0.8027280210088973,0.002431566149651844,0.2338196782641227,27077,66,2500,8192,0.9499965122163604,0.9241732577220014
FT_BALANCED,313,0.86,0.9321263380467821,0.9920058139534884,0.765993265993266,0.8644711842938568,0.802563499529633,0.002431566149651844,0.234006734006734,27077,66,2502,8190,0.9499965122163604,0.9241732577220014
FT_BALANCED,313,0.865,0.9321527686005022,0.9935609281982748,0.7648709315375982,0.8643449770121017,0.8017804270671974,0.0019526213019931474,0.2351290684624018,27090,53,2514,8178,0.9499965122163604,0.9241732577220014
FT_BALANCED,313,0.87,0.9321263380467821,0.9941605839416059,0.7643097643097643,0.8642131979695431,0.8013650270651919,0.001768411745201341,0.2356902356902357,27095,48,2520,8172,0.9499965122163604,0.9241732577220014
FT_BALANCED,313,0.875,0.9319148936170213,0.9945162076529369,0.7632809577254022,0.8636892792888137,0.8005061403852944,0.0016578860111262572,0.23671904227459784,27098,45,2531,8161,0.9499965122163604,0.9241732577220014
FT_BALANCED,313,0.88,0.9317298797409805,0.9948736726473819,0.7623456790123457,0.8632247815726768,0.7997292046859363,0.0015473602770511735,0.23765432098765432,27101,42,2541,8151,0.9499965122163604,0.9241732577220014
FT_BALANCED,313,0.885,0.9316241575261002,0.9948711686408597,0.761971567527123,0.86298395212118,0.7993994936907587,0.0015473602770511735,0.23802843247287692,27101,42,2545,8147,0.9499965122163604,0.9241732577220014
FT_BALANCED,313,0.89,0.93157129641866,0.9949908368967624,0.7616909839132061,0.8628489696456004,0.7991678605773949,0.0015105183656928122,0.23830901608679386,27102,41,2548,8144,0.9499965122163604,0.9241732577220014
FT_BALANCED,313,0.895,0.93157129641866,0.9958389426018848,0.7610362888140666,0.8627471770132005,0.7987004063684013,0.0012526249861842832,0.2389637111859334,27109,34,2555,8137,0.9499965122163604,0.9241732577220014
FT_BALANCED,313,0.9,0.93157129641866,0.9964465139076094,0.7605686494575383,0.862674375430966,0.7983663531583184,0.001068415429392477,0.23943135054246165,27114,29,2560,8132,0.9499965122163604,0.9241732577220014
FT_BALANCED,313,0.905,0.9315448658649399,0.9964460784313726,0.7604751215862326,0.8626140462550392,0.7982838517122212,0.001068415429392477,0.2395248784137673,27114,29,2561,8131,0.9499965122163604,0.9241732577220014
FT_BALANCED,313,0.91,0.9314920047574997,0.9966887417218543,0.76010101010101,0.8624641833810889,0.797985153764581,0.0009947316066757543,0.2398989898989899,27116,27,2565,8127,0.9499965122163604,0.9241732577220014
FT_BALANCED,313,0.915,0.9314655742037796,0.9966883355819943,0.7600074822297045,0.8624038206420801,0.7979026334910941,0.0009947316066757543,0.23999251777029554,27116,27,2566,8126,0.9499965122163604,0.9241732577220014
FT_BALANCED,313,0.92,0.9314391436500594,0.9966879293424926,0.7599139543583988,0.8623434514964976,0.7978201099764336,0.0009947316066757543,0.2400860456416012,27116,27,2567,8125,0.9499965122163604,0.9241732577220014
FT_BALANCED,313,0.925,0.9312541297740188,0.996807073560113,0.7591657313879536,0.8619060260153968,0.7971754630629923,0.000957889695317393,0.24083426861204638,27117,26,2575,8117,0.9499965122163604,0.9241732577220014
FT_BALANCED,313,0.93,0.931306990881459,0.9971741000122866,0.759072203516648,0.8619829005363497,0.7971398825308895,0.0008473639612423092,0.24092779648335205,27120,23,2576,8116,0.9499965122163604,0.9241732577220014
FT_BALANCED,313,0.935,0.9312805603277389,0.9972959685349065,0.7588851477740367,0.8619077968982367,0.796990413327047,0.0008105220498839479,0.24111485222596335,27121,22,2578,8114,0.9499965122163604,0.9241732577220014
FT_BALANCED,313,0.94,0.931306990881459,0.9975408828230665,0.758791619902731,0.8619389110225765,0.7969391564016424,0.0007368382271672254,0.241208380097269,27123,20,2579,8113,0.9499965122163604,0.9241732577220014
FT_BALANCED,313,0.945,0.9312805603277389,0.9975405804230202,0.7586980920314254,0.8618784530386739,0.7968565815324167,0.0007368382271672254,0.24130190796857465,27123,20,2580,8112,0.9499965122163604,0.9241732577220014
FT_BALANCED,313,0.95,0.9312805603277389,0.9977854330708661,0.7585110362888141,0.8618490967056323,0.7967227287016662,0.0006631544044505029,0.24148896371118594,27125,18,2582,8110,0.9499965122163604,0.9241732577220014
FT_BALANCED,997,0.05,0.5831373067265759,0.4038898138338126,0.9983164983164983,0.5751077586206896,0.7712873576507313,0.5804074715396235,0.0016835016835016834,11389,15754,18,10674,0.9493408747058144,0.9235681828846768
FT_BALANCED,997,0.055,0.5835337650323774,0.4041191837352819,0.9983164983164983,0.5753402506400755,0.771454590133129,0.579854842869248,0.0016835016835016834,11404,15739,18,10674,0.9493408747058144,0.9235681828846768
FT_BALANCED,997,0.06,0.5845645566274613,0.40468785557156944,0.9979423868312757,0.5758540665983053,0.7716897619116497,0.5782706406808386,0.00205761316872428,11447,15696,22,10670,0.9493408747058144,0.9235681828846768
FT_BALANCED,997,0.065,0.5852517510241839,0.4050729040097205,0.9977553310886644,0.576212595873393,0.7718800648298215,0.5772390671628044,0.002244668911335578,11475,15668,24,10668,0.9493408747058144,0.9235681828846768
FT_BALANCED,997,0.07,0.5861239592969473,0.40557393255009316,0.9976618032173588,0.5767037007001325,0.7721988156770766,0.5759864421766201,0.0023381967826412273,11509,15634,25,10667,0.9493408747058144,0.9235681828846768
FT_BALANCED,997,0.075,0.5873133342143518,0.406247619047619,0.9973812196034418,0.5773374478912889,0.7725520878611377,0.5742180304314188,0.002618780396558174,11557,15586,28,10664,0.9493408747058144,0.9235681828846768
FT_BALANCED,997,0.08,0.5896127923880006,0.4075843877824076,0.9971941638608305,0.5786545819652112,0.7734269589565772,0.5709391003205246,0.0028058361391694723,11646,15497,30,10662,0.9493408747058144,0.9235681828846768
FT_BALANCED,997,0.085,0.5915422228095678,0.4086899831262464,0.9967265245043023,0.579688859878155,0.7739962814479113,0.5680654312345724,0.0032734754956977178,11724,15419,35,10657,0.9493408747058144,0.9235681828846768
FT_BALANCED,997,0.09,0.59212369499141,0.40902809765085213,0.9966329966329966,0.5800130633572828,0.7741935483870968,0.5672180672733301,0.003367003367003367,11747,15396,36,10656,0.9493408747058144,0.9235681828846768
FT_BALANCED,997,0.095,0.5928373199418527,0.40945244956772336,0.9966329966329966,0.5804395783969278,0.774497405259256,0.5662233356666544,0.003367003367003367,11774,15369,36,10656,0.9493408747058144,0.9235681828846768
FT_BALANCED,997,0.1,0.593418792123695,0.40979886936122756,0.9966329966329966,0.5807875732388609,0.7747451687484552,0.5654128136167704,0.003367003367003367,11796,15347,36,10656,0.9493408747058144,0.9235681828846768
FT_BALANCED,997,0.105,0.5945553059336594,0.4104638619201726,0.9964459408903853,0.5814232700283781,0.7751295035213318,0.5637549276056442,0.003554059109614665,11841,15302,38,10654,0.9493408747058144,0.9235681828846768
FT_BALANCED,997,0.11,0.5956653891899035,0.41112225995677676,0.9963524130190797,0.582067533602885,0.7755532906231799,0.5621707254172347,0.003647586980920314,11884,15259,39,10653,0.9493408747058144,0.9235681828846768
FT_BALANCED,997,0.115,0.5963790141403462,0.4115169082125604,0.9958847736625515,0.5823830229441846,0.7756071267281441,0.5609917842537671,0.00411522633744856,11916,15227,44,10648,0.9493408747058144,0.9235681828846768
FT_BALANCED,997,0.12,0.5975683890577508,0.41223383662408053,0.9958847736625515,0.5831005969004984,0.7761159217469898,0.5593338982426408,0.00411522633744856,11961,15182,44,10648,0.9493408747058144,0.9235681828846768
FT_BALANCED,997,0.125,0.5985727500991146,0.41283443195036834,0.9957912457912458,0.5836851049832794,0.7764958137635286,0.5578970636996647,0.004208754208754209,12000,15143,45,10647,0.9493408747058144,0.9235681828846768
FT_BALANCED,997,0.13,0.5998942777851196,0.41363636363636364,0.9957912457912458,0.5844861660079052,0.7770625328428796,0.5560549681317467,0.004208754208754209,12050,15093,45,10647,0.9493408747058144,0.9235681828846768
FT_BALANCED,997,0.135,0.6150654156204572,0.4228623794724679,0.9926112981668537,0.5930706901369097,0.7819084666843484,0.533655086025863,0.007388701833146278,12658,14485,79,10613,0.9493408747058144,0.9235681828846768
FT_BALANCED,997,0.14,0.628148539711907,0.4312751841751801,0.9910213243546577,0.6010039420322737,0.7867888382315814,0.5147920274103821,0.008978675645342313,13170,13973,96,10596,0.9493408747058144,0.9235681828846768
FT_BALANCED,997,0.145,0.6316373728029602,0.4335884736605133,0.9907407407407407,0.603194487942374,0.7881813717466033,0.5098183693770033,0.009259259259259259,13305,13838,99,10593,0.9493408747058144,0.9235681828846768
FT_BALANCED,997,0.15,0.6362098585965376,0.4366441181323214,0.9900860456416012,0.6060224410350356,0.7898585328000955,0.5031868253324983,0.009913954358398803,13485,13658,106,10586,0.9493408747058144,0.9235681828846768
FT_BALANCED,997,0.155,0.6401215805471124,0.4392301936985618,0.9883090160867939,0.6081726618705037,0.7906353814383622,0.4970342261356519,0.011690983913206136,13652,13491,125,10567,0.9493408747058144,0.9235681828846768
FT_BALANCED,997,0.16,0.6447204968944099,0.44236250838363517,0.9869996258885148,0.6109181428736831,0.7919818683957731,0.49010794680028,0.013000374111485222,13840,13303,139,10553,0.9493408747058144,0.9235681828846768
FT_BALANCED,997,0.165,0.6486057882912647,0.44508670520231214,0.9866255144032922,0.6134387811473265,0.7935278099565212,0.4845448181851674,0.013374485596707819,13991,13152,143,10549,0.9493408747058144,0.9235681828846768
FT_BALANCED,997,0.17,0.652094621382318,0.44751709782931903,0.9853161242050131,0.615487979435048,0.7943868856414666,0.4791658991268467,0.014683875794986907,14137,13006,157,10535,0.9493408747058144,0.9235681828846768
FT_BALANCED,997,0.175,0.656032773886613,0.45029114574413426,0.9836326225215114,0.6177749060150376,0.7952483213356722,0.47301329993000035,0.016367377478488588,14304,12839,175,10517,0.9493408747058144,0.9235681828846768
FT_BALANCED,997,0.18,0.6588872736883837,0.45229681978798586,0.9816685372240928,0.6192695734261608,0.7954648801042835,0.4682606933647718,0.01833146277590722,14433,12710,196,10496,0.9493408747058144,0.9235681828846768
FT_BALANCED,997,0.185,0.661318884630633,0.4540055488122074,0.9795173961840629,0.6204383886255924,0.7953855033720153,0.46402387355856023,0.02048260381593715,14548,12595,219,10473,0.9493408747058144,0.9235681828846768
FT_BALANCED,997,0.19,0.6640148011100833,0.45596826227221204,0.9782080059857837,0.6220041629497473,0.7958938300916203,0.4597502118409903,0.021791994014216238,14664,12479,233,10459,0.9493408747058144,0.9235681828846768
FT_BALANCED,997,0.195,0.6858464384828862,0.47268734559429043,0.9663299663299664,0.6348387096774194,0.799368675146226,0.42463987031647205,0.03367003367003367,15617,11526,360,10332,0.9493408747058144,0.9235681828846768
FT_BALANCED,997,0.2,0.6921369102682701,0.47782519948042307,0.9633370744481855,0.6387993053832796,0.8006342889123812,0.41469255424971446,0.03666292555181444,15887,11256,392,10300,0.9493408747058144,0.9235681828846768
FT_BALANCED,997,0.205,0.6984538126073742,0.4831476519531801,0.9612794612794613,0.6430783669638667,0.8024546774722444,0.4050768153851822,0.03872053872053872,16148,10995,414,10278,0.9493408747058144,0.9235681828846768
FT_BALANCED,997,0.21,0.7029470067397912,0.4870040389641245,0.9585671530115975,0.64587075022844,0.8030495353611333,0.3977452750248683,0.04143284698840254,16347,10796,443,10249,0.9493408747058144,0.9235681828846768
FT_BALANCED,997,0.215,0.7062772565085238,0.48992099593009336,0.9569771791994014,0.6480666307755645,0.8037327384412362,0.3924768817006226,0.04302282080059858,16490,10653,460,10232,0.9493408747058144,0.9235681828846768
FT_BALANCED,997,0.22,0.7092374785251752,0.49254451575544084,0.9546389824167602,0.6498169664173166,0.8038147138964576,0.38742953984452716,0.04536101758323981,16627,10516,485,10207,0.9493408747058144,0.9235681828846768
FT_BALANCED,997,0.225,0.7154486586493987,0.4981852069845007,0.9499625888514778,0.6536036036036036,0.8041199569320414,0.37692959510739416,0.05003741114852226,16912,10231,535,10157,0.9493408747058144,0.9235681828846768
FT_BALANCED,997,0.23,0.7184881723272103,0.5010129959974304,0.948279087167976,0.6556306379126386,0.804618681057059,0.37202962089673214,0.051720912832023944,17045,10098,553,10139,0.9493408747058144,0.9235681828846768
FT_BALANCED,997,0.235,0.7209990749306198,0.5033793857469436,0.9473438084549196,0.6574284416174466,0.8052949594530132,0.3681612202041042,0.05265619154508044,17150,9993,563,10129,0.9493408747058144,0.9235681828846768
FT_BALANCED,997,0.24,0.7267345050878816,0.5088957209818054,0.9443509165731387,0.6613827661874038,0.8063537191138653,0.35898758427587224,0.05564908342686121,17399,9744,595,10097,0.9493408747058144,0.9235681828846768
FT_BALANCED,997,0.245,0.733157129641866,0.5152695224431236,0.9405162738496072,0.6657838983050848,0.8072699248603172,0.3485244814500976,0.05948372615039282,17683,9460,636,10056,0.9493408747058144,0.9235681828846768
FT_BALANCED,997,0.25,0.7377560459891634,0.5199688796680498,0.937616909839132,0.6689576938475912,0.8078423156266117,0.34097188962163355,0.06238309016086794,17888,9255,667,10025,0.9493408747058144,0.9235681828846768
FT_BALANCED,997,0.255,0.7434121844852649,0.5258593503626616,0.9357463524130191,0.6733292953765394,0.8095446159821341,0.332350882363777,0.06425364758698092,18122,9021,687,10005,0.9493408747058144,0.9235681828846768
FT_BALANCED,997,0.26,0.7456852121051936,0.5282799450259013,0.934717545828657,0.6750422154677473,0.8100703563207212,0.328777216962016,0.06528245417134305,18219,8924,698,9994,0.9493408747058144,0.9235681828846768
FT_BALANCED,997,0.265,0.7499933923615699,0.5329344516266895,0.9330340441451552,0.6783856380265888,0.8112283897409208,0.3221088310061526,0.06696595585484474,18400,8743,716,9976,0.9493408747058144,0.9235681828846768
FT_BALANCED,997,0.27,0.7536936698823841,0.5371141266151268,0.9291994014216236,0.68073589365857,0.810821839549498,0.31544044505028923,0.07080059857837635,18581,8562,757,9935,0.9493408747058144,0.9235681828846768
FT_BALANCED,997,0.275,0.7634994053125413,0.5484552122693932,0.9231200897867564,0.6880925822643614,0.8121585149101441,0.2993773716980437,0.07687991021324354,19017,8126,822,9870,0.9493408747058144,0.9235681828846768
FT_BALANCED,997,0.28,0.782370820668693,0.5718713450292398,0.9146090534979424,0.703727691421992,0.8167134362263646,0.26971963305456287,0.08539094650205761,19822,7321,913,9779,0.9493408747058144,0.9235681828846768
FT_BALANCED,997,0.285,0.8025373331571296,0.6002365096159831,0.9019827908716798,0.7208042154041631,0.8195801818645364,0.23663559665475445,0.09801720912832024,20720,6423,1048,9644,0.9493408747058144,0.9235681828846768
FT_BALANCED,997,0.29,0.808669221620193,0.6095842589654078,0.8982416760194538,0.7262827541876206,0.8205320984911915,0.22661459676528017,0.1017583239805462,20992,6151,1088,9604,0.9493408747058144,0.9235681828846768
FT_BALANCED,997,0.295,0.8160433461081009,0.6214211348256117,0.8931911709689487,0.7329240214888718,0.8213499380762351,0.21434624028294588,0.10680882903105125,21325,5818,1142,9550,0.9493408747058144,0.9235681828846768
FT_BALANCED,997,0.3,0.8327738866129245,0.6509440486893976,0.8802843247287692,0.7484394258677588,0.8223391056669054,0.18594112662564935,0.11971567527123082,22096,5047,1280,9412,0.9493408747058144,0.9235681828846768
FT_BALANCED,997,0.305,0.851037399233514,0.6871760698948616,0.8680321735877291,0.7670881891065378,0.8246259373778299,0.15565707548907637,0.13196782641227087,22918,4225,1411,9281,0.9493408747058144,0.9235681828846768
FT_BALANCED,997,0.31,0.8756971058543677,0.7458740454881353,0.8496071829405163,0.7943684141489222,0.8266147378382805,0.11402571565412814,0.15039281705948374,24048,3095,1608,9084,0.9493408747058144,0.9235681828846768
FT_BALANCED,997,0.315,0.8966829655081274,0.8078983204720835,0.8323045267489712,0.8199198415257751,0.8273060260677165,0.07795748443429246,0.16769547325102882,25027,2116,1793,8899,0.9493408747058144,0.9235681828846768
FT_BALANCED,997,0.32,0.9026034095414299,0.8282582216808769,0.8267863823419379,0.8275216475544114,0.8270803315806217,0.06753122351987621,0.1732136176580621,25310,1833,1852,8840,0.9493408747058144,0.9235681828846768
FT_BALANCED,997,0.325,0.9034491872604731,0.8316841014042032,0.8253834642723532,0.8285218044406892,0.8266359429738287,0.06579965368603323,0.17461653572764685,25357,1786,1867,8825,0.9493408747058144,0.9235681828846768
FT_BALANCED,997,0.33,0.904479978855557,0.8355138414865377,0.8242611298166854,0.82984934086629,0.8264873583914774,0.06392071620675681,0.17573887018331463,25408,1735,1879,8813,0.9493408747058144,0.9235681828846768
FT_BALANCED,997,0.335,0.905510770450641,0.8394543546694648,0.823045267489712,0.8311688311688311,0.8262755629002274,0.06200493681612202,0.17695473251028807,25460,1683,1892,8800,0.9493408747058144,0.9235681828846768
FT_BALANCED,997,0.34,0.9062508259548038,0.8426201208401266,0.8217358772914328,0.832046971921019,0.8258294952533133,0.06045757653907085,0.17826412270856715,25502,1641,1906,8786,0.9493408747058144,0.9235681828846768
FT_BALANCED,997,0.345,0.9067794370292057,0.8451016279741836,0.8205200149644594,0.8326294310254828,0.8253212666277823,0.05924179346424493,0.17947998503554058,25535,1608,1919,8773,0.9493408747058144,0.9235681828846768
FT_BALANCED,997,0.35,0.9073080481036078,0.8478071449317456,0.819023569023569,0.8331668331668333,0.8246228600485903,0.05791548465534392,0.18097643097643099,25571,1572,1935,8757,0.9493408747058144,0.9235681828846768
FT_BALANCED,997,0.355,0.9079952425003304,0.8506272488573373,0.8180882903105126,0.8340405244338498,0.8243953931122882,0.056589175846442914,0.18191170968948747,25607,1536,1945,8747,0.9493408747058144,0.9235681828846768
FT_BALANCED,997,0.36,0.9084181313598519,0.8527086383601757,0.8170594837261503,0.8345035105315948,0.8239488427366871,0.05559444423976716,0.1829405162738496,25634,1509,1956,8736,0.9493408747058144,0.9235681828846768
FT_BALANCED,997,0.365,0.9090260340954143,0.8552528420227362,0.8162177328843996,0.8352794793261867,0.8237370686400363,0.054415503076299596,0.18378226711560045,25666,1477,1965,8727,0.9493408747058144,0.9235681828846768
FT_BALANCED,997,0.37,0.909448922954936,0.8572271386430679,0.8153759820426487,0.8357779695139488,0.8234160716309645,0.053494455292340565,0.18462401795735128,25691,1452,1974,8718,0.9493408747058144,0.9235681828846768
FT_BALANCED,997,0.375,0.9097132284921369,0.8584942845880962,0.8148148148148148,0.836084452975048,0.8231914732784036,0.052904984710606784,0.18518518518518517,25707,1436,1980,8712,0.9493408747058144,0.9235681828846768
FT_BALANCED,997,0.38,0.9100832562442183,0.8601778656126482,0.8141601197156753,0.8365366134922161,0.8229655120254123,0.0521313045720812,0.18583988028432472,25728,1415,1987,8705,0.9493408747058144,0.9235681828846768
FT_BALANCED,997,0.385,0.9104268534425797,0.8614988614988615,0.8138795361017583,0.8370124561150387,0.8229775482797103,0.05154183399034742,0.1861204638982417,25744,1399,1990,8702,0.9493408747058144,0.9235681828846768
FT_BALANCED,997,0.39,0.9121977005418264,0.8691644960929673,0.8114478114478114,0.8393150817451872,0.8223696682464456,0.04811553623401982,0.18855218855218855,25837,1306,2016,8676,0.9493408747058144,0.9235681828846768
FT_BALANCED,997,0.395,0.9130963393683098,0.8729599032843038,0.8104190048634493,0.8405276942477447,0.8221998709530497,0.04645765022289356,0.1895809951365507,25882,1261,2027,8665,0.9493408747058144,0.9235681828846768
FT_BALANCED,997,0.4,0.9135192282278314,0.8749747321609056,0.8096707818930041,0.8410570290488681,0.8219399187269759,0.0455734443502929,0.19032921810699588,25906,1237,2035,8657,0.9493408747058144,0.9235681828846768
FT_BALANCED,997,0.405,0.9140214087485132,0.8778059928897918,0.8082678638234194,0.8416029605102985,0.8212799118088685,0.04432081936410861,0.1917321361765806,25940,1203,2050,8642,0.9493408747058144,0.9235681828846768
FT_BALANCED,997,0.41,0.9158715475089203,0.8863846866316765,0.8055555555555556,0.8440393943848302,0.8205201486138898,0.040673470139630845,0.19444444444444445,26039,1104,2079,8613,0.9493408747058144,0.9235681828846768
FT_BALANCED,997,0.415,0.9169023391040042,0.8906832298136645,0.8047138047138047,0.8455188679245284,0.82055390249485,0.0389050583944295,0.19528619528619529,26087,1056,2088,8604,0.9493408747058144,0.9235681828846768
FT_BALANCED,997,0.42,0.9175366723932866,0.8939646201873049,0.8034979423868313,0.8463205595507832,0.8200962236053305,0.037541907674170136,0.19650205761316872,26124,1019,2101,8591,0.9493408747058144,0.9235681828846768
FT_BALANCED,997,0.425,0.91840888066605,0.8980424997383021,0.8023756079311635,0.8475179056557174,0.8198428929110682,0.03588402166304388,0.1976243920688365,26169,974,2113,8579,0.9493408747058144,0.9235681828846768
FT_BALANCED,997,0.43,0.9194132417074138,0.9023902284932084,0.8015338570894126,0.8489771657833473,0.8198603271788003,0.034152451829200896,0.19846614291058737,26216,927,2122,8570,0.9493408747058144,0.9235681828846768
FT_BALANCED,997,0.435,0.9202325888727368,0.9070655633354551,0.7996632996632996,0.8499850879809125,0.8190596620301185,0.032273514349924474,0.20033670033670034,26267,876,2142,8550,0.9493408747058144,0.9235681828846768
FT_BALANCED,997,0.44,0.9209197832694594,0.9119409372993794,0.7971380471380471,0.8506837009681605,0.8177265226234793,0.030320893047931327,0.20286195286195285,26320,823,2169,8523,0.9493408747058144,0.9235681828846768
FT_BALANCED,997,0.445,0.9216862693273424,0.9162089391491653,0.7956416011971568,0.851679431346048,0.8171479069410024,0.02866300703680507,0.20435839880284326,26365,778,2185,8507,0.9493408747058144,0.9235681828846768
FT_BALANCED,997,0.45,0.9225584776001057,0.9202945635694174,0.7947998503554059,0.8529559369667771,0.8170839583092959,0.027115646759753895,0.2052001496445941,26407,736,2194,8498,0.9493408747058144,0.9235681828846768
FT_BALANCED,997,0.455,0.922902074798467,0.9224166032815386,0.793958099513655,0.8533802462930384,0.8167054703584692,0.026305124709869947,0.20604190048634494,26429,714,2203,8489,0.9493408747058144,0.9235681828846768
FT_BALANCED,997,0.46,0.9231928108893881,0.9244439598778892,0.7930228208005986,0.853705195328232,0.8162302656911822,0.02553144457134436,0.20697717919940142,26450,693,2213,8479,0.9493408747058144,0.9235681828846768
FT_BALANCED,997,0.465,0.9238007136249504,0.9280780616160509,0.7917134306023195,0.8544894766062686,0.8156834781938368,0.024168293851084995,0.2082865693976805,26487,656,2227,8465,0.9493408747058144,0.9235681828846768
FT_BALANCED,997,0.47,0.9240650191621514,0.9300406995930041,0.790778151889263,0.8547743011676692,0.815191191500029,0.02343145562391777,0.209221848110737,26507,636,2237,8455,0.9493408747058144,0.9235681828846768
FT_BALANCED,997,0.475,0.9245143385753931,0.9320688134097926,0.790497568275346,0.8554655870445343,0.815263523420017,0.022694617396750542,0.20950243172465394,26527,616,2240,8452,0.9493408747058144,0.9235681828846768
FT_BALANCED,997,0.48,0.9248579357737544,0.9341741343068923,0.7897493453049008,0.8559120166235873,0.8149477869785936,0.021920937258224957,0.21025065469509913,26548,595,2248,8444,0.9493408747058144,0.9235681828846768
FT_BALANCED,997,0.485,0.9250958107572353,0.9359742565468264,0.7889075944631501,0.8561713357693869,0.8145036693704134,0.021257782853774453,0.21109240553685,26566,577,2257,8435,0.9493408747058144,0.9235681828846768
FT_BALANCED,997,0.49,0.9253601162944364,0.9381822232122967,0.7877852600074823,0.8564311133706151,0.8138793336683029,0.020447260803890505,0.21221473999251778,26588,555,2269,8423,0.9493408747058144,0.9235681828846768
FT_BALANCED,997,0.495,0.9259944495837188,0.9414857910046991,0.7870370370370371,0.8573611818644932,0.8137353498626853,0.019268319640422946,0.21296296296296297,26620,523,2277,8415,0.9493408747058144,0.9235681828846768
FT_BALANCED,997,0.5,0.9265494912118409,0.944900483526369,0.7859147025813692,0.8581056931324992,0.8132827471400088,0.01805253656559702,0.21408529741863075,26653,490,2289,8403,0.9493408747058144,0.9235681828846768
FT_BALANCED,997,0.505,0.9269195189639223,0.9471962089585919,0.785166479610924,0.8586039376118639,0.8129805736863511,0.017242014515713076,0.21483352038907594,26675,468,2297,8395,0.9493408747058144,0.9235681828846768
FT_BALANCED,997,0.51,0.9272366856085635,0.948784624081402,0.7848858959970071,0.8590878845267953,0.812973475674733,0.016689385845337655,0.21511410400299288,26690,453,2300,8392,0.9493408747058144,0.9235681828846768
FT_BALANCED,997,0.515,0.9279767411127263,0.9533401616023671,0.7834829779274224,0.8601057549155501,0.8124333236349528,0.01510518365692812,0.21651702207257764,26733,410,2315,8377,0.9493408747058144,0.9235681828846768
FT_BALANCED,997,0.52,0.9282146160962073,0.9548357664233577,0.7830153385708941,0.860431654676259,0.8122477491462278,0.014589396897911064,0.21698466142910589,26747,396,2320,8372,0.9493408747058144,0.9235681828846768
FT_BALANCED,997,0.525,0.9282939077573675,0.9559949708538119,0.7822671156004489,0.8604495653515766,0.8117708717510724,0.01418413587296909,0.21773288439955107,26758,385,2328,8364,0.9493408747058144,0.9235681828846768
FT_BALANCED,997,0.53,0.928690366063169,0.9579514207149404,0.781986531986532,0.8610710607621009,0.8118106260680442,0.013520981468518586,0.21801346801346802,26776,367,2331,8361,0.9493408747058144,0.9235681828846768
FT_BALANCED,997,0.535,0.9288489493854897,0.9588208304657031,0.7817994762439207,0.8613086038124678,0.8117740745056908,0.013226246177651696,0.21820052375607932,26784,359,2333,8359,0.9493408747058144,0.9235681828846768
FT_BALANCED,997,0.54,0.9287960882780494,0.9591274397244547,0.7813318368873925,0.8611483352231729,0.8114145848712071,0.013115720443576612,0.21866816311260756,26787,356,2338,8354,0.9493408747058144,0.9235681828846768
FT_BALANCED,997,0.545,0.9290339632615303,0.9602253132543971,0.7812383090160868,0.8615337012015883,0.8114908582198302,0.012747301329993,0.2187616909839132,26797,346,2339,8353,0.9493408747058144,0.9235681828846768
FT_BALANCED,997,0.55,0.9291396854764107,0.9608790703026119,0.7810512532734755,0.8616829180209462,0.8114226860218814,0.012526249861842833,0.2189487467265245,26803,340,2341,8351,0.9493408747058144,0.9235681828846768
FT_BALANCED,997,0.555,0.9292189771375711,0.9617423369439964,0.7805836139169473,0.8617449664429532,0.8111417797302025,0.012231514570975942,0.21941638608305275,26811,332,2346,8346,0.9493408747058144,0.9235681828846768
FT_BALANCED,997,0.56,0.9306197964847364,0.9693936925404399,0.7790871679760568,0.8638838475499092,0.8109265785323494,0.009689422687249014,0.22091283202394313,26880,263,2362,8330,0.9493408747058144,0.9235681828846768
FT_BALANCED,997,0.565,0.9307783798070569,0.9706190975865687,0.7786195286195287,0.8640822045773003,0.8106923751095532,0.00928416166230704,0.22138047138047137,26891,252,2367,8325,0.9493408747058144,0.9235681828846768
FT_BALANCED,997,0.57,0.9308841020219374,0.971511967308815,0.7782454171343061,0.8642052240743626,0.8104922759238696,0.00898942637144015,0.22175458286569397,26899,244,2371,8321,0.9493408747058144,0.9235681828846768
FT_BALANCED,997,0.575,0.9309633936830977,0.9722936637830255,0.7778713056490835,0.8642834874779175,0.8102762947663771,0.008731532991931622,0.22212869435091656,26906,237,2375,8317,0.9493408747058144,0.9235681828846768
FT_BALANCED,997,0.58,0.9311219770054182,0.9736410496719775,0.7773101384212495,0.8644684834616184,0.8099758303446126,0.008289430055631286,0.22268986157875048,26918,225,2381,8311,0.9493408747058144,0.9235681828846768
FT_BALANCED,997,0.585,0.9312805603277389,0.9752172891707775,0.7765619154508043,0.864625637821514,0.8095433095433096,0.007773643296614228,0.22343808454919567,26932,211,2389,8303,0.9493408747058144,0.9235681828846768
FT_BALANCED,997,0.59,0.9314127130963393,0.9763501588422168,0.7760942760942761,0.8647803657964671,0.8092925273567793,0.007405224183030616,0.2239057239057239,26942,201,2394,8298,0.9493408747058144,0.9235681828846768
FT_BALANCED,997,0.595,0.9315448658649399,0.9774870344177274,0.7756266367377479,0.8649353358364622,0.8090415983766487,0.007036805069447003,0.22437336326225216,26952,191,2399,8293,0.9493408747058144,0.9235681828846768
FT_BALANCED,997,0.6,0.93157129641866,0.9782788336678078,0.775065469509914,0.8648958931273809,0.8086613712211402,0.006778911689938474,0.22493453049008605,26959,184,2405,8287,0.9493408747058144,0.9235681828846768
FT_BALANCED,997,0.605,0.9315448658649399,0.9785022442712025,0.774784885895997,0.8648084351184884,0.8084475153218565,0.006705227867221751,0.225215114104003,26961,182,2408,8284,0.9493408747058144,0.9235681828846768
FT_BALANCED,997,0.61,0.9316770186335404,0.979080486940078,0.774784885895997,0.8650341982979167,0.8085264205820922,0.006521018310429945,0.225215114104003,26966,177,2408,8284,0.9493408747058144,0.9235681828846768
FT_BALANCED,997,0.615,0.9317563102947006,0.9795411542100284,0.7746913580246914,0.8651556298307918,0.8085077307512104,0.0063736506649965,0.22530864197530864,26970,173,2409,8283,0.9493408747058144,0.9235681828846768
FT_BALANCED,997,0.62,0.9317298797409805,0.9798792756539235,0.7743172465394688,0.8650540724100099,0.8082277368842378,0.0062631249309214165,0.22568275346053124,26973,170,2413,8279,0.9493408747058144,0.9235681828846768
FT_BALANCED,997,0.625,0.9317563102947006,0.9804502369668247,0.7739431350542462,0.8650428601296258,0.807979221996563,0.00607891537412961,0.22605686494575383,26978,165,2417,8275,0.9493408747058144,0.9235681828846768
FT_BALANCED,997,0.63,0.9317563102947006,0.9804502369668247,0.7739431350542462,0.8650428601296258,0.807979221996563,0.00607891537412961,0.22605686494575383,26978,165,2417,8275,0.9493408747058144,0.9235681828846768
FT_BALANCED,997,0.635,0.9317827408484207,0.9805664178220168,0.7739431350542462,0.8650880769431812,0.8079950006835003,0.006042073462771249,0.22605686494575383,26979,164,2417,8275,0.9493408747058144,0.9235681828846768
FT_BALANCED,997,0.64,0.9318884630633012,0.9811454998221274,0.7738496071829405,0.8652549019607843,0.8079920314056366,0.005857863905979442,0.22615039281705948,26984,159,2418,8274,0.9493408747058144,0.9235681828846768
FT_BALANCED,997,0.645,0.9318620325095811,0.9811432637571158,0.7737560793116348,0.8651955657812173,0.80791015625,0.005857863905979442,0.22624392068836513,26984,159,2419,8273,0.9493408747058144,0.9235681828846768
FT_BALANCED,997,0.65,0.931835601955861,0.9814836795252225,0.7733819678264122,0.8650938954856934,0.8076299494071455,0.005747338171904358,0.22661803217358772,26987,156,2423,8269,0.9493408747058144,0.9235681828846768
FT_BALANCED,997,0.655,0.9322056297079424,0.9849624060150376,0.7718855218855218,0.8655025955639452,0.8067921872250571,0.00464208083115352,0.2281144781144781,27017,126,2439,8253,0.9493408747058144,0.9235681828846768
FT_BALANCED,997,0.66,0.9322584908153826,0.9851975647606541,0.7718855218855218,0.8655933714405579,0.8068237364356241,0.004568397008436797,0.2281144781144781,27019,124,2439,8253,0.9493408747058144,0.9235681828846768
FT_BALANCED,997,0.665,0.9322849213691027,0.9854310962502986,0.7717919940142163,0.8656246721913354,0.8067732978765008,0.004494713185720075,0.22820800598578375,27021,122,2440,8252,0.9493408747058144,0.9235681828846768
FT_BALANCED,997,0.67,0.9322849213691027,0.9854310962502986,0.7717919940142163,0.8656246721913354,0.8067732978765008,0.004494713185720075,0.22820800598578375,27021,122,2440,8252,0.9493408747058144,0.9235681828846768
FT_BALANCED,997,0.675,0.9323113519228228,0.9856647951260303,0.7716984661429106,0.865655982793894,0.8067228533995581,0.004421029363003353,0.2283015338570894,27023,120,2441,8251,0.9493408747058144,0.9235681828846768
FT_BALANCED,997,0.68,0.9323113519228228,0.9856647951260303,0.7716984661429106,0.865655982793894,0.8067228533995581,0.004421029363003353,0.2283015338570894,27023,120,2441,8251,0.9493408747058144,0.9235681828846768
FT_BALANCED,997,0.685,0.9322849213691027,0.9858952904613913,0.7714178825289937,0.865568265295414,0.8065083897211249,0.00434734554028663,0.22858211747100635,27025,118,2444,8248,0.9493408747058144,0.9235681828846768
FT_BALANCED,997,0.69,0.9323113519228228,0.9860131500298864,0.7714178825289937,0.8656136852600095,0.806524162478243,0.004310503628928269,0.22858211747100635,27026,117,2444,8248,0.9493408747058144,0.9235681828846768
FT_BALANCED,997,0.695,0.9322849213691027,0.986127720640995,0.7712308267863823,0.8655400440852314,0.8063759045570116,0.004273661717569908,0.22876917321361767,27027,116,2446,8246,0.9493408747058144,0.9235681828846768
FT_BALANCED,997,0.7,0.9322849213691027,0.9867097701149425,0.7707631874298541,0.8654694391934467,0.806044600938967,0.004089452160778101,0.22923681257014591,27032,111,2451,8241,0.9493408747058144,0.9235681828846768
FT_BALANCED,997,0.705,0.9322056297079424,0.9868216125554091,0.7703890759446315,0.865276537633279,0.8057321725520885,0.00405261024941974,0.2296109240553685,27033,110,2455,8237,0.9493408747058144,0.9235681828846768
FT_BALANCED,997,0.71,0.9322849213691027,0.987176414189837,0.7703890759446315,0.8654129018701407,0.8057794647049618,0.003942084515344656,0.2296109240553685,27036,107,2455,8237,0.9493408747058144,0.9235681828846768
FT_BALANCED,997,0.715,0.9322584908153826,0.9872916916436878,0.7702020202020202,0.8653391477959333,0.8056311021542195,0.0039052426039862947,0.2297979797979798,27037,106,2457,8235,0.9493408747058144,0.9235681828846768
FT_BALANCED,997,0.72,0.9322849213691027,0.9875269848884625,0.7701084923307145,0.8653704676826064,0.8055805580558056,0.003831558781269572,0.22989150766928546,27039,104,2458,8234,0.9493408747058144,0.9235681828846768
FT_BALANCED,997,0.725,0.9322584908153826,0.9876424715056988,0.7699214365881033,0.8652966836600621,0.805432166409017,0.003794716869911211,0.23007856341189675,27040,103,2460,8232,0.9493408747058144,0.9235681828846768
FT_BALANCED,997,0.73,0.9322584908153826,0.9878766054495258,0.769734380845492,0.8652683593544657,0.8052995166245915,0.0037210330471944887,0.23026561915450805,27042,101,2462,8230,0.9493408747058144,0.9235681828846768
FT_BALANCED,997,0.735,0.9322584908153826,0.9878766054495258,0.769734380845492,0.8652683593544657,0.8052995166245915,0.0037210330471944887,0.23026561915450805,27042,101,2462,8230,0.9493408747058144,0.9235681828846768
FT_BALANCED,997,0.74,0.9322584908153826,0.9879937567535119,0.7696408529741863,0.8652541927343463,0.805233183944263,0.0036841911358361274,0.2303591470258137,27043,100,2463,8229,0.9493408747058144,0.9235681828846768
FT_BALANCED,997,0.745,0.9322320602616625,0.9879923150816523,0.7695473251028807,0.8651945320715038,0.8051510881478003,0.0036841911358361274,0.23045267489711935,27043,100,2464,8228,0.9493408747058144,0.9235681828846768
FT_BALANCED,997,0.75,0.9322320602616625,0.9879923150816523,0.7695473251028807,0.8651945320715038,0.8051510881478003,0.0036841911358361274,0.23045267489711935,27043,100,2464,8228,0.9493408747058144,0.9235681828846768
FT_BALANCED,997,0.755,0.9322584908153826,0.9883455484801154,0.7693602693602694,0.8652116749934262,0.8050341547434969,0.0035736654017610434,0.23063973063973064,27046,97,2466,8226,0.9493408747058144,0.9235681828846768
FT_BALANCED,997,0.76,0.9322849213691027,0.9884643114635905,0.7693602693602694,0.8652571789207951,0.805049911920141,0.003536823490402682,0.23063973063973064,27047,96,2466,8226,0.9493408747058144,0.9235681828846768
FT_BALANCED,997,0.765,0.9322056297079424,0.988460151460512,0.7690796857463524,0.8650781126716112,0.80480357037994,0.003536823490402682,0.2309203142536476,27047,96,2469,8223,0.9493408747058144,0.9235681828846768
FT_BALANCED,997,0.77,0.9322584908153826,0.988697847781652,0.7690796857463524,0.8651691304119102,0.8048350787902516,0.0034631396676859595,0.2309203142536476,27049,94,2469,8223,0.9493408747058144,0.9235681828846768
FT_BALANCED,997,0.775,0.9322320602616625,0.9888140485927351,0.7688926300037411,0.8650952330842892,0.8046865823577777,0.0034262977563275982,0.2311073699962589,27050,93,2471,8221,0.9493408747058144,0.9235681828846768
FT_BALANCED,997,0.78,0.9322056297079424,0.9889303332932259,0.7687055742611298,0.8650213124243541,0.8045380684821553,0.003389455844969237,0.23129442573887019,27051,92,2473,8219,0.9493408747058144,0.9235681828846768
FT_BALANCED,997,0.785,0.9321791991542223,0.9891644594269203,0.7684249906472129,0.8649331508579851,0.8043231389748209,0.0033157720222525143,0.23157500935278713,27053,90,2476,8216,0.9493408747058144,0.9235681828846768
FT_BALANCED,997,0.79,0.9321527686005022,0.9892809827773094,0.7682379349046016,0.8648591734667017,0.8041745804859902,0.003278930110894153,0.23176206509539843,27054,89,2478,8214,0.9493408747058144,0.9235681828846768
FT_BALANCED,997,0.795,0.9321263380467821,0.9892796916405685,0.7681444070332959,0.8647994103401073,0.8040924221656549,0.003278930110894153,0.23185559296670408,27054,89,2479,8213,0.9493408747058144,0.9235681828846768
FT_BALANCED,997,0.8,0.9321263380467821,0.9895155459146783,0.7679573512906847,0.8647709320695104,0.8039595817177769,0.003205246288177431,0.23204264870931537,27056,87,2481,8211,0.9493408747058144,0.9235681828846768
FT_BALANCED,997,0.805,0.9321791991542223,0.9898721967687485,0.767863823419379,0.8648477825766353,0.8039246406329561,0.003094720554102347,0.23213617658062102,27059,84,2482,8210,0.9493408747058144,0.9235681828846768
FT_BALANCED,997,0.81,0.9321791991542223,0.9905819850277711,0.767302656191545,0.8647623063139033,0.8035259549461313,0.002873669085952179,0.23269734380845492,27065,78,2488,8204,0.9493408747058144,0.9235681828846768
FT_BALANCED,997,0.815,0.9321791991542223,0.9911750483558994,0.7668350168350169,0.8646909934612952,0.8031935736677115,0.002689459529160373,0.23316498316498316,27070,73,2493,8199,0.9493408747058144,0.9235681828846768
FT_BALANCED,997,0.82,0.9321791991542223,0.9912938331318016,0.7667414889637112,0.8646767218647822,0.8031270817822016,0.0026526176178020117,0.2332585110362888,27071,72,2494,8198,0.9493408747058144,0.9235681828846768
FT_BALANCED,997,0.825,0.9321791991542223,0.9914126753749395,0.7666479610924055,0.864662447257384,0.8030605846853202,0.0026157757064436504,0.23335203890759446,27072,71,2495,8197,0.9493408747058144,0.9235681828846768
FT_BALANCED,997,0.83,0.9320734769393418,0.9915274751876059,0.7661803217358772,0.8644085681122717,0.8026650989613953,0.002578933795085289,0.2338196782641227,27073,70,2500,8192,0.9493408747058144,0.9235681828846768
FT_BALANCED,997,0.835,0.9319941852781816,0.9918817399733431,0.7656191545080434,0.8641858010029031,0.8022186942631466,0.002468408061010205,0.2343808454919566,27076,67,2506,8186,0.9493408747058144,0.9235681828846768
FT_BALANCED,997,0.84,0.9318620325095811,0.9918768186226964,0.7651515151515151,0.8638859556494192,0.8018072761486593,0.002468408061010205,0.23484848484848486,27076,67,2511,8181,0.9493408747058144,0.9235681828846768
FT_BALANCED,997,0.845,0.9318620325095811,0.9918768186226964,0.7651515151515151,0.8638859556494192,0.8018072761486593,0.002468408061010205,0.23484848484848486,27076,67,2511,8181,0.9493408747058144,0.9235681828846768
FT_BALANCED,997,0.85,0.9318091714021409,0.9919941775836972,0.7648709315375982,0.8637515842839036,0.8015760997412376,0.002431566149651844,0.2351290684624018,27077,66,2514,8178,0.9493408747058144,0.9235681828846768
FT_BALANCED,997,0.855,0.9317827408484207,0.9919932063569089,0.7647774036662925,0.8636915764457354,0.8014937954558821,0.002431566149651844,0.23522259633370746,27077,66,2515,8177,0.9493408747058144,0.9235681828846768
FT_BALANCED,997,0.86,0.9317563102947006,0.9921116504854369,0.7645903479236813,0.8636171561377564,0.8013448870765371,0.0023947242382934826,0.23540965207631875,27078,65,2517,8175,0.9493408747058144,0.9235681828846768
FT_BALANCED,997,0.865,0.9317034491872604,0.9929474708171206,0.7637485970819304,0.8633960668217382,0.8007138374647004,0.002136830858784954,0.2362514029180696,27085,58,2526,8166,0.9493408747058144,0.9235681828846768
FT_BALANCED,997,0.87,0.9316770186335404,0.9931865190412459,0.7634680134680135,0.863307069959283,0.8004981661992273,0.0020631470360682313,0.23653198653198654,27087,56,2529,8163,0.9493408747058144,0.9235681828846768
FT_BALANCED,997,0.875,0.9316505880798203,0.9934258582907232,0.7631874298540965,0.8632180260234845,0.80028245263034,0.0019894632133515087,0.23681257014590348,27089,54,2532,8160,0.9493408747058144,0.9235681828846768
FT_BALANCED,997,0.88,0.9316770186335404,0.9936670320302033,0.7630939019827909,0.8632492197005767,0.8002314678593146,0.001915779390634786,0.23690609801720913,27091,52,2533,8159,0.9493408747058144,0.9235681828846768
FT_BALANCED,997,0.885,0.9316770186335404,0.9939076398196661,0.7629068462401796,0.8632202762050902,0.8000980872976948,0.0018420955679180637,0.23709315375982043,27093,50,2535,8157,0.9493408747058144,0.9235681828846768
FT_BALANCED,997,0.89,0.931333421435179,0.9946223417257394,0.7611298166853723,0.862350323195931,0.7986261040235525,0.0016210440997678959,0.23887018331462775,27099,44,2554,8138,0.9493408747058144,0.9235681828846768
FT_BALANCED,997,0.895,0.9309898242368178,0.9957060483376273,0.759072203516648,0.8614339542535691,0.7969520218386064,0.0012894668975426446,0.24092779648335205,27108,35,2576,8116,0.9493408747058144,0.9235681828846768
FT_BALANCED,997,0.9,0.9310162547905378,0.9970479704797048,0.7581369248035915,0.8613324832642654,0.7962984793115644,0.0008842058726006705,0.24186307519640854,27119,24,2586,8106,0.9493408747058144,0.9235681828846768
FT_BALANCED,997,0.905,0.9309105325756575,0.9972913075597144,0.7575757575757576,0.8610609120867438,0.7958341520927492,0.0008105220498839479,0.24242424242424243,27121,22,2592,8100,0.9493408747058144,0.9235681828846768
FT_BALANCED,997,0.91,0.9309105325756575,0.9974137931034482,0.7574822297044519,0.8610461407612163,0.7957671749724885,0.0007736801385255867,0.24251777029554808,27122,21,2593,8099,0.9493408747058144,0.9235681828846768
FT_BALANCED,997,0.915,0.9309105325756575,0.9974137931034482,0.7574822297044519,0.8610461407612163,0.7957671749724885,0.0007736801385255867,0.24251777029554808,27122,21,2593,8099,0.9493408747058144,0.9235681828846768
FT_BALANCED,997,0.92,0.9309105325756575,0.9974137931034482,0.7574822297044519,0.8610461407612163,0.7957671749724885,0.0007736801385255867,0.24251777029554808,27122,21,2593,8099,0.9493408747058144,0.9235681828846768
FT_BALANCED,997,0.925,0.9309105325756575,0.9974137931034482,0.7574822297044519,0.8610461407612163,0.7957671749724885,0.0007736801385255867,0.24251777029554808,27122,21,2593,8099,0.9493408747058144,0.9235681828846768
FT_BALANCED,997,0.93,0.9308841020219374,0.9974134745658332,0.7573887018331463,0.8609855935356971,0.7956845559769687,0.0007736801385255867,0.24261129816685373,27122,21,2594,8098,0.9493408747058144,0.9235681828846768
FT_BALANCED,997,0.935,0.9309105325756575,0.9975363389997536,0.7573887018331463,0.8610313662945243,0.7957001925873523,0.0007368382271672254,0.24261129816685373,27123,20,2594,8098,0.9493408747058144,0.9235681828846768
FT_BALANCED,997,0.94,0.9309105325756575,0.997658945293248,0.7572951739618407,0.8610165886856657,0.7956332049367189,0.0006999963158088641,0.24270482603815938,27124,19,2595,8097,0.9493408747058144,0.9235681828846768
FT_BALANCED,997,0.945,0.9309105325756575,0.997904339250493,0.7571081182192293,0.8609870240374388,0.7954992138364779,0.0006263124930921416,0.24289188178077067,27126,17,2597,8095,0.9493408747058144,0.9235681828846768
FT_BALANCED,997,0.95,0.9308048103607771,0.998026153466568,0.7566404788627011,0.8607298648792424,0.7951016236191374,0.0005894705817337803,0.24335952113729892,27127,16,2602,8090,0.9493408747058144,0.9235681828846768
