threshold,accuracy,precision,recall,specificity,balanced_accuracy,f1,f2,fpr,fnr,mcc,true_negative,false_positive,false_negative,true_positive,predicted_benign,predicted_attack,candidate_id,configuration_id,seed
0.05,0.7235892691951896,0.5056115107913669,0.9859708193041526,0.620233577718012,0.8031021985110823,0.6684420772303595,0.8285390927096106,0.379766422281988,0.014029180695847363,0.5487716601170812,16835,10308,150,10542,16985,20850,LIGHTGBM,LGBM_11,7
0.055,0.7326813796749042,0.5141347940917539,0.9831649831649831,0.6340124525660391,0.8085887178655111,0.6751878733380434,0.8314613851362039,0.3659875474339609,0.016835016835016835,0.5576053809675472,17209,9934,180,10512,17389,20446,LIGHTGBM,LGBM_11,7
0.06,0.7428042817497027,0.5240334116940929,0.9798915076692855,0.6494123715138341,0.8146519395915598,0.6828743685839987,0.8346743997068243,0.35058762848616587,0.02010849233071455,0.567620480162481,17627,9516,215,10477,17842,19993,LIGHTGBM,LGBM_11,7
0.065,0.7511827672789745,0.5325754486133768,0.9770856715301159,0.6621965147551855,0.8196410931426508,0.6893889402138049,0.8373140548858681,0.3378034852448145,0.022914328469884025,0.5760809405275313,17974,9169,245,10447,18219,19616,LIGHTGBM,LGBM_11,7
0.07,0.7599312805603278,0.54184220107141,0.9743733632622521,0.6754596028441956,0.8249164830532238,0.6964136501888433,0.8402290507298976,0.32454039715580446,0.02562663673774785,0.5852676584608308,18334,8809,274,10418,18608,19227,LIGHTGBM,LGBM_11,7
0.075,0.7674111272631161,0.5501165501165501,0.9711934156378601,0.6871384887447961,0.8291659521913282,0.7023809523809523,0.8422555317630264,0.3128615112552039,0.02880658436213992,0.5928442381921316,18651,8492,308,10384,18959,18876,LIGHTGBM,LGBM_11,7
0.08,0.7759746266684288,0.5599891716296698,0.9673587729143285,0.700585786390598,0.8339722796524632,0.7093477813593032,0.8444919821026161,0.29941421360940207,0.03264122708567153,0.6016675881890651,19016,8127,349,10343,19365,18470,LIGHTGBM,LGBM_11,7
0.085,0.7845116955200211,0.5702273607346352,0.9640852974186308,0.7137751906568913,0.8389302440377611,0.716604678647155,0.8470704248500287,0.28622480934310873,0.03591470258136925,0.6110321319604954,19374,7769,384,10308,19758,18077,LIGHTGBM,LGBM_11,7
0.09,0.7927051671732522,0.5805120669191206,0.9606247661803218,0.7265593338982427,0.8435920500392822,0.7236920908930774,0.8493905162005259,0.2734406661017574,0.039375233819678265,0.6201253228439739,19721,7422,421,10271,20142,17693,LIGHTGBM,LGBM_11,7
0.095,0.8005021805206819,0.5907621247113164,0.9569771791994014,0.7388645322919353,0.8479208557456683,0.7305440525489075,0.8514179203834377,0.2611354677080647,0.04302282080059858,0.6288675022122322,20055,7088,460,10232,20515,17320,LIGHTGBM,LGBM_11,7
0.1,0.8082199022069513,0.6013449740443606,0.9534231200897868,0.7510223630401945,0.8522227415649907,0.7375198958182608,0.8534829202947087,0.2489776369598055,0.04657687991021325,0.6378210836855506,20385,6758,498,10194,20883,16952,LIGHTGBM,LGBM_11,7
0.105,0.8154618739262588,0.6119222879208399,0.948559670781893,0.7630328261430203,0.8557962484624566,0.7439301694417957,0.8545381011762327,0.2369671738569797,0.051440329218107,0.6457794898875113,20711,6432,550,10142,21261,16574,LIGHTGBM,LGBM_11,7
0.11,0.8223338178934849,0.6223345248366818,0.9444444444444444,0.7742327671959621,0.8593386058202033,0.7502786239690913,0.8558497474319422,0.22576723280403788,0.05555555555555555,0.6538365614665237,21015,6128,594,10098,21609,16226,LIGHTGBM,LGBM_11,7
0.115,0.8290471785383904,0.6329639889196675,0.9403292181069959,0.7852116567807538,0.8627704374438748,0.7566225165562914,0.8570892723180795,0.21478834321924622,0.059670781893004114,0.6619317132199768,21313,5830,638,10054,21951,15884,LIGHTGBM,LGBM_11,7
0.12,0.8346240253733316,0.6423573216922386,0.9358398802843247,0.7947537118225694,0.865296796053447,0.7618104990673418,0.8574856457279973,0.20524628817743065,0.06416011971567527,0.6684197569859371,21572,5571,686,10006,22258,15577,LIGHTGBM,LGBM_11,7
0.125,0.8414959693405577,0.6541669403034084,0.9316311260755705,0.8059904947868696,0.86881081043122,0.7686253327674679,0.8587809293904648,0.19400950521313046,0.06836887392442947,0.677257448882919,21877,5266,731,9961,22608,15227,LIGHTGBM,LGBM_11,7
0.13,0.8477071494647813,0.6656140822359581,0.9265806210250654,0.8166378071694359,0.8716092140972507,0.7747106662496089,0.8592069659335322,0.18336219283056404,0.07341937897493453,0.6850373180494976,22166,4977,785,9907,22951,14884,LIGHTGBM,LGBM_11,7
0.135,0.8543147878948064,0.6779090534414068,0.9230265619154508,0.827248277640644,0.8751374197780475,0.7817029702970298,0.8607787042528696,0.172751722359356,0.07697343808454919,0.6943275857883366,22454,4689,823,9869,23277,14558,LIGHTGBM,LGBM_11,7
0.14,0.8604202458041496,0.690113133300541,0.9185372240927796,0.8375271709096268,0.8780321975012032,0.7881073707017614,0.8615063422165301,0.16247282909037322,0.08146277590722036,0.7027594149135578,22733,4410,871,9821,23604,14231,LIGHTGBM,LGBM_11,7
0.145,0.8660235231928108,0.7020771939912313,0.9135802469135802,0.8472902774195925,0.8804352621665863,0.793984962406015,0.8616644025334768,0.15270972258040746,0.08641975308641975,0.7104933589989859,22998,4145,924,9768,23922,13913,LIGHTGBM,LGBM_11,7
0.15,0.8714417867054315,0.7141072740631889,0.9089973812196035,0.8566481229046163,0.8828227520621099,0.7998518640441117,0.8619496966901983,0.14335187709538372,0.09100261878039656,0.7183319436790012,23252,3891,973,9719,24225,13610,LIGHTGBM,LGBM_11,7
0.155,0.8761199947138892,0.7252269147100743,0.9042274597830153,0.8650480786943227,0.884637769238669,0.8048953086625317,0.8616909392324283,0.13495192130567735,0.09577254021698466,0.7250875783429034,23480,3663,1024,9668,24504,13331,LIGHTGBM,LGBM_11,7
0.16,0.8804017444165455,0.7357596146494381,0.9000187055742611,0.8726743543455034,0.8863465299598823,0.8096420007572251,0.861550307089011,0.12732564565449656,0.09998129442573887,0.7315397053706209,23687,3456,1069,9623,24756,13079,LIGHTGBM,LGBM_11,7
0.165,0.8838377164001586,0.7452293792351429,0.8948746726524505,0.8794901079468003,0.8871823902996254,0.8132251073052569,0.8603233405866169,0.12050989205319972,0.10512532734754956,0.7363819476670319,23872,3271,1124,9568,24996,12839,LIGHTGBM,LGBM_11,7
0.17,0.8880930355490948,0.7564326556543838,0.8908529741863075,0.887005857863906,0.8889294160251067,0.8181583920288611,0.8602781791907514,0.11299414213609402,0.10914702581369248,0.7432609984516325,24076,3067,1167,9525,25243,12592,LIGHTGBM,LGBM_11,7
0.175,0.891343993656667,0.7655127894779311,0.8872989150766929,0.8929374055926022,0.8901181603346475,0.8219189950184103,0.8599372745236672,0.10706259440739786,0.11270108492330715,0.7485498240695722,24237,2906,1205,9487,25442,12393,LIGHTGBM,LGBM_11,7
0.18,0.8942777851195982,0.7739479286065171,0.8841189674523008,0.8982794827395645,0.8911992250959326,0.8253732646468174,0.8596449747189989,0.10172051726043548,0.11588103254769921,0.7534585818607881,24382,2761,1239,9453,25621,12214,LIGHTGBM,LGBM_11,7
0.185,0.8977930487643716,0.78397270533411,0.88112607557052,0.9043583981136941,0.8927422368421071,0.8297150909331101,0.8598156429679656,0.09564160188630585,0.11887392442947999,0.7596904632349938,24547,2596,1271,9421,25818,12017,LIGHTGBM,LGBM_11,7
0.19,0.9003303819215013,0.7921979228236089,0.8774784885895996,0.9093320561470729,0.8934052723683363,0.8326603061903705,0.8589844536814927,0.09066794385292709,0.1225215114104003,0.763972729142441,24682,2461,1310,9382,25992,11843,LIGHTGBM,LGBM_11,7
0.195,0.9035020483679133,0.8016968034964436,0.8749532360643472,0.914747817116752,0.8948505265905495,0.8367246545324449,0.8592501423664052,0.08525218288324798,0.12504676393565284,0.7699023179201236,24829,2314,1337,9355,26166,11669,LIGHTGBM,LGBM_11,7
0.2,0.9059336593101626,0.8099417745719997,0.8716797605686495,0.9194267398592639,0.8955532502139567,0.8396774629487815,0.8585905112851222,0.0805732601407361,0.12832023943135054,0.7742894828095969,24956,2187,1372,9320,26328,11507,LIGHTGBM,LGBM_11,7
0.205,0.9078366591780098,0.817205247864753,0.8680321735877291,0.923516192020042,0.8957741828038855,0.8418522381967435,0.857367205542725,0.076483807979958,0.13196782641227087,0.7776093126883488,25067,2076,1411,9281,26478,11357,LIGHTGBM,LGBM_11,7
0.21,0.9101096867979385,0.8247082925091298,0.8659745604190049,0.927495118446745,0.8967348394328749,0.8448378119439756,0.85739420316696,0.07250488155325498,0.13402543958099514,0.7820792378971764,25175,1968,1433,9259,26608,11227,LIGHTGBM,LGBM_11,7
0.215,0.9117483811285847,0.831007472764923,0.863262252151141,0.9308477323803559,0.8970549922657485,0.8468278361392725,0.8566125290023202,0.0691522676196441,0.13673774784885895,0.7851586826508983,25266,1877,1462,9230,26728,11107,LIGHTGBM,LGBM_11,7
0.22,0.9131756310294701,0.8372643657226118,0.8598952487841377,0.9341635044026084,0.897029376593373,0.8484289207770036,0.8552717259855996,0.06583649559739159,0.14010475121586233,0.7877448957580403,25356,1787,1498,9194,26854,10981,LIGHTGBM,LGBM_11,7
0.225,0.9148671864675565,0.8434942528735632,0.857931163486719,0.9372950668680691,0.8976131151773941,0.8506514582463949,0.8550043808138994,0.06270493313193089,0.14206883651328095,0.7911785754659764,25441,1702,1519,9173,26960,10875,LIGHTGBM,LGBM_11,7
0.23,0.9161622835998414,0.8486646884272997,0.8559670781893004,0.9398740006631544,0.8979205394262274,0.8523002421307506,0.8544965640872423,0.06012599933684559,0.1440329218106996,0.7937854771371302,25511,1632,1540,9152,27051,10784,LIGHTGBM,LGBM_11,7
0.235,0.9180388529139686,0.855616977419657,0.8540965207631874,0.9432266145967653,0.8986615676799763,0.8548560730166158,0.854400179637357,0.05677338540323472,0.14590347923681257,0.7977533509702442,25602,1541,1560,9132,27162,10673,LIGHTGBM,LGBM_11,7
0.24,0.919228227831373,0.8605288007554297,0.8523194912083801,0.9455844969237004,0.8989519940660402,0.8564044732637911,0.8539487986806101,0.054415503076299596,0.1476805087916199,0.8002351948526508,25666,1477,1579,9113,27245,10590,LIGHTGBM,LGBM_11,7
0.245,0.9202061583190168,0.8651375273627105,0.8501683501683501,0.9477950116052021,0.8989816808867761,0.8575876220576442,0.8531206006569685,0.052204988394797924,0.14983164983164984,0.8022284490048002,25726,1417,1602,9090,27328,10507,LIGHTGBM,LGBM_11,7
0.25,0.9214219637901414,0.8697901695889624,0.8490460157126823,0.949931842463987,0.8994889290883347,0.8592929149510152,0.853115308711587,0.050068157536012965,0.15095398428731763,0.8049073070706575,25784,1359,1614,9078,27398,10437,LIGHTGBM,LGBM_11,7
0.255,0.9227434914761464,0.8749155486922112,0.847830153385709,0.9522528828795638,0.9000415181326364,0.8611599297012302,0.8531122362551525,0.04774711712043621,0.15216984661429106,0.8078517627847062,25847,1296,1627,9065,27474,10361,LIGHTGBM,LGBM_11,7
0.26,0.9241443108233117,0.8806696515475959,0.8462401795735129,0.9548318166746491,0.900535998124081,0.8631117046646952,0.8529090154971533,0.04516818332535092,0.1537598204264871,0.810984739663555,25917,1226,1644,9048,27561,10274,LIGHTGBM,LGBM_11,7
0.265,0.9249372274349148,0.8848265046069398,0.8442760942760943,0.9567107541539255,0.9004934242150099,0.8640758112376759,0.8520860864640362,0.04328924584607449,0.15572390572390574,0.8126940977154172,25968,1175,1665,9027,27633,10202,LIGHTGBM,LGBM_11,7
0.27,0.925783005153958,0.889218009478673,0.8423120089786756,0.9586633754559186,0.9004876922172971,0.8651296829971181,0.851293103448276,0.041336624544081345,0.15768799102132436,0.8145560416850597,26021,1122,1686,9006,27707,10128,LIGHTGBM,LGBM_11,7
0.275,0.9267345050878816,0.8936381709741551,0.8408155630377853,0.9605791548465534,0.9006973589421694,0.8664225134926755,0.8508745362307868,0.039420845153446564,0.15918443696221474,0.816730642236169,26073,1070,1702,8990,27775,10060,LIGHTGBM,LGBM_11,7
0.28,0.9273952689308841,0.897369210763229,0.839038533482978,0.9622001989463214,0.9006193662146497,0.8672241287640776,0.8500900217947502,0.03779980105367867,0.16096146651702206,0.8182131825500497,26117,1026,1721,8971,27838,9997,LIGHTGBM,LGBM_11,7
0.285,0.9280824633276067,0.9007541478129714,0.8378226711560045,0.9636370334892974,0.900729852322651,0.8681494403256288,0.8496955210289683,0.036362966510702574,0.16217732884399552,0.8198104304456483,26156,987,1734,8958,27890,9945,LIGHTGBM,LGBM_11,7
0.29,0.9290603938152504,0.9051811374215746,0.836606808829031,0.9654791290572154,0.9010429689431232,0.8695440847671818,0.8494776828110161,0.03452087094278451,0.16339319117096895,0.8221341033119519,26206,937,1747,8945,27953,9882,LIGHTGBM,LGBM_11,7
0.295,0.9296154354433726,0.9078532967591182,0.8357650579872802,0.9665843863979663,0.9011747221926232,0.8703189676162649,0.8492520575545037,0.03341561360203368,0.1642349420127198,0.8234576097402976,26236,907,1756,8936,27992,9843,LIGHTGBM,LGBM_11,7
0.3,0.9302761992863751,0.9111701041453951,0.8346427235316124,0.9679475371182257,0.901295130324919,0.8712291320902079,0.8489022487728778,0.0320524628817743,0.16535727646838758,0.8250409126516793,26273,870,1768,8924,28041,9794,LIGHTGBM,LGBM_11,7
0.305,0.9309105325756575,0.9143414033647927,0.8336139169472503,0.9692370040157683,0.9014254604815093,0.8721135029354207,0.8485985223550917,0.030762995984231663,0.1663860830527497,0.8265761516909095,26308,835,1779,8913,28087,9748,LIGHTGBM,LGBM_11,7
0.31,0.9313598519888991,0.9168812442064064,0.8325851103628882,0.9702685775338025,0.9014268439483453,0.8727023185137983,0.8481811079139434,0.029731422466197546,0.16741488963711185,0.8276630522513254,26336,807,1790,8902,28126,9709,LIGHTGBM,LGBM_11,7
0.315,0.9319941852781816,0.919933795386366,0.8317433595211373,0.9714843606086284,0.9016138600648829,0.8736185470799156,0.8480022885477257,0.028515639391371625,0.1682566404788627,0.8292265924470097,26369,774,1799,8893,28168,9667,LIGHTGBM,LGBM_11,7
0.32,0.9326020880137439,0.9228292480265892,0.8309951365506921,0.9726264598607376,0.9018107982057149,0.874507874015748,0.8478700664172838,0.027373540139262426,0.1690048634493079,0.8307369117868605,26400,743,1807,8885,28207,9628,LIGHTGBM,LGBM_11,7
0.325,0.9329985463195454,0.9253311085618938,0.8298728020950243,0.9736211914674133,0.9017469967812188,0.8750061634041715,0.8473556544492619,0.02637880853258667,0.17012719790497569,0.8317176087611456,26427,716,1819,8873,28246,9589,LIGHTGBM,LGBM_11,7
0.33,0.9333950046253469,0.9276742725559974,0.8289375233819678,0.9745422392513724,0.9017398813166702,0.8755309690803121,0.8469668590650203,0.02545776074862764,0.17106247661803217,0.8327091592002033,26452,691,1829,8863,28281,9554,LIGHTGBM,LGBM_11,7
0.335,0.9336328796088278,0.9298098140170221,0.8276281331836888,0.9753896032126147,0.9015088681981518,0.8757484289178089,0.8462274074782443,0.02461039678738533,0.17237186681631125,0.833301594327544,26475,668,1843,8849,28318,9517,LIGHTGBM,LGBM_11,7
0.34,0.933950046253469,0.9317104015175466,0.8268799102132436,0.9761264414397819,0.9015031758265127,0.8761706555671176,0.8459153797577359,0.023873558560218104,0.17312008978675644,0.8341060363758762,26495,648,1851,8841,28346,9489,LIGHTGBM,LGBM_11,7
0.345,0.9340293379146293,0.9329178111134587,0.825944631500187,0.9766053862874406,0.9012750088938138,0.8761781922809803,0.8453306275605926,0.02339461371255941,0.17405536849981296,0.8343057627696238,26508,635,1861,8831,28369,9466,LIGHTGBM,LGBM_11,7
0.35,0.9341086295757897,0.9342230695900858,0.8249158249158249,0.9771211730464576,0.9010184989811413,0.8761734465802414,0.8446819513876918,0.02287882695354235,0.1750841750841751,0.8345080171552675,26522,621,1872,8820,28394,9441,LIGHTGBM,LGBM_11,7
0.355,0.9343200740055504,0.9357544865668472,0.8241676019453797,0.9777106436281914,0.9009391227867856,0.8764234919687702,0.844303918750599,0.02228935637180857,0.17583239805462028,0.8350525176259387,26538,605,1880,8812,28418,9417,LIGHTGBM,LGBM_11,7
0.36,0.9346901017576318,0.9383598165724646,0.8229517396184063,0.9787053752348672,0.9008285574266368,0.8768747820020929,0.843705053216991,0.021294624765132816,0.17704826038159371,0.8360127564161489,26565,578,1893,8799,28458,9377,LIGHTGBM,LGBM_11,7
0.365,0.934742962865072,0.9398737562854392,0.8216423494201271,0.979294845816601,0.9004685976183641,0.8767902589949598,0.8428475486903964,0.020705154183399035,0.1783576505798728,0.8361607148275293,26581,562,1907,8785,28488,9347,LIGHTGBM,LGBM_11,7
0.37,0.9349808378485529,0.9412521440823327,0.821174710063599,0.9798106325756181,0.9004926713196085,0.8771228771228771,0.8426750614250613,0.020189367424381977,0.17882528993640104,0.8367831776824286,26595,548,1912,8780,28507,9328,LIGHTGBM,LGBM_11,7
0.375,0.9354301572617947,0.9436377326019146,0.8205200149644594,0.9806948384482187,0.9006074267063391,0.877782780529291,0.8425045616056851,0.019305161551781306,0.17947998503554058,0.8379617749714156,26619,524,1919,8773,28538,9297,LIGHTGBM,LGBM_11,7
0.38,0.9356944627989956,0.945325137495956,0.8198653198653199,0.9813211509413108,0.9005932354033153,0.878136739293764,0.8422205568686228,0.018678849058689165,0.18013468013468015,0.8386631637083468,26636,507,1926,8766,28562,9273,LIGHTGBM,LGBM_11,7
0.385,0.935773754460156,0.9462086843810759,0.819304152637486,0.9816527281435361,0.9004784403905111,0.8781954887218046,0.8418867489332258,0.018347271856463912,0.18069584736251404,0.8388815240602473,26645,498,1932,8760,28577,9258,LIGHTGBM,LGBM_11,7
0.39,0.9361173516585173,0.9480238224147266,0.8188365132809577,0.9823158825479866,0.9005761979144722,0.8787072815777587,0.8417783589408304,0.017684117452013412,0.18116348671904228,0.8397926469206889,26663,480,1937,8755,28600,9235,LIGHTGBM,LGBM_11,7
0.395,0.9364873794105987,0.9500488652405256,0.8182753460531238,0.9830527207751538,0.9006640334141388,0.8792522988794532,0.8416222559978451,0.016947279224846186,0.18172465394687617,0.8407796329069879,26683,460,1943,8749,28626,9209,LIGHTGBM,LGBM_11,7
0.4,0.9364345183031585,0.9508214557719509,0.8173400673400674,0.9833474560660207,0.9003437617030441,0.8790423980284665,0.8409515194672724,0.016652543933979295,0.18265993265993266,0.8406655372275531,26691,452,1953,8739,28644,9191,LIGHTGBM,LGBM_11,7
0.405,0.9365138099643188,0.9520174482006543,0.8164983164983165,0.983789559002321,0.9001439377503188,0.8790655523109456,0.8404251222611575,0.01621044099767896,0.1835016835016835,0.8408993074560653,26703,440,1962,8730,28665,9170,LIGHTGBM,LGBM_11,7
0.41,0.9367516849477997,0.9535468357197507,0.8159371492704826,0.9843421876726964,0.9001396684715894,0.8793911597197721,0.8401872219118977,0.015657812327303542,0.1840628507295174,0.8415466416389158,26718,425,1968,8724,28686,9149,LIGHTGBM,LGBM_11,7
0.415,0.9369631293775604,0.9549786395004929,0.8153759820426487,0.9848579744317135,0.9001169782371812,0.8796730740124111,0.8399329441008152,0.015142025568286482,0.18462401795735128,0.8421266873027577,26732,411,1974,8718,28706,9129,LIGHTGBM,LGBM_11,7
0.42,0.937095282146161,0.9561018437225637,0.8148148148148148,0.9852632354566555,0.9000390251357351,0.8798222581296707,0.8396299151888975,0.01473676454334451,0.18518518518518517,0.8424982349118256,26743,400,1980,8712,28723,9112,LIGHTGBM,LGBM_11,7
0.425,0.9373331571296418,0.9575497635543825,0.8143471754582866,0.9857790222156726,0.9000630988369795,0.8801617386909275,0.8394554674996626,0.014220977784327451,0.18565282454171342,0.843149915068196,26757,386,1985,8707,28742,9093,LIGHTGBM,LGBM_11,7
0.43,0.9375181710056826,0.9597041289467874,0.8130377852600075,0.9865527023541981,0.8997952438071029,0.8803037974683544,0.8386717091807201,0.013447297645801864,0.18696221473999253,0.8436981574994513,26778,365,1999,8693,28777,9058,LIGHTGBM,LGBM_11,7
0.435,0.9377824765428836,0.9608666814061464,0.8129442573887018,0.9869579633791401,0.899951110383921,0.8807376633904145,0.8387694445516656,0.01304203662085989,0.18705574261129818,0.844410683458323,26789,354,2000,8692,28789,9046,LIGHTGBM,LGBM_11,7
0.44,0.9378617682040439,0.9617982504706013,0.812383090160868,0.9872895405813653,0.8998363153711166,0.8807990670790449,0.8384331743856059,0.01271045941863464,0.18761690983913207,0.8446490703891797,26798,345,2006,8686,28804,9031,LIGHTGBM,LGBM_11,7
0.445,0.9379674904189242,0.963045167018089,0.8116348671904228,0.9877316435176657,0.8996832553540443,0.8808810840988682,0.8379845110952316,0.012268356482334304,0.18836513280957726,0.8449689078856584,26810,333,2014,8678,28824,9011,LIGHTGBM,LGBM_11,7
0.45,0.9381260737412449,0.9639959995555062,0.8113542835765059,0.9880632207198909,0.8997087521481983,0.881113198923366,0.8378890026464737,0.011936779280109052,0.1886457164234942,0.8454100718713442,26819,324,2017,8675,28836,8999,LIGHTGBM,LGBM_11,7
0.455,0.9380467820800846,0.9646037399821905,0.810512532734755,0.9882842721880412,0.8993984024613981,0.8808700955478755,0.83726232802597,0.011715727811958884,0.18948746726524504,0.8452387721497411,26825,318,2026,8666,28851,8984,LIGHTGBM,LGBM_11,7
0.46,0.9381260737412449,0.9653404658419703,0.8101384212495324,0.9885421655675496,0.899340293408541,0.8809560132214594,0.8370537871320616,0.011457834432450355,0.18986157875046764,0.8454724911846874,26832,311,2030,8662,28862,8973,LIGHTGBM,LGBM_11,7
0.465,0.9382846570635655,0.966402500279049,0.8097643097643098,0.9889105846811332,0.8993374472227216,0.8811765304564653,0.8368936918823825,0.011089415318866742,0.19023569023569023,0.845921662434989,26842,301,2034,8658,28876,8959,LIGHTGBM,LGBM_11,7
0.47,0.9383110876172855,0.9670317389360751,0.8092966704077815,0.9891316361492835,0.8992141532785325,0.8811608961303463,0.8365882898909428,0.010868363850716576,0.19070332959221847,0.8460189978649136,26848,295,2039,8653,28887,8948,LIGHTGBM,LGBM_11,7
0.475,0.9384432403858861,0.9679910464465584,0.8089225589225589,0.9894632133515087,0.8991928861370337,0.881336933815662,0.8364118136278359,0.010536786648491324,0.19107744107744107,0.8463986997905029,26857,286,2043,8649,28900,8935,LIGHTGBM,LGBM_11,7
0.48,0.9383375181710056,0.9683962792782697,0.8081743359521137,0.9896105809969421,0.8988924584745279,0.8810604129492735,0.8358321564682442,0.010389419003057879,0.19182566404788626,0.8461545721947535,26861,282,2051,8641,28912,8923,LIGHTGBM,LGBM_11,7
0.485,0.9382317959561253,0.9691184727681078,0.8071455293677516,0.9898684743764506,0.8985070018721011,0.8807470531203756,0.835058928260407,0.01013152562354935,0.19285447063224842,0.8459275550439886,26868,275,2062,8630,28930,8905,LIGHTGBM,LGBM_11,7
0.49,0.9382582265098454,0.9700720072007201,0.8063973063973064,0.9902000515786759,0.8982986789879912,0.8806945863125639,0.8345593929069228,0.009799948421324098,0.1936026936026936,0.8460449870356268,26877,266,2070,8622,28947,8888,LIGHTGBM,LGBM_11,7
0.495,0.9382582265098454,0.9706014868213562,0.8059296670407782,0.9903842611354677,0.898156964088123,0.8806336228921818,0.8342369205746815,0.009615738864532292,0.19407033295922185,0.8460740148557206,26882,261,2075,8617,28957,8878,LIGHTGBM,LGBM_11,7
0.5,0.9381260737412449,0.9709033494981392,0.805181444070333,0.9904947868695428,0.897838115469938,0.8803108543381564,0.833639972886608,0.009505213130457208,0.19481855592966704,0.845760061289849,26885,258,2083,8609,28968,8867,LIGHTGBM,LGBM_11,7
0.505,0.9382053654024052,0.9715511402122375,0.8049008604564161,0.9907158383376929,0.8978083493970546,0.8804092071611254,0.8334947507070082,0.00928416166230704,0.195099139543584,0.8459948898919367,26891,252,2086,8606,28977,8858,LIGHTGBM,LGBM_11,7
0.51,0.9383639487247258,0.9731718360878424,0.8040591096146652,0.9912684670080684,0.8976637883113667,0.8805694970808153,0.8330103484361072,0.008731532991931622,0.19594089038533483,0.8464849780429596,26906,237,2095,8597,29001,8834,LIGHTGBM,LGBM_11,7
0.515,0.9383110876172855,0.9739169879791336,0.8032173587729143,0.9915263603875769,0.8973718595802456,0.8803690415171707,0.8323963866165239,0.008473639612423093,0.19678264122708566,0.8463971662347186,26913,230,2104,8588,29017,8818,LIGHTGBM,LGBM_11,7
0.52,0.9385753931544866,0.9754545454545455,0.8028432472876917,0.992042147146594,0.8974426972171429,0.8807715986045558,0.832299100217189,0.007957852853406035,0.19715675271230826,0.8471506809589491,26927,216,2108,8584,29035,8800,LIGHTGBM,LGBM_11,7
0.525,0.9384961014933263,0.9757706745535206,0.8022820800598578,0.992152672880669,0.8972173764702633,0.8805625417030232,0.831862526426036,0.00784732711933095,0.19771791994014215,0.8469724395757161,26930,213,2114,8578,29044,8791,LIGHTGBM,LGBM_11,7
0.53,0.9384696709396062,0.9764183185235816,0.8016273849607183,0.9923737243488192,0.8970005546547688,0.8804314329738059,0.8313933185892212,0.007626275651180783,0.19837261503928172,0.8469471922772125,26936,207,2121,8571,29057,8778,LIGHTGBM,LGBM_11,7
0.535,0.9384696709396062,0.9768529076396807,0.8012532734754957,0.9925210919942526,0.8968871827348741,0.8803822834241085,0.8311343086654506,0.007478908005747338,0.1987467265245043,0.8469748362009527,26940,203,2125,8567,29065,8770,LIGHTGBM,LGBM_11,7
0.54,0.938416809832166,0.9778285714285714,0.8002244668911336,0.992852669196478,0.8965385680438058,0.8801563625141445,0.8303893784696611,0.007147330803522087,0.19977553310886645,0.8469061126129002,26949,194,2136,8556,29085,8750,LIGHTGBM,LGBM_11,7
0.545,0.9384432403858861,0.9785967723474877,0.7996632996632996,0.9931105625759864,0.8963869311196431,0.8801276442431417,0.8300165032521114,0.006889437424013558,0.20033670033670034,0.8470225718829922,26956,187,2142,8550,29098,8737,LIGHTGBM,LGBM_11,7
0.55,0.9385489626007665,0.9792645205636384,0.7994762439206884,0.9933316140441366,0.8964039289824125,0.8802842284125432,0.829951259296658,0.00666838595586339,0.20052375607931164,0.8473304919643166,26962,181,2144,8548,29106,8729,LIGHTGBM,LGBM_11,7
0.555,0.9386811153693669,0.9802661771454796,0.7991021324354658,0.9936631912463618,0.8963826618409139,0.8804616652926629,0.8297723564602594,0.006336808753638139,0.20089786756453423,0.8477273693498827,26971,172,2148,8544,29119,8716,LIGHTGBM,LGBM_11,7
0.56,0.9386282542619268,0.9807029634734665,0.7985409652076318,0.9938105588917953,0.8961757620497135,0.880296937828642,0.8293507401795079,0.006189441108204694,0.20145903479236812,0.8476258186730854,26975,168,2154,8538,29129,8706,LIGHTGBM,LGBM_11,7
0.565,0.9387339764768072,0.9814857405703772,0.7982603815937149,0.9940684522713038,0.8961644169325094,0.8804415102125026,0.8292204259288047,0.005931547728696165,0.20173961840628507,0.8479432197672478,26982,161,2157,8535,29139,8696,LIGHTGBM,LGBM_11,7
0.57,0.9386546848156468,0.982144914180394,0.7974186307519641,0.994289503739454,0.895854067245709,0.8801940845506633,0.8285875332853894,0.005710496260545997,0.2025813692480359,0.8477924657643374,26988,155,2166,8526,29154,8681,LIGHTGBM,LGBM_11,7
0.575,0.9385753931544866,0.9828063697207478,0.7965768799102132,0.9945105552076041,0.8955437175589087,0.8799462754416778,0.8279542714935645,0.005489444792395829,0.20342312008978675,0.8476425951439013,26994,149,2175,8517,29169,8666,LIGHTGBM,LGBM_11,7
0.58,0.9385225320470464,0.9833602958169633,0.7959221848110737,0.994694764764396,0.8953084747877349,0.8797684275819291,0.8274668429854927,0.005305235235604023,0.2040778151889263,0.8475512883009682,26999,144,2182,8510,29181,8654,LIGHTGBM,LGBM_11,7
0.585,0.9384696709396062,0.9835800185013877,0.7955480733258511,0.9947684485871127,0.8951582609564819,0.8796277145811789,0.8271744204138789,0.005231551412887301,0.2044519266741489,0.8474359622486011,27001,142,2186,8506,29187,8648,LIGHTGBM,LGBM_11,7
0.59,0.9383375181710056,0.9842428455567142,0.794519266741489,0.9949895000552629,0.894754383398376,0.8792630543911402,0.8263779450962081,0.005010499944737133,0.20548073325851104,0.8471564602348874,27007,136,2197,8495,29204,8631,LIGHTGBM,LGBM_11,7
0.595,0.9382846570635655,0.9849135429964024,0.7937710437710438,0.9952105515234131,0.8944907976472285,0.8790719353669273,0.8258246570010702,0.004789448476586965,0.20622895622895623,0.8470752292880112,27013,130,2205,8487,29218,8617,LIGHTGBM,LGBM_11,7
0.6,0.9382317959561253,0.9852479962829597,0.7933034044145155,0.9953210772574881,0.8943122408360018,0.8789181907673177,0.8254666485003017,0.004678922742511881,0.20669659558548448,0.846969184313877,27016,127,2210,8482,29226,8609,LIGHTGBM,LGBM_11,7
0.605,0.9383110876172855,0.9861563517915309,0.7928357650579873,0.995615812548355,0.894225788803171,0.8789921194525093,0.8251888482205435,0.004384187451644992,0.20716423494201272,0.8472351468599129,27024,119,2215,8477,29239,8596,LIGHTGBM,LGBM_11,7
0.61,0.9382317959561253,0.9863779252532309,0.792368125701459,0.9956894963710717,0.8940288110362653,0.8787925937451377,0.8248145335592031,0.004310503628928269,0.20763187429854096,0.8470554343777089,27026,117,2220,8472,29246,8589,LIGHTGBM,LGBM_11,7
0.615,0.938152504294965,0.9865998601724539,0.7919004863449308,0.9957631801937884,0.8938318332693596,0.8785929231088513,0.8244401168451803,0.0042368198062115465,0.2080995136550692,0.8468758538884371,27028,115,2225,8467,29253,8582,LIGHTGBM,LGBM_11,7
0.62,0.9380467820800846,0.9867070895522388,0.7914328469884025,0.9958000221051468,0.8936164345467748,0.8783475192028234,0.8240495481458397,0.004199977894853185,0.20856715301159745,0.8466218865752679,27029,114,2230,8462,29259,8576,LIGHTGBM,LGBM_11,7
0.625,0.9380467820800846,0.9871615312791784,0.79105873550318,0.9959473897505803,0.8935030626268801,0.8782969885773624,0.8237883746298894,0.00405261024941974,0.20894126449682004,0.8466573407351741,27033,110,2234,8458,29267,8568,LIGHTGBM,LGBM_11,7
0.63,0.9379674904189242,0.9877264757451782,0.7903105125327348,0.996131599307372,0.8932210559200534,0.8780589182729776,0.8232176606979329,0.0038684006926279334,0.20968948746726523,0.8465051721503123,27038,105,2242,8450,29280,8555,LIGHTGBM,LGBM_11,7
0.635,0.9379674904189242,0.988068779974266,0.7900299289188178,0.9962421250414472,0.8931360269801325,0.8780208928849853,0.8230216107722587,0.0037578749585528495,0.20997007108118218,0.8465323337638319,27041,102,2245,8447,29286,8549,LIGHTGBM,LGBM_11,7
0.64,0.9378617682040439,0.9882917691136869,0.7894687616909839,0.9963158088641638,0.8928922852775738,0.877762179587168,0.8225652419653473,0.0036841911358361274,0.2105312383090161,0.8462880251556757,27043,100,2251,8441,29294,8541,LIGHTGBM,LGBM_11,7
0.645,0.937888198757764,0.9886363636363636,0.7892817059483727,0.9964263345982389,0.8928540202733057,0.8777824006656958,0.8224504911897708,0.0035736654017610434,0.2107182940516274,0.846381172061511,27046,97,2253,8439,29299,8536,LIGHTGBM,LGBM_11,7
0.65,0.9378353376503238,0.988633700492149,0.7890946502057613,0.9964263345982389,0.8927604924020001,0.8776656610839487,0.8222876301118863,0.0035736654017610434,0.2109053497942387,0.8462499370762327,27046,97,2255,8437,29301,8534,LIGHTGBM,LGBM_11,7
0.655,0.9378089070966037,0.9889761932684414,0.7887205387205387,0.996536860332314,0.8926286995264263,0.8775690722722306,0.8220099424895214,0.0034631396676859595,0.2112794612794613,0.8462120642466444,27049,94,2259,8433,29308,8527,LIGHTGBM,LGBM_11,7
0.66,0.9377031848817232,0.9892006104002817,0.7881593714927049,0.9966105441550308,0.8923849578238678,0.8773098745510385,0.8215532201142589,0.003389455844969237,0.21184062850729518,0.8459682788338551,27051,92,2265,8427,29316,8519,LIGHTGBM,LGBM_11,7
0.665,0.937650323774283,0.9894279337483848,0.7877852600074823,0.9966842279777475,0.8922347439926148,0.8771674043217913,0.8212593358163843,0.0033157720222525143,0.21221473999251778,0.8458558228241664,27053,90,2269,8423,29322,8513,LIGHTGBM,LGBM_11,7
0.67,0.937650323774283,0.9900035281665295,0.787317620650954,0.9968684375345392,0.8920930290927467,0.8771034123469654,0.8209319108267832,0.0031315624654607082,0.21268237934904602,0.8459030435064763,27058,85,2274,8418,29332,8503,LIGHTGBM,LGBM_11,7
0.675,0.937650323774283,0.9904649793996468,0.7869435091657314,0.9970158051799728,0.8919796571728521,0.8770521707406056,0.8206698788599964,0.002984194820027263,0.2130564908342686,0.845941198930343,27062,81,2278,8414,29340,8495,LIGHTGBM,LGBM_11,7
0.68,0.9375974626668429,0.9906938390858758,0.7865693976805088,0.9970894890026895,0.8918294433415992,0.8769094416349512,0.8203757535556121,0.0029105109973105404,0.2134306023194912,0.8458293244852066,27064,79,2282,8410,29346,8489,LIGHTGBM,LGBM_11,7
0.685,0.9374388793445223,0.990918740417502,0.7858211747100636,0.9971631728254062,0.8914921737677349,0.8765322622711387,0.8197553027494292,0.002836827174593818,0.2141788252899364,0.8454554372679169,27066,77,2290,8402,29356,8479,LIGHTGBM,LGBM_11,7
0.69,0.9374388793445223,0.9911504424778761,0.7856341189674523,0.9972368566481229,0.8914354878077876,0.876506495539208,0.8196241437854926,0.002763143351877095,0.2143658810325477,0.8454748854131257,27068,75,2292,8400,29360,8475,LIGHTGBM,LGBM_11,7
0.695,0.9373331571296418,0.9914943886591849,0.7849794238683128,0.997347382382198,0.8911634031252553,0.8762332306728611,0.8191009700778795,0.0026526176178020117,0.21502057613168724,0.8452421682273019,27071,72,2299,8393,29370,8465,LIGHTGBM,LGBM_11,7
0.7,0.9371745738073213,0.9918372175558973,0.7841376730265619,0.9974579081162731,0.8907977905714175,0.8758422564638287,0.8184143222506395,0.002542091883726928,0.21586232697343807,0.8448787402725643,27074,69,2308,8384,29382,8453,LIGHTGBM,LGBM_11,7
0.705,0.9369895599312805,0.9920634920634921,0.783295922184811,0.9975315919389898,0.8904137570619004,0.8754050381519807,0.8177113844952157,0.002468408061010205,0.21670407781518894,0.8444401522453208,27076,67,2317,8375,29393,8442,LIGHTGBM,LGBM_11,7
0.71,0.9367781155015198,0.992406264831514,0.7822671156004489,0.9976421176730649,0.8899546166367569,0.8748953974895398,0.8168606922415813,0.0023578823269351213,0.21773288439955107,0.8439463438900127,27079,64,2328,8364,29407,8428,LIGHTGBM,LGBM_11,7
0.715,0.9366723932866393,0.9927536231884058,0.7816124205013094,0.99775264340714,0.8896825319542248,0.8746206174777604,0.8163364982612434,0.0022473565928600374,0.21838757949869061,0.84371482749379,27082,61,2335,8357,29417,8418,LIGHTGBM,LGBM_11,7
0.72,0.936593101625479,0.9928681801973137,0.7812383090160868,0.9977894853184983,0.8895138971672926,0.8744307772834337,0.8160254782048026,0.0022105146815016765,0.2187616909839132,0.843528598355334,27083,60,2339,8353,29422,8413,LIGHTGBM,LGBM_11,7
0.725,0.9364609488568786,0.9929812039019748,0.7806771417882529,0.9978263272298566,0.8892517345090547,0.8741229448109749,0.815550865673975,0.002173672770143315,0.2193228582117471,0.8432114693766483,27084,59,2345,8347,29429,8406,LIGHTGBM,LGBM_11,7
0.73,0.9363816571957182,0.9933309515303085,0.780115974560419,0.9979368529639318,0.8890264137621754,0.873906438262874,0.8151079839734193,0.0020631470360682313,0.219884025439581,0.8430459699174147,27087,56,2351,8341,29438,8397,LIGHTGBM,LGBM_11,7
0.735,0.9362759349808378,0.993562999165574,0.7795548073325851,0.9980105367866485,0.8887826720596168,0.873643938996908,0.8146490216392673,0.0019894632133515087,0.22044519266741489,0.8428048832684644,27089,54,2357,8335,29446,8389,LIGHTGBM,LGBM_11,7
0.74,0.9362759349808378,0.9936806963157268,0.7794612794612794,0.9980473786980069,0.8887543290796431,0.8736306934325698,0.8145831297038412,0.0019526213019931474,0.22053872053872053,0.8428152954257279,27090,53,2358,8334,29448,8387,LIGHTGBM,LGBM_11,7
0.745,0.9362230738733976,0.9936791890280262,0.7792742237186682,0.9980473786980069,0.8886608012083375,0.8735126068040049,0.8144194866381248,0.0019526213019931474,0.22072577628133183,0.8426843969269494,27090,53,2360,8332,29450,8385,LIGHTGBM,LGBM_11,7
0.75,0.9361702127659575,0.9939133548156105,0.7789001122334456,0.9981210625207235,0.8885105873770845,0.8733679408526034,0.8141239955422606,0.0018789374792764248,0.22109988776655443,0.8425744229191314,27092,51,2364,8328,29456,8379,LIGHTGBM,LGBM_11,7
0.755,0.9360380599973569,0.9939097205636493,0.7784324728769173,0.9981210625207235,0.8882767676988204,0.8730724850519248,0.8137147549958937,0.0018789374792764248,0.22156752712308267,0.8422472066712483,27092,51,2369,8323,29461,8374,LIGHTGBM,LGBM_11,7
0.76,0.9359059072287564,0.9940241424644436,0.7778713056490835,0.998157904432082,0.8880146050405827,0.8727635237945329,0.8132394641634889,0.0018420955679180637,0.22212869435091656,0.8419305178994393,27093,50,2375,8317,29468,8367,LIGHTGBM,LGBM_11,7
0.765,0.9358001850138761,0.9940212842281478,0.7774971941638609,0.998157904432082,0.8878275492979715,0.8725268958278668,0.8129119320959889,0.0018420955679180637,0.22250280583613916,0.8416687395213029,27093,50,2379,8313,29472,8363,LIGHTGBM,LGBM_11,7
0.77,0.9357208933527157,0.9940191387559809,0.7772166105499438,0.998157904432082,0.8876872574910128,0.8723493596472811,0.8126662494132372,0.0018420955679180637,0.22278338945005613,0.8414723989481915,27093,50,2382,8310,29475,8360,LIGHTGBM,LGBM_11,7
0.775,0.9356151711378353,0.994489698131289,0.7764683875794987,0.9983052720775154,0.887386829828507,0.8720588235294118,0.8120744972220049,0.0016947279224846185,0.22353161242050132,0.8412532028236998,27097,46,2390,8302,29487,8348,LIGHTGBM,LGBM_11,7
0.78,0.9355887405841152,0.994726117703464,0.7761878039655817,0.9983789559002321,0.887283379932907,0.8719726819017599,0.8118604605662186,0.0016210440997678959,0.22381219603441826,0.8412092111285365,27099,44,2393,8299,29492,8343,LIGHTGBM,LGBM_11,7
0.785,0.9354830183692349,0.9947235879601871,0.7758136924803591,0.9983789559002321,0.8870963241902956,0.8717355893016657,0.8115326667579784,0.0016210440997678959,0.22418630751964086,0.8409475161796472,27099,44,2397,8295,29496,8339,LIGHTGBM,LGBM_11,7
0.79,0.9353772961543544,0.9948397935917437,0.7753460531238309,0.9984157978115905,0.8868809254677107,0.8714848883048619,0.8111387252695643,0.0015842021884095348,0.2246539468761691,0.8406966016514978,27100,43,2402,8290,29502,8333,LIGHTGBM,LGBM_11,7
0.795,0.9352980044931941,0.9949567723342939,0.7749719416386083,0.9984526397229488,0.8867122906807785,0.8712933753943217,0.810826679192109,0.0015473602770511735,0.2250280583613917,0.8405111570920966,27101,42,2406,8286,29507,8328,LIGHTGBM,LGBM_11,7
0.8,0.9352187128320338,0.994954954954955,0.7746913580246914,0.9984526397229488,0.8865719988738201,0.8711153178734815,0.8105807057718278,0.0015473602770511735,0.22530864197530864,0.8403148939753289,27101,42,2409,8283,29510,8325,LIGHTGBM,LGBM_11,7
0.805,0.9351129906171535,0.9951905735241072,0.7741301907968574,0.9985263235456655,0.8863282571712614,0.8708506496922509,0.8101203875893118,0.0014736764543344509,0.22586980920314254,0.8400749871358152,27103,40,2415,8277,29518,8317,LIGHTGBM,LGBM_11,7
0.81,0.9350865600634334,0.9956668271545498,0.7736625514403292,0.9986736911910989,0.8861681213157141,0.8707368421052633,0.809773670608505,0.0013263088089010059,0.22633744855967078,0.8400534261807403,27107,36,2420,8272,29527,8308,LIGHTGBM,LGBM_11,7
0.815,0.9349544072948328,0.9962619076329434,0.7727272727272727,0.9988579007478908,0.8857925867375818,0.8703713457993153,0.8090323338751688,0.0011420992521091993,0.22727272727272727,0.8397818664085779,27112,31,2430,8262,29542,8293,LIGHTGBM,LGBM_11,7
0.82,0.9348486850799524,0.9964996982498491,0.7721661054994389,0.9989315845706075,0.8855488450350232,0.870105917689835,0.8085714845356786,0.001068415429392477,0.22783389450056116,0.8395427228935902,27114,29,2436,8256,29550,8285,LIGHTGBM,LGBM_11,7
0.825,0.9347165323113519,0.9967375543740937,0.7715114104002992,0.9990052683933243,0.8852583393968118,0.8697806832560101,0.8080283676827835,0.0009947316066757543,0.2284885895997007,0.8392383720178845,27116,27,2443,8249,29559,8276,LIGHTGBM,LGBM_11,7
0.83,0.9346372406501916,0.9968564865191634,0.7711372989150767,0.9990421103046826,0.8850897046098796,0.8695881453356535,0.8077156684104312,0.000957889695317393,0.22886270108492332,0.8390535799771969,27117,26,2447,8245,29564,8271,LIGHTGBM,LGBM_11,7
0.835,0.9343993656667107,0.9969733656174334,0.7702020202020202,0.9990789522160409,0.8846404862090306,0.8690375685943437,0.8069099318021478,0.0009210477839590318,0.2297979797979798,0.8384766806578288,27118,25,2457,8235,29575,8260,LIGHTGBM,LGBM_11,7
0.84,0.9342407823443901,0.9973326867119302,0.7693602693602694,0.999189477950116,0.8842748736551926,0.8686378035902852,0.8062176572055826,0.0008105220498839479,0.23063973063973064,0.8381188154302036,27121,22,2466,8226,29587,8248,LIGHTGBM,LGBM_11,7
0.845,0.9341879212369499,0.99745269286754,0.7690796857463524,0.9992263198614744,0.8841530028039134,0.8685044359949302,0.8059868266290285,0.0007736801385255867,0.2309203142536476,0.837999604746631,27122,21,2469,8223,29591,8244,LIGHTGBM,LGBM_11,7
0.85,0.9339236156997489,0.9982968369829683,0.7674897119341564,0.9994842132409829,0.8834869625875696,0.8678087986463621,0.8046991448968384,0.0005157867590170578,0.23251028806584362,0.8374275041918415,27129,14,2486,8206,29615,8220,LIGHTGBM,LGBM_11,7
0.855,0.9337650323774284,0.9984169508037019,0.7668350168350169,0.9995210551523414,0.8831780359936792,0.8674354633939907,0.8041388779913692,0.0004789448476586965,0.23316498316498316,0.8370473224308121,27130,13,2493,8199,29623,8212,LIGHTGBM,LGBM_11,7
0.86,0.9336064490551077,0.9984157933219595,0.7662738496071829,0.9995210551523414,0.8828974523797621,0.8670758810456132,0.8036449954878958,0.0004789448476586965,0.23372615039281705,0.8366553981897594,27130,13,2499,8193,29629,8206,LIGHTGBM,LGBM_11,7
0.865,0.9334478657327872,0.9984146341463415,0.7657126823793491,0.9995210551523414,0.8826168687658452,0.8667160702943045,0.8031509967038143,0.0004789448476586965,0.23428731762065094,0.8362634490833318,27130,13,2505,8187,29635,8200,LIGHTGBM,LGBM_11,7
0.87,0.9333421435179067,0.9984138604197169,0.7653385708941265,0.9995210551523414,0.882429813023234,0.8664760694620923,0.802821599560474,0.0004789448476586965,0.23466142910587354,0.8360021358000373,27130,13,2509,8183,29639,8196,LIGHTGBM,LGBM_11,7
0.875,0.9331306990881459,0.9984123106985833,0.7645903479236813,0.9995210551523414,0.8820557015380113,0.8659957627118645,0.8021626501295234,0.0004789448476586965,0.23540965207631875,0.8354794757483336,27130,13,2517,8175,29647,8188,LIGHTGBM,LGBM_11,7
0.88,0.9329985463195454,0.9985331866519985,0.7640291806958474,0.9995578970636997,0.8817935388797735,0.8656811317755524,0.8016840369781547,0.00044210293630033527,0.23597081930415265,0.8351647018463448,27131,12,2523,8169,29654,8181,LIGHTGBM,LGBM_11,7
0.885,0.9329192546583851,0.9986545988258317,0.7636550692106248,0.999594738975058,0.8816249040928414,0.8654865380538478,0.8013701319095478,0.00040526102494197396,0.23634493078937524,0.83498064545365,27132,11,2527,8165,29659,8176,LIGHTGBM,LGBM_11,7
0.89,0.9328663935509449,0.9988984088127295,0.7632809577254022,0.9996684227977748,0.8814746902615884,0.8653377160428375,0.8010718913188583,0.00033157720222525146,0.23671904227459784,0.8348739658525525,27134,9,2531,8161,29665,8170,LIGHTGBM,LGBM_11,7
0.895,0.9326549491211841,0.9988973290860084,0.762532734754957,0.9996684227977748,0.8811005787763659,0.864856263922775,0.8004123306499117,0.00033157720222525146,0.23746726524504302,0.8343513613293994,27134,9,2539,8153,29673,8162,LIGHTGBM,LGBM_11,7
0.9,0.9325756574600238,0.9990192472722815,0.7621586232697344,0.9997052647091331,0.8809319439894338,0.8646612552390048,0.8000981836033383,0.00029473529086689016,0.23784137673026562,0.8341674527208018,27135,8,2543,8149,29678,8157,LIGHTGBM,LGBM_11,7
0.905,0.9324963657988635,0.9991413150147204,0.7617845117845118,0.9997421066204915,0.8807633092025016,0.8644661430694122,0.7997839748625294,0.0002578933795085289,0.2382154882154882,0.8339835897233392,27136,7,2547,8145,29683,8152,LIGHTGBM,LGBM_11,7
0.91,0.9324699352451434,0.9992637133390601,0.7615974560419004,0.9997789485318498,0.8806882022868752,0.8643914866514515,0.7996346996091678,0.00022105146815016763,0.2384025439580995,0.8339304110865979,27137,6,2549,8143,29686,8149,LIGHTGBM,LGBM_11,7
0.915,0.932390643583983,0.9992634421802111,0.7613168724279835,0.9997789485318498,0.8805479104799167,0.8642106380719821,0.7993872019483836,0.00022105146815016763,0.23868312757201646,0.8337344519341611,27137,6,2552,8140,29689,8146,LIGHTGBM,LGBM_11,7
0.92,0.932364213030263,0.9992633517495396,0.7612233445566778,0.9997789485318498,0.8805011465442638,0.864150342411212,0.799304696246538,0.00022105146815016763,0.2387766554433221,0.8336691307827911,27137,6,2553,8139,29690,8145,LIGHTGBM,LGBM_11,7
0.925,0.9323113519228228,0.9992631708215646,0.7610362888140666,0.9997789485318498,0.8804076186729581,0.8640297318821343,0.7991396751193259,0.00022105146815016763,0.2389637111859334,0.8335384863255355,27137,6,2555,8137,29692,8143,LIGHTGBM,LGBM_11,7
0.93,0.9321791991542223,0.9992627181125584,0.7605686494575383,0.9997789485318498,0.8801737989946941,0.8637280934678704,0.7987270655718383,0.00022105146815016763,0.23943135054246165,0.8332118625857499,27137,6,2560,8132,29697,8138,LIGHTGBM,LGBM_11,7
0.935,0.9320206158319017,0.9992621741269061,0.7600074822297045,0.9997789485318498,0.8798932153807771,0.8633659158521036,0.7982318271119844,0.00022105146815016763,0.23999251777029554,0.8328198902565113,27137,6,2566,8126,29703,8132,LIGHTGBM,LGBM_11,7
0.94,0.9316770186335404,0.9992609927330952,0.758791619902731,0.9997789485318498,0.8792852842172905,0.8625804050821327,0.7971584098099711,0.00022105146815016763,0.241208380097269,0.8319705270438845,27137,6,2579,8113,29716,8119,LIGHTGBM,LGBM_11,7
0.945,0.9314127130963393,0.999383249044036,0.7577628133183689,0.9998157904432082,0.8787893018807886,0.8619607425926911,0.7962653562653563,0.00018420955679180636,0.24223718668163113,0.8313294507785167,27138,5,2590,8102,29728,8107,LIGHTGBM,LGBM_11,7
0.95,0.931069115897978,0.9995056846267919,0.7564534231200898,0.9998526323545666,0.8781530277373282,0.8611584327086882,0.7951238694455368,0.00014736764543344508,0.24354657687991021,0.8304923826911155,27139,4,2604,8088,29743,8092,LIGHTGBM,LGBM_11,7
0.05,0.7246200607902735,0.506562815519977,0.9854096520763187,0.6218914637291383,0.8036505579027284,0.6691435648280462,0.8287318891877862,0.3781085362708617,0.014590347923681257,0.5496135539811221,16880,10263,156,10536,17036,20799,LIGHTGBM,LGBM_11,29
0.055,0.7341350601295097,0.5155291693243708,0.982697343808455,0.6362229672475408,0.8094601555279979,0.6762784410903356,0.8319213289204896,0.3637770327524592,0.01730265619154508,0.5590271534053871,17269,9874,185,10507,17454,20381,LIGHTGBM,LGBM_11,29
0.06,0.7438615038985067,0.5250914924550057,0.9796109240553685,0.6509965737022436,0.8153037488788061,0.6837037762329058,0.8350474368173483,0.3490034262977563,0.0203890759446315,0.5687191361322085,17670,9473,218,10474,17888,19947,LIGHTGBM,LGBM_11,29
0.065,0.7524514338575393,0.5339165131982812,0.9761503928170595,0.6643333456139705,0.820241869215515,0.6902777777777778,0.8374253803196612,0.33566665438602955,0.023849607182940515,0.5770907437040858,18032,9111,255,10437,18287,19548,LIGHTGBM,LGBM_11,29
0.07,0.7619664331967755,0.5440392853411347,0.9739992517770295,0.6784437976642228,0.8262215247206262,0.6981296507340617,0.8410596026490065,0.3215562023357772,0.026000748222970445,0.5875811411626171,18415,8728,278,10414,18693,19142,LIGHTGBM,LGBM_11,29
0.075,0.7694462798995639,0.5524144172922323,0.9704451926674149,0.6902700512102568,0.8303576219388358,0.7040542832909245,0.8428782635538009,0.3097299487897432,0.02955480733258511,0.5950041017155151,18736,8407,316,10376,19052,18783,LIGHTGBM,LGBM_11,29
0.08,0.7769261266023523,0.5610827818162092,0.9673587729143285,0.7019120951994989,0.8346354340569138,0.7102245416466387,0.844988725858632,0.29808790480050107,0.03264122708567153,0.6028905415818071,19052,8091,349,10343,19401,18434,LIGHTGBM,LGBM_11,29
0.085,0.7846438482886217,0.5704396943183077,0.9634306023194912,0.7142172935931916,0.8388239479563414,0.716591304347826,0.8467596093775688,0.28578270640680836,0.03656939768050879,0.6108681210002531,19386,7757,391,10301,19777,18058,LIGHTGBM,LGBM_11,29
0.09,0.7937359587683362,0.5818408524144185,0.9601571268237935,0.7281803779980105,0.8441687524109021,0.7245906267645398,0.8496656293451633,0.27181962200198945,0.03984287317620651,0.6212728751127168,19765,7378,426,10266,20191,17644,LIGHTGBM,LGBM_11,29
0.095,0.8025109026034095,0.593430826369545,0.9564160119715676,0.7418855690233209,0.8491507904974442,0.7324165592322017,0.8521666666666666,0.2581144309766791,0.043583988028432476,0.6313473318909079,20137,7006,466,10226,20603,17232,LIGHTGBM,LGBM_11,29
0.1,0.8103607770582794,0.6044674151963405,0.9516460905349794,0.7547065541760306,0.853176322355505,0.7393278837420527,0.8535930605191189,0.24529344582396934,0.04835390946502058,0.6399836591480849,20485,6658,517,10175,21002,16833,LIGHTGBM,LGBM_11,29
0.105,0.8169419849345844,0.6141073809235245,0.9478114478114478,0.7653907084699554,0.8566010781407016,0.745311465764507,0.8549012991395311,0.2346092915300446,0.05218855218855219,0.6475551890600527,20775,6368,558,10134,21333,16502,LIGHTGBM,LGBM_11,29
0.11,0.8235496233646095,0.6241191741871678,0.9443509165731387,0.775964337029805,0.8601576268014719,0.7515444733903982,0.8564618464357208,0.2240356629701949,0.05564908342686121,0.6555705659187139,21062,6081,595,10097,21657,16178,LIGHTGBM,LGBM_11,29
0.115,0.829734372935113,0.6341201716738197,0.9396745230078564,0.7864274398555797,0.863050981431718,0.7572354537232439,0.8570770490684503,0.2135725601444203,0.06032547699214366,0.6626757877656696,21346,5797,645,10047,21991,15844,LIGHTGBM,LGBM_11,29
0.12,0.8359455530593366,0.644705426856811,0.93443696221474,0.7971484360608628,0.8657926991378014,0.7629920959181336,0.8573757830601562,0.20285156393913717,0.06556303778526001,0.6698498544940568,21637,5506,701,9991,22338,15497,LIGHTGBM,LGBM_11,29
0.125,0.8425267609356416,0.6562995245641838,0.9295735129068462,0.8082378513797296,0.8689056821432879,0.7693915466790525,0.8581123083298797,0.1917621486202704,0.07042648709315376,0.6780420375065275,21938,5205,753,9939,22691,15144,LIGHTGBM,LGBM_11,29
0.13,0.8489493854896261,0.6681987157823589,0.9246165357276468,0.8191430571418045,0.8718797964347256,0.7757680386079178,0.8587113249830619,0.18085694285819548,0.07538346427235317,0.686265642115849,22234,4909,806,9886,23040,14795,LIGHTGBM,LGBM_11,29
0.135,0.8548698295229286,0.6795057637882239,0.9206883651328096,0.8289430055631286,0.8748156853479692,0.7819214424719012,0.8596629115361105,0.1710569944368714,0.07931163486719042,0.6943718061473109,22500,4643,848,9844,23348,14487,LIGHTGBM,LGBM_11,29
0.14,0.8600766486057883,0.6900168966488314,0.9166666666666666,0.8377850642891354,0.877225865477901,0.7873553984575835,0.8601593765358423,0.16221493571086468,0.08333333333333333,0.7015255222762369,22740,4403,891,9801,23631,14204,LIGHTGBM,LGBM_11,29
0.145,0.8654684815646888,0.7014238458219474,0.9122708567153012,0.847032384040084,0.8796516203776925,0.7930726075290675,0.8605356953805977,0.152967615959916,0.08772914328469884,0.7091045376581816,22991,4152,938,9754,23929,13906,LIGHTGBM,LGBM_11,29
0.15,0.869988106250826,0.7117288931269713,0.907500935278713,0.8552112883616402,0.8813561118201766,0.7977800616649537,0.8601797840463822,0.1447887116383598,0.09249906472128694,0.7153157036542981,23213,3930,989,9703,24202,13633,LIGHTGBM,LGBM_11,29
0.155,0.8744020087220827,0.7220062789654657,0.9033857089412645,0.8629849316582544,0.8831853202997595,0.8025758205234732,0.8601681330816086,0.13701506834174557,0.09661429105873551,0.7217720652040874,23424,3719,1033,9659,24457,13378,LIGHTGBM,LGBM_11,29
0.16,0.8790009250693802,0.7327901309777642,0.9000187055742611,0.8707217330435103,0.8853702193088857,0.8078408327736736,0.8607334525939178,0.1292782669564897,0.09998129442573887,0.7289978676440504,23634,3509,1069,9623,24703,13132,LIGHTGBM,LGBM_11,29
0.165,0.8835998414166777,0.7443270127447933,0.8958099513655069,0.8787901116309914,0.8873000314982491,0.8130730050933788,0.8607735998274499,0.12120988836900859,0.10419004863449308,0.7362023842521036,23853,3290,1114,9578,24967,12868,LIGHTGBM,LGBM_11,29
0.17,0.8875379939209727,0.7550114887885271,0.8912270856715301,0.886084810079947,0.8886559478757385,0.8174838073178056,0.86018884616079,0.11391518992005305,0.10877291432846989,0.7423111001806046,24051,3092,1163,9529,25214,12621,LIGHTGBM,LGBM_11,29
0.175,0.8908418131359852,0.7640006437077567,0.8880471380471381,0.8919426739859264,0.8899949060165322,0.8213667820069205,0.8601166751213857,0.10805732601407361,0.11195286195286196,0.7477734002945956,24210,2933,1197,9495,25407,12428,LIGHTGBM,LGBM_11,29
0.18,0.8942777851195982,0.7738134206219313,0.8843995510662177,0.8981689570054895,0.8912842540358537,0.8254189944134078,0.8598239615916199,0.10183104299451055,0.11560044893378227,0.7535255497061384,24379,2764,1236,9456,25615,12220,LIGHTGBM,LGBM_11,29
0.185,0.8972908682436898,0.7830172987358616,0.8805649083426861,0.9038794532660355,0.8922221808043608,0.8289311498503258,0.859158271280479,0.09612054673396456,0.11943509165731388,0.7585664748004315,24534,2609,1277,9415,25811,12024,LIGHTGBM,LGBM_11,29
0.19,0.9003832430289415,0.7919372522560513,0.878226711560045,0.9091110046789227,0.8936688581194838,0.8328528981329548,0.8594965675057209,0.09088899532107726,0.12177328843995511,0.7642389857907548,24676,2467,1302,9390,25978,11857,LIGHTGBM,LGBM_11,29
0.195,0.9027355623100304,0.799863154293534,0.8746726524504302,0.9137899274214346,0.8942312899359324,0.8355968548963547,0.8586118251928021,0.08621007257856537,0.12532734754956978,0.7682761834963813,24803,2340,1340,9352,26143,11692,LIGHTGBM,LGBM_11,29
0.2,0.9051936038059998,0.807442665512765,0.8726150392817059,0.9180267472276462,0.8953208932546761,0.8387647772733402,0.8587522780406089,0.08197325277235383,0.12738496071829405,0.7729306098558825,24918,2225,1362,9330,26280,11555,LIGHTGBM,LGBM_11,29
0.205,0.9070437425664067,0.8142794568550153,0.8693415637860082,0.921895147920274,0.8956183558531412,0.8409101189668431,0.8577413579905135,0.0781048520797259,0.13065843621399176,0.7761764528208109,25023,2120,1397,9295,26420,11415,LIGHTGBM,LGBM_11,29
0.21,0.9088410202193736,0.8205718332300611,0.867003367003367,0.9253214456766017,0.8961624063399843,0.8431488471508483,0.8573013964672154,0.0746785543233983,0.132996632996633,0.7795536256724501,25116,2027,1422,9270,26538,11297,LIGHTGBM,LGBM_11,29
0.215,0.9109026034095414,0.8280311855901067,0.8641975308641975,0.9293003721033047,0.8967489514837511,0.8457278843073542,0.8567137055649304,0.07069962789669527,0.13580246913580246,0.7834859062780077,25224,1919,1452,9240,26676,11159,LIGHTGBM,LGBM_11,29
0.22,0.912884894938549,0.8349030972649882,0.8622334455667789,0.9328371955937074,0.8975353205802432,0.8483482101776021,0.8566251626091804,0.0671628044062926,0.1377665544332211,0.787461939044347,25320,1823,1473,9219,26793,11042,LIGHTGBM,LGBM_11,29
0.225,0.9151579225584776,0.8430221896203924,0.8598952487841377,0.9369266477544855,0.8984109482693117,0.8513751273266043,0.8564668181987555,0.0630733522455145,0.14010475121586233,0.7920941365937358,25431,1712,1498,9194,26929,10906,LIGHTGBM,LGBM_11,29
0.23,0.9167437557816837,0.8489727928928373,0.8580246913580247,0.9398740006631544,0.8989493460105895,0.85347474183645,0.8561989024526822,0.06012599933684559,0.1419753086419753,0.7953507240926417,25511,1632,1518,9174,27029,10806,LIGHTGBM,LGBM_11,29
0.235,0.9183031584511695,0.855021018215787,0.8560606060606061,0.9428213535718233,0.8994409798162146,0.8555404963312614,0.8558524863014981,0.057178646428176695,0.14393939393939395,0.7985879995292217,25591,1552,1539,9153,27130,10705,LIGHTGBM,LGBM_11,29
0.24,0.9200211444429761,0.8618768882175226,0.8538159371492705,0.9461002836827175,0.8999581104159939,0.8578274760383388,0.8554160419790104,0.05389971631728254,0.14618406285072952,0.8022070063376937,25680,1463,1563,9129,27243,10592,LIGHTGBM,LGBM_11,29
0.245,0.9209197832694594,0.8669462447579108,0.8507295173961841,0.9485686917437277,0.899649104569956,0.858761329305136,0.8539241457003379,0.05143130825627234,0.14927048260381592,0.8039240407602193,25747,1396,1596,9096,27343,10492,LIGHTGBM,LGBM_11,29
0.25,0.9220562970794238,0.8720807304180682,0.8486719042274598,0.9509634159820212,0.8998176601047405,0.8602170924776035,0.8532525906004926,0.049036584017978856,0.15132809577254022,0.8063366892368958,25812,1331,1618,9074,27430,10405,LIGHTGBM,LGBM_11,29
0.255,0.9228756442447469,0.8763555383423702,0.8465207631874299,0.9529528791953726,0.8997368211914012,0.8611798287345385,0.852324092210336,0.04704712080462734,0.15347923681257014,0.8080399260488921,25866,1277,1641,9051,27507,10328,LIGHTGBM,LGBM_11,29
0.26,0.9244086163605127,0.8821233411397346,0.8454919566030678,0.9554949710790995,0.9004934638410836,0.8634192932187201,0.8525728082088427,0.044505028920900414,0.15450804339693228,0.8115439246932592,25935,1208,1652,9040,27587,10248,LIGHTGBM,LGBM_11,29
0.265,0.9250429496497952,0.8854003139717426,0.8439955106621774,0.956968647533434,0.9004820790978056,0.8642022601034285,0.8519637462235651,0.04303135246656597,0.15600448933782268,0.8129225795542376,25975,1168,1668,9024,27643,10192,LIGHTGBM,LGBM_11,29
0.27,0.9262323245671997,0.8901728395061729,0.8429667040778152,0.9590317945695023,0.9009992493236587,0.8659268866791565,0.8520031005993233,0.040968205430497735,0.15703329592218482,0.8156731654421496,26031,1112,1679,9013,27710,10125,LIGHTGBM,LGBM_11,29
0.275,0.9269723800713625,0.8938897168405365,0.8414702581369248,0.9606528386692702,0.9010615484030975,0.8668882786529846,0.851456476066095,0.03934716133072984,0.1585297418630752,0.8173434577430965,26075,1068,1695,8997,27770,10065,LIGHTGBM,LGBM_11,29
0.28,0.927368838377164,0.896644697423607,0.8397867564534232,0.961868621744096,0.9008276890987597,0.8672848449724717,0.8505740593384108,0.03813137825590392,0.16021324354657687,0.8181933535672536,26108,1035,1713,8979,27821,10014,LIGHTGBM,LGBM_11,29
0.285,0.9281881855424872,0.8999097382408986,0.8392255892255892,0.9632317724643554,0.9012286808449723,0.8685089290035329,0.8506987239045107,0.03676822753564455,0.16077441077441076,0.8201424195455265,26145,998,1719,8973,27864,9971,LIGHTGBM,LGBM_11,29
0.29,0.928690366063169,0.9027609834744055,0.8379161990273102,0.9644475555391814,0.9011818772832458,0.8691307722157547,0.850129051848478,0.03555244446081863,0.16208380097268987,0.8212939509608091,26178,965,1733,8959,27911,9924,LIGHTGBM,LGBM_11,29
0.295,0.9294304215673318,0.9066301703163017,0.8364197530864198,0.9660685996389493,0.9012441763626846,0.8701109165207239,0.8495782033743731,0.03393140036105073,0.16358024691358025,0.8230317850650593,26222,921,1749,8943,27971,9864,LIGHTGBM,LGBM_11,29
0.3,0.9298797409805736,0.9094428033003973,0.835016835016835,0.9672475408024168,0.9011321879096259,0.8706421571017601,0.8489112864885423,0.03275245919758317,0.16498316498316498,0.8240772889053578,26254,889,1764,8928,28018,9817,LIGHTGBM,LGBM_11,29
0.305,0.9307255186996167,0.9135157290706015,0.8338009726898615,0.9689054268135431,0.9013531997517024,0.8718400078235782,0.8486111904353951,0.031094573186456913,0.16619902731013841,0.8261232556690509,26299,844,1777,8915,28076,9759,LIGHTGBM,LGBM_11,29
0.31,0.9314391436500594,0.9169069192751236,0.8328656939768051,0.9702685775338025,0.9015671357553038,0.8728680650852774,0.8484184451219512,0.029731422466197546,0.1671343060231949,0.8278685733696278,26336,807,1787,8905,28123,9712,LIGHTGBM,LGBM_11,29
0.315,0.9318620325095811,0.9193715112673144,0.831836887392443,0.9712633091404782,0.9015500982664606,0.8734164784444663,0.8479844399527098,0.028736690859521793,0.16816311260755706,0.8288979255691427,26363,780,1798,8894,28161,9674,LIGHTGBM,LGBM_11,29
0.32,0.932364213030263,0.9220550077841204,0.8309016086793864,0.9723317245698707,0.9016166666246286,0.874108328823732,0.8476613934316738,0.027668275430129317,0.16909839132061355,0.830136878453637,26392,751,1808,8884,28200,9635,LIGHTGBM,LGBM_11,29
0.325,0.9328135324435047,0.9241257285595337,0.8304339693228582,0.9731422466197547,0.9017881079713064,0.8747783251231526,0.8476210478081564,0.026857753380245368,0.1695660306771418,0.8312594847618352,26414,729,1813,8879,28227,9608,LIGHTGBM,LGBM_11,29
0.33,0.9331835601955861,0.9268088665830196,0.8290310512532735,0.9742106620491471,0.9016208566512103,0.8751974723538705,0.8469005579759994,0.025789337950852892,0.17096894874672652,0.8321742689934711,26443,700,1828,8864,28271,9564,LIGHTGBM,LGBM_11,29
0.335,0.9334478657327872,0.9284965401551688,0.8282828282828283,0.9748738164535976,0.901578322368213,0.8755313890261988,0.8465568003670707,0.02512618354640239,0.1717171717171717,0.8328365926672031,26461,682,1836,8856,28297,9538,LIGHTGBM,LGBM_11,29
0.34,0.9337386018237082,0.9304722835805196,0.8273475495697717,0.9756474965921232,0.9014975230809474,0.8758849447992474,0.8461023433763748,0.0243525034078768,0.1726524504302282,0.8335690106082996,26482,661,1846,8846,28328,9507,LIGHTGBM,LGBM_11,29
0.345,0.9338707545923087,0.9318709133094284,0.8264122708567153,0.9762001252624987,0.901306198059607,0.8759789828492118,0.8455502392344497,0.02379987473750138,0.17358772914328469,0.8339015420959978,26497,646,1856,8836,28353,9482,LIGHTGBM,LGBM_11,29
0.35,0.93421435179067,0.9340670970473066,0.8254769921436588,0.977047489223741,0.9012622406836999,0.8764212303262003,0.8451270658980792,0.022952510776259073,0.1745230078563412,0.8347792864787865,26520,623,1866,8826,28386,9449,LIGHTGBM,LGBM_11,29
0.355,0.9345315184353112,0.9359015175634087,0.8248222970445193,0.9777474855395498,0.9012848912920346,0.8768580661198111,0.8448774692954725,0.022252514460450207,0.17517770295548074,0.8355947525447119,26539,604,1873,8819,28412,9423,LIGHTGBM,LGBM_11,29
0.36,0.9345050878815911,0.9369148936170213,0.8236999625888515,0.9781527465644918,0.9009263545766717,0.8766673302807088,0.8440998313142155,0.021847253435508234,0.17630003741114852,0.8355307852228951,26550,593,1885,8807,28435,9400,LIGHTGBM,LGBM_11,29
0.365,0.9347165323113519,0.9387406616862326,0.8226711560044894,0.9788527428803007,0.9007619494423951,0.8768816668328181,0.843530630250489,0.02114725711969937,0.17732884399551066,0.8360831770706415,26569,574,1896,8796,28465,9370,LIGHTGBM,LGBM_11,29
0.37,0.9349808378485529,0.9404023111491547,0.8220164609053497,0.9794790553733927,0.9007477581393712,0.877233256812057,0.8432474958744292,0.020520944626607227,0.1779835390946502,0.8367736669503478,26586,557,1903,8789,28489,9346,LIGHTGBM,LGBM_11,29
0.375,0.9353772961543544,0.9423881557772771,0.8215488215488216,0.98021589360056,0.9008823575746908,0.8778294108829261,0.843172262857801,0.019784106399440005,0.17845117845117844,0.8378089804575535,26606,537,1908,8784,28514,9321,LIGHTGBM,LGBM_11,29
0.38,0.9356151711378353,0.9438709677419355,0.8209876543209876,0.9807685222709354,0.9008780882959615,0.8781512605042016,0.8429361604056234,0.019231477729064583,0.17901234567901234,0.8384367386993471,26621,522,1914,8778,28535,9300,LIGHTGBM,LGBM_11,29
0.385,0.9356416016915554,0.9450253314649132,0.8199588477366255,0.9812106252072358,0.9005847364719306,0.8780609945415394,0.8422518973964839,0.018789374792764248,0.1800411522633745,0.8385232683273641,26633,510,1925,8767,28558,9277,LIGHTGBM,LGBM_11,29
0.39,0.9360909211047972,0.9471465629053177,0.8195847362514029,0.9819843053457613,0.9007845207985821,0.8787605294825511,0.8422722029988468,0.018015694654238662,0.1804152637485971,0.8397066974406822,26654,489,1929,8763,28583,9252,LIGHTGBM,LGBM_11,29
0.395,0.9358530461213163,0.9477733232202838,0.8180882903105126,0.9822421987252699,0.9001652445178911,0.8781687666281812,0.8411062176664038,0.017757801274730135,0.18191170968948747,0.8391157449232224,26661,482,1945,8747,28606,9229,LIGHTGBM,LGBM_11,29
0.4,0.9360644905510771,0.9491801498534043,0.8175271230826786,0.9827579854842869,0.9001425542834828,0.8784483191799407,0.8408526848413722,0.017242014515713076,0.18247287691732136,0.8396853269661587,26675,468,1951,8741,28626,9209,LIGHTGBM,LGBM_11,29
0.405,0.9361173516585173,0.9503646456950038,0.8165918443696222,0.9832000884205873,0.8998959663951047,0.8784144071633382,0.8402463670484073,0.01679991157941274,0.18340815563037785,0.8398493790446849,26687,456,1961,8731,28648,9187,LIGHTGBM,LGBM_11,29
0.41,0.9363023655345579,0.9516797556719022,0.8160306771417882,0.9836790332682459,0.8998548552050171,0.87865055387714,0.8399761244608749,0.016320966731754042,0.18396932285821174,0.8403541367775306,26700,443,1967,8725,28667,9168,LIGHTGBM,LGBM_11,29
0.415,0.9364609488568786,0.952896174863388,0.8154695099139544,0.9841211362045463,0.8997953230592504,0.8788428585828042,0.8396895103817559,0.01587886379545371,0.18453049008604563,0.8407911450659281,26712,431,1973,8719,28685,9150,LIGHTGBM,LGBM_11,29
0.42,0.9366459627329192,0.9541224132267601,0.8150018705574261,0.9845632391408466,0.8997825548491364,0.8790920554854982,0.839482861601896,0.015436760859153372,0.18499812944257388,0.8412971626841514,26724,419,1978,8714,28702,9133,LIGHTGBM,LGBM_11,29
0.425,0.9367516849477997,0.9554384809570848,0.8141601197156753,0.9850421839885053,0.8996011518520903,0.8791597232742514,0.8389714528036393,0.014957816011494676,0.18583988028432472,0.8416075892737567,26737,406,1987,8705,28724,9111,LIGHTGBM,LGBM_11,29
0.43,0.9370688515924409,0.9574023115024766,0.8135054246165357,0.9857421803043142,0.899623802460425,0.8796076250189615,0.8387171426918404,0.014257819695685812,0.18649457538346428,0.8424775786502565,26756,387,1994,8698,28750,9085,LIGHTGBM,LGBM_11,29
0.435,0.9372010043610414,0.9585355094838994,0.8129442573887018,0.9861474413292561,0.899545849358979,0.8797570850202429,0.838413457828536,0.013852558670743838,0.18705574261129818,0.8428532680149714,26767,376,2000,8692,28767,9068,LIGHTGBM,LGBM_11,29
0.44,0.9373331571296418,0.9596729643133356,0.812383090160868,0.9865527023541981,0.8994678962575331,0.8799068024109812,0.8381095737084854,0.013447297645801864,0.18761690983913207,0.8432307218607155,26778,365,2006,8686,28784,9051,LIGHTGBM,LGBM_11,29
0.445,0.9375974626668429,0.9618582991462468,0.8113542835765059,0.9873263824927238,0.8993403330346148,0.8802191669626097,0.8375654121690772,0.012673617507276278,0.1886457164234942,0.8439865558110696,26799,344,2017,8675,28816,9019,LIGHTGBM,LGBM_11,29
0.45,0.9377824765428836,0.963428190306803,0.8106060606060606,0.9878790111630992,0.8992425358845799,0.8804347826086956,0.8371648249748859,0.012120988836900859,0.1893939393939394,0.8445208528445463,26814,329,2025,8667,28839,8996,LIGHTGBM,LGBM_11,29
0.455,0.937888198757764,0.964787162915088,0.8097643097643098,0.9883579560107578,0.8990611328875338,0.8805044238787756,0.8366510764949171,0.011642043989242162,0.19023569023569023,0.8448490210389761,26827,316,2034,8658,28861,8974,LIGHTGBM,LGBM_11,29
0.46,0.937888198757764,0.9658253294616931,0.8088290310512533,0.9887263751243415,0.8987777030877974,0.8803827751196172,0.8360078883260508,0.011273624875658549,0.19117096894874672,0.8448986249575091,26837,306,2044,8648,28881,8954,LIGHTGBM,LGBM_11,29
0.465,0.9379674904189242,0.9666703948104239,0.808361391694725,0.9890211104152083,0.8986912510549667,0.880456374471553,0.8357345916571582,0.010978889584791658,0.19163860830527496,0.8451391453548499,26845,298,2049,8643,28894,8941,LIGHTGBM,LGBM_11,29
0.47,0.937888198757764,0.967286578534618,0.8075196408529742,0.9892421618833586,0.8983809013681664,0.8802120501580182,0.8351065887723914,0.010757838116641492,0.19248035914702583,0.8449712416995908,26851,292,2058,8634,28909,8926,LIGHTGBM,LGBM_11,29
0.475,0.9379674904189242,0.9681364299338046,0.807052001496446,0.9895368971742254,0.8982944493353358,0.8802856414180056,0.8348329173197114,0.010463102825774602,0.19294799850355407,0.8452137118852345,26859,284,2063,8629,28922,8913,LIGHTGBM,LGBM_11,29
0.48,0.9382053654024052,0.9695368705035972,0.8066778900112234,0.9900158420218841,0.8983468660165537,0.8806412089034104,0.8347205017033137,0.009984157978115905,0.19332210998877666,0.8458836911751625,26872,271,2067,8625,28939,8896,LIGHTGBM,LGBM_11,29
0.485,0.9382053654024052,0.9702769646476019,0.8060231949120839,0.9902737354013926,0.8981484651567382,0.8805558393787677,0.834269119070668,0.009726264598607376,0.1939768050879162,0.8459238513666573,26879,264,2074,8618,28953,8882,LIGHTGBM,LGBM_11,29
0.49,0.9382846570635655,0.9711354154921638,0.8055555555555556,0.9905684706922595,0.8980620131239075,0.8806298246510914,0.8339950035827024,0.009431529307740485,0.19444444444444445,0.8461698336486733,26887,256,2079,8613,28966,8869,LIGHTGBM,LGBM_11,29
0.495,0.9383110876172855,0.9719900609893833,0.8049008604564161,0.9908632059831264,0.8978820332197712,0.8805893789010538,0.833559335167177,0.009136794016873595,0.195099139543584,0.8462842927918864,26895,248,2086,8606,28981,8854,LIGHTGBM,LGBM_11,29
0.5,0.9383903792784459,0.9729607421654033,0.8043396932285821,0.9911947831853517,0.8977672382069669,0.8806512723362859,0.8332202995717635,0.008805216814648345,0.19566030677141788,0.8465386504392272,26904,239,2092,8600,28996,8839,LIGHTGBM,LGBM_11,29
0.505,0.9384696709396062,0.9747956403269755,0.803030303030303,0.9918210956784438,0.8974256993543734,0.8806153846153846,0.8323638901814797,0.008178904321556203,0.19696969696969696,0.8468463338861622,26921,222,2106,8586,29027,8808,LIGHTGBM,LGBM_11,29
0.51,0.9384696709396062,0.975443383356071,0.8024691358024691,0.992042147146594,0.8972556414745316,0.8805418719211823,0.8319757970677216,0.007957852853406035,0.19753086419753085,0.8468861466370001,26927,216,2112,8580,29039,8796,LIGHTGBM,LGBM_11,29
0.515,0.9384696709396062,0.9757679180887372,0.8021885521885522,0.992152672880669,0.8971706125346106,0.8805050816137974,0.8317816827650413,0.00784732711933095,0.1978114478114478,0.8469063180575994,26930,213,2115,8577,29045,8790,LIGHTGBM,LGBM_11,29
0.52,0.9384961014933263,0.9765295659109035,0.8016273849607183,0.9924105662601775,0.8970189756104479,0.8804766551954388,0.8314094480550974,0.007589433739822422,0.19837261503928172,0.8470201648483313,26937,206,2121,8571,29058,8777,LIGHTGBM,LGBM_11,29
0.525,0.9386811153693669,0.9775268081222906,0.801440329218107,0.9927421434624029,0.897091236340255,0.8807688354404358,0.8313928668451896,0.007257856537597171,0.19855967078189302,0.8475452951578364,26946,197,2123,8569,29069,8766,LIGHTGBM,LGBM_11,29
0.53,0.938945420906568,0.9787525702535984,0.8013468013468014,0.9931474044873448,0.8972471029170731,0.8812095032397409,0.8314894608128567,0.0068525955126551965,0.19865319865319866,0.8482838393473064,26957,186,2124,8568,29081,8754,LIGHTGBM,LGBM_11,29
0.535,0.9389189903528479,0.9792977238934004,0.8007856341189674,0.9933316140441366,0.897058624081552,0.8810908155389761,0.8310846227019472,0.00666838595586339,0.19921436588103256,0.8482541610243499,26962,181,2130,8562,29092,8743,LIGHTGBM,LGBM_11,29
0.54,0.938945420906568,0.9799587723316537,0.8003179947624393,0.9935526655122868,0.896935330137363,0.8810749588138387,0.8307766990291264,0.006447334487713223,0.1996820052375608,0.8483643433487508,26968,175,2135,8557,29103,8732,LIGHTGBM,LGBM_11,29
0.545,0.9388925597991278,0.9805045871559633,0.7996632996632996,0.9937368750690786,0.8967000873661891,0.8808984133525654,0.8302905531385953,0.0062631249309214165,0.20033670033670034,0.8482698877141329,26973,170,2142,8550,29115,8720,LIGHTGBM,LGBM_11,29
0.55,0.9388132681379675,0.9806081468732071,0.799289188178077,0.9937737169804369,0.8965314525792569,0.880713144741588,0.8299827127401277,0.006226283019563055,0.20071081182192294,0.8480796727966252,26974,169,2146,8546,29120,8715,LIGHTGBM,LGBM_11,29
0.555,0.9387075459230871,0.9808200298610313,0.7987280209502432,0.9938474008031537,0.8962877108766985,0.8804577555544101,0.8295288975230694,0.0061525991968463326,0.20127197904975683,0.8478311984378181,26976,167,2152,8540,29128,8707,LIGHTGBM,LGBM_11,29
0.56,0.9388396986916876,0.9816049666590021,0.7985409652076318,0.9941052941826622,0.896323129695147,0.880660134089737,0.8294796564722341,0.005894705817337803,0.20145903479236812,0.8482145036612448,26983,160,2154,8538,29137,8698,LIGHTGBM,LGBM_11,29
0.565,0.9387868375842474,0.981933256616801,0.7980733258511036,0.9942158199167372,0.8961445728839204,0.880507687545145,0.8291227797427028,0.0057841800832627195,0.20192667414889637,0.848106099333162,26986,157,2159,8533,29145,8690,LIGHTGBM,LGBM_11,29
0.57,0.9386811153693669,0.9821469707440682,0.7975121586232697,0.994289503739454,0.8959008311813619,0.880251883968205,0.8286686103012635,0.005710496260545997,0.20248784137673026,0.8478583283760215,26988,155,2165,8527,29153,8682,LIGHTGBM,LGBM_11,29
0.575,0.9388132681379675,0.9831583804360364,0.7971380471380471,0.9946210809416792,0.8958795640398631,0.880429729869325,0.8284892198223069,0.005378919058320746,0.20286195286195285,0.8482591249749075,26997,146,2169,8523,29166,8669,LIGHTGBM,LGBM_11,29
0.58,0.9386546848156468,0.9834815756035579,0.7962962962962963,0.9947316066757543,0.8955139514860253,0.8800454803865833,0.827807486631016,0.005268393324245662,0.2037037037037037,0.8478884764576193,27000,143,2178,8514,29178,8657,LIGHTGBM,LGBM_11,29
0.585,0.9385753931544866,0.9836994219653179,0.795828656939768,0.9948052904984711,0.8953169737191196,0.8798469651535518,0.8274339725387996,0.0051947095015289395,0.20417134306023194,0.847707359440028,27002,141,2183,8509,29185,8650,LIGHTGBM,LGBM_11,29
0.59,0.9383903792784459,0.9839101747887486,0.7949869060980173,0.9948789743211878,0.8949329402096025,0.8794164812994673,0.8267356585678992,0.005121025678812217,0.2050130939019828,0.8472631890059139,27004,139,2192,8500,29196,8639,LIGHTGBM,LGBM_11,29
0.595,0.9383903792784459,0.9843587069864442,0.7946127946127947,0.9950263419666212,0.894819568289708,0.8793665579878901,0.8264752232533707,0.004973658033378772,0.2053872053872054,0.8472963492497382,27008,135,2196,8496,29204,8631,LIGHTGBM,LGBM_11,29
0.6,0.9383639487247258,0.9846938775510204,0.7942386831275721,0.9951368677006963,0.8946877754141342,0.8792710706150342,0.8261986301369865,0.004863132299303688,0.205761316872428,0.847255668348222,27011,132,2200,8492,29211,8624,LIGHTGBM,LGBM_11,29
0.605,0.9382317959561253,0.985022640195054,0.7934904601571269,0.9952473934347714,0.8943689267959491,0.878943278943279,0.8255970105681087,0.004752606565228604,0.20650953984287318,0.8469521812144681,27014,129,2208,8484,29222,8613,LIGHTGBM,LGBM_11,29
0.61,0.9382582265098454,0.9853624535315985,0.7933034044145155,0.9953579191688465,0.8943306617916811,0.8789637305699483,0.825482715664902,0.00464208083115352,0.20669659558548448,0.8470434582535563,27017,126,2210,8482,29227,8608,LIGHTGBM,LGBM_11,29
0.615,0.9382053654024052,0.9858106536403815,0.7927422371866817,0.99550528681428,0.8941237620004808,0.8787973043027475,0.8250593777985439,0.004494713185720075,0.20725776281331837,0.8469463278531216,27021,122,2216,8476,29237,8598,LIGHTGBM,LGBM_11,29
0.62,0.938152504294965,0.9861466821885914,0.7922745978301534,0.995615812548355,0.8939452051892542,0.8786432942640805,0.8247011176447682,0.004384187451644992,0.2077254021698466,0.8468408867090347,27024,119,2221,8471,29245,8590,LIGHTGBM,LGBM_11,29
0.625,0.9381260737412449,0.9865982985666006,0.7918069584736251,0.9957631801937884,0.8937850693337068,0.8785347377159757,0.824358799587139,0.0042368198062115465,0.20819304152637486,0.8468101600228383,27028,115,2226,8466,29254,8581,LIGHTGBM,LGBM_11,29
0.63,0.9379674904189242,0.9869296300618509,0.7909652076318743,0.9958737059278635,0.8934194567798689,0.8781475520481803,0.8236749323100298,0.004126294072136463,0.2090347923681257,0.846442522747457,27031,112,2235,8457,29266,8569,LIGHTGBM,LGBM_11,29
0.635,0.9379146293114841,0.9870402802101577,0.7906846240179574,0.995910547839222,0.8932975859285897,0.8780183829256893,0.8234469054993864,0.004089452160778101,0.20931537598204264,0.8463200502151313,27032,111,2238,8454,29270,8565,LIGHTGBM,LGBM_11,29
0.64,0.9378353376503238,0.9870357393132446,0.7904040404040404,0.995910547839222,0.8931572941216313,0.8778435649735119,0.8232028053769725,0.004089452160778101,0.20959595959595959,0.8461230054203592,27032,111,2241,8451,29273,8562,LIGHTGBM,LGBM_11,29
0.645,0.937888198757764,0.9876081365443068,0.7901234567901234,0.9960947573960137,0.8931091070930686,0.8778967058089994,0.8230388527337203,0.0039052426039862947,0.20987654320987653,0.8462991875659645,27037,106,2244,8448,29281,8554,LIGHTGBM,LGBM_11,29
0.65,0.9379674904189242,0.9881829881829882,0.7899364010475122,0.9962789669528055,0.8931076840001588,0.8780082124850563,0.8229562506089836,0.0037210330471944887,0.21006359895248783,0.846541429295149,27042,101,2246,8446,29288,8547,LIGHTGBM,LGBM_11,29
0.655,0.9378617682040439,0.9884061365499472,0.7893752338196782,0.9963526507755223,0.8928639422976002,0.8777494670063958,0.8224998538211161,0.003647349224477766,0.21062476618032175,0.8462971808441268,27044,99,2252,8440,29296,8539,LIGHTGBM,LGBM_11,29
0.66,0.9377031848817232,0.9885124838823116,0.7887205387205387,0.9963894926868806,0.8925550157037097,0.8773864641315091,0.8219458468976004,0.0036105073131194047,0.2112794612794613,0.8459126138243559,27045,98,2259,8433,29304,8531,LIGHTGBM,LGBM_11,29
0.665,0.9376238932205629,0.9888523820699366,0.7881593714927049,0.9965000184209557,0.8923296949568302,0.8771728947642344,0.8215051666991615,0.003499981579044321,0.21184062850729518,0.8457435136892762,27048,95,2265,8427,29313,8522,LIGHTGBM,LGBM_11,29
0.67,0.9377031848817232,0.9893154866737114,0.7880658436213992,0.9966473860663891,0.8923566148438942,0.8772971003175595,0.8214877644535438,0.0033526139336108756,0.21193415637860083,0.8459776296727891,27052,91,2266,8426,29318,8517,LIGHTGBM,LGBM_11,29
0.675,0.9377296154354434,0.9896616541353384,0.7878787878787878,0.9967579118004642,0.8923183498396261,0.8773172255780045,0.8213728549141965,0.0032420881995357917,0.21212121212121213,0.8460713872622186,27055,88,2268,8424,29323,8512,LIGHTGBM,LGBM_11,29
0.68,0.9376767543280031,0.9900047036688617,0.7874111485222597,0.9968684375345392,0.8921397930283994,0.8771619087309857,0.8210134186300515,0.0031315624654607082,0.21258885147774037,0.8459686099113128,27058,85,2273,8419,29331,8504,LIGHTGBM,LGBM_11,29
0.685,0.9375974626668429,0.9903472630959388,0.7868499812944257,0.9969789632686143,0.89191447228152,0.8769479334966384,0.8205723426252853,0.0030210367313856243,0.21315001870557426,0.8458005217698923,27061,82,2279,8413,29340,8495,LIGHTGBM,LGBM_11,29
0.69,0.9375446015594027,0.9908073070123747,0.7862888140665918,0.9971263309140478,0.8917075724903198,0.8767794754132553,0.8201471133397069,0.002873669085952179,0.21371118593340815,0.8457078958404992,27065,78,2285,8407,29350,8485,LIGHTGBM,LGBM_11,29
0.695,0.9375446015594027,0.9912704966379615,0.7859147025813692,0.9972736985594812,0.8915942005704252,0.8767280504982002,0.8198848668162746,0.0027263014405187343,0.21408529741863075,0.8457467172726533,27069,74,2289,8403,29358,8477,LIGHTGBM,LGBM_11,29
0.7,0.9374388793445223,0.9914984059511158,0.7853535353535354,0.997347382382198,0.8913504588678667,0.8764678252700798,0.8194273669418585,0.0026526176178020117,0.21464646464646464,0.8455042165357907,27071,72,2295,8397,29366,8469,LIGHTGBM,LGBM_11,29
0.705,0.9372802960222016,0.9914923785891527,0.7847923681257014,0.997347382382198,0.8910698752539497,0.8761158966327329,0.8189377525326463,0.0026526176178020117,0.21520763187429853,0.8451111403861175,27071,72,2301,8391,29372,8463,LIGHTGBM,LGBM_11,29
0.71,0.9372010043610414,0.9917218543046358,0.7843247287691733,0.9974210662049147,0.8908728974870439,0.8759139335700856,0.8185616117444947,0.002578933795085289,0.21567527123082678,0.8449343386586031,27073,70,2306,8386,29379,8456,LIGHTGBM,LGBM_11,29
0.715,0.9371745738073213,0.9918372175558973,0.7841376730265619,0.9974579081162731,0.8907977905714175,0.8758422564638287,0.8184143222506395,0.002542091883726928,0.21586232697343807,0.8448787402725643,27074,69,2308,8384,29382,8453,LIGHTGBM,LGBM_11,29
0.72,0.9371745738073213,0.9924197560108966,0.7836700336700336,0.9976421176730649,0.8906560756715493,0.8757773713091194,0.8180859580949407,0.0023578823269351213,0.21632996632996632,0.8449286042607629,27079,64,2313,8379,29392,8443,LIGHTGBM,LGBM_11,29
0.725,0.9370424210387207,0.9926488024662082,0.7830153385708941,0.9977158014957817,0.8903655700333379,0.875457492418697,0.8175461896019687,0.0022841985042183987,0.21698466142910589,0.8446213417169585,27081,62,2320,8372,29401,8434,LIGHTGBM,LGBM_11,29
0.73,0.9369102682701203,0.992995369820729,0.7822671156004489,0.9978263272298566,0.8900467214151528,0.8751242479727962,0.8169404778183664,0.002173672770143315,0.21773288439955107,0.8443244130870541,27084,59,2328,8364,29412,8423,LIGHTGBM,LGBM_11,29
0.735,0.9366459627329192,0.9931042682201878,0.7812383090160868,0.9978631691412151,0.889550739078651,0.8745223263361775,0.8160573672795484,0.002136830858784954,0.2187616909839132,0.8436800005545324,27085,58,2339,8353,29424,8411,LIGHTGBM,LGBM_11,29
0.74,0.9366459627329192,0.9935737236701179,0.7808641975308642,0.9980105367866485,0.8894373671587563,0.8744697564807542,0.8157941021281586,0.0019894632133515087,0.2191358024691358,0.8437211682521091,27089,54,2343,8349,29432,8403,LIGHTGBM,LGBM_11,29
0.745,0.9364873794105987,0.9938043607768379,0.780115974560419,0.9980842206093652,0.8891000975848922,0.8740895991616453,0.8151717128281307,0.001915779390634786,0.219884025439581,0.8433492596971701,27091,52,2351,8341,29442,8393,LIGHTGBM,LGBM_11,29
0.75,0.9364080877494384,0.994155534351145,0.7795548073325851,0.9981947463434403,0.8888747768380127,0.8738729293352904,0.8147286518611198,0.0018052536565597024,0.22044519266741489,0.8431842996856365,27094,49,2357,8335,29451,8384,LIGHTGBM,LGBM_11,29
0.755,0.9363023655345579,0.9941527446300716,0.7791806958473625,0.9981947463434403,0.8886877210954014,0.873636744966443,0.8144013451161335,0.0018052536565597024,0.22081930415263748,0.8429225889902777,27094,49,2361,8331,29455,8380,LIGHTGBM,LGBM_11,29
0.76,0.9361966433196776,0.9942679722951995,0.7787130564908342,0.9982315882547986,0.8884723223728164,0.873387181369978,0.8140080560009386,0.001768411745201341,0.22128694350916572,0.8426714024811104,27095,48,2366,8326,29461,8374,LIGHTGBM,LGBM_11,29
0.765,0.9361702127659575,0.9943853780910286,0.778526000748223,0.9982684301661571,0.88839721545719,0.8733147983003724,0.8138602632042081,0.0017315698338429798,0.22147399925177702,0.8426165361816756,27096,47,2368,8324,29464,8371,LIGHTGBM,LGBM_11,29
0.77,0.9361173516585173,0.9945022110672882,0.7782454171343061,0.9983052720775154,0.8882753446059107,0.873183272994386,0.8136305857045077,0.0016947279224846185,0.22175458286569397,0.8424962816475604,27097,46,2371,8321,29468,8367,LIGHTGBM,LGBM_11,29
0.775,0.9360380599973569,0.9946185123176273,0.7778713056490835,0.9983421139888737,0.8881067098189785,0.8729925474965886,0.813318990807745,0.0016578860111262572,0.22212869435091656,0.8423106493908692,27098,45,2375,8317,29473,8362,LIGHTGBM,LGBM_11,29
0.78,0.9358794766750363,0.9949700598802396,0.7770295548073326,0.9984526397229488,0.8877410972651407,0.8725974162377902,0.8126296020971088,0.0015473602770511735,0.22297044519266743,0.8419502403054275,27101,42,2384,8308,29485,8350,LIGHTGBM,LGBM_11,29
0.785,0.9356416016915554,0.994964632538065,0.7761878039655817,0.9984526397229488,0.8873202218442653,0.8720643093574317,0.8118922303312529,0.0015473602770511735,0.22381219603441826,0.8413615624722276,27101,42,2393,8299,29494,8341,LIGHTGBM,LGBM_11,29
0.79,0.935535879476675,0.9949622166246851,0.7758136924803591,0.9984526397229488,0.8871331661016539,0.8718272110988492,0.8115644261813912,0.0015473602770511735,0.22418630751964086,0.8410999110259044,27101,42,2397,8295,29498,8337,LIGHTGBM,LGBM_11,29
0.795,0.935535879476675,0.9956756756756757,0.7752525252525253,0.9986736911910989,0.8869631082218121,0.8717463322290583,0.8111678703540602,0.0013263088089010059,0.22474747474747475,0.8411650719790336,27107,36,2403,8289,29510,8325,LIGHTGBM,LGBM_11,29
0.8,0.9354037267080745,0.9959114959114959,0.7745978301533857,0.9987473750138157,0.8866726025836007,0.871422558922559,0.8106256362070315,0.0012526249861842832,0.2254021698466143,0.8408600799769568,27109,34,2410,8282,29519,8316,LIGHTGBM,LGBM_11,29
0.805,0.9352187128320338,0.9959080515104104,0.7739431350542462,0.9987473750138157,0.8863452550340309,0.8710067891163623,0.8100514908863089,0.0012526249861842832,0.22605686494575383,0.840402410890027,27109,34,2417,8275,29526,8309,LIGHTGBM,LGBM_11,29
0.81,0.9352187128320338,0.996385977593061,0.7735690235690236,0.9988947426592492,0.8862318831141364,0.8709524561680619,0.8097867590906421,0.0011052573407508383,0.22643097643097643,0.8404466944614147,27113,30,2421,8271,29534,8301,LIGHTGBM,LGBM_11,29
0.815,0.9350336989559931,0.996742277992278,0.772633744855967,0.9990052683933243,0.8858195066246457,0.8704952581664911,0.8090136320902537,0.0009947316066757543,0.2273662551440329,0.8400226727352637,27116,27,2431,8261,29547,8288,LIGHTGBM,LGBM_11,29
0.82,0.9346901017576318,0.9967371601208459,0.7714178825289937,0.9990052683933243,0.8852115754611589,0.8697210945326093,0.8079462414043063,0.0009947316066757543,0.22858211747100635,0.8391730092980949,27116,27,2444,8248,29560,8275,LIGHTGBM,LGBM_11,29
0.825,0.9345843795427514,0.9969759283899843,0.7708567153011597,0.9990789522160409,0.8849678337586003,0.8694551400390316,0.8074850592730479,0.0009210477839590318,0.22914328469884027,0.8389341894153364,27118,25,2450,8242,29568,8267,LIGHTGBM,LGBM_11,29
0.83,0.9345315184353112,0.9972158334342089,0.7704826038159371,0.9991526360387577,0.8848176199273474,0.8693082889252362,0.8071880695290914,0.0008473639612423092,0.22951739618406286,0.8388262213854993,27120,23,2454,8238,29574,8261,LIGHTGBM,LGBM_11,29
0.835,0.934452226774151,0.9973352713178295,0.7701084923307145,0.999189477950116,0.8846489851404153,0.8691154739286469,0.8068751959862025,0.0008105220498839479,0.22989150766928546,0.8386415957409025,27121,22,2458,8234,29579,8256,LIGHTGBM,LGBM_11,29
0.84,0.9340821990220695,0.9978139421909157,0.7684249906472129,0.9993368455955495,0.8838809181213811,0.8682236077353905,0.8054586094662954,0.0006631544044505029,0.23157500935278713,0.8377728773339411,27125,18,2476,8216,29601,8234,LIGHTGBM,LGBM_11,29
0.845,0.9338443240385886,0.9978115501519756,0.7675832398054621,0.9993368455955495,0.8834600427005057,0.8676851509224507,0.8047182946678956,0.0006631544044505029,0.23241676019453797,0.8371848360297127,27125,18,2485,8207,29610,8225,LIGHTGBM,LGBM_11,29
0.85,0.9337386018237082,0.9979316218518068,0.7671156004489338,0.9993736875069078,0.8832446439779208,0.8674316535349798,0.8043226704846334,0.0006263124930921416,0.2328843995510662,0.8369351293385597,27126,17,2490,8202,29616,8219,LIGHTGBM,LGBM_11,29
0.855,0.9335535879476675,0.9979298587433025,0.7664609053497943,0.9993736875069078,0.882917296428351,0.8670122725349133,0.8037465672812867,0.0006263124930921416,0.23353909465020575,0.8364777403188218,27126,17,2497,8195,29623,8212,LIGHTGBM,LGBM_11,29
0.86,0.9334742962865072,0.9979291022048971,0.7661803217358772,0.9993736875069078,0.8827770046213925,0.8668324427278978,0.8034996174745472,0.0006263124930921416,0.2338196782641227,0.8362817060747729,27126,17,2500,8192,29626,8209,LIGHTGBM,LGBM_11,29
0.865,0.9332364213030263,0.9984130859375,0.7649644594089039,0.9995210551523414,0.8822427572806226,0.8662359669561535,0.8024921507064365,0.0004789448476586965,0.23503554059109616,0.8357408113680471,27130,13,2513,8179,29643,8192,LIGHTGBM,LGBM_11,29
0.87,0.9331835601955861,0.9984126984126984,0.7647774036662925,0.9995210551523414,0.882149229409317,0.8661158775553437,0.8023274068841005,0.0004789448476586965,0.23522259633370746,0.8356101449590964,27130,13,2515,8177,29645,8190,LIGHTGBM,LGBM_11,29
0.875,0.9330778379807056,0.9984119227950159,0.76440329218107,0.9995210551523414,0.8819621736667056,0.8658756224176289,0.8019978804411823,0.0004789448476586965,0.23559670781893005,0.8353488037308754,27130,13,2519,8173,29649,8186,LIGHTGBM,LGBM_11,29
0.88,0.932892824104665,0.9986544342507645,0.7635615413393191,0.999594738975058,0.8815781401571885,0.8654264058938888,0.8012877137192549,0.00040526102494197396,0.2364384586606809,0.8349153139649945,27132,11,2528,8164,29660,8175,LIGHTGBM,LGBM_11,29
0.885,0.9328135324435047,0.9986539402838962,0.7632809577254022,0.999594738975058,0.8814378483502301,0.8652459711620016,0.8010404397330193,0.00040526102494197396,0.23671904227459784,0.8347193152559812,27132,11,2531,8161,29663,8172,LIGHTGBM,LGBM_11,29
0.89,0.9327606713360644,0.9987757100881489,0.7630003741114852,0.9996315808864163,0.8813159774989507,0.8651113467656415,0.8008088581749647,0.0003684191135836127,0.23699962588851478,0.8346006463482348,27133,10,2534,8158,29667,8168,LIGHTGBM,LGBM_11,29
0.895,0.9327342407823443,0.9990199681489649,0.7627197904975683,0.9997052647091331,0.8812125276033507,0.8650225404402017,0.8005929591015295,0.00029473529086689016,0.23728020950243173,0.8345593936706527,27135,8,2537,8155,29672,8163,LIGHTGBM,LGBM_11,29
0.9,0.9325756574600238,0.9990192472722815,0.7621586232697344,0.9997052647091331,0.8809319439894338,0.8646612552390048,0.8000981836033383,0.00029473529086689016,0.23784137673026562,0.8341674527208018,27135,8,2543,8149,29678,8157,LIGHTGBM,LGBM_11,29
0.905,0.9325227963525836,0.9990190067443286,0.761971567527123,0.9997052647091331,0.8808384161181281,0.8645407757202738,0.7999332325275414,0.00029473529086689016,0.23802843247287692,0.8340368000361466,27135,8,2545,8147,29680,8155,LIGHTGBM,LGBM_11,29
0.91,0.9325492269063037,0.9992639842983317,0.7618780396558175,0.9997789485318498,0.8808284940938336,0.8645722776480577,0.7998821681068342,0.00022105146815016763,0.23812196034418256,0.8341263637993989,27137,6,2546,8146,29683,8152,LIGHTGBM,LGBM_11,29
0.915,0.932390643583983,0.9992634421802111,0.7613168724279835,0.9997789485318498,0.8805479104799167,0.8642106380719821,0.7993872019483836,0.00022105146815016763,0.23868312757201646,0.8337344519341611,27137,6,2552,8140,29689,8146,LIGHTGBM,LGBM_11,29
0.92,0.9323113519228228,0.9992631708215646,0.7610362888140666,0.9997789485318498,0.8804076186729581,0.8640297318821343,0.7991396751193259,0.00022105146815016763,0.2389637111859334,0.8335384863255355,27137,6,2555,8137,29692,8143,LIGHTGBM,LGBM_11,29
0.925,0.9322584908153826,0.9992629898046923,0.7608492330714552,0.9997789485318498,0.8803140908016525,0.8639090957362077,0.7989746410261447,0.00022105146815016763,0.2391507669285447,0.8334078389915016,27137,6,2557,8135,29694,8141,LIGHTGBM,LGBM_11,29
0.93,0.9319148936170213,0.999261811023622,0.7596333707444819,0.9997789485318498,0.8797061596381659,0.863124335812965,0.7979016032694122,0.00022105146815016763,0.24036662925551813,0.8325585608594914,27137,6,2570,8122,29707,8128,LIGHTGBM,LGBM_11,29
0.935,0.9316770186335404,0.9992609927330952,0.758791619902731,0.9997789485318498,0.8792852842172905,0.8625804050821327,0.7971584098099711,0.00022105146815016763,0.241208380097269,0.8319705270438845,27137,6,2579,8113,29716,8119,LIGHTGBM,LGBM_11,29
0.94,0.9315977269723801,0.9995069033530573,0.7583239805462028,0.9998526323545666,0.8790883064503847,0.8623697085726442,0.7967767295597485,0.00014736764543344508,0.24167601945379724,0.8317991849537607,27139,4,2584,8108,29723,8112,LIGHTGBM,LGBM_11,29
0.945,0.9314391436500594,0.9996298124383021,0.7576692854470632,0.9998894742659249,0.878779379856494,0.8619919131730156,0.7962140273627929,0.00011052573407508382,0.24233071455293678,0.8314195802604372,27140,3,2591,8101,29731,8104,LIGHTGBM,LGBM_11,29
0.95,0.931333421435179,0.9996296296296296,0.7572951739618407,0.9998894742659249,0.8785923241138828,0.8617496807151979,0.7958834630809154,0.00011052573407508382,0.24270482603815938,0.8311582455452559,27140,3,2595,8097,29735,8100,LIGHTGBM,LGBM_11,29
0.05,0.723166380335668,0.5052213067637479,0.9864384586606809,0.6194598975794864,0.8029491781200837,0.6682083122149012,0.8285934259317455,0.38054010242051356,0.013561541339319118,0.5485729748263449,16814,10329,145,10547,16959,20876,LIGHTGBM,LGBM_11,101
0.055,0.7332099907493062,0.5146224569640062,0.9841937897493453,0.6343440297682644,0.8092689097588048,0.6758509955041746,0.8323051126297141,0.3656559702317356,0.015806210250654696,0.5588392641378703,17218,9925,169,10523,17387,20448,LIGHTGBM,LGBM_11,101
0.06,0.7430421567331835,0.5242427271818454,0.9809203142536476,0.6493386876911175,0.8151295009723825,0.6833018437683236,0.8353777041450281,0.3506613123088826,0.019079685746352413,0.568504400982397,17625,9518,204,10488,17829,20006,LIGHTGBM,LGBM_11,101
0.065,0.7515263644773358,0.532928633372443,0.9770856715301159,0.6626754596028442,0.81988056556648,0.6896847664631128,0.8374885764217345,0.3373245403971558,0.022914328469884025,0.5764980242158635,17987,9156,245,10447,18232,19603,LIGHTGBM,LGBM_11,101
0.07,0.7601427249900885,0.5420546163849155,0.9746539468761691,0.6756438124009874,0.8251488796385782,0.6966607614399839,0.8404981207555692,0.32435618759901264,0.0253460531238309,0.5856852612428234,18339,8804,271,10421,18610,19225,LIGHTGBM,LGBM_11,101
0.075,0.76841548830448,0.5511882028431997,0.9718481107369996,0.6882805879969053,0.8300643493669524,0.7034253994042784,0.8431515741642324,0.3117194120030947,0.028151889263000374,0.5944644290316583,18682,8461,301,10391,18983,18852,LIGHTGBM,LGBM_11,101
0.08,0.7772432932469935,0.5614482683747692,0.9673587729143285,0.7023541981357992,0.8348564855250639,0.7105172769114515,0.8451544369995095,0.2976458018642007,0.03264122708567153,0.6032987043173749,19064,8079,349,10343,19413,18422,LIGHTGBM,LGBM_11,101
0.085,0.7843531121977005,0.5700769103081945,0.9636176580621025,0.7137383487455329,0.8386780034038177,0.7163566834694941,0.8467152084942721,0.28626165125446706,0.036382341937897494,0.6105831472064461,19373,7770,389,10303,19762,18073,LIGHTGBM,LGBM_11,101
0.09,0.7929166116030131,0.5807655340080285,0.9607182940516273,0.7268172272777512,0.8437677606646893,0.7239155713731985,0.8495575221238938,0.27318277272224883,0.03928170594837262,0.6204552735176331,19728,7415,420,10272,20148,17687,LIGHTGBM,LGBM_11,101
0.095,0.8005550416281221,0.590893331792442,0.9564160119715676,0.7391592675828021,0.8477876397771849,0.7304807486249018,0.8511169557545694,0.2608407324171978,0.043583988028432476,0.6286664591242224,20063,7080,466,10226,20529,17306,LIGHTGBM,LGBM_11,101
0.1,0.8082727633143915,0.6014877789585548,0.9528619528619529,0.7513170983310614,0.8520895255965071,0.7374592833876223,0.8531805848658426,0.24868290166893858,0.04713804713804714,0.6376295913455049,20393,6750,504,10188,20897,16938,LIGHTGBM,LGBM_11,101
0.105,0.8158319016783402,0.61231752925564,0.9494014216236438,0.7632170356998121,0.856309228661728,0.7444811147781445,0.8552387692515081,0.2367829643001879,0.05059857837635615,0.6466933739435675,20716,6427,541,10151,21257,16578,LIGHTGBM,LGBM_11,101
0.11,0.8222809567860446,0.622227698373583,0.9446315001870558,0.7740853995505287,0.8593584498687923,0.7502599910860199,0.8559322033898306,0.22591460044947131,0.055368499812944255,0.6538425887786767,21011,6132,592,10100,21603,16232,LIGHTGBM,LGBM_11,101
0.115,0.8293114840755914,0.6333291346517194,0.9405162738496072,0.7855063920716207,0.8630113329606139,0.7569439217162214,0.85734747467858,0.21449360792837932,0.05948372615039282,0.6624058785024762,21321,5822,636,10056,21957,15878,LIGHTGBM,LGBM_11,101
0.12,0.8365005946874587,0.6452049497293116,0.936307519640853,0.7971852779722212,0.8667463988065371,0.7639652014652015,0.8588120238830554,0.2028147220277788,0.06369248035914703,0.6714705976863292,21638,5505,681,10011,22319,15516,LIGHTGBM,LGBM_11,101
0.125,0.8428439275802828,0.6565716547901821,0.930695847362514,0.8082378513797296,0.8694668493711217,0.7699628597957289,0.858970374974104,0.1917621486202704,0.06930415263748597,0.6789841281713559,21938,5205,741,9951,22679,15156,LIGHTGBM,LGBM_11,101
0.13,0.848685079952425,0.6673630298537637,0.9262065095398428,0.8181483255351287,0.8721774175374858,0.7757627981669343,0.8595309597791935,0.18185167446487124,0.07379349046015712,0.6864516365191331,22207,4936,789,9903,22996,14839,LIGHTGBM,LGBM_11,101
0.135,0.8551341350601295,0.6797516384960332,0.9215301159745605,0.8289798474744869,0.8752549817245237,0.7823877397069917,0.8603286589944642,0.17102015252551303,0.07846988402543958,0.6951128624399427,22501,4642,839,9853,23340,14495,LIGHTGBM,LGBM_11,101
0.14,0.8605523985727501,0.6907848386642244,0.9170407781518892,0.8383008510481523,0.8776708146000207,0.7879932492164269,0.8606614936273305,0.16169914895184762,0.08295922184811073,0.7024517472857732,22754,4389,887,9805,23641,14194,LIGHTGBM,LGBM_11,101
0.145,0.8654156204572486,0.7016709881878421,0.9111485222596334,0.8474008031536676,0.8792746627066506,0.7928059895833335,0.8598107745534138,0.15259919684633239,0.08885147774036663,0.7086358131205355,23001,4142,950,9742,23951,13884,LIGHTGBM,LGBM_11,101
0.15,0.8703845645566275,0.712888038840665,0.9063786008230452,0.8562060199683159,0.8812923103956806,0.7980729638474842,0.8597104432064155,0.14379398003168403,0.09362139917695474,0.7156448368498314,23240,3903,1001,9691,24241,13594,LIGHTGBM,LGBM_11,101
0.155,0.8745870225981234,0.7226506926244852,0.9026374859708193,0.8635375603286298,0.8830875231497246,0.8026780887428785,0.8598079218858579,0.13646243967137014,0.0973625140291807,0.7218695932175098,23439,3704,1041,9651,24480,13355,LIGHTGBM,LGBM_11,101
0.16,0.878683758424739,0.7323332318001827,0.8994575383464273,0.8705006815753601,0.8849791099608937,0.8073371390194761,0.8601967799642217,0.12949931842463988,0.10054246165357276,0.7282580131705698,23628,3515,1075,9617,24703,13132,LIGHTGBM,LGBM_11,101
0.165,0.8830712303422756,0.7432096849293808,0.8957164234942012,0.8780901153151826,0.8869032694046919,0.8123674611926371,0.8604053616990692,0.12190988468481745,0.10428357650579873,0.7351994248787265,23834,3309,1115,9577,24949,12886,LIGHTGBM,LGBM_11,101
0.17,0.8874587022598124,0.7545900601456157,0.891788252899364,0.8857532328777217,0.8887707428885429,0.8174725651577504,0.8604974370081583,0.1142467671222783,0.10821174710063598,0.7423103340881732,24042,3101,1157,9535,25199,12636,LIGHTGBM,LGBM_11,101
0.175,0.8912382714417867,0.7653514080529331,0.8871118593340815,0.8928637217698854,0.8899877905519835,0.8217457223305176,0.8597559870198147,0.10713627823011458,0.11288814066591844,0.7482996735054624,24235,2908,1207,9485,25442,12393,LIGHTGBM,LGBM_11,101
0.18,0.89472710453284,0.7750266458965319,0.8841189674523008,0.8989057952326567,0.8915123813424788,0.8259862816199921,0.8599108523605931,0.10109420476734333,0.11588103254769921,0.7543368284005394,24399,2744,1239,9453,25638,12197,LIGHTGBM,LGBM_11,101
0.185,0.8981102154090128,0.7850888166124593,0.8804713804713805,0.905058394429503,0.8927648874504417,0.8300489353260151,0.859584725798499,0.094941605570497,0.11952861952861953,0.7601748235847929,24566,2577,1278,9414,25844,11991,LIGHTGBM,LGBM_11,101
0.19,0.9009118541033435,0.7936722781490567,0.8774784885895996,0.9101425781969569,0.8938105333932782,0.8334739928041575,0.8593306343768891,0.08985742180304314,0.1225215114104003,0.7651472921440399,24704,2439,1310,9382,26014,11821,LIGHTGBM,LGBM_11,101
0.195,0.9033698955993128,0.8014567266495287,0.8747661803217359,0.9146372913826769,0.8947017358522065,0.836508362400501,0.8590506631397186,0.08536270861732306,0.12523381967826414,0.7695939286279486,24826,2317,1339,9353,26165,11670,LIGHTGBM,LGBM_11,101
0.2,0.9060393815250429,0.8102234199773972,0.8716797605686495,0.9195741075046974,0.8956269340366734,0.8398287902680784,0.8586537930017875,0.08042589249530266,0.12832023943135054,0.7745095218800446,24960,2183,1372,9320,26332,11503,LIGHTGBM,LGBM_11,101
0.205,0.9079688119466103,0.8171740278022172,0.8686868686868687,0.9234425081973253,0.8960646884420971,0.8421434400217608,0.8578712084826542,0.07655749180267472,0.13131313131313133,0.7780041711168323,25065,2078,1404,9288,26469,11366,LIGHTGBM,LGBM_11,101
0.21,0.9104532839962998,0.8260132119264417,0.8654133931911709,0.9281951147625539,0.8968042539768624,0.8452544076002557,0.8572355012043728,0.07180488523744612,0.13458660680882903,0.7827208177399194,25194,1949,1439,9253,26633,11202,LIGHTGBM,LGBM_11,101
0.215,0.9126205894013479,0.8339663591969615,0.8625140291806959,0.9323582507460487,0.8974361399633723,0.848,0.8566492029874038,0.06764174925395129,0.13748597081930417,0.7869307174670918,25307,1836,1470,9222,26777,11058,LIGHTGBM,LGBM_11,101
0.22,0.914470728161755,0.8407055382928167,0.860362888140666,0.9357845485023764,0.8980737183215212,0.8504206341869281,0.8563582200707505,0.0642154514976237,0.13963711185933408,0.7906493502688501,25400,1743,1493,9199,26893,10942,LIGHTGBM,LGBM_11,101
0.225,0.9159244086163605,0.8465442465627019,0.8580246913580247,0.9387319014110452,0.898378296384535,0.8522458079799341,0.8557037589777073,0.061268098588954795,0.1419753086419753,0.793530695611925,25480,1663,1518,9174,26998,10837,LIGHTGBM,LGBM_11,101
0.23,0.9177216862693274,0.852872706955955,0.8566217732884399,0.9417897800537892,0.8992057766711146,0.854743129112034,0.8558693255088119,0.05821021994621081,0.14337822671156006,0.797353120343451,25563,1580,1533,9159,27096,10739,LIGHTGBM,LGBM_11,101
0.235,0.9191753667239329,0.8586057872980083,0.8547512158623269,0.9445529234056663,0.8996520696339967,0.8566741657292838,0.8555193589455553,0.05544707659433371,0.14524878413767303,0.8003969729992227,25638,1505,1553,9139,27191,10644,LIGHTGBM,LGBM_11,101
0.24,0.9203911721950575,0.8637741568776052,0.8527871305649083,0.9470213314666764,0.8999042310157923,0.8582454819277109,0.8549621183707149,0.05297866853332351,0.14721286943509165,0.8029351666557022,25705,1438,1574,9118,27279,10556,LIGHTGBM,LGBM_11,101
0.245,0.9214748248975816,0.8690373769238122,0.8502618780396558,0.949526581439045,0.8998942297393504,0.8595471091570935,0.8539517931954385,0.05047341856095494,0.1497381219603442,0.8051518573006383,25773,1370,1601,9091,27374,10461,LIGHTGBM,LGBM_11,101
0.25,0.9222941720629048,0.8731946851530907,0.8482042648709316,0.9514792027410383,0.899841733805985,0.8605180757187589,0.853087255897957,0.048520797258961794,0.15179573512906847,0.8068431073853798,25826,1317,1623,9069,27449,10386,LIGHTGBM,LGBM_11,101
0.255,0.9232985331042686,0.8771301316808675,0.847268986157875,0.9532476144862395,0.9002583003220572,0.861941008563273,0.8530774446285972,0.04675238551376045,0.15273101384212495,0.8090940595082904,25874,1269,1633,9059,27507,10328,LIGHTGBM,LGBM_11,101
0.26,0.9241707413770318,0.8811263763032252,0.8457725402169847,0.9550528681427992,0.9004127041798919,0.8630875685993797,0.8526145084950313,0.04494713185720075,0.15422745978301533,0.8110076352138629,25923,1220,1649,9043,27572,10263,LIGHTGBM,LGBM_11,101
0.265,0.925254394079556,0.8859442481350609,0.8441825664047886,0.9571896990015842,0.9006861327031864,0.86455938697318,0.8522169348138077,0.0428103009984158,0.15581743359521139,0.813437578860344,25981,1162,1666,9026,27647,10188,LIGHTGBM,LGBM_11,101
0.27,0.9262851856746399,0.8907346979135766,0.842499064721287,0.9592896879490108,0.9008943763351489,0.8659456861331413,0.8517236814734972,0.040710312050989204,0.15750093527871306,0.8157668910486154,26038,1105,1684,9008,27722,10113,LIGHTGBM,LGBM_11,101
0.275,0.9269988106250826,0.8939002582952513,0.8415637860082305,0.9606528386692702,0.9011083123387503,0.8669428654012911,0.8515349964038308,0.03934716133072984,0.15843621399176955,0.8174128730392264,26075,1068,1694,8998,27769,10066,LIGHTGBM,LGBM_11,101
0.28,0.927871018897846,0.8984289002301611,0.8396932285821175,0.9626054599712633,0.9011493442766905,0.8680686487793087,0.8508178389340613,0.03739454002873669,0.16030677141788252,0.8194006845079217,26128,1015,1714,8978,27842,9993,LIGHTGBM,LGBM_11,101
0.285,0.9283731994185278,0.9011861680739848,0.838477366255144,0.9637844011347309,0.9011308836949374,0.868701550387597,0.8503111009940056,0.03621559886526913,0.16152263374485595,0.8205512429895042,26160,983,1727,8965,27887,9948,LIGHTGBM,LGBM_11,101
0.29,0.9290339632615303,0.90443479139307,0.8373550317994762,0.9651475518549902,0.9012512918272333,0.8696032247098245,0.8499629749178803,0.03485244814500976,0.16264496820052377,0.8221045740238339,26197,946,1739,8953,27936,9899,LIGHTGBM,LGBM_11,101
0.295,0.9296154354433726,0.9073566717402334,0.8363262252151141,0.9663633349298162,0.9013447800724652,0.8703947048230886,0.8496284894437793,0.03363666507018384,0.1636737747848859,0.8234814935716832,26230,913,1750,8942,27980,9855,LIGHTGBM,LGBM_11,101
0.3,0.9299854631954539,0.9097300050942435,0.8351103628881407,0.9673580665364919,0.9012342147123162,0.870824596479251,0.8490386626856589,0.032641933463508084,0.16488963711185933,0.8243414473196403,26257,886,1763,8929,28020,9815,LIGHTGBM,LGBM_11,101
0.305,0.9303290603938152,0.9120294599018003,0.8338945005611672,0.9683159562318093,0.9011052283964882,0.8712136017197577,0.8484317904993909,0.031684043768190694,0.16610549943883277,0.8251445320742218,26283,860,1776,8916,28059,9776,LIGHTGBM,LGBM_11,101
0.31,0.9308841020219374,0.9147581390572045,0.8330527497194163,0.9694212135725602,0.9012369816459882,0.8719956923980615,0.8482049328635368,0.030578786427439855,0.1669472502805836,0.8264927716863287,26313,830,1785,8907,28098,9737,LIGHTGBM,LGBM_11,101
0.315,0.9315184353112198,0.9178788816671825,0.8321174710063599,0.9706738385587445,0.9013956547825521,0.8728967377974001,0.8479632488896514,0.029326161441255574,0.16788252899364012,0.8280460220550309,26347,796,1795,8897,28142,9693,LIGHTGBM,LGBM_11,101
0.32,0.9317827408484207,0.9200414293112377,0.8308080808080808,0.9715580444313451,0.9011830626197129,0.8731508330466408,0.8472426225130191,0.028441955568654902,0.1691919191919192,0.8286752157673962,26371,772,1809,8883,28180,9655,LIGHTGBM,LGBM_11,101
0.325,0.9324699352451434,0.9230529271082458,0.8302469135802469,0.9727369855948127,0.9014919495875298,0.8741937072233985,0.8472845280137443,0.02726301440518734,0.1697530864197531,0.8303903871757411,26403,740,1815,8877,28218,9617,LIGHTGBM,LGBM_11,101
0.33,0.9331306990881459,0.9259916492693111,0.829685746352413,0.9738790848469219,0.9017824155996674,0.8751973164956589,0.8473103079391763,0.026120915153078142,0.17031425364758698,0.8320490119261172,26434,709,1821,8871,28255,9580,LIGHTGBM,LGBM_11,101
0.335,0.9335535879476675,0.9287062277206961,0.8284698840254395,0.9749475002763144,0.901708692150877,0.8757291151754819,0.8467479830229799,0.025052499723685666,0.17153011597456042,0.83310696763401,26463,680,1834,8858,28297,9538,LIGHTGBM,LGBM_11,101
0.34,0.9337650323774284,0.9302985702270816,0.8276281331836888,0.9755738127694065,0.9016009729765476,0.8759651554147694,0.846308339709258,0.024426187230593522,0.17237186681631125,0.8336381927134278,26480,663,1843,8849,28323,9512,LIGHTGBM,LGBM_11,101
0.345,0.9340293379146293,0.9322784810126582,0.8265993265993266,0.9763474929079321,0.9014734097536293,0.8762641284949434,0.8457740009186954,0.023652507092067936,0.1734006734006734,0.8343075737917622,26501,642,1854,8838,28355,9480,LIGHTGBM,LGBM_11,101
0.35,0.9342407823443901,0.9338904167548128,0.8257575757575758,0.9769738054010242,0.9013656905792999,0.8765015387670009,0.8453333843973804,0.023026194598975796,0.17424242424242425,0.8348471977168725,26518,625,1863,8829,28381,9454,LIGHTGBM,LGBM_11,101
0.355,0.9343993656667107,0.9352205258693809,0.8250093527871306,0.9774895921600413,0.901249472473586,0.8766646789902605,0.8449233716475096,0.022510407839958738,0.17499064721286944,0.8352545796955858,26532,611,1871,8821,28403,9432,LIGHTGBM,LGBM_11,101
0.36,0.9348486850799524,0.9376529418023194,0.8242611298166854,0.9784106399440003,0.9013358848803429,0.8773082474739933,0.844691088235858,0.021589360055999707,0.17573887018331463,0.8364140313729178,26557,586,1879,8813,28436,9399,LIGHTGBM,LGBM_11,101
0.365,0.935007268402273,0.9394683463221949,0.823045267489712,0.9791106362598092,0.9010779518747606,0.8774116356747594,0.8439627889133979,0.02088936374019084,0.17695473251028807,0.8368323176705356,26576,567,1892,8800,28468,9367,LIGHTGBM,LGBM_11,101
0.37,0.935271573939474,0.9410379882289994,0.822484100261878,0.979700106841543,0.9010921035517105,0.8777761141887508,0.8437434037572198,0.02029989315845706,0.17751589973812196,0.8375227803229504,26592,551,1898,8794,28490,9345,LIGHTGBM,LGBM_11,101
0.375,0.9353772961543544,0.9425780830739509,0.8213617658062102,0.9802895774232767,0.9008256716147435,0.8778049877555101,0.843045022559278,0.019710422576723282,0.17863823419378974,0.8378115494042125,26608,535,1910,8782,28518,9317,LIGHTGBM,LGBM_11,101
0.38,0.9356416016915554,0.9443547519104509,0.820613542835765,0.9809527318277272,0.9007831373317461,0.8781464244607916,0.8426977083693501,0.01904726817227278,0.17938645716423493,0.8385118186495938,26626,517,1918,8774,28544,9291,LIGHTGBM,LGBM_11,101
0.385,0.9358794766750363,0.9459430297798878,0.8199588477366255,0.981542202409461,0.9007505250730432,0.8784569138276553,0.8423975709124454,0.018457797590538998,0.1800411522633745,0.8391452955359553,26642,501,1925,8767,28567,9268,LIGHTGBM,LGBM_11,101
0.39,0.9359851988899167,0.9474139796580827,0.8189300411522634,0.9820948310798364,0.9005124361160499,0.8784990468546204,0.8417611997692751,0.017905168920163576,0.18106995884773663,0.8394436641128147,26657,486,1936,8756,28593,9242,LIGHTGBM,LGBM_11,101
0.395,0.936328796088278,0.9491378375447348,0.8185559296670408,0.9827211435729286,0.9006385366199847,0.8790237533269722,0.8417165169555098,0.017278856427071436,0.18144407033295923,0.8403550563245896,26674,469,1940,8752,28614,9221,LIGHTGBM,LGBM_11,101
0.4,0.9363552266419981,0.950119539230602,0.81771417882529,0.9830895626865122,0.9004018707559011,0.8789584799437015,0.8411583605926496,0.016910437313487823,0.18228582117471007,0.8404462638039116,26684,459,1949,8743,28633,9202,LIGHTGBM,LGBM_11,101
0.405,0.9363816571957182,0.951105303277796,0.8168724279835391,0.9834579818000958,0.9001652048918174,0.8788930817610062,0.8405997959615793,0.01654201819990421,0.1831275720164609,0.8405391643073632,26694,449,1958,8734,28652,9183,LIGHTGBM,LGBM_11,101
0.41,0.9364345183031585,0.9523965498416858,0.815843621399177,0.9839369266477545,0.8998902740234658,0.8788474132285526,0.8399291312804514,0.016063073352245515,0.18415637860082304,0.8407094327164356,26707,436,1969,8723,28676,9159,LIGHTGBM,LGBM_11,101
0.415,0.9363023655345579,0.9532618213660246,0.8145342312008979,0.9842685038499798,0.8994013675254389,0.8784547105103893,0.8389526818742293,0.015731496150020265,0.18546576879910212,0.8404009100226837,26716,427,1983,8709,28699,9136,LIGHTGBM,LGBM_11,101
0.42,0.936593101625479,0.9549094898518925,0.8140665918443696,0.9848579744317135,0.8994622831380416,0.8788812036148835,0.8388104003238055,0.015142025568286482,0.18593340815563036,0.8411890673486409,26732,411,1988,8704,28720,9115,LIGHTGBM,LGBM_11,101
0.425,0.9367252543940796,0.9566365837552279,0.8129442573887018,0.9854842869248056,0.8992142721567538,0.8789564162200425,0.8381224206425734,0.014515713075194342,0.18705574261129818,0.8415825376964173,26749,394,2000,8692,28749,9086,LIGHTGBM,LGBM_11,101
0.43,0.93683097660896,0.957864548863887,0.8121960344182566,0.985926389861106,0.8990612121396813,0.879036339710497,0.8376741135162247,0.014073610138894006,0.18780396558174337,0.8418944973274126,26761,382,2008,8684,28769,9066,LIGHTGBM,LGBM_11,101
0.435,0.9371481432536012,0.9601505423953952,0.8112607557052002,0.9867369119109899,0.898998833808095,0.879448443678394,0.8372263619165284,0.013263088089010057,0.18873924429479985,0.8427838285044119,26783,360,2018,8674,28801,9034,LIGHTGBM,LGBM_11,101
0.44,0.9372274349147615,0.9608777568436219,0.8108866442199776,0.9869948052904984,0.898940724755238,0.8795333502409334,0.8370180147129811,0.013005194709501528,0.18911335578002245,0.8430136070945622,26790,353,2022,8670,28812,9023,LIGHTGBM,LGBM_11,101
0.445,0.9374653098982424,0.9621447602131439,0.8106060606060606,0.9874369082267989,0.8990214844164297,0.8798984771573604,0.8369707972805933,0.012563091773201194,0.1893939393939394,0.8436664155586339,26802,341,2025,8667,28827,9008,LIGHTGBM,LGBM_11,101
0.45,0.9375710321131228,0.9630865021125194,0.8101384212495324,0.9877684854290241,0.8989534533392782,0.880016255206746,0.8367141918782117,0.012231514570975942,0.18986157875046764,0.8439739148108572,26811,332,2030,8662,28841,8994,LIGHTGBM,LGBM_11,101
0.455,0.9377560459891635,0.964560347709796,0.8094837261503928,0.9882842721880412,0.898883999169217,0.8802440884820747,0.8363773409868382,0.011715727811958884,0.19051627384960718,0.8445064373363724,26825,318,2037,8655,28862,8973,LIGHTGBM,LGBM_11,101
0.46,0.9377824765428836,0.9654979901741849,0.8087355031799476,0.9886158493902664,0.8986756762851069,0.8801913680781759,0.8358788956770552,0.011384150609733633,0.19126449682005237,0.8446173839270484,26834,309,2045,8647,28879,8956,LIGHTGBM,LGBM_11,101
0.465,0.9380467820800846,0.9672039400044773,0.8081743359521137,0.9892053199720001,0.898689827962057,0.880566595332722,0.8356543267185021,0.010794680027999853,0.19182566404788626,0.8453647610614118,26850,293,2051,8641,28901,8934,LIGHTGBM,LGBM_11,101
0.47,0.9380996431875248,0.9680493273542601,0.8076131687242798,0.989500055262867,0.8985566119935734,0.8805833163369365,0.8353002631171644,0.010499944737132963,0.19238683127572018,0.8455404465105599,26858,285,2057,8635,28915,8920,LIGHTGBM,LGBM_11,101
0.475,0.9381789348486851,0.9689008644886045,0.8071455293677516,0.989794790553734,0.8984701599607428,0.8806571763865504,0.8350266086115143,0.010205209446266073,0.19285447063224842,0.8457836153040041,26866,277,2062,8630,28928,8907,LIGHTGBM,LGBM_11,101
0.48,0.9382846570635655,0.9702870005627462,0.8063037785260008,0.9902737354013926,0.8982887569636967,0.8807273841753078,0.8345110642169865,0.009726264598607376,0.19369622147399926,0.8461228841931513,26879,264,2071,8621,28950,8885,LIGHTGBM,LGBM_11,101
0.485,0.9382846570635655,0.9708169014084507,0.8058361391694725,0.9904579449581844,0.8981470420638284,0.8806664281698777,0.8341885637937378,0.009542055041815569,0.1941638608305275,0.8461520832278193,26884,259,2076,8616,28960,8875,LIGHTGBM,LGBM_11,101
0.49,0.9383903792784459,0.9715736040609138,0.8055555555555556,0.9907158383376929,0.8981356969466243,0.8808099401748735,0.8340596130381732,0.00928416166230704,0.19444444444444445,0.8464589371736857,26891,252,2079,8613,28970,8865,LIGHTGBM,LGBM_11,101
0.495,0.9383110876172855,0.9718834688346883,0.8049943883277216,0.990826364071768,0.8979103761997449,0.8806015960712092,0.8336238958623896,0.009173635928231956,0.19500561167227834,0.8462782064237914,26894,249,2085,8607,28979,8856,LIGHTGBM,LGBM_11,101
0.5,0.9383639487247258,0.972636815920398,0.8045267489711934,0.9910842574512766,0.897805503211235,0.8806306306306306,0.8333333333333333,0.008915742548723429,0.19547325102880658,0.8464537160810577,26901,242,2090,8602,28991,8844,LIGHTGBM,LGBM_11,101
0.505,0.938416809832166,0.9733922101449275,0.8040591096146652,0.9913421508307851,0.8977006302227252,0.880659700880967,0.8330426356589148,0.0086578491692149,0.19594089038533483,0.8466300551668544,26908,235,2095,8597,29003,8832,LIGHTGBM,LGBM_11,101
0.51,0.9383903792784459,0.9742484401588202,0.8032173587729143,0.991636886121652,0.8974271224472832,0.8805044343056339,0.8324447977046702,0.008363113878348009,0.19678264122708566,0.8466151463288483,26916,227,2104,8588,29020,8815,LIGHTGBM,LGBM_11,101
0.515,0.9385225320470464,0.9753409090909091,0.8027497194163861,0.9920053052352356,0.8973775123258108,0.8806689924071412,0.8322021408625503,0.007994694764764396,0.1972502805836139,0.847011739105276,26926,217,2109,8583,29035,8800,LIGHTGBM,LGBM_11,101
0.52,0.9385753931544866,0.9762121557022536,0.8021885521885522,0.9923000405261025,0.8972442963573274,0.8806859020433309,0.8318462194980021,0.007699959473897506,0.1978114478114478,0.8471979020026407,26934,209,2115,8577,29049,8786,LIGHTGBM,LGBM_11,101
0.525,0.9386546848156468,0.9774153074027604,0.801440329218107,0.9927053015510444,0.8970728153845757,0.8807235726399095,0.8313767342582711,0.007294698448955532,0.19855967078189302,0.84747221840844,26945,198,2123,8569,29068,8767,LIGHTGBM,LGBM_11,101
0.53,0.9385753931544866,0.9778437642759251,0.8007856341189674,0.992852669196478,0.8968191516577226,0.8805018510900864,0.8308749320704913,0.007147330803522087,0.19921436588103256,0.8473023446613775,26949,194,2130,8562,29079,8756,LIGHTGBM,LGBM_11,101
0.535,0.9385753931544866,0.9787185354691076,0.8000374111485222,0.9931474044873448,0.8965924078179335,0.8804034582132565,0.8303564494835752,0.0068525955126551965,0.19996258885147775,0.84735987102898,26957,186,2138,8554,29095,8740,LIGHTGBM,LGBM_11,101
0.54,0.9385753931544866,0.9790474009617587,0.7997568275346053,0.9932579302214198,0.8965073788780126,0.8803665190981159,0.830161935458817,0.0067420697785801125,0.2002431724653947,0.8473817718672011,26960,183,2141,8551,29101,8734,LIGHTGBM,LGBM_11,101
0.545,0.9385753931544866,0.9794865917946367,0.7993827160493827,0.9934052978668534,0.896394006958118,0.8803172314347513,0.8299025129141259,0.006594702133146667,0.2006172839506173,0.8474112523543067,26964,179,2145,8547,29109,8726,LIGHTGBM,LGBM_11,101
0.55,0.9385489626007665,0.9800344234079174,0.7988215488215489,0.9935895074236452,0.896205528122597,0.880197866749111,0.8294971155527067,0.006410492576354862,0.20117845117845118,0.847382603485319,26969,174,2151,8541,29120,8715,LIGHTGBM,LGBM_11,101
0.555,0.9386018237082067,0.9807007466973005,0.7984474373363262,0.9938105588917953,0.8961289981140608,0.8802392122493168,0.8292697142191051,0.006189441108204694,0.20155256266367377,0.8475598970554943,26975,168,2155,8537,29130,8705,LIGHTGBM,LGBM_11,101
0.56,0.9386282542619268,0.9811450908254771,0.7981668537224093,0.9939579265372287,0.896062390129819,0.8802475502836513,0.8290910504022072,0.006042073462771249,0.20183314627759072,0.8476564663820185,26979,164,2158,8534,29137,8698,LIGHTGBM,LGBM_11,101
0.565,0.9386282542619268,0.9816988950276243,0.797699214365881,0.9941421360940206,0.8959206752299508,0.8801857585139318,0.8287663246268657,0.005857863905979442,0.20230078563411896,0.8476952291166571,26984,159,2163,8529,29147,8688,LIGHTGBM,LGBM_11,101
0.57,0.9385489626007665,0.9821366831854328,0.7970445192667415,0.994289503739454,0.8956670115030978,0.8799628271981,0.8282631937020118,0.005710496260545997,0.2029554807332585,0.8475290094003685,26988,155,2170,8522,29158,8677,LIGHTGBM,LGBM_11,101
0.575,0.9386018237082067,0.9825856302617921,0.7968574635241302,0.9944368713848875,0.8956471674545088,0.8800289211382534,0.8281653997939308,0.005563128615112552,0.2031425364758698,0.8476924536795539,26992,151,2172,8520,29164,8671,LIGHTGBM,LGBM_11,101
0.58,0.9386282542619268,0.9829217632125549,0.7966704077815189,0.9945473971189626,0.8956089024502407,0.8800495918999898,0.8280514834545243,0.005452602881037469,0.2033295922184811,0.8477822851149462,26995,148,2174,8518,29169,8666,LIGHTGBM,LGBM_11,101
0.585,0.9386811153693669,0.9835951940850277,0.7962962962962963,0.9947684485871127,0.8955323724417045,0.8800909654744675,0.827823584318606,0.005231551412887301,0.2037037037037037,0.8479624136958416,27001,142,2178,8514,29179,8656,LIGHTGBM,LGBM_11,101
0.59,0.9386018237082067,0.9839250607146988,0.7957351290684624,0.9948789743211878,0.8953070516948252,0.8798800351621078,0.8273850043761548,0.005121025678812217,0.20426487093153758,0.8477895466484987,27004,139,2184,8508,29188,8647,LIGHTGBM,LGBM_11,101
0.595,0.938416809832166,0.9844727694090383,0.7946127946127947,0.9950631838779795,0.894837989245387,0.879412069143981,0.8264913031635471,0.00493681612202041,0.2053872053872054,0.8473704646356094,27009,134,2196,8496,29205,8630,LIGHTGBM,LGBM_11,101
0.6,0.9383903792784459,0.9848080714368549,0.7942386831275721,0.9951737096120546,0.8947061963698133,0.8793165933212529,0.8262147068552861,0.0048262903879453265,0.205761316872428,0.8473298366997158,27012,131,2200,8492,29212,8623,LIGHTGBM,LGBM_11,101
0.605,0.9383639487247258,0.9851439182915506,0.7938645716423495,0.9952842353461298,0.8945744034942396,0.8792210482701471,0.8259380351860502,0.0047157646538702426,0.20613542835765059,0.8472894197517105,27015,128,2204,8488,29219,8616,LIGHTGBM,LGBM_11,101
0.61,0.9382317959561253,0.9859253227870187,0.7927422371866817,0.9955421287256383,0.89414218295616,0.8788428638083883,0.8250754404750317,0.004457871274361714,0.20725776281331837,0.8470206871069877,27022,121,2216,8476,29238,8597,LIGHTGBM,LGBM_11,101
0.615,0.9381260737412449,0.9861450692746536,0.7921810699588477,0.995615812548355,0.8938984412536013,0.8785851356257455,0.8246198181357945,0.004384187451644992,0.20781893004115226,0.846775174585046,27024,119,2222,8470,29246,8589,LIGHTGBM,LGBM_11,101
0.62,0.9380996431875248,0.986710188855211,0.7916199027310138,0.9958000221051468,0.8937099624180803,0.878463933575506,0.8242122073774003,0.004199977894853185,0.20838009726898615,0.8467532681708081,27029,114,2228,8464,29257,8578,LIGHTGBM,LGBM_11,101
0.625,0.9380467820800846,0.9868206204805225,0.7913393191170969,0.9958368640165052,0.8935880915668011,0.8783348904806395,0.8239842623972576,0.004163135983494824,0.2086606808829031,0.8466307190352899,27030,113,2231,8461,29261,8574,LIGHTGBM,LGBM_11,101
0.63,0.9380996431875248,0.9872782446311859,0.7911522633744856,0.9959842316619386,0.8935682475182121,0.8784008307372794,0.8238857721676798,0.004015768338061379,0.2088477366255144,0.8467975919097973,27034,109,2233,8459,29267,8568,LIGHTGBM,LGBM_11,101
0.635,0.9379939209726443,0.9876139284879645,0.790497568275346,0.9960947573960137,0.8932961628356799,0.8781298701298701,0.8233643767291432,0.0039052426039862947,0.20950243172465394,0.8465618161414173,27037,106,2240,8452,29277,8558,LIGHTGBM,LGBM_11,101
0.64,0.9378617682040439,0.987948987948988,0.7897493453049008,0.9962052831300888,0.8929773142174948,0.8778003014709704,0.8227613758160381,0.003794716869911211,0.21025065469509913,0.8462606832638573,27040,103,2248,8444,29288,8547,LIGHTGBM,LGBM_11,101
0.645,0.9378353376503238,0.9882903981264637,0.7893752338196782,0.9963158088641638,0.8928455213419211,0.8777038269550749,0.8224838231854682,0.0036841911358361274,0.21062476618032175,0.8462223935130976,27043,100,2252,8440,29295,8540,LIGHTGBM,LGBM_11,101
0.65,0.9378617682040439,0.9886350322202695,0.789188178077067,0.9964263345982389,0.892807256337653,0.8777240339106465,0.8223690622380757,0.0035736654017610434,0.21081182192293305,0.8463155548716267,27046,97,2254,8438,29300,8535,LIGHTGBM,LGBM_11,101
0.655,0.9378353376503238,0.9889774859287055,0.7888140665918444,0.996536860332314,0.8926754634620793,0.877627471383975,0.8220913911416096,0.0034631396676859595,0.21118593340815564,0.8462776687758726,27049,94,2258,8434,29307,8528,LIGHTGBM,LGBM_11,101
0.66,0.9378353376503238,0.989206945096199,0.788627010849233,0.9966105441550308,0.8926187775021319,0.8776019983347212,0.8219605396553069,0.003389455844969237,0.21137298915076694,0.8462962612383115,27051,92,2260,8432,29311,8524,LIGHTGBM,LGBM_11,101
0.665,0.9377560459891635,0.9894328989080662,0.7881593714927049,0.9966842279777475,0.8924217997352262,0.8774012181789786,0.8215852588476164,0.0033157720222525143,0.21184062850729518,0.846118177729769,27053,90,2265,8427,29318,8517,LIGHTGBM,LGBM_11,101
0.67,0.9377031848817232,0.9897755317898695,0.7876917321361766,0.9967947537118226,0.8922432429239996,0.8772459767720432,0.821225890750239,0.003205246288177431,0.21230826786382342,0.8460152429573442,27056,87,2270,8422,29326,8509,LIGHTGBM,LGBM_11,101
0.675,0.9377031848817232,0.9898906782649582,0.7875982042648709,0.9968315956231809,0.8922148999440259,0.8772331892286056,0.8211604095563139,0.0031684043768190695,0.21240179573512907,0.8460246988144958,27057,86,2271,8421,29328,8507,LIGHTGBM,LGBM_11,101
0.68,0.9375446015594027,0.9901141579380958,0.7868499812944257,0.9969052794458977,0.8918776303701617,0.8768565323883475,0.8205403296596119,0.003094720554102347,0.21315001870557426,0.8456502976623955,27059,84,2279,8413,29338,8497,LIGHTGBM,LGBM_11,101
0.685,0.9374388793445223,0.9903404405701496,0.7862888140665918,0.9969789632686143,0.8916338886676031,0.876596632083833,0.8200831105995278,0.0030210367313856243,0.21371118593340815,0.8454071870460307,27061,82,2285,8407,29346,8489,LIGHTGBM,LGBM_11,101
0.69,0.9372274349147615,0.9904469866729567,0.785447063224841,0.9970158051799728,0.8912314342024069,0.8761149653121904,0.8193650360021074,0.002984194820027263,0.214552936775159,0.8448923514695575,27062,81,2294,8398,29356,8479,LIGHTGBM,LGBM_11,101
0.695,0.9370424210387207,0.9905548996458088,0.7846988402543958,0.9970526470913311,0.8908757436728635,0.8756914727063981,0.8187282875990476,0.0029473529086689017,0.21530115974560418,0.8444431300056533,27063,80,2302,8390,29365,8470,LIGHTGBM,LGBM_11,101
0.7,0.9370159904850006,0.9906696586748553,0.7845117845117845,0.9970894890026895,0.890800636757237,0.8756198131426484,0.8185810481116425,0.0029105109973105404,0.21548821548821548,0.8443872969058617,27064,79,2304,8388,29368,8467,LIGHTGBM,LGBM_11,101
0.705,0.9371481432536012,0.991487349255143,0.7843247287691733,0.997347382382198,0.8908360555756856,0.875822454308094,0.8185296529106313,0.0026526176178020117,0.21567527123082678,0.8447835599911825,27071,72,2306,8386,29377,8458,LIGHTGBM,LGBM_11,101
0.71,0.9371481432536012,0.9920691287878788,0.783857089412645,0.9975315919389898,0.8906943406758174,0.8757575757575757,0.8182013433302092,0.002468408061010205,0.21614291058735502,0.844833128141551,27076,67,2311,8381,29387,8448,LIGHTGBM,LGBM_11,101
0.715,0.9370424210387207,0.9922985781990521,0.783295922184811,0.9976052757617065,0.8904505989732587,0.8754965502822496,0.8177433213560381,0.0023947242382934826,0.21670407781518894,0.8445911606808264,27078,65,2317,8375,29395,8440,LIGHTGBM,LGBM_11,101
0.72,0.9368574071626801,0.9925258037726895,0.7824541713430603,0.9976789595844232,0.8900665654637417,0.8750588358349459,0.8170400609410707,0.00232104041557676,0.21754582865693978,0.844152900546545,27080,63,2326,8366,29406,8429,LIGHTGBM,LGBM_11,101
0.725,0.9368045460552399,0.9932263814616756,0.7817059483726151,0.9979000110525734,0.8898029797125943,0.8748626157952584,0.8164820350507005,0.0020999889474265926,0.21829405162738497,0.8440830014137639,27086,57,2334,8358,29420,8415,LIGHTGBM,LGBM_11,101
0.73,0.9366988238403594,0.9933404685456059,0.7812383090160868,0.9979368529639318,0.8895875809900093,0.8746138945604942,0.8160892588467477,0.0020631470360682313,0.2187616909839132,0.8438314481856866,27087,56,2339,8353,29426,8409,LIGHTGBM,LGBM_11,101
0.735,0.936566671071759,0.9933365064255116,0.7807706696595585,0.9979368529639318,0.8893537613117452,0.8743192291579388,0.8156804502462285,0.0020631470360682313,0.21922933034044145,0.84350417660999,27087,56,2344,8348,29431,8404,LIGHTGBM,LGBM_11,101
0.74,0.9365402405180389,0.9935706631741874,0.7804900860456416,0.9980105367866485,0.8892503114161451,0.8742339322193704,0.8154670002149824,0.0019894632133515087,0.2195099139543584,0.8434593851776463,27089,54,2347,8345,29436,8399,LIGHTGBM,LGBM_11,101
0.745,0.9364873794105987,0.9938043607768379,0.780115974560419,0.9980842206093652,0.8891000975848922,0.8740895991616453,0.8151717128281307,0.001915779390634786,0.219884025439581,0.8433492596971701,27091,52,2351,8341,29442,8393,LIGHTGBM,LGBM_11,101
0.75,0.9365138099643188,0.9939227836034319,0.780115974560419,0.9981210625207235,0.8891185185405712,0.8741354013833579,0.8151876465989054,0.0018789374792764248,0.219884025439581,0.8434251106419444,27092,51,2351,8341,29443,8392,LIGHTGBM,LGBM_11,101
0.755,0.9364873794105987,0.994393415245139,0.7796483352038908,0.9982684301661571,0.8889583826850239,0.8740235910878114,0.8148423295732244,0.0017315698338429798,0.22035166479610924,0.843401561505009,27096,47,2356,8336,29452,8383,LIGHTGBM,LGBM_11,101
0.76,0.9363816571957182,0.9946268656716418,0.7790871679760568,0.9983421139888737,0.8887146409824653,0.8737609482351707,0.8143832000469272,0.0016578860111262572,0.22091283202394313,0.8431610065675383,27098,45,2362,8330,29460,8375,LIGHTGBM,LGBM_11,101
0.765,0.9362495044271177,0.9947418738049714,0.778526000748223,0.9983789559002321,0.8884524783242276,0.8734522560335781,0.8139080100125156,0.0016210440997678959,0.22147399925177702,0.8428445701932643,27099,44,2368,8324,29467,8368,LIGHTGBM,LGBM_11,101
0.77,0.9361173516585173,0.9948570745126181,0.777964833520389,0.9984157978115905,0.8881903156659898,0.8731433370072955,0.8134326898628959,0.0015842021884095348,0.2220351664796109,0.8425281873840758,27100,43,2374,8318,29474,8361,LIGHTGBM,LGBM_11,101
0.775,0.9360116294436368,0.9949730700179533,0.7774971941638609,0.9984526397229488,0.8879749169434048,0.8728933690344935,0.8130391408954872,0.0015473602770511735,0.22250280583613916,0.8422772609846844,27101,42,2379,8313,29480,8355,LIGHTGBM,LGBM_11,101
0.78,0.9358530461213163,0.9950880555888343,0.7768424990647212,0.9984894816343072,0.8876659903495142,0.8725248174799096,0.8124816590042062,0.0015105183656928122,0.22315750093527872,0.8418955824326736,27102,41,2386,8306,29488,8347,LIGHTGBM,LGBM_11,101
0.785,0.9356680322452755,0.995083932853717,0.7761878039655817,0.9984894816343072,0.8873386427999445,0.8721101303068517,0.8119081161462001,0.0015105183656928122,0.22381219603441826,0.8414377554314422,27102,41,2393,8299,29495,8340,LIGHTGBM,LGBM_11,101
0.79,0.9355623100303951,0.9952003839692825,0.7757201646090535,0.9985263235456655,0.8871232440773595,0.8718595606012824,0.8115142264490627,0.0014736764543344509,0.2242798353909465,0.8411869484091347,27103,40,2398,8294,29501,8334,LIGHTGBM,LGBM_11,101
0.795,0.935535879476675,0.9954376275663345,0.7754395809951365,0.9986000073683823,0.8870197941817595,0.8717733031912097,0.8113000763254203,0.0013999926316177282,0.22456041900486345,0.8411432644440656,27105,38,2401,8291,29506,8329,LIGHTGBM,LGBM_11,101
0.8,0.9353772961543544,0.9955534190602091,0.774784885895997,0.9986368492797406,0.8867108675878688,0.8714037763635407,0.8107420384035703,0.0013631507202593672,0.225215114104003,0.8407618045063598,27106,37,2408,8284,29514,8321,LIGHTGBM,LGBM_11,101
0.805,0.935271573939474,0.9956704750450992,0.7743172465394688,0.9986736911910989,0.8864954688652839,0.8711527332035566,0.810347865238925,0.0013263088089010059,0.22568275346053124,0.8405111856495684,27107,36,2413,8279,29520,8315,LIGHTGBM,LGBM_11,101
0.81,0.9351129906171535,0.9960255329399013,0.7734754956977179,0.998784216925174,0.8861298563114459,0.8707554619636746,0.8096571439760334,0.001215783074825922,0.22652450430228208,0.8401519285371726,27110,33,2422,8270,29532,8303,LIGHTGBM,LGBM_11,101
0.815,0.935007268402273,0.9962628089210368,0.7729143284698841,0.9988579007478908,0.8858861146088874,0.8704903354927056,0.8091964827761784,0.0011420992521091993,0.22708567153011597,0.8399126165494218,27112,31,2428,8264,29540,8295,LIGHTGBM,LGBM_11,101
0.82,0.9347958239725123,0.9964988530725583,0.7719790497568275,0.9989315845706075,0.8854553171637175,0.8699868247694335,0.8084072789955142,0.001068415429392477,0.22802095024317245,0.839411984105507,27114,29,2438,8254,29552,8283,LIGHTGBM,LGBM_11,101
0.825,0.9346901017576318,0.9964971614929339,0.7716049382716049,0.9989315845706075,0.8852682614211063,0.8697485635970692,0.8080788293141615,0.001068415429392477,0.22839506172839505,0.8391504985277569,27114,29,2442,8250,29556,8279,LIGHTGBM,LGBM_11,101
0.83,0.9345050878815911,0.9968545850471813,0.7706696595585485,0.9990421103046826,0.8848558849316155,0.8692900094946725,0.8073049339655917,0.000957889695317393,0.22933034044145156,0.838726773852168,27117,26,2452,8240,29569,8266,LIGHTGBM,LGBM_11,101
0.835,0.9342672128981102,0.9969715324046032,0.769734380845492,0.9990789522160409,0.8844066665307664,0.8687391143716684,0.8064990298492836,0.0009210477839590318,0.23026561915450805,0.838149868457301,27118,25,2462,8230,29580,8255,LIGHTGBM,LGBM_11,101
0.84,0.9341614906832298,0.9973317161916313,0.7690796857463524,0.999189477950116,0.8841345818482342,0.8684585731636478,0.8059710269931194,0.0008105220498839479,0.2309203142536476,0.8379227616457509,27121,22,2469,8223,29590,8245,LIGHTGBM,LGBM_11,101
0.845,0.9341350601295098,0.997452074739141,0.7688926300037411,0.9992263198614744,0.8840594749326077,0.8683849160240837,0.8058223877671044,0.0007736801385255867,0.2311073699962589,0.8378689099109462,27122,21,2471,8221,29593,8242,LIGHTGBM,LGBM_11,101
0.85,0.9338443240385886,0.9975695710292867,0.7677702955480733,0.9992631617728328,0.883516728660453,0.867713122985043,0.8048512657607308,0.0007368382271672254,0.23222970445192667,0.8371616161537975,27123,20,2483,8209,29606,8229,LIGHTGBM,LGBM_11,101
0.855,0.9335271573939474,0.9978083526117132,0.7664609053497943,0.9993368455955495,0.8828988754726719,0.8669664110023804,0.8037308016712108,0.0006631544044505029,0.23353909465020575,0.8364006944184096,27125,18,2497,8195,29622,8213,LIGHTGBM,LGBM_11,101
0.86,0.9333685740716268,0.9978067503350798,0.7658997381219603,0.9993368455955495,0.8826182918587548,0.8666066987671305,0.8032368808239334,0.0006631544044505029,0.23410026187803964,0.8360085862288904,27125,18,2503,8189,29628,8207,LIGHTGBM,LGBM_11,101
0.865,0.9332099907493062,0.9979265764117575,0.7652450430228208,0.9993736875069078,0.8823093652648644,0.8662325975332169,0.8026762414895913,0.0006263124930921416,0.23475495697717919,0.8356282133572708,27126,17,2510,8182,29636,8199,LIGHTGBM,LGBM_11,101
0.87,0.9331306990881459,0.9984123106985833,0.7645903479236813,0.9995210551523414,0.8820557015380113,0.8659957627118645,0.8021626501295234,0.0004789448476586965,0.23540965207631875,0.8354794757483336,27130,13,2517,8175,29647,8188,LIGHTGBM,LGBM_11,101
0.875,0.9331306990881459,0.9985340825800146,0.7644968200523756,0.9995578970636997,0.8820273585580376,0.8659815658438395,0.8020960081642265,0.00044210293630033527,0.2355031799476244,0.8354913626666799,27131,12,2518,8174,29649,8186,LIGHTGBM,LGBM_11,101
0.88,0.9330778379807056,0.9987775061124694,0.764122708567153,0.9996315808864163,0.8818771447267847,0.8658329800763035,0.8017979115961371,0.0003684191135836127,0.235877291432847,0.8353845611345191,27133,10,2522,8170,29655,8180,LIGHTGBM,LGBM_11,101
0.885,0.9329456852121052,0.9988988131653004,0.7635615413393191,0.9996684227977748,0.8816149820685469,0.8655181553140737,0.801319173161108,0.00033157720222525146,0.2364384586606809,0.8350699308669863,27134,9,2528,8164,29662,8173,LIGHTGBM,LGBM_11,101
0.89,0.9328399629972248,0.9988982739625413,0.7631874298540965,0.9996684227977748,0.8814279263259357,0.8652775568633688,0.8009894575652277,0.00033157720222525146,0.23681257014590348,0.8348086427679586,27134,9,2532,8160,29666,8169,LIGHTGBM,LGBM_11,101
0.895,0.9326813796749042,0.9988974641675854,0.7626262626262627,0.9996684227977748,0.8811473427120187,0.8649164677804296,0.8004947870648524,0.00033157720222525146,0.23737373737373738,0.8344166893798768,27134,9,2538,8154,29672,8163,LIGHTGBM,LGBM_11,101
0.9,0.9325492269063037,0.9990191270230505,0.7620650953984287,0.9997052647091331,0.8808851800537809,0.8646010186757215,0.8000157096850208,0.00029473529086689016,0.23793490460157127,0.8341021267355245,27135,8,2544,8148,29679,8156,LIGHTGBM,LGBM_11,101
0.905,0.932390643583983,0.9990184049079754,0.7615039281705949,0.9997052647091331,0.880604596439864,0.8642394650249443,0.7995207981460388,0.00029473529086689016,0.23849607182940516,0.8337101558062929,27135,8,2550,8142,29685,8150,LIGHTGBM,LGBM_11,101
0.91,0.9322849213691027,0.9990179229069482,0.7611298166853723,0.9997052647091331,0.8804175406972528,0.8639983013058712,0.7991907923164553,0.00029473529086689016,0.23887018331462775,0.833448827506054,27135,8,2554,8138,29689,8146,LIGHTGBM,LGBM_11,101
0.915,0.9322056297079424,0.999140154772141,0.7607557052001497,0.9997421066204915,0.8802489059103206,0.863802899166357,0.7988764265650474,0.0002578933795085289,0.23924429479985035,0.8332649949561797,27136,7,2558,8134,29694,8141,LIGHTGBM,LGBM_11,101
0.92,0.9320999074930619,0.9991397320879931,0.7603815937149271,0.9997421066204915,0.8800618501677093,0.8635615274310904,0.7985463117571949,0.0002578933795085289,0.23961840628507294,0.8330036661551564,27136,7,2562,8130,29698,8137,LIGHTGBM,LGBM_11,101
0.925,0.9320470463856217,0.9992622648469199,0.76010101010101,0.9997789485318498,0.87993997931643,0.8634262948207171,0.7983143749631637,0.00022105146815016763,0.2398989898989899,0.832885220789346,27137,6,2565,8127,29702,8133,LIGHTGBM,LGBM_11,101
0.93,0.931835601955861,0.9992615384615384,0.7593527871305649,0.9997789485318498,0.8795658678312073,0.8629430833820482,0.7976539013223822,0.00022105146815016763,0.24064721286943508,0.8323625561655283,27137,6,2573,8119,29710,8125,LIGHTGBM,LGBM_11,101
0.935,0.9316241575261002,0.9993838570548367,0.7585110362888141,0.9998157904432082,0.8791634133660111,0.8624448343701813,0.7969262818623115,0.00018420955679180636,0.24148896371118594,0.8318521697135837,27138,5,2582,8110,29720,8115,LIGHTGBM,LGBM_11,101
0.94,0.9315184353112198,0.9993835531993589,0.7581369248035915,0.9998157904432082,0.8789763576233999,0.8622028399723449,0.7965958450441244,0.00018420955679180636,0.24186307519640854,0.8315908161456123,27138,5,2586,8106,29724,8111,LIGHTGBM,LGBM_11,101
0.945,0.931333421435179,0.999506294742039,0.7573887018331463,0.9998526323545666,0.8786206670938564,0.8617643928913483,0.7959504619618637,0.00014736764543344508,0.24261129816685373,0.8311458208999573,27139,4,2594,8098,29733,8102,LIGHTGBM,LGBM_11,101
0.95,0.931069115897978,0.9995056846267919,0.7564534231200898,0.9998526323545666,0.8781530277373282,0.8611584327086882,0.7951238694455368,0.00014736764543344508,0.24354657687991021,0.8304923826911155,27139,4,2604,8088,29743,8092,LIGHTGBM,LGBM_11,101
0.05,0.7243293246993524,0.506293235972329,0.9856902356902357,0.6213756769701212,0.8035329563301785,0.6689729592484448,0.828746225465526,0.3786243230298788,0.01430976430976431,0.5494505179787387,16866,10277,153,10539,17019,20816,LIGHTGBM,LGBM_11,313
0.055,0.7337650323774283,0.5151619066281291,0.9835390946502057,0.6353756032862985,0.8094573489682522,0.6761613888442372,0.8322122156977572,0.3646243967137015,0.01646090534979424,0.5590964984141842,17246,9897,176,10516,17422,20413,LIGHTGBM,LGBM_11,313
0.06,0.7436236289150258,0.5248397435897436,0.9801720912832024,0.6504439450318682,0.8153080181575353,0.6836268754076973,0.8352461106860495,0.34955605496813175,0.019827908716797606,0.5687616509434393,17655,9488,212,10480,17867,19968,LIGHTGBM,LGBM_11,313
0.065,0.7523985727500991,0.5338307440719542,0.9769921436588104,0.6639280845890285,0.8204601141239194,0.6904163912756114,0.8378785934291582,0.33607191541097153,0.023007856341189674,0.5775047262864135,18021,9122,246,10446,18267,19568,LIGHTGBM,LGBM_11,313
0.07,0.761067794370292,0.543079169708981,0.9739057239057239,0.6772280145893969,0.8255668692475604,0.6973146722025045,0.8405443802266636,0.3227719854106031,0.026094276094276093,0.5864146066279974,18382,8761,279,10413,18661,19174,LIGHTGBM,LGBM_11,313
0.075,0.7688648077177217,0.5517736531404563,0.9703516647961092,0.6894963710717312,0.8299240179339202,0.7035090693337855,0.8425232658231959,0.31050362892826877,0.02964833520389076,0.5942190068436215,18715,8428,317,10375,19032,18803,LIGHTGBM,LGBM_11,313
0.08,0.7770054182635127,0.5611873880718511,0.9671717171717171,0.7020963047562907,0.8346340109640039,0.710257907208352,0.8449219707492442,0.29790369524370924,0.03282828282828283,0.6028937244900753,19057,8086,351,10341,19408,18427,LIGHTGBM,LGBM_11,313
0.085,0.7845381260737413,0.5703367301727957,0.9631500187055743,0.7141804516818333,0.8386652351937038,0.716432447474607,0.8465408391424438,0.28581954831816675,0.03684998129442574,0.6105849189988244,19385,7758,394,10298,19779,18056,LIGHTGBM,LGBM_11,313
0.09,0.7919386811153694,0.5796970382093601,0.959221848110737,0.7260435471392256,0.8426326976249813,0.7226606538895153,0.8481640754217664,0.2739564528607744,0.040778151889263,0.618395980281371,19707,7436,436,10256,20143,17692,LIGHTGBM,LGBM_11,313
0.095,0.8003171666446413,0.5906490204010865,0.9558548447437336,0.7390487418487272,0.8474517932962304,0.7301303804250757,0.8506600522714788,0.2609512581512729,0.04414515525626637,0.6280679323130253,20060,7083,472,10220,20532,17303,LIGHTGBM,LGBM_11,313
0.1,0.8081406105457909,0.6014300065000295,0.9519266741488964,0.7515013078878532,0.8517139910183749,0.7371356147021546,0.8525573369519693,0.24849869211214679,0.04807332585110363,0.6370031448138022,20398,6745,514,10178,20912,16923,LIGHTGBM,LGBM_11,313
0.105,0.8148011100832563,0.6111345678267688,0.9476243920688365,0.7624801974726448,0.8550522947707406,0.7430603938249423,0.8536236035519909,0.2375198025273551,0.052375607931163484,0.6444077895558804,20696,6447,560,10132,21256,16579,LIGHTGBM,LGBM_11,313
0.11,0.8213558874058412,0.6210824456622129,0.9434156378600823,0.7732748775006447,0.8583452576803635,0.7490439238109382,0.8547001304885694,0.22672512249935525,0.056584362139917695,0.6519542544975911,20989,6154,605,10087,21594,16241,LIGHTGBM,LGBM_11,313
0.115,0.8282542619267874,0.6318370426254244,0.9399551066217733,0.7842537670854364,0.8621044368536048,0.7556959169862397,0.8564270375293997,0.2157462329145636,0.06004489337822671,0.6605905208111928,21287,5856,642,10050,21929,15906,LIGHTGBM,LGBM_11,313
0.12,0.8350997753402933,0.6432109088570143,0.9352787130564908,0.79563791769517,0.8654583153758304,0.7622241701284348,0.8574123295892995,0.20436208230482997,0.06472128694350916,0.6689095450453479,21596,5547,692,10000,22288,15547,LIGHTGBM,LGBM_11,313
0.125,0.8422888859521607,0.6557658073448935,0.9302282080059858,0.8076483807979958,0.8689382944019908,0.7692486175026103,0.8583757659445931,0.1923516192020042,0.06977179199401422,0.677931297949933,21922,5221,746,9946,22668,15167,LIGHTGBM,LGBM_11,313
0.13,0.8486057882912647,0.6674311926605505,0.925364758698092,0.8183693770032789,0.8718670678506855,0.7755134033547578,0.8589734685372967,0.18163062299672106,0.07463524130190796,0.686002445796211,22213,4930,798,9894,23011,14824,LIGHTGBM,LGBM_11,313
0.135,0.8553984405973305,0.6800965850293205,0.9219977553310886,0.8291640570312788,0.8755809061811837,0.7827847699209909,0.8607652410806279,0.1708359429687212,0.07800224466891134,0.6957165966821025,22506,4637,834,9858,23340,14495,LIGHTGBM,LGBM_11,313
0.14,0.8611867318620325,0.6921446736366205,0.9163860830527497,0.8394429503002616,0.8779145166765057,0.7886349001931744,0.8606211791160143,0.1605570496997384,0.08361391694725027,0.7032828272105276,22785,4358,894,9798,23679,14156,LIGHTGBM,LGBM_11,313
0.145,0.8670014536804546,0.7044206876625253,0.9120838009726898,0.8492428987215856,0.8806633498471377,0.794913596348223,0.8613014908499964,0.15075710127841432,0.08791619902731014,0.7116631661695045,23051,4092,940,9752,23991,13844,LIGHTGBM,LGBM_11,313
0.15,0.8719968283335536,0.715750645518259,0.9074074074074074,0.8580481155362341,0.8827277614718207,0.8002639501794035,0.8612822470393978,0.14195188446376597,0.09259259259259259,0.7187936920002649,23290,3853,990,9702,24280,13555,LIGHTGBM,LGBM_11,313
0.155,0.8765164530196907,0.7267590778966401,0.9022633744855967,0.8663743875032237,0.8843188809944103,0.8050571643161145,0.860693765390243,0.13362561249677632,0.09773662551440329,0.7251973126210529,23516,3627,1045,9647,24561,13274,LIGHTGBM,LGBM_11,313
0.16,0.8806660499537465,0.7371937639198218,0.8977740366629255,0.8739269793316877,0.8858505079973067,0.8095981107409439,0.8602950402409077,0.12607302066831227,0.10222596333707445,0.731369612565623,23721,3422,1093,9599,24814,13021,LIGHTGBM,LGBM_11,313
0.165,0.8853442579622043,0.7484748944157672,0.8950617283950617,0.8815164130715102,0.888289070733286,0.8152312803475594,0.861324117075278,0.11848358692848986,0.10493827160493827,0.7392324352752359,23927,3216,1122,9570,25049,12786,LIGHTGBM,LGBM_11,313
0.17,0.8885423549623365,0.7572915838830168,0.8912270856715301,0.8874848027115647,0.8893559441915474,0.8188184747583244,0.860779389712923,0.11251519728843533,0.10877291432846989,0.7442095088685746,24089,3054,1163,9529,25252,12583,LIGHTGBM,LGBM_11,313
0.175,0.8917140214087486,0.7665508043003799,0.8869248035914703,0.8936005599970527,0.8902626817942615,0.822356154880111,0.859917662634433,0.10639944000294735,0.11307519640852974,0.7491688345128263,24255,2888,1209,9483,25464,12371,LIGHTGBM,LGBM_11,313
0.18,0.8946478128716797,0.7752421605647677,0.8832772166105499,0.8991268467008069,0.8912020316556784,0.8257410160006994,0.859326660600546,0.10087315329919316,0.11672278338945005,0.7539822421729224,24405,2738,1248,9444,25653,12182,LIGHTGBM,LGBM_11,313
0.185,0.898163076516453,0.785267372987403,0.8803778526000748,0.9051689201635781,0.8927733863818265,0.830107147581463,0.8595562049127933,0.09483107983642192,0.11962214739992517,0.7602592659578811,24569,2574,1279,9413,25848,11987,LIGHTGBM,LGBM_11,313
0.19,0.9004361041363816,0.793010070237793,0.8764496820052375,0.9098846848174483,0.8931671834113429,0.8326447198898218,0.8583860034808097,0.09011531518255167,0.12355031799476245,0.7639678505873664,24697,2446,1321,9371,26018,11817,LIGHTGBM,LGBM_11,313
0.195,0.9029205761860711,0.8008056912659638,0.8738309016086794,0.9143793980031684,0.8941051498059238,0.8357261058186859,0.8581794801138973,0.0856206019968316,0.12616909839132062,0.7684854325886842,24819,2324,1349,9343,26168,11667,LIGHTGBM,LGBM_11,313
0.2,0.9048235760539183,0.807262327758038,0.8712121212121212,0.9180635891390045,0.8946378551755629,0.8380189825019118,0.8576242473345979,0.08193641086099547,0.12878787878787878,0.7718949576584309,24919,2224,1377,9315,26296,11539,LIGHTGBM,LGBM_11,313
0.205,0.9068851592440862,0.8139616361566085,0.8691545080433969,0.9217477802748406,0.8954511441591188,0.840653127685558,0.8575251453354248,0.07825221972515935,0.13084549195660305,0.7758098013170347,25019,2124,1399,9293,26418,11417,LIGHTGBM,LGBM_11,313
0.21,0.908946742434254,0.8212037939898945,0.8664421997755332,0.9256898647901853,0.8960660322828593,0.84321667501024,0.8570001295121094,0.07431013520981468,0.1335578002244669,0.7796814768884329,25126,2017,1428,9264,26554,11281,LIGHTGBM,LGBM_11,313
0.215,0.9109290339632615,0.8286945591668163,0.863262252151141,0.9297056331282467,0.8964839426396939,0.8456252863032524,0.8561199124401736,0.0702943668717533,0.13673774784885895,0.7833920498893182,25235,1908,1462,9230,26697,11138,LIGHTGBM,LGBM_11,313
0.22,0.9126205894013479,0.8353005266025059,0.8604564160119715,0.9331687727959327,0.8968125944039521,0.8476918824288214,0.8553047488007142,0.06683122720406735,0.13954358398802844,0.7866178960286889,25329,1814,1492,9200,26821,11014,LIGHTGBM,LGBM_11,313
0.225,0.9144442976080349,0.8422550729960517,0.857931163486719,0.9367055962863353,0.8973183798865272,0.8500208497428533,0.8547494362548687,0.06329440371366467,0.14206883651328095,0.7902456902930084,25425,1718,1519,9173,26944,10891,LIGHTGBM,LGBM_11,313
0.23,0.916320866922162,0.8484259259259259,0.8569958847736625,0.9396897911063626,0.8983428379400126,0.8526893727898752,0.8552680704898447,0.060310208893637404,0.14300411522633744,0.7942739927020539,25506,1637,1529,9163,27035,10800,LIGHTGBM,LGBM_11,313
0.235,0.9177216862693274,0.8538612382108507,0.8552188552188552,0.9423424087241646,0.8987806319715099,0.8545395074996496,0.8549469865549676,0.05765759127583539,0.1447811447811448,0.7971776485348746,25578,1565,1548,9144,27126,10709,LIGHTGBM,LGBM_11,313
0.24,0.9198097000132153,0.8614992447129909,0.8534418256640479,0.945952916037284,0.8996973708506659,0.8574516068408193,0.8550412293853074,0.054047083962715986,0.1465581743359521,0.8016840338046001,25676,1467,1567,9125,27243,10592,LIGHTGBM,LGBM_11,313
0.245,0.9208669221620193,0.8666412650028577,0.8509165731387953,0.9484213240982943,0.8996689486185447,0.8587069372345446,0.8540156948147034,0.051578675901705784,0.14908342686120463,0.8038223760161127,25743,1400,1594,9098,27337,10498,LIGHTGBM,LGBM_11,313
0.25,0.9216334082199023,0.8704573784638987,0.8490460157126823,0.950226577754854,0.8996362967337681,0.8596183892808105,0.8532436039626294,0.049773422245146075,0.15095398428731763,0.8053954272662439,25792,1351,1614,9078,27406,10429,LIGHTGBM,LGBM_11,313
0.255,0.9229549359059073,0.8755916159567275,0.847830153385709,0.9525476181704307,0.9001888857780698,0.8614872891423142,0.8532407145949813,0.04745238182956932,0.15216984661429106,0.8083438573906829,25855,1288,1627,9065,27482,10353,LIGHTGBM,LGBM_11,313
0.26,0.923932866393551,0.880280319252482,0.8458660680882903,0.9546844490292157,0.900275258558753,0.8627301345034818,0.8525319558086045,0.045315550970784366,0.15413393191170968,0.8104568075688172,25913,1230,1648,9044,27561,10274,LIGHTGBM,LGBM_11,313
0.265,0.9249372274349148,0.8844496670583627,0.8447437336326226,0.9565265445971337,0.9006351391148781,0.864140834290088,0.8523971309928274,0.043473455402866304,0.15525626636737747,0.8127305917889703,25963,1180,1660,9032,27623,10212,LIGHTGBM,LGBM_11,313
0.27,0.9264437689969605,0.8902595480114478,0.8437149270482603,0.9590317945695023,0.9013733608088813,0.8663625450180071,0.8526303850588836,0.040968205430497735,0.15628507295173963,0.816229628355927,26031,1112,1671,9021,27702,10133,LIGHTGBM,LGBM_11,313
0.275,0.9274481300383243,0.8952551477170994,0.8417508417508418,0.9612054673396456,0.9014781545452437,0.8676789587852495,0.8519338899301415,0.03879453266035442,0.15824915824915825,0.8185038347781752,26090,1053,1692,9000,27782,10053,LIGHTGBM,LGBM_11,313
0.28,0.9279503105590062,0.8984593837535014,0.8399738121960344,0.9626054599712633,0.9012896360836489,0.8682327919566898,0.8510537487680995,0.03739454002873669,0.16002618780396557,0.8196083955450268,26128,1015,1711,8981,27839,9996,LIGHTGBM,LGBM_11,313
0.285,0.9285582132945686,0.901901599758527,0.8383838383838383,0.9640791364255977,0.901231487404718,0.8689835684164607,0.8503614320678468,0.03592086357440224,0.16161616161616163,0.8209960910325844,26168,975,1728,8964,27896,9939,LIGHTGBM,LGBM_11,313
0.29,0.9293246993524514,0.904949494949495,0.8379161990273102,0.965331761411782,0.901623980219546,0.8701437451437453,0.8505164426217058,0.03466823858821796,0.16208380097268987,0.8228413247814417,26202,941,1733,8959,27935,9900,LIGHTGBM,LGBM_11,313
0.295,0.9301969076252148,0.9087216976342776,0.8370744481855593,0.9668791216888332,0.9019767849371962,0.8714278759554062,0.8504855845069084,0.033120878311166786,0.1629255518144407,0.8249409885131525,26244,899,1742,8950,27986,9849,LIGHTGBM,LGBM_11,313
0.3,0.9306990881458966,0.9111473405339311,0.8363262252151141,0.967873853295509,0.9021000392553116,0.8721349848824734,0.8502909740975999,0.03212614670449103,0.1636737747848859,0.826147642078841,26271,872,1750,8942,28021,9814,LIGHTGBM,LGBM_11,313
0.305,0.9316241575261002,0.9149175796047917,0.8357650579872802,0.9693843716612018,0.902574714824241,0.8735519820128061,0.850480631959646,0.030615628338798218,0.1642349420127198,0.828416156358559,26312,831,1756,8936,28068,9767,LIGHTGBM,LGBM_11,313
0.31,0.931835601955861,0.9170350570576745,0.8342686120463898,0.9702685775338025,0.9022685947900961,0.8736960673882169,0.8496047242594533,0.029731422466197546,0.16573138795361017,0.828896092051988,26336,807,1772,8920,28108,9727,LIGHTGBM,LGBM_11,313
0.315,0.9323377824765429,0.9198678232135481,0.833146277590722,0.9714106767859116,0.9022784771883168,0.8743619945033373,0.849157324792191,0.028589323214088348,0.16685372240927795,0.8301200197417455,26367,776,1784,8908,28151,9684,LIGHTGBM,LGBM_11,313
0.32,0.9327342407823443,0.9219931627473325,0.8323980546202768,0.9722580407471539,0.9023280476837154,0.8749078397640697,0.8488964346349744,0.02774195925284604,0.16760194537972314,0.8310968676304311,26390,753,1792,8900,28182,9653,LIGHTGBM,LGBM_11,313
0.325,0.9329985463195454,0.9241809672386896,0.8310886644219978,0.9731422466197547,0.9021154555208762,0.875166198847688,0.8481759349407252,0.026857753380245368,0.16891133557800225,0.8317369793584599,26414,729,1806,8886,28220,9615,LIGHTGBM,LGBM_11,313
0.33,0.9332892824104665,0.9259491030454735,0.8303404414515526,0.9738422429355635,0.9020913421935581,0.8755424063116372,0.8478493391397357,0.0261577570644365,0.16965955854844744,0.8324591637515752,26433,710,1814,8878,28247,9588,LIGHTGBM,LGBM_11,313
0.335,0.9337650323774284,0.9284966499162479,0.8294986906098017,0.9748369745422393,0.9021678325760205,0.876210235131397,0.8475726299694191,0.025163025457760748,0.17050130939019828,0.8336539858858688,26460,683,1823,8869,28283,9552,LIGHTGBM,LGBM_11,313
0.34,0.9341350601295098,0.9310344827586207,0.8282828282828283,0.975831706148915,0.9020572672158716,0.8766580875074244,0.8469778117827085,0.024168293851084995,0.1717171717171717,0.8345853624929139,26487,656,1836,8856,28323,9512,LIGHTGBM,LGBM_11,313
0.345,0.9343993656667107,0.9331996623047699,0.8270669659558548,0.9766790701101573,0.9018730180330061,0.8769337564458548,0.8463172804532578,0.023320929889842686,0.17293303404414515,0.8352553385693257,26510,633,1849,8843,28359,9476,LIGHTGBM,LGBM_11,313
0.35,0.9347693934187922,0.9350402031316124,0.8265993265993266,0.9773790664259662,0.9019891965126463,0.8774821286735506,0.8462274990425125,0.02262093357403382,0.1734006734006734,0.8362030947435745,26529,614,1854,8838,28383,9452,LIGHTGBM,LGBM_11,313
0.355,0.9347958239725123,0.9367102049484974,0.8250093527871306,0.9780422208304167,0.9015257868087736,0.8773186135561192,0.8451662355082877,0.021957779169583316,0.17499064721286944,0.8362743870837172,26547,596,1871,8821,28418,9417,LIGHTGBM,LGBM_11,313
0.36,0.9350336989559931,0.9382584628486268,0.824354657687991,0.9786316914121505,0.9014931745500707,0.8776262073085732,0.8448679115064606,0.02136830858784954,0.17564534231200898,0.8368909115816793,26563,580,1878,8814,28441,9394,LIGHTGBM,LGBM_11,313
0.365,0.935271573939474,0.9395328996480751,0.8239805462027684,0.9791106362598092,0.9015455912312889,0.8779710000498281,0.8447598043916004,0.02088936374019084,0.17601945379723158,0.8375082821125196,26576,567,1882,8810,28458,9377,LIGHTGBM,LGBM_11,313
0.37,0.9354301572617947,0.9408872260823089,0.8232323232323232,0.9796264230188262,0.9014293731255747,0.8781363795081558,0.844348943844368,0.020373576981173782,0.17676767676767677,0.8379259740031528,26590,553,1890,8802,28480,9355,LIGHTGBM,LGBM_11,313
0.375,0.9355887405841152,0.9424375602958517,0.8222970445192668,0.98021589360056,0.9012564690599134,0.8782778083012838,0.8438105841027316,0.019784106399440005,0.17770295548073325,0.8383488139998383,26606,537,1900,8792,28506,9329,LIGHTGBM,LGBM_11,313
0.38,0.9357473239064359,0.9436150789388895,0.8217358772914328,0.9806579965368604,0.9011969369141466,0.8784682297655352,0.8435261813782906,0.01934200346313967,0.17826412270856715,0.8387694913079925,26618,525,1906,8786,28524,9311,LIGHTGBM,LGBM_11,313
0.385,0.935773754460156,0.9446716899892358,0.8208005985783764,0.9810632575618023,0.9009319280700894,0.8783905514963467,0.8429059894732799,0.018936742438197693,0.17919940142162363,0.8388535675911657,26629,514,1916,8776,28545,9290,LIGHTGBM,LGBM_11,313
0.39,0.9359323377824765,0.9461472048348802,0.8199588477366255,0.9816158862321778,0.9007873669844016,0.8785449443832047,0.8424299496483069,0.018384113767822275,0.1800411522633745,0.8392836263154225,26644,499,1925,8767,28569,9266,LIGHTGBM,LGBM_11,313
0.395,0.9359851988899167,0.9478986135181976,0.8184624017957352,0.9822790406366282,0.9003707212161817,0.8784380646456535,0.8414423076923078,0.01772095936337177,0.18153759820426488,0.8394542137763275,26662,481,1941,8751,28603,9232,LIGHTGBM,LGBM_11,313
0.4,0.9360380599973569,0.9491746307558645,0.817433595211373,0.9827579854842869,0.9000957903478299,0.878391959798995,0.840772664306603,0.017242014515713076,0.182566404788627,0.8396181181419761,26675,468,1952,8740,28627,9208,LIGHTGBM,LGBM_11,313
0.405,0.9362495044271177,0.9506858262573481,0.8167789001122334,0.9833106141546624,0.9000447571334479,0.8786598249320857,0.8404550179004502,0.016689385845337655,0.18322109988776655,0.8401929302080638,26690,453,1959,8733,28649,9186,LIGHTGBM,LGBM_11,313
0.41,0.9363552266419981,0.9520846976642654,0.815843621399177,0.9838264009136795,0.8998350111564282,0.8787146167019241,0.8398806085114578,0.016173599086320597,0.18415637860082304,0.8404995843247296,26704,439,1969,8723,28673,9162,LIGHTGBM,LGBM_11,313
0.415,0.9365402405180389,0.9537047170843822,0.8150018705574261,0.9844158714954132,0.8997088710264196,0.8789147208633818,0.8394181678065697,0.015584128504586818,0.18499812944257388,0.8410165708582975,26720,423,1978,8714,28698,9137,LIGHTGBM,LGBM_11,313
0.42,0.9369366988238403,0.9556725916172921,0.8146277590722035,0.9851158678112221,0.8998718134417127,0.8795314551146117,0.8394048032072782,0.014884132188777955,0.18537224092779647,0.8420829918236251,26739,404,1982,8710,28721,9114,LIGHTGBM,LGBM_11,313
0.425,0.9370424210387207,0.9569951605807303,0.8137860082304527,0.9855948126588807,0.8996904104446667,0.8795996765062677,0.8388931739298111,0.014405187341119258,0.18621399176954734,0.8423961274007217,26752,391,1991,8701,28743,9092,LIGHTGBM,LGBM_11,313
0.43,0.9371217126998811,0.9579156108846535,0.8132248410026188,0.985926389861106,0.8995756154318624,0.879660073853002,0.8385572379207252,0.014073610138894006,0.18677515899738123,0.84262989620807,26761,382,1997,8695,28758,9077,LIGHTGBM,LGBM_11,313
0.435,0.9374388793445223,0.9597923340329173,0.8126636737747849,0.9865895442655565,0.8996266090201707,0.8801215497594329,0.8383666853206229,0.013410455734443502,0.18733632622521512,0.843501865329123,26779,364,2003,8689,28782,9053,LIGHTGBM,LGBM_11,313
0.44,0.9375710321131228,0.9609340416113324,0.812102506546951,0.9869948052904984,0.8995486559187247,0.880271695052717,0.838062697861169,0.013005194709501528,0.187897493453049,0.8438810859021953,26790,353,2009,8683,28799,9036,LIGHTGBM,LGBM_11,313
0.445,0.9374917404519625,0.9618413754853022,0.8109801720912833,0.9873263824927238,0.8991532772920034,0.8799918810574923,0.8372438831276674,0.012673617507276278,0.1890198279087168,0.8437197974619088,26799,344,2021,8671,28820,9015,LIGHTGBM,LGBM_11,313
0.45,0.9375710321131228,0.9629835482436638,0.810231949120838,0.9877316435176657,0.8989817963192519,0.8800284437220641,0.8367784560698553,0.012268356482334304,0.189768050879162,0.8439693084065438,26810,333,2029,8663,28839,8996,LIGHTGBM,LGBM_11,313
0.455,0.9377824765428836,0.9643573178881711,0.8097643097643098,0.9882105883653244,0.8989874490648171,0.8803253685815965,0.8365864028137441,0.011789411634675607,0.19023569023569023,0.8445633634326911,26823,320,2034,8658,28857,8978,LIGHTGBM,LGBM_11,313
0.46,0.9379146293114841,0.9651020180622143,0.8095772540216984,0.9884684817448329,0.8990228678832657,0.8805248970042215,0.8365386473896824,0.011531518255167078,0.19042274597830153,0.8449302600960277,26830,313,2036,8656,28866,8969,LIGHTGBM,LGBM_11,313
0.465,0.9381789348486851,0.9664916787668938,0.8092966704077815,0.9889474265924916,0.8991220485001366,0.8809366250954441,0.8365074147831636,0.01105257340750838,0.19070332959221847,0.845660781096675,26843,300,2039,8653,28882,8953,LIGHTGBM,LGBM_11,313
0.47,0.9382846570635655,0.967759991044442,0.8085484474373363,0.989389529528792,0.8989689884830642,0.8810191082802548,0.8360573296454613,0.010610470471208047,0.19145155256266366,0.8459893939234665,26855,288,2047,8645,28902,8933,LIGHTGBM,LGBM_11,313
0.475,0.9384961014933263,0.9692583866262763,0.8079872802095024,0.989905316287809,0.8989462982486557,0.8813057893394541,0.8358003908593099,0.010094683712190989,0.19201271979049755,0.8465969891077392,26869,274,2053,8639,28922,8913,LIGHTGBM,LGBM_11,313
0.48,0.9385225320470464,0.9702113309352518,0.8072390572390572,0.9902368934900343,0.8987379753645457,0.8812538288748213,0.8353011768349333,0.009763106509965737,0.19276094276094277,0.8467142061036239,26878,265,2061,8631,28939,8896,LIGHTGBM,LGBM_11,313
0.485,0.9384696709396062,0.9712643678160919,0.8061167227833894,0.9906053126036178,0.8983610176935036,0.8810180926096289,0.8344951783432089,0.009394687396382124,0.19388327721661056,0.8466399125194466,26888,255,2073,8619,28961,8874,LIGHTGBM,LGBM_11,313
0.49,0.938416809832166,0.9718961625282168,0.8053684998129442,0.990826364071768,0.8980974319423561,0.8808306055646482,0.8339466955915394,0.009173635928231956,0.19463150018705574,0.8465433195002063,26894,249,2081,8611,28975,8860,LIGHTGBM,LGBM_11,313
0.495,0.938416809832166,0.9726430024869998,0.8047138047138047,0.9910842574512766,0.8978990310825407,0.8807452144538847,0.8334947882357501,0.008915742548723429,0.19528619528619529,0.8465862119804026,26901,242,2088,8604,28989,8846,LIGHTGBM,LGBM_11,313
0.5,0.9385489626007665,0.9736216460998528,0.8043396932285821,0.9914158346535018,0.897877763941042,0.880921895006402,0.8333171837755082,0.008584165346498177,0.19566030677141788,0.8469737942778055,26910,233,2092,8600,29002,8833,LIGHTGBM,LGBM_11,313
0.505,0.9385489626007665,0.974265956240789,0.8037785260007482,0.991636886121652,0.8977077060612001,0.880848664992569,0.8329295004749073,0.008363113878348009,0.19622147399925177,0.8470122388728198,26916,227,2098,8594,29014,8821,LIGHTGBM,LGBM_11,313
0.51,0.9385225320470464,0.9751249432076329,0.8029367751589974,0.9919316214125189,0.8974341982857581,0.8806934755847354,0.8323314977119366,0.008068378587481119,0.1970632248410026,0.8469984462162,26924,219,2107,8585,29031,8804,LIGHTGBM,LGBM_11,313
0.515,0.9383903792784459,0.9753268902785673,0.8022820800598578,0.9920053052352356,0.8971436926475467,0.8803817929901986,0.8317979946861122,0.007994694764764396,0.19771791994014215,0.8466810421907421,26926,217,2114,8578,29040,8795,LIGHTGBM,LGBM_11,313
0.52,0.9384432403858861,0.9761986106366017,0.801720912832024,0.9923000405261025,0.8970104766790632,0.8803985004878551,0.8314419290383905,0.007699959473897506,0.19827908716797607,0.8468673839174431,26934,209,2120,8572,29054,8781,LIGHTGBM,LGBM_11,313
0.525,0.938416809832166,0.9770652670013692,0.8008791619902731,0.9925947758169694,0.8967369689036213,0.8802425986842104,0.8308429713576031,0.007405224183030616,0.1991208380097269,0.846856635968817,26942,201,2129,8563,29071,8764,LIGHTGBM,LGBM_11,313
0.53,0.938416809832166,0.9778285714285714,0.8002244668911336,0.992852669196478,0.8965385680438058,0.8801563625141445,0.8303893784696611,0.007147330803522087,0.19977553310886645,0.8469061126129002,26949,194,2136,8556,29085,8750,LIGHTGBM,LGBM_11,313
0.535,0.9386282542619268,0.9789425497825589,0.8000374111485222,0.9932210883100615,0.8966292497292918,0.8804940813175502,0.8303886925795051,0.006778911689938474,0.19996258885147775,0.8475064366501698,26959,184,2138,8554,29097,8738,LIGHTGBM,LGBM_11,313
0.54,0.9386546848156468,0.9797134670487107,0.7994762439206884,0.99347898168957,0.8964776128051293,0.8804655714064995,0.830015730293438,0.006521018310429945,0.20052375607931164,0.8476239967065468,26966,177,2144,8548,29110,8725,LIGHTGBM,LGBM_11,313
0.545,0.9387075459230871,0.9803786574870912,0.7991021324354658,0.9937000331577203,0.896401082796593,0.8805070335445973,0.8297884738651594,0.006299966842279778,0.20089786756453423,0.8478008450721027,26972,171,2148,8544,29120,8715,LIGHTGBM,LGBM_11,313
0.55,0.9388132681379675,0.9810497301022166,0.7989150766928544,0.9939210846258704,0.8964180806593625,0.8806639517500902,0.8297231665857213,0.00607891537412961,0.20108492330714553,0.8481101159163126,26978,165,2150,8542,29128,8707,LIGHTGBM,LGBM_11,313
0.555,0.9388132681379675,0.9814921255316703,0.7985409652076318,0.9940684522713038,0.8963047087394678,0.8806147181682223,0.8294635397439136,0.005931547728696165,0.20145903479236812,0.8481408807457675,26982,161,2154,8538,29136,8699,LIGHTGBM,LGBM_11,313
0.56,0.9387075459230871,0.9818160893083209,0.7978862701084923,0.9941789780053789,0.8960326240569356,0.8803467313348126,0.8289445556484054,0.005821021994621081,0.20211372989150767,0.8479006701566101,26985,158,2161,8531,29146,8689,LIGHTGBM,LGBM_11,313
0.565,0.9386811153693669,0.9823692094952754,0.7973251028806584,0.9943631875621707,0.8958441452214145,0.8802271553949407,0.8285386618979124,0.005636812437829274,0.20267489711934156,0.8478741185369568,26990,153,2167,8525,29157,8678,LIGHTGBM,LGBM_11,313
0.57,0.9387604070305273,0.9830430268773792,0.7970445192667415,0.9945842390303209,0.8958143791485311,0.8803264294199681,0.8283920135311157,0.005415760969679107,0.2029554807332585,0.8481194519937649,26996,147,2170,8522,29166,8669,LIGHTGBM,LGBM_11,313
0.575,0.9388132681379675,0.9839399191218948,0.7964833520389076,0.9948789743211878,0.8956811631800476,0.8803432056649609,0.8280341481438268,0.005121025678812217,0.2035166479610924,0.8483158664253632,27004,139,2176,8516,29180,8655,LIGHTGBM,LGBM_11,313
0.58,0.9386811153693669,0.984266543267006,0.7957351290684624,0.9949895000552629,0.8953623145618627,0.8800165494414564,0.8274332840581965,0.005010499944737133,0.20426487093153758,0.8480116117037344,27007,136,2184,8508,29191,8644,LIGHTGBM,LGBM_11,313
0.585,0.9386811153693669,0.9850521436848204,0.7950804339693228,0.9952473934347714,0.8951639137020471,0.8799296139116034,0.8269777034125841,0.004752606565228604,0.20491956603067715,0.8480699382571926,27014,129,2191,8501,29205,8630,LIGHTGBM,LGBM_11,313
0.59,0.9386282542619268,0.9857242339832869,0.7943322109988776,0.9954684449029215,0.8949003279508996,0.879738968303294,0.8264245679588977,0.004531555097078436,0.20566778900112234,0.8479892936951818,27020,123,2199,8493,29219,8616,LIGHTGBM,LGBM_11,313
0.595,0.9384961014933263,0.9859416753805043,0.7936775158997381,0.9955421287256383,0.8946098223126882,0.8794238043421939,0.8258880778588807,0.004457871274361714,0.20632248410026188,0.847677848625694,27022,121,2206,8486,29228,8607,LIGHTGBM,LGBM_11,313
0.6,0.9383375181710056,0.9860448889405745,0.7930228208005986,0.9955789706369966,0.8943008957187977,0.8790627753874865,0.8253353320225049,0.004421029363003353,0.20697717919940142,0.8472921965251893,27023,120,2213,8479,29236,8599,LIGHTGBM,LGBM_11,313
0.605,0.9382053654024052,0.9861499068901304,0.7924616535727647,0.995615812548355,0.8940387330605598,0.8787595934453433,0.824863707165109,0.004384187451644992,0.20753834642723532,0.8469723091556062,27024,119,2219,8473,29243,8592,LIGHTGBM,LGBM_11,313
0.61,0.9380996431875248,0.9863699906803355,0.7919004863449308,0.9956894963710717,0.8937949913580012,0.8785017638514214,0.8244080074778003,0.004310503628928269,0.2080995136550692,0.8467269223765781,27026,117,2225,8467,29251,8584,LIGHTGBM,LGBM_11,313
0.615,0.9381789348486851,0.9870553935860058,0.7916199027310138,0.995910547839222,0.8937652252851178,0.8786007162505839,0.8242603665543501,0.004089452160778101,0.20838009726898615,0.8469768269322202,27032,111,2228,8464,29260,8575,LIGHTGBM,LGBM_11,313
0.62,0.9380203515263644,0.9871600326835531,0.7909652076318743,0.9959473897505803,0.8934562986912273,0.8782387455215743,0.8237070224992696,0.00405261024941974,0.2090347923681257,0.8465916673470184,27033,110,2235,8457,29268,8567,LIGHTGBM,LGBM_11,313
0.625,0.9379674904189242,0.9871570344424986,0.790778151889263,0.9959473897505803,0.8933627708199217,0.8781222412629174,0.8235443087292775,0.00405261024941974,0.209221848110737,0.8464603187610852,27033,110,2237,8455,29270,8565,LIGHTGBM,LGBM_11,313
0.63,0.9379410598652042,0.9872693295958888,0.7905910961466517,0.9959842316619386,0.8932876639042951,0.8780513140126728,0.8233976232222872,0.004015768338061379,0.2094089038533483,0.8464035772779159,27034,109,2239,8453,29273,8562,LIGHTGBM,LGBM_11,313
0.635,0.9378617682040439,0.9873787542362977,0.7902169846614291,0.9960210735732969,0.893119029117363,0.877863785131695,0.8230881636629324,0.003978926426703017,0.20978301533857088,0.846215530052544,27035,108,2243,8449,29278,8557,LIGHTGBM,LGBM_11,313
0.64,0.937888198757764,0.9878362573099415,0.7899364010475122,0.9961684412187304,0.8930524211331212,0.877871323147282,0.8229081413928836,0.003831558781269572,0.21006359895248783,0.8463172604499509,27039,104,2246,8446,29285,8550,LIGHTGBM,LGBM_11,313
0.645,0.9378353376503238,0.988061797752809,0.7895622895622896,0.9962421250414472,0.8929022073018684,0.8777292576419213,0.8226145930776426,0.0037578749585528495,0.21043771043771045,0.8462041355158741,27041,102,2250,8442,29291,8544,LIGHTGBM,LGBM_11,313
0.65,0.9378353376503238,0.9885192127460168,0.789188178077067,0.9963894926868806,0.8927888353819737,0.8776783856875391,0.8223530329019181,0.0036105073131194047,0.21081182192293305,0.8462407349986857,27045,98,2254,8438,29299,8536,LIGHTGBM,LGBM_11,313
0.655,0.937888198757764,0.989094746716698,0.7889075944631501,0.9965737022436724,0.8927406483534113,0.8777315296566077,0.822188864628821,0.0034262977563275982,0.21109240553685,0.8464181525162864,27050,93,2257,8435,29307,8528,LIGHTGBM,LGBM_11,313
0.66,0.9377824765428836,0.9892044121098333,0.7884399551066218,0.9966105441550308,0.8925252496308262,0.8774851670656814,0.8217976213686878,0.003389455844969237,0.21156004489337824,0.8461650700976485,27051,92,2262,8430,29313,8522,LIGHTGBM,LGBM_11,313
0.665,0.9377560459891635,0.9893179950698439,0.7882528993640104,0.9966473860663891,0.8924501427151998,0.877413981573057,0.8216507107064167,0.0033526139336108756,0.21174710063598953,0.8461088151852788,27052,91,2264,8428,29316,8519,LIGHTGBM,LGBM_11,313
0.67,0.9376767543280031,0.9896592244418332,0.7876917321361766,0.9967579118004642,0.8922248219683204,0.8772002916362879,0.821209875580171,0.0032420881995357917,0.21230826786382342,0.845940228380274,27055,88,2270,8422,29325,8510,LIGHTGBM,LGBM_11,313
0.675,0.9375974626668429,0.9900011763321962,0.7871305649083427,0.9968684375345392,0.891999501221441,0.8769864012921377,0.8207688856814058,0.0031315624654607082,0.21286943509165732,0.8457719088687911,27058,85,2276,8416,29334,8501,LIGHTGBM,LGBM_11,313
0.68,0.9375974626668429,0.9904627340162486,0.7867564534231201,0.9970158051799728,0.8918861293015464,0.8769351055512119,0.820506818048809,0.002984194820027263,0.2132435465768799,0.8458101015700682,27062,81,2280,8412,29342,8493,LIGHTGBM,LGBM_11,313
0.685,0.9374917404519625,0.9905738187816661,0.7862888140665918,0.9970526470913311,0.8916707305789615,0.8766880442150269,0.8201151107209051,0.0029473529086689017,0.21371118593340815,0.8455575190953951,27063,80,2285,8407,29348,8487,LIGHTGBM,LGBM_11,313
0.69,0.9374388793445223,0.9906872568666745,0.7860082304526749,0.9970894890026895,0.8915488597276822,0.8765580182529334,0.8198864412401711,0.0029105109973105404,0.2139917695473251,0.8454360737699974,27064,79,2288,8404,29352,8483,LIGHTGBM,LGBM_11,313
0.695,0.9372802960222016,0.9906806653297157,0.785447063224841,0.9970894890026895,0.8912682761137652,0.8762063748761021,0.8193970143428627,0.0029105109973105404,0.214552936775159,0.8450428009764018,27064,79,2294,8398,29358,8477,LIGHTGBM,LGBM_11,313
0.7,0.9371217126998811,0.9909058698476438,0.7846988402543958,0.9971631728254062,0.890931006539901,0.8758285923064878,0.8187762271884456,0.002836827174593818,0.21530115974560418,0.8446689816781674,27066,77,2302,8390,29368,8467,LIGHTGBM,LGBM_11,313
0.705,0.9369631293775604,0.9910154864641211,0.7840441451552562,0.9972000147367646,0.8906220799460104,0.875463422275599,0.8182208600933102,0.0027999852632354565,0.21595585484474372,0.8442855181772406,27067,76,2309,8383,29376,8459,LIGHTGBM,LGBM_11,313
0.71,0.9369366988238403,0.9917120530428605,0.7833894500561167,0.9974210662049147,0.8904052581305157,0.8753265753997282,0.8177451478111454,0.002578933795085289,0.2166105499438833,0.8442792377152895,27073,70,2316,8376,29389,8446,LIGHTGBM,LGBM_11,313
0.715,0.9368838377164002,0.9922930993597344,0.7827347549569772,0.9976052757617065,0.8901700153593419,0.8751437833315905,0.8172532322956135,0.0023947242382934826,0.21726524504302283,0.8441982264019592,27078,65,2323,8369,29401,8434,LIGHTGBM,LGBM_11,313
0.72,0.9367781155015198,0.9926400759734093,0.7820800598578377,0.9977158014957817,0.8898979306768097,0.8748692195019879,0.8167291764338179,0.0022841985042183987,0.21791994014216237,0.843966580332705,27081,62,2330,8362,29411,8424,LIGHTGBM,LGBM_11,313
0.725,0.9366723932866393,0.9926365795724466,0.7817059483726151,0.9977158014957817,0.8897108749341984,0.8746337379656759,0.8164022817847933,0.0022841985042183987,0.21829405162738497,0.8437046582780123,27081,62,2334,8358,29415,8420,LIGHTGBM,LGBM_11,313
0.73,0.9366988238403594,0.9928715694427943,0.7816124205013094,0.9977894853184983,0.8897009529099038,0.8746663875660684,0.8163524470059588,0.0022105146815016765,0.21838757949869061,0.8437904901328608,27083,60,2335,8357,29418,8417,LIGHTGBM,LGBM_11,313
0.735,0.936566671071759,0.9929845422116528,0.7810512532734755,0.9978263272298566,0.8894387902516661,0.8743587058946708,0.8158779162921568,0.002173672770143315,0.2189487467265245,0.8434733548347975,27084,59,2341,8351,29425,8410,LIGHTGBM,LGBM_11,313
0.74,0.936328796088278,0.9932118613790639,0.7800224466891134,0.9979000110525734,0.8889612288708434,0.8738016658808738,0.8150102609205512,0.0020999889474265926,0.21997755331088664,0.8429047099463872,27086,57,2352,8340,29438,8397,LIGHTGBM,LGBM_11,313
0.745,0.9362759349808378,0.9934453581217971,0.7796483352038908,0.9979736948752901,0.8888110150395905,0.8736571817848348,0.8147149084227604,0.00202630512470987,0.22035166479610924,0.8427944926560835,27088,55,2356,8336,29444,8391,LIGHTGBM,LGBM_11,313
0.75,0.9361966433196776,0.9936784351145038,0.7791806958473625,0.9980473786980069,0.8886140372726847,0.8734535542042358,0.8143376603065374,0.0019526213019931474,0.22081930415263748,0.8426189467214276,27090,53,2361,8331,29451,8384,LIGHTGBM,LGBM_11,313
0.755,0.9360116294436368,0.9940269979691793,0.7782454171343061,0.998157904432082,0.888201660783194,0.8730000524576405,0.8135669449930581,0.0018420955679180637,0.22175458286569397,0.8421922859670012,27093,50,2371,8321,29464,8371,LIGHTGBM,LGBM_11,313
0.76,0.9359323377824765,0.994261119081779,0.7777777777777778,0.9982315882547986,0.8880046830162882,0.8727959697732998,0.8131893921614645,0.001768411745201341,0.2222222222222222,0.8420171032851909,27095,48,2376,8316,29471,8364,LIGHTGBM,LGBM_11,313
0.765,0.9358266155675962,0.9942583732057416,0.7774036662925552,0.9982315882547986,0.8878176272736769,0.8725593113583876,0.8128618369582225,0.001768411745201341,0.22259633370744483,0.8417553656220992,27095,48,2380,8312,29475,8360,LIGHTGBM,LGBM_11,313
0.77,0.9358001850138761,0.9946127139949719,0.7770295548073326,0.9983421139888737,0.8876858343981031,0.8724599632449462,0.8125819134993447,0.0016578860111262572,0.22297044519266743,0.8417218772300276,27098,45,2384,8308,29482,8353,LIGHTGBM,LGBM_11,313
0.775,0.9357473239064359,0.994729907773386,0.7767489711934157,0.9983789559002321,0.8875639635468239,0.8723281340265743,0.8123520550893049,0.0016210440997678959,0.22325102880658437,0.8416017340416782,27099,44,2387,8305,29486,8349,LIGHTGBM,LGBM_11,313
0.78,0.9356944627989956,0.9948472139005392,0.7764683875794987,0.9984157978115905,0.8874420926955446,0.8721962494090455,0.8121221607027568,0.0015842021884095348,0.22353161242050132,0.8414816291135252,27100,43,2390,8302,29490,8345,LIGHTGBM,LGBM_11,313
0.785,0.9355623100303951,0.9950815738963532,0.7758136924803591,0.9984894816343072,0.8871515870573332,0.8718730292200967,0.8115803068252975,0.0015105183656928122,0.22418630751964086,0.8411761257491224,27102,41,2397,8295,29499,8336,LIGHTGBM,LGBM_11,313
0.79,0.9354301572617947,0.9953164404947761,0.7751589973812196,0.998563165457024,0.8868610814191218,0.8715495031284506,0.8110382620608669,0.0014368345429760896,0.2248410026187804,0.8408707890642728,27104,39,2404,8288,29508,8327,LIGHTGBM,LGBM_11,313
0.795,0.9354565878155148,0.9956741167988464,0.7749719416386083,0.9986736911910989,0.8868228164148536,0.8715683180814138,0.810921902524956,0.0013263088089010059,0.2250280583613917,0.8409689129397377,27107,36,2406,8286,29513,8322,LIGHTGBM,LGBM_11,313
0.8,0.9353244350469142,0.9959100204498977,0.7743172465394688,0.9987473750138157,0.8865323107766423,0.8712444093659564,0.8103795931951213,0.0012526249861842832,0.22568275346053124,0.8406639400147866,27109,34,2413,8279,29522,8313,LIGHTGBM,LGBM_11,313
0.805,0.9352980044931941,0.996028880866426,0.7741301907968574,0.998784216925174,0.8864572038610157,0.8711714556362489,0.8102314107835077,0.001215783074825922,0.22586980920314254,0.8406095822861178,27110,33,2415,8277,29525,8310,LIGHTGBM,LGBM_11,313
0.81,0.9350865600634334,0.9960250542038063,0.7733819678264122,0.998784216925174,0.8860830923757932,0.870696009266084,0.8095750930095946,0.001215783074825922,0.22661803217358772,0.8400865467956902,27110,33,2423,8269,29533,8302,LIGHTGBM,LGBM_11,313
0.815,0.9348222545262324,0.9961399276236429,0.7723531612420501,0.9988210588365325,0.8855871100392914,0.8700874512696238,0.8086881585647696,0.0011789411634675606,0.22764683875794986,0.839443825216861,27111,32,2434,8258,29545,8290,LIGHTGBM,LGBM_11,313
0.82,0.9346372406501916,0.9962564907619853,0.7716049382716049,0.9988579007478908,0.8852314195097479,0.8696568808306541,0.808047170365727,0.0011420992521091993,0.22839506172839505,0.8389973096926368,27112,31,2442,8250,29554,8281,LIGHTGBM,LGBM_11,313
0.825,0.9343993656667107,0.9966126300508106,0.7704826038159371,0.9989684264819659,0.8847255151489515,0.8690790167739213,0.8071089861660855,0.0010315735180341156,0.22951739618406286,0.8384426554808431,27115,28,2454,8238,29569,8266,LIGHTGBM,LGBM_11,313
0.83,0.9341350601295098,0.996969696969697,0.7692667414889637,0.9990789522160409,0.8841728468525023,0.868440502586844,0.8060880473558351,0.0009210477839590318,0.2307332585110363,0.8378230393118071,27118,25,2467,8225,29585,8250,LIGHTGBM,LGBM_11,313
0.835,0.9341086295757897,0.9974517655624318,0.7687991021324355,0.9992263198614744,0.8840127109969549,0.8683251465694819,0.8057401635005589,0.0007736801385255867,0.23120089786756454,0.8378035614732635,27122,21,2472,8220,29594,8241,LIGHTGBM,LGBM_11,313
0.84,0.9339764768071891,0.9975710468787953,0.7682379349046016,0.9992631617728328,0.8837505483387171,0.8680122582690478,0.8052625387239715,0.0007368382271672254,0.23176206509539843,0.8374883613218551,27123,20,2478,8214,29601,8234,LIGHTGBM,LGBM_11,313
0.845,0.9339236156997489,0.9976913730255164,0.7679573512906847,0.9993000036841911,0.8836286774874379,0.8678786597611247,0.805031569865485,0.0006999963158088641,0.23204264870931537,0.8373692495175328,27124,19,2481,8211,29605,8230,LIGHTGBM,LGBM_11,313
0.85,0.9338443240385886,0.9976905311778291,0.7676767676767676,0.9993000036841911,0.8834883856804794,0.8676991384322639,0.8047847828218452,0.0006999963158088641,0.23232323232323232,0.8371732149738329,27124,19,2484,8208,29608,8227,LIGHTGBM,LGBM_11,313
0.855,0.9337386018237082,0.9976894077587255,0.767302656191545,0.9993000036841911,0.883301329937868,0.8674596880782447,0.8044556882587123,0.0006999963158088641,0.23269734380845492,0.8369118259698006,27124,19,2488,8204,29612,8223,LIGHTGBM,LGBM_11,313
0.86,0.9335271573939474,0.9981722919458998,0.7661803217358772,0.9994473713296246,0.8828138465327509,0.8669241758823218,0.8035311427170182,0.0005526286703754191,0.2338196782641227,0.8364358668634457,27128,15,2500,8192,29628,8207,LIGHTGBM,LGBM_11,313
0.865,0.9333157129641866,0.9981705085986096,0.7654320987654321,0.9994473713296246,0.8824397350475284,0.866444338573924,0.8028724468773912,0.0005526286703754191,0.2345679012345679,0.8359131675814181,27128,15,2508,8184,29636,8199,LIGHTGBM,LGBM_11,313
0.87,0.9332628518567464,0.9982916412446614,0.7651515151515151,0.9994842132409829,0.882317864196249,0.8663101604278075,0.8026411318015029,0.0005157867590170578,0.23484848484848486,0.8357943034757155,27129,14,2511,8181,29640,8195,LIGHTGBM,LGBM_11,313
0.875,0.9332364213030263,0.9984130859375,0.7649644594089039,0.9995210551523414,0.8822427572806226,0.8662359669561535,0.8024921507064365,0.0004789448476586965,0.23503554059109616,0.8357408113680471,27130,13,2513,8179,29643,8192,LIGHTGBM,LGBM_11,313
0.88,0.9331835601955861,0.9986562423650135,0.7645903479236813,0.999594738975058,0.8820925434493696,0.8660875092700497,0.8021941358872708,0.00040526102494197396,0.23540965207631875,0.8356339216024845,27132,11,2517,8175,29649,8186,LIGHTGBM,LGBM_11,313
0.885,0.9331042685344259,0.9986557497250397,0.7643097643097643,0.999594738975058,0.8819522516424112,0.8659072847682119,0.8019469686561597,0.00040526102494197396,0.2356902356902357,0.8354379461361142,27132,11,2520,8172,29652,8183,LIGHTGBM,LGBM_11,313
0.89,0.932892824104665,0.998776459072556,0.7634680134680135,0.9996315808864163,0.8815497971772149,0.8654121388815266,0.8012210203961446,0.0003684191135836127,0.23653198653198654,0.834927289866879,27133,10,2529,8163,29662,8173,LIGHTGBM,LGBM_11,313
0.895,0.9327606713360644,0.9987757100881489,0.7630003741114852,0.9996315808864163,0.8813159774989507,0.8651113467656415,0.8008088581749647,0.0003684191135836127,0.23699962588851478,0.8346006463482348,27133,10,2534,8158,29667,8168,LIGHTGBM,LGBM_11,313
0.9,0.9325756574600238,0.9988969236426033,0.7622521511410401,0.9996684227977748,0.8809602869694074,0.8646756140257812,0.8001649419757693,0.00033157720222525146,0.23774784885895997,0.8341553729043564,27134,9,2542,8150,29676,8159,LIGHTGBM,LGBM_11,313
0.905,0.9324963657988635,0.9988965179009318,0.761971567527123,0.9996684227977748,0.8808199951624489,0.8644949066213922,0.7999175241536407,0.00033157720222525146,0.23802843247287692,0.8339593780560317,27134,9,2545,8147,29679,8156,LIGHTGBM,LGBM_11,313
0.91,0.932390643583983,0.9988959764474975,0.7615974560419004,0.9996684227977748,0.8806329394198376,0.8642538739121205,0.7995875883739197,0.00033157720222525146,0.2384025439580995,0.83369804157122,27134,9,2549,8143,29683,8152,LIGHTGBM,LGBM_11,313
0.915,0.9322584908153826,0.9990178023327194,0.7610362888140666,0.9997052647091331,0.8803707767615998,0.863937994372777,0.7991082827568597,0.00029473529086689016,0.2389637111859334,0.8333834936319416,27135,8,2555,8137,29690,8145,LIGHTGBM,LGBM_11,313
0.92,0.9322056297079424,0.999140154772141,0.7607557052001497,0.9997421066204915,0.8802489059103206,0.863802899166357,0.7988764265650474,0.0002578933795085289,0.23924429479985035,0.8332649949561797,27136,7,2558,8134,29694,8141,LIGHTGBM,LGBM_11,313
0.925,0.9319941852781816,0.9991393089880732,0.7600074822297045,0.9997421066204915,0.879874794425098,0.8633200531208498,0.7982161450659123,0.0002578933795085289,0.23999251777029554,0.8327423257649612,27136,7,2566,8126,29702,8133,LIGHTGBM,LGBM_11,313
0.93,0.9318620325095811,0.9992616293379276,0.7594463150018705,0.9997789485318498,0.8796126317668602,0.8630035072802635,0.7977364718827366,0.00022105146815016763,0.24055368499812943,0.8324278917929568,27137,6,2572,8120,29709,8126,LIGHTGBM,LGBM_11,313
0.935,0.931835601955861,0.999384463868029,0.7592592592592593,0.9998157904432082,0.8795375248512338,0.8629285144831251,0.7975869996659528,0.00018420955679180636,0.24074074074074073,0.8323748416101433,27138,5,2574,8118,29712,8123,LIGHTGBM,LGBM_11,313
0.94,0.9314391436500594,0.9993833251110015,0.7578563411896745,0.9998157904432082,0.8788360658164414,0.8620212765957447,0.7963479833320228,0.00018420955679180636,0.24214365881032548,0.8313947932286202,27138,5,2589,8103,29727,8108,LIGHTGBM,LGBM_11,313
0.945,0.9312012686665786,0.999382639832078,0.7570145903479237,0.9998157904432082,0.8784151903955659,0.8614762386248737,0.795604222777046,0.00018420955679180636,0.24298540965207632,0.8308066844887559,27138,5,2598,8094,29736,8099,LIGHTGBM,LGBM_11,313
0.95,0.9311484075591384,0.9995058678196418,0.7567340067340067,0.9998526323545666,0.8782933195442866,0.8613402884973652,0.795371881328274,0.00014736764543344508,0.24326599326599327,0.830688421976853,27139,4,2601,8091,29740,8095,LIGHTGBM,LGBM_11,313
0.05,0.723139949781948,0.505197106864013,0.9864384586606809,0.619423055668128,0.8029307571644044,0.6681871456175362,0.8285804069447718,0.38057694433187195,0.013561541339319118,0.5485426538878422,16813,10330,145,10547,16958,20877,LIGHTGBM,LGBM_11,997
0.055,0.732628518567464,0.514088641033167,0.9828843995510662,0.6340492944773974,0.8084668470142318,0.675081904027751,0.8312766967252017,0.3659507055226025,0.01711560044893378,0.557375593700345,17210,9933,183,10509,17393,20442,LIGHTGBM,LGBM_11,997
0.06,0.7421435179067002,0.5233883058470764,0.9795173961840629,0.6486386913753085,0.8140780437796857,0.6822356849716632,0.8341297906910062,0.35136130862469145,0.02048260381593715,0.5666144655240614,17606,9537,219,10473,17825,20010,LIGHTGBM,LGBM_11,997
0.065,0.7514999339236157,0.5329014486839421,0.9770856715301159,0.6626386176914858,0.8198621446108009,0.6896620015843675,0.8374751491053679,0.33736138230851415,0.022914328469884025,0.5764659319100567,17986,9157,245,10447,18231,19604,LIGHTGBM,LGBM_11,997
0.07,0.7597198361305669,0.5416471567556319,0.9737186681631126,0.6754227609328372,0.8245707145479748,0.6960853140774914,0.8397457613447546,0.3245772390671628,0.02628133183688739,0.5846418252349543,18333,8810,281,10411,18614,19221,LIGHTGBM,LGBM_11,997
0.075,0.7676754328003171,0.5504348748408995,0.9707257762813318,0.6876911174151715,0.8292084468482517,0.7025179369162041,0.8421231987537323,0.3123088825848285,0.02927422371866816,0.592922479697098,18666,8477,313,10379,18979,18856,LIGHTGBM,LGBM_11,997
0.08,0.7764239460816704,0.5605247465712582,0.9670781893004116,0.7013226246177652,0.8342004069590884,0.7097017742544355,0.844564240790656,0.2986773753822348,0.03292181069958848,0.6020963425022581,19036,8107,352,10340,19388,18447,LIGHTGBM,LGBM_11,997
0.085,0.7848288621646623,0.5706296029680492,0.9638047138047138,0.7143278193272667,0.8390662665659903,0.7168446314910786,0.8470744899468986,0.2856721806727333,0.0361952861952862,0.6113035286102655,19389,7754,387,10305,19776,18059,LIGHTGBM,LGBM_11,997
0.09,0.7930487643716135,0.581039755351682,0.9595959595959596,0.7274435397708433,0.8435197496834015,0.7238095238095239,0.8489722966934765,0.2725564602291567,0.04040404040404041,0.6200704732524741,19745,7398,432,10260,20177,17658,LIGHTGBM,LGBM_11,997
0.095,0.8007136249504427,0.5911404117510988,0.956041900486345,0.7395276866963858,0.8477847935913654,0.7305603201829618,0.850982350982351,0.2604723133036142,0.04395809951365507,0.6287014134049458,20073,7070,470,10222,20543,17292,LIGHTGBM,LGBM_11,997
0.1,0.8080877494383507,0.6013349872998995,0.9521137298915077,0.7513539402424197,0.8517338350669637,0.7371203070127802,0.8526391610968727,0.24864605975758022,0.04788627010849233,0.6370175770231057,20394,6749,512,10180,20906,16929,LIGHTGBM,LGBM_11,997
0.105,0.8146425267609356,0.6109937850721052,0.9470632248410026,0.7624801974726448,0.8547717111568237,0.742783788740143,0.8532043612342225,0.2375198025273551,0.05293677515899738,0.6439242112432723,20696,6447,566,10126,21262,16573,LIGHTGBM,LGBM_11,997
0.11,0.8221752345711643,0.6223305764720405,0.9430415263748597,0.7745643443981873,0.8588029353865235,0.7498326764334051,0.8549262336781415,0.2254356556018126,0.05695847362514029,0.6529827256450192,21024,6119,609,10083,21633,16202,LIGHTGBM,LGBM_11,997
0.115,0.8290471785383904,0.6330812854442344,0.9396745230078564,0.7854695501602623,0.8625720365840593,0.7564942398915745,0.856697022408677,0.21453044983973768,0.06032547699214366,0.6616504815385946,21320,5823,645,10047,21965,15870,LIGHTGBM,LGBM_11,997
0.12,0.8356283864146954,0.6442065897220969,0.93443696221474,0.7967063331245625,0.8655716476696513,0.7626426472272051,0.8571992381213858,0.20329366687543748,0.06556303778526001,0.669365835295556,21625,5518,701,9991,22326,15509,LIGHTGBM,LGBM_11,997
0.125,0.8425796220430818,0.6561181434599156,0.9307893752338197,0.8078325903547876,0.8693109827943036,0.7696829079659706,0.8588787627727148,0.1921674096452124,0.06921062476618033,0.6786087183582236,21927,5216,740,9952,22667,15168,LIGHTGBM,LGBM_11,997
0.13,0.8491608299193868,0.668355285376562,0.9254582865693977,0.8191062152304461,0.872282250899922,0.7761697454602502,0.8593437896236082,0.18089378476955384,0.07454171343060231,0.6869253604483149,22233,4910,797,9895,23030,14805,LIGHTGBM,LGBM_11,997
0.135,0.8549491211840888,0.6798203178991016,0.92003367003367,0.8293114246767123,0.8746725473551911,0.7818933312137349,0.8593067542541668,0.17068857532328777,0.07996632996632996,0.6942615424800641,22510,4633,855,9837,23365,14470,LIGHTGBM,LGBM_11,997
0.14,0.8608167041099511,0.6916231106088431,0.9158249158249159,0.8391482150093947,0.8774865654171553,0.7880885311871229,0.8600639426624037,0.16085178499060532,0.08417508417508418,0.7024664755999861,22777,4366,900,9792,23677,14158,LIGHTGBM,LGBM_11,997
0.145,0.8659706620853707,0.7025877603978952,0.9116161616161617,0.8479902737354014,0.8798032176757815,0.7935680846733156,0.860419131018167,0.1520097262645986,0.08838383838383838,0.7097416776485929,23017,4126,945,9747,23962,13873,LIGHTGBM,LGBM_11,997
0.15,0.8709131756310294,0.713466627462511,0.90778151889263,0.8563902295251078,0.8820858742088689,0.7989792558445835,0.8608883843042644,0.14360977047489223,0.09221848110736999,0.7170185569336559,23245,3898,986,9706,24231,13604,LIGHTGBM,LGBM_11,997
0.155,0.875247786441126,0.7237374494230481,0.9033857089412645,0.864163872821722,0.8837747908814932,0.8036442299692155,0.8606586591581422,0.135836127178278,0.09661429105873551,0.7232754961818676,23456,3687,1033,9659,24489,13346,LIGHTGBM,LGBM_11,997
0.16,0.8802960222016651,0.7357148320966879,0.8995510662177328,0.8727111962568618,0.8861311312372973,0.8094256259204713,0.8611951791694274,0.1272888037431382,0.10044893378226712,0.7312110085904986,23688,3455,1074,9618,24762,13073,LIGHTGBM,LGBM_11,997
0.165,0.8852121051936038,0.7478335545319698,0.8959034792368126,0.8810006263124931,0.8884520527746529,0.815199353219012,0.8617773539413786,0.1189993736875069,0.10409652076318743,0.7392179123335055,23913,3230,1113,9579,25026,12809,LIGHTGBM,LGBM_11,997
0.17,0.8890973965904586,0.758392999204455,0.8916011971567527,0.8881111152046568,0.8898561561807048,0.8196199810850314,0.8613430192634356,0.11188888479534319,0.1083988028432473,0.7453590010624049,24106,3037,1159,9533,25265,12570,LIGHTGBM,LGBM_11,997
0.175,0.8924276463591913,0.767577177953774,0.888327721661055,0.894042662933353,0.891185192297204,0.8235498135784272,0.8612310035907293,0.10595733706664702,0.11167227833894501,0.7508929323958166,24267,2876,1194,9498,25461,12374,LIGHTGBM,LGBM_11,997
0.18,0.8953085767146822,0.7766543362104398,0.8836513280957725,0.8999005268393324,0.8917759274675525,0.8267051669072931,0.8599566744943841,0.10009947316066757,0.11634867190422746,0.7553655090264365,24426,2717,1244,9448,25670,12165,LIGHTGBM,LGBM_11,997
0.185,0.8979516320866923,0.7847436431846603,0.8803778526000748,0.9048741848727112,0.892626018736393,0.8298144311720369,0.8594306374742071,0.09512581512728881,0.11962214739992517,0.7598381406395229,24561,2582,1279,9413,25840,11995,LIGHTGBM,LGBM_11,997
0.19,0.9008325624421831,0.7933716604666892,0.877665544332211,0.9099583686401651,0.893811956486188,0.833392539964476,0.8594036193127702,0.09004163135983495,0.122334455667789,0.7650265454187664,24699,2444,1308,9384,26007,11828,LIGHTGBM,LGBM_11,997
0.195,0.9032641733844324,0.8014920253815812,0.874205013093902,0.9147109752053937,0.8944579941496478,0.8362709134830455,0.8586257578541245,0.08528902479460634,0.12579498690609803,0.7692648432867076,24828,2315,1345,9347,26173,11662,LIGHTGBM,LGBM_11,997
0.2,0.9055636315580812,0.8092259577795152,0.8712121212121212,0.9190951626570386,0.8951536419345799,0.8390758005674909,0.8580666556126678,0.08090483734296135,0.12878787878787878,0.7734316053137777,24947,2196,1377,9315,26324,11511,LIGHTGBM,LGBM_11,997
0.205,0.9075723536408088,0.8160414653430554,0.8687803965581743,0.9228530376155915,0.8958167170868829,0.8415855039637599,0.857694225406733,0.0771469623844085,0.13121960344182568,0.7771858797376962,25049,2094,1403,9289,26452,11383,LIGHTGBM,LGBM_11,997
0.21,0.9093167701863354,0.8222814025743453,0.8663486719042275,0.9262424934605608,0.8962955826823942,0.8437400373457211,0.8571613643514149,0.07375750653943927,0.13365132809577254,0.7804520942050335,25141,2002,1429,9263,26570,11265,LIGHTGBM,LGBM_11,997
0.215,0.9112726311616228,0.8287763334827432,0.8646651702207258,0.92963194930553,0.8971485597631279,0.8463404586442075,0.8572408805148081,0.07036805069447002,0.13533482977927422,0.7843568361865364,25233,1910,1447,9245,26680,11155,LIGHTGBM,LGBM_11,997
0.22,0.9131227699220299,0.8352802680431042,0.8627010849233071,0.9329845632391408,0.897842824081224,0.8487692661605705,0.8570738324877814,0.06701543676085915,0.13729891507669287,0.7880500841947384,25324,1819,1468,9224,26792,11043,LIGHTGBM,LGBM_11,997
0.225,0.9146293114840756,0.8412916209293816,0.8601758323980546,0.9360792837932432,0.8981275580956489,0.85062893081761,0.8563314711359403,0.06392071620675681,0.13982416760194538,0.790970828781905,25408,1735,1495,9197,26903,10932,LIGHTGBM,LGBM_11,997
0.23,0.9162151447072816,0.8470837947582134,0.8584923307145529,0.9389529528791953,0.8987226417968741,0.8527499070977331,0.8561861055145137,0.06104704712080463,0.14150766928544706,0.7942385352846465,25486,1657,1513,9179,26999,10836,LIGHTGBM,LGBM_11,997
0.235,0.9176952557156073,0.852924739195231,0.8564347175458287,0.9418266219651475,0.8991306697554882,0.8546761246966587,0.8557304126794258,0.058173378034852445,0.14356528245417136,0.797270345918066,25564,1579,1535,9157,27099,10736,LIGHTGBM,LGBM_11,997
0.24,0.9192810889388132,0.8589960518894529,0.8546576879910214,0.9447371329624581,0.8996974104767397,0.8568213783403658,0.855521851477362,0.05526286703754191,0.14534231200897868,0.8006251621187633,25643,1500,1554,9138,27197,10638,LIGHTGBM,LGBM_11,997
0.245,0.9205761860710981,0.864554680830883,0.8525065469509914,0.9473897505802601,0.8999481487656258,0.8584883447139157,0.8548892348671007,0.05261024941973989,0.1474934530490086,0.8033268824735971,25715,1428,1577,9115,27292,10543,LIGHTGBM,LGBM_11,997
0.25,0.9219505748645435,0.8701808093370325,0.8507295173961841,0.9500055262867038,0.900367521841444,0.8603452352802081,0.8545498957178558,0.049994473713296246,0.14927048260381592,0.8062953880738352,25786,1357,1596,9096,27382,10453,LIGHTGBM,LGBM_11,997
0.255,0.9224791859389454,0.873567645642754,0.8484848484848485,0.9516265703864717,0.90005570943566,0.8608435735636002,0.8533855097548587,0.04837342961352835,0.15151515151515152,0.8072990512451115,25830,1313,1620,9072,27450,10385,LIGHTGBM,LGBM_11,997
0.26,0.9236421303026299,0.8782355792535143,0.847268986157875,0.9537265593338983,0.9004977727458867,0.8624744132908079,0.853286362865701,0.046273440666101756,0.15273101384212495,0.8098967726220823,25887,1256,1633,9059,27520,10315,LIGHTGBM,LGBM_11,997
0.265,0.9252279635258359,0.8845739998043627,0.8457725402169847,0.9565265445971337,0.9011495424070592,0.8647382261534783,0.8532581004321488,0.043473455402866304,0.15422745978301533,0.8134981739808425,25963,1180,1649,9043,27612,10223,LIGHTGBM,LGBM_11,997
0.27,0.9263380467820801,0.8898313443140349,0.843808454919566,0.9588475850127105,0.9013280199661382,0.8662090154097258,0.8526281966469466,0.04115241498728954,0.15619154508043398,0.8159842754093294,26026,1117,1670,9022,27696,10139,LIGHTGBM,LGBM_11,997
0.275,0.9273424078234439,0.8944284437382064,0.8423120089786756,0.960837048226062,0.9015745286023689,0.8675882664611532,0.8522436928667413,0.03916295177393803,0.15768799102132436,0.8182852487106202,26080,1063,1686,9006,27766,10069,LIGHTGBM,LGBM_11,997
0.28,0.9283203383110876,0.8986810551558753,0.8411896745230079,0.9626423018826217,0.9019159882028147,0.8689855072463768,0.8520918599363346,0.03735769811737833,0.15881032547699214,0.8205722660333556,26129,1014,1698,8994,27827,10008,LIGHTGBM,LGBM_11,997
0.285,0.9291396854764107,0.9028462234738006,0.8395997007108118,0.964410713627823,0.9020052071693174,0.8700751150957111,0.8515300411678777,0.03558928637217699,0.16040029928918817,0.8224727627035607,26177,966,1715,8977,27892,9943,LIGHTGBM,LGBM_11,997
0.29,0.9296682965508127,0.9054831869130566,0.8386644219977554,0.9655159709685739,0.9020901964831647,0.8707938820101967,0.8512274306544398,0.03448402903142615,0.16133557800224466,0.8237159440434733,26207,936,1725,8967,27932,9903,LIGHTGBM,LGBM_11,997
0.295,0.9301440465177745,0.9081229084271372,0.8375420875420876,0.9666212283093247,0.9020816579257062,0.8714056342139834,0.8507666875676908,0.03337877169067531,0.16245791245791247,0.8248308414371682,26237,906,1737,8955,27974,9861,LIGHTGBM,LGBM_11,997
0.3,0.9305933659310163,0.9107761254838053,0.8363262252151141,0.9677264856500756,0.9020263554325949,0.8719648951730863,0.850226295972312,0.032273514349924474,0.1636737747848859,0.8258869236602439,26267,876,1750,8942,28017,9818,LIGHTGBM,LGBM_11,997
0.305,0.9312541297740188,0.9141160814822398,0.8352038907594463,0.9690896363703349,0.9021467635648905,0.8728801133864426,0.849877229381198,0.030910363629665108,0.16479610924055368,0.8274802875784585,26304,839,1762,8930,28066,9769,LIGHTGBM,LGBM_11,997
0.31,0.9316241575261002,0.916623830574689,0.8338945005611672,0.970121209888369,0.9020078552247681,0.8733042754297469,0.8492237355938661,0.02987879011163099,0.16610549943883277,0.8283588241430763,26332,811,1776,8916,28108,9727,LIGHTGBM,LGBM_11,997
0.315,0.9318091714021409,0.9187487094775966,0.8323045267489712,0.9710054157609697,0.9016549712549704,0.8733928746687604,0.8482670530369466,0.02899458423903032,0.16769547325102882,0.8287772530377957,26356,787,1793,8899,28149,9686,LIGHTGBM,LGBM_11,997
0.32,0.9321263380467821,0.9211945250933222,0.8309016086793864,0.9720001473676454,0.901450878023516,0.8737214791502753,0.847515836068076,0.027999852632354567,0.16909839132061355,0.8295392974623854,26383,760,1808,8884,28191,9644,LIGHTGBM,LGBM_11,997
0.325,0.9325227963525836,0.9237738206810372,0.829685746352413,0.9730317208856796,0.9013587336190463,0.8742054693274205,0.8469381909835596,0.02696827911432045,0.17031425364758698,0.8305137454713751,26411,732,1821,8871,28232,9603,LIGHTGBM,LGBM_11,997
0.33,0.9328135324435047,0.9261660740430873,0.8282828282828283,0.973989610580997,0.9011362194319126,0.874493927125506,0.8461685457672464,0.026010389419003056,0.1717171717171717,0.8312275996819318,26437,706,1836,8856,28273,9562,LIGHTGBM,LGBM_11,997
0.335,0.9330249768732655,0.9278372141808265,0.8273475495697717,0.9746527649854474,0.9010001572776096,0.8747157124493227,0.845665557722458,0.025347235014552556,0.1726524504302282,0.8317531849398678,26455,688,1846,8846,28301,9534,LIGHTGBM,LGBM_11,997
0.34,0.9331835601955861,0.928781512605042,0.8269734380845492,0.975021184099031,0.9009973110917902,0.8749257866613893,0.8455094859241126,0.024978815900968943,0.1730265619154508,0.8321528354585633,26465,678,1850,8842,28315,9520,LIGHTGBM,LGBM_11,997
0.345,0.9333685740716268,0.9307327358987876,0.8256640478862701,0.9757948642375567,0.9007294560619135,0.8750557565544927,0.8447361873959391,0.024205135762443354,0.1743359521137299,0.8326154429845023,26486,657,1864,8828,28350,9485,LIGHTGBM,LGBM_11,997
0.35,0.933685740716268,0.9328255580239078,0.8247287691732136,0.9766053862874406,0.9006670777303272,0.8754529659965252,0.8442963558721586,0.02339461371255941,0.1752712308267864,0.833423468693165,26508,635,1874,8818,28382,9453,LIGHTGBM,LGBM_11,997
0.355,0.93421435179067,0.935357180766373,0.8241676019453797,0.9775632759827579,0.9008654389640689,0.8762491920648336,0.8442392074958325,0.022436724017242015,0.17583239805462028,0.8347805445227426,26534,609,1880,8812,28414,9421,LIGHTGBM,LGBM_11,997
0.36,0.9345050878815911,0.937007874015748,0.8236064347175458,0.9781895884758501,0.900898011596698,0.8766550522648082,0.8440363455124027,0.021810411524149875,0.17639356528245417,0.8355312292051407,26551,592,1886,8806,28437,9398,LIGHTGBM,LGBM_11,997
0.365,0.9346108100964715,0.9384336320956039,0.8225776281331837,0.9787422171462256,0.9006599226397046,0.8766945773524721,0.8434023782125049,0.021257782853774453,0.1774223718668163,0.8358104957521202,26566,577,1897,8795,28463,9372,LIGHTGBM,LGBM_11,997
0.37,0.9348486850799524,0.940087728683,0.8218294051627385,0.9793685296393176,0.9005989674010281,0.8769898697539797,0.8430394320253286,0.020631470360682313,0.1781705948372615,0.836432921166085,26583,560,1905,8787,28488,9347,LIGHTGBM,LGBM_11,997
0.375,0.9350601295097132,0.9415549597855228,0.821174710063599,0.9799211583096931,0.900547934186646,0.8772543338162562,0.842723590501603,0.02007884169030689,0.17882528993640104,0.8369892139117338,26598,545,1912,8780,28510,9325,LIGHTGBM,LGBM_11,997
0.38,0.9351922822783137,0.943010752688172,0.8202394313505424,0.9804737869800685,0.9003566091653055,0.8773509403761504,0.8421679342398402,0.019526213019931474,0.17976056864945753,0.8373460648152604,26613,530,1922,8770,28535,9300,LIGHTGBM,LGBM_11,997
0.385,0.9356680322452755,0.9454153182308522,0.8196782641227086,0.9813579928526692,0.9005181284876889,0.8780683298266708,0.842076943771859,0.018642007147330802,0.18032173587729144,0.8385975532468143,26637,506,1928,8764,28565,9270,LIGHTGBM,LGBM_11,997
0.39,0.9359059072287564,0.9472032889754409,0.8188365132809577,0.9820211472571198,0.9004288302690387,0.8783546526210183,0.8416488819672763,0.0179788527428803,0.18116348671904228,0.8392377068657605,26655,488,1937,8755,28592,9243,LIGHTGBM,LGBM_11,997
0.395,0.9361173516585173,0.9489962018448183,0.8179012345679012,0.9826843016615702,0.9002927681147357,0.8785854222132918,0.8411403728141891,0.0173156983384298,0.18209876543209877,0.8398150507109613,26673,470,1947,8745,28620,9215,LIGHTGBM,LGBM_11,997
0.4,0.9363552266419981,0.9508053983456682,0.8170594837261503,0.9833474560660207,0.9002034698960855,0.8788732394366197,0.8407113711602123,0.016652543933979295,0.1829405162738496,0.840464117517797,26691,452,1956,8736,28647,9188,LIGHTGBM,LGBM_11,997
0.405,0.9364345183031585,0.9519031519249646,0.8163112607557051,0.9837527170909627,0.9000319889233339,0.8789084134736418,0.8402487629243123,0.01624728290903732,0.1836887392442948,0.8406952253553855,26702,441,1964,8728,28666,9169,LIGHTGBM,LGBM_11,997
0.41,0.936593101625479,0.9531198776090045,0.8157500935278713,0.984194820027263,0.8999724567775671,0.8791009423978229,0.8399622488876904,0.015805179972736987,0.1842499064721287,0.8411323670413023,26714,429,1970,8722,28684,9151,LIGHTGBM,LGBM_11,997
0.415,0.9366195321791991,0.9539185639229422,0.8150953984287318,0.9844895553181299,0.8997924768734309,0.8790599152713334,0.8395306720098643,0.015510444681870095,0.18490460157126823,0.8412238632689565,26722,421,1977,8715,28699,9136,LIGHTGBM,LGBM_11,997
0.42,0.9366988238403594,0.9548295143076417,0.8145342312008979,0.9848211325203552,0.8996776818606265,0.8791197698480795,0.8391952051494538,0.015178867479644843,0.18546576879910212,0.8414536835766185,26731,412,1983,8709,28714,9121,LIGHTGBM,LGBM_11,997
0.425,0.9369366988238403,0.9566747305915989,0.813692480359147,0.9854842869248056,0.8995883836419762,0.879409683614677,0.8387644132505495,0.014515713075194342,0.186307519640853,0.8421177786820198,26749,394,1992,8700,28741,9094,LIGHTGBM,LGBM_11,997
0.43,0.9370159904850006,0.9578970572026893,0.8128507295173962,0.985926389861106,0.8993885596892511,0.8794333417657475,0.8382361451360894,0.014073610138894006,0.18714927048260382,0.8423624870837536,26761,382,2001,8691,28762,9073,LIGHTGBM,LGBM_11,997
0.435,0.9371217126998811,0.9595356550580432,0.8117283950617284,0.9865158604428398,0.8991221277522841,0.8794649642802858,0.837531121533206,0.013484139557160225,0.1882716049382716,0.8426924097987373,26777,366,2013,8679,28790,9045,LIGHTGBM,LGBM_11,997
0.44,0.9373860182370821,0.9609037545686122,0.8114478114478114,0.9869948052904984,0.8992213083691549,0.8798742457279043,0.8375002413267179,0.013005194709501528,0.18855218855218855,0.84341399477911,26790,353,2016,8676,28806,9029,LIGHTGBM,LGBM_11,997
0.445,0.9375974626668429,0.9622683386971479,0.8109801720912833,0.9874737501381572,0.8992269611147202,0.8801705324062326,0.8373085613858902,0.012526249861842833,0.1890198279087168,0.8440042579036755,26803,340,2021,8671,28824,9011,LIGHTGBM,LGBM_11,997
0.45,0.9377031848817232,0.9633129516397999,0.8104190048634493,0.9878421692517407,0.899130587057595,0.880276324478082,0.8369878098255511,0.01215783074825922,0.1895809951365507,0.8443163377345437,26813,330,2027,8665,28840,8995,LIGHTGBM,LGBM_11,997
0.455,0.9378353376503238,0.9646757298863383,0.8096707818930041,0.9883211140993995,0.8989959479962017,0.8804027255161192,0.8365544431989487,0.011678885900600523,0.19032921810699588,0.8447110186451326,26826,317,2035,8657,28861,8974,LIGHTGBM,LGBM_11,997
0.46,0.9382053654024052,0.9664954210408756,0.8093901982790872,0.9889474265924916,0.8991688124357894,0.8809935864807086,0.8365879123003751,0.01105257340750838,0.19060980172091282,0.8457272764788148,26843,300,2038,8654,28881,8954,LIGHTGBM,LGBM_11,997
0.465,0.9383375181710056,0.9676625265749133,0.8088290310512533,0.9893526876174336,0.8990908593343434,0.8811452442814203,0.8362827579537762,0.010647312382566408,0.19117096894874672,0.846116964477751,26854,289,2044,8648,28898,8937,LIGHTGBM,LGBM_11,997
0.47,0.9384696709396062,0.968728984532616,0.808361391694725,0.9897211067310172,0.8990412492128711,0.8813092688895686,0.8360417875798027,0.010278893268982795,0.19163860830527496,0.8465029927601893,26864,279,2049,8643,28913,8922,LIGHTGBM,LGBM_11,997
0.475,0.9385753931544866,0.9699011680143755,0.8077066965955855,0.9901263677559592,0.8989165321757724,0.881404368238416,0.8356556742529803,0.00987363224404082,0.19229330340441453,0.8468297966617765,26875,268,2056,8636,28931,8904,LIGHTGBM,LGBM_11,997
0.48,0.9387868375842474,0.9710911136107987,0.8074261129816686,0.9905316287809012,0.8989788708812849,0.8817281176590746,0.8355917766851213,0.009468371219098846,0.19257388701833147,0.8474237541455089,26886,257,2059,8633,28945,8890,LIGHTGBM,LGBM_11,997
0.485,0.9388132681379675,0.971837332432128,0.8068649457538346,0.9907895221604097,0.8988272339571222,0.8817006489856405,0.8352212218026914,0.009210477839590317,0.19313505424616537,0.847531422377,26893,250,2065,8627,28958,8877,LIGHTGBM,LGBM_11,997
0.49,0.9388132681379675,0.9723694597947445,0.8063973063973064,0.9909737317172015,0.898685519057254,0.8816401656526408,0.8348988089474195,0.00902626828279851,0.1936026936026936,0.8475615480807743,26898,245,2070,8622,28968,8867,LIGHTGBM,LGBM_11,997
0.495,0.9388132681379675,0.9732233645915715,0.8056490834268613,0.9912684670080684,0.8984587752174649,0.8815432635726348,0.8343826885449158,0.008731532991931622,0.1943509165731388,0.8476107553701727,26906,237,2078,8614,28984,8851,LIGHTGBM,LGBM_11,997
0.5,0.9389189903528479,0.9744141288350504,0.8049943883277216,0.9916737280330103,0.898334058180366,0.8816389244558258,0.8339954652041627,0.008326271966989648,0.19500561167227834,0.8479451208967131,26917,226,2085,8607,29002,8833,LIGHTGBM,LGBM_11,997
0.505,0.9388925597991278,0.9754879709487063,0.8039655817433595,0.992042147146594,0.8980038644449768,0.8814602132895816,0.8332687088018611,0.007957852853406035,0.19603441825664047,0.8479442271033616,26927,216,2096,8596,29023,8812,LIGHTGBM,LGBM_11,997
0.51,0.9386546848156468,0.9755709578456994,0.803030303030303,0.9920789890579523,0.8975546460441277,0.88093161647771,0.8324768756423432,0.007921010942047673,0.19696969696969696,0.8473557494066648,26928,215,2106,8586,29034,8801,LIGHTGBM,LGBM_11,997
0.515,0.9385489626007665,0.9762094479225953,0.8020950243172466,0.9923000405261025,0.8971975324216745,0.8806284335369924,0.8317653676798635,0.007699959473897506,0.19790497568275345,0.8471317995752145,26934,209,2116,8576,29050,8785,LIGHTGBM,LGBM_11,997
0.52,0.9385489626007665,0.9767521367521368,0.8016273849607183,0.9924842500828943,0.8970558175218063,0.8805671135768224,0.8314417088644434,0.007515749917105699,0.19837261503928172,0.8471661413835861,26939,204,2121,8571,29060,8775,LIGHTGBM,LGBM_11,997
0.525,0.9384696709396062,0.9771793701506162,0.8009726898615788,0.9926316177283278,0.8968021537949533,0.8803453947368421,0.8309399984475667,0.007368382271672255,0.19902731013842126,0.8469957766643311,26943,200,2128,8564,29071,8764,LIGHTGBM,LGBM_11,997
0.53,0.9385489626007665,0.9777321000342583,0.8007856341189674,0.9928158272851195,0.8968007307020435,0.8804565787444084,0.8308588064046578,0.007184172714880448,0.19921436588103256,0.8472292017141192,26948,195,2130,8562,29078,8757,LIGHTGBM,LGBM_11,997
0.535,0.9385753931544866,0.9781714285714286,0.8005050505050505,0.992963194930553,0.8967341227178017,0.8804649727394301,0.8306805388407934,0.007036805069447003,0.1994949494949495,0.8473237679486075,26952,191,2133,8559,29085,8750,LIGHTGBM,LGBM_11,997
0.54,0.9386018237082067,0.9787209701407161,0.8001309390198279,0.9931474044873448,0.8966391717535864,0.8804610713734369,0.8304373992894445,0.0068525955126551965,0.1998690609801721,0.8474258726048282,26957,186,2137,8555,29094,8741,LIGHTGBM,LGBM_11,997
0.545,0.9386282542619268,0.9792716445258818,0.7997568275346053,0.9933316140441366,0.896544220789371,0.8804571663920923,0.8301941747572816,0.00666838595586339,0.2002431724653947,0.8475284307957613,26962,181,2141,8551,29103,8732,LIGHTGBM,LGBM_11,997
0.55,0.9384432403858861,0.9795848147723363,0.7988215488215489,0.9934421397782117,0.8961318442998802,0.8800164854979137,0.829432672325053,0.006557860221788306,0.20117845117845118,0.8470888315073607,26965,178,2151,8541,29116,8719,LIGHTGBM,LGBM_11,997
0.555,0.9383110876172855,0.9801240808823529,0.7978862701084923,0.9936263493350035,0.8957563097217479,0.8796659104970096,0.8287029841467205,0.0063736506649965,0.20211372989150767,0.8467965969033471,26970,173,2161,8531,29131,8704,LIGHTGBM,LGBM_11,997
0.56,0.938416809832166,0.9809063722107201,0.7976056864945754,0.993884242714512,0.8957449646045437,0.879810172289281,0.8285725389607866,0.006115757285487971,0.2023943135054246,0.8471137836747729,26977,166,2164,8528,29141,8694,LIGHTGBM,LGBM_11,997
0.565,0.938416809832166,0.9813492977204697,0.7972315750093528,0.9940316103599455,0.8956315926846492,0.8797605532046652,0.828312667625452,0.005968389640054526,0.2027684249906472,0.8471447345136275,26981,162,2168,8524,29149,8686,LIGHTGBM,LGBM_11,997
0.57,0.9382846570635655,0.9815604471591564,0.7965768799102132,0.9941052941826622,0.8953410870464378,0.879446538282823,0.8277772378268052,0.005894705817337803,0.20342312008978675,0.8468308707538256,26983,160,2175,8517,29158,8677,LIGHTGBM,LGBM_11,997
0.575,0.9383375181710056,0.9821201984081209,0.7962962962962963,0.994289503739454,0.8952929000178751,0.8795000258251123,0.8276143632015864,0.005710496260545997,0.2037037037037037,0.8470020681446243,26988,155,2178,8514,29166,8669,LIGHTGBM,LGBM_11,997
0.58,0.9383110876172855,0.9827865064695009,0.7956416011971568,0.9945105552076041,0.8950760782023804,0.8793673764730204,0.8271429682638457,0.005489444792395829,0.20435839880284326,0.8469841869020542,26994,149,2185,8507,29179,8656,LIGHTGBM,LGBM_11,997
0.585,0.9383375181710056,0.9833468254886087,0.7952674897119342,0.994694764764396,0.8949811272381651,0.8793629453436062,0.8268987649518622,0.005305235235604023,0.20473251028806586,0.8470905574800314,26999,144,2189,8503,29188,8647,LIGHTGBM,LGBM_11,997
0.59,0.9382846570635655,0.9839027214823394,0.7946127946127947,0.9948789743211878,0.8947458844669912,0.8791845604594609,0.8264109098690738,0.005121025678812217,0.2053872053872054,0.846999995888973,27004,139,2196,8496,29200,8635,LIGHTGBM,LGBM_11,997
0.595,0.9383110876172855,0.9843532684283728,0.7943322109988776,0.9950263419666212,0.8946792764827494,0.8791925465838509,0.826231613355125,0.004973658033378772,0.20566778900112234,0.8470990094432624,27008,135,2199,8493,29207,8628,LIGHTGBM,LGBM_11,997
0.6,0.9383110876172855,0.9850278551532033,0.7937710437710438,0.9952473934347714,0.8945092186029076,0.8791174642635178,0.8258407286314806,0.004752606565228604,0.20622895622895623,0.8471494449630163,27014,129,2205,8487,29219,8616,LIGHTGBM,LGBM_11,997
0.605,0.9382582265098454,0.9853624535315985,0.7933034044145155,0.9953579191688465,0.8943306617916811,0.8789637305699483,0.825482715664902,0.00464208083115352,0.20669659558548448,0.8470434582535563,27017,126,2210,8482,29227,8608,LIGHTGBM,LGBM_11,997
0.61,0.938152504294965,0.9856943475226797,0.792648709315376,0.9954684449029215,0.8940585771091487,0.8786936236391913,0.8249620371451934,0.004531555097078436,0.20735129068462402,0.8468062497617502,27020,123,2217,8475,29237,8598,LIGHTGBM,LGBM_11,997
0.615,0.9382582265098454,0.9868329060824983,0.7920875420875421,0.9958368640165052,0.8939622030520236,0.8788004565736225,0.824634858812074,0.004163135983494824,0.2079124579124579,0.8471561944086492,27030,113,2223,8469,29253,8582,LIGHTGBM,LGBM_11,997
0.62,0.9382053654024052,0.9871705155120131,0.7916199027310138,0.9959473897505803,0.8937836462407971,0.8786463199418665,0.82427642086401,0.00405261024941974,0.20838009726898615,0.8470513684345053,27033,110,2228,8464,29261,8574,LIGHTGBM,LGBM_11,997
0.625,0.9380732126338047,0.9871630295250321,0.7911522633744856,0.9959473897505803,0.893549826562533,0.8783552255853798,0.8238697235911722,0.00405261024941974,0.2088477366255144,0.8467230135209215,27033,110,2233,8459,29266,8569,LIGHTGBM,LGBM_11,997
0.63,0.9380467820800846,0.9873890705277908,0.7908716797605686,0.9960210735732969,0.8934463766669327,0.8782717075197342,0.8236577573443465,0.003978926426703017,0.20912832023943134,0.8466751922400111,27035,108,2236,8456,29271,8564,LIGHTGBM,LGBM_11,997
0.635,0.9379410598652042,0.9877250409165302,0.7902169846614291,0.996131599307372,0.8931742919844006,0.8780006235061832,0.8231362768403413,0.0038684006926279334,0.20978301533857088,0.8464395199052068,27038,105,2243,8449,29281,8554,LIGHTGBM,LGBM_11,997
0.64,0.9377296154354434,0.988056206088993,0.789188178077067,0.9962421250414472,0.8927151515592571,0.8774958402662231,0.8222889218055665,0.0037578749585528495,0.21081182192293305,0.8459415660032131,27041,102,2254,8438,29295,8540,LIGHTGBM,LGBM_11,997
0.645,0.9376767543280031,0.9881677600749765,0.7889075944631501,0.9962789669528055,0.8925932807079777,0.8773663407530684,0.8220606580383596,0.0037210330471944887,0.21109240553685,0.8458194238102098,27042,101,2257,8435,29299,8536,LIGHTGBM,LGBM_11,997
0.65,0.9375710321131228,0.988391181988743,0.7883464272353161,0.9963526507755223,0.8923495390054192,0.8771071800208117,0.8216040237055521,0.003647349224477766,0.21165357276468388,0.8455752500738039,27044,99,2263,8429,29307,8528,LIGHTGBM,LGBM_11,997
0.655,0.9374917404519625,0.9887310717220331,0.7877852600074823,0.9964631765095974,0.8921242182585398,0.876893446462964,0.8211632577456276,0.003536823490402682,0.21221473999251778,0.8454061334281603,27047,96,2269,8423,29316,8519,LIGHTGBM,LGBM_11,997
0.66,0.9375181710056826,0.98907681465821,0.7875982042648709,0.9965737022436724,0.8920859532542716,0.8769134645423305,0.8210483210483209,0.0034262977563275982,0.21240179573512907,0.8454997155884616,27050,93,2271,8421,29321,8514,LIGHTGBM,LGBM_11,997
0.665,0.9374124487908022,0.9893016694098283,0.7870370370370371,0.9966473860663891,0.8918422115517131,0.8766538181060528,0.8205913328392559,0.0033526139336108756,0.21296296296296297,0.8452560657149808,27052,91,2277,8415,29329,8506,LIGHTGBM,LGBM_11,997
0.67,0.9373860182370821,0.9896458406871397,0.7866629255518145,0.9967579118004642,0.8917104186761393,0.876556719295503,0.82031326194238,0.0032420881995357917,0.21333707444818556,0.8452188108688051,27055,88,2281,8411,29336,8499,LIGHTGBM,LGBM_11,997
0.675,0.9374917404519625,0.9903427158167472,0.7864758698092031,0.9969789632686143,0.8917274165389087,0.8767137569723191,0.8202462006671998,0.0030210367313856243,0.21352413019079686,0.8455383010687151,27061,82,2283,8409,29344,8491,LIGHTGBM,LGBM_11,997
0.68,0.9374917404519625,0.9910366788536384,0.7859147025813692,0.9972000147367646,0.8915573586590668,0.8766365865108758,0.8198528694362596,0.0027999852632354565,0.21408529741863075,0.8455962087175067,27067,76,2289,8403,29356,8479,LIGHTGBM,LGBM_11,997
0.685,0.9374388793445223,0.9913823633573368,0.785447063224841,0.9973105404708397,0.8913788018478404,0.8764807180504096,0.8194929643435663,0.002689459529160373,0.214552936775159,0.8454944182930026,27070,73,2294,8398,29364,8471,LIGHTGBM,LGBM_11,997
0.69,0.9373860182370821,0.991496397779615,0.785166479610924,0.997347382382198,0.891256930996561,0.8763505402160864,0.8192641748804529,0.0026526176178020117,0.21483352038907594,0.8453731936089315,27071,72,2297,8395,29368,8467,LIGHTGBM,LGBM_11,997
0.695,0.9373067265759217,0.9918420430361787,0.7846053123830902,0.9974579081162731,0.8910316102496816,0.876135770234987,0.8188224729629486,0.002542091883726928,0.21539468761690983,0.8452062471289593,27074,69,2303,8389,29377,8458,LIGHTGBM,LGBM_11,997
0.7,0.9371481432536012,0.9919526627218935,0.7839506172839507,0.9974947500276314,0.8907226836557911,0.875770556890607,0.8182670155023625,0.0025052499723685665,0.21604938271604937,0.8448231719493953,27075,68,2310,8382,29385,8450,LIGHTGBM,LGBM_11,997
0.705,0.9370688515924409,0.9920663114268798,0.7835765057987281,0.9975315919389898,0.8905540488688589,0.8755813345874484,0.8179563782633316,0.002468408061010205,0.21642349420127197,0.8446366429846692,27076,67,2314,8378,29390,8445,LIGHTGBM,LGBM_11,997
0.71,0.9369631293775604,0.9922958397534669,0.7830153385708941,0.9976052757617065,0.8903103071663003,0.8753201944691307,0.8174982911825018,0.0023947242382934826,0.21698466142910589,0.8443946963422883,27078,65,2320,8372,29398,8437,LIGHTGBM,LGBM_11,997
0.715,0.9367781155015198,0.9922894424673784,0.7823606434717546,0.9976052757617065,0.8899829596167306,0.8749084823763206,0.8169264424391578,0.0023947242382934826,0.21763935652824543,0.843936257739654,27078,65,2327,8365,29405,8430,LIGHTGBM,LGBM_11,997
0.72,0.9366723932866393,0.992519591545951,0.7817994762439207,0.9976789595844232,0.8897392179141719,0.874646855707858,0.8164680601680017,0.00232104041557676,0.21820052375607932,0.8436945104731345,27080,63,2333,8359,29413,8422,LIGHTGBM,LGBM_11,997
0.725,0.9366195321791991,0.9928690278107916,0.7813318368873925,0.9977894853184983,0.8895606611029454,0.8744896891028996,0.8161072251963581,0.0022105146815016765,0.21866816311260756,0.8435940722434724,27083,60,2338,8354,29421,8414,LIGHTGBM,LGBM_11,997
0.73,0.9365138099643188,0.993100166547704,0.7807706696595585,0.9978631691412151,0.8893169194003868,0.8742276678186198,0.8156485715402352,0.002136830858784954,0.21922933034044145,0.8433526752933554,27085,58,2344,8348,29429,8406,LIGHTGBM,LGBM_11,997
0.735,0.9363816571957182,0.9932134777949756,0.7802095024317246,0.9979000110525734,0.889054756742149,0.8739196480016761,0.8151738425156839,0.0020999889474265926,0.21979049756827534,0.8430356413288689,27086,57,2350,8342,29436,8399,LIGHTGBM,LGBM_11,997
0.74,0.9362495044271177,0.9933269780743565,0.7796483352038908,0.9979368529639318,0.8887925940839112,0.8736114022217565,0.8146989835809227,0.0020631470360682313,0.22035166479610924,0.8427186604016669,27087,56,2356,8336,29443,8392,LIGHTGBM,LGBM_11,997
0.745,0.9361437822122374,0.9934414500357739,0.7791806958473625,0.9979736948752901,0.8885771953613263,0.8733619876297305,0.8143058216366267,0.00202630512470987,0.22081930415263748,0.8424671941253565,27088,55,2361,8331,29449,8386,LIGHTGBM,LGBM_11,997
0.75,0.9360644905510771,0.9939104477611941,0.778526000748223,0.9981210625207235,0.8883235316344733,0.8731315886085907,0.8137966095066775,0.0018789374792764248,0.22147399925177702,0.8423126512015109,27092,51,2368,8324,29460,8375,LIGHTGBM,LGBM_11,997
0.755,0.9358794766750363,0.9941415590626494,0.7776842499064721,0.9981947463434403,0.8879394981249562,0.8726910159529806,0.8130916060392709,0.0018052536565597024,0.22231575009352786,0.8418756441848763,27094,49,2377,8315,29471,8364,LIGHTGBM,LGBM_11,997
0.76,0.9358001850138761,0.9942576863261156,0.7773101384212495,0.9982315882547986,0.8877708633380241,0.8725001312267072,0.8127799401490405,0.001768411745201341,0.22268986157875048,0.8416899295930247,27095,48,2381,8311,29476,8359,LIGHTGBM,LGBM_11,997
0.765,0.9358001850138761,0.9947311699197701,0.7769360269360269,0.9983789559002321,0.8876574914181294,0.8724465682928111,0.8125158942858821,0.0016210440997678959,0.22306397306397308,0.8417325698292921,27099,44,2385,8307,29484,8351,LIGHTGBM,LGBM_11,997
0.77,0.9358266155675962,0.9949688548155247,0.7768424990647212,0.9984526397229488,0.887647569393835,0.8724789915966386,0.8124657641442993,0.0015473602770511735,0.22315750093527872,0.8418194275312669,27101,42,2386,8306,29487,8348,LIGHTGBM,LGBM_11,997
0.775,0.9357208933527157,0.9950851114840565,0.7763748597081931,0.9984894816343072,0.8874321706712501,0.8722286434800882,0.8120720015652515,0.0015105183656928122,0.22362514029180697,0.841568566379388,27102,41,2391,8301,29493,8342,LIGHTGBM,LGBM_11,997
0.78,0.9356680322452755,0.9952026864955625,0.7760942760942761,0.9985263235456655,0.8873102998199708,0.87209668943773,0.8118420537705945,0.0014736764543344509,0.2239057239057239,0.8414485589158194,27103,40,2394,8298,29497,8338,LIGHTGBM,LGBM_11,997
0.785,0.935509448922955,0.9953181272509004,0.7754395809951365,0.998563165457024,0.8870013732260802,0.8717274734517926,0.8112841989901757,0.0014368345429760896,0.22456041900486345,0.8410669932946124,27104,39,2401,8291,29505,8330,LIGHTGBM,LGBM_11,997
0.79,0.9353508656006343,0.9954337899543378,0.774784885895997,0.9986000073683823,0.8866924466321897,0.8713579467760597,0.8107261695047955,0.0013999926316177282,0.225215114104003,0.840685483602701,27105,38,2408,8284,29513,8322,LIGHTGBM,LGBM_11,997
0.795,0.9352187128320338,0.9954310448479019,0.7743172465394688,0.9986000073683823,0.8864586269539255,0.8710610763322637,0.8103161397670549,0.0013999926316177282,0.22568275346053124,0.8403584776428163,27105,38,2413,8279,29518,8317,LIGHTGBM,LGBM_11,997
0.8,0.9351394211708736,0.9956678700361011,0.7738496071829405,0.9986736911910989,0.8862616491870197,0.8708556994000631,0.8099377422765184,0.0013263088089010059,0.22615039281705948,0.8401842178960132,27107,36,2418,8274,29525,8310,LIGHTGBM,LGBM_11,997
0.805,0.9351129906171535,0.9956673486580816,0.7737560793116348,0.9986736911910989,0.8862148852513669,0.8707962738803222,0.8098557080486323,0.0013263088089010059,0.22624392068836513,0.8401188223685415,27107,36,2419,8273,29526,8309,LIGHTGBM,LGBM_11,997
0.81,0.9349808378485529,0.996142719382835,0.7729143284698841,0.9988210588365325,0.8858676936532083,0.8704444912576363,0.8091806360645465,0.0011789411634675606,0.22708567153011597,0.8398361165416175,27111,32,2428,8264,29539,8296,LIGHTGBM,LGBM_11,997
0.815,0.9348486850799524,0.9962601037519604,0.7723531612420501,0.9988579007478908,0.8856055309949704,0.8701332911859228,0.808703997492998,0.0011420992521091993,0.22764683875794986,0.8395203581646861,27112,31,2434,8258,29546,8289,LIGHTGBM,LGBM_11,997
0.82,0.9347693934187922,0.9968583856935718,0.7716049382716049,0.9990421103046826,0.8853235242881438,0.869886123998313,0.8081263223885274,0.000957889695317393,0.22839506172839505,0.8393803693648265,27117,26,2442,8250,29559,8276,LIGHTGBM,LGBM_11,997
0.825,0.934742962865072,0.996858006042296,0.7715114104002992,0.9990421103046826,0.8852767603524909,0.8698265408340801,0.8080441980291128,0.000957889695317393,0.2284885895997007,0.8393150128226629,27117,26,2443,8249,29560,8275,LIGHTGBM,LGBM_11,997
0.83,0.9345843795427514,0.9969759283899843,0.7708567153011597,0.9990789522160409,0.8849678337586003,0.8694551400390316,0.8074850592730479,0.0009210477839590318,0.22914328469884027,0.8389341894153364,27118,25,2450,8242,29568,8267,LIGHTGBM,LGBM_11,997
0.835,0.934478657327871,0.9973355940414194,0.7702020202020202,0.999189477950116,0.8846957490760681,0.8691751543617078,0.8069573738363548,0.0008105220498839479,0.2297979797979798,0.8387069402448454,27121,22,2457,8235,29578,8257,LIGHTGBM,LGBM_11,997
0.84,0.9342407823443901,0.9973326867119302,0.7693602693602694,0.999189477950116,0.8842748736551926,0.8686378035902852,0.8062176572055826,0.0008105220498839479,0.23063973063973064,0.8381188154302036,27121,22,2466,8226,29587,8248,LIGHTGBM,LGBM_11,997
0.845,0.9340293379146293,0.9974508375819373,0.7685185185185185,0.9992263198614744,0.8838724191899965,0.8681458003169571,0.805493471356311,0.0007736801385255867,0.23148148148148148,0.8376075120735721,27122,21,2475,8217,29597,8238,LIGHTGBM,LGBM_11,997
0.85,0.9338178934848685,0.9979323765507175,0.7673961840628507,0.9993736875069078,0.8833849357848793,0.867611293221952,0.8045695234359678,0.0006263124930921416,0.23260381593714927,0.837131142865276,27126,17,2487,8205,29613,8222,LIGHTGBM,LGBM_11,997
0.855,0.9336593101625479,0.9979308666017527,0.7668350168350169,0.9993736875069078,0.8831043521709623,0.8672519568436641,0.8040757884826613,0.0006263124930921416,0.23316498316498316,0.8367391096158129,27126,17,2493,8199,29619,8216,LIGHTGBM,LGBM_11,997
0.86,0.9336328796088278,0.997930614729154,0.7667414889637112,0.9993736875069078,0.8830575882353096,0.8671920452742371,0.8039934880254204,0.0006263124930921416,0.2332585110362888,0.8366737683284962,27126,17,2494,8198,29620,8215,LIGHTGBM,LGBM_11,997
0.865,0.9334742962865072,0.9979291022048971,0.7661803217358772,0.9993736875069078,0.8827770046213925,0.8668324427278978,0.8034996174745472,0.0006263124930921416,0.2338196782641227,0.8362817060747729,27126,17,2500,8192,29626,8209,LIGHTGBM,LGBM_11,997
0.87,0.9331306990881459,0.9979258174719375,0.7649644594089039,0.9993736875069078,0.8821690734579059,0.8660525201185939,0.8024291656855819,0.0006263124930921416,0.23503554059109616,0.8354321519073628,27126,17,2513,8179,29639,8196,LIGHTGBM,LGBM_11,997
0.875,0.9330249768732655,0.9979248046875,0.7645903479236813,0.9993736875069078,0.8819820177152946,0.8658123278966321,0.8020996860282575,0.0006263124930921416,0.23540965207631875,0.835170726803376,27126,17,2517,8175,29643,8192,LIGHTGBM,LGBM_11,997
0.88,0.9330514074269856,0.9981682745145928,0.7644968200523756,0.9994473713296246,0.8819720956910001,0.8658439701287007,0.8020487862315285,0.0005526286703754191,0.2355031799476244,0.8352597306400745,27128,15,2518,8174,29646,8189,LIGHTGBM,LGBM_11,997
0.885,0.9329456852121052,0.9986547633606457,0.7637485970819304,0.999594738975058,0.8816716680284942,0.8655466638401611,0.8014525468642655,0.00040526102494197396,0.2362514029180696,0.8350459762361503,27132,11,2526,8166,29658,8177,LIGHTGBM,LGBM_11,997
0.89,0.9328663935509449,0.9986542696354294,0.7634680134680135,0.999594738975058,0.8815313762215358,0.8653662673592706,0.8012052922931961,0.00040526102494197396,0.23653198653198654,0.8348499817695721,27132,11,2529,8163,29661,8174,LIGHTGBM,LGBM_11,997
0.895,0.9327342407823443,0.998775560181217,0.7629068462401796,0.9996315808864163,0.881269213563298,0.865051169203033,0.800726416020418,0.0003684191135836127,0.23709315375982043,0.8345353155180953,27133,10,2535,8157,29668,8167,LIGHTGBM,LGBM_11,997
0.9,0.9325227963525836,0.9987743596028925,0.7621586232697344,0.9996315808864163,0.8808951020780753,0.864569518858416,0.8000667622282877,0.0003684191135836127,0.23784137673026562,0.8340126432572078,27133,10,2543,8149,29676,8159,LIGHTGBM,LGBM_11,997
0.905,0.9324699352451434,0.9988963825873697,0.7618780396558175,0.9996684227977748,0.8807732312267962,0.8644346580357617,0.7998350450680439,0.00033157720222525146,0.23812196034418256,0.8338940450096674,27134,9,2546,8146,29680,8155,LIGHTGBM,LGBM_11,997
0.91,0.9324963657988635,0.9990188864361049,0.7618780396558175,0.9997052647091331,0.8807916521824752,0.8644805263716439,0.7998507521307097,0.00029473529086689016,0.23812196034418256,0.8339714726220551,27135,8,2546,8146,29681,8154,LIGHTGBM,LGBM_11,997
0.915,0.9324435046914232,0.9990186457311089,0.7616909839132061,0.9997052647091331,0.8806981243111696,0.8643600084907663,0.7996857816182246,0.00029473529086689016,0.23830901608679386,0.8338408156472796,27135,8,2548,8144,29683,8152,LIGHTGBM,LGBM_11,997
0.92,0.9323113519228228,0.9990180434515773,0.7612233445566778,0.9997052647091331,0.8804643046329055,0.8640586018366155,0.7992732986349799,0.00029473529086689016,0.2387766554433221,0.8335141606599312,27135,8,2553,8139,29688,8147,LIGHTGBM,LGBM_11,997
0.925,0.9322320602616625,0.9990176817288802,0.7609427609427609,0.9997052647091331,0.8803240128259471,0.8638776810363133,0.7990257699560025,0.00029473529086689016,0.23905723905723905,0.8333181590369803,27135,8,2556,8136,29691,8144,LIGHTGBM,LGBM_11,997
0.93,0.9321263380467821,0.9991398377979848,0.7604751215862326,0.9997421066204915,0.880108614103362,0.8636218799787573,0.7986288453227519,0.0002578933795085289,0.2395248784137673,0.8330689994403601,27136,7,2561,8131,29697,8138,LIGHTGBM,LGBM_11,997
0.935,0.9319941852781816,0.9993849181941198,0.7598204264870931,0.9998157904432082,0.8798181084651506,0.8632910047287603,0.7980824017132641,0.00018420955679180636,0.24017957351290684,0.8327668148534343,27138,5,2568,8124,29706,8129,LIGHTGBM,LGBM_11,997
0.94,0.9317563102947006,0.999384236453202,0.7589786756453423,0.9998157904432082,0.8793972330442752,0.8627471826493728,0.7973392548341456,0.00018420955679180636,0.2410213243546577,0.8321788451412113,27138,5,2577,8115,29715,8120,LIGHTGBM,LGBM_11,997
0.945,0.9315977269723801,0.9993837811190535,0.7584175084175084,0.9998157904432082,0.8791166494303584,0.8623843454216739,0.796843677528399,0.00018420955679180636,0.2415824915824916,0.8317868324255975,27138,5,2583,8109,29721,8114,LIGHTGBM,LGBM_11,997
0.95,0.9312805603277389,0.9996295381575697,0.7571081182192293,0.9998894742659249,0.8784987962425771,0.861628525811602,0.7957181614437934,0.00011052573407508382,0.24289188178077067,0.831027573742181,27140,3,2597,8095,29737,8098,LIGHTGBM,LGBM_11,997
0.05,0.6934055768468349,0.47946258934226,0.9913019079685746,0.5760601259993369,0.7836810169839558,0.6463198975547289,0.816891204488701,0.42393987400066313,0.008698092031425365,0.5183379779278313,15636,11507,93,10599,15729,22106,XGBOOST,XGB_11,7
0.055,0.7034756178141932,0.48784874337099376,0.9894313505424617,0.5908337324540397,0.7901325414982507,0.6534885875776014,0.8206755310070906,0.4091662675459603,0.010568649457538347,0.528224888155848,16037,11106,113,10579,16150,21685,XGBOOST,XGB_11,7
0.06,0.711854103343465,0.49507735583684953,0.9876543209876543,0.6032126146704491,0.7954334678290517,0.6595465617388045,0.8237386501918936,0.3967873853295509,0.012345679012345678,0.5364693249781696,16373,10770,132,10560,16505,21330,XGBOOST,XGB_11,7
0.065,0.7208933527157394,0.5031521635304231,0.9853161242050131,0.6167335961389677,0.8010248601719905,0.6661397407524502,0.8268451951150598,0.38326640386103233,0.014683875794986907,0.5452784793558076,16740,10403,157,10535,16897,20938,XGBOOST,XGB_11,7
0.07,0.7298797409805735,0.5114908949264777,0.9825102880658436,0.6303651033415614,0.8064376957037025,0.6727505603586295,0.8297001863962341,0.3696348966584386,0.01748971193415638,0.5539443212051461,17110,10033,187,10505,17297,20538,XGBOOST,XGB_11,7
0.075,0.7389189903528479,0.5202045274027005,0.9800785634118967,0.6439229267214384,0.8120007450666675,0.6796601375016214,0.8328299847405901,0.3560770732785617,0.019921436588103254,0.5631122531380176,17478,9665,213,10479,17691,20144,XGBOOST,XGB_11,7
0.08,0.7475617814193207,0.5288787648696532,0.9771791994014216,0.6571123309877317,0.8171457651945766,0.6863073537622754,0.8355325240311565,0.34288766901226836,0.022820800598578377,0.5717544858581661,17836,9307,244,10448,18080,19755,XGBOOST,XGB_11,7
0.085,0.7564688780229946,0.5381557207765386,0.9748410026187804,0.6704491028994585,0.8226450527591194,0.6934797072521623,0.8387247328440839,0.3295508971005416,0.025158997381219603,0.5812632174763824,18198,8945,269,10423,18467,19368,XGBOOST,XGB_11,7
0.09,0.7648473635522665,0.5472791444977084,0.9716610549943884,0.6833806137862433,0.8275208343903158,0.7001853411962932,0.8412009522113003,0.3166193862137568,0.02833894500561167,0.5898834157194972,18549,8594,303,10389,18852,18983,XGBOOST,XGB_11,7
0.095,0.7738073212633805,0.5575202156334231,0.9672652450430228,0.6976015915705707,0.8324334183067967,0.707338759318788,0.8433086532502693,0.30239840842942933,0.032734754956977176,0.5988406744347409,18935,8208,350,10342,19285,18550,XGBOOST,XGB_11,7
0.1,0.7833223206026166,0.5688569850911099,0.9635241301907969,0.7123383561139152,0.837931243152356,0.7153669884035831,0.8461184664410789,0.2876616438860848,0.03647586980920314,0.6091847303813184,19335,7808,390,10302,19725,18110,XGBOOST,XGB_11,7
0.105,0.7919386811153694,0.5797060486150367,0.9591283202394314,0.7260803890505839,0.8426043546450077,0.7226411105630329,0.8481094313407656,0.2739196109494161,0.04087167976056865,0.6183490821327235,19708,7435,437,10255,20145,17690,XGBOOST,XGB_11,7
0.11,0.8016386943306463,0.5923821670821496,0.9556677890011224,0.7409645212393619,0.848316155120242,0.7313983035682331,0.8512588100038323,0.2590354787606381,0.044332210998877665,0.6297875434872273,20112,7031,474,10218,20586,17249,XGBOOST,XGB_11,7
0.115,0.8108893881326814,0.6053493774944898,0.9504302282080059,0.7559223372508566,0.8531762827294312,0.7396193456821573,0.8531609436655192,0.24407766274914341,0.04956977179199402,0.6401591575242744,20518,6625,530,10162,21048,16787,XGBOOST,XGB_11,7
0.12,0.8194264569842739,0.6180139415433533,0.9452861952861953,0.7698485797443171,0.8575673875152562,0.7473933298824227,0.8547579581204967,0.23015142025568286,0.054713804713804715,0.6499905628708591,20896,6247,585,10107,21481,16354,XGBOOST,XGB_11,7
0.125,0.8283864146953879,0.6319693255390031,0.9403292181069959,0.7842906089967947,0.8623099135518952,0.7559114319010564,0.8567240997324335,0.21570939100320524,0.059670781893004114,0.6609482631000592,21288,5855,638,10054,21926,15909,XGBOOST,XGB_11,7
0.13,0.8377164001585833,0.6473902344255925,0.9349981294425739,0.7993957926537228,0.8671969610481484,0.7650570138516875,0.8587012540800549,0.20060420734627712,0.06500187055742611,0.6727900472819331,21698,5445,695,9997,22393,15442,XGBOOST,XGB_11,7
0.135,0.8461741773490155,0.6627254509018036,0.9278900112233446,0.8139851895516339,0.8709376003874892,0.7732055178863689,0.8591395614673178,0.18601481044836607,0.07210998877665545,0.683113312894902,22094,5049,771,9921,22865,14970,XGBOOST,XGB_11,7
0.14,0.8546055239857275,0.6789136279037706,0.9211560044893379,0.8283903768927532,0.8747731906910455,0.7816976864161277,0.8597992143168923,0.1716096231072468,0.07884399551066218,0.6941116782974679,22485,4658,843,9849,23328,14507,XGBOOST,XGB_11,7
0.145,0.8616624818289943,0.6933541164800907,0.9152637485970819,0.8405482076410125,0.8779059781190472,0.7890026606466177,0.8602018213142997,0.15945179235898757,0.08473625140291807,0.7036887417539885,22815,4328,906,9786,23721,14114,XGBOOST,XGB_11,7
0.15,0.8687458702259813,0.7084000582326394,0.9102132435465768,0.8524113030984047,0.8813122733224907,0.7967253376995498,0.8611474887622553,0.14758869690159526,0.08978675645342311,0.7140455770189901,23137,4006,960,9732,24097,13738,XGBOOST,XGB_11,7
0.155,0.8769129113254923,0.7266922094508301,0.9046950991395436,0.8659691264782817,0.8853321128089127,0.8059825855101446,0.86244405214073,0.1340308735217183,0.09530490086045641,0.7266455233965973,23505,3638,1019,9673,24524,13311,XGBOOST,XGB_11,7
0.16,0.8834676886480772,0.7431689759269293,0.8979610924055369,0.8777585381129573,0.8878598152592472,0.813265003600017,0.8620503887801462,0.1222414618870427,0.10203890759446314,0.7365624421559555,23825,3318,1091,9601,24916,12919,XGBOOST,XGB_11,7
0.165,0.8891238271441787,0.7578788600460427,0.8929105873550318,0.8876321703569982,0.890271378856015,0.8198720425952166,0.8621873024473946,0.11236782964300188,0.1070894126449682,0.745751377390477,24093,3050,1145,9547,25238,12597,XGBOOST,XGB_11,7
0.17,0.8930884102021938,0.7692619298387751,0.8880471380471381,0.8950742364513871,0.8915606872492625,0.8243976557412634,0.8614432690388489,0.1049257635486129,0.11195286195286196,0.7520992519859829,24295,2848,1197,9495,25492,12343,XGBOOST,XGB_11,7
0.175,0.8961543544337254,0.7792550995127591,0.8825289936401047,0.9015215709391003,0.8920252822896025,0.8276829963598087,0.8597408750478343,0.09847842906089968,0.11747100635989526,0.756767021431769,24470,2673,1256,9436,25726,12109,XGBOOST,XGB_11,7
0.18,0.8993788819875776,0.7896995708154506,0.877665544332211,0.9079320635154552,0.892798803923833,0.8313621262458473,0.8585387275621672,0.09206793648454482,0.122334455667789,0.7620967085014928,24644,2499,1308,9384,25952,11883,XGBOOST,XGB_11,7
0.185,0.9028148539711907,0.8004797395699478,0.873924429479985,0.9141951884463766,0.8940598089631808,0.8355913257321709,0.8581767417938687,0.0858048115536234,0.12607557052001497,0.7682875987066651,24814,2329,1348,9344,26162,11673,XGBOOST,XGB_11,7
0.19,0.9054314787894806,0.8091968011126565,0.8706509539842873,0.919132004568397,0.8948914792763422,0.8387997837448189,0.8576245577830187,0.08086799543160299,0.12934904601571268,0.7730508177256927,24948,2195,1383,9309,26331,11504,XGBOOST,XGB_11,7
0.195,0.9079159508391701,0.8181497175141242,0.8668163112607558,0.9241056626017757,0.8954609869312657,0.841780199818347,0.856625258799172,0.07589433739822422,0.1331836887392443,0.7775621836013111,25083,2060,1424,9268,26507,11328,XGBOOST,XGB_11,7
0.2,0.9099246729218977,0.8259935553168636,0.8630751964085297,0.9283793243193457,0.8957272603639377,0.8441273326015367,0.8553948832035594,0.0716206756806543,0.13692480359147025,0.781203881804067,25199,1944,1464,9228,26663,11172,XGBOOST,XGB_11,7
0.205,0.9117219505748645,0.8326696832579186,0.8605499438832772,0.93187930589839,0.8962146248908336,0.8463802778033299,0.8548255230591996,0.06812069410161,0.1394500561167228,0.7846788224286095,25294,1849,1491,9201,26785,11050,XGBOOST,XGB_11,7
0.21,0.9135720893352716,0.8394000365831352,0.8583988028432473,0.9353056036547176,0.8968522032489825,0.8487931193933229,0.8545305575211352,0.06469439634528239,0.1416011971567527,0.7883942402494222,25387,1756,1514,9178,26901,10934,XGBOOST,XGB_11,7
0.215,0.9150522003435972,0.8451809453471196,0.8562476618032173,0.9382161146520281,0.8972318882276227,0.8506783125813044,0.8540111940298507,0.06178388534797185,0.14375233819678265,0.7913564835432935,25466,1677,1537,9155,27003,10832,XGBOOST,XGB_11,7
0.22,0.9167173252279636,0.8520212865278686,0.8535353535353535,0.9416055704969973,0.8975704620161754,0.8527776479932719,0.8532321098001083,0.058394429503002616,0.14646464646464646,0.79471356675234,25558,1585,1566,9126,27124,10711,XGBOOST,XGB_11,7
0.225,0.9179595612528082,0.8565789473684211,0.8524130190796857,0.9437792432671407,0.8980961311734132,0.8544909056816051,0.8532429598562012,0.0562207567328593,0.14758698092031425,0.7973720446128303,25617,1526,1578,9114,27195,10640,XGBOOST,XGB_11,7
0.23,0.9188053389718515,0.8612059158134243,0.8496071829405163,0.9460634417713591,0.8978353123559377,0.8553672316384182,0.8519018681071349,0.0539365582286409,0.15039281705948374,0.7989668623708988,25679,1464,1608,9084,27287,10548,XGBOOST,XGB_11,7
0.235,0.9203647416413374,0.8674514307589243,0.8477366255144033,0.9489739527686697,0.8983552891415365,0.857480724658247,0.851607569009903,0.05102604723133036,0.1522633744855967,0.8023379147413058,25758,1385,1628,9064,27386,10449,XGBOOST,XGB_11,7
0.24,0.9223998942777851,0.8755568467944993,0.8455854844743733,0.9526581439045058,0.8991218141894395,0.8603102102959367,0.8514144724450973,0.04734185609549423,0.15441451552562663,0.8068455294937585,25858,1285,1651,9041,27509,10326,XGBOOST,XGB_11,7
0.245,0.9237214219637901,0.8810779144698301,0.8439955106621774,0.955126551965516,0.8995610313138467,0.8621381484666093,0.8511601584606678,0.04487344803448403,0.15600448933782268,0.8098035443449892,25925,1218,1668,9024,27593,10242,XGBOOST,XGB_11,7
0.25,0.9244350469142328,0.8851411151538991,0.8418443696221474,0.956968647533434,0.8994065085777907,0.8629500023968172,0.8501615127415606,0.04303135246656597,0.1581556303778526,0.8113182062048926,25975,1168,1691,9001,27666,10169,XGBOOST,XGB_11,7
0.255,0.9254658385093167,0.8896258166699663,0.8405349794238683,0.9589212688354272,0.8997281241296478,0.8643839569106474,0.8499148855683752,0.04107873116457282,0.15946502057613168,0.8136750356663561,26028,1115,1705,8987,27733,10102,XGBOOST,XGB_11,7
0.26,0.9262058940134796,0.8938185443668993,0.838477366255144,0.9607633644033452,0.8996203653292446,0.8652639706592029,0.8489904920640934,0.03923663559665475,0.16152263374485595,0.8153124803903643,26078,1065,1727,8965,27805,10030,XGBOOST,XGB_11,7
0.265,0.9268666578564821,0.8976417461113899,0.836606808829031,0.9624212504144715,0.8995140296217512,0.8660502493101612,0.8481406330002085,0.037578749585528495,0.16339319117096895,0.8167954185282739,26123,1020,1747,8945,27870,9965,XGBOOST,XGB_11,7
0.27,0.927871018897846,0.9019687026754165,0.8355780022446689,0.9642265040710312,0.89990225315785,0.8675049764528815,0.8480625747536689,0.03577349592896879,0.1644219977553311,0.8191803710759072,26172,971,1758,8934,27930,9905,XGBOOST,XGB_11,7
0.275,0.9287432271706092,0.9058883248730965,0.8345491956603067,0.9658475481707991,0.9001983719155529,0.8687566936033493,0.8479037591698658,0.034152451829200896,0.16545080433969322,0.8212642925226842,26216,927,1769,8923,27985,9850,XGBOOST,XGB_11,7
0.28,0.9296947271045328,0.9100469675311416,0.8336139169472503,0.9675422760932837,0.900578096520267,0.8701552279605584,0.8478558654541304,0.03245772390671628,0.1663860830527497,0.823566730236076,26262,881,1779,8913,28041,9794,XGBOOST,XGB_11,7
0.285,0.9304347826086956,0.9135878489326765,0.8325851103628882,0.9689791106362599,0.900782110499574,0.8712076727343903,0.8476157830591103,0.03102088936374019,0.16741488963711185,0.8253620276391126,26301,842,1790,8902,28091,9744,XGBOOST,XGB_11,7
0.29,0.9307519492533368,0.9161682821200248,0.8309951365506921,0.9700475260656523,0.9005213313081721,0.8715056400196175,0.8467388403918729,0.029952473934347714,0.1690048634493079,0.82610273489017,26330,813,1807,8885,28137,9698,XGBOOST,XGB_11,7
0.295,0.9314127130963393,0.9196641442935628,0.8297792742237187,0.97144751869727,0.9006133964604943,0.872412606322828,0.8463226175713059,0.028552481302729985,0.17022072577628133,0.8277240829169278,26368,775,1820,8872,28188,9647,XGBOOST,XGB_11,7
0.3,0.9319941852781816,0.9223806055561335,0.8291245791245792,0.9725159341266625,0.9008202566256208,0.8732699601044179,0.8462360869814238,0.02748406587333751,0.17087542087542087,0.8291717275855209,26397,746,1827,8865,28224,9611,XGBOOST,XGB_11,7
0.305,0.9322056297079424,0.9242092076417162,0.8280022446689114,0.9732527723538297,0.9006275085113705,0.8734645552760101,0.8456071981202361,0.026747227646170282,0.17199775533108866,0.8296859440814808,26417,726,1839,8853,28256,9579,XGBOOST,XGB_11,7
0.31,0.9327078102286243,0.9271182885906041,0.8268799102132436,0.974394871605939,0.9006373909095913,0.8741348625667392,0.8451552462526767,0.025605128394061084,0.17312008978675644,0.8309429494724174,26448,695,1851,8841,28299,9536,XGBOOST,XGB_11,7
0.315,0.9329985463195454,0.9291802588656214,0.8258511036288814,0.9752053936558228,0.900528248642352,0.8744738796731865,0.8446366053834823,0.024794606344177135,0.1741488963711186,0.8316729272317492,26470,673,1862,8830,28332,9503,XGBOOST,XGB_11,7
0.32,0.9333685740716268,0.9313694435645655,0.8250093527871306,0.9760527576170652,0.900531055202098,0.874969002628577,0.8442925783418519,0.023947242382934827,0.17499064721286944,0.8326125105753316,26493,650,1871,8821,28364,9471,XGBOOST,XGB_11,7
0.325,0.9336064490551077,0.9333545242636152,0.8238870183314628,0.9768264377555907,0.9003567280435267,0.8752111276701441,0.8436769719955561,0.02317356224440924,0.17611298166853723,0.8332192751994185,26514,629,1883,8809,28397,9438,XGBOOST,XGB_11,7
0.33,0.9338178934848685,0.9352540931320433,0.8227646838757949,0.9775632759827579,0.9001639799292764,0.8754104886058314,0.8430444282592863,0.022436724017242015,0.177235316124205,0.8337639414921935,26534,609,1895,8797,28429,9406,XGBOOST,XGB_11,7
0.335,0.9339236156997489,0.9371398078975454,0.8212682379349046,0.9783001142099252,0.8997841760724149,0.8753863024623666,0.8420921400897619,0.02169988579007479,0.1787317620650954,0.8340433130896288,26554,589,1911,8781,28465,9370,XGBOOST,XGB_11,7
0.34,0.9342407823443901,0.9390922714622136,0.8205200149644594,0.9790369524370924,0.8997784837007758,0.8758111210941398,0.8417770101707924,0.020963047562907563,0.17947998503554058,0.8348698740189836,26574,569,1919,8773,28493,9342,XGBOOST,XGB_11,7
0.345,0.9345315184353112,0.9414293390650188,0.819304152637486,0.9799211583096931,0.8996126554735895,0.8761314197129569,0.8411268795729073,0.02007884169030689,0.18069584736251404,0.8356387160062511,26598,545,1932,8760,28530,9305,XGBOOST,XGB_11,7
0.35,0.9347958239725123,0.9428233013890385,0.8189300411522634,0.9804369450687102,0.8996834931104868,0.8765203463636818,0.8410335222360965,0.019563054931289837,0.18106995884773663,0.8363326264983897,26612,531,1936,8756,28548,9287,XGBOOST,XGB_11,7
0.355,0.9348486850799524,0.9437911317294206,0.8181818181818182,0.9808053641822938,0.8994935911820561,0.8765091929262061,0.8405557584026752,0.019194635817706224,0.18181818181818182,0.8364828738492456,26622,521,1944,8748,28566,9269,XGBOOST,XGB_11,7
0.36,0.9351129906171535,0.9452913828522003,0.81771417882529,0.9813579928526692,0.8995360858389796,0.8768868161075172,0.8403983313147625,0.018642007147330802,0.18228582117471007,0.8371828445709133,26637,506,1949,8743,28586,9249,XGBOOST,XGB_11,7
0.365,0.9355623100303951,0.947419774501301,0.8173400673400674,0.9821316729911947,0.8997358701656311,0.8775858606145812,0.8404177565779352,0.017868327008805217,0.18265993265993266,0.8383692669589399,26658,485,1953,8739,28611,9224,XGBOOST,XGB_11,7
0.37,0.9356944627989956,0.9485174323884001,0.8167789001122334,0.9825369340161367,0.8996579170641851,0.8777325493743404,0.8401154401154401,0.017463065983863244,0.18322109988776655,0.838730118770666,26669,474,1959,8733,28628,9207,XGBOOST,XGB_11,7
0.375,0.9358001850138761,0.9497115489278328,0.8160306771417882,0.982979036952437,0.8995048570471127,0.8778107550681623,0.8396689442787028,0.01702096304756291,0.18396932285821174,0.8390279830550961,26681,462,1967,8725,28648,9187,XGBOOST,XGB_11,7
0.38,0.9360909211047972,0.95173618694038,0.8151889263000374,0.9837158751796043,0.8994524007398208,0.8781863979848866,0.8392712706543928,0.016284124820395682,0.18481107369996258,0.8398200753263226,26701,442,1976,8716,28677,9158,XGBOOST,XGB_11,7
0.385,0.936328796088278,0.9534654549436111,0.8144407033295922,0.9843421876726964,0.8993914455011442,0.8784867591424967,0.8389048380570702,0.015657812327303542,0.18555929667040777,0.840474117304172,26718,425,1984,8708,28702,9133,XGBOOST,XGB_11,7
0.39,0.9367516849477997,0.9555384784279284,0.8140665918443696,0.9850790258998637,0.8995728088721167,0.8791475178021311,0.8389074156177111,0.014920974100136314,0.18593340815563036,0.8416109775206575,26738,405,1988,8704,28726,9109,XGBOOST,XGB_11,7
0.395,0.9366723932866393,0.9560246262093228,0.8133183688739244,0.9852632354566555,0.8992908021652899,0.878916515059632,0.8383464445472776,0.01473676454334451,0.18668163112607558,0.8414273961617742,26743,400,1996,8696,28739,9096,XGBOOST,XGB_11,7
0.4,0.9369631293775604,0.9576859504132231,0.8128507295173962,0.9858527060383893,0.8993517177778927,0.8793443618151465,0.8382038076500203,0.014147293961610729,0.18714927048260382,0.8422212467690288,26759,384,2001,8691,28760,9075,XGBOOST,XGB_11,7
0.405,0.9369895599312805,0.9587014134275619,0.8120089786756454,0.9862211251519729,0.8991150519138091,0.8792789143204375,0.8376427909848718,0.013778874848027116,0.18799102132435466,0.8423264616956613,26769,374,2010,8682,28779,9056,XGBOOST,XGB_11,7
0.41,0.9372010043610414,0.9602612353331857,0.8113542835765059,0.9867737538223483,0.8990640186994271,0.879549832708101,0.8373228832863596,0.013226246177651696,0.1886457164234942,0.842921515052899,26784,359,2017,8675,28801,9034,XGBOOST,XGB_11,7
0.415,0.9372010043610414,0.9612824495229643,0.8104190048634493,0.9871421729359319,0.8987805888996906,0.8794275855069522,0.8366806998570931,0.012857827064068085,0.1895809951365507,0.842964149464393,26794,349,2027,8665,28821,9014,XGBOOST,XGB_11,7
0.42,0.9372802960222016,0.9624235686492496,0.8096707818930041,0.9875474339608739,0.8986091079269389,0.8794636054248998,0.8362150570871085,0.01245256603912611,0.19032921810699588,0.8432132066689786,26805,338,2035,8657,28840,8995,XGBOOST,XGB_11,7
0.425,0.9374917404519625,0.9637963684972708,0.8092031425364759,0.9880263788085326,0.8986147606725042,0.8797600284711983,0.8360228041356652,0.011973621191467413,0.19079685746352412,0.8438068438293898,26818,325,2040,8652,28858,8977,XGBOOST,XGB_11,7
0.43,0.9374124487908022,0.964301651048639,0.8084549195660307,0.9882105883653244,0.8983327539656776,0.8795278795278796,0.8354596767957937,0.011789411634675607,0.1915450804339693,0.8436310888459221,26823,320,2048,8644,28871,8964,XGBOOST,XGB_11,7
0.435,0.9373860182370821,0.9650240250307297,0.8077066965955855,0.9884684817448329,0.8980875891702091,0.8793849600325849,0.8349285534737126,0.011531518255167078,0.19229330340441453,0.8435990358857688,26830,313,2056,8636,28886,8949,XGBOOST,XGB_11,7
0.44,0.9375446015594027,0.9659841109992168,0.8074261129816686,0.9888000589470581,0.8981130859643633,0.8796168933720516,0.8348322212551978,0.011199941052941826,0.19257388701833147,0.8440439762937204,26839,304,2059,8633,28898,8937,XGBOOST,XGB_11,7
0.445,0.9376767543280031,0.9673620457604307,0.8066778900112234,0.9892790037947169,0.8979784469029701,0.8797429620563035,0.8343974924541445,0.01072099620528313,0.19332210998877666,0.8444448304888773,26852,291,2067,8625,28919,8916,XGBOOST,XGB_11,7
0.45,0.9374388793445223,0.9685916919959473,0.8047138047138047,0.9897211067310172,0.897217455722411,0.879080459770115,0.8328977173723644,0.010278893268982795,0.19528619528619529,0.8439128567240636,26864,279,2088,8604,28952,8883,XGBOOST,XGB_11,7
0.455,0.9373860182370821,0.9693244614864103,0.8038720538720538,0.9899790001105258,0.8969255269912898,0.8788792883071731,0.8322843032826571,0.010020999889474266,0.19612794612794612,0.8438199985919296,26871,272,2097,8595,28968,8867,XGBOOST,XGB_11,7
0.46,0.9373860182370821,0.9701728618235228,0.8031238309016087,0.9902737354013926,0.8966987831515006,0.8787801258762729,0.8317673724791257,0.009726264598607376,0.1968761690983913,0.8438668593958322,26879,264,2105,8587,28984,8851,XGBOOST,XGB_11,7
0.465,0.9373331571296418,0.9706980427650187,0.8024691358024691,0.9904579449581844,0.8964635403803267,0.8786032461215504,0.8312825779448524,0.009542055041815569,0.19753086419753085,0.84376408659199,26884,259,2112,8580,28996,8839,XGBOOST,XGB_11,7
0.47,0.9374653098982424,0.9715677390122338,0.8021885521885522,0.9907526802490513,0.8964706162188018,0.8787909836065574,0.8311690828746414,0.009247319750948679,0.1978114478114478,0.8441445679538981,26892,251,2115,8577,29007,8828,XGBOOST,XGB_11,7
0.475,0.9374388793445223,0.9728501647165739,0.8009726898615788,0.9911947831853517,0.8960837365234653,0.8785842523724032,0.8303116092377498,0.008805216814648345,0.19902731013842126,0.8441537923296811,26904,239,2128,8564,29032,8803,XGBOOST,XGB_11,7
0.48,0.9373860182370821,0.9731665719158613,0.8005050505050505,0.9913053089194267,0.8959051797122386,0.8784317750295069,0.8299555883094467,0.00869469108057326,0.1994949494949495,0.8440406240190654,26907,236,2133,8559,29040,8795,XGBOOST,XGB_11,7
0.485,0.9374653098982424,0.9739298724954463,0.8001309390198279,0.9915632022989352,0.8958470706593815,0.8785171493119738,0.8297447237740534,0.008436797701064732,0.1998690609801721,0.8442850958466368,26914,229,2137,8555,29051,8784,XGBOOST,XGB_11,7
0.49,0.9374124487908022,0.9744642042863657,0.7994762439206884,0.9917474118557271,0.8956118278882077,0.8783394985614468,0.8292588280946835,0.008252588144272925,0.20052375607931164,0.8441859681223213,26919,224,2144,8548,29063,8772,XGBOOST,XGB_11,7
0.495,0.9375710321131228,0.9756738236637734,0.7990086045641601,0.992152672880669,0.8955806387224146,0.8785479226655698,0.8290311311233599,0.00784732711933095,0.20099139543583988,0.8446578278592118,26930,213,2149,8543,29079,8756,XGBOOST,XGB_11,7
0.5,0.9376767543280031,0.9764463754859364,0.7987280209502432,0.9924105662601775,0.8955692936052104,0.8786912233768905,0.8289008813138176,0.007589433739822422,0.20127197904975683,0.8449710575392071,26937,206,2152,8540,29089,8746,XGBOOST,XGB_11,7
0.505,0.9376238932205629,0.9768772893772893,0.7981668537224093,0.992557933905611,0.8953623938140101,0.8785258389952646,0.8284793414103759,0.007442066094388977,0.20183314627759072,0.844867115858049,26941,202,2158,8534,29099,8736,XGBOOST,XGB_11,7
0.51,0.9377296154354434,0.9778720476954826,0.797699214365881,0.9928895111078363,0.8952943627368586,0.8786442773256413,0.8282190716644008,0.007110488892163726,0.20230078563411896,0.8451961179565329,26950,193,2163,8529,29113,8722,XGBOOST,XGB_11,7
0.515,0.9378353376503238,0.9786501377410468,0.7974186307519641,0.9931474044873448,0.8952830176196545,0.8787878787878787,0.8280885780885782,0.0068525955126551965,0.2025813692480359,0.84551158369071,26957,186,2166,8526,29123,8712,XGBOOST,XGB_11,7
0.52,0.9379410598652042,0.9797608095676172,0.7968574635241302,0.9935158236009284,0.8951866435625293,0.8788941613369095,0.8277630965334993,0.006484176399071583,0.2031425364758698,0.845850411165296,26967,176,2172,8520,29139,8696,XGBOOST,XGB_11,7
0.525,0.9379939209726443,0.9807603686635945,0.7962027684249906,0.9938474008031537,0.8950250846140722,0.8788973776584761,0.8273402270253458,0.0061525991968463326,0.20379723157500934,0.8460512731978199,26976,167,2179,8513,29155,8680,XGBOOST,XGB_11,7
0.53,0.9380203515263644,0.9813170337907969,0.795828656939768,0.9940316103599455,0.8949301336498567,0.8788927335640139,0.8270961721650887,0.005968389640054526,0.20417134306023194,0.8461561754113502,26981,162,2183,8509,29164,8671,XGBOOST,XGB_11,7
0.535,0.9379410598652042,0.9820892073029813,0.7948933782267116,0.994289503739454,0.8945914409830829,0.8786312416003308,0.8263972618723503,0.005710496260545997,0.20510662177328845,0.8460139498332955,26988,155,2193,8499,29181,8654,XGBOOST,XGB_11,7
0.54,0.9378617682040439,0.9825292143931506,0.7942386831275721,0.9944368713848875,0.8943377772562298,0.87840703387639,0.8258932913189785,0.005563128615112552,0.205761316872428,0.8458485253920183,26992,151,2200,8492,29192,8643,XGBOOST,XGB_11,7
0.545,0.9378089070966037,0.9833082183841428,0.7933969322858212,0.994694764764396,0.8940458485251086,0.8782028055282365,0.8252748321821188,0.005305235235604023,0.20660306771417883,0.8457740215703057,26999,144,2209,8483,29208,8627,XGBOOST,XGB_11,7
0.55,0.9377560459891635,0.9835285929706531,0.7930228208005986,0.9947684485871127,0.8938956346938556,0.8780614094133485,0.8249820000389189,0.005231551412887301,0.20697717919940142,0.8456589057731796,27001,142,2213,8479,29214,8621,XGBOOST,XGB_11,7
0.555,0.9376238932205629,0.9838559814169571,0.7922745978301534,0.9948789743211878,0.8935767860756706,0.8777328774220289,0.8243800848612246,0.005121025678812217,0.2077254021698466,0.8453548202954282,27004,139,2221,8471,29225,8610,XGBOOST,XGB_11,7
0.56,0.9374653098982424,0.9842950209399721,0.7913393191170969,0.9950263419666212,0.893182830541859,0.8773330568228951,0.823631337123277,0.004973658033378772,0.2086606808829031,0.844993713344429,27008,135,2231,8461,29239,8596,XGBOOST,XGB_11,7
0.565,0.9373067265759217,0.984509666899604,0.7905910961466517,0.995100025789338,0.8928455609679948,0.8769581906836809,0.8230128130233282,0.004899974210662049,0.2094089038533483,0.8446159739784441,27010,133,2239,8453,29249,8586,XGBOOST,XGB_11,7
0.57,0.9371481432536012,0.9851774042950514,0.7894687616909839,0.9953210772574881,0.892394919474236,0.8765316718587747,0.8221326164874552,0.004678922742511881,0.2105312383090161,0.8442730707665788,27016,127,2251,8441,29267,8568,XGBOOST,XGB_11,7
0.575,0.9369895599312805,0.9853937835942977,0.7887205387205387,0.9953947610802049,0.8920576499003718,0.8761558441558441,0.8215134629622414,0.004605238919795159,0.2112794612794613,0.8438959427897185,27018,125,2259,8433,29277,8558,XGBOOST,XGB_11,7
0.58,0.9370424210387207,0.9858512628624883,0.7885334829779275,0.9955421287256383,0.8920378058517828,0.8762211598420288,0.8214146531566642,0.004457871274361714,0.2114665170220726,0.844062710326599,27022,121,2261,8431,29283,8552,XGBOOST,XGB_11,7
0.585,0.9369895599312805,0.9860753568921132,0.7881593714927049,0.995615812548355,0.8918875920205299,0.8760785944484873,0.8211209416533499,0.004384187451644992,0.21184062850729518,0.8439489764917494,27024,119,2265,8427,29289,8546,XGBOOST,XGB_11,7
0.59,0.9369895599312805,0.9865308034668541,0.7877852600074823,0.9957631801937884,0.8917742201006353,0.8760270410816433,0.8208591587728531,0.0042368198062115465,0.21221473999251778,0.8439847473135614,27028,115,2269,8423,29297,8538,XGBOOST,XGB_11,7
0.595,0.9369102682701203,0.9873254312874076,0.7868499812944257,0.9960210735732969,0.8914355274338613,0.8757612033518972,0.820156368812026,0.003978926426703017,0.21315001870557426,0.8438510792006835,27035,108,2279,8413,29314,8521,XGBOOST,XGB_11,7
0.6,0.9368574071626801,0.9877805193279285,0.7862888140665918,0.9961684412187304,0.8912286276426611,0.8755923553611414,0.8197312740108036,0.003831558781269572,0.21371118593340815,0.8437564768497705,27039,104,2285,8407,29324,8511,XGBOOST,XGB_11,7
0.605,0.9368574071626801,0.9880098742212295,0.7861017583239805,0.9962421250414472,0.8911719416827139,0.8755664357518621,0.8196001950268161,0.0037578749585528495,0.21389824167601945,0.8437749922148012,27041,102,2287,8405,29328,8507,XGBOOST,XGB_11,7
0.61,0.9368045460552399,0.9884665175944451,0.7855405910961466,0.9963894926868806,0.8909650418915136,0.8753973630725936,0.8191748756461524,0.0036105073131194047,0.21445940890385334,0.8436809820934434,27045,98,2293,8399,29338,8497,XGBOOST,XGB_11,7
0.615,0.9367516849477997,0.9886939112000942,0.785166479610924,0.9964631765095974,0.8908148280602607,0.875254131262055,0.8188805868237772,0.003536823490402682,0.21483352038907594,0.8435684912488443,27047,96,2297,8395,29344,8491,XGBOOST,XGB_11,7
0.62,0.9368045460552399,0.9892726629730049,0.7848858959970071,0.9966473860663891,0.8907666410316981,0.8753063885267275,0.8187157323759536,0.0033526139336108756,0.21511410400299288,0.8437470996184134,27052,91,2300,8392,29352,8483,XGBOOST,XGB_11,7
0.625,0.9368045460552399,0.9896189689748732,0.7846053123830902,0.9967579118004642,0.8906816120917772,0.8752673587563253,0.818518879890721,0.0032420881995357917,0.21539468761690983,0.8437757516431491,27055,88,2303,8389,29358,8477,XGBOOST,XGB_11,7
0.63,0.9368045460552399,0.9899657655530634,0.7843247287691733,0.9968684375345392,0.8905965831518563,0.8752283045452174,0.8183219813033041,0.0031315624654607082,0.21567527123082678,0.8438045936570836,27058,85,2306,8386,29364,8471,XGBOOST,XGB_11,7
0.635,0.9366988238403594,0.9901926030958289,0.7837635615413393,0.996942121357256,0.8903528414492976,0.8749673714434874,0.8178641837949678,0.0030578786427439856,0.21623643845866067,0.8435616135759754,27060,83,2312,8380,29372,8463,XGBOOST,XGB_11,7
0.64,0.9367252543940796,0.9906575212866604,0.7834829779274224,0.9970894890026895,0.8902862334650559,0.8749738876122833,0.8176831172887709,0.0029105109973105404,0.21651702207257764,0.8436661704621892,27064,79,2315,8377,29379,8456,XGBOOST,XGB_11,7
0.645,0.936593101625479,0.9910005920663114,0.7827347549569772,0.9972000147367646,0.8899673848468709,0.8746407482886555,0.8170776951164742,0.0027999852632354565,0.21726524504302283,0.8433678866332065,27067,76,2323,8369,29390,8445,XGBOOST,XGB_11,7
0.65,0.9364609488568786,0.99146110056926,0.7818930041152263,0.997347382382198,0.8896201932487122,0.8742940807362476,0.8164062499999999,0.0026526176178020117,0.21810699588477367,0.8430798907559709,27071,72,2332,8360,29403,8432,XGBOOST,XGB_11,7
0.655,0.9363023655345579,0.9914550201756468,0.7813318368873925,0.997347382382198,0.8893396096347952,0.8739407887854378,0.8159159276477713,0.0026526176178020117,0.21866816311260756,0.8426866757709431,27071,72,2338,8354,29409,8426,XGBOOST,XGB_11,7
0.66,0.936328796088278,0.9918061987887424,0.7811447811447811,0.9974579081162731,0.8893013446305271,0.8739601318474337,0.8158002695891695,0.002542091883726928,0.21885521885521886,0.8427823272679579,27074,69,2340,8352,29414,8421,XGBOOST,XGB_11,7
0.665,0.9362230738733976,0.9919191919191919,0.7806771417882529,0.9974947500276314,0.8890859459079421,0.8737112053174227,0.8154074595080397,0.0025052499723685665,0.2193228582117471,0.8425303297374415,27075,68,2345,8347,29420,8415,XGBOOST,XGB_11,7
0.67,0.9362230738733976,0.9920361345536669,0.7805836139169473,0.9975315919389898,0.8890576029279685,0.8736979848207277,0.8153416306832615,0.002468408061010205,0.21941638608305275,0.8425404507104521,27076,67,2346,8346,29422,8413,XGBOOST,XGB_11,7
0.675,0.9360909211047972,0.9921484653818701,0.7800224466891134,0.9975684338503481,0.8887954402697307,0.8733898837574615,0.8148669246101535,0.002431566149651844,0.21997755331088664,0.842223027959698,27077,66,2352,8340,29429,8406,XGBOOST,XGB_11,7
0.68,0.9360116294436368,0.9923800452434813,0.7795548073325851,0.9976421176730649,0.8885984625028249,0.8731863181603897,0.8144898078839877,0.0023578823269351213,0.22044519266741489,0.8420469056817215,27079,64,2357,8335,29436,8399,XGBOOST,XGB_11,7
0.685,0.9359587683361966,0.9927303062805387,0.7790871679760568,0.99775264340714,0.8884199056915985,0.8730283498401719,0.8141285013389628,0.0022473565928600374,0.22091283202394313,0.8419467162511881,27082,61,2362,8330,29444,8391,XGBOOST,XGB_11,7
0.69,0.9359851988899167,0.992966142107773,0.7789936401047513,0.9978263272298566,0.888409983667304,0.8730607966457024,0.8140785049652045,0.002173672770143315,0.22100635989524878,0.8420328589173048,27084,59,2363,8329,29447,8388,XGBOOST,XGB_11,7
0.695,0.9359059072287564,0.9929636255217651,0.7787130564908342,0.9978263272298566,0.8882696918603454,0.8728835770823504,0.8138330107716067,0.002173672770143315,0.22128694350916572,0.8418364036535848,27084,59,2366,8326,29450,8385,XGBOOST,XGB_11,7
0.7,0.9358266155675962,0.9931964669372165,0.7782454171343061,0.9979000110525734,0.8880727140934397,0.8726796014682748,0.8134555977007,0.0020999889474265926,0.22175458286569397,0.8416607342955986,27086,57,2371,8321,29457,8378,XGBOOST,XGB_11,7
0.705,0.9358266155675962,0.9933142311365807,0.7781518892630004,0.9979368529639318,0.888044371113466,0.8726662471155863,0.8133896449241357,0.0020631470360682313,0.22184811073699962,0.8416711624904823,27087,56,2372,8320,29459,8376,XGBOOST,XGB_11,7
0.71,0.9357208933527157,0.9934289127837514,0.7776842499064721,0.9979736948752901,0.8878289723908811,0.872416325674116,0.8129962063436192,0.00202630512470987,0.22231575009352786,0.8414197309851117,27088,55,2377,8315,29465,8370,XGBOOST,XGB_11,7
0.715,0.9356416016915554,0.9935445307830245,0.7773101384212495,0.9980105367866485,0.887660337603949,0.8722254289762291,0.8126845676960083,0.0019894632133515087,0.22268986157875048,0.8412338178234613,27089,54,2381,8311,29470,8365,XGBOOST,XGB_11,7
0.72,0.9355887405841152,0.993661045329506,0.7770295548073326,0.9980473786980069,0.8875384667526698,0.8720936335485225,0.8124547712648399,0.0019526213019931474,0.22297044519266743,0.8411134146264257,27090,53,2384,8308,29474,8361,XGBOOST,XGB_11,7
0.725,0.935509448922955,0.9938951400526694,0.7765619154508043,0.9981210625207235,0.8873414889857639,0.8718891105743988,0.8120769922929463,0.0018789374792764248,0.22343808454919567,0.8409381805401587,27092,51,2389,8303,29481,8354,XGBOOST,XGB_11,7
0.73,0.9352980044931941,0.9938892882818117,0.7758136924803591,0.9981210625207235,0.8869673775005413,0.8714150646076269,0.8114215283483976,0.0018789374792764248,0.22418630751964086,0.8404144971541786,27092,51,2397,8295,29489,8346,XGBOOST,XGB_11,7
0.735,0.9351922822783137,0.9940047961630696,0.7753460531238309,0.998157904432082,0.8867519787779564,0.8711643547709121,0.8110276277686469,0.0018420955679180637,0.2246539468761691,0.8401633118223935,27093,50,2402,8290,29495,8340,XGBOOST,XGB_11,7
0.74,0.9351129906171535,0.9943584203577002,0.774784885895997,0.9982684301661571,0.8865266580310771,0.870945697313778,0.8105833773655061,0.0017315698338429798,0.225215114104003,0.839999115786672,27096,47,2408,8284,29504,8331,XGBOOST,XGB_11,7
0.745,0.9350601295097132,0.994475801609223,0.7745043022820801,0.9983052720775154,0.8864047871797978,0.8708133971291866,0.810353263528721,0.0016947279224846185,0.22549569771791994,0.8398790002400819,27097,46,2411,8281,29508,8327,XGBOOST,XGB_11,7
0.75,0.9349015461873926,0.994709630876518,0.7737560793116348,0.9983789559002321,0.8860675176059334,0.8704297964122258,0.8097288832338257,0.0016210440997678959,0.22624392068836513,0.8395080061218128,27099,44,2419,8273,29518,8317,XGBOOST,XGB_11,7
0.755,0.9348222545262324,0.9947077219148425,0.7734754956977179,0.9983789559002321,0.885927225798975,0.8702514995264653,0.8094827923730473,0.0016210440997678959,0.22652450430228208,0.8393116844472526,27099,44,2422,8270,29521,8314,XGBOOST,XGB_11,7
0.76,0.934742962865072,0.9949440231130372,0.7730078563411896,0.9984526397229488,0.8857302480320692,0.8700457918837833,0.8091042584434656,0.0015473602770511735,0.22699214365881032,0.8391371901743314,27101,42,2427,8265,29528,8307,XGBOOST,XGB_11,7
0.765,0.9345843795427514,0.9949403686302855,0.7724466891133558,0.9984526397229488,0.8854496644181523,0.869688832727847,0.8086118780473478,0.0015473602770511735,0.2275533108866442,0.8387445741908532,27101,42,2433,8259,29534,8301,XGBOOST,XGB_11,7
0.77,0.9345315184353112,0.995177817962628,0.7720725776281332,0.9985263235456655,0.8852994505868994,0.8695423184283984,0.8083152184556333,0.0014736764543344509,0.2279274223718668,0.8386356944340905,27103,40,2437,8255,29540,8295,XGBOOST,XGB_11,7
0.775,0.9343200740055504,0.995173162785085,0.771324354657688,0.9985263235456655,0.8849253391016767,0.8690658095790084,0.8076584075996475,0.0014736764543344509,0.22867564534231202,0.8381122346916366,27103,40,2445,8247,29548,8287,XGBOOST,XGB_11,7
0.78,0.9340293379146293,0.995286439448876,0.7702020202020202,0.998563165457024,0.8843825928295221,0.8683960771907625,0.8066886093805101,0.0014368345429760896,0.2297979797979798,0.8374035294668726,27104,39,2457,8235,29561,8274,XGBOOST,XGB_11,7
0.785,0.9339764768071891,0.9954050785973397,0.7699214365881033,0.9986000073683823,0.8842607219782428,0.8682628414724185,0.8064579333045966,0.0013999926316177282,0.23007856341189675,0.8372838068914851,27105,38,2460,8232,29565,8270,XGBOOST,XGB_11,7
0.79,0.9338707545923087,0.9955227492739593,0.769453797231575,0.9986368492797406,0.8840453232556578,0.868010128719139,0.806062862517636,0.0013631507202593672,0.230546202768425,0.8370332594278488,27106,37,2465,8227,29571,8264,XGBOOST,XGB_11,7
0.795,0.9338178934848685,0.995761685638169,0.7690796857463524,0.9987105331024574,0.883895109424405,0.867862796833773,0.8057656880805864,0.0012894668975426446,0.2309203142536476,0.8369248702387423,27108,35,2469,8223,29577,8258,XGBOOST,XGB_11,7
0.8,0.9337121712699881,0.9957596316937243,0.7687055742611298,0.9987105331024574,0.8837080536817936,0.8676237728280377,0.8054368703696445,0.0012894668975426446,0.23129442573887019,0.8366631682290228,27108,35,2473,8219,29581,8254,XGBOOST,XGB_11,7
0.805,0.9335007268402273,0.9964780179742531,0.7673961840628507,0.9989315845706075,0.8831638843167291,0.8670611856705062,0.8043802203835144,0.001068415429392477,0.23260381593714927,0.8362080392674678,27114,29,2487,8205,29601,8234,XGBOOST,XGB_11,7
0.81,0.933421435179067,0.9969597470509547,0.7667414889637112,0.9990789522160409,0.882910220589876,0.8668252709489823,0.8038673491400442,0.0009210477839590318,0.2332585110362888,0.8360578658788328,27118,25,2494,8198,29612,8223,XGBOOST,XGB_11,7
0.815,0.933157129641866,0.9970770917062477,0.7657126823793491,0.9991157941273994,0.8824142382533742,0.866211712426599,0.8029776966986407,0.0008842058726006705,0.23428731762065094,0.8354155836978694,27119,24,2505,8187,29624,8211,XGBOOST,XGB_11,7
0.82,0.9329192546583851,0.9970738844184345,0.7648709315375982,0.9991157941273994,0.8819933628324987,0.8656716417910448,0.8022366097704532,0.0008842058726006705,0.2351290684624018,0.8348270606552506,27119,24,2514,8178,29633,8202,XGBOOST,XGB_11,7
0.825,0.9327606713360644,0.9971930680986087,0.7642162364384587,0.9991526360387577,0.8816844362386083,0.8652970454304776,0.8016757584082259,0.0008473639612423092,0.23578376356154135,0.8344463894367886,27120,23,2521,8171,29641,8194,XGBOOST,XGB_11,7
0.83,0.9325492269063037,0.9971903249450281,0.7634680134680135,0.9991526360387577,0.8813103247533856,0.864816188155525,0.8010166032107392,0.0008473639612423092,0.23653198653198654,0.8339232143728299,27120,23,2529,8163,29649,8186,XGBOOST,XGB_11,7
0.835,0.9322056297079424,0.9974293059125964,0.7620650953984287,0.9992263198614744,0.8806457076299515,0.8640050898679816,0.7998115318923376,0.0007736801385255867,0.23793490460157127,0.8330966471775146,27122,21,2544,8148,29666,8169,XGBOOST,XGB_11,7
0.84,0.9319677547244615,0.9975484187300809,0.7611298166853723,0.9992631617728328,0.8801964892291025,0.8634482758620691,0.7990024741782195,0.0007368382271672254,0.23887018331462775,0.8325199461146562,27123,20,2554,8138,29677,8158,XGBOOST,XGB_11,7
0.845,0.9319941852781816,0.9979148779590334,0.7609427609427609,0.9993736875069078,0.8801582242248344,0.863465110108782,0.7988845466506941,0.0006263124930921416,0.23905723905723905,0.8326212349697771,27126,17,2556,8136,29682,8153,XGBOOST,XGB_11,7
0.85,0.9318620325095811,0.9980358458138964,0.7603815937149271,0.9994105294182662,0.8798960615665967,0.8631489542414269,0.7984051537887418,0.0005894705817337803,0.23961840628507294,0.8323063297936258,27127,16,2562,8130,29689,8146,XGBOOST,XGB_11,7
0.855,0.9317563102947006,0.9984021632251721,0.7597268986157875,0.9995210551523414,0.8796239768840644,0.8628638198427873,0.7978744303001728,0.0004789448476586965,0.24027310138421248,0.8320810767897092,27130,13,2569,8123,29699,8136,XGBOOST,XGB_11,7
0.86,0.9315977269723801,0.9985236220472441,0.759072203516648,0.9995578970636997,0.8793150502901739,0.8624867162592986,0.7973121659855391,0.00044210293630033527,0.24092779648335205,0.8317009992223212,27131,12,2576,8116,29707,8128,XGBOOST,XGB_11,7
0.865,0.9314391436500594,0.9986453201970443,0.7584175084175084,0.999594738975058,0.8790061236962832,0.862109291941314,0.7967497248860242,0.00040526102494197396,0.2415824915824916,0.8313209766667252,27132,11,2583,8109,29715,8120,XGBOOST,XGB_11,7
0.87,0.9312541297740188,0.9986441513620116,0.7577628133183689,0.999594738975058,0.8786787761467134,0.861685721882478,0.7961714588942829,0.00040526102494197396,0.24223718668163113,0.8308633569876944,27132,11,2590,8102,29722,8113,XGBOOST,XGB_11,7
0.875,0.9311219770054182,0.9986433152442032,0.7572951739618407,0.999594738975058,0.8784449564684493,0.8613829787234043,0.7957583143328877,0.00040526102494197396,0.24270482603815938,0.8305364634526449,27132,11,2595,8097,29727,8108,XGBOOST,XGB_11,7
0.88,0.9309898242368178,0.9986424780945329,0.7568275346053124,0.999594738975058,0.8782111367901853,0.8610800744878957,0.7953450885573313,0.00040526102494197396,0.24317246539468762,0.830209551216623,27132,11,2600,8092,29732,8103,XGBOOST,XGB_11,7
0.885,0.9308576714682173,0.9986416399110891,0.7563598952487841,0.999594738975058,0.8779773171119211,0.8607770090473655,0.7949317815436636,0.00040526102494197396,0.24364010475121586,0.8298826202020156,27132,11,2605,8087,29737,8098,XGBOOST,XGB_11,7
0.89,0.9307519492533368,0.99864096861873,0.7559857837635615,0.999594738975058,0.8777902613693098,0.8605344405408283,0.7946010774251896,0.00040526102494197396,0.24401421623643846,0.8296210618175373,27132,11,2609,8083,29741,8094,XGBOOST,XGB_11,7
0.895,0.9307255186996167,0.998887377920633,0.7557052001496446,0.9996684227977748,0.8776868114737097,0.8604440658111921,0.7943842538883535,0.00033157720222525146,0.2442947998503554,0.8295804510542173,27134,9,2612,8080,29746,8089,XGBOOST,XGB_11,7
0.9,0.9305933659310163,0.9988866897575458,0.7552375607931163,0.9996684227977748,0.8774529917954456,0.860140605027695,0.793970738614017,0.00033157720222525146,0.24476243920688365,0.8292535315170865,27134,9,2617,8075,29751,8084,XGBOOST,XGB_11,7
0.905,0.9304612131624157,0.9988860007426662,0.754769921436588,0.9996684227977748,0.8772191721171814,0.8598369825795109,0.7935571420142782,0.00033157720222525146,0.2452300785634119,0.8289265929790102,27134,9,2622,8070,29756,8079,XGBOOST,XGB_11,7
0.91,0.9304612131624157,0.9991331269349846,0.7545828656939768,0.9997421066204915,0.8771624861572341,0.8598071082218789,0.7934228900733631,0.0002578933795085289,0.2454171343060232,0.8289515633682731,27136,7,2624,8068,29760,8075,XGBOOST,XGB_11,7
0.915,0.9304347826086956,0.9991330195689869,0.7544893378226711,0.9997421066204915,0.8771157222215813,0.8597463497815199,0.7933401518429645,0.0002578933795085289,0.24551066217732884,0.8288861832443108,27136,7,2625,8067,29761,8074,XGBOOST,XGB_11,7
0.92,0.9304083520549755,0.9991329121763904,0.7543958099513655,0.9997421066204915,0.8770689582859285,0.8596855848654409,0.7932574103577821,0.0002578933795085289,0.24560419004863449,0.8288208023570173,27136,7,2626,8066,29762,8073,XGBOOST,XGB_11,7
0.925,0.9304083520549755,0.9991329121763904,0.7543958099513655,0.9997421066204915,0.8770689582859285,0.8596855848654409,0.7932574103577821,0.0002578933795085289,0.24560419004863449,0.8288208023570173,27136,7,2626,8066,29762,8073,XGBOOST,XGB_11,7
0.93,0.9303554909475353,0.9992564134341306,0.7541152263374485,0.9997789485318498,0.8769470874346492,0.859549064548798,0.793024765426756,0.00022105146815016763,0.24588477366255143,0.8287025774489521,27137,6,2629,8063,29766,8069,XGBOOST,XGB_11,7
0.935,0.9303026298400952,0.999256229081443,0.7539281705948373,0.9997789485318498,0.8768535595633435,0.8594274748120903,0.7928592505163766,0.00022105146815016763,0.24607182940516273,0.8285718202038855,27137,6,2631,8061,29768,8067,XGBOOST,XGB_11,7
0.94,0.9303290603938152,0.9993801140590132,0.7539281705948373,0.9998157904432082,0.8768719805190228,0.8594732913956713,0.792874847542983,0.00018420955679180636,0.24607182940516273,0.8286497661443738,27138,5,2631,8061,29769,8066,XGBOOST,XGB_11,7
0.945,0.9301969076252148,0.9993797295620891,0.753460531238309,0.9998157904432082,0.8766381608407586,0.8591691995947315,0.7924609966751264,0.00018420955679180636,0.24653946876169097,0.8283228881761111,27138,5,2636,8056,29774,8061,XGBOOST,XGB_11,7
0.95,0.9300647548566142,0.9993793445878848,0.7529928918817808,0.9998157904432082,0.8764043411624944,0.8588649455941968,0.7920470643790335,0.00018420955679180636,0.24700710811821924,0.8279959909954784,27138,5,2641,8051,29779,8056,XGBOOST,XGB_11,7
0.05,0.6938284657063566,0.47982083069405485,0.9918630751964085,0.5764285451129204,0.7841458101546644,0.6467646520705007,0.8174040388469246,0.42357145488707953,0.00813692480359147,0.519168210443644,15646,11497,87,10605,15733,22102,XGBOOST,XGB_11,29
0.055,0.7038985066737148,0.4882078737250196,0.989337822671156,0.5914600449471319,0.7903989338091439,0.6537902901820205,0.820827190191666,0.40853995505286816,0.010662177328843996,0.5286349464928086,16054,11089,114,10578,16168,21667,XGBOOST,XGB_11,29
0.06,0.7120126866657857,0.49521531100478466,0.9873737373737373,0.6035441918726744,0.7954589646232059,0.6596063730084348,0.8236588334425615,0.39645580812732567,0.012626262626262626,0.5364716201415243,16382,10761,135,10557,16517,21318,XGBOOST,XGB_11,29
0.065,0.7200475749966961,0.5023854961832062,0.9848484848484849,0.615738864532292,0.8002936746903884,0.6653607986857071,0.8261674617122771,0.38426113546770807,0.015151515151515152,0.5440227338686893,16713,10430,162,10530,16875,20960,XGBOOST,XGB_11,29
0.07,0.7292454076912911,0.5108949416342412,0.9824167601945379,0.6295177393803191,0.8059672497874285,0.6722129783693842,0.82933299646286,0.3704822606196809,0.017583239805462027,0.5531497923518172,17087,10056,188,10504,17275,20560,XGBOOST,XGB_11,29
0.075,0.737888198757764,0.5192031319688786,0.9798915076692855,0.642559776001179,0.8112256418352322,0.6787600012957143,0.8322080480404149,0.3574402239988211,0.02010849233071455,0.5617819549290075,17441,9702,215,10477,17656,20179,XGBOOST,XGB_11,29
0.08,0.7462666842870358,0.5275924802910855,0.9764309764309764,0.6556018126220389,0.8160163945265076,0.68503937007874,0.8344523307116825,0.3443981873779612,0.02356902356902357,0.5697633999248781,17795,9348,252,10440,18047,19788,XGBOOST,XGB_11,29
0.085,0.7555173780890709,0.5371687802866275,0.9745604190048635,0.6692333198246325,0.8218968694147479,0.6925888999667664,0.8380786925328959,0.3307666801753675,0.02543958099513655,0.5799379669092746,18165,8978,272,10420,18437,19398,XGBOOST,XGB_11,29
0.09,0.7637637108497423,0.5460996635828427,0.9716610549943884,0.6818700954205504,0.8267655752074694,0.699219275811011,0.8406428016571724,0.31812990457944956,0.02833894500561167,0.5885289502086297,18508,8635,303,10389,18811,19024,XGBOOST,XGB_11,29
0.095,0.7723536408087749,0.5558360638126444,0.9678264122708568,0.6953542349777107,0.8315903236242836,0.7061312224913849,0.8428769243300481,0.30464576502228935,0.032173587729143284,0.597284574466721,18874,8269,344,10348,19218,18617,XGBOOST,XGB_11,29
0.1,0.7822386679000926,0.5675869289689756,0.9633370744481855,0.7109015215709391,0.8371192980095623,0.714310482332952,0.845440367725519,0.2890984784290609,0.03666292555181444,0.6076713877135906,19296,7847,392,10300,19688,18147,XGBOOST,XGB_11,29
0.105,0.7924937227434915,0.5803586581433501,0.959502431724654,0.7267067015436761,0.843104566634165,0.723254256406641,0.8486227148647532,0.27329329845632394,0.040497568275346056,0.6192797670769645,19725,7418,433,10259,20158,17677,XGBOOST,XGB_11,29
0.11,0.8014536804546055,0.592302333681644,0.9542648709315376,0.7412592565302288,0.8477620637308831,0.7309262841177734,0.8503350335033503,0.2587407434697712,0.0457351290684624,0.6288541299031127,20120,7023,489,10203,20609,17226,XGBOOST,XGB_11,29
0.115,0.8105722214880402,0.6051673727549376,0.948559670781893,0.7562170725417234,0.8523883716618081,0.7389166150595606,0.8518823391066239,0.24378292745827654,0.051440329218107,0.6388395829162106,20526,6617,550,10142,21076,16759,XGBOOST,XGB_11,29
0.12,0.8192943042156733,0.618157297860602,0.9431350542461654,0.7705117341487676,0.8568233941974666,0.7468246620996113,0.8534046478563329,0.22948826585123236,0.05686494575383464,0.6488338250373884,20914,6229,608,10084,21522,16313,XGBOOST,XGB_11,29
0.125,0.8284392758028281,0.6323483082351459,0.9386457164234941,0.785027447223962,0.8618365818237281,0.7556375409404058,0.8557444704036562,0.21497255277603802,0.0613542835765058,0.6603025930857978,21308,5835,656,10036,21964,15871,XGBOOST,XGB_11,29
0.13,0.8369763446544205,0.6462941404734187,0.9346240179573513,0.7985115867811222,0.8665678023692367,0.7641660931406286,0.8580628541988666,0.20148841321887778,0.0653759820426487,0.6715027013992894,21674,5469,699,9993,22373,15462,XGBOOST,XGB_11,29
0.135,0.8445354830183692,0.6599281819390876,0.9281705948372615,0.8115904653133404,0.869880530075301,0.7713952584531675,0.8583884025879667,0.18840953468665955,0.0718294051627385,0.6806376606200895,22029,5114,768,9924,22797,15038,XGBOOST,XGB_11,29
0.14,0.8528346768864807,0.6755997258396161,0.9219042274597831,0.8256272335408761,0.8737657305003296,0.7797642591567124,0.8592524146588096,0.1743727664591239,0.07809577254021699,0.6915052035528332,22410,4733,835,9857,23245,14590,XGBOOST,XGB_11,29
0.145,0.8609488568785516,0.692003111079686,0.9153572764683876,0.8395166341229783,0.8774369552956829,0.7881618683309846,0.8598513468398026,0.1604833658770217,0.08464272353161242,0.7025240261154505,22787,4356,905,9787,23692,14143,XGBOOST,XGB_11,29
0.15,0.8679265230606581,0.7068351855887267,0.9101197156752713,0.8513060457576539,0.8807128807164626,0.7956989247311829,0.860617316706465,0.1486939542423461,0.08988028432472876,0.7126008024192059,23107,4036,961,9731,24068,13767,XGBOOST,XGB_11,29
0.155,0.8736355226641999,0.7205103335074237,0.9031986531986532,0.8619902000515787,0.882594426625116,0.8015770906827142,0.8596072706556763,0.13800979994842133,0.0968013468013468,0.7203548999258279,23397,3746,1035,9657,24432,13403,XGBOOST,XGB_11,29
0.16,0.8799524250033038,0.7360663288807001,0.8967452300785634,0.873337508749954,0.8850413694142587,0.8084998735137869,0.8592321755027422,0.12666249125004606,0.10325476992143659,0.7297693527041692,23705,3438,1104,9588,24809,13026,XGBOOST,XGB_11,29
0.165,0.8856349940531254,0.750294927251278,0.8922558922558923,0.883026931437203,0.8876414118465477,0.8151407698551715,0.8597227979741542,0.11697306856279704,0.10774410774410774,0.7390104182415523,23968,3175,1152,9540,25120,12715,XGBOOST,XGB_11,29
0.17,0.8906567992599445,0.763952645566562,0.8872053872053872,0.8920163578086431,0.8896108725070151,0.8209788394132156,0.8594726827942376,0.1079836421913569,0.1127946127946128,0.7472061428950402,24212,2931,1206,9486,25418,12417,XGBOOST,XGB_11,29
0.175,0.8948063961940003,0.7758960868135482,0.8827160493827161,0.8995689496371072,0.8911424995099116,0.8258662933146658,0.8590621131580864,0.10043105036289282,0.11728395061728394,0.7541605341263791,24417,2726,1254,9438,25671,12164,XGBOOST,XGB_11,29
0.18,0.8985595348222545,0.787162728339199,0.8786008230452675,0.9064215451497624,0.892511184097515,0.8303721382480332,0.8586523344667472,0.09357845485023764,0.12139917695473251,0.7606574922088405,24603,2540,1298,9394,25901,11934,XGBOOST,XGB_11,29
0.185,0.9010968679793842,0.7952421410365336,0.8754208754208754,0.9112109936263494,0.8933159345236124,0.8334075327219304,0.8581172760277238,0.08878900637365067,0.12457912457912458,0.7650905529020599,24733,2410,1332,9360,26065,11770,XGBOOST,XGB_11,29
0.19,0.9040835205497555,0.8054138199429214,0.8710250654695099,0.9171056994436871,0.8940653824565985,0.8369355201078409,0.8570613461927813,0.08289430055631286,0.12897493453049008,0.7703265181166697,24893,2250,1379,9313,26272,11563,XGBOOST,XGB_11,29
0.195,0.9069115897978063,0.8150817366848304,0.8673774784885896,0.9224846185020079,0.8949310484952988,0.8404168554599003,0.8563882835297161,0.07751538149799211,0.1326225215114104,0.7755439404134656,25039,2104,1418,9274,26457,11378,XGBOOST,XGB_11,29
0.2,0.9096339368309766,0.8247164925439772,0.8638234193789749,0.9276793280035368,0.8957513736912559,0.8438170937828331,0.8557081179239165,0.07232067199646318,0.13617658062102506,0.7807045305213781,25180,1963,1456,9236,26636,11199,XGBOOST,XGB_11,29
0.205,0.9115105061451038,0.8317073170731707,0.8611111111111112,0.931363519139373,0.8962373151252421,0.8461538461538461,0.8550651955867602,0.06863648086062706,0.1388888888888889,0.7843074349625244,25280,1863,1485,9207,26765,11070,XGBOOST,XGB_11,29
0.21,0.9134663671203912,0.8387833394227256,0.8588664421997755,0.9349740264524924,0.896920234326134,0.8487060998151571,0.8547732519174918,0.06502597354750765,0.14113355780022446,0.7882301907428504,25378,1765,1509,9183,26887,10948,XGBOOST,XGB_11,29
0.215,0.9154222280956786,0.8462747273063412,0.8562476618032173,0.9387319014110452,0.8974897816071312,0.8512319851231984,0.8542343149330047,0.061268098588954795,0.14375233819678265,0.7921771527075203,25480,1663,1537,9155,27017,10818,XGBOOST,XGB_11,29
0.22,0.9169552002114444,0.8522112334390745,0.8542835765057988,0.9416424124083558,0.8979629944570773,0.8532461466604391,0.8538683019855663,0.05835758759164426,0.14571642349420127,0.795341029624494,25559,1584,1558,9134,27117,10718,XGBOOST,XGB_11,29
0.225,0.9189374917404519,0.8593646903572438,0.8526936026936027,0.945031868253325,0.8988627354734638,0.8560161494765505,0.8540195215167581,0.05496813174667502,0.1473063973063973,0.7996182776608866,25651,1492,1575,9117,27226,10609,XGBOOST,XGB_11,29
0.23,0.9203911721950575,0.8655054254711594,0.8504489337822672,0.9479423792506355,0.8991956565164514,0.8579111236909143,0.8534181777227166,0.05205762074936448,0.1495510662177329,0.8026822008116947,25730,1413,1599,9093,27329,10506,XGBOOST,XGB_11,29
0.235,0.9216598387736223,0.8712528823981552,0.8481107369996259,0.9506318387797958,0.8993712878897109,0.8595260663507109,0.8526402888521138,0.049368161220204106,0.15188926300037411,0.8053644176163505,25803,1340,1624,9068,27427,10408,XGBOOST,XGB_11,29
0.24,0.9230606581207876,0.8774619190841176,0.8458660680882903,0.9534686659543897,0.89966736702134,0.8613743511595789,0.8520018841262367,0.04653133404561029,0.15413393191170968,0.8084136084964954,25880,1263,1648,9044,27528,10307,XGBOOST,XGB_11,29
0.245,0.924725783005154,0.884359074872599,0.8439955106621774,0.9565265445971337,0.9002610276296555,0.8637059724349158,0.8517707468096353,0.043473455402866304,0.15600448933782268,0.8121723006918992,25963,1180,1668,9024,27631,10204,XGBOOST,XGB_11,29
0.25,0.925254394079556,0.8875418884289376,0.84221848110737,0.9579633791401098,0.9000909301237399,0.8642863998464344,0.8509090221869448,0.04203662085989021,0.15778151889263,0.8132911297558933,26002,1141,1687,9005,27689,10146,XGBOOST,XGB_11,29
0.255,0.9261266023523193,0.8915220624690133,0.8409090909090909,0.9596949489739528,0.9003020199415219,0.8654762477739808,0.8505666660359866,0.04030505102604723,0.1590909090909091,0.81527989120757,26049,1094,1701,8991,27750,10085,XGBOOST,XGB_11,29
0.26,0.9267080745341615,0.8950414047690313,0.839038533482978,0.961242309251004,0.900140421366991,0.8661356504948106,0.8496713454944973,0.03875769074899606,0.16096146651702206,0.816555754314277,26091,1052,1721,8971,27812,10023,XGBOOST,XGB_11,29
0.265,0.9274745605920444,0.8992364878440828,0.837167976056865,0.9630475629075637,0.9001077694822144,0.867092899350964,0.848886612799211,0.036952437092436355,0.16283202394313506,0.818299691475944,26140,1003,1741,8951,27881,9954,XGBOOST,XGB_11,29
0.27,0.927871018897846,0.9019687026754165,0.8355780022446689,0.9642265040710312,0.89990225315785,0.8675049764528815,0.8480625747536689,0.03577349592896879,0.1644219977553311,0.8191803710759072,26172,971,1758,8934,27930,9905,XGBOOST,XGB_11,29
0.275,0.9285053521871284,0.9057198008737174,0.8338009726898615,0.9658107062594408,0.8998058394746511,0.8682736790844899,0.8472562772043869,0.03418929374055926,0.16619902731013841,0.8206478193208132,26215,928,1777,8915,27992,9843,XGBOOST,XGB_11,29
0.28,0.9287167966168891,0.9077001529831719,0.8323980546202768,0.9666580702206831,0.89952806242048,0.8684197687466458,0.8464420900462215,0.03334192977931695,0.16760194537972314,0.8211080979670797,26238,905,1792,8900,28030,9805,XGBOOST,XGB_11,29
0.285,0.929192546583851,0.9101238611935715,0.831556303778526,0.9676528018273588,0.8996045528029424,0.8690679829920336,0.8461655595104401,0.032347198172641194,0.168443696221474,0.8222492886423138,26265,878,1801,8891,28066,9769,XGBOOST,XGB_11,29
0.29,0.930011893749174,0.913871166906771,0.8306210250654695,0.9691633201930516,0.8998921726292606,0.8702596766291034,0.8460351331783714,0.030836679806948385,0.1693789749345305,0.8242488686444213,26306,837,1811,8881,28117,9718,XGBOOST,XGB_11,29
0.295,0.9307519492533368,0.9177188987787208,0.8293116348671904,0.9707106804701028,0.9000111576686466,0.871278372801415,0.8456036620255578,0.02928931952989721,0.17068836513280958,0.8260577979698317,26348,795,1825,8867,28173,9662,XGBOOST,XGB_11,29
0.3,0.931306990881459,0.9203282434818739,0.8286569397680509,0.9717422539881369,0.9001995968780938,0.8720901619174173,0.8455005248592422,0.028257746011863094,0.17134306023194912,0.8274340857908699,26376,767,1832,8860,28208,9627,XGBOOST,XGB_11,29
0.305,0.9319148936170213,0.9233256832881285,0.8278151889263,0.9729211951516045,0.9003681920389522,0.8729657757175263,0.8453031287007678,0.027078804848395536,0.17218481107369996,0.8289488040118047,26408,735,1841,8851,28249,9586,XGBOOST,XGB_11,29
0.31,0.9323377824765429,0.9258483452031839,0.8267863823419379,0.9739159267582802,0.9003511545501091,0.8735177865612648,0.8448658154293142,0.02608407324171978,0.1732136176580621,0.830003318831784,26435,708,1852,8840,28287,9548,XGBOOST,XGB_11,29
0.315,0.9331042685344259,0.9294811072518683,0.825944631500187,0.9753159193898979,0.9006302754450425,0.874659535482593,0.8447645832137597,0.024684080610102053,0.17405536849981296,0.8319429692171575,26473,670,1861,8831,28334,9501,XGBOOST,XGB_11,29
0.32,0.9336593101625479,0.9321783224170717,0.8252899364010475,0.9763474929079321,0.9008187146544898,0.8754836789364024,0.8446605659149213,0.023652507092067936,0.1747100635989525,0.8333570644830396,26501,642,1868,8824,28369,9466,XGBOOST,XGB_11,29
0.325,0.9338707545923087,0.9345288624787776,0.8236999625888515,0.9772685406918911,0.9004842516403713,0.8756213959037582,0.8437116799509505,0.022731459308108905,0.17630003741114852,0.8338980113206593,26526,617,1885,8807,28411,9424,XGBOOST,XGB_11,29
0.33,0.9343993656667107,0.9374467178175618,0.8227646838757949,0.9783737980326419,0.9005692409542184,0.8763697947798366,0.8434000613591041,0.021626201967358066,0.177235316124205,0.8352629624152339,26556,587,1895,8797,28451,9384,XGBOOST,XGB_11,29
0.335,0.9347693934187922,0.9397860962566845,0.8218294051627385,0.9792580039052426,0.9005437045339906,0.8768585969464125,0.8429909052534633,0.020741996094757395,0.1781705948372615,0.8362273870583495,26580,563,1905,8787,28485,9350,XGBOOST,XGB_11,29
0.34,0.9351129906171535,0.9417569451893167,0.821174710063599,0.9799948421324098,0.9005847760980044,0.8773419935048714,0.842755946324701,0.02000515786759017,0.17882528993640104,0.8371266173688605,26600,543,1912,8780,28512,9323,XGBOOST,XGB_11,29
0.345,0.9351922822783137,0.943010752688172,0.8202394313505424,0.9804737869800685,0.9003566091653055,0.8773509403761504,0.8421679342398402,0.019526213019931474,0.17976056864945753,0.8373460648152604,26613,530,1922,8770,28535,9300,XGBOOST,XGB_11,29
0.35,0.9354830183692349,0.9446060997952366,0.8197717919940142,0.9810632575618023,0.9004175247779083,0.87777277051725,0.8420273983130632,0.018936742438197693,0.1802282080059858,0.8381122659952516,26629,514,1927,8765,28556,9279,XGBOOST,XGB_11,29
0.355,0.9357473239064359,0.9462992976769314,0.8191170968948747,0.9816895700548944,0.9004033334748845,0.878127036647115,0.8417430751782866,0.018310429945105552,0.18088290310512534,0.838816094461471,26646,497,1934,8758,28580,9255,XGBOOST,XGB_11,29
0.36,0.9356416016915554,0.9469524737468875,0.8180882903105126,0.981947463434403,0.9000178768724578,0.8778162476792614,0.8409768291510431,0.01805253656559702,0.18191170968948747,0.8385606747047506,26653,490,1945,8747,28598,9237,XGBOOST,XGB_11,29
0.365,0.9358001850138761,0.9484424183219364,0.8172465394687617,0.9825000921047784,0.89987331578677,0.8779703592062296,0.8404994132471479,0.017499907895221604,0.1827534605312383,0.8389967793028846,26668,475,1954,8738,28622,9213,XGBOOST,XGB_11,29
0.37,0.9361173516585173,0.9499728113104948,0.8169659558548448,0.9830527207751538,0.9000093383149993,0.8784633177452608,0.840501895579547,0.016947279224846186,0.18303404414515526,0.8398392171582124,26683,460,1957,8735,28640,9195,XGBOOST,XGB_11,29
0.375,0.9362495044271177,0.9512753433616743,0.8162177328843996,0.9835316656228125,0.899874699253606,0.8785865297493205,0.840071618343537,0.016468334377187487,0.18378226711560045,0.8402089106666776,26696,447,1965,8727,28661,9174,XGBOOST,XGB_11,29
0.38,0.9364080877494384,0.9527868852459016,0.8153759820426487,0.9840842942931879,0.8997301381679184,0.8787420622921076,0.8395932046689009,0.01591570570681207,0.18462401795735128,0.8406540577208219,26711,432,1974,8718,28685,9150,XGBOOST,XGB_11,29
0.385,0.9364345183031585,0.9539826887257588,0.8143471754582866,0.9845263972294883,0.8994367863438875,0.8786517987789496,0.8389054822237211,0.015473602770511734,0.18565282454171342,0.8407579042704026,26723,420,1985,8707,28708,9127,XGBOOST,XGB_11,29
0.39,0.9364345183031585,0.954779936340687,0.8135989524878414,0.9848211325203552,0.8992100425040983,0.8785537544816442,0.8383931841400182,0.015178867479644843,0.18640104751215864,0.8407838664341692,26731,412,1993,8699,28724,9111,XGBOOST,XGB_11,29
0.395,0.936593101625479,0.9562108042688965,0.8128507295173962,0.9853369192793722,0.8990938243983841,0.8787220059653204,0.8379775150895733,0.014663080720627787,0.18714927048260382,0.8412336553829357,26745,398,2001,8691,28746,9089,XGBOOST,XGB_11,29
0.4,0.9367516849477997,0.957345971563981,0.812383090160868,0.9857421803043142,0.899062635232591,0.8789273969137364,0.8377539013522116,0.014257819695685812,0.18761690983913207,0.8416750699576167,26756,387,2006,8686,28762,9073,XGBOOST,XGB_11,29
0.405,0.9370159904850006,0.9590100541376644,0.811821922933034,0.986331650886048,0.8990767869095411,0.8792989920478144,0.8375306354811942,0.013668349113952032,0.18817807706696596,0.8424051350715804,26772,371,2012,8680,28784,9051,XGBOOST,XGB_11,29
0.41,0.9372274349147615,0.9609799357055758,0.8107931163486719,0.9870316472018569,0.8989123817752644,0.8795211281895197,0.8369537932765645,0.012968352798143167,0.1892068836513281,0.8430178942486035,26791,352,2023,8669,28814,9021,XGBOOST,XGB_11,29
0.415,0.9374388793445223,0.962860002223952,0.8098578376356154,0.9876948016063073,0.8987763196209613,0.8797561595123189,0.8364405633585131,0.012305198393692665,0.19014216236438458,0.8436314701755478,26809,334,2033,8659,28842,8993,XGBOOST,XGB_11,29
0.42,0.9374388793445223,0.9637883008356546,0.8090160867938646,0.9880263788085326,0.8985212328011987,0.8796461076930899,0.8358618557099512,0.011973621191467413,0.19098391320613542,0.8436736148863034,26818,325,2042,8650,28860,8975,XGBOOST,XGB_11,29
0.425,0.9373331571296418,0.964186098404552,0.8082678638234194,0.988173746453966,0.8982208051386927,0.8793691172729585,0.835282519185788,0.011826253546033968,0.1917321361765806,0.8434264324692858,26822,321,2050,8642,28872,8963,XGBOOST,XGB_11,29
0.43,0.9372538654684816,0.9645889186773905,0.8076131687242798,0.9883211140993995,0.8979671414118396,0.8791488495214823,0.8347834493426141,0.011678885900600523,0.19238683127572018,0.8432462581815559,26826,317,2057,8635,28883,8952,XGBOOST,XGB_11,29
0.435,0.9372538654684816,0.965420769919427,0.8068649457538346,0.9886158493902664,0.8977403975720505,0.8790503362543306,0.8342681417298468,0.011384150609733633,0.19313505424616537,0.8432864265174237,26834,309,2065,8627,28899,8936,XGBOOST,XGB_11,29
0.44,0.9374653098982424,0.9664948453608248,0.8066778900112234,0.98898426850385,0.8978310792575367,0.8793841761827079,0.8342683587402306,0.01101573149615002,0.19332210998877666,0.843870420827802,26844,299,2067,8625,28911,8924,XGBOOST,XGB_11,29
0.445,0.9376238932205629,0.9675645342312009,0.8063037785260008,0.9893526876174336,0.8978282330717171,0.8796041220283646,0.8341073570958628,0.010647312382566408,0.19369622147399926,0.8443226873200491,26854,289,2071,8621,28925,8910,XGBOOST,XGB_11,29
0.45,0.9377031848817232,0.968521641371557,0.8057426112981668,0.9896842648196589,0.8977134380589129,0.8796650839842752,0.8337688481118015,0.010315735180341156,0.19425738870183315,0.8445714954352515,26863,280,2077,8615,28940,8895,XGBOOST,XGB_11,29
0.455,0.9376238932205629,0.9689329131022062,0.8050879161990273,0.9898316324650923,0.8974597743320598,0.8794442174090722,0.8332687988848447,0.010168367534907711,0.1949120838009727,0.8443947337376576,26867,276,2084,8608,28951,8884,XGBOOST,XGB_11,29
0.46,0.9377296154354434,0.9704288939051918,0.8041526374859708,0.9903474192241093,0.89725002835504,0.8795008183306054,0.8326876888510112,0.009652580775890653,0.19584736251402918,0.8447413389090158,26881,262,2094,8598,28975,8860,XGBOOST,XGB_11,29
0.465,0.9379674904189242,0.9719488745617012,0.8036849981294426,0.9908632059831264,0.8972741020562844,0.8798443659448114,0.8325098335561628,0.009136794016873595,0.19631500187055742,0.8454226640430358,26895,248,2099,8593,28994,8841,XGBOOST,XGB_11,29
0.47,0.9378089070966037,0.9723575393678486,0.8027497194163861,0.9910105736285598,0.8968801465224729,0.8794507915364517,0.8317666440546564,0.00898942637144015,0.1972502805836139,0.8450498164314266,26899,244,2109,8583,29008,8827,XGBOOST,XGB_11,29
0.475,0.9375974626668429,0.9735136978515403,0.8009726898615788,0.9914158346535018,0.8961942622575403,0.8788547385704757,0.8304082226316299,0.008584165346498177,0.19902731013842126,0.8445899889159441,26910,233,2128,8564,29038,8797,XGBOOST,XGB_11,29
0.48,0.9377296154354434,0.9747152619589977,0.8004115226337448,0.9918210956784438,0.8961163091560943,0.8790057518488085,0.8301001008768526,0.008178904321556203,0.19958847736625515,0.8449936008383445,26921,222,2134,8558,29055,8780,XGBOOST,XGB_11,29
0.485,0.9377296154354434,0.9751481988144095,0.8000374111485222,0.9919684633238772,0.8960029372361997,0.8789560213727908,0.8298409002716337,0.008031536676122757,0.19996258885147775,0.8450205463636716,26925,218,2138,8554,29063,8772,XGBOOST,XGB_11,29
0.49,0.9378617682040439,0.9765741058164781,0.799289188178077,0.992447408171536,0.8958682981748065,0.8790824461245692,0.8294027446184902,0.00755259182846406,0.20071081182192294,0.845440811055454,26938,205,2146,8546,29084,8751,XGBOOST,XGB_11,29
0.495,0.9375974626668429,0.9768746422438466,0.7980733258511036,0.992557933905611,0.8953156298783573,0.8784681113913625,0.8283983457274331,0.007442066094388977,0.20192667414889637,0.8448010220334109,26941,202,2159,8533,29100,8735,XGBOOST,XGB_11,29
0.5,0.9377031848817232,0.9777599449730597,0.797699214365881,0.992852669196478,0.8952759417811795,0.8785990213752253,0.8282029869297548,0.007147330803522087,0.20230078563411896,0.8451228004148956,26949,194,2163,8529,29112,8723,XGBOOST,XGB_11,29
0.505,0.9377296154354434,0.9782010096374484,0.7974186307519641,0.9930000368419114,0.8952093337969378,0.8786067600989282,0.8280242405407503,0.006999963158088642,0.2025813692480359,0.8452180207030857,26953,190,2166,8526,29119,8716,XGBOOST,XGB_11,29
0.51,0.9377560459891635,0.978752727690364,0.7970445192667415,0.9931842463987032,0.8951143828327224,0.8786019897932882,0.8277804759592035,0.006815753601296835,0.2029554807332585,0.8453209411313671,26958,185,2170,8522,29128,8707,XGBOOST,XGB_11,29
0.515,0.9377560459891635,0.9794134560092007,0.7964833520389076,0.9934052978668534,0.8949443249528806,0.8785268478877598,0.8273905524357306,0.006594702133146667,0.2035166479610924,0.8453658599576783,26964,179,2176,8516,29140,8695,XGBOOST,XGB_11,29
0.52,0.9378089070966037,0.9799700702198688,0.7962027684249906,0.9935895074236452,0.8948961379243179,0.8785799060839052,0.8272276746671849,0.006410492576354862,0.20379723157500934,0.8455357783460188,26969,174,2179,8513,29148,8687,XGBOOST,XGB_11,29
0.525,0.9379146293114841,0.9806429312132734,0.7960157126823794,0.9938105588917953,0.8949131357870873,0.8787362552268856,0.8271619336404454,0.006189441108204694,0.20398428731762064,0.8458457251934058,26975,168,2181,8511,29156,8679,XGBOOST,XGB_11,29
0.53,0.9379146293114841,0.9811973699388626,0.7955480733258511,0.9939947684485871,0.8947714208872191,0.8786736222302567,0.8268367128720572,0.006005231551412887,0.2044519266741489,0.8458846842954837,26980,163,2186,8506,29166,8669,XGBOOST,XGB_11,29
0.535,0.9379146293114841,0.9817530892712785,0.7950804339693228,0.9941789780053789,0.8946297059873509,0.8786109245000258,0.8265113656250607,0.005821021994621081,0.20491956603067715,0.8459241487150232,26985,158,2191,8501,29176,8659,XGBOOST,XGB_11,29
0.54,0.9379146293114841,0.9823100936524454,0.7946127946127947,0.9943631875621707,0.8944879910874827,0.8785481619357841,0.8261858918256608,0.005636812437829274,0.2053872053872054,0.8459641197109519,26990,153,2196,8496,29186,8649,XGBOOST,XGB_11,29
0.545,0.9378617682040439,0.982864420516383,0.793958099513655,0.9945473971189626,0.8942527483163087,0.8783692896683739,0.8256978893103782,0.005452602881037469,0.20604190048634494,0.8458729005833721,26995,148,2203,8489,29198,8637,XGBOOST,XGB_11,29
0.55,0.9378353376503238,0.983534322820037,0.7933034044145155,0.9947684485871127,0.8940359265008141,0.8782356595568441,0.8252257160647571,0.005231551412887301,0.20669659558548448,0.8458563782735863,27001,142,2210,8482,29211,8624,XGBOOST,XGB_11,29
0.555,0.9378089070966037,0.9839814277423099,0.7928357650579873,0.9949158162325461,0.8938757906452667,0.8781271041591133,0.8248837164042582,0.005084183767453856,0.20716423494201272,0.845823866325581,27005,138,2215,8477,29220,8615,XGBOOST,XGB_11,29
0.56,0.9377560459891635,0.9842025786967128,0.7924616535727647,0.9949895000552629,0.8937255768140138,0.8779855966012124,0.8245907701889951,0.005010499944737133,0.20753834642723532,0.8457090500935545,27007,136,2219,8473,29226,8609,XGBOOST,XGB_11,29
0.565,0.9377031848817232,0.9843114468332365,0.7921810699588477,0.9950263419666212,0.8936037059627344,0.8778566616572524,0.8243629922332744,0.004973658033378772,0.20781893004115226,0.8455858909122099,27008,135,2222,8470,29230,8605,XGBOOST,XGB_11,29
0.57,0.9376238932205629,0.9847568070747033,0.7915263748597082,0.9951737096120546,0.8933500422358814,0.8776314424971483,0.8238581052139714,0.0048262903879453265,0.2084736251402918,0.8454225159667574,27012,131,2229,8463,29241,8594,XGBOOST,XGB_11,29
0.575,0.9374388793445223,0.9849702901083537,0.7906846240179574,0.9952473934347714,0.8929660087263644,0.8771984435797666,0.823158263714436,0.004752606565228604,0.20931537598204264,0.8449792442930594,27014,129,2238,8454,29252,8583,XGBOOST,XGB_11,29
0.58,0.9372274349147615,0.9851825924629565,0.7897493453049008,0.9953210772574881,0.8925352112811944,0.8767066396719099,0.8223767506184383,0.004678922742511881,0.21025065469509913,0.844470382436382,27016,127,2248,8444,29264,8571,XGBOOST,XGB_11,29
0.585,0.9372538654684816,0.9857509927587013,0.7893752338196782,0.99550528681428,0.8924402603169791,0.8767009452581283,0.822131307227742,0.004494713185720075,0.21062476618032175,0.8445798602037974,27021,122,2252,8440,29273,8562,XGBOOST,XGB_11,29
0.59,0.937095282146161,0.9859681945743686,0.788627010849233,0.9955789706369966,0.8921029907431148,0.8763250883392226,0.8215120810600155,0.004421029363003353,0.21137298915076694,0.8442030542812604,27023,120,2260,8432,29283,8552,XGBOOST,XGB_11,29
0.595,0.9370688515924409,0.9865355344807399,0.7880658436213992,0.9957631801937884,0.8919145119075937,0.8762023605261791,0.8211035101054396,0.0042368198062115465,0.21193415637860083,0.8441819061878633,27028,115,2266,8426,29294,8541,XGBOOST,XGB_11,29
0.6,0.9369895599312805,0.9869871043376319,0.7874111485222597,0.995910547839222,0.8916608481807409,0.8759754448028302,0.820597294241491,0.004089452160778101,0.21258885147774037,0.8440208509416427,27032,111,2273,8419,29305,8530,XGBOOST,XGB_11,29
0.605,0.9369102682701203,0.9872110759122374,0.7869435091657314,0.9959842316619386,0.891463870413835,0.8757741347905282,0.820221871283461,0.004015768338061379,0.2130564908342686,0.8438419457219573,27034,109,2278,8414,29312,8523,XGBOOST,XGB_11,29
0.61,0.9368574071626801,0.9877805193279285,0.7862888140665918,0.9961684412187304,0.8912286276426611,0.8755923553611414,0.8197312740108036,0.003831558781269572,0.21371118593340815,0.8437564768497705,27039,104,2285,8407,29324,8511,XGBOOST,XGB_11,29
0.615,0.9366723932866393,0.988,0.785447063224841,0.9962421250414472,0.8908445941331441,0.8751563151313048,0.8190294140594523,0.0037578749585528495,0.214552936775159,0.8433153286545465,27041,102,2294,8398,29335,8500,XGBOOST,XGB_11,29
0.62,0.9367252543940796,0.9886925795053003,0.7850729517396184,0.9964631765095974,0.8907680641246079,0.8751954957772912,0.8187990167388506,0.003536823490402682,0.2149270482603816,0.8435028521049968,27047,96,2298,8394,29345,8490,XGBOOST,XGB_11,29
0.625,0.9366988238403594,0.9890368973240599,0.7846988402543958,0.9965737022436724,0.8906362712490341,0.8750977835723598,0.8185206142319174,0.0034262977563275982,0.21530115974560418,0.8434656039264827,27050,93,2302,8390,29352,8483,XGBOOST,XGB_11,29
0.63,0.936593101625479,0.9892625368731564,0.7841376730265619,0.9966473860663891,0.8903925295464755,0.8748369593572286,0.818062954940187,0.0033526139336108756,0.21586232697343807,0.8432221642267765,27052,91,2308,8384,29360,8475,XGBOOST,XGB_11,29
0.635,0.9364609488568786,0.9894873612095441,0.7834829779274224,0.9967210698891058,0.8901020239082641,0.874517172982566,0.8175235195378071,0.003278930110894153,0.21651702207257764,0.8429132600222943,27054,89,2315,8377,29369,8466,XGBOOST,XGB_11,29
0.64,0.9364080877494384,0.9899479659413434,0.7829218106995884,0.9968684375345392,0.8898951241170638,0.8743471903070817,0.8170974543182882,0.0031315624654607082,0.21707818930041153,0.842820724997913,27058,85,2321,8371,29379,8456,XGBOOST,XGB_11,29
0.645,0.9363023655345579,0.9902912621359223,0.7822671156004489,0.9969789632686143,0.8896230394345317,0.8740725258647717,0.8165735931581208,0.0030210367313856243,0.21773288439955107,0.8425876339506924,27061,82,2328,8364,29389,8446,XGBOOST,XGB_11,29
0.65,0.9361966433196776,0.9905190803507941,0.7817059483726151,0.9970526470913311,0.8893792977319731,0.8738107684265553,0.8161152989883999,0.0029473529086689017,0.21829405162738497,0.8423449661090419,27063,80,2334,8358,29397,8438,XGBOOST,XGB_11,29
0.655,0.9361437822122374,0.9906331515295234,0.7814253647586981,0.9970894890026895,0.8892574268806938,0.8736798075917599,0.815886098199289,0.0029105109973105404,0.2185746352413019,0.8422236882652957,27064,79,2337,8355,29401,8434,XGBOOST,XGB_11,29
0.66,0.9360644905510771,0.9908627032158538,0.7809577254021699,0.9971631728254062,0.8890604491137881,0.8734766462681103,0.815509327082723,0.002836827174593818,0.21904227459783016,0.8420468121429946,27066,77,2342,8350,29408,8427,XGBOOST,XGB_11,29
0.665,0.9360380599973569,0.9912114014251782,0.7805836139169473,0.9972736985594812,0.8889286562382143,0.8733779824194224,0.8152301320622021,0.0027263014405187343,0.21941638608305275,0.8420111937122484,27069,74,2346,8346,29415,8420,XGBOOST,XGB_11,29
0.67,0.9359851988899167,0.9916765755053508,0.7800224466891134,0.9974210662049147,0.888721756447014,0.8732069940320386,0.8148032357653678,0.002578933795085289,0.21997755331088664,0.8419203536344061,27073,70,2352,8340,29425,8410,XGBOOST,XGB_11,29
0.675,0.9359587683361966,0.9917925538241942,0.779835390946502,0.9974579081162731,0.8886466495313876,0.8731347190952405,0.8146555935515389,0.002542091883726928,0.22016460905349794,0.8418649425156953,27074,69,2354,8338,29428,8407,XGBOOST,XGB_11,29
0.68,0.9359851988899167,0.9924964268699381,0.7793677515899738,0.9976789595844232,0.8885233555871985,0.873113998323554,0.814342115549996,0.00232104041557676,0.22063224841002618,0.8419916473992655,27080,63,2359,8333,29439,8396,XGBOOST,XGB_11,29
0.685,0.9359587683361966,0.9926128916954605,0.7791806958473625,0.9977158014957817,0.8884482486715721,0.8730416557505895,0.8141944058951154,0.0022841985042183987,0.22081930415263748,0.841936419397476,27081,62,2361,8331,29442,8393,XGBOOST,XGB_11,29
0.69,0.9359323377824765,0.9928469241773963,0.7789001122334456,0.9977894853184983,0.8883447987759719,0.8729559748427673,0.813980764719681,0.0022105146815016765,0.22109988776655443,0.8418915447834913,27083,60,2364,8328,29447,8388,XGBOOST,XGB_11,29
0.695,0.9358530461213163,0.9930795847750865,0.7784324728769173,0.9978631691412151,0.8881478210090662,0.872752057882871,0.813603394005748,0.002136830858784954,0.22156752712308267,0.8417158105951544,27085,58,2369,8323,29454,8381,XGBOOST,XGB_11,29
0.7,0.9358266155675962,0.9933142311365807,0.7781518892630004,0.9979368529639318,0.888044371113466,0.8726662471155863,0.8133896449241357,0.0020631470360682313,0.22184811073699962,0.8416711624904823,27087,56,2372,8320,29459,8376,XGBOOST,XGB_11,29
0.705,0.9357473239064359,0.9933118356622477,0.7778713056490835,0.9979368529639318,0.8879040793065076,0.8724888539207972,0.8131440527169981,0.0020631470360682313,0.22212869435091656,0.8414747382648491,27087,56,2375,8317,29462,8373,XGBOOST,XGB_11,29
0.71,0.9357208933527157,0.9933110367892977,0.7777777777777778,0.9979368529639318,0.8878573153708548,0.872429710449014,0.8130621822448182,0.0020631470360682313,0.2222222222222222,0.8414092622259973,27087,56,2376,8316,29463,8372,XGBOOST,XGB_11,29
0.715,0.9355623100303951,0.9934241989478718,0.7771230826786383,0.9979736948752901,0.8875483887769642,0.8720612930310663,0.8125048893061096,0.00202630512470987,0.22287691732136178,0.8410268895829887,27088,55,2383,8309,29471,8364,XGBOOST,XGB_11,29
0.72,0.9354830183692349,0.9940126930906479,0.7763748597081931,0.998157904432082,0.8872663820701375,0.8718164154807542,0.811929028345625,0.0018420955679180637,0.22362514029180697,0.8408833421376892,27093,50,2391,8301,29484,8351,XGBOOST,XGB_11,29
0.725,0.9353508656006343,0.9940091061586389,0.7759072203516648,0.998157904432082,0.8870325623918733,0.8715201176594181,0.8115193489063662,0.0018420955679180637,0.2240927796483352,0.840556065490054,27093,50,2396,8296,29489,8346,XGBOOST,XGB_11,29
0.73,0.9353508656006343,0.9941275167785235,0.7758136924803591,0.9981947463434403,0.8870042194118997,0.871506619037613,0.8114532790734074,0.0018052536565597024,0.22418630751964086,0.8405667307359262,27094,49,2397,8295,29491,8344,XGBOOST,XGB_11,29
0.735,0.9352980044931941,0.9946004319654428,0.7752525252525253,0.9983421139888737,0.8867973196206995,0.8713339640491958,0.8110250088059175,0.0016578860111262572,0.22474747474747475,0.8404787413890081,27098,45,2403,8289,29501,8334,XGBOOST,XGB_11,29
0.74,0.9351129906171535,0.9945958928785877,0.7745978301533857,0.9983421139888737,0.8864699720711298,0.8709185551290815,0.8104511204618847,0.0016578860111262572,0.2254021698466143,0.8400206843578235,27098,45,2410,8282,29508,8327,XGBOOST,XGB_11,29
0.745,0.935007268402273,0.9945932956866514,0.7742237186681631,0.9983421139888737,0.8862829163285184,0.8706810412831975,0.81012311365994,0.0016578860111262572,0.2257762813318369,0.8397589229371992,27098,45,2414,8278,29512,8323,XGBOOST,XGB_11,29
0.75,0.9349015461873926,0.9948286229705352,0.7736625514403292,0.9984157978115905,0.8860391746259599,0.8704161624664598,0.8096627057925337,0.0015842021884095348,0.22633744855967078,0.8395188831699939,27100,43,2420,8272,29520,8315,XGBOOST,XGB_11,29
0.755,0.9347693934187922,0.9948255114320096,0.773194912083801,0.9984157978115905,0.8858053549476957,0.8701189348489633,0.80925251576021,0.0015842021884095348,0.22680508791619902,0.839191700985769,27100,43,2425,8267,29525,8310,XGBOOST,XGB_11,29
0.76,0.9346636712039117,0.9950614309804866,0.772633744855967,0.9984894816343072,0.8855616132451372,0.8698536379909444,0.8087918543176033,0.0015105183656928122,0.2273662551440329,0.8389518490822963,27102,41,2431,8261,29533,8302,XGBOOST,XGB_11,29
0.765,0.9345315184353112,0.995177817962628,0.7720725776281332,0.9985263235456655,0.8852994505868994,0.8695423184283984,0.8083152184556333,0.0014736764543344509,0.2279274223718668,0.8386356944340905,27103,40,2437,8255,29540,8295,XGBOOST,XGB_11,29
0.77,0.9344257962204309,0.9951754914968037,0.7716984661429106,0.9985263235456655,0.885112394844288,0.8693041142074487,0.8079868387551656,0.0014736764543344509,0.2283015338570894,0.8383739699768455,27103,40,2441,8251,29544,8291,XGBOOST,XGB_11,29
0.775,0.9341879212369499,0.9954095192075381,0.7706696595585485,0.9986000073683823,0.8846348334634654,0.8687401159725884,0.8071151510402381,0.0013999926316177282,0.22933034044145156,0.8378072605001488,27105,38,2452,8240,29557,8278,XGBOOST,XGB_11,29
0.78,0.9341350601295098,0.9955281605027798,0.7703890759446315,0.9986368492797406,0.884512962612186,0.8686069809132131,0.8068845264683986,0.0013631507202593672,0.2296109240553685,0.8376875488740342,27106,37,2455,8237,29561,8274,XGBOOST,XGB_11,29
0.785,0.9339236156997489,0.9955238325671425,0.7696408529741863,0.9986368492797406,0.8841388511269634,0.8681295495305412,0.8062272210683075,0.0013631507202593672,0.2303591470258137,0.8371641228098807,27106,37,2463,8229,29569,8266,XGBOOST,XGB_11,29
0.79,0.9336593101625479,0.9959990300678953,0.7683314627759072,0.998784216925174,0.8835578398505406,0.8674762407602958,0.8051395640583346,0.001215783074825922,0.23166853722409278,0.8365549361235445,27110,33,2477,8215,29587,8248,XGBOOST,XGB_11,29
0.795,0.9335535879476675,0.9964788732394366,0.7675832398054621,0.9989315845706075,0.8832574121880348,0.8671808960270498,0.804544741588895,0.001068415429392477,0.23241676019453797,0.8363388447597726,27114,29,2485,8207,29599,8236,XGBOOST,XGB_11,29
0.8,0.9333950046253469,0.9964763061968408,0.7670220725776281,0.9989315845706075,0.8829768285741177,0.8668216890392135,0.8040511392603633,0.001068415429392477,0.23297792742237186,0.8359464199237688,27114,29,2491,8201,29605,8230,XGBOOST,XGB_11,29
0.805,0.9331306990881459,0.996713729308666,0.7658997381219603,0.9990052683933243,0.8824525032576422,0.866194203511741,0.8030950886552644,0.0009947316066757543,0.23410026187803964,0.8353154048830301,27116,27,2503,8189,29619,8216,XGBOOST,XGB_11,29
0.81,0.9328399629972248,0.996709323583181,0.7648709315375982,0.9990052683933243,0.8819380999654612,0.8655342117796476,0.8021893943852627,0.0009947316066757543,0.2351290684624018,0.8345959230747524,27116,27,2514,8178,29630,8205,XGBOOST,XGB_11,29
0.815,0.9327871018897846,0.9969508476643493,0.7644968200523756,0.9990789522160409,0.8817878861342083,0.8653856333703879,0.8018914199383913,0.0009210477839590318,0.2355031799476244,0.8344883964606815,27118,25,2518,8174,29636,8199,XGBOOST,XGB_11,29
0.82,0.9326813796749042,0.9971920400439507,0.7639356528245417,0.9991526360387577,0.8815441444316496,0.8651167716994121,0.8014285994623127,0.0008473639612423092,0.2360643471754583,0.8342502041463032,27120,23,2524,8168,29644,8191,XGBOOST,XGB_11,29
0.825,0.932628518567464,0.9973128129962135,0.7636550692106248,0.999189477950116,0.8814222735803704,0.8649822554160708,0.8011971347267198,0.0008105220498839479,0.23634493078937524,0.8341311663924678,27121,22,2527,8165,29648,8187,XGBOOST,XGB_11,29
0.83,0.9322584908153826,0.9973082099596231,0.7623456790123457,0.999189477950116,0.8807675784812309,0.8641399416909621,0.800043187216584,0.0008105220498839479,0.23765432098765432,0.8332155978655913,27121,22,2541,8151,29662,8173,XGBOOST,XGB_11,29
0.835,0.9321791991542223,0.9975508204751409,0.7618780396558175,0.9992631617728328,0.8805706007143251,0.8639304274048151,0.7996623080849727,0.0007368382271672254,0.23812196034418256,0.8330431310922625,27123,20,2546,8146,29669,8166,XGBOOST,XGB_11,29
0.84,0.9319148936170213,0.9975478175576263,0.7609427609427609,0.9992631617728328,0.8801029613577969,0.8633276740237691,0.7988374833084597,0.0007368382271672254,0.23905723905723905,0.832389142581611,27123,20,2556,8136,29679,8156,XGBOOST,XGB_11,29
0.845,0.9317298797409805,0.9980346394791795,0.7599139543583988,0.9994105294182662,0.8796622418883325,0.8628471300376999,0.7979924964151722,0.0005894705817337803,0.2400860456416012,0.8319793986382823,27127,16,2567,8125,29694,8141,XGBOOST,XGB_11,29
0.85,0.93157129641866,0.9981556621172999,0.7592592592592593,0.9994473713296246,0.8793533152944419,0.8624701195219122,0.7974303058879001,0.0005526286703754191,0.24074074074074073,0.8315991655698827,27128,15,2574,8118,29702,8133,XGBOOST,XGB_11,29
0.855,0.9314920047574997,0.9984001968988432,0.758791619902731,0.9995210551523414,0.8791563375275362,0.8622595387395048,0.7970487680276653,0.0004789448476586965,0.241208380097269,0.8314273137829209,27130,13,2579,8113,29709,8126,XGBOOST,XGB_11,29
0.86,0.931306990881459,0.9983988175883729,0.7581369248035915,0.9995210551523414,0.8788289899779664,0.8618361596937962,0.79647061135457,0.0004789448476586965,0.24186307519640854,0.8309696356975174,27130,13,2586,8106,29716,8119,XGBOOST,XGB_11,29
0.865,0.9311484075591384,0.9985205276784613,0.7574822297044519,0.9995578970636997,0.8785200633840757,0.861458277934372,0.7959079384421863,0.00044210293630033527,0.24251777029554808,0.8305895660906969,27131,12,2593,8099,29724,8111,XGBOOST,XGB_11,29
0.87,0.9310426853442579,0.9985197977056864,0.7571081182192293,0.9995578970636997,0.8783330076414645,0.8612160221288366,0.7955773955773956,0.00044210293630033527,0.24289188178077067,0.8303280211249147,27131,12,2597,8095,29728,8107,XGBOOST,XGB_11,29
0.875,0.9309633936830977,0.9985192497532083,0.7568275346053124,0.9995578970636997,0.878192715834506,0.8610342626090658,0.7953294543167164,0.00044210293630033527,0.24317246539468762,0.8301318545265284,27131,12,2600,8092,29731,8104,XGBOOST,XGB_11,29
0.88,0.9308841020219374,0.9985187013948895,0.7565469509913955,0.9995578970636997,0.8780524240275476,0.8608524450593307,0.7950814838113587,0.00044210293630033527,0.24345304900860457,0.8299356811603176,27131,12,2603,8089,29734,8101,XGBOOST,XGB_11,29
0.885,0.9308312409144972,0.9986414721501791,0.7562663673774785,0.999594738975058,0.8779305531762682,0.8607163766033318,0.7948491103902487,0.00040526102494197396,0.2437336326225215,0.8298172317388278,27132,11,2606,8086,29738,8097,XGBOOST,XGB_11,29
0.89,0.9307519492533368,0.99864096861873,0.7559857837635615,0.999594738975058,0.8777902613693098,0.8605344405408283,0.7946010774251896,0.00040526102494197396,0.24401421623643846,0.8296210618175373,27132,11,2609,8083,29741,8094,XGBOOST,XGB_11,29
0.895,0.9307255186996167,0.998640800691956,0.7558922558922558,0.999594738975058,0.8777434974336569,0.8604737822730902,0.7945183932679263,0.00040526102494197396,0.2441077441077441,0.8295556703311237,27132,11,2610,8082,29742,8093,XGBOOST,XGB_11,29
0.9,0.9306462270384565,0.9987636003956478,0.7555181444070332,0.9996315808864163,0.8775748626467248,0.8602768903088391,0.7942032405222589,0.0003684191135836127,0.2444818555929667,0.8293718850946452,27133,10,2614,8078,29747,8088,XGBOOST,XGB_11,29
0.905,0.9305933659310163,0.9988866897575458,0.7552375607931163,0.9996684227977748,0.8774529917954456,0.860140605027695,0.793970738614017,0.00033157720222525146,0.24476243920688365,0.8292535315170865,27134,9,2617,8075,29751,8084,XGBOOST,XGB_11,29
0.91,0.9304612131624157,0.9988860007426662,0.754769921436588,0.9996684227977748,0.8772191721171814,0.8598369825795109,0.7935571420142782,0.00033157720222525146,0.2452300785634119,0.8289265929790102,27134,9,2622,8070,29756,8079,XGBOOST,XGB_11,29
0.915,0.9304083520549755,0.9990092879256965,0.7544893378226711,0.9997052647091331,0.8770973012659021,0.8597005381787178,0.7933245481187183,0.00029473529086689016,0.24551066217732884,0.8288082958918913,27135,8,2625,8067,29760,8075,XGBOOST,XGB_11,29
0.92,0.9304347826086956,0.9992566897918731,0.7543958099513655,0.9997789485318498,0.8770873792416076,0.8597314005542528,0.7932730133752951,0.00022105146815016763,0.24560419004863449,0.8288987075807828,27137,6,2626,8066,29763,8072,XGBOOST,XGB_11,29
0.925,0.9304083520549755,0.9992565976954528,0.7543022820800599,0.9997789485318498,0.8770406153059549,0.859670628364334,0.7931902673144634,0.00022105146815016763,0.24569771791994013,0.8288333316341102,27137,6,2627,8065,29764,8071,XGBOOST,XGB_11,29
0.93,0.9303819215012554,0.9992565055762082,0.7542087542087542,0.9997789485318498,0.876993851370302,0.8596098496961946,0.7931075179983477,0.00022105146815016763,0.24579124579124578,0.8287679549237079,27137,6,2628,8064,29765,8070,XGBOOST,XGB_11,29
0.935,0.9303026298400952,0.9993800371977681,0.7538346427235316,0.9998157904432082,0.8768252165833699,0.8594124860052247,0.7927920838825172,0.00018420955679180636,0.24616535727646838,0.828584392083965,27138,5,2632,8060,29770,8065,XGBOOST,XGB_11,29
0.94,0.930249768732655,0.9993798834180826,0.7536475869809203,0.9998157904432082,0.8767316887120642,0.8592908557717942,0.7926265467923117,0.00018420955679180636,0.24635241301907967,0.8284536416645298,27138,5,2634,8058,29772,8063,XGBOOST,XGB_11,29
0.945,0.9301440465177745,0.9993795756297308,0.7532734754956977,0.9998157904432082,0.876544632969453,0.8590475174657353,0.7922954335294233,0.00018420955679180636,0.24672652450430227,0.8281921316137141,27138,5,2638,8054,29776,8059,XGBOOST,XGB_11,29
0.95,0.9301176159640544,0.9995034756703078,0.7530864197530864,0.9998526323545666,0.8764695260538264,0.858971623639855,0.792145443097749,0.00014736764543344508,0.24691358024691357,0.8281393815539658,27139,4,2640,8052,29779,8056,XGBOOST,XGB_11,29
0.05,0.693141271309634,0.47924579489962016,0.9913019079685746,0.5756917068857532,0.783496807427164,0.6461228968544257,0.8167653042352505,0.4243082931142468,0.008698092031425365,0.5180489752145981,15626,11517,93,10599,15719,22116,XGBOOST,XGB_11,101
0.055,0.70262984009515,0.48712278276894727,0.9888701833146277,0.5898758427587223,0.789373013036675,0.6527147575392783,0.819955640345571,0.41012415724127765,0.01112981668537224,0.5269256520049774,16011,11132,119,10573,16130,21705,XGBOOST,XGB_11,101
0.06,0.7109290339632616,0.4942598753572935,0.9865319865319865,0.6023652507092068,0.7944486186205966,0.6585708488121624,0.8226614047949586,0.39763474929079323,0.013468013468013467,0.5347213654815767,16350,10793,144,10548,16494,21341,XGBOOST,XGB_11,101
0.065,0.7201797277652967,0.502504890500501,0.9850355405910961,0.615849390266367,0.8004424654287315,0.665508198793087,0.8263373452382821,0.38415060973363296,0.014964459408903853,0.5442891461677812,16716,10427,160,10532,16876,20959,XGBOOST,XGB_11,101
0.07,0.728663935509449,0.5103508601418991,0.9822297044519267,0.6287809011531518,0.8055053028025392,0.6716981132075472,0.8289394752628421,0.3712190988468482,0.017770295548073325,0.552360883964326,17067,10076,190,10502,17257,20578,XGBOOST,XGB_11,101
0.075,0.7387339764768072,0.5200357515268881,0.9795173961840629,0.6438860848100799,0.8117017404970714,0.6793811423567188,0.8324192856120939,0.35611391518992,0.02048260381593715,0.5625629359671698,17477,9666,219,10473,17696,20139,XGBOOST,XGB_11,101
0.08,0.7475353508656006,0.5288695299837926,0.9766180321735878,0.6572965405445235,0.8169572863590556,0.6861611249835721,0.8351996416687996,0.34270345945547653,0.023381967826412272,0.5714000526241821,17841,9302,250,10442,18091,19744,XGBOOST,XGB_11,101
0.085,0.7563631558081142,0.5380642495609957,0.9743733632622521,0.6704859448108168,0.8224296540365345,0.6932854195780928,0.838403347819089,0.3295140551891832,0.02562663673774785,0.5808708040092521,18199,8944,274,10418,18473,19362,XGBOOST,XGB_11,101
0.09,0.7650852385357473,0.5475738396624472,0.9710063598952487,0.683970084367977,0.8274882221316129,0.700256306488601,0.8409473820632452,0.316029915632023,0.028993640104751216,0.5898226321999763,18565,8578,310,10382,18875,18960,XGBOOST,XGB_11,101
0.095,0.7740716268005815,0.5577959887858529,0.9676393565282454,0.6978226430387209,0.8327309997834831,0.7076607387140902,0.8436623393567747,0.3021773569612792,0.03236064347175458,0.5993779681579701,18941,8202,346,10346,19287,18548,XGBOOST,XGB_11,101
0.1,0.7832430289414564,0.5687703605543593,0.9634306023194912,0.7122646722911985,0.8378476373053448,0.7152727146477798,0.8460224379506892,0.28773532770880156,0.03656939768050879,0.6090326392187748,19333,7810,391,10301,19724,18111,XGBOOST,XGB_11,101
0.105,0.7925465838509317,0.5803879432223039,0.9598765432098766,0.7266330177209593,0.843254780465418,0.7233832599118943,0.8488693321863989,0.27336698227904066,0.040123456790123455,0.6195379832107137,19723,7420,429,10263,20152,17683,XGBOOST,XGB_11,101
0.11,0.8023258887273689,0.593439190368173,0.9542648709315376,0.7424750396050547,0.8483699552682962,0.7317912856374394,0.8508030219642766,0.25752496039494527,0.0457351290684624,0.6300534128404653,20153,6990,489,10203,20642,17193,XGBOOST,XGB_11,101
0.115,0.8107836659178009,0.6054312145628171,0.9487467265245043,0.7564381240098736,0.852592425267189,0.7391700367981929,0.8521075886632059,0.24356187599012638,0.0512532734754957,0.6392251486446501,20532,6611,548,10144,21080,16755,XGBOOST,XGB_11,101
0.12,0.8181049292982688,0.6163571952113365,0.9437897493453049,0.7685959547581328,0.8561928520517188,0.7457138634348213,0.8531450794724385,0.23140404524186714,0.0562102506546951,0.6474071824491568,20862,6281,601,10091,21463,16372,XGBOOST,XGB_11,101
0.125,0.8266684287035814,0.6296737766624844,0.9387392442947998,0.7825221972515934,0.8606307207731967,0.7537548813457494,0.8548238740887103,0.21747780274840658,0.06126075570520015,0.6577100539028427,21240,5903,655,10037,21895,15940,XGBOOST,XGB_11,101
0.13,0.8356548169684155,0.6444530543716905,0.9334081556303778,0.7971484360608628,0.8652782958456203,0.762472304988922,0.8565935386411234,0.20285156393913717,0.06659184436962215,0.668980697274357,21637,5506,712,9980,22349,15486,XGBOOST,XGB_11,101
0.135,0.8437161358530462,0.6587180338757888,0.927515899738122,0.8107062594407398,0.8691110795894309,0.7703421757874704,0.8575307403628315,0.1892937405592602,0.07248410026187804,0.6790914081931362,22005,5138,775,9917,22780,15055,XGBOOST,XGB_11,101
0.14,0.8520681908285979,0.6742833686803038,0.9218106995884774,0.824595660022842,0.8732031798056596,0.7788533723181478,0.8587610002613923,0.175404339977158,0.07818930041152264,0.6902274111912458,22382,4761,836,9856,23218,14617,XGBOOST,XGB_11,101
0.145,0.8598916347297476,0.6900514700698018,0.9153572764683876,0.8380429576686439,0.8767001170685158,0.7868944723618091,0.8592474232234728,0.16195704233135616,0.08464272353161242,0.7007549312751825,22747,4396,905,9787,23652,14183,XGBOOST,XGB_11,101
0.15,0.8679529536143782,0.7070068323884285,0.9097456041900487,0.8514902553144457,0.8806179297522472,0.7956646216768916,0.8604005236528324,0.14850974468555428,0.09025439580995137,0.712522852432702,23112,4031,965,9727,24077,13758,XGBOOST,XGB_11,101
0.155,0.874745605920444,0.7228753275926619,0.9029180695847363,0.8636480860627049,0.8832830778237206,0.8029276001164386,0.8600751919890242,0.13635191393729507,0.09708193041526375,0.72223808596248,23442,3701,1038,9654,24480,13355,XGBOOST,XGB_11,101
0.16,0.8810360777058279,0.7380238369857747,0.8976805087916199,0.8744796080020631,0.8860800583968416,0.8100603451913745,0.8604521901278396,0.12552039199793685,0.1023194912083801,0.7320187853987465,23736,3407,1094,9598,24830,13005,XGBOOST,XGB_11,101
0.165,0.8864279106647285,0.7522682445759369,0.891788252899364,0.8843163983347456,0.8880523256170548,0.8161081867591047,0.8598921414786357,0.11568360166525439,0.10821174710063598,0.7403709708452658,24003,3140,1157,9535,25160,12675,XGBOOST,XGB_11,101
0.17,0.8912118408880666,0.7655467614278791,0.8865506921062477,0.8930479313266773,0.8897993117164624,0.8216174048712838,0.8593834995466909,0.10695206867332277,0.11344930789375234,0.748108472738193,24240,2903,1213,9479,25453,12382,XGBOOST,XGB_11,101
0.175,0.8953614378221224,0.7777869461176665,0.8815937149270483,0.900784732711933,0.8911892238194907,0.8264433825785806,0.8586732741815003,0.0992152672880669,0.11840628507295174,0.754988220014538,24450,2693,1266,9426,25716,12119,XGBOOST,XGB_11,101
0.18,0.8985066737148143,0.7879475542107918,0.8768237934904601,0.9070478576428546,0.8919358255666574,0.8300132802124834,0.8574799692679179,0.0929521423571455,0.12317620650953984,0.7601626086853913,24620,2523,1317,9375,25937,11898,XGBOOST,XGB_11,101
0.185,0.9018369234835469,0.7983581323755772,0.8731762065095399,0.9131267730169841,0.893151489763262,0.8340927365317609,0.8571113804120304,0.08687322698301587,0.12682379349046016,0.7661356586846366,24785,2358,1356,9336,26141,11694,XGBOOST,XGB_11,101
0.19,0.9048764371613586,0.8080430817336923,0.8700897867564534,0.9185793758980216,0.8943345813272375,0.8379193875253321,0.8569296807354322,0.08142062410197841,0.12991021324354657,0.7717907402249131,24933,2210,1389,9303,26322,11513,XGBOOST,XGB_11,101
0.195,0.9072551869961676,0.8168504631671814,0.8659745604190049,0.923516192020042,0.8947453762195234,0.8406955100558408,0.8556826793338632,0.076483807979958,0.13402543958099514,0.7760179134250718,25067,2076,1433,9259,26500,11335,XGBOOST,XGB_11,101
0.2,0.9098453812607374,0.825596994902066,0.8633557800224467,0.9281582728511956,0.8957570264368211,0.8440543135372378,0.855530222988378,0.07184172714880448,0.1366442199775533,0.7810799825263369,25193,1950,1461,9231,26654,11181,XGBOOST,XGB_11,101
0.205,0.9116426589137042,0.8328049995471425,0.8599887766554434,0.9319898316324651,0.8959893041439542,0.8461786223715088,0.8544109721422066,0.0680101683675349,0.14001122334455668,0.7844203793665973,25297,1846,1497,9195,26794,11041,XGBOOST,XGB_11,101
0.21,0.9132813532443504,0.8389900283597109,0.8577441077441077,0.9351582360092842,0.8964511718766959,0.8482634232067706,0.8539265163224642,0.06484176399071584,0.14225589225589225,0.7876616949846094,25383,1760,1521,9171,26904,10931,XGBOOST,XGB_11,101
0.215,0.9153693669882385,0.8468234858307094,0.8552188552188552,0.9390634786132704,0.8971411669160628,0.8510004653327129,0.8535264906843892,0.060936521386729545,0.1447811447811448,0.7919219662049981,25489,1654,1548,9144,27037,10798,XGBOOST,XGB_11,101
0.22,0.9169023391040042,0.8527762198541784,0.8532547699214366,0.941973989610581,0.8976143797660088,0.853015427769986,0.8531590169453483,0.058026010389419,0.1467452300785634,0.795093608399712,25568,1575,1569,9123,27137,10698,XGBOOST,XGB_11,101
0.225,0.9181974362362891,0.8579775704457638,0.8514777403666293,0.9444792395829495,0.8979784899747894,0.8547152983147914,0.8527698158451826,0.05552076041705044,0.14852225963337073,0.7977996999004219,25636,1507,1588,9104,27224,10611,XGBOOST,XGB_11,101
0.23,0.9190696445090525,0.8627115421182734,0.8486719042274598,0.9468002799985263,0.8977360921129931,0.8556341348420556,0.8514431558007731,0.053199720001473674,0.15132809577254022,0.799466576532563,25699,1444,1618,9074,27317,10518,XGBOOST,XGB_11,101
0.235,0.9204440333024977,0.867911877394636,0.8474560419004863,0.9491950042368198,0.8983255230686531,0.857561991292826,0.8514697038039392,0.05080499576318019,0.15254395809951365,0.8024918444285705,25764,1379,1631,9061,27395,10440,XGBOOST,XGB_11,101
0.24,0.9219770054182636,0.8744919682601122,0.8452113729891507,0.9522160409682054,0.8987137069786781,0.8596023970322457,0.8509095702610071,0.04778395903179457,0.15478862701084922,0.80582565247489,25846,1297,1655,9037,27501,10334,XGBOOST,XGB_11,101
0.245,0.9233778247654288,0.8800351116746318,0.8439019827908717,0.9546844490292157,0.8992932159100437,0.8615898782525662,0.8508892702891308,0.045315550970784366,0.15609801720912833,0.8089877954063188,25913,1230,1669,9023,27582,10253,XGBOOST,XGB_11,101
0.25,0.9248579357737544,0.8866121564377893,0.8417508417508418,0.9575949600265262,0.899672900888684,0.8635992899294728,0.8503562047657741,0.04240503997347382,0.15824915824915825,0.8123146066391151,25992,1151,1692,9000,27684,10151,XGBOOST,XGB_11,101
0.255,0.925783005153958,0.8912266772528781,0.8398802843247287,0.959621265151236,0.8997507747379824,0.8647919876733434,0.8496707289380061,0.040378734848763954,0.16011971567527122,0.8143886649195697,26047,1096,1712,8980,27759,10076,XGBOOST,XGB_11,101
0.26,0.9269723800713625,0.8962518740629685,0.8386644219977554,0.961758096010021,0.9002112590038882,0.866502391650964,0.84958217270195,0.038241903989979,0.16133557800224466,0.8171702489778077,26105,1038,1725,8967,27830,10005,XGBOOST,XGB_11,101
0.265,0.9280824633276067,0.9013191018024368,0.837167976056865,0.963894926868806,0.9005314514628355,0.8680599330844203,0.8492571016527829,0.03610507313119404,0.16283202394313506,0.8197761817520254,26163,980,1741,8951,27904,9931,XGBOOST,XGB_11,101
0.27,0.9288225188317695,0.9046029337379868,0.8363262252151141,0.9652580775890653,0.9007921514020898,0.869125722894494,0.8491443982299206,0.03474192241093468,0.1636737747848859,0.8215393298288356,26200,943,1750,8942,27950,9885,XGBOOST,XGB_11,101
0.275,0.929192546583851,0.907371631926792,0.8346427235316124,0.9664370187525329,0.9005398711420727,0.8694889657524236,0.848240594642891,0.03356298124746712,0.16535727646838758,0.8223713086755728,26232,911,1768,8924,28000,9835,XGBOOST,XGB_11,101
0.28,0.9299590326417339,0.9108091540662036,0.8338009726898615,0.9678370113841506,0.900818992037006,0.87060546875,0.8481429332521502,0.03216298861584939,0.16619902731013841,0.8242263566141702,26270,873,1777,8915,28047,9788,XGBOOST,XGB_11,101
0.285,0.9303290603938152,0.9132977631848964,0.8324915824915825,0.9688685849021847,0.9006800836968836,0.8710245620902242,0.8474882888372626,0.031131415097815276,0.1675084175084175,0.8250966185987322,26298,845,1791,8901,28089,9746,XGBOOST,XGB_11,101
0.29,0.9310162547905378,0.9168557870847948,0.831275720164609,0.9703054194451608,0.9007905698048849,0.8719709604630629,0.847089321794823,0.029694580554839187,0.16872427983539096,0.8267698252757326,26337,806,1804,8888,28141,9694,XGBOOST,XGB_11,101
0.295,0.9314920047574997,0.9199502281211116,0.8297792742237187,0.9715580444313451,0.9006686593275319,0.8725413060582219,0.8463710600625811,0.028441955568654902,0.17022072577628133,0.8279229573743446,26371,772,1820,8872,28191,9644,XGBOOST,XGB_11,101
0.3,0.9320470463856217,0.9231891610213653,0.8284698840254395,0.9728475113288877,0.9006586976771636,0.8732685956523881,0.8458262513606937,0.02715248867111226,0.17153011597456042,0.8292932555193947,26406,737,1834,8858,28240,9595,XGBOOST,XGB_11,101
0.305,0.932364213030263,0.9260345730749083,0.8266928544706322,0.973989610580997,0.9003412325258147,0.8735484508573406,0.8448186875155316,0.026010389419003056,0.17330714552936774,0.8300691547807515,26437,706,1853,8839,28290,9545,XGBOOST,XGB_11,101
0.31,0.9325756574600238,0.927888153053716,0.8255705200149644,0.9747264488081642,0.9001484844115644,0.8737441227418955,0.8441881371817678,0.025273551191835834,0.17442947998503555,0.8305941400286703,26457,686,1865,8827,28322,9513,XGBOOST,XGB_11,101
0.315,0.9330249768732655,0.9307286166842661,0.824354657687991,0.975831706148915,0.900093181918453,0.8743180240055549,0.8436387304261267,0.024168293851084995,0.17564534231200898,0.8317315218063882,26487,656,1878,8814,28365,9470,XGBOOST,XGB_11,101
0.32,0.9336593101625479,0.9337362171331637,0.8236999625888515,0.9769738054010242,0.9003368839949378,0.8752733055058636,0.8435823754789273,0.023026194598975796,0.17630003741114852,0.8333549044101102,26518,625,1885,8807,28403,9432,XGBOOST,XGB_11,101
0.325,0.9337650323774284,0.9354255319148936,0.8223905723905723,0.9776369598054747,0.9000137660980235,0.8752737407923551,0.8427580125747584,0.022363040194525292,0.1776094276094276,0.8336289502363793,26536,607,1899,8793,28435,9400,XGBOOST,XGB_11,101
0.33,0.933950046253469,0.93696,0.8215488215488216,0.9782264303872085,0.8998876259680151,0.8754671849304829,0.8422990621943501,0.02177356961279151,0.17845117845117844,0.8341098957165055,26552,591,1908,8784,28460,9375,XGBOOST,XGB_11,101
0.335,0.9341879212369499,0.9384220654265555,0.8209876543209876,0.9787790590575839,0.8998833566892858,0.8757856929063155,0.8420628525382756,0.021220940942416094,0.17901234567901234,0.8347288489626599,26567,576,1914,8778,28481,9354,XGBOOST,XGB_11,101
0.34,0.9344257962204309,0.9401736892891605,0.8201459034792368,0.9794422134620344,0.8997940584706356,0.8760677356511314,0.8416354736539015,0.02055778653796559,0.17985409652076317,0.8353536338879634,26585,558,1923,8769,28508,9327,XGBOOST,XGB_11,101
0.345,0.9345579489890313,0.9417204301075269,0.8191170968948747,0.9800316840437682,0.8995743904693214,0.8761504601840736,0.8410155949911654,0.01996831595623181,0.18088290310512534,0.8357100539891303,26601,542,1934,8758,28535,9300,XGBOOST,XGB_11,101
0.35,0.9349544072948328,0.9440069047362175,0.8183688739244295,0.9808790480050105,0.89962396096472,0.876709583688192,0.8407479293579568,0.0191209519949895,0.18163112607557053,0.8367558496688156,26624,519,1942,8750,28566,9269,XGBOOST,XGB_11,101
0.355,0.9352187128320338,0.9459898257387163,0.817433595211373,0.9816158862321778,0.8995247407217755,0.877025738798856,0.8402715019132041,0.018384113767822275,0.182566404788627,0.8374655378619527,26644,499,1952,8740,28596,9239,XGBOOST,XGB_11,101
0.36,0.9356944627989956,0.9484200238896732,0.8168724279835391,0.9825000921047784,0.8996862600441587,0.8777448369428672,0.8401793100794581,0.017499907895221604,0.1831275720164609,0.8387278092679332,26668,475,1958,8734,28626,9209,XGBOOST,XGB_11,101
0.365,0.935773754460156,0.9497060744611365,0.8159371492704826,0.982979036952437,0.8994580931114597,0.877754301237549,0.8395888670747199,0.01702096304756291,0.1840628507295174,0.8389607906664441,26681,462,1968,8724,28649,9186,XGBOOST,XGB_11,101
0.37,0.9358001850138761,0.9506927020835606,0.8150953984287318,0.9833474560660207,0.8992214272473762,0.8776876982728234,0.8390295561759893,0.016652543933979295,0.18490460157126823,0.8390540218164882,26691,452,1977,8715,28668,9167,XGBOOST,XGB_11,101
0.375,0.9359851988899167,0.9523080288777073,0.8142536475869809,0.9839369266477545,0.8990952871173676,0.8778864575980639,0.8385667501444808,0.016063073352245515,0.18574635241301907,0.8395690217172453,26707,436,1986,8706,28693,9142,XGBOOST,XGB_11,101
0.38,0.9361966433196776,0.9538377192982456,0.8135989524878414,0.9844895553181299,0.8990442539029857,0.878154653745205,0.8382477644156644,0.015510444681870095,0.18640104751215864,0.8401515366986199,26722,421,1993,8699,28715,9120,XGBOOST,XGB_11,101
0.385,0.9362759349808378,0.9548500494342524,0.8129442573887018,0.9848579744317135,0.8989011159102076,0.8782015660520334,0.8378477376568797,0.015142025568286482,0.18705574261129818,0.8403852959525457,26732,411,2000,8692,28732,9103,XGBOOST,XGB_11,101
0.39,0.936593101625479,0.9564116675839296,0.8126636737747849,0.9854106031020889,0.8990371384384369,0.8786974768670678,0.8378493047653944,0.014589396897911064,0.18733632622521512,0.841240787243732,26747,396,2003,8689,28750,9085,XGBOOST,XGB_11,101
0.395,0.936593101625479,0.9572168927114345,0.8119154508043397,0.9857053383929558,0.8988103945986478,0.8785992611709933,0.8373362656017902,0.014294661607044174,0.1880845491956603,0.8412700430024165,26755,388,2011,8681,28766,9069,XGBOOST,XGB_11,101
0.4,0.9368045460552399,0.9586694662393634,0.8113542835765059,0.9862211251519729,0.8987877043642394,0.8788815156273745,0.837080494818303,0.013778874848027116,0.1886457164234942,0.8418586893196415,26769,374,2017,8675,28786,9049,XGBOOST,XGB_11,101
0.405,0.9369102682701203,0.9600088623019829,0.810512532734755,0.9867000699996316,0.8986063013671932,0.8789492367767127,0.8365672362197123,0.013299930000368419,0.18948746726524504,0.842178749175406,26782,361,2026,8666,28808,9027,XGBOOST,XGB_11,101
0.41,0.9370159904850006,0.9606386517352257,0.8103254769921436,0.9869211214677818,0.8986232992299628,0.8791030389122824,0.836503369571514,0.01307887853221825,0.18967452300785634,0.8424711394077484,26788,355,2028,8664,28816,9019,XGBOOST,XGB_11,101
0.415,0.9371217126998811,0.961576901721266,0.8098578376356154,0.987252698670007,0.8985552681528112,0.8792201858150988,0.8362466922913487,0.012747301329993,0.19014216236438458,0.8427771813629432,26797,346,2033,8659,28830,9005,XGBOOST,XGB_11,101
0.42,0.9373067265759217,0.9626334519572953,0.8095772540216984,0.9876211177835906,0.8985991859026445,0.8794960373907742,0.8361669242658424,0.012378882216409388,0.19042274597830153,0.8432890038211742,26807,336,2036,8656,28843,8992,XGBOOST,XGB_11,101
0.425,0.9373067265759217,0.9637681159420289,0.8085484474373363,0.9880263788085326,0.8982874131229345,0.8793612043535753,0.8354594302060381,0.011973621191467413,0.19145155256266366,0.8433405317764395,26818,325,2047,8645,28865,8970,XGBOOST,XGB_11,101
0.43,0.9374653098982424,0.9655558040706776,0.8075196408529742,0.9886526913016247,0.8980861660772994,0.8794947539981665,0.8348481918391027,0.011347308698375271,0.19248035914702583,0.8438239120589731,26835,308,2058,8634,28893,8942,XGBOOST,XGB_11,101
0.435,0.9376238932205629,0.9666218637992832,0.8071455293677516,0.9890211104152083,0.8980833198914799,0.8797145769622835,0.834687403280718,0.010978889584791658,0.19285447063224842,0.8442746950217004,26845,298,2062,8630,28907,8928,XGBOOST,XGB_11,101
0.44,0.9375974626668429,0.9671414152741954,0.8065843621399177,0.9892053199720001,0.8978948410559588,0.879596103829874,0.8342846086872401,0.010794680027999853,0.1934156378600823,0.8442346876373121,26850,293,2068,8624,28918,8917,XGBOOST,XGB_11,101
0.445,0.937650323774283,0.9681986740083155,0.8058361391694725,0.9895737390855838,0.8977049391275281,0.8795875657189525,0.8338010722511466,0.01042626091441624,0.1941638608305275,0.8444219761779584,26860,283,2076,8616,28936,8899,XGBOOST,XGB_11,101
0.45,0.9377296154354434,0.9689468946894689,0.8054620276842499,0.9898316324650923,0.8976468300746712,0.8796731358529112,0.8335914511382994,0.010168367534907711,0.1945379723157501,0.8446603640516382,26867,276,2080,8612,28947,8888,XGBOOST,XGB_11,101
0.455,0.9378353376503238,0.9703361154974058,0.804620276842499,0.990310577312751,0.897465427077625,0.8797423049391553,0.833075105550606,0.009689422687249014,0.19537972315750093,0.8450008326225555,26880,263,2089,8603,28969,8866,XGBOOST,XGB_11,101
0.46,0.9377031848817232,0.9707443804360104,0.8037785260007482,0.9904579449581844,0.8971182354794662,0.8794064978255307,0.8324131651847114,0.009542055041815569,0.19622147399925177,0.844692845992687,26884,259,2098,8594,28982,8853,XGBOOST,XGB_11,101
0.465,0.9377560459891635,0.97245834750085,0.8024691358024691,0.9910474155399183,0.8967582756711937,0.8793235972328978,0.8315403849508635,0.008952584460081788,0.19753086419753085,0.8449235482293996,26900,243,2112,8580,29012,8823,XGBOOST,XGB_11,101
0.47,0.9375446015594027,0.9728624957420234,0.8013468013468014,0.9911947831853517,0.8962707922660765,0.8788142981691369,0.8306349975763451,0.008805216814648345,0.19865319865319866,0.8444188156706328,26904,239,2124,8568,29028,8807,XGBOOST,XGB_11,101
0.475,0.9376767543280031,0.9739535941765242,0.8008791619902731,0.9915632022989352,0.8962211821446042,0.8789776226647505,0.8303917765709853,0.008436797701064732,0.1991208380097269,0.8448147860006733,26914,229,2129,8563,29043,8792,XGBOOST,XGB_11,101
0.48,0.9376767543280031,0.9748176845943483,0.8001309390198279,0.9918579375898021,0.8959944383048151,0.8788781590302035,0.8298735061306846,0.008142062410197841,0.1998690609801721,0.8448679600180505,26922,221,2137,8555,29059,8776,XGBOOST,XGB_11,101
0.485,0.937888198757764,0.9761415525114155,0.7997568275346053,0.9923000405261025,0.8960284340303539,0.8791898005346495,0.8297430523210683,0.007699959473897506,0.2002431724653947,0.8454790441967764,26934,209,2141,8551,29075,8760,XGBOOST,XGB_11,101
0.49,0.9379146293114841,0.9769063678975649,0.7991956603067715,0.992557933905611,0.8958767971061912,0.879160450640465,0.8293700863826071,0.007442066094388977,0.20080433969322858,0.8455941074390595,26941,202,2147,8545,29088,8747,XGBOOST,XGB_11,101
0.495,0.9379410598652042,0.9778923253150057,0.7984474373363262,0.9928895111078363,0.8956684742220813,0.8791061682627948,0.8288671404714746,0.007110488892163726,0.20155256266367377,0.8457245130184192,26950,193,2155,8537,29105,8730,XGBOOST,XGB_11,101
0.5,0.9379939209726443,0.9784453107085531,0.7981668537224093,0.9930737206646281,0.8956202871935186,0.8791593695271454,0.828704602835502,0.006926279335371919,0.20183314627759072,0.8458929912526986,26955,188,2158,8534,29113,8722,XGBOOST,XGB_11,101
0.505,0.9378617682040439,0.9790924755887421,0.7971380471380471,0.9932947721327783,0.8952164096354127,0.8787956900551631,0.8279097779418335,0.006705227867221751,0.20286195286195285,0.8456073174647564,26961,182,2169,8523,29130,8705,XGBOOST,XGB_11,101
0.51,0.9377560459891635,0.9795237547451973,0.796389824167602,0.9934421397782117,0.8949159819729069,0.878514315192159,0.8273255475019918,0.006557860221788306,0.20361017583239804,0.8453734166089332,26965,178,2177,8515,29142,8693,XGBOOST,XGB_11,101
0.515,0.9378089070966037,0.980191178164229,0.7960157126823794,0.9936631912463618,0.8948394519643705,0.8785548387096774,0.8270976268682825,0.006336808753638139,0.20398428731762064,0.8455510950756375,26971,172,2181,8511,29152,8683,XGBOOST,XGB_11,101
0.52,0.9377296154354434,0.9805164860502652,0.7954545454545454,0.9937737169804369,0.8946141312174911,0.8783434885882475,0.8266591501108044,0.006226283019563055,0.20454545454545456,0.8453763852451486,26974,169,2187,8505,29161,8674,XGBOOST,XGB_11,101
0.525,0.9375974626668429,0.9806161301488404,0.7948933782267116,0.9938105588917953,0.8943519685592534,0.8780412211374555,0.8261883931175269,0.006189441108204694,0.20510662177328845,0.8450544308747727,26975,168,2193,8499,29168,8667,XGBOOST,XGB_11,101
0.53,0.9375710321131228,0.9808358346802124,0.7946127946127947,0.993884242714512,0.8942485186636533,0.8779580448486102,0.8259770561928834,0.006115757285487971,0.2053872053872054,0.8450041240853955,26977,166,2196,8496,29173,8662,XGBOOST,XGB_11,101
0.535,0.9375181710056826,0.9813872832369942,0.793958099513655,0.9940684522713038,0.8940132758924795,0.8777789266880364,0.8254891283208213,0.005931547728696165,0.20604190048634494,0.8449117439830655,26982,161,2203,8489,29185,8650,XGBOOST,XGB_11,101
0.54,0.937650323774283,0.982513028372901,0.7934904601571269,0.9944368713848875,0.8939636657710072,0.8779427743571171,0.8252436628212363,0.005563128615112552,0.20650953984287318,0.8453216016146987,26992,151,2208,8484,29200,8635,XGBOOST,XGB_11,101
0.545,0.9374917404519625,0.9828365997912559,0.792648709315376,0.9945473971189626,0.8935980532171692,0.8775563033911468,0.8245607207487692,0.005452602881037469,0.20735129068462402,0.8449509463625343,26995,148,2217,8475,29212,8623,XGBOOST,XGB_11,101
0.55,0.9373860182370821,0.9828286344123448,0.7922745978301534,0.9945473971189626,0.893410997474558,0.8773238050851846,0.8242357016366006,0.005452602881037469,0.2077254021698466,0.8446875087175074,26995,148,2221,8471,29216,8619,XGBOOST,XGB_11,101
0.555,0.9372802960222016,0.9833817547937246,0.7914328469884025,0.9947316066757543,0.8930822268320784,0.8770275172306576,0.8235843731142817,0.005268393324245662,0.20856715301159745,0.8444655879561964,27000,143,2230,8462,29230,8605,XGBOOST,XGB_11,101
0.56,0.9372274349147615,0.983377891433221,0.7912457912457912,0.9947316066757543,0.8929886989607727,0.8769111168696553,0.8234217749313815,0.005268393324245662,0.20875420875420875,0.8443339053547473,27000,143,2232,8460,29232,8603,XGBOOST,XGB_11,101
0.565,0.9372010043610414,0.9839385474860335,0.7906846240179574,0.9949158162325461,0.8928002201252517,0.8767890479153702,0.8230140186915887,0.005084183767453856,0.20931537598204264,0.8443101694400779,27005,138,2238,8454,29243,8592,XGBOOST,XGB_11,101
0.57,0.9371217126998811,0.9841584158415841,0.7902169846614291,0.9949895000552629,0.892603242358346,0.8765886808113296,0.822639378419956,0.005010499944737133,0.20978301533857088,0.8441297198570648,27007,136,2243,8449,29250,8585,XGBOOST,XGB_11,101
0.575,0.9371745738073213,0.9847265943803195,0.7899364010475122,0.9951737096120546,0.8925550553297834,0.8766412372204059,0.8224754114324667,0.0048262903879453265,0.21006359895248783,0.8443041924726185,27012,131,2246,8446,29258,8577,XGBOOST,XGB_11,101
0.58,0.9370159904850006,0.984942220147076,0.789188178077067,0.9952473934347714,0.8922177857559193,0.876265642037489,0.8218564332326873,0.004752606565228604,0.21081182192293305,0.843926785035003,27014,129,2254,8438,29268,8567,XGBOOST,XGB_11,101
0.585,0.9369895599312805,0.985734331150608,0.7884399551066218,0.99550528681428,0.8919726209604508,0.8761172313448348,0.8213172252533124,0.004494713185720075,0.21156004489337824,0.8439223663719375,27021,122,2262,8430,29283,8552,XGBOOST,XGB_11,101
0.59,0.9369366988238403,0.9859583430844839,0.7880658436213992,0.9955789706369966,0.8918224071291979,0.8759746335377898,0.821023502358031,0.004421029363003353,0.21193415637860083,0.8438085976600576,27023,120,2266,8426,29289,8546,XGBOOST,XGB_11,101
0.595,0.9368045460552399,0.9865197514945493,0.7871305649083427,0.9957631801937884,0.8914468725510656,0.8756177495708266,0.8202888945203609,0.0042368198062115465,0.21286943509165732,0.8435246879713023,27028,115,2276,8416,29304,8531,XGBOOST,XGB_11,101
0.6,0.93683097660896,0.9869779446269357,0.7868499812944257,0.995910547839222,0.8913802645668238,0.8756244796003331,0.8201083989705997,0.004089452160778101,0.21315001870557426,0.8436266261451686,27032,111,2279,8413,29311,8524,XGBOOST,XGB_11,101
0.605,0.9367781155015198,0.9874324641766502,0.7862888140665918,0.9960579154846554,0.8911733647756236,0.875455586795793,0.8196833196833196,0.003942084515344656,0.21371118593340815,0.8435317968381414,27036,107,2285,8407,29321,8514,XGBOOST,XGB_11,101
0.61,0.9366459627329192,0.9875396732102975,0.785727646838758,0.9960947573960137,0.8909112021173858,0.8751497473826761,0.8192101413944417,0.0039052426039862947,0.21427235316124205,0.8432125655648776,27037,106,2291,8401,29328,8507,XGBOOST,XGB_11,101
0.615,0.9366195321791991,0.9878823529411764,0.7853535353535354,0.9962052831300888,0.8907794092418121,0.8750521050437683,0.8189318873371304,0.003794716869911211,0.21464646464646464,0.8431746808910053,27040,103,2295,8397,29335,8500,XGBOOST,XGB_11,101
0.62,0.9365402405180389,0.9883378489810343,0.7846988402543958,0.9963526507755223,0.8905257455149591,0.874824044627496,0.8184248005150515,0.003647349224477766,0.21530115974560418,0.8430150748907,27044,99,2302,8390,29346,8489,XGBOOST,XGB_11,101
0.625,0.9365402405180389,0.9889137870031843,0.7842312008978676,0.996536860332314,0.8903840306150907,0.8747587501956079,0.8180966690733117,0.0034631396676859595,0.21576879910213242,0.8430623226248897,27049,94,2307,8385,29356,8479,XGBOOST,XGB_11,101
0.63,0.9364345183031585,0.9892549297437714,0.7835765057987281,0.9966473860663891,0.8901119459325586,0.8744846302385053,0.8175732380896618,0.0033526139336108756,0.21642349420127197,0.8428284360804247,27052,91,2314,8378,29366,8469,XGBOOST,XGB_11,101
0.635,0.9363023655345579,0.9894799054373522,0.7829218106995884,0.9967210698891058,0.8898214402943472,0.8741645781119465,0.8170336534707581,0.003278930110894153,0.21707818930041153,0.8425195685000212,27054,89,2321,8371,29375,8460,XGBOOST,XGB_11,101
0.64,0.9362495044271177,0.9899408284023669,0.7823606434717546,0.9968684375345392,0.8896145405031469,0.8739943579563264,0.8166074426959272,0.0031315624654607082,0.21763935652824543,0.8424271374923441,27058,85,2327,8365,29385,8450,XGBOOST,XGB_11,101
0.645,0.9360909211047972,0.9900497512437811,0.7817059483726151,0.9969052794458977,0.8893056139092563,0.8736280965820007,0.8160515524311659,0.003094720554102347,0.21829405162738497,0.8420433090101578,27059,84,2334,8358,29393,8442,XGBOOST,XGB_11,101
0.65,0.9359851988899167,0.9901612138454243,0.7812383090160868,0.996942121357256,0.8890902151866714,0.873379339188624,0.8156589328958677,0.0030578786427439856,0.2187616909839132,0.8417907297074466,27060,83,2339,8353,29399,8436,XGBOOST,XGB_11,101
0.655,0.9359587683361966,0.99062537083185,0.7807706696595585,0.9970894890026895,0.888930079331124,0.8732674303049323,0.8153139955073738,0.0029105109973105404,0.21922933034044145,0.8417646517225713,27064,79,2344,8348,29408,8427,XGBOOST,XGB_11,101
0.66,0.9360116294436368,0.9915606799001545,0.7802095024317246,0.9973842242935563,0.8887968633626404,0.8732792462706098,0.814950860670952,0.0026157757064436504,0.21979049756827534,0.8419757949133767,27072,71,2350,8342,29422,8413,XGBOOST,XGB_11,101
0.665,0.9359323377824765,0.9917915774446824,0.7797418630751964,0.9974579081162731,0.8885998855957348,0.8730757147345273,0.8145738070113729,0.002542091883726928,0.2202581369248036,0.8417994102095763,27074,69,2355,8337,29429,8406,XGBOOST,XGB_11,101
0.67,0.9359059072287564,0.9920247589572669,0.7794612794612794,0.9975315919389898,0.8884964357001346,0.8729901010841669,0.8143602571869688,0.002468408061010205,0.22053872053872053,0.8417542108379533,27076,67,2358,8334,29434,8401,XGBOOST,XGB_11,101
0.675,0.9359587683361966,0.9926128916954605,0.7791806958473625,0.9977158014957817,0.8884482486715721,0.8730416557505895,0.8141944058951154,0.0022841985042183987,0.22081930415263748,0.841936419397476,27081,62,2361,8331,29442,8393,XGBOOST,XGB_11,101
0.68,0.9360116294436368,0.9929669805697938,0.7790871679760568,0.9978263272298566,0.8884567476029568,0.8731198574498192,0.8141603299646186,0.002173672770143315,0.22091283202394313,0.8420983427166582,27084,59,2362,8330,29446,8389,XGBOOST,XGB_11,101
0.685,0.9359587683361966,0.9932005248717642,0.7787130564908342,0.9979000110525734,0.8883065337717038,0.8729750982961991,0.8138648315770952,0.0020999889474265926,0.22128694350916572,0.8419881187927981,27086,57,2366,8326,29452,8383,XGBOOST,XGB_11,101
0.69,0.9359059072287564,0.9933166248955723,0.7784324728769173,0.9979368529639318,0.8881846629204245,0.8728435845000263,0.8136352083211135,0.0020631470360682313,0.22156752712308267,0.8418675808924069,27087,56,2369,8323,29456,8379,XGBOOST,XGB_11,101
0.695,0.935773754460156,0.9934304825609174,0.7778713056490835,0.9979736948752901,0.8879225002621868,0.8725346202266052,0.8131599530700039,0.00202630512470987,0.22212869435091656,0.8415506729178944,27088,55,2375,8317,29463,8372,XGBOOST,XGB_11,101
0.7,0.9356151711378353,0.9934257709777672,0.7773101384212495,0.9979736948752901,0.8876419166482699,0.8721796620841641,0.8126686744631753,0.00202630512470987,0.22268986157875048,0.841157839322491,27088,55,2381,8311,29469,8366,XGBOOST,XGB_11,101
0.705,0.9354037267080745,0.9934194783441015,0.7765619154508043,0.9979736948752901,0.8872678051630472,0.8717060367454068,0.8120134569494974,0.00202630512470987,0.22343808454919567,0.8406340246736812,27088,55,2389,8303,29477,8358,XGBOOST,XGB_11,101
0.71,0.9354037267080745,0.9935375777884156,0.7764683875794987,0.9980105367866485,0.8872394621830736,0.871692566148677,0.8119474219544636,0.0019894632133515087,0.22353161242050132,0.8406445720527602,27089,54,2390,8302,29479,8356,XGBOOST,XGB_11,101
0.715,0.935271573939474,0.9935337085378997,0.7760007482229705,0.9980105367866485,0.8870056425048095,0.8713963136060495,0.8115377843854537,0.0019894632133515087,0.22399925177702956,0.8403171903432872,27089,54,2395,8297,29484,8351,XGBOOST,XGB_11,101
0.72,0.9351922822783137,0.993886358187485,0.7754395809951365,0.9981210625207235,0.88678032175793,0.8711778921929179,0.8110937194286831,0.0018789374792764248,0.22456041900486345,0.8401526396778747,27092,51,2401,8291,29493,8342,XGBOOST,XGB_11,101
0.725,0.9351129906171535,0.9940026388389109,0.775065469509914,0.998157904432082,0.8866116869709979,0.8709863891954386,0.8107817239017707,0.0018420955679180637,0.22493453049008605,0.8399669260770471,27093,50,2405,8287,29498,8337,XGBOOST,XGB_11,101
0.73,0.9350336989559931,0.9941190590494479,0.7746913580246914,0.9981947463434403,0.8864430521840658,0.8707947855340622,0.8104696673189825,0.0018052536565597024,0.22530864197530864,0.8397812568437982,27094,49,2409,8283,29503,8332,XGBOOST,XGB_11,101
0.735,0.9349279767411127,0.9941162343900096,0.7743172465394688,0.9981947463434403,0.8862559964414545,0.8705573080967403,0.8101416940660716,0.0018052536565597024,0.22568275346053124,0.839519411010291,27094,49,2413,8279,29507,8328,XGBOOST,XGB_11,101
0.74,0.934742962865072,0.994111284701358,0.7736625514403292,0.9981947463434403,0.8859286488918847,0.8701414821437964,0.8095676172953082,0.0018052536565597024,0.22633744855967078,0.8390611551130382,27094,49,2420,8272,29514,8321,XGBOOST,XGB_11,101
0.745,0.9346901017576318,0.9943475646422129,0.7732884399551067,0.9982684301661571,0.8857784350606319,0.8699952649024044,0.8092711861088817,0.0017315698338429798,0.22671156004489337,0.8389518531816657,27096,47,2424,8268,29520,8315,XGBOOST,XGB_11,101
0.75,0.9346108100964715,0.9945835339431873,0.7728208005985784,0.9983421139888737,0.8855814572937261,0.8697894736842106,0.8088926305897095,0.0016578860111262572,0.22717919940142162,0.8387772226453244,27098,45,2429,8263,29527,8308,XGBOOST,XGB_11,101
0.755,0.9345843795427514,0.9948211489822956,0.7725402169846615,0.9984157978115905,0.885478007398126,0.869702553303501,0.8086781147813829,0.0015842021884095348,0.22745978301533856,0.8387336177987277,27100,43,2432,8260,29532,8303,XGBOOST,XGB_11,101
0.76,0.9345050878815911,0.9950578592092575,0.7720725776281332,0.9984894816343072,0.8852810296312201,0.8694965241204973,0.8082993890020367,0.0015105183656928122,0.2279274223718668,0.8385592497760262,27102,41,2437,8255,29539,8296,XGBOOST,XGB_11,101
0.765,0.9343200740055504,0.9950536856074316,0.7714178825289937,0.9984894816343072,0.8849536820816504,0.8690796059217113,0.807724699845271,0.0015105183656928122,0.22858211747100635,0.838101186526334,27102,41,2444,8248,29546,8289,XGBOOST,XGB_11,101
0.77,0.9341879212369499,0.9951702487321903,0.7708567153011597,0.9985263235456655,0.8846915194234126,0.8687677874986823,0.8072477962781587,0.0014736764543344509,0.22914328469884027,0.8377850502989836,27103,40,2450,8242,29553,8282,XGBOOST,XGB_11,101
0.775,0.9340557684683494,0.9951673311586323,0.7703890759446315,0.9985263235456655,0.8844576997451485,0.8684696083082926,0.8068371045156234,0.0014736764543344509,0.2296109240553685,0.8374578488506809,27103,40,2455,8237,29558,8277,XGBOOST,XGB_11,101
0.78,0.933950046253469,0.995284729778745,0.7699214365881033,0.998563165457024,0.8842423010225636,0.868217054263566,0.8064421324869218,0.0014368345429760896,0.23007856341189675,0.8372072127409099,27104,39,2460,8232,29564,8271,XGBOOST,XGB_11,101
0.785,0.9335800185013876,0.9957570614619954,0.7682379349046016,0.9987105331024574,0.8834742340035295,0.8673248508526477,0.8050257757218182,0.0012894668975426446,0.23176206509539843,0.836336025134193,27108,35,2478,8214,29586,8249,XGBOOST,XGB_11,101
0.79,0.9335271573939474,0.9963578972927036,0.7675832398054621,0.9988947426592492,0.8832389912323556,0.8671350837339532,0.8045289677482601,0.0011052573407508383,0.23241676019453797,0.8362620071573951,27113,30,2485,8207,29598,8237,XGBOOST,XGB_11,101
0.795,0.9333685740716268,0.996355242376382,0.7670220725776281,0.9988947426592492,0.8829584076184387,0.866775881202769,0.8040353732426124,0.0011052573407508383,0.23297792742237186,0.8358695490871719,27113,30,2491,8201,29604,8231,XGBOOST,XGB_11,101
0.8,0.9332364213030263,0.9963530269876003,0.7665544332210998,0.9988947426592492,0.8827245879401745,0.866476371709483,0.8036239557595011,0.0011052573407508383,0.2334455667789001,0.8355424814668119,27113,30,2496,8196,29609,8226,XGBOOST,XGB_11,101
0.805,0.9331042685344259,0.9964715902177881,0.765993265993266,0.9989315845706075,0.8824624252819367,0.8661625508963038,0.8031458999352776,0.001068415429392477,0.234006734006734,0.835226908973888,27114,29,2502,8190,29616,8219,XGBOOST,XGB_11,101
0.81,0.9330514074269856,0.9967125289175697,0.7656191545080434,0.9990052683933243,0.8823122114506838,0.8660142819359957,0.8028481198878012,0.0009947316066757543,0.2343808454919566,0.8351191910586117,27116,27,2506,8186,29622,8213,XGBOOST,XGB_11,101
0.815,0.9328663935509449,0.9968308142369576,0.7648709315375982,0.9990421103046826,0.8819565209211404,0.865580016934801,0.8022051322294594,0.000957889695317393,0.2351290684624018,0.8346729570883983,27117,26,2514,8178,29631,8204,XGBOOST,XGB_11,101
0.82,0.9325227963525836,0.996947124190988,0.7635615413393191,0.9990789522160409,0.88132024677768,0.8647847041999893,0.8010675667719841,0.0009210477839590318,0.2364384586606809,0.833834330319214,27118,25,2528,8164,29646,8189,XGBOOST,XGB_11,101
0.825,0.9322320602616625,0.9971862001468069,0.7623456790123457,0.9991526360387577,0.8807491575255517,0.8640941376020356,0.8000274822346983,0.0008473639612423092,0.23765432098765432,0.8331383656226922,27120,23,2541,8151,29661,8174,XGBOOST,XGB_11,101
0.83,0.9319941852781816,0.9971830985915493,0.7615039281705949,0.9991526360387577,0.8803282821046763,0.863551996606035,0.7992853356370133,0.0008473639612423092,0.23849607182940516,0.8325496606510362,27120,23,2550,8142,29670,8165,XGBOOST,XGB_11,101
0.835,0.931835601955861,0.997302929998774,0.7608492330714552,0.999189477950116,0.8800193555107856,0.8631757652925883,0.7987236131566028,0.0008105220498839479,0.2391507669285447,0.832169060045607,27121,22,2557,8135,29678,8157,XGBOOST,XGB_11,101
0.84,0.9317034491872604,0.9977897838899804,0.7600074822297045,0.9993368455955495,0.879672163912627,0.8628158844765342,0.7980436832181018,0.0006631544044505029,0.23999251777029554,0.831889909654613,27125,18,2566,8126,29691,8144,XGBOOST,XGB_11,101
0.845,0.9317298797409805,0.9979123173277662,0.7600074822297045,0.9993736875069078,0.8796905848683061,0.8628616936554288,0.7980593584883423,0.0006263124930921416,0.23999251777029554,0.8319673419981456,27126,17,2566,8126,29692,8143,XGBOOST,XGB_11,101
0.85,0.93157129641866,0.9980331899200984,0.7593527871305649,0.9994105294182662,0.8793816582744156,0.862484729378021,0.797497200557924,0.0005894705817337803,0.24064721286943508,0.8315870569950972,27127,16,2573,8119,29700,8135,XGBOOST,XGB_11,101
0.855,0.9314655742037796,0.9980322223588735,0.7589786756453423,0.9994105294182662,0.8791946025318043,0.8622430005843915,0.7971669384467277,0.0005894705817337803,0.2410213243546577,0.8313254811367096,27127,16,2577,8115,29704,8131,XGBOOST,XGB_11,101
0.86,0.9313598519888991,0.9983992119197144,0.7583239805462028,0.9995210551523414,0.8789225178492721,0.8619571572848563,0.7966358152056436,0.0004789448476586965,0.24167601945379724,0.8311004045761041,27130,13,2584,8108,29714,8121,XGBOOST,XGB_11,101
0.865,0.9312276992202987,0.9983982257269591,0.7578563411896745,0.9995210551523414,0.8786886981710079,0.8616546150574225,0.7962227812278908,0.0004789448476586965,0.24214365881032548,0.8307734767971516,27130,13,2589,8103,29719,8116,XGBOOST,XGB_11,101
0.87,0.9311748381128585,0.998397830909539,0.7576692854470632,0.9995210551523414,0.8785951702997024,0.8615335531213443,0.7960575449078259,0.0004789448476586965,0.24233071455293678,0.8306427004680161,27130,13,2591,8101,29721,8114,XGBOOST,XGB_11,101
0.875,0.9311748381128585,0.9986436498150432,0.7574822297044519,0.999594738975058,0.878538484339755,0.8615040953090097,0.7959235819018043,0.00040526102494197396,0.24251777029554808,0.8306672231064379,27132,11,2593,8099,29725,8110,XGBOOST,XGB_11,101
0.88,0.931069115897978,0.9987660414610069,0.7570145903479237,0.9996315808864163,0.87832308561717,0.861247073845499,0.7955260261047336,0.0003684191135836127,0.24298540965207632,0.8304180158007304,27133,10,2598,8094,29731,8104,XGBOOST,XGB_11,101
0.885,0.9309105325756575,0.9987651271918992,0.7564534231200898,0.9996315808864163,0.8780425020032531,0.8608834486428951,0.7950300790311798,0.0003684191135836127,0.24354657687991021,0.8300257393945363,27133,10,2604,8088,29737,8098,XGBOOST,XGB_11,101
0.89,0.9308048103607771,0.9988877904102818,0.7559857837635615,0.9996684227977748,0.8778271032806682,0.8606260647359455,0.7946323240267401,0.00033157720222525146,0.24401421623643846,0.8297765936884239,27134,9,2609,8083,29743,8092,XGBOOST,XGB_11,101
0.895,0.9306726575921765,0.9990105132962276,0.7554246165357277,0.9997052647091331,0.8775649406224304,0.8603078234009692,0.7941517707903172,0.00029473529086689016,0.24457538346427235,0.8294621198519254,27135,8,2615,8077,29750,8085,XGBOOST,XGB_11,101
0.9,0.9306197964847364,0.9991337705729489,0.7551440329218106,0.9997421066204915,0.877443069771151,0.8601715229318702,0.7939192511160493,0.0002578933795085289,0.2448559670781893,0.8293438281169889,27136,7,2618,8074,29754,8081,XGBOOST,XGB_11,101
0.905,0.9305933659310163,0.9991336633663367,0.7550505050505051,0.9997421066204915,0.8773963058354983,0.8601108033240997,0.793836532410321,0.0002578933795085289,0.24494949494949494,0.829278452559928,27136,7,2619,8073,29755,8080,XGBOOST,XGB_11,101
0.91,0.9305669353772962,0.9991335561331848,0.7549569771791994,0.9997421066204915,0.8773495418998454,0.8600500772468169,0.7937538104509608,0.0002578933795085289,0.2450430228208006,0.8292130762432742,27136,7,2620,8072,29756,8079,XGBOOST,XGB_11,101
0.915,0.9304083520549755,0.9992565976954528,0.7543022820800599,0.9997789485318498,0.8770406153059549,0.859670628364334,0.7931902673144634,0.00022105146815016763,0.24569771791994013,0.8288333316341102,27137,6,2627,8065,29764,8071,XGBOOST,XGB_11,101
0.92,0.9304083520549755,0.9992565976954528,0.7543022820800599,0.9997789485318498,0.8770406153059549,0.859670628364334,0.7931902673144634,0.00022105146815016763,0.24569771791994013,0.8288333316341102,27137,6,2627,8065,29764,8071,XGBOOST,XGB_11,101
0.925,0.9303554909475353,0.9992564134341306,0.7541152263374485,0.9997789485318498,0.8769470874346492,0.859549064548798,0.793024765426756,0.00022105146815016763,0.24588477366255143,0.8287025774489521,27137,6,2629,8063,29766,8069,XGBOOST,XGB_11,101
0.93,0.9302761992863751,0.9993799603174603,0.753741114852226,0.9998157904432082,0.8767784526477171,0.8593516741309449,0.7927093169656909,0.00018420955679180636,0.24625888514777403,0.8285190172575583,27138,5,2633,8059,29771,8064,XGBOOST,XGB_11,101
0.935,0.930249768732655,0.9993798834180826,0.7536475869809203,0.9998157904432082,0.8767316887120642,0.8592908557717942,0.7926265467923117,0.00018420955679180636,0.24635241301907967,0.8284536416645298,27138,5,2634,8058,29772,8063,XGBOOST,XGB_11,101
0.94,0.9302233381789349,0.9993798064996279,0.7535540591096147,0.9998157904432082,0.8766849247764115,0.8592300309267357,0.7925437733621877,0.00018420955679180636,0.24644594089038532,0.8283882653042556,27138,5,2635,8057,29773,8062,XGBOOST,XGB_11,101
0.945,0.9301704770714947,0.999379652605459,0.7533670033670034,0.9998157904432082,0.8765913969051058,0.859108361774744,0.7923782167309357,0.00018420955679180636,0.24663299663299662,0.8282575102794721,27138,5,2637,8055,29775,8060,XGBOOST,XGB_11,101
0.95,0.9300647548566142,0.9993793445878848,0.7529928918817808,0.9998157904432082,0.8764043411624944,0.8588649455941968,0.7920470643790335,0.00018420955679180636,0.24700710811821924,0.8279959909954784,27138,5,2641,8051,29779,8056,XGBOOST,XGB_11,101
0.05,0.6927183824501123,0.4788974243108902,0.991208380097269,0.5751390782153778,0.7831737291563234,0.6457863628054354,0.8165120650867514,0.4248609217846222,0.008791619902731014,0.5175254085255272,15611,11532,94,10598,15705,22130,XGBOOST,XGB_11,313
0.055,0.7029734372935112,0.4874170353982301,0.9890572390572391,0.5902811037836643,0.7896691714204517,0.6530196369025566,0.8202252419955323,0.4097188962163357,0.010942760942760943,0.5274272013980564,16022,11121,117,10575,16139,21696,XGBOOST,XGB_11,313
0.06,0.7105061451037399,0.4938947368421053,0.9873737373737373,0.6014442029252478,0.7944089701494925,0.6584339040134718,0.8229268977129226,0.39855579707475225,0.012626262626262626,0.5347754415892896,16325,10818,135,10557,16460,21375,XGBOOST,XGB_11,313
0.065,0.7193603805999735,0.5017630801486705,0.9848484848484849,0.6147809748369746,0.7998147298427297,0.6648146978975946,0.8258305361232235,0.3852190251630255,0.015151515151515152,0.5432371479883459,16687,10456,162,10530,16849,20986,XGBOOST,XGB_11,313
0.07,0.7292454076912911,0.5108970616851527,0.9822297044519267,0.6295914232030357,0.8059105638274813,0.6721710189452125,0.82922746510012,0.3704085767969642,0.017770295548073325,0.5530370938452075,17089,10054,190,10502,17279,20556,XGBOOST,XGB_11,313
0.075,0.7384961014933263,0.5198014888337469,0.9796109240553685,0.6435176656964964,0.8115642948759325,0.6792036832890216,0.8323532216535808,0.3564823343035037,0.0203890759446315,0.5623361700001542,17467,9676,218,10474,17685,20150,XGBOOST,XGB_11,313
0.08,0.7473239064358398,0.5286437246963562,0.9769921436588104,0.6568544376082232,0.8169232906335168,0.6860633127544988,0.8353057830092119,0.3431455623917769,0.023007856341189674,0.571360124559546,17829,9314,246,10446,18075,19760,XGBOOST,XGB_11,313
0.085,0.756310294700674,0.5380243852035544,0.9739992517770295,0.6705596286335335,0.8222794402052815,0.6931576144834931,0.8381623849076042,0.3294403713664665,0.026000748222970445,0.580595887389142,18201,8942,278,10414,18479,19356,XGBOOST,XGB_11,313
0.09,0.7654288357341086,0.5480002113382998,0.9700710811821923,0.6848174483292193,0.8274442647557059,0.7003612546000878,0.8405867574357728,0.3151825516707807,0.029928918817807706,0.5897420488562948,18588,8555,320,10372,18908,18927,XGBOOST,XGB_11,313
0.095,0.7749174045196247,0.5588999566912083,0.9655817433595212,0.6998121062520724,0.8326969248057967,0.7079961596488821,0.8429131286740692,0.30018789374792765,0.034418256640478866,0.5993684768788897,18995,8148,368,10324,19363,18472,XGBOOST,XGB_11,313
0.1,0.7842738205365403,0.5701608430393789,0.9614665170220725,0.7144751869727002,0.8379708519973863,0.7158275886080357,0.8454225467943025,0.2855248130272999,0.03853348297792742,0.6093718020062732,19393,7750,412,10280,19805,18030,XGBOOST,XGB_11,313
0.105,0.7935773754460156,0.5818378009995456,0.9581930415263749,0.7287330066683859,0.8434630240973804,0.7240282685512368,0.8484331522459255,0.271266993331614,0.04180695847362514,0.6200798680911878,19780,7363,447,10245,20227,17608,XGBOOST,XGB_11,313
0.11,0.802907360909211,0.5942324497524032,0.9539842873176206,0.7433960873890137,0.8486901873533172,0.7323114477510142,0.8509502277543257,0.25660391261098625,0.04601571268237935,0.6307190925123303,20178,6965,492,10200,20670,17165,XGBOOST,XGB_11,313
0.115,0.8109951103475618,0.6058088806549932,0.9480920314253648,0.7569907526802491,0.8525413920528069,0.7392525068368277,0.8518344229508747,0.24300924731975096,0.05190796857463524,0.6392191749303077,20547,6596,555,10137,21102,16733,XGBOOST,XGB_11,313
0.12,0.8193207347693934,0.6181517342811619,0.9434156378600823,0.770438050326051,0.8569268440930666,0.7469085523880044,0.8535862979385979,0.22956194967394908,0.056584362139917695,0.6489978853693384,20912,6231,605,10087,21517,16318,XGBOOST,XGB_11,313
0.125,0.8281485397119069,0.631843926998112,0.9390198279087167,0.7844748185535866,0.8617473232311517,0.7553983898878941,0.8558082443997408,0.21552518144641344,0.0609801720912832,0.6600304609852846,21293,5850,652,10040,21945,15890,XGBOOST,XGB_11,313
0.13,0.8365270252411788,0.6460940032414911,0.9320987654320988,0.7988800058947059,0.8654893856634023,0.7631810698012789,0.8562885570429434,0.2011199941052942,0.06790123456790123,0.6697761031921748,21684,5459,726,9966,22410,15425,XGBOOST,XGB_11,313
0.135,0.8446940663406899,0.6605119317424344,0.9267676767676768,0.8123641454518661,0.8695659111097714,0.7713084766871643,0.8576250649125844,0.18763585454813395,0.07323232323232323,0.6803372184551468,22050,5093,783,9909,22833,15002,XGBOOST,XGB_11,313
0.14,0.8531254129774019,0.6763271753313645,0.9210624766180322,0.8263640717680433,0.8737132741930378,0.7799469369975843,0.8589021263235013,0.17363592823195667,0.07893752338196783,0.6916650038791612,22430,4713,844,9848,23274,14561,XGBOOST,XGB_11,313
0.145,0.8601823708206687,0.6904258319232939,0.9159184436962214,0.8382271672254357,0.8770728054608286,0.7873452323524683,0.8597590953785644,0.16177283277456433,0.08408155630377853,0.7014383246986329,22752,4391,899,9793,23651,14184,XGBOOST,XGB_11,313
0.15,0.867635786969737,0.7062109998548832,0.9103067714178825,0.8508271009099952,0.8805669361639389,0.7953746833374193,0.8605658709106986,0.14917289909000478,0.08969322858211747,0.7121618407939343,23094,4049,959,9733,24053,13782,XGBOOST,XGB_11,313
0.155,0.8745341614906832,0.7219774475393921,0.9042274597830153,0.862837564012821,0.8835325118979181,0.8028900053979986,0.8607703128616963,0.137162435987179,0.09577254021698466,0.7222672722408906,23420,3723,1024,9668,24444,13391,XGBOOST,XGB_11,313
0.16,0.8807189110611867,0.7371248752782255,0.8982416760194538,0.8738164535976126,0.8860290648085332,0.8097466380000842,0.8606197465813574,0.12618354640238735,0.1017583239805462,0.7316013311918691,23718,3425,1088,9604,24806,13029,XGBOOST,XGB_11,313
0.165,0.8859785912514867,0.7511023622047244,0.8921623643845866,0.88354271819622,0.8878525412904033,0.815577975376197,0.8598651474724166,0.11645728180377998,0.10783763561541339,0.7396286579631817,23982,3161,1153,9539,25135,12700,XGBOOST,XGB_11,313
0.17,0.891053257565746,0.7649193548387097,0.8871118593340815,0.8926058283903769,0.8898588438622292,0.821496622206825,0.85964689675174,0.10739417160962311,0.11288814066591844,0.7479439800385487,24228,2915,1207,9485,25435,12400,XGBOOST,XGB_11,313
0.175,0.8953085767146822,0.7772012190099662,0.8825289936401047,0.9003426297756327,0.8914358117078687,0.8265230149345245,0.8592398331785318,0.09965737022436724,0.11747100635989526,0.7551024171903572,24438,2705,1256,9436,25694,12141,XGBOOST,XGB_11,313
0.18,0.8992731597726973,0.78948254101809,0.8775720164609053,0.9078215377813801,0.8926967771211427,0.8311998936971254,0.858415823468062,0.0921784622186199,0.12242798353909465,0.7618640077096094,24641,2502,1309,9383,25950,11885,XGBOOST,XGB_11,313
0.185,0.9030262984009515,0.8011319783895035,0.8737373737373737,0.9145636075599602,0.894150490648667,0.8358609582606362,0.8581822190376454,0.0854363924400398,0.12626262626262627,0.7686834290932258,24824,2319,1350,9342,26174,11661,XGBOOST,XGB_11,313
0.19,0.905510770450641,0.8096232489341338,0.8702768424990647,0.9193898979479055,0.8948333702234851,0.8388550822627902,0.8574298298962422,0.08061010205209446,0.12972315750093527,0.7731453868462442,24955,2188,1387,9305,26342,11493,XGBOOST,XGB_11,313
0.195,0.9080745341614906,0.8184145480225988,0.8670968948746727,0.9242161883358508,0.8956565416052618,0.8420526793823797,0.856902543626146,0.07578381166414913,0.13290310512532735,0.7779466865595062,25086,2057,1421,9271,26507,11328,XGBOOST,XGB_11,313
0.2,0.9103739923351394,0.8270178267490818,0.8634493078937523,0.9288582691670044,0.8961537885303783,0.8448409974834132,0.8559084756448052,0.07114173083299562,0.13655069210624765,0.7822290743041347,25212,1931,1460,9232,26672,11163,XGBOOST,XGB_11,313
0.205,0.9122769922029866,0.8341339617511103,0.8607369996258886,0.9325793022141988,0.8966581509200438,0.8472266973532797,0.8552815003438597,0.06742069778580113,0.1392630003741115,0.7859128080745388,25313,1830,1489,9203,26802,11033,XGBOOST,XGB_11,313
0.21,0.9136249504427117,0.8394294074615948,0.8585858585858586,0.9353056036547176,0.8969457311202881,0.8488995746254855,0.8546849396692984,0.06469439634528239,0.1414141414141414,0.788537245696391,25387,1756,1512,9180,26899,10936,XGBOOST,XGB_11,313
0.215,0.9151050614510374,0.8450821184720428,0.8566217732884399,0.9381424308293115,0.8973821020588757,0.8508128193218765,0.8542886990262285,0.061857569170688576,0.14337822671156006,0.791524514777949,25464,1679,1533,9159,26997,10838,XGBOOST,XGB_11,313
0.22,0.9162415752610017,0.8502653878387186,0.8540029928918818,0.940758206535755,0.8973805997138184,0.8521300919229154,0.8532528454220942,0.05924179346424493,0.14599700710811822,0.793707605606128,25535,1608,1561,9131,27096,10739,XGBOOST,XGB_11,313
0.225,0.9173252279635259,0.8549840435517176,0.8519453797231575,0.9430792469513318,0.8975123133372447,0.8534620069333833,0.8525513833252218,0.056920753048668164,0.1480546202768425,0.7958842647548379,25598,1545,1583,9109,27181,10654,XGBOOST,XGB_11,313
0.23,0.9191489361702128,0.8619937399222233,0.8499812944257389,0.9463950189735844,0.8981881566996617,0.8559453732046152,0.8523569244621186,0.05360498102641565,0.15001870557426114,0.7997918018790429,25688,1455,1604,9088,27292,10543,XGBOOST,XGB_11,313
0.235,0.9206819082859786,0.8681665868836764,0.8481107369996259,0.9492686880595366,0.8986897125295812,0.8580214789232153,0.8520474320184919,0.05073131194046347,0.15188926300037411,0.8031065822400757,25766,1377,1624,9068,27390,10445,XGBOOST,XGB_11,313
0.24,0.9220827276331439,0.8738173392546824,0.8465207631874299,0.9518476218546218,0.8991841925210258,0.8599524940617578,0.8518427888416218,0.048152378145378184,0.15347923681257014,0.8061931782503117,25836,1307,1641,9051,27477,10358,XGBOOST,XGB_11,313
0.245,0.9232985331042686,0.8796296296296297,0.8440890385334829,0.9545002394724238,0.8992946390029534,0.8614929362352042,0.850965527645772,0.04549976052757617,0.15591096146651703,0.8088173009560914,25908,1235,1667,9025,27575,10260,XGBOOST,XGB_11,313
0.25,0.9243557552530726,0.8852588073213934,0.8413767302656191,0.9570423313561508,0.899209530810885,0.8627601419391963,0.849801624787455,0.04295766864384924,0.15862326973438085,0.8110947276991768,25977,1166,1696,8996,27673,10162,XGBOOST,XGB_11,313
0.255,0.9254922690630368,0.890487054855669,0.8395997007108118,0.9593265298603691,0.8994631152855905,0.8642949983151205,0.8493065147874131,0.040673470139630845,0.16040029928918817,0.8136740758161314,26039,1104,1715,8977,27754,10081,XGBOOST,XGB_11,313
0.26,0.9262851856746399,0.894400638786306,0.8381032547699214,0.9610212577828537,0.8995622562763876,0.8653372603930278,0.8487885274783564,0.03897874221714623,0.16189674523007858,0.8154800179023761,26085,1058,1731,8961,27816,10019,XGBOOST,XGB_11,313
0.265,0.9270516717325228,0.8982727455312312,0.836606808829031,0.96267914379398,0.8996429763115055,0.8663438256658597,0.8482532336987445,0.03732085620601997,0.16339319117096895,0.8172435473336804,26130,1013,1747,8945,27877,9958,XGBOOST,XGB_11,313
0.27,0.9280560327738866,0.9026065871893312,0.8355780022446689,0.9644843974505397,0.9000311998476043,0.8677999028654686,0.8481752933581438,0.03551560254946027,0.1644219977553311,0.8196315177646358,26179,964,1758,8934,27937,9898,XGBOOST,XGB_11,313
0.275,0.9287167966168891,0.9057963658511826,0.8345491956603067,0.9658107062594408,0.9001799509598738,0.8687144039332132,0.84788764514719,0.03418929374055926,0.16545080433969322,0.821199478904738,26215,928,1769,8923,27984,9851,XGBOOST,XGB_11,313
0.28,0.9295361437822123,0.9096570028583095,0.8334268612046389,0.9673949084478503,0.9004108848262447,0.869875048809059,0.8476333612358268,0.032605091552149724,0.166573138795361,0.8231682675804379,26258,885,1781,8911,28039,9796,XGBOOST,XGB_11,313
0.285,0.9301176159640544,0.9130568671730651,0.8319304152637486,0.968794901079468,0.9003626581716082,0.870607810511892,0.846981527328128,0.031205098920532,0.16806958473625142,0.824553493168192,26296,847,1797,8895,28093,9742,XGBOOST,XGB_11,313
0.29,0.9303819215012554,0.9154464838110951,0.8303404414515526,0.9697896326861437,0.9000650370688481,0.8708190289357529,0.8460717416993863,0.03021036731385624,0.16965955854844744,0.8251615967046231,26323,820,1814,8878,28137,9698,XGBOOST,XGB_11,313
0.295,0.9306990881458966,0.9177018633540373,0.8291245791245792,0.9707106804701028,0.899917629797341,0.8711674528301887,0.8454451819638361,0.02928931952989721,0.17087542087542087,0.8259208280787703,26348,795,1827,8865,28175,9660,XGBOOST,XGB_11,313
0.3,0.931333421435179,0.9210362047440699,0.8280022446689114,0.9720369892790038,0.9000196169739576,0.8720449172576833,0.8450744558991982,0.027963010720996204,0.17199775533108866,0.8274870669347986,26384,759,1839,8853,28223,9612,XGBOOST,XGB_11,313
0.305,0.9318620325095811,0.9237518278671402,0.8271604938271605,0.9731054047083962,0.9001329492677783,0.8727918681535577,0.8448282450040121,0.026894595291603728,0.1728395061728395,0.8288047570927315,26413,730,1848,8844,28261,9574,XGBOOST,XGB_11,313
0.31,0.9321791991542223,0.9262484263533362,0.8257575757575758,0.974100136315072,0.8999288560363239,0.8731210443037974,0.8440726577437858,0.025899863684927974,0.17424242424242425,0.8295888043084452,26440,703,1863,8829,28303,9532,XGBOOST,XGB_11,313
0.315,0.9326813796749042,0.9290907175218628,0.8247287691732136,0.9752053936558228,0.8999670814145182,0.8738046871129169,0.8436824279071548,0.024794606344177135,0.1752712308267864,0.8308566240425395,26470,673,1874,8818,28344,9491,XGBOOST,XGB_11,313
0.32,0.9332892824104665,0.9319864607573514,0.8240740740740741,0.9763106509965737,0.9001923625353239,0.8747145835401567,0.8436099728083949,0.0236893490034263,0.17592592592592593,0.8324066562044621,26500,643,1881,8811,28381,9454,XGBOOST,XGB_11,313
0.325,0.9333685740716268,0.933474801061008,0.8228582117471006,0.9769001215783075,0.8998791666627041,0.8746831038425213,0.842833330140057,0.02309987842169252,0.17714178825289936,0.8326085688221836,26516,627,1894,8798,28410,9425,XGBOOST,XGB_11,313
0.33,0.9336328796088278,0.9352984995211238,0.8220164609053497,0.9776001178941164,0.899808289399733,0.8750062223107172,0.842423080609604,0.022399882105883652,0.1779835390946502,0.8332897696093639,26535,608,1903,8789,28438,9397,XGBOOST,XGB_11,313
0.335,0.9338707545923087,0.9373131140538231,0.820894126449682,0.9783737980326419,0.899633962241162,0.8752493019545273,0.841805417018338,0.021626201967358066,0.17910587355031798,0.8339091128999412,26556,587,1915,8777,28471,9364,XGBOOST,XGB_11,313
0.34,0.9343200740055504,0.9395822174611677,0.8203329592218481,0.9792211619938842,0.8997770606078661,0.8759175113596646,0.8416981747692072,0.020778838006115758,0.17966704077815188,0.8350772904163397,26579,564,1921,8771,28500,9335,XGBOOST,XGB_11,313
0.345,0.934742962865072,0.9422394320748628,0.819304152637486,0.98021589360056,0.899760023119023,0.8764820651358247,0.8412561221549987,0.019784106399440005,0.18069584736251404,0.8361892371530764,26606,537,1932,8760,28538,9297,XGBOOST,XGB_11,313
0.35,0.9348486850799524,0.9435996980480966,0.8183688739244295,0.980731680359577,0.8995502771420032,0.8765339343851739,0.8406833073922485,0.019268319640422946,0.18163112607557053,0.8364796753272534,26620,523,1942,8750,28562,9273,XGBOOST,XGB_11,313
0.355,0.9350601295097132,0.9451832630554654,0.8176206509539843,0.9813211509413108,0.8994709009476476,0.8767865202346923,0.8403022088932464,0.018678849058689165,0.18237934904601572,0.8370462569767445,26636,507,1950,8742,28586,9249,XGBOOST,XGB_11,313
0.36,0.9351922822783137,0.9470486111111112,0.8163112607557051,0.9820211472571198,0.8991662040064125,0.876833433795459,0.8394890735610957,0.0179788527428803,0.1836887392442948,0.8374207111289947,26655,488,1964,8728,28619,9216,XGBOOST,XGB_11,313
0.365,0.9353772961543544,0.9484502446982055,0.8156565656565656,0.9825369340161367,0.8990967498363511,0.8770553627998189,0.839154783211131,0.017463065983863244,0.18434343434343434,0.8379231929055689,26669,474,1971,8721,28640,9195,XGBOOST,XGB_11,313
0.37,0.935509448922955,0.9497492914759101,0.8149083426861204,0.9830158788637955,0.8989621107749579,0.8771770864794121,0.8387239613414963,0.016984121136204545,0.18509165731387953,0.8382913975732933,26682,461,1979,8713,28661,9174,XGBOOST,XGB_11,313
0.375,0.9356416016915554,0.951054299136895,0.8141601197156753,0.9834948237114541,0.8988274717135647,0.8772990677752582,0.8382927909708981,0.01650517628854585,0.18583988028432472,0.8386620908909458,26695,448,1987,8705,28682,9153,XGBOOST,XGB_11,313
0.38,0.9357473239064359,0.9524591959688904,0.8132248410026188,0.9840106104704712,0.8986177257365451,0.8773523031128602,0.8377170163978651,0.015989389529528792,0.18677515899738123,0.8389712087540753,26709,434,1997,8695,28706,9129,XGBOOST,XGB_11,313
0.385,0.9360644905510771,0.9543108182317408,0.8126636737747849,0.9846737648749218,0.8986687193248533,0.8778097691569431,0.8375262660729087,0.015326235125078289,0.18733632622521512,0.8398326739991999,26727,416,2003,8689,28730,9105,XGBOOST,XGB_11,313
0.39,0.9362495044271177,0.9554455445544554,0.8122895622895623,0.9850790258998637,0.8986842940947131,0.8780709736123748,0.8373828531759806,0.014920974100136314,0.18771043771043772,0.8403388135786227,26738,405,2007,8685,28745,9090,XGBOOST,XGB_11,313
0.395,0.9365138099643188,0.957202735495257,0.8116348671904228,0.9857053383929558,0.8986701027916892,0.8784289907885414,0.8370953428251727,0.014294661607044174,0.18836513280957726,0.8410693787794026,26755,388,2014,8678,28769,9066,XGBOOST,XGB_11,313
0.4,0.9369102682701203,0.9592965379935848,0.8111672278338945,0.986442176620123,0.8988047022270087,0.8790351188364669,0.8370167345441911,0.013557823379876948,0.1888327721661055,0.8421499546984894,26775,368,2019,8673,28794,9041,XGBOOST,XGB_11,313
0.405,0.9372010043610414,0.9611801242236024,0.810512532734755,0.9871053310245735,0.8988089318796643,0.879439821392328,0.8367449405221691,0.012894668975426446,0.18948746726524504,0.8429598027204477,26793,350,2026,8666,28819,9016,XGBOOST,XGB_11,313
0.41,0.9373595876833619,0.9623333333333334,0.8100448933782267,0.9875105920495155,0.8987777427138711,0.8796465569774529,0.8365206305053314,0.012489407950484472,0.18995510662177328,0.8434086914433623,26804,339,2031,8661,28835,9000,XGBOOST,XGB_11,313
0.415,0.9373067265759217,0.9631485192607437,0.8091096146651702,0.9878053273403824,0.8984574710027763,0.8794347870285656,0.8358454106280192,0.012194672659617581,0.19089038533482977,0.8433121452095313,26812,331,2041,8651,28853,8982,XGBOOST,XGB_11,313
0.42,0.9373067265759217,0.9636647347302719,0.808641975308642,0.9879895368971743,0.8983157561029081,0.879373474369406,0.8355237727097025,0.012010463102825775,0.19135802469135801,0.8433357538741709,26817,326,2046,8646,28863,8972,XGBOOST,XGB_11,313
0.425,0.9375446015594027,0.9649436195154628,0.808361391694725,0.9884316398334746,0.8983965157640998,0.879739426942847,0.8354760753987432,0.011568360166525439,0.19163860830527496,0.8439934622376294,26829,314,2049,8643,28878,8957,XGBOOST,XGB_11,313
0.43,0.9373331571296418,0.9653282630578235,0.8072390572390572,0.988579007478908,0.8979090323589827,0.8792339428513217,0.8345742520644376,0.011420992521091994,0.19276094276094277,0.8434810110505347,26833,310,2061,8631,28894,8941,XGBOOST,XGB_11,313
0.435,0.9373860182370821,0.9661700459280833,0.8066778900112234,0.9888737427697749,0.8977758163904992,0.8792497069167644,0.8342199439017314,0.011126257230225103,0.19332210998877666,0.843655183868959,26841,302,2067,8625,28908,8927,XGBOOST,XGB_11,313
0.44,0.9374917404519625,0.9671266689105801,0.8062102506546951,0.9892053199720001,0.8977077853133476,0.8793675082887019,0.8339621911340726,0.010794680027999853,0.1937897493453049,0.8439687623849803,26850,293,2072,8620,28922,8913,XGBOOST,XGB_11,313
0.445,0.9373331571296418,0.9680503993700079,0.8048073325851104,0.9895368971742254,0.8971721148796679,0.8789132322149023,0.8328977679694911,0.010463102825774602,0.19519266741488964,0.8436191148908282,26859,284,2087,8605,28946,8889,XGBOOST,XGB_11,313
0.45,0.9374388793445223,0.9695431472081218,0.8038720538720538,0.9900526839332424,0.8969623689026481,0.878969167050161,0.8323165417465573,0.009947316066757543,0.19612794612794612,0.8439643756041583,26873,270,2097,8595,28970,8865,XGBOOST,XGB_11,313
0.455,0.9377296154354434,0.9712799638172772,0.8034044145155256,0.9906421545149763,0.8970232845152509,0.8794021294021294,0.8321708129892272,0.009357845485023763,0.19659558548447437,0.844789304913643,26889,254,2102,8590,28991,8844,XGBOOST,XGB_11,313
0.46,0.937888198757764,0.9723669309173273,0.803030303030303,0.9910105736285598,0.8970204383294313,0.8796229894478025,0.8320089925966122,0.00898942637144015,0.19696969696969696,0.8452486228928601,26899,244,2106,8586,29005,8830,XGBOOST,XGB_11,313
0.465,0.9378617682040439,0.9731140102098695,0.8022820800598578,0.9912684670080684,0.8967752735339631,0.8794791613267032,0.8314754861097648,0.008731532991931622,0.19771791994014215,0.8452265517112075,26906,237,2114,8578,29020,8815,XGBOOST,XGB_11,313
0.47,0.9379410598652042,0.9740909090909091,0.801720912832024,0.9916000442102937,0.8966604785211588,0.8795403242355839,0.8311355879615266,0.00839995578970637,0.19827908716797607,0.8454833787148731,26915,228,2120,8572,29035,8800,XGBOOST,XGB_11,313
0.475,0.9378617682040439,0.9744056421340007,0.80115974560419,0.9917105699443687,0.8964351577742793,0.8793306985577171,0.8306988110708121,0.008289430055631286,0.19884025439580996,0.8453045425589577,26918,225,2126,8566,29044,8791,XGBOOST,XGB_11,313
0.48,0.9378353376503238,0.9750512645249487,0.8005050505050505,0.9919316214125189,0.8962183359587848,0.8791987673343605,0.8302293097427541,0.008068378587481119,0.1994949494949495,0.8452784340839486,26924,219,2133,8559,29057,8778,XGBOOST,XGB_11,313
0.485,0.9378089070966037,0.9754818109248489,0.8000374111485222,0.9920789890579523,0.8960582001032373,0.8790915163660654,0.8298892058132993,0.007921010942047673,0.19996258885147775,0.8452394016013033,26928,215,2138,8554,29066,8769,XGBOOST,XGB_11,313
0.49,0.9377824765428836,0.9758046108194476,0.7996632996632996,0.9921895147920274,0.8959264072276636,0.8789966073815153,0.8296138171938676,0.0078104852079725895,0.20033670033670034,0.8451938231528212,26931,212,2142,8550,29073,8762,XGBOOST,XGB_11,313
0.495,0.9378617682040439,0.9764652119273391,0.7993827160493827,0.9924105662601775,0.8958966411547802,0.8790948830033428,0.8294675957376604,0.007589433739822422,0.2006172839506173,0.8454338101417019,26937,206,2145,8547,29082,8753,XGBOOST,XGB_11,313
0.5,0.9377824765428836,0.9768931594600778,0.7987280209502432,0.992557933905611,0.8956429774279271,0.8788720798600392,0.8289652494661232,0.007442066094388977,0.20127197904975683,0.8452636659013658,26941,202,2152,8540,29093,8742,XGBOOST,XGB_11,313
0.505,0.9378089070966037,0.9776606713254669,0.7981668537224093,0.9928158272851195,0.8954913405037643,0.878842490088049,0.8285919568130182,0.007184172714880448,0.20183314627759072,0.8453797947384873,26948,195,2158,8534,29106,8729,XGBOOST,XGB_11,313
0.51,0.9377296154354434,0.9782010096374484,0.7974186307519641,0.9930000368419114,0.8952093337969378,0.8786067600989282,0.8280242405407503,0.006999963158088642,0.2025813692480359,0.8452180207030857,26953,190,2166,8526,29119,8716,XGBOOST,XGB_11,313
0.515,0.9378353376503238,0.9789800137835976,0.7971380471380471,0.9932579302214198,0.8951979886797334,0.8787503866377977,0.8278936939037183,0.0067420697785801125,0.20286195286195285,0.8455338533571909,26960,183,2169,8523,29129,8706,XGBOOST,XGB_11,313
0.52,0.9378353376503238,0.9797514956281639,0.7964833520389076,0.9935158236009284,0.894999587819918,0.8786628146925299,0.8274387874076954,0.006484176399071583,0.2035166479610924,0.8455865171065067,26967,176,2176,8516,29143,8692,XGBOOST,XGB_11,313
0.525,0.9377031848817232,0.9802927279013484,0.7955480733258511,0.9937000331577203,0.8946240532417857,0.8783107026692137,0.8267081349013509,0.006299966842279778,0.2044519266741489,0.8452949657314314,26972,171,2186,8506,29158,8677,XGBOOST,XGB_11,313
0.53,0.9376767543280031,0.9811778290993072,0.7947063224841002,0.9939947684485871,0.8943505454663436,0.8781521289789169,0.8261064011822353,0.006005231551412887,0.20529367751589975,0.8452914215681944,26980,163,2195,8497,29175,8660,XGBOOST,XGB_11,313
0.535,0.9375710321131228,0.9812803327940837,0.7942386831275721,0.9940316103599455,0.8941351467437588,0.8779075777938592,0.8257166193458053,0.005968389640054526,0.205761316872428,0.8450356435356856,26981,162,2200,8492,29181,8654,XGBOOST,XGB_11,313
0.54,0.9373595876833619,0.9813743637204998,0.7933969322858212,0.9940684522713038,0.8937326922785624,0.8774306992139015,0.8250019450711897,0.005931547728696165,0.20660306771417883,0.8445162390593762,26982,161,2209,8483,29191,8644,XGBOOST,XGB_11,313
0.545,0.937095282146161,0.9816875289754289,0.7921810699588477,0.9941789780053789,0.8931800239821133,0.8768115942028986,0.8239940851428128,0.005821021994621081,0.20781893004115226,0.8438811680619968,26985,158,2222,8470,29207,8628,XGBOOST,XGB_11,313
0.55,0.9369631293775604,0.9820123012649414,0.7914328469884025,0.994289503739454,0.8928611753639283,0.8764824693148273,0.8233920404787389,0.005710496260545997,0.20856715301159745,0.8435760027470824,26988,155,2230,8462,29218,8617,XGBOOST,XGB_11,313
0.555,0.9369895599312805,0.9826864977922379,0.7909652076318743,0.9945105552076041,0.8927378814197392,0.8764638822675925,0.8230817144859268,0.005489444792395829,0.2090347923681257,0.8436912355521714,26994,149,2235,8457,29229,8606,XGBOOST,XGB_11,313
0.56,0.937095282146161,0.9835932045613218,0.7905910961466517,0.9948052904984711,0.8926981933225614,0.8765944208233951,0.8228846228729411,0.0051947095015289395,0.2094089038533483,0.8440215049354716,27002,141,2239,8453,29241,8594,XGBOOST,XGB_11,313
0.565,0.9370424210387207,0.9838146250582208,0.7902169846614291,0.9948789743211878,0.8925479794913085,0.8764522821576765,0.8225913233117843,0.005121025678812217,0.20978301533857088,0.8439067486842627,27004,139,2243,8449,29247,8588,XGBOOST,XGB_11,313
0.57,0.9370159904850006,0.984263900221471,0.7897493453049008,0.9950263419666212,0.8923878436357611,0.8763426910902392,0.8222486221200849,0.004973658033378772,0.21025065469509913,0.843875018929575,27008,135,2248,8444,29256,8579,XGBOOST,XGB_11,313
0.575,0.9369895599312805,0.9849404622927854,0.7890946502057613,0.9952473934347714,0.8921710218202663,0.8762072904766851,0.821775041882573,0.004752606565228604,0.2109053497942387,0.8438610010254148,27014,129,2255,8437,29269,8566,XGBOOST,XGB_11,313
0.58,0.9369895599312805,0.9851670170520906,0.7889075944631501,0.9953210772574881,0.8921143358603191,0.8761815726602264,0.8216442626144554,0.004678922742511881,0.21109240553685,0.8438784305599056,27016,127,2257,8435,29273,8562,XGBOOST,XGB_11,313
0.585,0.9368838377164002,0.9855004677268475,0.7882528993640104,0.9954316029915632,0.8918422511777868,0.8759093743504469,0.8211223694466094,0.004568397008436797,0.21174710063598953,0.8436416784626146,27019,124,2264,8428,29283,8552,XGBOOST,XGB_11,313
0.59,0.9368045460552399,0.9861778142204521,0.7874111485222597,0.9956526544597134,0.8915319014909866,0.8756565604035571,0.820485332813566,0.00434734554028663,0.21258885147774037,0.8434977327340765,27025,118,2273,8419,29298,8537,XGBOOST,XGB_11,313
0.595,0.93683097660896,0.9869779446269357,0.7868499812944257,0.995910547839222,0.8913802645668238,0.8756244796003331,0.8201083989705997,0.004089452160778101,0.21315001870557426,0.8436266261451686,27032,111,2279,8413,29311,8524,XGBOOST,XGB_11,313
0.6,0.9366988238403594,0.9870846542209698,0.7862888140665918,0.9959473897505803,0.8911181019085861,0.8753188609505962,0.8196353709661692,0.00405261024941974,0.21371118593340815,0.8433072165901706,27033,110,2285,8407,29318,8517,XGBOOST,XGB_11,313
0.605,0.936593101625479,0.9871930442956174,0.7858211747100636,0.9959842316619386,0.8909027031860011,0.8750716033953028,0.8192437450028277,0.004015768338061379,0.2141788252899364,0.843053560826146,27034,109,2290,8402,29324,8511,XGBOOST,XGB_11,313
0.61,0.9366459627329192,0.9876543209876543,0.7856341189674523,0.996131599307372,0.8908828591374122,0.875136740115643,0.8191445790181966,0.0038684006926279334,0.2143658810325477,0.8432218077247001,27038,105,2292,8400,29330,8505,XGBOOST,XGB_11,313
0.615,0.9366459627329192,0.98811345180652,0.7852600074822297,0.9962789669528055,0.8907694872175176,0.8750846839335037,0.8188822783575537,0.0037210330471944887,0.2147399925177703,0.8432589859000965,27042,101,2296,8396,29338,8497,XGBOOST,XGB_11,313
0.62,0.9365402405180389,0.9886832488506425,0.7844182566404788,0.9964631765095974,0.8904407165750381,0.8747848761408082,0.8182279370158629,0.003536823490402682,0.21558174335952113,0.8430433603885867,27047,96,2305,8387,29352,8483,XGBOOST,XGB_11,313
0.625,0.9365402405180389,0.9892600023604391,0.7839506172839507,0.9966473860663891,0.89029900167517,0.8747195408296374,0.8178997287328507,0.0033526139336108756,0.21604938271604937,0.8430909240529628,27052,91,2310,8382,29362,8473,XGBOOST,XGB_11,313
0.63,0.9365138099643188,0.9897211720226843,0.7834829779274224,0.9967947537118226,0.8901388658196225,0.8746084777615368,0.8175554341036851,0.003205246288177431,0.21651702207257764,0.8430637523673815,27056,87,2315,8377,29371,8464,XGBOOST,XGB_11,313
0.635,0.9364609488568786,0.9900662251655629,0.7830153385708941,0.9969052794458977,0.8899603090083958,0.8744516398579485,0.8171950648133687,0.003094720554102347,0.21698466142910589,0.8429616325752924,27059,84,2320,8372,29379,8456,XGBOOST,XGB_11,313
0.64,0.9363552266419981,0.9902935606060606,0.7824541713430603,0.9969789632686143,0.8897165673058374,0.8741901776384535,0.8167369572008748,0.0030210367313856243,0.21754582865693978,0.8427188018031022,27061,82,2326,8366,29387,8448,XGBOOST,XGB_11,313
0.645,0.936328796088278,0.9906409193223552,0.7820800598578377,0.9970894890026895,0.8895847744302636,0.8740918831338524,0.8164580444843681,0.0029105109973105404,0.21791994014216237,0.8426826933122752,27064,79,2330,8362,29394,8441,XGBOOST,XGB_11,313
0.65,0.936328796088278,0.9908735332464146,0.7818930041152263,0.9971631728254062,0.8895280884703163,0.8740655549166187,0.8163265306122448,0.002836827174593818,0.21810699588477367,0.8427024496704951,27066,77,2332,8360,29398,8437,XGBOOST,XGB_11,313
0.655,0.9360909211047972,0.9912134884825458,0.7807706696595585,0.9972736985594812,0.8890221841095198,0.8734958669038401,0.8153936315686657,0.0027263014405187343,0.21922933034044145,0.8421422995151349,27069,74,2344,8348,29413,8422,XGBOOST,XGB_11,313
0.66,0.9360909211047972,0.9913301662707839,0.7806771417882529,0.9973105404708397,0.8889938411295463,0.8734826287149434,0.8153278112057513,0.002689459529160373,0.2193228582117471,0.8421523157593954,27070,73,2345,8347,29415,8420,XGBOOST,XGB_11,313
0.665,0.9360909211047972,0.9914468995010691,0.7805836139169473,0.997347382382198,0.8889654981495727,0.8734693877551021,0.8152619856992148,0.0026526176178020117,0.21941638608305275,0.8421623533560212,27071,72,2346,8346,29417,8418,XGBOOST,XGB_11,313
0.67,0.9359587683361966,0.9916755856820074,0.7799289188178077,0.9974210662049147,0.8886749925113612,0.8731480027223706,0.8147214569044688,0.002578933795085289,0.2200710811821923,0.8418548172685042,27073,70,2353,8339,29426,8409,XGBOOST,XGB_11,313
0.675,0.9359059072287564,0.9917906008328375,0.7796483352038908,0.9974579081162731,0.8885531216600819,0.8730167041943759,0.8144920172747346,0.002542091883726928,0.22035166479610924,0.8417338772570604,27074,69,2356,8336,29430,8405,XGBOOST,XGB_11,313
0.68,0.9358530461213163,0.9921400500178635,0.7791806958473625,0.9975684338503481,0.8883745648488552,0.8728587144428729,0.8141307534447375,0.002431566149651844,0.22081930415263748,0.8416333702071402,27077,66,2361,8331,29438,8397,XGBOOST,XGB_11,313
0.685,0.935773754460156,0.9923718712753278,0.7787130564908342,0.9976421176730649,0.8881775870819495,0.8726548579813437,0.8137534696430666,0.0023578823269351213,0.22128694350916572,0.841457315431485,27079,64,2366,8326,29445,8390,XGBOOST,XGB_11,313
0.69,0.9356680322452755,0.9926031973276068,0.7781518892630004,0.9977158014957817,0.887933845379391,0.8723917374436405,0.8132942326490713,0.0022841985042183987,0.22184811073699962,0.8412158916705033,27081,62,2372,8320,29453,8382,XGBOOST,XGB_11,313
0.695,0.9355887405841152,0.9928358208955224,0.7776842499064721,0.9977894853184983,0.8877368676124853,0.8721875491687209,0.8129167236963025,0.0022105146815016765,0.22231575009352786,0.8410401181524696,27083,60,2377,8315,29460,8375,XGBOOST,XGB_11,313
0.7,0.9356151711378353,0.9930721452460582,0.7775907220351664,0.9978631691412151,0.8877269455881908,0.8722198908938312,0.8128666405944465,0.002136830858784954,0.2224092779648335,0.8411264408422031,27085,58,2378,8314,29463,8372,XGBOOST,XGB_11,313
0.705,0.9356151711378353,0.9934257709777672,0.7773101384212495,0.9979736948752901,0.8876419166482699,0.8721796620841641,0.8126686744631753,0.00202630512470987,0.22268986157875048,0.841157839322491,27088,55,2381,8311,29469,8366,XGBOOST,XGB_11,313
0.71,0.9355623100303951,0.9936602870813397,0.7769360269360269,0.9980473786980069,0.8874917028170168,0.8720344320806215,0.8123728680957596,0.0019526213019931474,0.22306397306397308,0.8410479489373299,27090,53,2385,8307,29475,8360,XGBOOST,XGB_11,313
0.715,0.9354830183692349,0.9937761819269898,0.7765619154508043,0.9980842206093652,0.8873230680300848,0.8718433349083846,0.8120611075249887,0.001915779390634786,0.22343808454919567,0.8408621243526243,27091,52,2389,8303,29480,8355,XGBOOST,XGB_11,313
0.72,0.9353508656006343,0.9937724550898204,0.7760942760942761,0.9980842206093652,0.8870892483518207,0.8715471063963869,0.8116514730623263,0.001915779390634786,0.2239057239057239,0.8405348000720252,27091,52,2394,8298,29485,8350,XGBOOST,XGB_11,313
0.725,0.9353244350469142,0.994008388256441,0.7758136924803591,0.998157904432082,0.8869857984562206,0.8714608394179755,0.8114374034003091,0.0018420955679180637,0.22418630751964086,0.8404906081916885,27093,50,2397,8295,29490,8345,XGBOOST,XGB_11,313
0.73,0.9352451433857539,0.9941247002398081,0.7754395809951365,0.9981947463434403,0.8868171636692884,0.8712694409415722,0.8111254598105972,0.0018052536565597024,0.22456041900486345,0.8403049166678433,27094,49,2401,8291,29495,8340,XGBOOST,XGB_11,313
0.735,0.9350601295097132,0.9941197647905916,0.774784885895997,0.9981947463434403,0.8864898161197187,0.8708541392904073,0.810551652609538,0.0018052536565597024,0.225215114104003,0.839846716640151,27094,49,2408,8284,29502,8333,XGBOOST,XGB_11,313
0.74,0.9349544072948328,0.9941169408092208,0.7744107744107744,0.9981947463434403,0.8863027603771074,0.8706166868198307,0.8102236921932795,0.0018052536565597024,0.2255892255892256,0.8395848734670952,27094,49,2412,8280,29506,8329,XGBOOST,XGB_11,313
0.745,0.9348222545262324,0.9944698244770378,0.7736625514403292,0.9983052720775154,0.8859839117589223,0.8702788006312467,0.8096151587519086,0.0016947279224846185,0.22633744855967078,0.8392899670787367,27097,46,2420,8272,29517,8318,XGBOOST,XGB_11,313
0.75,0.9347165323113519,0.9944671638200625,0.7732884399551067,0.9983052720775154,0.885796856016311,0.8700410396716827,0.8092870286989546,0.0016947279224846185,0.22671156004489337,0.8390281572053944,27097,46,2424,8268,29521,8314,XGBOOST,XGB_11,313
0.755,0.9346108100964715,0.9947026246087166,0.7727272727272727,0.9983789559002321,0.8855531143137524,0.8697757658700915,0.8088264087402591,0.0016210440997678959,0.22727272727272727,0.8387881305328673,27099,44,2430,8262,29529,8306,XGBOOST,XGB_11,313
0.76,0.934478657327871,0.9946994338031563,0.7722596333707444,0.9983789559002321,0.8853192946354882,0.8694782288211447,0.8084160645401319,0.0016210440997678959,0.2277403666292555,0.838460887479093,27099,44,2435,8257,29534,8301,XGBOOST,XGB_11,313
0.765,0.934452226774151,0.9948180284405881,0.7720725776281332,0.9984157978115905,0.8852441877198618,0.8694049499736703,0.8082677319547252,0.0015842021884095348,0.2279274223718668,0.8384063953267998,27100,43,2437,8255,29537,8298,XGBOOST,XGB_11,313
0.77,0.9343200740055504,0.9950536856074316,0.7714178825289937,0.9984894816343072,0.8849536820816504,0.8690796059217113,0.807724699845271,0.0015105183656928122,0.22858211747100635,0.838101186526334,27102,41,2444,8248,29546,8289,XGBOOST,XGB_11,313
0.775,0.9341350601295098,0.995049504950495,0.7707631874298541,0.9984894816343072,0.8846263345320806,0.8686623800990829,0.8071498530852106,0.0015105183656928122,0.22923681257014591,0.8376430899886935,27102,41,2451,8241,29553,8282,XGBOOST,XGB_11,313
0.78,0.9340821990220695,0.995048309178744,0.7705761316872428,0.9984894816343072,0.8845328066607749,0.8685431161711997,0.8069855821971478,0.0015105183656928122,0.2294238683127572,0.837512199120306,27102,41,2453,8239,29555,8280,XGBOOST,XGB_11,313
0.785,0.9338707545923087,0.9951632406287787,0.769734380845492,0.9985263235456655,0.8841303521955788,0.8680518932602046,0.8062620008621029,0.0014736764543344509,0.23026561915450805,0.8369997380244654,27103,40,2462,8230,29565,8270,XGBOOST,XGB_11,313
0.79,0.9336328796088278,0.9957580899284935,0.7684249906472129,0.9987105331024574,0.8835677618748352,0.8674444385788945,0.8051902232501619,0.0012894668975426446,0.23157500935278713,0.8364668844540932,27108,35,2476,8216,29584,8251,XGBOOST,XGB_11,313
0.795,0.9336064490551077,0.9958777885548011,0.7682379349046016,0.9987473750138157,0.8834926549592086,0.8673706441393875,0.8050415555904029,0.0012526249861842832,0.23176206509539843,0.8364127652774846,27109,34,2478,8214,29587,8248,XGBOOST,XGB_11,313
0.8,0.9334742962865072,0.9961160334992111,0.7675832398054621,0.9988210588365325,0.8832021493209973,0.8670434736675295,0.8044974219224812,0.0011789411634675606,0.23241676019453797,0.836108367249683,27111,32,2485,8207,29596,8239,XGBOOST,XGB_11,313
0.805,0.9332364213030263,0.9961117861482381,0.7667414889637112,0.9988210588365325,0.8827812739001218,0.8665045978226403,0.8037570100788266,0.0011789411634675606,0.2332585110362888,0.8355195710456397,27111,32,2494,8198,29605,8230,XGBOOST,XGB_11,313
0.81,0.9330778379807056,0.9968339016074038,0.7656191545080434,0.9990421103046826,0.882330632406363,0.866060093101989,0.8028638681836014,0.000957889695317393,0.2343808454919566,0.8351961805668435,27117,26,2506,8186,29623,8212,XGBOOST,XGB_11,313
0.815,0.9327342407823443,0.9971927254973758,0.764122708567153,0.9991526360387577,0.8816376723029553,0.8652369605507017,0.80159337532623,0.0008473639612423092,0.235877291432847,0.8343809950529932,27120,23,2522,8170,29642,8193,XGBOOST,XGB_11,313
0.82,0.9326020880137439,0.9974340175953079,0.7634680134680135,0.9992263198614744,0.8813471666647439,0.8649078194532741,0.8010480452190297,0.0007736801385255867,0.23653198653198654,0.8340775565386328,27122,21,2529,8163,29651,8184,XGBOOST,XGB_11,313
0.825,0.9324435046914232,0.9974321349963317,0.7629068462401796,0.9992263198614744,0.881066583050827,0.8645468998410175,0.8005535272641621,0.0007736801385255867,0.23709315375982043,0.8336852122292542,27122,21,2535,8157,29657,8178,XGBOOST,XGB_11,313
0.83,0.9322320602616625,0.9974296205630355,0.7621586232697344,0.9992263198614744,0.8806924715656044,0.8640653165093839,0.7998939887706625,0.0007736801385255867,0.23784137673026562,0.8331620461851365,27122,21,2543,8149,29665,8170,XGBOOST,XGB_11,313
0.835,0.9320206158319017,0.9975490196078431,0.7613168724279835,0.9992631617728328,0.8802900171004082,0.8635688521111817,0.7991674520892241,0.0007368382271672254,0.23868312757201646,0.8326507467273055,27123,20,2552,8140,29675,8160,XGBOOST,XGB_11,313
0.84,0.9317827408484207,0.9976684255736901,0.7603815937149271,0.9993000036841911,0.8798407986995591,0.8630115174353803,0.7983581122218514,0.0006999963158088641,0.23961840628507294,0.8320741002850507,27124,19,2562,8130,29686,8149,XGBOOST,XGB_11,313
0.845,0.9316770186335404,0.9976672805402087,0.7600074822297045,0.9993000036841911,0.8796537429569478,0.8627700801613846,0.7980280085636281,0.0006999963158088641,0.23999251777029554,0.8318124893022698,27124,19,2566,8126,29690,8145,XGBOOST,XGB_11,313
0.85,0.9315184353112198,0.9979102642901044,0.7592592592592593,0.9993736875069078,0.8793164733830836,0.8623784989642534,0.7973989745201658,0.0006263124930921416,0.24074074074074073,0.8314441747266452,27126,17,2574,8118,29700,8135,XGBOOST,XGB_11,313
0.855,0.9313598519888991,0.9979087218600073,0.7586980920314254,0.9993736875069078,0.8790358897691666,0.8620158333776101,0.7969035503074837,0.0006263124930921416,0.24130190796857465,0.8310517682101719,27126,17,2580,8112,29706,8129,XGBOOST,XGB_11,313
0.86,0.931333421435179,0.998031011567807,0.7585110362888141,0.9994105294182662,0.8789607828535402,0.8619406950791795,0.7967540378040634,0.0005894705817337803,0.24148896371118594,0.8309984946357627,27127,16,2582,8110,29709,8126,XGBOOST,XGB_11,313
0.865,0.9312276992202987,0.9980300418616105,0.7581369248035915,0.9994105294182662,0.8787737271109288,0.861698734984586,0.796423658872077,0.0005894705817337803,0.24186307519640854,0.830736892044283,27127,16,2586,8106,29713,8122,XGBOOST,XGB_11,313
0.87,0.9311748381128585,0.9982750123213405,0.7577628133183689,0.9994842132409829,0.8786235132796759,0.8615482773287961,0.7961245185126955,0.0005157867590170578,0.24223718668163113,0.8306304731134714,27129,14,2590,8102,29719,8116,XGBOOST,XGB_11,313
0.875,0.9311219770054182,0.9983974358974359,0.7574822297044519,0.9995210551523414,0.8785016424283967,0.8614124654328866,0.7958922955974844,0.0004789448476586965,0.24251777029554808,0.8305119211499766,27130,13,2593,8099,29723,8112,XGBOOST,XGB_11,313
0.88,0.9309898242368178,0.9983964475144936,0.7570145903479237,0.9995210551523414,0.8782678227501326,0.8611096334911432,0.7954791154791155,0.0004789448476586965,0.24298540965207632,0.8301849597458286,27130,13,2598,8094,29728,8107,XGBOOST,XGB_11,313
0.885,0.9309105325756575,0.998518884226117,0.7566404788627011,0.9995578970636997,0.8780991879632004,0.8609130573587316,0.795164143896206,0.00044210293630033527,0.24335952113729892,0.8300010730354043,27131,12,2602,8090,29733,8102,XGBOOST,XGB_11,313
0.89,0.9307783798070569,0.9986411365040149,0.7560793116348672,0.999594738975058,0.8778370253049625,0.8605950923510939,0.7946837583312034,0.00040526102494197396,0.2439206883651328,0.829686452547211,27132,11,2608,8084,29740,8095,XGBOOST,XGB_11,313
0.895,0.9307255186996167,0.998640800691956,0.7558922558922558,0.999594738975058,0.8777434974336569,0.8604737822730902,0.7945183932679263,0.00040526102494197396,0.2441077441077441,0.8295556703311237,27132,11,2610,8082,29742,8093,XGBOOST,XGB_11,313
0.9,0.9306726575921765,0.9987637532451478,0.7556116722783389,0.9996315808864163,0.8776216265823776,0.8603375752089878,0.7942859390054466,0.0003684191135836127,0.24438832772166105,0.8294372739299166,27133,10,2613,8079,29746,8089,XGBOOST,XGB_11,313
0.905,0.930514074269856,0.9987628355808487,0.7550505050505051,0.9996315808864163,0.8773410429684607,0.8599733688415445,0.7937896993176141,0.0003684191135836127,0.24494949494949494,0.8290449295206472,27133,10,2619,8073,29752,8083,XGBOOST,XGB_11,313
0.91,0.9304876437161359,0.9990096558554098,0.754769921436588,0.9997052647091331,0.8772375930728606,0.8598827916888652,0.7935727490854738,0.00029473529086689016,0.2452300785634119,0.8290044510754155,27135,8,2622,8070,29757,8078,XGBOOST,XGB_11,313
0.915,0.9304347826086956,0.9990094105993066,0.7545828656939768,0.9997052647091331,0.877144065201555,0.8597612958226769,0.7934072850287153,0.00029473529086689016,0.2454171343060232,0.8288736817164135,27135,8,2624,8068,29759,8076,XGBOOST,XGB_11,313
0.92,0.9303819215012554,0.9991328047571854,0.7543022820800599,0.9997421066204915,0.8770221943502756,0.8596248134726071,0.7931746656176238,0.0002578933795085289,0.24569771791994013,0.8287554207057685,27136,7,2627,8065,29763,8072,XGBOOST,XGB_11,313
0.925,0.9303554909475353,0.9991326973113617,0.7542087542087542,0.9997421066204915,0.8769754304146229,0.8595640356019827,0.7930919176222978,0.0002578933795085289,0.24579124579124578,0.8286900382899407,27136,7,2628,8064,29764,8071,XGBOOST,XGB_11,313
0.93,0.9302761992863751,0.9991323748140803,0.7539281705948373,0.9997421066204915,0.8768351386076644,0.8593816631130063,0.7928436541033914,0.0002578933795085289,0.24607182940516273,0.8284938864487456,27136,7,2631,8061,29767,8068,XGBOOST,XGB_11,313
0.935,0.9302761992863751,0.9992561368708158,0.7538346427235316,0.9997789485318498,0.8768067956276907,0.8593666702207058,0.7927764881772043,0.00022105146815016763,0.24616535727646838,0.8285064404323269,27137,6,2632,8060,29769,8066,XGBOOST,XGB_11,313
0.94,0.9302233381789349,0.9992559523809523,0.7536475869809203,0.9997789485318498,0.876713267756385,0.8592450415866922,0.7926109537299337,0.00022105146815016763,0.24635241301907967,0.8283756785880381,27137,6,2634,8058,29771,8064,XGBOOST,XGB_11,313
0.945,0.9301704770714947,0.9992557677995535,0.753460531238309,0.9997789485318498,0.8766197398850795,0.8591233870107711,0.792445406256148,0.00022105146815016763,0.24653946876169097,0.8282449136713581,27137,6,2636,8056,29773,8062,XGBOOST,XGB_11,313
0.95,0.9300383243028941,0.9993792675356921,0.7528993640104751,0.9998157904432082,0.8763575772268417,0.8588040753187176,0.7919642681463117,0.00018420955679180636,0.2471006359895249,0.8279306092469962,27138,5,2642,8050,29780,8055,XGBOOST,XGB_11,313
0.05,0.6941720629047179,0.4800960101444681,0.9914889637111859,0.5770548576060126,0.7842719106585992,0.6469349769627437,0.817360329380561,0.4229451423939874,0.008511036288814066,0.5192990799180317,15663,11480,91,10601,15754,22081,XGBOOST,XGB_11,997
0.055,0.7040570899960354,0.48834525732748674,0.9895248784137674,0.5916074125925653,0.7905661455031663,0.6539543220941374,0.821007868638741,0.40839258740743467,0.010475121586232696,0.5289310346984892,16058,11085,112,10580,16170,21665,XGBOOST,XGB_11,997
0.06,0.7126734505087882,0.49579318448883664,0.9865319865319865,0.6047968168588587,0.7956644016954226,0.6599305533831763,0.8235092047530566,0.3952031831411414,0.013468013468013467,0.5366887374618712,16416,10727,144,10548,16560,21275,XGBOOST,XGB_11,997
0.065,0.7206819082859786,0.5029639544889569,0.984006734006734,0.6169546476071178,0.800480690806926,0.6656754191711484,0.8260057155418774,0.3830453523928821,0.015993265993265993,0.5442309161126672,16746,10397,171,10521,16917,20918,XGBOOST,XGB_11,997
0.07,0.7291925465838509,0.5108473586924798,0.9822297044519267,0.6295177393803191,0.8058737219161229,0.672128,0.8292012759372137,0.3704822606196809,0.017770295548073325,0.5529755945534569,17087,10056,190,10502,17277,20558,XGBOOST,XGB_11,997
0.075,0.7379410598652042,0.5192412460997474,0.980546202768425,0.6423755664443871,0.811460884606406,0.6789495839134799,0.8326053463365046,0.35762443355561285,0.01945379723157501,0.5622305857492558,17436,9707,208,10484,17644,20191,XGBOOST,XGB_11,997
0.08,0.7471388925597992,0.5284162667340238,0.9783015338570894,0.6560807574696975,0.8171911456633935,0.6861941155246498,0.835957354986174,0.3439192425303025,0.021698466142910586,0.5718912211888266,17808,9335,232,10460,18040,19795,XGBOOST,XGB_11,997
0.085,0.7568124752213559,0.5385131993594049,0.974934530490086,0.6708912058357588,0.8229128681629224,0.6938001264601151,0.838953722334004,0.3291087941642412,0.025065469509913955,0.5817377404788382,18210,8933,268,10424,18478,19357,XGBOOST,XGB_11,997
0.09,0.7645301969076252,0.546898837392814,0.9723157500935279,0.6826806174704344,0.8274981837819811,0.7000437695700482,0.8414134710329088,0.31731938252956565,0.027684249906472128,0.5898459847375358,18530,8613,296,10396,18826,19009,XGBOOST,XGB_11,997
0.095,0.7739130434782608,0.5575287913034119,0.9689487467265245,0.6970858048115536,0.8330172757690391,0.7077953132472502,0.8443357783211085,0.30291419518844637,0.031051253273475497,0.5998735656900259,18921,8222,332,10360,19253,18582,XGBOOST,XGB_11,997
0.1,0.7841416677679397,0.5697090166197338,0.9650205761316872,0.7128909847842906,0.8389557804579889,0.7164531472416068,0.8474186501092329,0.2871090152157094,0.03497942386831276,0.6110302715073116,19350,7793,374,10318,19724,18111,XGBOOST,XGB_11,997
0.105,0.7939738337518171,0.5821657496171082,0.9598765432098766,0.7286224809343109,0.8442495120720938,0.7247625436954911,0.8496282927959998,0.27137751906568913,0.040123456790123455,0.6214521777010495,19777,7366,429,10263,20206,17629,XGBOOST,XGB_11,997
0.11,0.803171666446412,0.5944797065160426,0.9548260381593715,0.7434329293003721,0.8491294837298717,0.7327471738740355,0.8515873942710332,0.2565670706996279,0.04517396184062851,0.6314888062971862,20179,6964,483,10209,20662,17173,XGBOOST,XGB_11,997
0.115,0.8114708603145235,0.6061944262099421,0.9500561167227833,0.756880226946174,0.8534681718344787,0.740136252686801,0.853254934901302,0.24311977305382604,0.04994388327721661,0.6408049720782935,20544,6599,534,10158,21078,16757,XGBOOST,XGB_11,997
0.12,0.8201136513809965,0.6192463483490855,0.9436962214739992,0.7714327819327267,0.857564501703363,0.7477951530423183,0.854187125393654,0.22856721806727334,0.05630377852600075,0.6502734222977834,20939,6204,602,10090,21541,16294,XGBOOST,XGB_11,997
0.125,0.8292586229681512,0.6337209302325582,0.937897493453049,0.7864642817669381,0.8621808876099935,0.7563735103333836,0.8557482250136537,0.21353571823306194,0.06210250654695099,0.6612046494350748,21347,5796,664,10028,22011,15824,XGBOOST,XGB_11,997
0.13,0.8375578168362627,0.6476549304923996,0.9324728769173214,0.8001694727922485,0.866321174854785,0.7643946944721307,0.8570888208796122,0.19983052720775155,0.06752712308267864,0.6715116837706561,21719,5424,722,9970,22441,15394,XGBOOST,XGB_11,997
0.135,0.8464384828862165,0.6632994380519133,0.9273288439955106,0.8145746601333678,0.8709517520644392,0.7734009360374415,0.8589472589923072,0.1854253398666323,0.07267115600448934,0.6833132487298689,22110,5033,777,9915,22887,14948,XGBOOST,XGB_11,997
0.14,0.8544469406634069,0.678608336203927,0.9212495323606434,0.8281324835132446,0.8746910079369441,0.7815289403737057,0.8597664228479653,0.17186751648675533,0.07875046763935653,0.6938871927478732,22478,4665,842,9850,23320,14515,XGBOOST,XGB_11,997
0.145,0.8615567596141139,0.6930209513023783,0.9157313879536102,0.8402166304387871,0.8779740091961987,0.7889605157131345,0.86042955568054,0.15978336956121283,0.08426861204638983,0.7036742977174106,22806,4337,901,9791,23707,14128,XGBOOST,XGB_11,997
0.15,0.8680586758292587,0.7073330423395897,0.9093714927048261,0.8517849906053127,0.8805782416550694,0.7957279646452248,0.8602293237074,0.1482150093946874,0.09062850729517397,0.7125819113136961,23120,4023,969,9723,24089,13746,XGBOOST,XGB_11,997
0.155,0.8745077309369631,0.7220230091139997,0.9039468761690984,0.8629112478355377,0.8834290620023181,0.802807542154664,0.860579834027852,0.13708875216446229,0.09605312383090162,0.722133446899284,23422,3721,1027,9665,24449,13386,XGBOOST,XGB_11,997
0.16,0.8809567860446677,0.737415592387968,0.8988028432472877,0.8739269793316877,0.8863649112894877,0.8101500590119709,0.861111111111111,0.12607302066831227,0.1011971567527123,0.7321978170303627,23721,3422,1082,9610,24803,13032,XGBOOST,XGB_11,997
0.165,0.8858992995903264,0.75053053525112,0.8930976430976431,0.8830637733485613,0.8880807082231021,0.8156310057655349,0.8604097961831648,0.11693622665143867,0.1069023569023569,0.7397330681068899,23969,3174,1143,9549,25112,12723,XGBOOST,XGB_11,997
0.17,0.8908418131359852,0.7636188333601157,0.8888888888888888,0.8916110967837011,0.890249992836295,0.8215057481199758,0.8606512840946137,0.10838890321629886,0.1111111111111111,0.7479862280522837,24201,2942,1188,9504,25389,12446,XGBOOST,XGB_11,997
0.175,0.8948063961940003,0.7753528060387266,0.8838383838383839,0.8991268467008069,0.8914826152695954,0.8260489510489512,0.8597787320765704,0.10087315329919316,0.11616161616161616,0.7544255120433622,24405,2738,1242,9450,25647,12188,XGBOOST,XGB_11,997
0.18,0.898665257037135,0.7867536377320622,0.8799102132435466,0.9060531260361787,0.8929816696398627,0.8307284768211919,0.8595548733691482,0.09394687396382125,0.12008978675645342,0.7611573581409505,24593,2550,1284,9408,25877,11958,XGBOOST,XGB_11,997
0.185,0.9019955068058676,0.7971409121851599,0.8761690983913206,0.9121688833216667,0.8941689908564936,0.8347888076991623,0.8591342626559061,0.08783111667833327,0.12383090160867939,0.767072101086661,24759,2384,1324,9368,26083,11752,XGBOOST,XGB_11,997
0.19,0.9054050482357605,0.8084294510450091,0.8718668163112607,0.91861621780938,0.8952415170603203,0.8389506367277145,0.858395182231717,0.08138378219062005,0.12813318368873924,0.7732262113858355,24934,2209,1370,9322,26304,11531,XGBOOST,XGB_11,997
0.195,0.9075987841945289,0.8163355020221558,0.8684062850729517,0.9230372471723833,0.8957217661226675,0.8415662104595304,0.8574674005393224,0.07696275282761669,0.13159371492704827,0.7771745929312215,25054,2089,1407,9285,26461,11374,XGBOOST,XGB_11,997
0.2,0.9094224924012158,0.8234927420073025,0.8648522259633371,0.926979331687728,0.8959157788255325,0.8436658911546007,0.8562512732188824,0.07302066831227204,0.13514777403666292,0.7804244558164671,25161,1982,1445,9247,26606,11229,XGBOOST,XGB_11,997
0.205,0.9111404783930224,0.8297049298308744,0.8626075570520015,0.9302582617986221,0.8964329094253118,0.8458363903154805,0.8558199094350827,0.06974173820137788,0.13739244294799852,0.7837430899310677,25250,1893,1469,9223,26719,11116,XGBOOST,XGB_11,997
0.21,0.9128584643848289,0.8365953573054165,0.8595211372989151,0.9338687691117415,0.8966949532053283,0.8479033076532729,0.8548360091529776,0.06613123088825848,0.14047886270108492,0.7869966682476024,25348,1795,1502,9190,26850,10985,XGBOOST,XGB_11,997
0.215,0.9146028809303555,0.8435399208030205,0.8567153011597456,0.9374055926021442,0.8970604468809449,0.8500765625725023,0.8540474014955153,0.0625944073978558,0.14328469884025438,0.7904262014868897,25444,1699,1532,9160,26976,10859,XGBOOST,XGB_11,997
0.22,0.9157658252940399,0.8491672094538011,0.8535353535353535,0.9402792616880964,0.8969073076117249,0.8513456784364942,0.8526581332336728,0.05972073831190362,0.14646464646464646,0.7925841701775588,25522,1621,1566,9126,27088,10747,XGBOOST,XGB_11,997
0.225,0.9177216862693274,0.8563904824602652,0.8516647961092405,0.9437424013557824,0.8977035987325115,0.854021101992966,0.8526057564465084,0.056257598644217664,0.14833520389075944,0.7967454459658015,25616,1527,1586,9106,27202,10633,XGBOOST,XGB_11,997
0.23,0.9189374917404519,0.8621639593426428,0.8488589599700711,0.9465423866190178,0.8977006732945445,0.8554597294877233,0.851487006285768,0.053457613380982205,0.15114104002992892,0.7991852535047156,25692,1451,1616,9076,27308,10527,XGBOOST,XGB_11,997
0.235,0.9199418527818157,0.8664753706360593,0.847268986157875,0.9485686917437277,0.8979188389508014,0.8567645528916631,0.8510418428123179,0.05143130825627234,0.15273101384212495,0.8013166270863815,25747,1396,1633,9059,27380,10455,XGBOOST,XGB_11,997
0.24,0.9214219637901414,0.872143477003182,0.8459595959595959,0.9511476255388129,0.8985536107492045,0.8588520153824243,0.8510698357138824,0.048852374461187044,0.15404040404040403,0.8046053755288952,25817,1326,1647,9045,27464,10371,XGBOOST,XGB_11,997
0.245,0.9231135192282278,0.8792515349381151,0.843808454919566,0.9543528718269904,0.8990806633732782,0.8611654655657901,0.8506666163797167,0.045647128173009616,0.15619154508043398,0.8083591342132743,25904,1239,1670,9022,27574,10261,XGBOOST,XGB_11,997
0.25,0.92369499141007,0.8824105830475257,0.84221848110737,0.9557897063699665,0.8990040937386683,0.8618461980188543,0.8499613010401526,0.04421029363003352,0.15778151889263,0.8095968292280611,25943,1200,1687,9005,27630,10205,XGBOOST,XGB_11,997
0.255,0.9248050746663142,0.8873531444367657,0.8406285072951739,0.9579633791401098,0.8992959432176418,0.8633591085922866,0.8495755902981266,0.04203662085989021,0.15937149270482603,0.8121066960734855,26002,1141,1704,8988,27706,10129,XGBOOST,XGB_11,997
0.26,0.9260208801374389,0.8924912978617603,0.8393191170968949,0.9601738938216114,0.8997465054592532,0.8650889285197859,0.8494405845938322,0.03982610617838853,0.16068088290310512,0.8149217549273304,26062,1081,1718,8974,27780,10055,XGBOOST,XGB_11,997
0.265,0.926575921765561,0.8961754104925911,0.837167976056865,0.9617949379213794,0.8994814569891222,0.8656673114119923,0.8483395253620442,0.038205062078620636,0.16283202394313506,0.8161247432212824,26106,1037,1741,8951,27847,9988,XGBOOST,XGB_11,997
0.27,0.9277388661292454,0.9011897559991934,0.8359521137298915,0.963894926868806,0.8999235202993487,0.867345948568656,0.8482329271533234,0.03610507313119404,0.1640478862701085,0.8188774567766406,26163,980,1754,8938,27917,9918,XGBOOST,XGB_11,997
0.275,0.9283467688648077,0.9040194391009416,0.8351103628881407,0.9650738680322735,0.9000921154602071,0.8681997180222665,0.8480387501187198,0.03492613196772649,0.16488963711185933,0.8203190738971211,26195,948,1763,8929,27958,9877,XGBOOST,XGB_11,997
0.28,0.9291132549226906,0.9075921025849786,0.8340815563037786,0.966547544486608,0.9003145503951933,0.869285505409884,0.8478153401528691,0.033452455513392036,0.16591844369622147,0.8221528909344377,26235,908,1774,8918,28009,9826,XGBOOST,XGB_11,997
0.285,0.9298797409805736,0.9114546012897943,0.8327721661054994,0.9681317466750174,0.9004519563902584,0.8703386931235032,0.8474027828006928,0.0318682533249825,0.16722783389450055,0.8239929549543621,26278,865,1788,8904,28066,9769,XGBOOST,XGB_11,997
0.29,0.9304083520549755,0.9142592782975224,0.8317433595211373,0.9692738459271267,0.900508602724132,0.871051471668544,0.8470330507667398,0.0307261540728733,0.1682566404788627,0.825269533666834,26309,834,1799,8893,28108,9727,XGBOOST,XGB_11,997
0.295,0.9308841020219374,0.9174160206718346,0.8301533857089413,0.9705633128246693,0.9003583492668052,0.8716060293612216,0.8462521213508,0.029436687175330656,0.16984661429105874,0.8264098252393716,26344,799,1816,8876,28160,9675,XGBOOST,XGB_11,997
0.3,0.9313862825426192,0.920265780730897,0.8290310512532735,0.9717054120767785,0.900368231665026,0.8722692383389096,0.8458015267175572,0.028294587923221457,0.17096894874672652,0.8276412219895284,26375,768,1828,8864,28203,9632,XGBOOST,XGB_11,997
0.305,0.9319941852781816,0.922908636316283,0.8285634118967452,0.9727369855948127,0.9006501987457789,0.8731950125671479,0.8458571237611472,0.02726301440518734,0.17143658810325477,0.8291615870275029,26403,740,1833,8859,28236,9599,XGBOOST,XGB_11,997
0.31,0.9324170741377031,0.9253372372686396,0.8276281331836888,0.9736948752901301,0.9006615042369095,0.873759565539373,0.8454835565916952,0.026305124709869947,0.17237186681631125,0.8302151749290926,26429,714,1843,8849,28272,9563,XGBOOST,XGB_11,997
0.315,0.9328399629972248,0.927963876929539,0.826505798728021,0.9747264488081642,0.9006161237680925,0.874301261439525,0.8449828842439426,0.025273551191835834,0.17349420127197904,0.8312748698705411,26457,686,1855,8837,28312,9523,XGBOOST,XGB_11,997
0.32,0.9332628518567464,0.9305218766473379,0.8254769921436588,0.9757211804148399,0.9005990862792493,0.8748575110274074,0.8445448108242589,0.024278819585160077,0.1745230078563412,0.8323445672285463,26484,659,1866,8826,28350,9485,XGBOOST,XGB_11,997
0.325,0.9336593101625479,0.9332768481253971,0.8241676019453797,0.9767895958442324,0.9004785988948061,0.875335253799543,0.8438996360850413,0.0232104041557676,0.17583239805462028,0.8333550425567622,26513,630,1880,8812,28393,9442,XGBOOST,XGB_11,997
0.33,0.9339764768071891,0.9360366113239676,0.8225776281331837,0.9778580112736249,0.9002178197034043,0.875647152528873,0.8430143393911509,0.022141988726375125,0.1774223718668163,0.8341730428693656,26542,601,1897,8795,28439,9396,XGBOOST,XGB_11,997
0.335,0.9341879212369499,0.9377668659265584,0.8216423494201271,0.9785211656780753,0.9000817575491012,0.8758723828514456,0.8425080558539205,0.02147883432192462,0.1783576505798728,0.8347239062202667,26560,583,1907,8785,28467,9368,XGBOOST,XGB_11,997
0.34,0.934452226774151,0.9393323346886369,0.8210811821922933,0.9791106362598092,0.9000959092260512,0.8762351532089031,0.8422880607898069,0.02088936374019084,0.1789188178077067,0.8354125863343791,26576,567,1913,8779,28489,9346,XGBOOST,XGB_11,997
0.345,0.9346108100964715,0.9405961827149903,0.8204264870931538,0.9795895811074679,0.9000080341003108,0.8764112298930963,0.8419395707759051,0.020410418892532145,0.17957351290684623,0.83583087696508,26589,554,1920,8772,28509,9326,XGBOOST,XGB_11,997
0.35,0.934742962865072,0.9420492420169875,0.8194912083800973,0.9801422097778433,0.8998167090789703,0.8765067773720803,0.8413835487526168,0.019857790222156727,0.18050879161990274,0.8361865612962475,26604,539,1930,8762,28534,9301,XGBOOST,XGB_11,997
0.355,0.9349544072948328,0.943815377979079,0.8185559296670408,0.9808053641822938,0.8996806469246673,0.8767342849987478,0.8408754635767952,0.019194635817706224,0.18144407033295923,0.8367526113748901,26622,521,1940,8752,28562,9273,XGBOOST,XGB_11,997
0.36,0.9354301572617947,0.9460365523953714,0.8181818181818182,0.9816158862321778,0.899898852206998,0.877476302723306,0.8409112755935788,0.018384113767822275,0.18181818181818182,0.8380042788496408,26644,499,1944,8748,28588,9247,XGBOOST,XGB_11,997
0.365,0.9356151711378353,0.9475281873373808,0.817433595211373,0.9821685149025532,0.8998010550569631,0.8776862823860213,0.8405139252192645,0.017831485097446857,0.182566404788627,0.838505979757669,26659,484,1952,8740,28611,9224,XGBOOST,XGB_11,997
0.37,0.9358530461213163,0.9493313036859845,0.8165918443696222,0.9828316693070036,0.8997117568383128,0.8779727487555935,0.8400846723756376,0.017168330692996354,0.18340815563037785,0.8391524771103485,26677,466,1961,8731,28638,9197,XGBOOST,XGB_11,997
0.375,0.935773754460156,0.950098060579647,0.81556303778526,0.9831264045978705,0.8993447211915653,0.8777050830397584,0.8393331536595694,0.016873595402129463,0.18443696221473999,0.8389710083832456,26685,458,1972,8720,28657,9178,XGBOOST,XGB_11,997
0.38,0.9359851988899167,0.9515177986459926,0.8150018705574261,0.9836421913568876,0.8993220309571568,0.8779848866498742,0.8390786889034396,0.016357808643112405,0.18499812944257388,0.8395459821915853,26699,444,1978,8714,28677,9158,XGBOOST,XGB_11,997
0.385,0.9363552266419981,0.9534705495949201,0.8145342312008979,0.9843421876726964,0.8994382094367972,0.8785433269444164,0.8389850102115526,0.015657812327303542,0.18546576879910212,0.8405411547530374,26718,425,1983,8709,28701,9134,XGBOOST,XGB_11,997
0.39,0.9365138099643188,0.9545953059881553,0.8140665918443696,0.9847474486976384,0.899407020271004,0.8787481070166582,0.838761901090853,0.015252551302361566,0.18593340815563036,0.8409782426652136,26729,414,1988,8704,28717,9118,XGBOOST,XGB_11,997
0.395,0.936593101625479,0.9558096075629329,0.8132248410026188,0.9851895516339387,0.8992071963182788,0.8787710344130578,0.8382338764099104,0.014810448366061232,0.18677515899738123,0.8412196096899995,26741,402,1997,8695,28738,9097,XGBOOST,XGB_11,997
0.4,0.9366723932866393,0.9569288389513109,0.8124766180321736,0.9855948126588807,0.8990357153455272,0.8788062721294891,0.8377695482775913,0.014405187341119258,0.18752338196782642,0.8414596293906563,26752,391,2005,8687,28757,9078,XGBOOST,XGB_11,997
0.405,0.9369366988238403,0.9589964633068081,0.8115413393191171,0.986331650886048,0.8989364951025826,0.879128672745694,0.8372896402655551,0.013668349113952032,0.1884586606808829,0.8422047025156615,26772,371,2015,8677,28787,9048,XGBOOST,XGB_11,997
0.41,0.9370688515924409,0.9600354256614635,0.8110736999625888,0.9867000699996316,0.8988868849811102,0.8792902408111534,0.8370494778093086,0.013299930000368419,0.18892630003741115,0.8425793734177626,26782,361,2020,8672,28802,9033,XGBOOST,XGB_11,997
0.415,0.9372010043610414,0.9613848202396804,0.8103254769921436,0.9871790148472903,0.898752245919717,0.879415347137637,0.8366164542294322,0.012820985152709723,0.18967452300785634,0.8429685147515645,26795,348,2028,8664,28823,9012,XGBOOST,XGB_11,997
0.42,0.9373595876833619,0.9627446619217082,0.8096707818930041,0.987657959694949,0.8986643707939765,0.8795976427555375,0.8362635239567234,0.012342040305051026,0.19032921810699588,0.8434269110322767,26808,335,2035,8657,28843,8992,XGBOOST,XGB_11,997
0.425,0.9375181710056826,0.963903743315508,0.8092031425364759,0.9880632207198909,0.8986331816281834,0.8798047589993898,0.836038961038961,0.011936779280109052,0.19079685746352412,0.8438782214641589,26819,324,2040,8652,28859,8976,XGBOOST,XGB_11,997
0.43,0.9376767543280031,0.9647557439214811,0.8090160867938646,0.9883579560107578,0.8986870214023113,0.8800488350798656,0.8360072679475781,0.011642043989242162,0.19098391320613542,0.8443164575328734,26827,316,2042,8650,28869,8966,XGBOOST,XGB_11,997
0.435,0.9376767543280031,0.965690657130085,0.8081743359521137,0.9886895332129831,0.8984319345825484,0.8799389002036659,0.8354281073555574,0.01131046678701691,0.19182566404788626,0.8443613114531148,26836,307,2051,8641,28887,8948,XGBOOST,XGB_11,997
0.44,0.9374917404519625,0.9662896180983312,0.8069584736251403,0.9889105846811332,0.8979345291531368,0.8794658783955965,0.8344778226976419,0.011089415318866742,0.19304152637485972,0.8439264689299423,26842,301,2064,8628,28906,8929,XGBOOST,XGB_11,997
0.445,0.9375181710056826,0.9672351885098743,0.8062102506546951,0.9892421618833586,0.8977262062690268,0.8794123648235054,0.8339783281733747,0.010757838116641492,0.1937897493453049,0.8440406126267458,26851,292,2072,8620,28923,8912,XGBOOST,XGB_11,997
0.45,0.9374917404519625,0.9683878951513106,0.8050879161990273,0.9896474229083004,0.8973676695536639,0.8792196517031817,0.8331881448787192,0.010352577091699518,0.1949120838009727,0.844034485594885,26862,281,2084,8608,28946,8889,XGBOOST,XGB_11,997
0.455,0.9376767543280031,0.9697857948139798,0.8045267489711934,0.9901263677559592,0.8973265583635763,0.8794601778959207,0.8329137456911576,0.00987363224404082,0.19547325102880658,0.8445734272762003,26875,268,2090,8602,28965,8870,XGBOOST,XGB_11,997
0.46,0.9377296154354434,0.9706413730803974,0.8039655817433595,0.9904211030468261,0.8971933423950929,0.8794761612441171,0.8325584999225167,0.00957889695317393,0.19603441825664047,0.844753214570245,26883,260,2096,8596,28979,8856,XGBOOST,XGB_11,997
0.465,0.9377824765428836,0.9712864571557767,0.8035914702581369,0.9906421545149763,0.8971168123865566,0.8795168389804484,0.83233231293835,0.009357845485023763,0.19640852974186307,0.8449219315699383,26889,254,2100,8592,28989,8846,XGBOOST,XGB_11,997
0.47,0.9379410598652042,0.9729086374971662,0.8027497194163861,0.9911947831853517,0.8969722513008689,0.879676129957979,0.8318472572203915,0.008805216814648345,0.1972502805836139,0.8454125656321413,26904,239,2109,8583,29013,8822,XGBOOST,XGB_11,997
0.475,0.937888198757764,0.9734392735527809,0.8020950243172466,0.9913789927421435,0.8967370085296951,0.8794995385088709,0.831362208693629,0.008621007257856538,0.19790497568275345,0.8453120111776462,26909,234,2116,8576,29025,8810,XGBOOST,XGB_11,997
0.48,0.9378353376503238,0.9747267759562842,0.8007856341189674,0.9918210956784438,0.8963033648987055,0.8792359827479976,0.83042364990689,0.008178904321556203,0.19921436588103256,0.8452583060940696,26921,222,2130,8562,29051,8784,XGBOOST,XGB_11,997
0.485,0.9377031848817232,0.9752537347474056,0.799850355405911,0.9920053052352356,0.8959278303205733,0.8788859770823699,0.8296951704600579,0.007994694764764396,0.20014964459408904,0.8449611756308345,26926,217,2140,8552,29066,8769,XGBOOST,XGB_11,997
0.49,0.9376238932205629,0.9756793788536195,0.7991956603067715,0.992152672880669,0.8956741665937202,0.87866323907455,0.8291930287621785,0.00784732711933095,0.20080433969322858,0.8447901114878997,26930,213,2147,8545,29077,8758,XGBOOST,XGB_11,997
0.495,0.9377031848817232,0.9765580331618068,0.7987280209502432,0.992447408171536,0.8955877145608896,0.8787364305191131,0.8289169724147302,0.00755259182846406,0.20127197904975683,0.8450441938429007,26938,205,2152,8540,29090,8745,XGBOOST,XGB_11,997
0.5,0.9376767543280031,0.9768825818265049,0.7983539094650206,0.992557933905611,0.8954559216853157,0.8786412763767371,0.82864132334097,0.007442066094388977,0.20164609053497942,0.8449993016613846,26941,202,2156,8536,29097,8738,XGBOOST,XGB_11,997
0.505,0.9377031848817232,0.977650429799427,0.7977927422371867,0.9928158272851195,0.8953042847611531,0.8786115259823867,0.8282679199114443,0.007184172714880448,0.2022072577628133,0.8451155549333874,26948,195,2162,8530,29110,8725,XGBOOST,XGB_11,997
0.51,0.9377296154354434,0.9782010096374484,0.7974186307519641,0.9930000368419114,0.8952093337969378,0.8786067600989282,0.8280242405407503,0.006999963158088642,0.2025813692480359,0.8452180207030857,26953,190,2166,8526,29119,8716,XGBOOST,XGB_11,997
0.515,0.9377560459891635,0.978752727690364,0.7970445192667415,0.9931842463987032,0.8951143828327224,0.8786019897932882,0.8277804759592035,0.006815753601296835,0.2029554807332585,0.8453209411313671,26958,185,2170,8522,29128,8707,XGBOOST,XGB_11,997
0.52,0.9376767543280031,0.9791858325666973,0.796389824167602,0.9933316140441366,0.8948607191058693,0.8783783783783784,0.8272773200683974,0.00666838595586339,0.20361017583239804,0.8451528082979788,26962,181,2177,8515,29139,8696,XGBOOST,XGB_11,997
0.525,0.9377560459891635,0.9801866144453404,0.795828656939768,0.9936631912463618,0.8947459240930649,0.8784390646776442,0.8269354117669926,0.006336808753638139,0.20417134306023194,0.8454191785013399,26971,172,2183,8509,29154,8681,XGBOOST,XGB_11,997
0.53,0.9377824765428836,0.9808535178777393,0.7953610175832398,0.993884242714512,0.894622630148876,0.8784216506559241,0.8266262296356781,0.006115757285487971,0.2046389824167602,0.8455315973659043,26977,166,2188,8504,29165,8670,XGBOOST,XGB_11,997
0.535,0.9377560459891635,0.9811843472238254,0.7949869060980173,0.9939947684485871,0.8944908372733023,0.8783260139498837,0.826349866811845,0.006005231551412887,0.2050130939019828,0.8454891813122929,26980,163,2192,8500,29172,8663,XGBOOST,XGB_11,997
0.54,0.9377560459891635,0.9814066289409863,0.7947998503554059,0.9940684522713038,0.8944341513133549,0.878300863004496,0.8262196900460846,0.005931547728696165,0.2052001496445941,0.8455049597421266,26982,161,2194,8498,29176,8659,XGBOOST,XGB_11,997
0.545,0.9375710321131228,0.9818371124479408,0.7937710437710438,0.9942158199167372,0.8939934318438905,0.8778444352503104,0.8253909593091107,0.0057841800832627195,0.20622895622895623,0.8450754986824736,26986,157,2205,8487,29191,8644,XGBOOST,XGB_11,997
0.55,0.9377031848817232,0.9825170776890124,0.7936775158997381,0.9944368713848875,0.8940571936423127,0.8780588752651457,0.8254060889018577,0.005563128615112552,0.20632248410026188,0.8454533362302457,26992,151,2206,8486,29198,8637,XGBOOST,XGB_11,997
0.555,0.9377031848817232,0.9827406463570022,0.7934904601571269,0.9945105552076041,0.8940005076823655,0.8780336351875808,0.8252757728448862,0.005489444792395829,0.20650953984287318,0.8454696197429673,26994,149,2208,8484,29202,8633,XGBOOST,XGB_11,997
0.56,0.9375710321131228,0.9830665738807701,0.7927422371866817,0.9946210809416792,0.8936816590641805,0.8777052914983949,0.8246740611013815,0.005378919058320746,0.20725776281331837,0.8451649687693278,26997,146,2216,8476,29213,8622,XGBOOST,XGB_11,997
0.565,0.9374388793445223,0.9833933341075368,0.7919940142162364,0.9947316066757543,0.8933628104459954,0.8773765735895974,0.8240720917106211,0.005268393324245662,0.20800598578376356,0.8448606208519917,27000,143,2224,8468,29224,8611,XGBOOST,XGB_11,997
0.57,0.9373331571296418,0.9838353296894988,0.7912457912457912,0.9948789743211878,0.8930623827834895,0.877092944896584,0.8234858956139155,0.005121025678812217,0.20875420875420875,0.8446308220348548,27004,139,2232,8460,29236,8599,XGBOOST,XGB_11,997
0.575,0.9373595876833619,0.9847390493942219,0.7905910961466517,0.9951737096120546,0.8928824028793532,0.8770491803278689,0.8230448668016824,0.0048262903879453265,0.2094089038533483,0.844764700279092,27012,131,2239,8453,29251,8584,XGBOOST,XGB_11,997
0.58,0.9373067265759217,0.9848484848484849,0.7903105125327348,0.9952105515234131,0.8927605320280739,0.8769198837691989,0.8228168575212277,0.004789448476586965,0.20968948746726523,0.8446417384955435,27013,130,2242,8450,29255,8580,XGBOOST,XGB_11,997
0.585,0.9371481432536012,0.9856308411214953,0.7890946502057613,0.9954684449029215,0.8922815475543414,0.8764803656762933,0.8218711034912718,0.004531555097078436,0.2109053497942387,0.8443080689038055,27020,123,2255,8437,29275,8560,XGBOOST,XGB_11,997
0.59,0.9371217126998811,0.9863109863109863,0.7884399551066218,0.9956894963710717,0.8920647257388468,0.8763449243723687,0.8213972522654195,0.004310503628928269,0.21156004489337824,0.8442954610448159,27026,117,2262,8430,29288,8547,XGBOOST,XGB_11,997
0.595,0.9371745738073213,0.986883710036304,0.7881593714927049,0.9958737059278635,0.8920165387102842,0.8763974832302012,0.8212329701600171,0.004126294072136463,0.21184062850729518,0.8444717263043473,27031,112,2265,8427,29296,8539,XGBOOST,XGB_11,997
0.6,0.9370688515924409,0.9872200726931645,0.7875046763935653,0.9959842316619386,0.8917444540277519,0.8761250715363403,0.8207107628126401,0.004015768338061379,0.21249532360643472,0.8442361041812282,27034,109,2272,8420,29306,8529,XGBOOST,XGB_11,997
0.605,0.9369366988238403,0.9877848249941273,0.7865693976805088,0.9961684412187304,0.8913689194496196,0.8757679891700509,0.81997581997582,0.003831558781269572,0.2134306023194912,0.84395349371321,27039,104,2282,8410,29321,8514,XGBOOST,XGB_11,997
0.61,0.9366988238403594,0.98777189888301,0.785727646838758,0.9961684412187304,0.8909480440287442,0.875240923060895,0.8192420962299846,0.003831558781269572,0.21427235316124205,0.8433624261238456,27039,104,2291,8401,29330,8505,XGBOOST,XGB_11,997
0.615,0.9366723932866393,0.988,0.785447063224841,0.9962421250414472,0.8908445941331441,0.8751563151313048,0.8190294140594523,0.0037578749585528495,0.214552936775159,0.8433153286545465,27041,102,2294,8398,29335,8500,XGBOOST,XGB_11,997
0.62,0.936566671071759,0.988339222614841,0.7847923681257014,0.9963526507755223,0.8905725094506118,0.8748827025336252,0.8185063794919817,0.003647349224477766,0.21520763187429853,0.8430807323352361,27044,99,2301,8391,29345,8490,XGBOOST,XGB_11,997
0.625,0.9364345183031585,0.988793205143329,0.7839506172839507,0.9965000184209557,0.8902253178524532,0.8745370128853879,0.8178358864279441,0.003499981579044321,0.21604938271604937,0.842790268828397,27048,95,2310,8382,29358,8477,XGBOOST,XGB_11,997
0.63,0.9362759349808378,0.9889006966584012,0.783295922184811,0.996536860332314,0.8899163912585626,0.8741714941808881,0.8172804809024726,0.0034631396676859595,0.21670407781518894,0.8424059444295775,27049,94,2317,8375,29366,8469,XGBOOST,XGB_11,997
0.635,0.9362759349808378,0.9893629594610566,0.7829218106995884,0.9966842279777475,0.8898030193386679,0.8741189369811517,0.8170177048156316,0.0033157720222525143,0.21707818930041153,0.842444307425528,27053,90,2321,8371,29374,8461,XGBOOST,XGB_11,997
0.64,0.9361702127659575,0.989589494853898,0.7823606434717546,0.9967579118004642,0.8895592776361094,0.8738574040219379,0.81655961422073,0.0032420881995357917,0.21763935652824543,0.8422011579682622,27055,88,2327,8365,29382,8453,XGBOOST,XGB_11,997
0.645,0.9361437822122374,0.9899360644091878,0.781986531986532,0.9968684375345392,0.8894274847605357,0.8737590134810325,0.8162807044948648,0.0031315624654607082,0.21801346801346802,0.8421647330095431,27058,85,2331,8361,29389,8446,XGBOOST,XGB_11,997
0.65,0.9359587683361966,0.9901600474214582,0.7811447811447811,0.996942121357256,0.8890434512510186,0.8733204370784754,0.8155772122727184,0.0030578786427439856,0.21885521885521886,0.8417251324334369,27060,83,2340,8352,29400,8435,XGBOOST,XGB_11,997
0.655,0.9360909211047972,0.9908637873754153,0.7810512532734755,0.9971631728254062,0.8891072130494408,0.8735355648535564,0.8155910618017033,0.002836827174593818,0.2189487467265245,0.8421123787853481,27066,77,2341,8351,29407,8428,XGBOOST,XGB_11,997
0.66,0.9360644905510771,0.9909792284866469,0.7808641975308642,0.9972000147367646,0.8890321061338144,0.8734634095307842,0.8154435176684313,0.0027999852632354565,0.2191358024691358,0.8420567690816075,27067,76,2343,8349,29410,8425,XGBOOST,XGB_11,997
0.665,0.9360909211047972,0.9914468995010691,0.7805836139169473,0.997347382382198,0.8889654981495727,0.8734693877551021,0.8152619856992148,0.0026526176178020117,0.21941638608305275,0.8421623533560212,27071,72,2346,8346,29417,8418,XGBOOST,XGB_11,997
0.67,0.9360644905510771,0.9916795435635326,0.7803030303030303,0.9974210662049147,0.8888620482539724,0.8733839309081391,0.8150485531740294,0.002578933795085289,0.2196969696969697,0.8421169588626456,27073,70,2349,8343,29422,8413,XGBOOST,XGB_11,997
0.675,0.9360116294436368,0.9917945058865502,0.7800224466891134,0.9974579081162731,0.8887401774026933,0.8732527092822366,0.814819157043203,0.002542091883726928,0.21997755331088664,0.84199600519116,27074,69,2352,8340,29426,8409,XGBOOST,XGB_11,997
0.68,0.9359851988899167,0.9922619047619048,0.7795548073325851,0.9976052757617065,0.8885800415471459,0.873140582442908,0.8144738899312071,0.0023947242382934826,0.22044519266741489,0.8419711705408894,27078,65,2357,8335,29435,8400,XGBOOST,XGB_11,997
0.685,0.9358794766750363,0.9924928503336511,0.7789936401047513,0.9976789595844232,0.8883362998445872,0.8728778033955146,0.8140148553557468,0.00232104041557676,0.22100635989524878,0.8417296300652785,27080,63,2363,8329,29443,8392,XGBOOST,XGB_11,997
0.69,0.9359059072287564,0.9928460713008227,0.7788065843621399,0.9977894853184983,0.8882980348403191,0.8728969023533728,0.8138989346104974,0.0022105146815016765,0.22119341563786007,0.8418260543154683,27083,60,2365,8327,29448,8387,XGBOOST,XGB_11,997
0.695,0.9358530461213163,0.9929619467970894,0.778526000748223,0.9978263272298566,0.8881761639890398,0.8727653997378768,0.8136693319778695,0.002173672770143315,0.22147399925177702,0.8417054302503559,27084,59,2368,8324,29452,8383,XGBOOST,XGB_11,997
0.7,0.9358001850138761,0.993077932927557,0.7782454171343061,0.9978631691412151,0.8880542931377606,0.8726338419589954,0.813439693432655,0.002136830858784954,0.22175458286569397,0.8415848440817171,27085,58,2371,8321,29456,8379,XGBOOST,XGB_11,997
0.705,0.9357208933527157,0.9931932171005493,0.7778713056490835,0.9979000110525734,0.8878856583508284,0.8724430924158187,0.8131281529858043,0.0020999889474265926,0.22212869435091656,0.841398815051524,27086,57,2375,8317,29461,8374,XGBOOST,XGB_11,997
0.71,0.9356680322452755,0.9934273422562141,0.7774971941638609,0.9979736948752901,0.8877354445195755,0.8722980062959077,0.8128324468085107,0.00202630512470987,0.22250280583613916,0.841288786454921,27088,55,2379,8313,29467,8368,XGBOOST,XGB_11,997
0.715,0.9355887405841152,0.9935429869663996,0.7771230826786383,0.9980105367866485,0.8875668097326435,0.8721070585148255,0.8125207799573645,0.0019894632133515087,0.22287691732136178,0.8411028788915199,27089,54,2383,8309,29472,8363,XGBOOST,XGB_11,997
0.72,0.935509448922955,0.9937769267592149,0.77665544332211,0.9980842206093652,0.8873698319657376,0.871902561948761,0.812143024802441,0.001915779390634786,0.22334455667789002,0.8409275872432533,27091,52,2388,8304,29479,8356,XGBOOST,XGB_11,997
0.725,0.9354830183692349,0.9940126930906479,0.7763748597081931,0.998157904432082,0.8872663820701375,0.8718164154807542,0.811929028345625,0.0018420955679180637,0.22362514029180697,0.8408833421376892,27093,50,2391,8301,29484,8351,XGBOOST,XGB_11,997
0.73,0.935271573939474,0.9941254046277425,0.7755331088664422,0.9981947463434403,0.8868639276049413,0.8713287448116429,0.8112074194368899,0.0018052536565597024,0.2244668911335578,0.840370371172386,27094,49,2400,8292,29494,8341,XGBOOST,XGB_11,997
0.735,0.9351394211708736,0.994240460763139,0.7749719416386083,0.9982315882547986,0.8866017649467035,0.8710186061179439,0.8107314782200304,0.001768411745201341,0.2250280583613917,0.8400538171769322,27095,48,2406,8286,29501,8334,XGBOOST,XGB_11,997
0.74,0.9351129906171535,0.9943584203577002,0.774784885895997,0.9982684301661571,0.8865266580310771,0.870945697313778,0.8105833773655061,0.0017315698338429798,0.225215114104003,0.839999115786672,27096,47,2408,8284,29504,8331,XGBOOST,XGB_11,997
0.745,0.9349544072948328,0.9944731467019103,0.7741301907968574,0.9983052720775154,0.8862177314371864,0.8705758611622403,0.8100252490653931,0.0016947279224846185,0.22586980920314254,0.8396172143815711,27097,46,2415,8277,29512,8323,XGBOOST,XGB_11,997
0.75,0.9349015461873926,0.994709630876518,0.7737560793116348,0.9983789559002321,0.8860675176059334,0.8704297964122258,0.8097288832338257,0.0016210440997678959,0.22624392068836513,0.8395080061218128,27099,44,2419,8273,29518,8317,XGBOOST,XGB_11,997
0.755,0.9348222545262324,0.9949458483754513,0.7732884399551067,0.9984526397229488,0.8858705398390277,0.8702241869276919,0.8093504052625398,0.0015473602770511735,0.22671156004489337,0.8393334891158039,27101,42,2424,8268,29525,8310,XGBOOST,XGB_11,997
0.76,0.9346901017576318,0.9949428055388321,0.7728208005985784,0.9984526397229488,0.8856367201607636,0.8699268305521924,0.8089401444990503,0.0015473602770511735,0.22717919940142162,0.8390063208654457,27101,42,2429,8263,29530,8305,XGBOOST,XGB_11,997
0.765,0.934478657327871,0.9950572634116938,0.7719790497568275,0.9984894816343072,0.8852342656955674,0.8694369831990308,0.8082173001977949,0.0015105183656928122,0.22802095024317245,0.8384938141990537,27102,41,2438,8254,29540,8295,XGBOOST,XGB_11,997
0.77,0.9342672128981102,0.9950524918547122,0.7712308267863823,0.9984894816343072,0.8848601542103447,0.868960429948891,0.807560473998629,0.0015105183656928122,0.22876917321361767,0.8379703052071557,27102,41,2446,8246,29548,8287,XGBOOST,XGB_11,997
0.775,0.9342407823443901,0.9952909925138855,0.7709502431724654,0.998563165457024,0.8847567043147446,0.868873194898282,0.8073457394711068,0.0014368345429760896,0.22904975682753462,0.8379270106092737,27104,39,2449,8243,29553,8282,XGBOOST,XGB_11,997
0.78,0.9339236156997489,0.9958837772397094,0.7693602693602694,0.9987473750138157,0.8840538221870425,0.8680878007598143,0.8060280630242219,0.0012526249861842832,0.23063973063973064,0.8371978134572746,27109,34,2466,8226,29575,8260,XGBOOST,XGB_11,997
0.785,0.9337121712699881,0.996,0.7685185185185185,0.998784216925174,0.8836513677218463,0.8675958188153309,0.8053040103492886,0.001215783074825922,0.23148148148148148,0.8366857719755978,27110,33,2475,8217,29585,8250,XGBOOST,XGB_11,997
0.79,0.9336328796088278,0.9959985449254274,0.7682379349046016,0.998784216925174,0.8835110759148879,0.8674164422619991,0.8050573360776242,0.001215783074825922,0.23176206509539843,0.8364895171579755,27110,33,2478,8214,29588,8247,XGBOOST,XGB_11,997
0.795,0.9335800185013876,0.995997574287447,0.7680508791619902,0.998784216925174,0.8834175480435822,0.8672968263188466,0.8048928704447886,0.001215783074825922,0.23194912083800973,0.8363586771446976,27110,33,2480,8212,29590,8245,XGBOOST,XGB_11,997
0.8,0.9335271573939474,0.9963578972927036,0.7675832398054621,0.9988947426592492,0.8832389912323556,0.8671350837339532,0.8045289677482601,0.0011052573407508383,0.23241676019453797,0.8362620071573951,27113,30,2485,8207,29598,8237,XGBOOST,XGB_11,997
0.805,0.9333421435179067,0.9964754496840058,0.7668350168350169,0.9989315845706075,0.8828833007028122,0.8667019027484144,0.803886579339556,0.001068415429392477,0.23316498316498316,0.8358156060625922,27114,29,2493,8199,29607,8228,XGBOOST,XGB_11,997
0.81,0.933157129641866,0.9965932595206229,0.7660867938645717,0.9989684264819659,0.8825276101732689,0.8662683094495268,0.803243964147724,0.0010315735180341156,0.23391320613542835,0.835369260670944,27115,28,2501,8191,29616,8219,XGBOOST,XGB_11,997
0.815,0.9329721157658253,0.996832358674464,0.7652450430228208,0.9990421103046826,0.8821435766637518,0.8658201058201057,0.8025345260514752,0.000957889695317393,0.23475495697717919,0.8349345744906194,27117,26,2510,8182,29627,8208,XGBOOST,XGB_11,997
0.82,0.9327342407823443,0.9969501036964743,0.7643097643097643,0.9990789522160409,0.8816943582629027,0.8652654984382445,0.8017266751692339,0.0009210477839590318,0.2356902356902357,0.8343575889479087,27118,25,2520,8172,29638,8197,XGBOOST,XGB_11,997
0.825,0.932628518567464,0.9970699548284703,0.7638421249532361,0.9991157941273994,0.8814789595403177,0.8650108563257958,0.8013304813673738,0.0008842058726006705,0.23615787504676394,0.8341076767095843,27119,24,2525,8167,29644,8191,XGBOOST,XGB_11,997
0.83,0.9324699352451434,0.9971892948796285,0.7631874298540965,0.9991526360387577,0.8811700329464272,0.8646357615894039,0.8007693666463858,0.0008473639612423092,0.23681257014590348,0.8337270119080997,27120,23,2532,8160,29652,8183,XGBOOST,XGB_11,997
0.835,0.9322584908153826,0.9973082099596231,0.7623456790123457,0.999189477950116,0.8807675784812309,0.8641399416909621,0.800043187216584,0.0008105220498839479,0.23765432098765432,0.8332155978655913,27121,22,2541,8151,29662,8173,XGBOOST,XGB_11,997
0.84,0.9321263380467821,0.9974283614988979,0.7617845117845118,0.9992263198614744,0.880505415822993,0.8638243716194718,0.7995641418306042,0.0007736801385255867,0.2382154882154882,0.8329004458037162,27122,21,2547,8145,29669,8166,XGBOOST,XGB_11,997
0.845,0.9319677547244615,0.9977924944812362,0.7609427609427609,0.9993368455955495,0.8801398032691552,0.8634192932187201,0.7988688582537998,0.0006631544044505029,0.23905723905723905,0.8325438588730327,27125,18,2556,8136,29681,8154,XGBOOST,XGB_11,997
0.85,0.931835601955861,0.998035604665439,0.7602880658436214,0.9994105294182662,0.8798492976309438,0.863088602219037,0.7983226287981459,0.0005894705817337803,0.2397119341563786,0.832240945028544,27127,16,2563,8129,29690,8145,XGBOOST,XGB_11,997
0.855,0.9315977269723801,0.9980334316617503,0.7594463150018705,0.9994105294182662,0.8794284222100683,0.8625451455279372,0.7975797579757976,0.0005894705817337803,0.24055368499812943,0.831652449111749,27127,16,2572,8120,29699,8136,XGBOOST,XGB_11,997
0.86,0.9313862825426192,0.9982767109798129,0.7585110362888141,0.9994842132409829,0.8789976247648985,0.86203231292517,0.7967853493672876,0.0005157867590170578,0.24148896371118594,0.8311535998261879,27129,14,2582,8110,29711,8124,XGBOOST,XGB_11,997
0.865,0.9312541297740188,0.9982756497105555,0.7580433969322858,0.9994842132409829,0.8787638050866344,0.8617298389240338,0.7963723544323698,0.0005157867590170578,0.2419566030677142,0.830826651219465,27129,14,2587,8105,29716,8119,XGBOOST,XGB_11,997
0.87,0.9312276992202987,0.9983982257269591,0.7578563411896745,0.9995210551523414,0.8786886981710079,0.8616546150574225,0.7962227812278908,0.0004789448476586965,0.24214365881032548,0.8307734767971516,27130,13,2589,8103,29719,8116,XGBOOST,XGB_11,997
0.875,0.9311484075591384,0.9986434825502528,0.7573887018331463,0.999594738975058,0.8784917204041022,0.8614435402372215,0.7958409497415335,0.00040526102494197396,0.24261129816685373,0.8306018436532504,27132,11,2594,8098,29726,8109,XGBOOST,XGB_11,997
0.88,0.9310426853442579,0.9986428130783467,0.7570145903479237,0.999594738975058,0.8783046646614909,0.8612012555194978,0.7955103886147858,0.00040526102494197396,0.24298540965207632,0.8303403183601138,27132,11,2598,8094,29730,8105,XGBOOST,XGB_11,997
0.885,0.9308841020219374,0.998764974681981,0.7563598952487841,0.9996315808864163,0.8779957380676002,0.8608228218638565,0.7949474098102822,0.0003684191135836127,0.24364010475121586,0.829960357362363,27133,10,2605,8087,29738,8097,XGBOOST,XGB_11,997
0.89,0.9308312409144972,0.9987646695491044,0.7561728395061729,0.9996315808864163,0.8779022101962946,0.8607015489434183,0.7947820616164991,0.0003684191135836127,0.24382716049382716,0.8298295910371598,27133,10,2607,8085,29740,8095,XGBOOST,XGB_11,997
0.895,0.9307519492533368,0.9988875154511743,0.7557987280209503,0.9996684227977748,0.8777335754093625,0.860504738579491,0.7944669471862833,0.00033157720222525146,0.24420127197904976,0.8296458326883808,27134,9,2611,8081,29745,8090,XGBOOST,XGB_11,997
0.9,0.9307519492533368,0.9990108803165183,0.7557052001496446,0.9997052647091331,0.8777052324293888,0.8604898828541002,0.7943998741544754,0.00029473529086689016,0.2442947998503554,0.8296582522316138,27135,8,2612,8080,29747,8088,XGBOOST,XGB_11,997
0.905,0.9305933659310163,0.9990101460034645,0.7551440329218106,0.9997052647091331,0.8774246488154719,0.8601257057632895,0.7939036381514255,0.00029473529086689016,0.2448559670781893,0.8292659806507052,27135,8,2618,8074,29753,8082,XGBOOST,XGB_11,997
0.91,0.9305405048235761,0.999009900990099,0.7549569771791994,0.9997052647091331,0.8773311209441663,0.8600042616663116,0.7937382001258654,0.00029473529086689016,0.2450430228208006,0.829135217385184,27135,8,2620,8072,29755,8080,XGBOOST,XGB_11,997
0.915,0.9304083520549755,0.9991329121763904,0.7543958099513655,0.9997421066204915,0.8770689582859285,0.8596855848654409,0.7932574103577821,0.0002578933795085289,0.24560419004863449,0.8288208023570173,27136,7,2626,8066,29762,8073,XGBOOST,XGB_11,997
0.92,0.9303554909475353,0.9991326973113617,0.7542087542087542,0.9997421066204915,0.8769754304146229,0.8595640356019827,0.7930919176222978,0.0002578933795085289,0.24579124579124578,0.8286900382899407,27136,7,2628,8064,29764,8071,XGBOOST,XGB_11,997
0.925,0.9302761992863751,0.9991323748140803,0.7539281705948373,0.9997421066204915,0.8768351386076644,0.8593816631130063,0.7928436541033914,0.0002578933795085289,0.24607182940516273,0.8284938864487456,27136,7,2631,8061,29767,8068,XGBOOST,XGB_11,997
0.93,0.9302761992863751,0.9992561368708158,0.7538346427235316,0.9997789485318498,0.8768067956276907,0.8593666702207058,0.7927764881772043,0.00022105146815016763,0.24616535727646838,0.8285064404323269,27137,6,2632,8060,29769,8066,XGBOOST,XGB_11,997
0.935,0.930249768732655,0.9993798834180826,0.7536475869809203,0.9998157904432082,0.8767316887120642,0.8592908557717942,0.7926265467923117,0.00018420955679180636,0.24635241301907967,0.8284536416645298,27138,5,2634,8058,29772,8063,XGBOOST,XGB_11,997
0.94,0.930249768732655,0.9993798834180826,0.7536475869809203,0.9998157904432082,0.8767316887120642,0.8592908557717942,0.7926265467923117,0.00018420955679180636,0.24635241301907967,0.8284536416645298,27138,5,2634,8058,29772,8063,XGBOOST,XGB_11,997
0.945,0.9301704770714947,0.999379652605459,0.7533670033670034,0.9998157904432082,0.8765913969051058,0.859108361774744,0.7923782167309357,0.00018420955679180636,0.24663299663299662,0.8282575102794721,27138,5,2637,8055,29775,8060,XGBOOST,XGB_11,997
0.95,0.9301176159640544,0.999379498634897,0.7531799476243921,0.9998157904432082,0.8764978690338001,0.8589866666666667,0.7922126470703972,0.00018420955679180636,0.24682005237560792,0.8281267521782124,27138,5,2639,8053,29777,8058,XGBOOST,XGB_11,997
0.05,0.7243557552530725,0.5063535778132097,0.9801720912832024,0.6235861916516229,0.8018791414674127,0.6677498486731022,0.8256519341369258,0.3764138083483771,0.019827908716797606,0.5461195594049105,16926,10217,212,10480,17138,20697,RANDOM_FOREST,RF_09,7
0.055,0.7312276992202986,0.5128330961378024,0.977366255144033,0.6342703459455477,0.8058183005447903,0.672696256718916,0.827460606540502,0.36572965405445235,0.02263374485596708,0.552439212258524,17216,9927,242,10450,17458,20377,RANDOM_FOREST,RF_09,7
0.06,0.7385753931544866,0.5199700822737472,0.9753086419753086,0.6453229193530561,0.8103157806641823,0.6783100790321008,0.8299508141922545,0.354677080646944,0.024691358024691357,0.5599059003289888,17516,9627,264,10428,17780,20055,RANDOM_FOREST,RF_09,7
0.065,0.7460288093035549,0.5274608245854252,0.9727833894500562,0.6567070699627897,0.8147452297064229,0.6840288053664794,0.8322531086465985,0.34329293003721034,0.027216610549943884,0.5673799062357016,17825,9318,291,10401,18116,19719,RANDOM_FOREST,RF_09,7
0.07,0.7533765032377429,0.5351370888624981,0.9693228582117471,0.6683122720406734,0.8188175651262103,0.6895771649090123,0.8339905045465519,0.33168772795932655,0.0306771417882529,0.5743670604988587,18140,9003,328,10364,18468,19367,RANDOM_FOREST,RF_09,7
0.075,0.7609092110479715,0.5432656923562191,0.9665170220725776,0.6799174741185573,0.8232172480955675,0.6955643804267349,0.8362194529859202,0.3200825258814427,0.03348297792742237,0.5821378076075292,18455,8688,358,10334,18813,19022,RANDOM_FOREST,RF_09,7
0.08,0.7683890577507598,0.5516521180313823,0.9634306023194912,0.6915595181077995,0.8274950602136453,0.7015835177932914,0.8382838820982732,0.3084404818922006,0.03656939768050879,0.5898827295885813,18771,8372,391,10301,19162,18673,RANDOM_FOREST,RF_09,7
0.085,0.7746002378749834,0.5589774337730296,0.9591283202394314,0.7019120951994989,0.8305202077194651,0.7063158619739651,0.8390057924534478,0.29808790480050107,0.04087167976056865,0.5955537158432104,19052,8091,437,10255,19489,18346,RANDOM_FOREST,RF_09,7
0.09,0.7818950707017313,0.5677551927135399,0.9561354283576505,0.7132594038978742,0.8346974161277624,0.7124538295351592,0.8410669036100963,0.28674059610212577,0.04386457164234942,0.6035061837077991,19360,7783,469,10223,19829,18006,RANDOM_FOREST,RF_09,7
0.095,0.7892427646359191,0.5769971671388102,0.9524878413767303,0.7249382897984747,0.8387130655876025,0.7186507656481547,0.8427951934853852,0.27506171020152526,0.04751215862326973,0.6114115123411119,19677,7466,508,10184,20185,17650,RANDOM_FOREST,RF_09,7
0.1,0.7959296947271045,0.5857926653190875,0.9486531986531986,0.735769811737833,0.8422115051955158,0.7243189202699326,0.8440823527453689,0.26423018826216704,0.05134680134680135,0.6185617690088897,19971,7172,549,10143,20520,17315,RANDOM_FOREST,RF_09,7
0.105,0.8030130831240915,0.5954162493371826,0.9451926674148896,0.7470065947021332,0.8460996310585114,0.7305982288089644,0.8458177800840294,0.25299340529786685,0.05480733258511036,0.6266604038504271,20276,6867,586,10106,20862,16973,RANDOM_FOREST,RF_09,7
0.11,0.8091185410334346,0.6041791761738922,0.9410774410774411,0.7571381203256825,0.8491077807015618,0.7359028742777737,0.8466561206287233,0.2428618796743175,0.058922558922558925,0.6333086385482908,20551,6592,630,10062,21181,16654,RANDOM_FOREST,RF_09,7
0.115,0.8160962072155412,0.614343459088682,0.938178077066966,0.768006484176399,0.8530922806216825,0.7424870466321244,0.8487038039799648,0.23199351582360092,0.06182192293303405,0.6419780860705844,20846,6297,661,10031,21507,16328,RANDOM_FOREST,RF_09,7
0.12,0.8217787762653628,0.6231983527796843,0.934156378600823,0.7775116973068563,0.8558340379538396,0.7476327706875256,0.8493919550982226,0.2224883026931437,0.06584362139917696,0.6484878525508349,21104,6039,704,9988,21808,16027,RANDOM_FOREST,RF_09,7
0.125,0.8280428174970266,0.6331424936386768,0.9308829031051253,0.7875326971963306,0.859207800150728,0.7536725730728456,0.8508582957187799,0.21246730280366946,0.06911709689487468,0.6563937090795621,21376,5767,739,9953,22115,15720,RANDOM_FOREST,RF_09,7
0.13,0.8332232060261663,0.6418490224006215,0.9272353161242051,0.7961905463655454,0.8617129312448752,0.7585890274695846,0.8515133816607688,0.20380945363445455,0.07276468387579499,0.6627154045507797,21611,5532,778,9914,22389,15446,RANDOM_FOREST,RF_09,7
0.135,0.8394872472578301,0.6525933267261315,0.923774784885896,0.8062852300777364,0.8650300074818162,0.7648584814341579,0.8528919054280435,0.19371476992226358,0.076225215114104,0.6709850132836515,21885,5258,815,9877,22700,15135,RANDOM_FOREST,RF_09,7
0.14,0.8449055107704506,0.6625994337333153,0.9192854470632248,0.8156062336514018,0.8674458403573133,0.7701167437122933,0.8531821811742648,0.18439376634859816,0.08071455293677515,0.6777651484101067,22138,5005,863,9829,23001,14834,RANDOM_FOREST,RF_09,7
0.145,0.849213691026827,0.6713392427678142,0.9137673026561915,0.823785137972958,0.8687762203145748,0.7740146563675976,0.8522182097311631,0.17621486202704195,0.08623269734380845,0.6825978180968989,22360,4783,922,9770,23282,14553,RANDOM_FOREST,RF_09,7
0.15,0.8539976212501652,0.6809777279731055,0.9093714927048261,0.8321850937626644,0.8707782932337452,0.7787745294353224,0.8522069908494899,0.16781490623733558,0.09062850729517397,0.6888251813903218,22588,4555,969,9723,23557,14278,RANDOM_FOREST,RF_09,7
0.155,0.8586493987049029,0.6903133903133903,0.9064721286943509,0.8398113694138452,0.873141749054098,0.7837619278667314,0.8530488663568512,0.16018863058615482,0.09352787130564909,0.6955619694463271,22795,4348,1000,9692,23795,14040,RANDOM_FOREST,RF_09,7
0.16,0.8633276067133606,0.7002248494959019,0.9029180695847363,0.8477323803558928,0.8753252249703145,0.7887577106907961,0.8535054371850411,0.15226761964410715,0.09708193041526375,0.7022985604672521,23010,4133,1038,9654,24048,13787,RANDOM_FOREST,RF_09,7
0.165,0.867107175895335,0.7087571870853605,0.8992704826038159,0.8544376082231147,0.8768540454134652,0.7927281721493941,0.8533922675471295,0.14556239177688537,0.10072951739618406,0.7076356897242021,23192,3951,1077,9615,24269,13566,RANDOM_FOREST,RF_09,7
0.17,0.8710981895070702,0.7178718621206445,0.8959970071081182,0.8612902037357698,0.878643605421944,0.7971044639514082,0.8536346301213622,0.1387097962642302,0.10400299289188178,0.7136172495123777,23378,3765,1112,9580,24490,13345,RANDOM_FOREST,RF_09,7
0.175,0.8743227170609225,0.7255870506877422,0.8930041152263375,0.8669638580849575,0.8799839866556475,0.8006372898410967,0.8536127451856884,0.13303614191504257,0.10699588477366255,0.7184637565399927,23532,3611,1144,9548,24676,13159,RANDOM_FOREST,RF_09,7
0.18,0.8785251751024183,0.7352577956159309,0.8909465020576132,0.8736322440408208,0.882289373049217,0.8056495263870095,0.8547484028425812,0.12636775595917915,0.10905349794238683,0.725485421716637,23713,3430,1166,9526,24879,12956,RANDOM_FOREST,RF_09,7
0.185,0.8815118276727898,0.7427856416673184,0.888327721661055,0.8788269535423497,0.8835773376017024,0.8090634183738661,0.8548285482854829,0.12117304645765023,0.11167227833894501,0.730248165388323,23854,3289,1194,9498,25048,12787,RANDOM_FOREST,RF_09,7
0.19,0.884762785780362,0.7511502459146439,0.8856154133931912,0.8844269240688207,0.8850211687310059,0.8128594729161301,0.8550041535738794,0.11557307593117931,0.11438458660680884,0.7355874859203821,24006,3137,1223,9469,25229,12606,RANDOM_FOREST,RF_09,7
0.195,0.8879873133342143,0.7596974086592628,0.8829031051253273,0.8899900526839333,0.8864465789046303,0.8166796435677826,0.8551654165307824,0.11000994731606675,0.11709689487467265,0.7410003272348329,24157,2986,1252,9440,25409,12426,RANDOM_FOREST,RF_09,7
0.2,0.8911061186731862,0.7679823846028381,0.8807519640852974,0.8951847621854622,0.8879683631353799,0.8205105863901717,0.8556242049791023,0.10481523781453782,0.11924803591470258,0.7464714659230532,24298,2845,1275,9417,25573,12262,RANDOM_FOREST,RF_09,7
0.205,0.8937227434914762,0.7755472945064024,0.8780396558174336,0.8999005268393324,0.888970091328383,0.8236171426064834,0.8554298106536913,0.10009947316066757,0.1219603441825664,0.7509349416861073,24426,2717,1304,9388,25730,12105,RANDOM_FOREST,RF_09,7
0.21,0.895546451698163,0.7816312886511784,0.8747661803217359,0.903732085620602,0.8892491329711689,0.8255803689646041,0.8544049402565134,0.09626791437939801,0.12523381967826414,0.753792354595163,24530,2613,1339,9353,25869,11966,RANDOM_FOREST,RF_09,7
0.215,0.8976608959957711,0.7880067567567568,0.8726150392817059,0.9075268024905132,0.8900709208861095,0.8281555121604829,0.8542704365660709,0.0924731975094868,0.12738496071829405,0.7575498343908533,24633,2510,1362,9330,25995,11840,RANDOM_FOREST,RF_09,7
0.22,0.8999339236156998,0.7949265459514862,0.870463898241676,0.9115425708285746,0.8910032345351253,0.8309821428571428,0.8542293854174315,0.08845742917142542,0.12953610175832397,0.7616976480716711,24742,2401,1385,9307,26127,11708,RANDOM_FOREST,RF_09,7
0.225,0.9015197568389057,0.8000516884906961,0.868593340815563,0.9144899237372435,0.8915416322764033,0.832914798206278,0.8539613064587318,0.08551007626275652,0.13140665918443697,0.7645630987947796,24822,2321,1405,9287,26227,11608,RANDOM_FOREST,RF_09,7
0.23,0.9037399233513942,0.8068953508619189,0.8668163112607558,0.9182846406071546,0.8925504759339552,0.8357832085850843,0.8541305710178052,0.0817153593928453,0.1331836887392443,0.7688071746318191,24925,2218,1424,9268,26349,11486,RANDOM_FOREST,RF_09,7
0.235,0.9055372010043611,0.8127966250659167,0.8649457538346427,0.9215267288066905,0.8932362413206666,0.838060715903942,0.853987367487903,0.0784732711933095,0.13505424616535727,0.7722157710039874,25013,2130,1444,9248,26457,11378,RANDOM_FOREST,RF_09,7
0.24,0.9065944231531651,0.8173435006206774,0.8621399176954733,0.9241056626017757,0.8931227901486245,0.8391442876649977,0.8527920660178366,0.07589433739822422,0.13786008230452676,0.7739467193065196,25083,2060,1474,9218,26557,11278,RANDOM_FOREST,RF_09,7
0.245,0.9085502841284525,0.823840229267419,0.860362888140666,0.9275319603581034,0.8939474242493847,0.8417055540305609,0.8528015722920607,0.07246803964189662,0.13963711185933408,0.7778117184002902,25176,1967,1493,9199,26669,11166,RANDOM_FOREST,RF_09,7
0.25,0.910003964583058,0.8289247991333394,0.8587729143284699,0.9301845779759054,0.8944787461521877,0.8435849143277139,0.852632556411923,0.0698154220240946,0.1412270856715301,0.7806818823739867,25248,1895,1510,9182,26758,11077,RANDOM_FOREST,RF_09,7
0.255,0.9113783533765032,0.8336212382943904,0.8575570520014965,0.9325793022141988,0.8950681771078477,0.8454197593471947,0.8526605538713338,0.06742069778580113,0.14244294799850354,0.7834746515755651,25313,1830,1523,9169,26836,10999,RANDOM_FOREST,RF_09,7
0.26,0.9124091449715872,0.8380681818181818,0.8553123830901609,0.9349003426297756,0.8951063628599683,0.8466024810220328,0.851807004470939,0.06509965737022437,0.14468761690983914,0.7853956896642015,25376,1767,1547,9145,26923,10912,RANDOM_FOREST,RF_09,7
0.265,0.9139949781947931,0.8437153419593346,0.8538159371492705,0.937700327893011,0.8957581325211408,0.848735589438453,0.8517765171307011,0.06229967210698891,0.14618406285072952,0.7886823571790971,25452,1691,1563,9129,27015,10820,RANDOM_FOREST,RF_09,7
0.27,0.9151579225584776,0.8482591696145969,0.8522259633370745,0.9399476844858712,0.8960868239114728,0.8502379397219371,0.8514296393197531,0.06005231551412887,0.14777403666292555,0.7910567981085856,25513,1630,1580,9112,27093,10742,RANDOM_FOREST,RF_09,7
0.275,0.9166116030130831,0.8534846637276053,0.851010101010101,0.9424529344582397,0.8967315177341704,0.8522455861003136,0.8515038649422599,0.057547065541760305,0.14898989898989898,0.7941624351498439,25581,1562,1593,9099,27174,10661,RANDOM_FOREST,RF_09,7
0.28,0.9178274084842077,0.858330970607693,0.8494201271979049,0.9447739748738164,0.8970970510358607,0.8538523010388757,0.851187463682543,0.05522602512618355,0.15057987280209503,0.7967215659018323,25644,1499,1610,9082,27254,10581,RANDOM_FOREST,RF_09,7
0.285,0.9186203250958107,0.8626274173573402,0.8468948746726525,0.946873963821243,0.8968844192469477,0.8546887535985652,0.8499953064864356,0.053126036178756955,0.15310512532734755,0.7982454940805523,25701,1442,1637,9055,27338,10497,RANDOM_FOREST,RF_09,7
0.29,0.9195189639222942,0.8665516249640495,0.8453984287317621,0.9487160593891611,0.8970572440604616,0.8558443402925721,0.8495460440985733,0.05128394061083889,0.15460157126823793,0.8001502878094415,25751,1392,1653,9039,27404,10431,RANDOM_FOREST,RF_09,7
0.295,0.9206554777322585,0.8712106584282681,0.8439955106621774,0.9508528902479461,0.8974242004550617,0.8573871733966746,0.8493016602040433,0.049147109752053934,0.15600448933782268,0.8026386948215115,25809,1334,1668,9024,27477,10358,RANDOM_FOREST,RF_09,7
0.3,0.9214219637901414,0.8749635674730399,0.8423120089786756,0.9525844600817891,0.8974482345302324,0.8583273766976411,0.8486458981172612,0.04741553991821096,0.15768799102132436,0.8042669877861395,25856,1287,1686,9006,27542,10293,RANDOM_FOREST,RF_09,7
0.305,0.922373463724065,0.8790693127382931,0.8410026187803965,0.9544265556497071,0.8977145872150518,0.8596147411691601,0.8483499065984867,0.0455734443502929,0.15899738121960344,0.8063834077247748,25906,1237,1700,8992,27606,10229,RANDOM_FOREST,RF_09,7
0.31,0.9230606581207876,0.8825843249090373,0.8394126449682006,0.9560107578381166,0.8977117014031586,0.8604573126887493,0.8477057634546725,0.04398924216188336,0.16058735503179947,0.8078755284135819,25949,1194,1717,8975,27666,10169,RANDOM_FOREST,RF_09,7
0.315,0.9238007136249504,0.8861635842152111,0.8380097268986157,0.9575949600265262,0.897802343462571,0.861414219103014,0.8472172317933395,0.04240503997347382,0.16199027310138422,0.8095258680525589,25992,1151,1732,8960,27724,10111,RANDOM_FOREST,RF_09,7
0.32,0.9245143385753931,0.889618138424821,0.8367003367003367,0.9591054783922189,0.8979029075462779,0.8623481781376519,0.846774193548387,0.04089452160778101,0.1632996632996633,0.8111376691360636,26033,1110,1746,8946,27779,10056,RANDOM_FOREST,RF_09,7
0.325,0.9250693802035153,0.8929678903671101,0.8349233071455293,0.9605791548465534,0.8977512309960414,0.86297066073759,0.8459205913010518,0.039420845153446564,0.16507669285447063,0.8123553877375445,26073,1070,1765,8927,27838,9997,RANDOM_FOREST,RF_09,7
0.33,0.9259151579225585,0.8970306995470558,0.8335203890759446,0.9623107246803965,0.8979155568781705,0.8641101468948464,0.8454926664516251,0.03768927531960358,0.16647961092405536,0.8143165761083108,26120,1023,1780,8912,27900,9935,RANDOM_FOREST,RF_09,7
0.335,0.9267080745341615,0.9006374582616614,0.8324915824915825,0.9638212430460892,0.8981564127688358,0.865224787363305,0.8452830905395909,0.03617875695391077,0.1675084175084175,0.816189996262187,26161,982,1791,8901,27952,9883,RANDOM_FOREST,RF_09,7
0.34,0.9273424078234439,0.9034847099461546,0.8317433595211373,0.9650001842095568,0.898371771865347,0.8661309958607256,0.8451654596947407,0.03499981579044321,0.1682566404788627,0.8177042293575439,26193,950,1799,8893,27992,9843,RANDOM_FOREST,RF_09,7
0.345,0.9276860050218052,0.9057527539779682,0.8305274971941639,0.9659580739048742,0.898242785549519,0.8665105386416863,0.8445560374343756,0.03404192609512582,0.16947250280583614,0.8184937435105903,26219,924,1812,8880,28031,9804,RANDOM_FOREST,RF_09,7
0.35,0.9285846438482886,0.9096595570139459,0.829685746352413,0.9675422760932837,0.8986140112228483,0.8678340833496381,0.8445354150799694,0.03245772390671628,0.17031425364758698,0.8206771806025046,26262,881,1821,8871,28083,9752,RANDOM_FOREST,RF_09,7
0.355,0.9294304215673318,0.9134199134199135,0.8288439955106621,0.9690527944589765,0.8989483949848194,0.8690791409238011,0.8444825614636935,0.030947205541023468,0.17115600448933782,0.8227472853197514,26303,840,1830,8862,28133,9702,RANDOM_FOREST,RF_09,7
0.36,0.9299326020880138,0.916330123226675,0.8276281331836888,0.9702317356224441,0.8989299344030665,0.8697233279276623,0.8439675727229377,0.02976826437755591,0.17237186681631125,0.8239651085209586,26335,808,1843,8849,28178,9657,RANDOM_FOREST,RF_09,7
0.365,0.9304876437161359,0.919022869022869,0.8268799102132436,0.9713001510518365,0.89909003063254,0.8705198897203624,0.8438001068947087,0.02869984894816343,0.17312008978675644,0.8253377503286338,26364,779,1851,8841,28215,9620,RANDOM_FOREST,RF_09,7
0.37,0.9310162547905378,0.9217282404508453,0.8260381593714927,0.972368566481229,0.8992033629263609,0.8712636874815034,0.8435530085959886,0.027631433518770954,0.1739618406285073,0.8266510414464813,26393,750,1860,8832,28253,9582,RANDOM_FOREST,RF_09,7
0.375,0.931333421435179,0.9238583996648513,0.8250093527871306,0.9732159304424713,0.899112641614801,0.8716403162055337,0.8430499273644775,0.026784069557528645,0.17499064721286944,0.8274356483379223,26416,727,1871,8821,28287,9548,RANDOM_FOREST,RF_09,7
0.38,0.9318091714021409,0.9264984227129337,0.8240740740740741,0.9742475039605055,0.8991607890172898,0.8722898722898722,0.8427063009296454,0.02575249603949453,0.17592592592592593,0.8286307558432141,26444,699,1881,8811,28325,9510,RANDOM_FOREST,RF_09,7
0.385,0.9320734769393418,0.9283755274261604,0.8231387953610175,0.9749843421876727,0.8990615687743451,0.872595677176284,0.8422331955290153,0.025015657812327303,0.17686120463898242,0.829295492924357,26464,679,1891,8801,28355,9480,RANDOM_FOREST,RF_09,7
0.39,0.9323377824765429,0.9301735082522218,0.8222970445192668,0.9756843385034816,0.8989906915113741,0.8729150119142176,0.8418230563002682,0.02431566149651844,0.17770295548073325,0.8299657152731313,26483,660,1900,8792,28383,9452,RANDOM_FOREST,RF_09,7
0.395,0.9325227963525836,0.9322357939458311,0.820894126449682,0.9764948605533655,0.8986944935015238,0.8730292932809468,0.8409826955138645,0.02350513944663449,0.17910587355031798,0.8304365061677838,26505,638,1915,8777,28420,9415,RANDOM_FOREST,RF_09,7
0.4,0.9330514074269856,0.9348683509220765,0.8202394313505424,0.9774895921600413,0.8988645117552918,0.8738105913416032,0.8408598439087998,0.022510407839958738,0.17976056864945753,0.8317974027211557,26532,611,1922,8770,28454,9381,RANDOM_FOREST,RF_09,7
0.405,0.9333685740716268,0.936905143834884,0.8193976805087916,0.9782632722985668,0.8988304764036792,0.8742204260839196,0.8404804389953761,0.021736727701433152,0.1806023194912084,0.8326207201026535,26553,590,1931,8761,28484,9351,RANDOM_FOREST,RF_09,7
0.41,0.9338971851460288,0.9398560842014821,0.8184624017957352,0.9793685296393176,0.8989154657175265,0.874968754686797,0.8401659018030301,0.020631470360682313,0.18153759820426488,0.8339996930893375,26583,560,1941,8751,28524,9311,RANDOM_FOREST,RF_09,7
0.415,0.9343729351129906,0.942342924884147,0.8178077066965956,0.9802895774232767,0.8990486420599362,0.8756697210955886,0.8400099909697005,0.019710422576723282,0.18219229330340442,0.835247063236512,26608,535,1948,8744,28556,9279,RANDOM_FOREST,RF_09,7
0.42,0.9347958239725123,0.9447388342165026,0.8170594837261503,0.9811737832958773,0.8991166335110139,0.8762726315261549,0.8397577621839855,0.01882621670412261,0.1829405162738496,0.8363651078177331,26632,511,1956,8736,28588,9247,RANDOM_FOREST,RF_09,7
0.425,0.935007268402273,0.9465234841089055,0.8161242050130939,0.9818369377003279,0.898980571356711,0.8765004268997038,0.8392482736068632,0.018163062299672107,0.1838757949869061,0.8369389328744206,26650,493,1966,8726,28616,9219,RANDOM_FOREST,RF_09,7
0.43,0.9353772961543544,0.9486454139919487,0.8154695099139544,0.9826106178388535,0.899040063876404,0.8770306291807071,0.8390269250755403,0.01738938216114652,0.18453049008604563,0.8379279553325522,26671,472,1973,8719,28644,9191,RANDOM_FOREST,RF_09,7
0.435,0.9352980044931941,0.9494112516354122,0.8144407033295922,0.9829053531297204,0.8986730282296562,0.8767619814740234,0.8382749326145551,0.01709464687027963,0.18555929667040777,0.8377460795960828,26679,464,1984,8708,28663,9172,RANDOM_FOREST,RF_09,7
0.44,0.9355887405841152,0.9514382587772066,0.8135989524878414,0.9836421913568876,0.8986205719223646,0.8771363750945299,0.8378763653175627,0.016357808643112405,0.18640104751215864,0.8385391250928332,26699,444,1993,8699,28692,9143,RANDOM_FOREST,RF_09,7
0.445,0.9356416016915554,0.9526367722837408,0.8126636737747849,0.9840842942931879,0.8983739840339864,0.8771008933528491,0.8372680144153868,0.01591570570681207,0.18733632622521512,0.8387089685517759,26711,432,2003,8689,28714,9121,RANDOM_FOREST,RF_09,7
0.45,0.935773754460156,0.9539560439560439,0.8119154508043397,0.9845632391408466,0.8982393449725932,0.8772231204527082,0.8368358139893576,0.015436760859153372,0.1880845491956603,0.8390855885962604,26724,419,2011,8681,28735,9100,RANDOM_FOREST,RF_09,7
0.455,0.9359851988899167,0.9553964757709251,0.8113542835765059,0.9850790258998637,0.8982166547381848,0.8775035403601052,0.8365800030859436,0.014920974100136314,0.1886457164234942,0.839669162212277,26738,405,2017,8675,28755,9080,RANDOM_FOREST,RF_09,7
0.46,0.9359323377824765,0.9559894109861019,0.8106060606060606,0.9853000773680138,0.8979530689870372,0.877315517764956,0.8360342632249104,0.014699922631986148,0.1893939393939394,0.8395566614413843,26744,399,2025,8667,28769,9066,RANDOM_FOREST,RF_09,7
0.465,0.9361702127659575,0.9575456053067993,0.8100448933782267,0.9858527060383893,0.897948799708308,0.8776409788721691,0.8357941057263623,0.014147293961610729,0.18995510662177328,0.8402150862726503,26759,384,2031,8661,28790,9045,RANDOM_FOREST,RF_09,7
0.47,0.9361966433196776,0.9587674573265351,0.8090160867938646,0.9862948089746896,0.8976554478842771,0.8775489499847824,0.8351033017957136,0.013705191025310393,0.19098391320613542,0.840329635224305,26771,372,2042,8650,28813,9022,RANDOM_FOREST,RF_09,7
0.475,0.936566671071759,0.9607690597910646,0.8085484474373363,0.9869948052904984,0.8977716263639174,0.8781107160995429,0.8350075339025615,0.013005194709501528,0.19145155256266366,0.8413450849101781,26790,353,2047,8645,28837,8998,RANDOM_FOREST,RF_09,7
0.48,0.9366459627329192,0.9618082618862042,0.8078937523381968,0.9873632244040821,0.8976284883711394,0.87815788136024,0.8346054996231812,0.012636775595917917,0.19210624766180323,0.8415899183502762,26800,343,2054,8638,28854,8981,RANDOM_FOREST,RF_09,7
0.485,0.9366459627329192,0.9626324595649749,0.8071455293677516,0.987657959694949,0.8974017445313502,0.8780587068219973,0.8340904258403727,0.012342040305051026,0.19285447063224842,0.841626932004618,26808,335,2062,8630,28870,8965,RANDOM_FOREST,RF_09,7
0.49,0.9368574071626801,0.9639065817409767,0.806771417882529,0.9881000626312493,0.8974357402568891,0.878366681940838,0.8339617533886344,0.01189993736875069,0.19322858211747101,0.8422176838170791,26820,323,2066,8626,28886,8949,RANDOM_FOREST,RF_09,7
0.495,0.9370159904850006,0.9649692221600448,0.8063973063973064,0.9884684817448329,0.8974328940710696,0.878585621847455,0.8338007465717657,0.011531518255167078,0.1936026936026936,0.8426670325990131,26830,313,2070,8622,28900,8935,RANDOM_FOREST,RF_09,7
0.5,0.9371481432536012,0.9664497307001796,0.8055555555555556,0.98898426850385,0.8972699120297027,0.8786982248520709,0.8333010835913314,0.01101573149615002,0.19444444444444445,0.8430722809874758,26844,299,2079,8613,28923,8912,RANDOM_FOREST,RF_09,7
0.505,0.9372802960222016,0.9672020667190835,0.8053684998129442,0.9892421618833586,0.8973053308481513,0.8788976779790764,0.8332526949352635,0.010757838116641492,0.19463150018705574,0.8434422875686153,26851,292,2081,8611,28932,8903,RANDOM_FOREST,RF_09,7
0.51,0.9373331571296418,0.967734682405846,0.8050879161990273,0.9894263714401503,0.8972571438195889,0.8789503241946189,0.8330913806786288,0.010573628559849686,0.1949120838009727,0.8436025236299606,26856,287,2084,8608,28940,8895,RANDOM_FOREST,RF_09,7
0.515,0.937650323774283,0.9694647887323944,0.8047138047138047,0.9900158420218841,0.8973648233678444,0.8794398732559923,0.8330267412814903,0.009984157978115905,0.19528619528619529,0.8444896924293953,26872,271,2088,8604,28960,8875,RANDOM_FOREST,RF_09,7
0.52,0.9378617682040439,0.9707641946043571,0.8043396932285821,0.9904579449581844,0.8973988190933833,0.8797503963991612,0.8328975148662521,0.009542055041815569,0.19566030677141788,0.8450908488997925,26884,259,2092,8600,28976,8859,RANDOM_FOREST,RF_09,7
0.525,0.9378617682040439,0.9717226558081665,0.8034979423868313,0.9907895221604097,0.8971437322736204,0.8796395842932473,0.8323160689027107,0.009210477839590317,0.19650205761316872,0.8451452294748119,26893,250,2101,8591,28994,8841,RANDOM_FOREST,RF_09,7
0.53,0.9378617682040439,0.9724708281409312,0.8028432472876917,0.9910474155399183,0.896945331413805,0.879553255802039,0.8318635526698324,0.008952584460081788,0.19715675271230826,0.8451886101729047,26900,243,2108,8584,29008,8827,RANDOM_FOREST,RF_09,7
0.535,0.937888198757764,0.9733318202451203,0.8021885521885522,0.9913421508307851,0.8967653515096687,0.8795118949958983,0.8314269096549051,0.0086578491692149,0.1978114478114478,0.8453055846490933,26908,235,2115,8577,29023,8812,RANDOM_FOREST,RF_09,7
0.54,0.9379410598652042,0.974306502955889,0.8015338570894126,0.9916737280330103,0.8966037925612115,0.8795155993431856,0.8310061283065704,0.008326271966989648,0.19846614291058737,0.8454965079339674,26917,226,2122,8570,29039,8796,RANDOM_FOREST,RF_09,7
0.545,0.9377560459891635,0.9746100421268359,0.8005985783763562,0.9917842537670855,0.8961914160717208,0.8790757381258023,0.8302457760276232,0.008215746232914564,0.19940142162364385,0.8450530951404139,26920,223,2132,8560,29052,8783,RANDOM_FOREST,RF_09,7
0.55,0.9378617682040439,0.9753790037615411,0.8003179947624393,0.992042147146594,0.8961800709545167,0.8792191112252762,0.83011583011583,0.007957852853406035,0.1996820052375608,0.8453648880538134,26927,216,2135,8557,29062,8773,RANDOM_FOREST,RF_09,7
0.555,0.9379410598652042,0.9763644667732359,0.7997568275346053,0.9923737243488192,0.8960652759417123,0.879280205655527,0.8297752590924968,0.007626275651180783,0.2002431724653947,0.8456251554144177,26936,207,2141,8551,29077,8758,RANDOM_FOREST,RF_09,7
0.56,0.9380203515263644,0.9773533112204049,0.7991956603067715,0.9927053015510444,0.8959504809289079,0.8793413943915616,0.8294344897206423,0.007294698448955532,0.20080433969322858,0.8458867850671715,26945,198,2147,8545,29092,8743,RANDOM_FOREST,RF_09,7
0.565,0.9379939209726443,0.9777879551179299,0.7987280209502432,0.992852669196478,0.8957903450733606,0.8792340162668588,0.8290940157663781,0.007147330803522087,0.20127197904975683,0.8458493883398275,26949,194,2152,8540,29101,8734,RANDOM_FOREST,RF_09,7
0.57,0.9379410598652042,0.9781113912445565,0.7982603815937149,0.992963194930553,0.895611788262134,0.8790812648058502,0.8287373286208103,0.007036805069447003,0.20173961840628507,0.8457390249413205,26952,191,2157,8535,29109,8726,RANDOM_FOREST,RF_09,7
0.575,0.9378353376503238,0.9786501377410468,0.7974186307519641,0.9931474044873448,0.8952830176196545,0.8787878787878787,0.8280885780885782,0.0068525955126551965,0.2025813692480359,0.84551158369071,26957,186,2166,8526,29123,8712,RANDOM_FOREST,RF_09,7
0.58,0.9378353376503238,0.9793103448275862,0.7968574635241302,0.9933684559554949,0.8951129597398126,0.8787128712871287,0.8276987642807181,0.006631544044505029,0.2031425364758698,0.8455563032119852,26963,180,2172,8520,29135,8700,RANDOM_FOREST,RF_09,7
0.585,0.937888198757764,0.9799769850402762,0.7964833520389076,0.9935895074236452,0.8950364297312764,0.8787534826127334,0.8274709471802246,0.006410492576354862,0.2035166479610924,0.8457336751450686,26969,174,2176,8516,29145,8690,RANDOM_FOREST,RF_09,7
0.59,0.9379939209726443,0.9808711684719982,0.796109240553685,0.993884242714512,0.8949967416340985,0.8788848735157461,0.8272752011818216,0.006115757285487971,0.203890759446315,0.8460590315176988,26977,166,2180,8512,29157,8678,RANDOM_FOREST,RF_09,7
0.595,0.9380996431875248,0.9816566682048915,0.795828656939768,0.9941421360940206,0.8949853965168943,0.8790289256198346,0.8271444124737538,0.005857863905979442,0.20417134306023194,0.8463774832286306,26984,159,2183,8509,29167,8668,RANDOM_FOREST,RF_09,7
0.6,0.9381260737412449,0.9822150363783346,0.7954545454545454,0.9943263456508123,0.8948904455526789,0.879024339827399,0.8269002663970288,0.005673654349187636,0.20454545454545456,0.846483067345552,26989,154,2187,8505,29176,8659,RANDOM_FOREST,RF_09,7
0.605,0.9381260737412449,0.9827725748641462,0.7949869060980173,0.9945105552076041,0.8947487306528107,0.8789617910139083,0.8265748682342416,0.005489444792395829,0.2050130939019828,0.8465232655451469,26994,149,2192,8500,29186,8649,RANDOM_FOREST,RF_09,7
0.61,0.9382053654024052,0.9835610094929382,0.7946127946127947,0.9947684485871127,0.8946906215999537,0.8790481117434041,0.8263626813990586,0.005231551412887301,0.2053872053872054,0.8467778443718201,27001,142,2196,8496,29197,8638,RANDOM_FOREST,RF_09,7
0.615,0.9382053654024052,0.9840092699884125,0.7942386831275721,0.9949158162325461,0.894577249680059,0.878998033329883,0.8261021829643178,0.005084183767453856,0.205761316872428,0.8468108857383427,27005,138,2200,8492,29205,8630,RANDOM_FOREST,RF_09,7
0.62,0.9379939209726443,0.9843314763231198,0.7932098765432098,0.9950263419666212,0.8941181092549155,0.8784959602237413,0.8252568893040635,0.004973658033378772,0.20679012345679013,0.8463095962308506,27008,135,2211,8481,29219,8616,RANDOM_FOREST,RF_09,7
0.625,0.9379939209726443,0.9852325581395349,0.7924616535727647,0.9953210772574881,0.8938913654151264,0.8783951897159443,0.8247352437315058,0.004678922742511881,0.20753834642723532,0.8463774422663658,27016,127,2219,8473,29235,8600,RANDOM_FOREST,RF_09,7
0.63,0.9379674904189242,0.9861353838984038,0.7916199027310138,0.995615812548355,0.8936178576396844,0.878236057068742,0.8241319545870578,0.004384187451644992,0.20838009726898615,0.8463808891934812,27024,119,2228,8464,29252,8583,RANDOM_FOREST,RF_09,7
0.635,0.9378617682040439,0.9864691473229907,0.7909652076318743,0.9957263382824301,0.8933457729571521,0.8779652219050091,0.8236107594320328,0.004273661717569908,0.2090347923681257,0.8461443651642847,27027,116,2235,8457,29262,8573,RANDOM_FOREST,RF_09,7
0.64,0.937888198757764,0.9871525344545667,0.790497568275346,0.9959473897505803,0.8932224790129631,0.8779474394930924,0.8233002142996299,0.00405261024941974,0.20950243172465394,0.8462632913491376,27033,110,2240,8452,29273,8562,RANDOM_FOREST,RF_09,7
0.645,0.9376767543280031,0.9871405190554127,0.7897493453049008,0.9959473897505803,0.8928483675277405,0.8774810350202639,0.8226491563072366,0.00405261024941974,0.21025065469509913,0.8457378582089949,27033,110,2248,8444,29281,8554,RANDOM_FOREST,RF_09,7
0.65,0.9376767543280031,0.9873684210526316,0.7895622895622896,0.9960210735732969,0.8927916815677932,0.8774555659494854,0.8225184145913715,0.003978926426703017,0.21043771043771045,0.845755838149121,27035,108,2250,8442,29285,8550,RANDOM_FOREST,RF_09,7
0.655,0.9378089070966037,0.9882890268181286,0.7892817059483727,0.9963158088641638,0.8927987574062682,0.8776454682543811,0.8224024012318006,0.0036841911358361274,0.2107182940516274,0.8461567612641436,27043,100,2253,8439,29296,8539,RANDOM_FOREST,RF_09,7
0.66,0.9376767543280031,0.9888549976536837,0.7883464272353161,0.9965000184209557,0.8924232228281359,0.8772897585345545,0.8216680963893005,0.003499981579044321,0.21165357276468388,0.8458747399078153,27048,95,2263,8429,29311,8524,RANDOM_FOREST,RF_09,7
0.665,0.9375974626668429,0.9891955372871404,0.7877852600074823,0.9966105441550308,0.8921979020812565,0.8770760660175978,0.8212273072948151,0.003389455844969237,0.21221473999251778,0.8457058819584258,27051,92,2269,8423,29320,8515,RANDOM_FOREST,RF_09,7
0.67,0.9375446015594027,0.9897683170645655,0.7871305649083427,0.9967947537118226,0.8919626593100827,0.8768950247460275,0.8207368687952253,0.003205246288177431,0.21286943509165732,0.8456217832244664,27056,87,2276,8416,29332,8503,RANDOM_FOREST,RF_09,7
0.675,0.9374388793445223,0.9901095019427764,0.7864758698092031,0.9969052794458977,0.8916905746275504,0.8766223612197028,0.8202141979282496,0.003094720554102347,0.21352413019079686,0.8453880347850818,27059,84,2283,8409,29342,8493,RANDOM_FOREST,RF_09,7
0.68,0.9373331571296418,0.9904514912177296,0.7858211747100636,0.9970158051799728,0.8914184899450182,0.8763494132985659,0.8196913230961347,0.002984194820027263,0.2141788252899364,0.8451545780780668,27062,81,2290,8402,29352,8483,RANDOM_FOREST,RF_09,7
0.685,0.9373067265759217,0.9906817645671149,0.7855405910961466,0.9970894890026895,0.8913150400494181,0.876264997391758,0.8194785934511962,0.0029105109973105404,0.21445940890385334,0.8451083479807108,27064,79,2293,8399,29357,8478,RANDOM_FOREST,RF_09,7
0.69,0.9373860182370821,0.991264313540314,0.7853535353535354,0.9972736985594812,0.8913136169565083,0.8763763502583103,0.8193953824235447,0.0027263014405187343,0.21464646464646464,0.8453535995733428,27069,74,2295,8397,29364,8471,RANDOM_FOREST,RF_09,7
0.695,0.9372538654684816,0.991375236294896,0.7847923681257014,0.9973105404708397,0.8910514542982706,0.8760701607851326,0.8189217676452218,0.002689459529160373,0.21520763187429853,0.8450357944646485,27070,73,2301,8391,29371,8464,RANDOM_FOREST,RF_09,7
0.7,0.9372274349147615,0.9916065728809552,0.7845117845117845,0.9973842242935563,0.8909480044026704,0.8759855882199363,0.8187088839869601,0.0026157757064436504,0.21548821548821548,0.8449899670881058,27072,71,2304,8388,29376,8459,RANDOM_FOREST,RF_09,7
0.705,0.9371217126998811,0.9918352857649982,0.7839506172839507,0.9974579081162731,0.8907042627001118,0.8757248080238207,0.8182510396532536,0.002542091883726928,0.21604938271604937,0.8447477332073351,27074,69,2310,8382,29384,8451,RANDOM_FOREST,RF_09,7
0.71,0.9371481432536012,0.9924188580904999,0.7835765057987281,0.9976421176730649,0.8906093117358964,0.8757186160760948,0.8180042960359306,0.0023578823269351213,0.21642349420127197,0.8448631245809378,27079,64,2314,8378,29393,8442,RANDOM_FOREST,RF_09,7
0.715,0.9371481432536012,0.992769084874348,0.783295922184811,0.99775264340714,0.8905242827959755,0.8756796319531577,0.8178072025622999,0.0022473565928600374,0.21670407781518894,0.8448933130471658,27082,61,2317,8375,29399,8436,RANDOM_FOREST,RF_09,7
0.72,0.9367516849477997,0.9928732628578216,0.7817994762439207,0.9977894853184983,0.8897944807812095,0.8747841557218355,0.8165159122433432,0.0022105146815016765,0.21820052375607932,0.8439214322525964,27083,60,2333,8359,29416,8419,RANDOM_FOREST,RF_09,7
0.725,0.9366988238403594,0.9929887106357694,0.7815188926300037,0.9978263272298566,0.8896726099299301,0.8746532684356518,0.8162866576793077,0.002173672770143315,0.21848110736999626,0.8438006974726144,27084,59,2336,8356,29420,8415,RANDOM_FOREST,RF_09,7
0.73,0.936566671071759,0.9932191291934332,0.7808641975308642,0.9979000110525734,0.8893821042917188,0.8743323908262646,0.8157462774064955,0.0020999889474265926,0.2191358024691358,0.8434938812100626,27086,57,2343,8349,29429,8406,RANDOM_FOREST,RF_09,7
0.735,0.9364873794105987,0.9934516013811168,0.780396558174336,0.9979736948752901,0.889185126524813,0.8741291708134723,0.8153692809818829,0.00202630512470987,0.21960344182566405,0.8433181372280538,27088,55,2348,8344,29436,8399,RANDOM_FOREST,RF_09,7
0.74,0.9364345183031585,0.9934500416815529,0.7802095024317246,0.9979736948752901,0.8890915986535073,0.874011210644874,0.8152057070262875,0.00202630512470987,0.21979049756827534,0.8431872298884421,27088,55,2350,8342,29438,8397,RANDOM_FOREST,RF_09,7
0.745,0.936328796088278,0.9935645334286736,0.7797418630751964,0.9980105367866485,0.8888761999309225,0.8737619871089451,0.8148126429367266,0.0019894632133515087,0.2202581369248036,0.8429357887235661,27089,54,2355,8337,29444,8391,RANDOM_FOREST,RF_09,7
0.75,0.9362230738733976,0.9940327007996181,0.7789936401047513,0.998157904432082,0.8885757722684167,0.8734728121231189,0.8142217529864899,0.0018420955679180637,0.22100635989524878,0.8427157913244763,27093,50,2363,8329,29456,8379,RANDOM_FOREST,RF_09,7
0.755,0.9361702127659575,0.994267287710498,0.7786195286195287,0.9982315882547986,0.8884255584371636,0.8733280881195908,0.8139262040241685,0.001768411745201341,0.22138047138047137,0.8426059754401938,27095,48,2367,8325,29462,8373,RANDOM_FOREST,RF_09,7
0.76,0.9360909211047972,0.994501553908678,0.7781518892630004,0.9983052720775154,0.8882285806702579,0.8731241473396998,0.8135487151406109,0.0016947279224846185,0.22184811073699962,0.8424308622334562,27097,46,2372,8320,29469,8366,RANDOM_FOREST,RF_09,7
0.765,0.9359587683361966,0.994853381208857,0.7774036662925552,0.9984157978115905,0.8879097320520728,0.8727883656218827,0.8129413375584374,0.0015842021884095348,0.22259633370744483,0.8421357473214783,27100,43,2380,8312,29480,8355,RANDOM_FOREST,RF_09,7
0.77,0.9358001850138761,0.9948496825967181,0.7768424990647212,0.9984157978115905,0.8876291484381559,0.872433170526758,0.8124498699062933,0.0015842021884095348,0.22315750093527872,0.8417432841411154,27100,43,2386,8306,29486,8349,RANDOM_FOREST,RF_09,7
0.775,0.9355623100303951,0.9949628208203406,0.7759072203516648,0.9984526397229488,0.8871799300373069,0.8718864950078824,0.8116463820295073,0.0015473602770511735,0.2240927796483352,0.8411653248634335,27101,42,2396,8296,29497,8338,RANDOM_FOREST,RF_09,7
0.78,0.9354037267080745,0.9949591934709554,0.7753460531238309,0.9984526397229488,0.8868993464233899,0.8715306980656012,0.8111545988258317,0.0015473602770511735,0.2246539468761691,0.8407728320516443,27101,42,2402,8290,29503,8332,RANDOM_FOREST,RF_09,7
0.785,0.9353508656006343,0.9950768491834774,0.775065469509914,0.9984894816343072,0.8867774755721105,0.8713985278654047,0.8109245342101142,0.0015105183656928122,0.22493453049008605,0.8406528351037831,27102,41,2405,8287,29507,8328,RANDOM_FOREST,RF_09,7
0.79,0.9352187128320338,0.995311936530833,0.7744107744107744,0.998563165457024,0.8864869699338992,0.8710746409973172,0.8103822890363498,0.0014368345429760896,0.2255892255892256,0.8403475489818659,27104,39,2412,8280,29516,8319,RANDOM_FOREST,RF_09,7
0.795,0.9352451433857539,0.995669954293962,0.7742237186681631,0.9986736911910989,0.886448704929631,0.8710933389455962,0.8102658470694177,0.0013263088089010059,0.2257762813318369,0.8404457934146852,27107,36,2414,8278,29521,8314,RANDOM_FOREST,RF_09,7
0.8,0.9350601295097132,0.9956663055254604,0.7735690235690236,0.9986736911910989,0.8861213573800613,0.8706774040738986,0.8096916299559473,0.0013263088089010059,0.22643097643097643,0.8399880293320053,27107,36,2421,8271,29528,8307,RANDOM_FOREST,RF_09,7
0.805,0.9348486850799524,0.9957816078100519,0.7727272727272727,0.9987105331024574,0.8857189029148651,0.8701880035810206,0.8089689611279742,0.0012894668975426446,0.22727272727272727,0.8394758922967501,27108,35,2430,8262,29538,8297,RANDOM_FOREST,RF_09,7
0.81,0.9347958239725123,0.9959001567587121,0.7724466891133558,0.9987473750138157,0.8855970320635858,0.8700553068211746,0.808738567595621,0.0012526249861842832,0.2275533108866442,0.839356188791229,27109,34,2433,8259,29542,8293,RANDOM_FOREST,RF_09,7
0.815,0.9346108100964715,0.9961361989857522,0.7716049382716049,0.9988210588365325,0.8852129985540687,0.8696110466954782,0.8080313418217433,0.0011789411634675606,0.22839506172839505,0.8389207327813044,27111,32,2442,8250,29553,8282,RANDOM_FOREST,RF_09,7
0.82,0.9345843795427514,0.9962555864234811,0.7714178825289937,0.9988579007478908,0.8851378916384423,0.8695377154604396,0.8078829314161459,0.0011420992521091993,0.22858211747100635,0.838866540882993,27112,31,2444,8248,29556,8279,RANDOM_FOREST,RF_09,7
0.825,0.934452226774151,0.9963733075435203,0.7708567153011597,0.9988947426592492,0.8848757289802045,0.8692259017085003,0.8074059561128527,0.0011052573407508383,0.22914328469884027,0.8385508509282186,27113,30,2450,8242,29563,8272,RANDOM_FOREST,RF_09,7
0.83,0.9342936434518303,0.9964908034849952,0.7702020202020202,0.9989315845706075,0.8845668023863138,0.8688541886473939,0.8068466844332968,0.001068415429392477,0.2297979797979798,0.8381698319884944,27114,29,2457,8235,29571,8264,RANDOM_FOREST,RF_09,7
0.835,0.9341350601295098,0.9966085271317829,0.7695473251028807,0.9989684264819659,0.8842578757924233,0.868482161705721,0.8062872373784887,0.0010315735180341156,0.23045267489711935,0.8377888687602516,27115,28,2464,8228,29579,8256,RANDOM_FOREST,RF_09,7
0.84,0.9341086295757897,0.9969693296157109,0.7691732136176581,0.9990789522160409,0.8841260829168496,0.8683807613114408,0.8060058411901916,0.0009210477839590318,0.23082678638234194,0.8377576714426361,27118,25,2468,8224,29586,8249,RANDOM_FOREST,RF_09,7
0.845,0.9339236156997489,0.9972080602087885,0.7683314627759072,0.9991526360387577,0.8837420494073325,0.8679344955097729,0.8052974159902757,0.0008473639612423092,0.23166853722409278,0.8373230459232371,27120,23,2477,8215,29597,8238,RANDOM_FOREST,RF_09,7
0.85,0.9338443240385886,0.9972070431086825,0.7680508791619902,0.9991526360387577,0.883601757600374,0.8677550589105509,0.8050506832931396,0.0008473639612423092,0.23194912083800973,0.8371269529887247,27120,23,2480,8212,29600,8235,RANDOM_FOREST,RF_09,7
0.855,0.9338707545923087,0.9974489795918368,0.7679573512906847,0.9992263198614744,0.8835918355760795,0.8677869372225745,0.8049999999999999,0.0007736801385255867,0.23204264870931537,0.8372153948296367,27122,21,2481,8211,29603,8232,RANDOM_FOREST,RF_09,7
0.86,0.9337386018237082,0.9975683890577508,0.7673961840628507,0.9992631617728328,0.8833296729178417,0.8674737009039487,0.8045221893201029,0.0007368382271672254,0.23260381593714927,0.8369002076643838,27123,20,2487,8205,29610,8225,RANDOM_FOREST,RF_09,7
0.865,0.9335535879476675,0.9975663178388903,0.7667414889637112,0.9992631617728328,0.883002325368272,0.8670544685351667,0.8039461813046719,0.0007368382271672254,0.2332585110362888,0.836442716257077,27123,20,2494,8198,29617,8218,RANDOM_FOREST,RF_09,7
0.87,0.9333421435179067,0.9976851851851852,0.7658997381219603,0.9993000036841911,0.8825998709030758,0.8665608465608465,0.8032211236660389,0.0006999963158088641,0.23410026187803964,0.8359315187278575,27124,19,2503,8189,29627,8208,RANDOM_FOREST,RF_09,7
0.875,0.9332892824104665,0.9979273347963912,0.7655256266367377,0.9993736875069078,0.8824496570718228,0.8664126177622526,0.8029232882087501,0.0006263124930921416,0.23447437336326224,0.83582426850144,27126,17,2507,8185,29633,8202,RANDOM_FOREST,RF_09,7
0.88,0.9332364213030263,0.9980483044645035,0.7652450430228208,0.9994105294182662,0.8823277862205435,0.866278454208576,0.802691990738924,0.0005894705817337803,0.23475495697717919,0.8357053436397736,27127,16,2510,8182,29637,8198,RANDOM_FOREST,RF_09,7
0.885,0.9330514074269856,0.9980466365523135,0.7645903479236813,0.9994105294182662,0.8820004386709738,0.8658581793147275,0.8021154261268864,0.0005894705817337803,0.23540965207631875,0.8352478962033361,27127,16,2517,8175,29644,8191,RANDOM_FOREST,RF_09,7
0.89,0.9329985463195454,0.9980461594822323,0.76440329218107,0.9994105294182662,0.8819069107996681,0.8657380435358296,0.801950664285574,0.0005894705817337803,0.23559670781893005,0.8351171906079885,27127,16,2519,8173,29646,8189,RANDOM_FOREST,RF_09,7
0.895,0.9328135324435047,0.9980444879002689,0.7637485970819304,0.9994105294182662,0.8815795632500983,0.865317367807566,0.8013738959764475,0.0005894705817337803,0.2362514029180696,0.8346596987742456,27127,16,2526,8166,29653,8182,RANDOM_FOREST,RF_09,7
0.9,0.9327078102286243,0.9981653620352251,0.7632809577254022,0.9994473713296246,0.8813641645275134,0.865062539749841,0.8009775439698492,0.0005526286703754191,0.23671904227459784,0.8344101572904877,27128,15,2531,8161,29659,8176,RANDOM_FOREST,RF_09,7
0.905,0.9326020880137439,0.9985304922850845,0.7626262626262627,0.9995578970636997,0.8810920798449812,0.8647788736875597,0.8004476381199199,0.00044210293630033527,0.23737373737373738,0.8341846134006321,27131,12,2538,8154,29669,8166,RANDOM_FOREST,RF_09,7
0.91,0.9325492269063037,0.9985301322880941,0.7624392068836513,0.9995578970636997,0.8809985519736755,0.8646584641493423,0.8002827299143956,0.00044210293630033527,0.23756079311634867,0.8340539228533063,27131,12,2540,8152,29671,8164,RANDOM_FOREST,RF_09,7
0.915,0.9325227963525836,0.9990190067443286,0.761971567527123,0.9997052647091331,0.8808384161181281,0.8645407757202738,0.7999332325275414,0.00029473529086689016,0.23802843247287692,0.8340368000361466,27135,8,2545,8147,29680,8155,RANDOM_FOREST,RF_09,7
0.92,0.9323377824765429,0.9990181639666176,0.7613168724279835,0.9997052647091331,0.8805110685685583,0.8641188959660296,0.7993558017126248,0.00029473529086689016,0.23868312757201646,0.8335794930941876,27135,8,2552,8140,29687,8148,RANDOM_FOREST,RF_09,7
0.925,0.9321527686005022,0.9991399434820002,0.7605686494575383,0.9997421066204915,0.8801553780390149,0.8636822261165099,0.7987113756457854,0.0002578933795085289,0.23943135054246165,0.8331343320018554,27136,7,2560,8132,29696,8139,RANDOM_FOREST,RF_09,7
0.93,0.9320206158319017,0.9992621741269061,0.7600074822297045,0.9997789485318498,0.8798932153807771,0.8633659158521036,0.7982318271119844,0.00022105146815016763,0.23999251777029554,0.8328198902565113,27137,6,2566,8126,29703,8132,RANDOM_FOREST,RF_09,7
0.935,0.931835601955861,0.9992615384615384,0.7593527871305649,0.9997789485318498,0.8795658678312073,0.8629430833820482,0.7976539013223822,0.00022105146815016763,0.24064721286943508,0.8323625561655283,27137,6,2573,8119,29710,8125,RANDOM_FOREST,RF_09,7
0.94,0.9315977269723801,0.9992607195662888,0.7585110362888141,0.9997789485318498,0.879144992410332,0.8623989791578052,0.7969106202342583,0.00022105146815016763,0.24148896371118594,0.8317745025829134,27137,6,2582,8110,29719,8116,RANDOM_FOREST,RF_09,7
0.945,0.9314920047574997,0.9992603550295858,0.7581369248035915,0.9997789485318498,0.8789579366677207,0.8621569878749202,0.7965801886792453,0.00022105146815016763,0.24186307519640854,0.8315131263306975,27137,6,2586,8106,29723,8112,RANDOM_FOREST,RF_09,7
0.95,0.931333421435179,0.999259807549963,0.7575757575757576,0.9997789485318498,0.8786773530538037,0.8617938078518992,0.7960844439202737,0.00022105146815016763,0.24242424242424243,0.8311210397915303,27137,6,2592,8100,29729,8106,RANDOM_FOREST,RF_09,7
0.05,0.7255979912779172,0.507505326360643,0.980265619154508,0.6252809195741075,0.8027732693643077,0.6687723328228689,0.8263166193629768,0.37471908042589247,0.019734380845491957,0.5476150449115327,16972,10171,211,10481,17183,20652,RANDOM_FOREST,RF_09,29
0.055,0.7322584908153826,0.5138151425762045,0.9774597830153385,0.6356703385771654,0.806565060796252,0.6735627739108018,0.8280249730620522,0.3643296614228346,0.02254021698466143,0.5537052013486086,17254,9889,241,10451,17495,20340,RANDOM_FOREST,RF_09,29
0.06,0.7397119069644509,0.5210852403317677,0.9754021698466143,0.6468702796301072,0.8111362247383608,0.6792809222953169,0.8305724570736834,0.35312972036989276,0.024597830153385708,0.5613141482430334,17558,9585,263,10429,17821,20014,RANDOM_FOREST,RF_09,29
0.065,0.7477467952953615,0.5292409577177789,0.9716610549943884,0.6595438971373835,0.815602476065886,0.6852450366070839,0.8324786050834964,0.3404561028626165,0.02833894500561167,0.5688179652057815,17902,9241,303,10389,18205,19630,RANDOM_FOREST,RF_09,29
0.07,0.754724461477468,0.5365765205678168,0.9686681631126075,0.6704491028994585,0.8195586330060329,0.6906047876241915,0.8342999838891573,0.3295508971005416,0.031331836887392446,0.5756585112898367,18198,8945,335,10357,18533,19302,RANDOM_FOREST,RF_09,29
0.075,0.7620985859653759,0.5445962339785854,0.9656752712308267,0.6819069373319088,0.8237911042813677,0.6964351961148022,0.836343901372171,0.31809306266809123,0.03432472876917322,0.5831638699967999,18509,8634,367,10325,18876,18959,RANDOM_FOREST,RF_09,29
0.08,0.7694198493458438,0.5529032258064516,0.9618406285072951,0.6936226651438676,0.8277316468255813,0.7021712412945514,0.8378959718420023,0.30637733485613233,0.038159371492704826,0.5903427131204902,18827,8316,408,10284,19235,18600,RANDOM_FOREST,RF_09,29
0.085,0.775789612792388,0.5604443714770426,0.9578189300411523,0.7040857679696423,0.8309523490053973,0.7071292939754876,0.8388624039579954,0.2959142320303577,0.04218106995884774,0.5964064170253014,19111,8032,451,10241,19562,18273,RANDOM_FOREST,RF_09,29
0.09,0.7821593762389322,0.5682603365652513,0.9537972315750094,0.7145488707954168,0.8341730511852131,0.7122005726656889,0.8398392463023356,0.28545112920458315,0.046202768424990645,0.6026560385418583,19395,7748,494,10198,19889,17946,RANDOM_FOREST,RF_09,29
0.095,0.7888463063301177,0.5767243826284417,0.950149644594089,0.7253067089120584,0.8377281767530738,0.7177729890133183,0.8412135866055016,0.27469329108794166,0.049850355405910964,0.6097106627455209,19687,7456,533,10159,20220,17615,RANDOM_FOREST,RF_09,29
0.1,0.7964847363552267,0.5866944830783496,0.9468761690983913,0.7372434881921675,0.8420598286452794,0.7244883354801775,0.8433293349326936,0.2627565118078326,0.05312383090160868,0.6184552324804208,20011,7132,568,10124,20579,17256,RANDOM_FOREST,RF_09,29
0.105,0.8032245275538522,0.5958665485680543,0.9437897493453049,0.7478539586633755,0.8458218540043402,0.7305172476200817,0.8450999112272415,0.25214604133662455,0.0562102506546951,0.6262894346064335,20299,6844,601,10091,20900,16935,RANDOM_FOREST,RF_09,29
0.11,0.8095942910003965,0.6049969897652017,0.9398615787504676,0.7582802195777917,0.8490708991641296,0.7361365467731302,0.8461888241436222,0.2417197804222083,0.06013842124953236,0.6334223352463053,20582,6561,643,10049,21225,16610,RANDOM_FOREST,RF_09,29
0.115,0.8159376238932206,0.6142997301937699,0.9369622147399925,0.7682643775559076,0.85261329614795,0.7420740740740741,0.8478908524612363,0.2317356224440924,0.06303778526000749,0.6412021525932807,20853,6290,674,10018,21527,16308,RANDOM_FOREST,RF_09,29
0.12,0.8217259151579226,0.623397736509723,0.9324728769173214,0.7781011678885901,0.8552870224029557,0.7472362750608956,0.8483517979612328,0.22189883211140993,0.06752712308267864,0.6476741567073336,21120,6023,722,9970,21842,15993,RANDOM_FOREST,RF_09,29
0.125,0.8274877758689044,0.6324998409365655,0.9297605686494576,0.7872011199941052,0.8584808443217814,0.7528494073989928,0.8498760365905788,0.2127988800058947,0.07023943135054246,0.6550833999562137,21367,5776,751,9941,22118,15717,RANDOM_FOREST,RF_09,29
0.13,0.83420113651381,0.6437073170731707,0.925645342312009,0.7981800095788969,0.861912675945453,0.7593509034411325,0.8510912749600126,0.20181999042110305,0.07435465768799102,0.6635593153081538,21665,5478,795,9897,22460,15375,RANDOM_FOREST,RF_09,29
0.135,0.8392229417206291,0.652747398422483,0.9210624766180322,0.8069852263935453,0.8640238515057888,0.764032739826991,0.8510932503672975,0.1930147736064547,0.07893752338196783,0.6694916725732649,21904,5239,844,9848,22748,15087,RANDOM_FOREST,RF_09,29
0.14,0.8449848024316109,0.663306042357399,0.916853722409278,0.8166746490807943,0.8667641857450361,0.7697381335636606,0.8517385789007247,0.18332535091920568,0.08314627759072203,0.6769565711968875,22167,4976,889,9803,23056,14779,RANDOM_FOREST,RF_09,29
0.145,0.8507730936963129,0.6743366500829188,0.9127384960718294,0.8263640717680433,0.8695512839199364,0.7756318550309966,0.8524633123689728,0.17363592823195667,0.0872615039281706,0.6847539215412778,22430,4713,933,9759,23363,14472,RANDOM_FOREST,RF_09,29
0.15,0.8553720100436104,0.6833380162967125,0.9098391320613542,0.8339166635965074,0.8718778978289308,0.7804878048780487,0.8532734544944214,0.16608333640349263,0.09016086793864572,0.6912704169141649,22635,4508,964,9728,23599,14236,RANDOM_FOREST,RF_09,29
0.155,0.8592308708867451,0.6913694721825963,0.9065656565656566,0.8405850495523708,0.8735753530590137,0.7844771770799611,0.8534373459181517,0.1594149504476292,0.09343434343434344,0.6965740797666402,22816,4327,999,9693,23815,14020,RANDOM_FOREST,RF_09,29
0.16,0.8632747456059204,0.7000942643753172,0.9030115974560419,0.8476218546218178,0.8753167260389298,0.7887105338398072,0.8535334783146802,0.15237814537818223,0.0969884025439581,0.7022392091469462,23007,4136,1037,9655,24044,13791,RANDOM_FOREST,RF_09,29
0.165,0.8672393286639355,0.7087721882595566,0.9000187055742611,0.8543270824890395,0.8771728940316503,0.7930281428983477,0.8539355754725353,0.14567291751096048,0.09998129442573887,0.7081079386188708,23189,3954,1069,9623,24258,13577,RANDOM_FOREST,RF_09,29
0.17,0.8714153561517114,0.718060025447197,0.8973063973063973,0.861216519913053,0.8792614586097252,0.7977383278593106,0.8546384222059897,0.1387834800869469,0.1026936026936027,0.7145870560596589,23376,3767,1098,9594,24474,13361,RANDOM_FOREST,RF_09,29
0.175,0.8750099114576451,0.7265405364334017,0.8943135054246165,0.8674059610212578,0.8808597332229371,0.8017440154278288,0.8548338071483489,0.13259403897874222,0.10568649457538347,0.7200940594789838,23544,3599,1130,9562,24674,13161,RANDOM_FOREST,RF_09,29
0.18,0.878155147350337,0.7344641480339245,0.8909465020576132,0.8731164572818038,0.8820314796697084,0.8051728509847013,0.8545337112921167,0.1268835427181962,0.10905349794238683,0.7248085784720333,23699,3444,1166,9526,24865,12970,RANDOM_FOREST,RF_09,29
0.185,0.8811946610281486,0.7420892257207594,0.888327721661055,0.8783848506060494,0.8833562861335522,0.8086501213230599,0.8546439433476704,0.12161514939395056,0.11167227833894501,0.7296599214890597,23842,3301,1194,9498,25036,12799,RANDOM_FOREST,RF_09,29
0.19,0.8842606052596802,0.7500990412804057,0.8854283576505799,0.8838006115757285,0.8846144846131543,0.8121648865439883,0.8545920670169167,0.11619938842427145,0.11457164234942013,0.7345921316245191,23989,3154,1225,9467,25214,12621,RANDOM_FOREST,RF_09,29
0.195,0.8874851328135325,0.7584129788771986,0.8831836887392442,0.8891795306340493,0.8861816096866468,0.8160566910080801,0.8550498922472337,0.1108204693659507,0.1168163112607557,0.7401126656087995,24135,3008,1249,9443,25384,12451,RANDOM_FOREST,RF_09,29
0.2,0.8899167437557817,0.7651742910538718,0.8807519640852974,0.8935268761743359,0.8871394201298166,0.818905169789991,0.8549251021334544,0.10647312382566408,0.11924803591470258,0.7441685181875144,24253,2890,1275,9417,25528,12307,RANDOM_FOREST,RF_09,29
0.205,0.8917140214087486,0.771466205647485,0.8764496820052375,0.8977268540691891,0.8870882680372133,0.8206138622531634,0.8532277155604115,0.1022731459308109,0.12355031799476245,0.7466184897003666,24367,2776,1321,9371,25688,12147,RANDOM_FOREST,RF_09,29
0.21,0.8940134795823973,0.7779071701879887,0.8746726524504302,0.9016320966731755,0.8881523745618028,0.8234568988289162,0.853440408833729,0.0983679033268246,0.12532734754956978,0.7507287342764174,24473,2670,1340,9352,25813,12022,RANDOM_FOREST,RF_09,29
0.215,0.8963393683097661,0.7848367553012454,0.872334455667789,0.9057952326566703,0.8890648441622296,0.8262756909992913,0.8533082046402692,0.09420476734332978,0.127665544332211,0.7548349725825183,24586,2557,1365,9327,25951,11884,RANDOM_FOREST,RF_09,29
0.22,0.8987181181445751,0.7917659067710106,0.8705574261129817,0.9098110009947316,0.8901842135538567,0.8292943692088383,0.8535690705010637,0.09018899900526839,0.12944257388701833,0.7592465593047606,24695,2448,1384,9308,26079,11756,RANDOM_FOREST,RF_09,29
0.225,0.9009118541033435,0.798418292787759,0.8686868686868687,0.9136057178646428,0.8911462932757558,0.8320716685330348,0.8536607782945168,0.08639428213535719,0.13131313131313133,0.7633338610015511,24798,2345,1404,9288,26202,11633,RANDOM_FOREST,RF_09,29
0.23,0.9027884234174706,0.8045328238971865,0.8665357276468387,0.9170688575323288,0.8918022925895838,0.8343840057636888,0.853382212069855,0.08293114246767122,0.13346427235316125,0.7667783583652036,24892,2251,1427,9265,26319,11516,RANDOM_FOREST,RF_09,29
0.235,0.9046649927315977,0.8107183580387686,0.8644781144781145,0.9204951552886563,0.8924866348833854,0.8367356176164396,0.8531632483523787,0.07950484471134363,0.13552188552188552,0.7703008036240255,24985,2158,1449,9243,26434,11401,RANDOM_FOREST,RF_09,29
0.24,0.9063829787234042,0.8165958200495926,0.8624205013093902,0.9237004015768338,0.893060451443112,0.8388828238719068,0.8528486866444689,0.07629959842316619,0.1375794986906098,0.7735480655453989,25072,2071,1471,9221,26543,11292,RANDOM_FOREST,RF_09,29
0.245,0.9079952425003304,0.8224090136814808,0.8601758323980546,0.9268319640422945,0.8935038982201746,0.8408685714285714,0.8523475005097219,0.07316803595770549,0.13982416760194538,0.7765928153122115,25157,1986,1495,9197,26652,11183,RANDOM_FOREST,RF_09,29
0.25,0.9091846174177349,0.8272005772005772,0.8578376356154134,0.9294108978373798,0.8936242667263966,0.8422405876951331,0.8515300059417706,0.0705891021626202,0.1421623643845866,0.7787644376007111,25227,1916,1520,9172,26747,11088,RANDOM_FOREST,RF_09,29
0.255,0.910770450640941,0.8328480436760691,0.8560606060606061,0.9323214088346904,0.8941910074476482,0.8442948067521446,0.851315153093493,0.06767859116530965,0.14393939393939395,0.7819240233463031,25306,1837,1539,9153,26845,10990,RANDOM_FOREST,RF_09,29
0.26,0.9120126866657856,0.836979405034325,0.8552188552188552,0.9343845558707585,0.8948017055448069,0.846000832677985,0.8515076453168943,0.06561544412924142,0.1447811447811448,0.7845124543202463,25362,1781,1548,9144,26910,10925,RANDOM_FOREST,RF_09,29
0.265,0.9133870754592309,0.8419887464256065,0.8537224092779648,0.9368898058431271,0.895306107560546,0.8478149816560627,0.851349586823108,0.06311019415687286,0.14627759072203517,0.7873242432114365,25430,1713,1564,9128,26994,10841,RANDOM_FOREST,RF_09,29
0.27,0.9144178670543148,0.8463754646840149,0.8517583239805462,0.9391003205246288,0.8954293222525875,0.8490583628566101,0.8506762815722613,0.060899679475371185,0.1482416760194538,0.789345061427763,25490,1653,1585,9107,27075,10760,RANDOM_FOREST,RF_09,29
0.275,0.9153957975419585,0.851063829787234,0.8492330714552937,0.9414582028515639,0.8953456371534287,0.8501474650063199,0.8495985927353706,0.05854179714843606,0.15076692854470633,0.7912079435000714,25554,1589,1612,9080,27166,10669,RANDOM_FOREST,RF_09,29
0.28,0.9167966168891238,0.8559162106057747,0.8483913206135428,0.9437424013557824,0.8960668609846626,0.8521371535932364,0.8498856950118052,0.056257598644217664,0.15160867938645717,0.7942647842927525,25616,1527,1621,9071,27237,10598,RANDOM_FOREST,RF_09,29
0.285,0.9178274084842077,0.8603744891170041,0.8466142910587355,0.9458792322145673,0.8962467616366514,0.8534389289586575,0.8493310063990693,0.054120767785432705,0.1533857089412645,0.796403128045498,25674,1469,1640,9052,27314,10521,RANDOM_FOREST,RF_09,29
0.29,0.9186996167569711,0.8644716692189893,0.8447437336326226,0.9478318535165604,0.8962877935745914,0.8544938505203405,0.8486169573060734,0.05216814648343956,0.15525626636737747,0.798197340853176,25727,1416,1660,9032,27387,10448,RANDOM_FOREST,RF_09,29
0.295,0.9197568389057751,0.8693554612118873,0.8426861204638982,0.9501160520207789,0.8964010862423386,0.8558130699088147,0.8478882782503951,0.04988394797922116,0.15731387953610176,0.8004280385726221,25789,1354,1682,9010,27471,10364,RANDOM_FOREST,RF_09,29
0.3,0.9204968944099379,0.8726479146459748,0.8414702581369248,0.9516265703864717,0.8965484142616982,0.8567755451861728,0.8475262820754361,0.04837342961352835,0.1585297418630752,0.8020318499156116,25830,1313,1695,8997,27525,10310,RANDOM_FOREST,RF_09,29
0.305,0.9215276860050218,0.8767684652161186,0.8404414515525627,0.9534686659543897,0.8969550587534763,0.8582207153431067,0.8474640209744043,0.04653133404561029,0.15955854844743733,0.8043491782621743,25880,1263,1706,8986,27586,10249,RANDOM_FOREST,RF_09,29
0.31,0.9226641998149862,0.881434184675835,0.8392255892255892,0.955531812990458,0.8973787011080236,0.8598121885779992,0.8473407871874291,0.044468187009542054,0.16077441077441076,0.806923306645755,25936,1207,1719,8973,27655,10180,RANDOM_FOREST,RF_09,29
0.315,0.9232985331042686,0.8845774091627172,0.8379161990273102,0.9569318056220757,0.8974240023246929,0.8606147934678194,0.8468504234724744,0.04306819437792433,0.16208380097268987,0.8083247712606088,25974,1169,1733,8959,27707,10128,RANDOM_FOREST,RF_09,29
0.32,0.9237742830712303,0.8869177403369672,0.8369809203142536,0.9579633791401098,0.8974721497271817,0.8612260610143393,0.8465132997843279,0.04203662085989021,0.16301907968574636,0.8093887246264821,26002,1141,1743,8949,27745,10090,RANDOM_FOREST,RF_09,29
0.325,0.9246729218977138,0.8905378486055777,0.8362326973438085,0.9595107394171609,0.8978717183804847,0.862531352498553,0.8465573397970005,0.04048926058283904,0.16376730265619155,0.8114864417631072,26044,1099,1751,8941,27795,10040,RANDOM_FOREST,RF_09,29
0.33,0.925783005153958,0.8951483560545309,0.8352038907594463,0.9614633607191541,0.8983336257393002,0.8641377975614477,0.846541786743516,0.03853663928084589,0.16479610924055368,0.8140936767864319,26097,1046,1762,8930,27859,9976,RANDOM_FOREST,RF_09,29
0.335,0.9262851856746399,0.8980558073939761,0.8338009726898615,0.9627159857053383,0.8982584791975999,0.8647364081672243,0.8459056836512003,0.037284014294661605,0.16619902731013841,0.8152298195654826,26131,1012,1777,8915,27908,9927,RANDOM_FOREST,RF_09,29
0.34,0.9269459495176424,0.9012958088681919,0.8326786382341937,0.9640791364255977,0.8983788873298957,0.8656295576081673,0.8455533183907609,0.03592086357440224,0.1673213617658062,0.8167796601638806,26168,975,1789,8903,27957,9878,RANDOM_FOREST,RF_09,29
0.345,0.9273952689308841,0.9036683263895946,0.8317433595211373,0.9650738680322735,0.8984086137767053,0.8662153606389715,0.8451975897660096,0.03492613196772649,0.1682566404788627,0.8178337305187436,26195,948,1799,8893,27994,9841,RANDOM_FOREST,RF_09,29
0.35,0.9283467688648077,0.907901461719309,0.8307145529367752,0.9668054378661165,0.8987599954014458,0.8675946275946276,0.8450838233335237,0.033194562133883505,0.16928544706322485,0.8201287460978145,26242,901,1810,8882,28052,9783,RANDOM_FOREST,RF_09,29
0.355,0.9291396854764107,0.9114535182331792,0.8298728020950243,0.9682422724090926,0.8990575372520584,0.8687521417731434,0.8449993333714264,0.03175772759090742,0.17012719790497569,0.8220585945093116,26281,862,1819,8873,28100,9735,RANDOM_FOREST,RF_09,29
0.36,0.9298268798731334,0.9149199793495095,0.8287504676393566,0.9696422650407103,0.8991963663400334,0.8697060411247974,0.8446609345509312,0.030357734959289687,0.17124953236064347,0.82373204518473,26319,824,1831,8861,28150,9685,RANDOM_FOREST,RF_09,29
0.365,0.9302761992863751,0.9177385892116182,0.8274410774410774,0.9707843642928196,0.8991127208669485,0.8702537871335826,0.8440505266371546,0.029215635707180488,0.17255892255892255,0.824820407956933,26350,793,1845,8847,28195,9640,RANDOM_FOREST,RF_09,29
0.37,0.9309105325756575,0.9205539358600583,0.8268799102132436,0.9718896216335704,0.899384765923407,0.8712061489948758,0.8440578935308944,0.02811037836642965,0.17312008978675644,0.826400711707449,26380,763,1851,8841,28231,9604,RANDOM_FOREST,RF_09,29
0.375,0.931306990881459,0.9225227106609586,0.8263187429854096,0.9726633017720959,0.8994910223787528,0.8717746312102226,0.8439201451905626,0.027336698227904063,0.17368125701459033,0.8273894214810819,26401,742,1857,8835,28258,9577,RANDOM_FOREST,RF_09,29
0.38,0.9315184353112198,0.9248924787579985,0.824635241301908,0.9736211914674133,0.8991282163846607,0.8718912237330038,0.8429093133974495,0.02637880853258667,0.17536475869809204,0.8278992050090858,26427,716,1875,8817,28302,9533,RANDOM_FOREST,RF_09,29
0.385,0.9319677547244615,0.9275331788497999,0.8236064347175458,0.9746527649854474,0.8991295998514965,0.8724858813038741,0.8424859362443075,0.025347235014552556,0.17639356528245417,0.8290297812849943,26455,688,1886,8806,28341,9494,RANDOM_FOREST,RF_09,29
0.39,0.9322320602616625,0.9292353189691592,0.8228582117471006,0.9753159193898979,0.8990870655684993,0.8728174603174603,0.8421395206371085,0.024684080610102053,0.17714178825289936,0.8296983331306744,26473,670,1894,8798,28367,9468,RANDOM_FOREST,RF_09,29
0.395,0.932364213030263,0.9311843918990563,0.8213617658062102,0.9760895995284236,0.8987256826673169,0.8728320826914475,0.8412038544799709,0.023910400471576464,0.17863823419378974,0.8300303639677206,26494,649,1910,8782,28404,9431,RANDOM_FOREST,RF_09,29
0.4,0.9327871018897846,0.9338728569907359,0.8202394313505424,0.9771211730464576,0.8986803021985,0.873375491709406,0.8406986330259398,0.02287882695354235,0.17976056864945753,0.831116525290148,26522,621,1922,8770,28444,9391,RANDOM_FOREST,RF_09,29
0.405,0.9328399629972248,0.9351841964762413,0.8191170968948747,0.9776369598054747,0.8983770283501746,0.873311063469113,0.8399670074616845,0.022363040194525292,0.18088290310512534,0.8312565058403791,26536,607,1934,8758,28470,9365,RANDOM_FOREST,RF_09,29
0.41,0.9333950046253469,0.9375669308203042,0.8188365132809577,0.9785211656780753,0.8986788394795165,0.8741887169246131,0.8401143822208575,0.02147883432192462,0.18116348671904228,0.8326933061235435,26560,583,1937,8755,28497,9338,RANDOM_FOREST,RF_09,29
0.415,0.933950046253469,0.9399634840511223,0.8185559296670408,0.9794053715506761,0.8989806506088585,0.8750687396890467,0.8402619097908947,0.02059462844932395,0.18144407033295923,0.834135973038442,26584,559,1940,8752,28524,9311,RANDOM_FOREST,RF_09,29
0.42,0.9342936434518303,0.9423242777059078,0.8175271230826786,0.9802895774232767,0.8989083502529777,0.8755008012820513,0.8397701944508492,0.019710422576723282,0.18247287691732136,0.8350445640870615,26608,535,1951,8741,28559,9276,RANDOM_FOREST,RF_09,29
0.425,0.9347693934187922,0.9448290783210731,0.8168724279835391,0.9812106252072358,0.8990415265953875,0.8762038523274478,0.8396139352457124,0.018789374792764248,0.1831275720164609,0.8362995173631462,26633,510,1958,8734,28591,9244,RANDOM_FOREST,RF_09,29
0.43,0.9350865600634334,0.9468315972222222,0.8161242050130939,0.981947463434403,0.8990358342237484,0.8766325095439019,0.8392967066789782,0.01805253656559702,0.1838757949869061,0.8371472051181841,26653,490,1966,8726,28619,9216,RANDOM_FOREST,RF_09,29
0.435,0.9354037267080745,0.9488463212886373,0.8153759820426487,0.9826843016615702,0.8990301418521094,0.8770623742454728,0.8389791361921626,0.0173156983384298,0.18462401795735128,0.838000020644036,26673,470,1974,8718,28647,9188,RANDOM_FOREST,RF_09,29
0.44,0.9355887405841152,0.9507480615922246,0.8142536475869809,0.983384297977379,0.89881897278218,0.8772230339059902,0.8383245064997592,0.016615702022620932,0.18574635241301907,0.8385195012094778,26692,451,1986,8706,28678,9157,RANDOM_FOREST,RF_09,29
0.445,0.9355887405841152,0.9521305728995508,0.8129442573887018,0.9839000847363961,0.898422171062549,0.8770495938650925,0.837427982349654,0.016099915263603874,0.18705574261129818,0.8385596245955514,26706,437,2000,8692,28706,9129,RANDOM_FOREST,RF_09,29
0.45,0.9356680322452755,0.9531387181738367,0.8122895622895623,0.9842685038499798,0.898279033069771,0.877095536255302,0.8370277563608327,0.015731496150020265,0.18771043771043772,0.8387916210170174,26716,427,2007,8685,28723,9112,RANDOM_FOREST,RF_09,29
0.455,0.9358794766750363,0.9547755281690141,0.8115413393191171,0.9848579744317135,0.8981996568754154,0.8773508594539939,0.8366437827830916,0.015142025568286482,0.1884586606808829,0.8393804538654455,26732,411,2015,8677,28747,9088,RANDOM_FOREST,RF_09,29
0.46,0.9361173516585173,0.9564258135686707,0.8108866442199776,0.9854474450134473,0.8981670446167125,0.8776636128966949,0.8363397835355855,0.014552554986552703,0.18911335578002245,0.8400398147792342,26748,395,2022,8670,28770,9065,RANDOM_FOREST,RF_09,29
0.465,0.9361966433196776,0.9579552998450984,0.8097643097643098,0.9860000736838227,0.8978821917240662,0.8776482513938164,0.8356174960429295,0.013999926316177283,0.19023569023569023,0.8402975628341387,26763,380,2034,8658,28797,9038,RANDOM_FOREST,RF_09,29
0.47,0.9362495044271177,0.9591836734693877,0.8088290310512533,0.986442176620123,0.8976356038356881,0.8776131520194844,0.8350069519542717,0.013557823379876948,0.19117096894874672,0.8404797469909665,26775,368,2044,8648,28819,9016,RANDOM_FOREST,RF_09,29
0.475,0.9364345183031585,0.9604400488943216,0.808361391694725,0.9868842795564234,0.8976228356255742,0.8778629830887208,0.834798230532965,0.013115720443576612,0.19163860830527496,0.8409982224238858,26787,356,2049,8643,28836,8999,RANDOM_FOREST,RF_09,29
0.48,0.9365402405180389,0.9616883840071278,0.8076131687242798,0.9873263824927238,0.8974697756085017,0.8779421483401961,0.8343478849015402,0.012673617507276278,0.19238683127572018,0.8413185278970072,26799,344,2057,8635,28856,8979,RANDOM_FOREST,RF_09,29
0.485,0.936593101625479,0.9627273741769892,0.8068649457538346,0.9876948016063073,0.8972798736800709,0.8779321223222917,0.8338649500280307,0.012305198393692665,0.19313505424616537,0.8414983009585336,26809,334,2065,8627,28874,8961,RANDOM_FOREST,RF_09,29
0.49,0.9366988238403594,0.9634677689643615,0.8065843621399177,0.9879526949858158,0.8972685285628668,0.8780736140100799,0.8337361511243451,0.012047305014184136,0.1934156378600823,0.8417984255392237,26816,327,2068,8624,28884,8951,RANDOM_FOREST,RF_09,29
0.495,0.93683097660896,0.9646295052608014,0.8060231949120839,0.9883579560107578,0.8971905754614209,0.8782227657189443,0.8334300413910488,0.011642043989242162,0.1939768050879162,0.8421858105513135,26827,316,2074,8618,28901,8934,RANDOM_FOREST,RF_09,29
0.5,0.9368045460552399,0.9654592351687787,0.805181444070333,0.9886526913016247,0.8969170676859788,0.8780661940945483,0.8328335106897553,0.011347308698375271,0.19481855592966704,0.8421600937737814,26835,308,2083,8609,28918,8917,RANDOM_FOREST,RF_09,29
0.505,0.9367516849477997,0.9657649567852733,0.8047138047138047,0.9887632170356998,0.8967385108747523,0.8779143921228508,0.8324786655572112,0.011236782964300187,0.19528619528619529,0.8420426368231115,26838,305,2088,8604,28926,8909,RANDOM_FOREST,RF_09,29
0.51,0.9367781155015198,0.9670267837047041,0.8036849981294426,0.9892053199720001,0.8964451590507214,0.8778220451527226,0.8317845665388934,0.010794680027999853,0.19631500187055742,0.8421735074866565,26850,293,2099,8593,28949,8886,RANDOM_FOREST,RF_09,29
0.515,0.9370688515924409,0.9686477951956693,0.80331088664422,0.9897579486423755,0.8965344176432978,0.8782657600081804,0.831703302023821,0.010242051357624434,0.19668911335578002,0.8429885431499641,26865,278,2103,8589,28968,8867,RANDOM_FOREST,RF_09,29
0.52,0.9373595876833619,0.9700632625395391,0.8031238309016087,0.9902368934900343,0.8966803621958215,0.878735161686451,0.8317512592018598,0.009763106509965737,0.1968761690983913,0.8437945657953316,26878,265,2105,8587,28983,8852,RANDOM_FOREST,RF_09,29
0.525,0.9373860182370821,0.971237685426339,0.8021885521885522,0.9906421545149763,0.8964153533517643,0.87865594427086,0.8311207581542277,0.009357845485023763,0.1978114478114478,0.8439271717674611,26889,254,2115,8577,29004,8831,RANDOM_FOREST,RF_09,29
0.53,0.9374917404519625,0.9722127707837133,0.801720912832024,0.9909737317172015,0.8963473222746128,0.8787738992259981,0.830861684598236,0.00902626828279851,0.19827908716797607,0.844248239957343,26898,245,2120,8572,29018,8817,RANDOM_FOREST,RF_09,29
0.535,0.9374653098982424,0.9729606907521018,0.8009726898615788,0.99123162509671,0.8961021574791443,0.8786293218426182,0.8303277099088616,0.008768374903289983,0.19902731013842126,0.8442264658005096,26905,238,2128,8564,29033,8802,RANDOM_FOREST,RF_09,29
0.54,0.9374124487908022,0.9733848953594176,0.8004115226337448,0.9913789927421435,0.8958952576879442,0.8784643810305892,0.8299069045771915,0.008621007257856538,0.19958847736625515,0.8441198564701134,26909,234,2134,8558,29043,8792,RANDOM_FOREST,RF_09,29
0.545,0.9373860182370821,0.973920965721444,0.799850355405911,0.9915632022989352,0.8957067788524231,0.8783443742617985,0.8295020271974237,0.008436797701064732,0.20014964459408904,0.8440864518445647,26914,229,2140,8552,29054,8781,RANDOM_FOREST,RF_09,29
0.55,0.9374124487908022,0.9744642042863657,0.7994762439206884,0.9917474118557271,0.8956118278882077,0.8783394985614468,0.8292588280946835,0.008252588144272925,0.20052375607931164,0.8441859681223213,26919,224,2144,8548,29063,8772,RANDOM_FOREST,RF_09,29
0.555,0.9373595876833619,0.975,0.7988215488215489,0.9919316214125189,0.8953765851170339,0.8781616286243059,0.8287727061015371,0.008068378587481119,0.20117845117845118,0.8440874153417829,26924,219,2151,8541,29075,8760,RANDOM_FOREST,RF_09,29
0.56,0.9373067265759217,0.9753199268738574,0.7983539094650206,0.992042147146594,0.8951980283058073,0.8780086401974903,0.828416149068323,0.007957852853406035,0.20164609053497942,0.8439756312260928,26927,216,2156,8536,29083,8752,RANDOM_FOREST,RF_09,29
0.565,0.9374388793445223,0.9759862778730704,0.7982603815937149,0.9922631986147441,0.8952617901042295,0.8782219478314555,0.8284316580280705,0.007736801385255867,0.20173961840628507,0.8443479624899184,26933,210,2157,8535,29090,8745,RANDOM_FOREST,RF_09,29
0.57,0.9376767543280031,0.9772102611085662,0.7980733258511036,0.9926684596396861,0.8953708927453948,0.8786037891268533,0.8284466019417475,0.007331540360313893,0.20192667414889637,0.8450206931367931,26944,199,2159,8533,29103,8732,RANDOM_FOREST,RF_09,29
0.575,0.9377296154354434,0.9784205693296603,0.7972315750093528,0.9930737206646281,0.8951526478369904,0.8785817357245929,0.8278943278943279,0.006926279335371919,0.2027684249906472,0.8452327223268461,26955,188,2168,8524,29123,8712,RANDOM_FOREST,RF_09,29
0.58,0.9377560459891635,0.9788627225732338,0.7969509913954358,0.9932210883100615,0.8950860398527487,0.8785894725988554,0.8277155013307946,0.006778911689938474,0.20304900860456415,0.8453283775232223,26959,184,2171,8521,29130,8705,RANDOM_FOREST,RF_09,29
0.585,0.9378089070966037,0.9798595925883301,0.7962962962962963,0.9935526655122868,0.8949244809042916,0.8785924358908208,0.8272926909847057,0.006447334487713223,0.2037037037037037,0.8455281501552748,26968,175,2178,8514,29146,8689,RANDOM_FOREST,RF_09,29
0.59,0.9378617682040439,0.9807492795389049,0.7957351290684624,0.9938474008031537,0.8947912649358081,0.8786079413435225,0.8269346655521644,0.0061525991968463326,0.20426487093153758,0.8457216092416494,26976,167,2184,8508,29160,8675,RANDOM_FOREST,RF_09,29
0.595,0.9378353376503238,0.981079833871712,0.7953610175832398,0.9939579265372287,0.8946594720602343,0.8785123966942149,0.8266583715685512,0.006042073462771249,0.2046389824167602,0.8456790900126202,26979,164,2188,8504,29167,8668,RANDOM_FOREST,RF_09,29
0.6,0.9378617682040439,0.9816376024945144,0.7949869060980173,0.9941421360940206,0.8945645210960189,0.8785075706681825,0.8264141404320686,0.005857863905979442,0.2050130939019828,0.845784419057391,26984,159,2192,8500,29176,8659,RANDOM_FOREST,RF_09,29
0.605,0.9379674904189242,0.9825372961720829,0.7946127946127947,0.9944368713848875,0.8945248329988411,0.8786390195977041,0.8262180297578527,0.005563128615112552,0.2053872053872054,0.846111972644177,26992,151,2196,8496,29188,8647,RANDOM_FOREST,RF_09,29
0.61,0.9379410598652042,0.9833178869323448,0.7938645716423495,0.994694764764396,0.8942796682033727,0.8784930656178846,0.8256809338521401,0.005305235235604023,0.20613542835765059,0.8461031782321892,26999,144,2204,8488,29203,8632,RANDOM_FOREST,RF_09,29
0.615,0.937888198757764,0.9836502782931354,0.7933969322858212,0.9948052904984711,0.8941011113921462,0.8783392006626631,0.8253230074719801,0.0051947095015289395,0.20660306771417883,0.8459963072810498,27002,141,2209,8483,29211,8624,RANDOM_FOREST,RF_09,29
0.62,0.937888198757764,0.9842117483166938,0.7929292929292929,0.9949895000552629,0.8939593964922778,0.8782761835698747,0.8249970806897358,0.005010499944737133,0.20707070707070707,0.8460380326699227,27007,136,2214,8478,29221,8614,RANDOM_FOREST,RF_09,29
0.625,0.9378617682040439,0.9846600813480535,0.7924616535727647,0.9951368677006963,0.8937992606367304,0.8781675908172255,0.8246549744028964,0.004863132299303688,0.20753834642723532,0.846006004520715,27011,132,2219,8473,29230,8605,RANDOM_FOREST,RF_09,29
0.63,0.9380203515263644,0.9855730075625364,0.7922745978301534,0.9954316029915632,0.8938531004108583,0.8784155130398715,0.8246208360103576,0.004568397008436797,0.2077254021698466,0.8464689615894929,27019,124,2221,8471,29240,8595,RANDOM_FOREST,RF_09,29
0.635,0.9379674904189242,0.9862486889639902,0.7915263748597082,0.9956526544597134,0.8935895146597108,0.8782234213666787,0.8240666809480224,0.00434734554028663,0.2084736251402918,0.8463896319285152,27025,118,2229,8463,29254,8581,RANDOM_FOREST,RF_09,29
0.64,0.9378617682040439,0.9865826624664567,0.7908716797605686,0.9957631801937884,0.8933174299771784,0.8779525515236464,0.8235454527746937,0.0042368198062115465,0.20912832023943134,0.8461531882137046,27028,115,2236,8456,29264,8571,RANDOM_FOREST,RF_09,29
0.645,0.9378617682040439,0.9870372532990774,0.790497568275346,0.995910547839222,0.893204058057284,0.877901843676967,0.8232841752547193,0.004089452160778101,0.20950243172465394,0.8461886876251002,27032,111,2240,8452,29272,8563,RANDOM_FOREST,RF_09,29
0.65,0.937888198757764,0.9876081365443068,0.7901234567901234,0.9960947573960137,0.8931091070930686,0.8778967058089994,0.8230388527337203,0.0039052426039862947,0.20987654320987653,0.8462991875659645,27037,106,2244,8448,29281,8554,RANDOM_FOREST,RF_09,29
0.655,0.9378617682040439,0.9881774552265012,0.7895622895622896,0.9962789669528055,0.8929206282575475,0.8777748895243046,0.8226306250121806,0.0037210330471944887,0.21043771043771045,0.8462788903365662,27042,101,2250,8442,29292,8543,RANDOM_FOREST,RF_09,29
0.66,0.9377560459891635,0.9886297034345328,0.7888140665918444,0.9964263345982389,0.8926202005950417,0.8774905061644905,0.8220433146844969,0.0035736654017610434,0.21118593340815564,0.8460530800510061,27046,97,2258,8434,29304,8531,RANDOM_FOREST,RF_09,29
0.665,0.9377031848817232,0.9890857880530454,0.7882528993640104,0.9965737022436724,0.8924133008038414,0.8773226461250195,0.8216186706701243,0.0034262977563275982,0.21174710063598953,0.8459589489663137,27050,93,2264,8428,29314,8521,RANDOM_FOREST,RF_09,29
0.67,0.9375974626668429,0.9893104663455891,0.7876917321361766,0.9966473860663891,0.8921695591012828,0.8770632647747982,0.8211618338175933,0.0033526139336108756,0.21230826786382342,0.8457152513405387,27052,91,2270,8422,29322,8513,RANDOM_FOREST,RF_09,29
0.675,0.9374388793445223,0.9896482766733325,0.7868499812944257,0.9967579118004642,0.891803946547445,0.876673787318293,0.8204763112212058,0.0032420881995357917,0.21315001870557426,0.8453499832046041,27055,88,2279,8413,29334,8501,RANDOM_FOREST,RF_09,29
0.68,0.9375446015594027,0.9904604875750795,0.7865693976805088,0.9970158051799728,0.8917926014302409,0.8768180159516239,0.8203437445131586,0.002984194820027263,0.2134306023194912,0.8456790017701344,27062,81,2282,8410,29344,8491,RANDOM_FOREST,RF_09,29
0.685,0.9374917404519625,0.9906894519740719,0.7861952861952862,0.9970894890026895,0.8916423875989878,0.8766751838139438,0.8200495580746493,0.0029105109973105404,0.2138047138047138,0.8455671597885038,27064,79,2286,8406,29350,8485,RANDOM_FOREST,RF_09,29
0.69,0.9374388793445223,0.9906872568666745,0.7860082304526749,0.9970894890026895,0.8915488597276822,0.8765580182529334,0.8198864412401711,0.0029105109973105404,0.2139917695473251,0.8454360737699974,27064,79,2288,8404,29352,8483,RANDOM_FOREST,RF_09,29
0.695,0.9373067265759217,0.9909133821099835,0.7853535353535354,0.9971631728254062,0.8912583540894707,0.8762391735364709,0.8193474103274657,0.002836827174593818,0.21464646464646464,0.8451277582269041,27066,77,2295,8397,29361,8474,RANDOM_FOREST,RF_09,29
0.7,0.9372274349147615,0.9911420810204322,0.7848858959970071,0.9972368566481229,0.891061376322565,0.8760373714703271,0.8189714062652484,0.002763143351877095,0.21511410400299288,0.844950666450473,27068,75,2300,8392,29368,8467,RANDOM_FOREST,RF_09,29
0.705,0.9370159904850006,0.9914823139713711,0.783857089412645,0.997347382382198,0.8906022358974215,0.8755288587098459,0.818121473614338,0.0026526176178020117,0.21614291058735502,0.8444559641192534,27071,72,2311,8381,29382,8453,RANDOM_FOREST,RF_09,29
0.71,0.9369366988238403,0.9915956439393939,0.7834829779274224,0.9973842242935563,0.8904336011104894,0.8753396029258098,0.8178108403623868,0.0026157757064436504,0.21651702207257764,0.8442693077846314,27072,71,2315,8377,29387,8448,RANDOM_FOREST,RF_09,29
0.715,0.9367781155015198,0.9915896706941483,0.7829218106995884,0.9973842242935563,0.8901530174965724,0.8749869342531618,0.8173208357742628,0.0026157757064436504,0.21707818930041153,0.8438761891311648,27072,71,2321,8371,29393,8442,RANDOM_FOREST,RF_09,29
0.72,0.9366459627329192,0.991701244813278,0.7823606434717546,0.9974210662049147,0.8898908548383346,0.8746797720499817,0.8168466691404801,0.002578933795085289,0.21763935652824543,0.8435585546243632,27073,70,2327,8365,29400,8435,RANDOM_FOREST,RF_09,29
0.725,0.9366195321791991,0.9918168880455408,0.7821735877291432,0.9974579081162731,0.8898157479227082,0.8746078226312487,0.81669921875,0.002542091883726928,0.21782641227085672,0.8435030418555448,27074,69,2329,8363,29403,8432,RANDOM_FOREST,RF_09,29
0.73,0.9364609488568786,0.9921615201900238,0.7813318368873925,0.9975684338503481,0.8894501353688703,0.8742151527835915,0.8160115652105961,0.002431566149651844,0.21866816311260756,0.8431401700894243,27077,66,2338,8354,29415,8420,RANDOM_FOREST,RF_09,29
0.735,0.936328796088278,0.992390916656759,0.7806771417882529,0.9976421176730649,0.8891596297306589,0.8738941527508768,0.8154711893550087,0.0023578823269351213,0.2193228582117471,0.8428329449547632,27079,64,2345,8347,29424,8411,RANDOM_FOREST,RF_09,29
0.74,0.9363023655345579,0.9927415516420752,0.7803030303030303,0.99775264340714,0.8890278368550851,0.8737955592794302,0.8151919018213084,0.0022473565928600374,0.2196969696969697,0.8427980870128949,27082,61,2349,8343,29431,8404,RANDOM_FOREST,RF_09,29
0.745,0.9361437822122374,0.9930886558627264,0.7794612794612794,0.9978631691412151,0.8886622243012472,0.8734018025571157,0.8145035183737295,0.002136830858784954,0.22053872053872053,0.842436080305556,27085,58,2358,8334,29443,8392,RANDOM_FOREST,RF_09,29
0.75,0.9360644905510771,0.9935568547905977,0.7788065843621399,0.9980105367866485,0.8884085605743942,0.8731714989776124,0.8139944084928346,0.0019894632133515087,0.22119341563786007,0.8422812359375246,27089,54,2365,8327,29454,8381,RANDOM_FOREST,RF_09,29
0.755,0.9359059072287564,0.9935522388059701,0.7782454171343061,0.9980105367866485,0.8881279769604773,0.8728169087953008,0.8135033142365524,0.0019894632133515087,0.22175458286569397,0.841888473518497,27089,54,2371,8321,29460,8375,RANDOM_FOREST,RF_09,29
0.76,0.9358794766750363,0.9937873357228196,0.777964833520389,0.9980842206093652,0.8880245270648771,0.8727310880285385,0.8132895302905864,0.001915779390634786,0.2220351664796109,0.8418439993428164,27091,52,2374,8318,29465,8370,RANDOM_FOREST,RF_09,29
0.765,0.9357473239064359,0.9937836222355051,0.7774971941638609,0.9980842206093652,0.887790707386613,0.872435325602141,0.8128801361156202,0.001915779390634786,0.22250280583613916,0.8415167239125317,27091,52,2379,8313,29470,8365,RANDOM_FOREST,RF_09,29
0.77,0.9356680322452755,0.9941359502154141,0.7769360269360269,0.9981947463434403,0.8875653866397336,0.872217555648887,0.8124364290744073,0.0018052536565597024,0.22306397306397308,0.841352110028993,27094,49,2385,8307,29479,8356,RANDOM_FOREST,RF_09,29
0.775,0.9355887405841152,0.9942521853670219,0.7765619154508043,0.9982315882547986,0.8873967518528014,0.8720264664181063,0.8121246503257106,0.001768411745201341,0.22343808454919567,0.8411664180348901,27095,48,2389,8303,29484,8351,RANDOM_FOREST,RF_09,29
0.78,0.935535879476675,0.9946062567421791,0.7760942760942761,0.9983421139888737,0.887218195041575,0.8718676122931441,0.8117626342665961,0.0016578860111262572,0.2239057239057239,0.8410676245439936,27098,45,2394,8298,29492,8343,RANDOM_FOREST,RF_09,29
0.785,0.9354037267080745,0.9949591934709554,0.7753460531238309,0.9984526397229488,0.8868993464233899,0.8715306980656012,0.8111545988258317,0.0015473602770511735,0.2246539468761691,0.8407728320516443,27101,42,2402,8290,29503,8332,RANDOM_FOREST,RF_09,29
0.79,0.935271573939474,0.9950750750750751,0.774784885895997,0.9984894816343072,0.8866371837651521,0.8712204869327445,0.8106785665355333,0.0015105183656928122,0.225215114104003,0.8404565903092797,27102,41,2408,8284,29510,8325,RANDOM_FOREST,RF_09,29
0.795,0.9350336989559931,0.9951888381044022,0.7738496071829405,0.9985263235456655,0.886187965364303,0.8706724192360308,0.8098743197212326,0.0014736764543344509,0.22615039281705948,0.8398787389309689,27103,40,2418,8274,29521,8314,RANDOM_FOREST,RF_09,29
0.8,0.9349015461873926,0.9954244431065623,0.773194912083801,0.9986000073683823,0.8858974597260916,0.8703479496762647,0.8093317408415406,0.0013999926316177282,0.22680508791619902,0.839573596054693,27105,38,2425,8267,29530,8305,RANDOM_FOREST,RF_09,29
0.805,0.9348486850799524,0.9955427056981087,0.7729143284698841,0.9986368492797406,0.8857755888748123,0.8702153424946033,0.8091014118153871,0.0013631507202593672,0.22708567153011597,0.8394537909702539,27106,37,2428,8264,29534,8301,RANDOM_FOREST,RF_09,29
0.81,0.934742962865072,0.9956600361663652,0.7724466891133558,0.9986736911910989,0.8855601901522274,0.8699636593458681,0.8087068914869866,0.0013263088089010059,0.2275533108866442,0.8392032153742378,27107,36,2433,8259,29540,8295,RANDOM_FOREST,RF_09,29
0.815,0.934742962865072,0.9961385302280681,0.7720725776281332,0.9988210588365325,0.8854468182323328,0.8699088466199484,0.8084418764077955,0.0011789411634675606,0.2279274223718668,0.8392476705674852,27111,32,2437,8255,29548,8287,RANDOM_FOREST,RF_09,29
0.82,0.9346636712039117,0.9964967383425948,0.7715114104002992,0.9989315845706075,0.8852214974854533,0.8696889826041116,0.8079967088508404,0.001068415429392477,0.2284885895997007,0.8390851254627939,27114,29,2443,8249,29557,8278,RANDOM_FOREST,RF_09,29
0.825,0.9346901017576318,0.9967371601208459,0.7714178825289937,0.9990052683933243,0.8852115754611589,0.8697210945326093,0.8079462414043063,0.0009947316066757543,0.22858211747100635,0.8391730092980949,27116,27,2444,8248,29560,8275,RANDOM_FOREST,RF_09,29
0.83,0.9346108100964715,0.9969762941461054,0.7709502431724654,0.9990789522160409,0.8850145976942532,0.8695147679324895,0.8075672074613998,0.0009210477839590318,0.22904975682753462,0.8389995451223153,27118,25,2449,8243,29567,8268,RANDOM_FOREST,RF_09,29
0.835,0.9345315184353112,0.9972158334342089,0.7704826038159371,0.9991526360387577,0.8848176199273474,0.8693082889252362,0.8071880695290914,0.0008473639612423092,0.22951739618406286,0.8388262213854993,27120,23,2454,8238,29574,8261,RANDOM_FOREST,RF_09,29
0.84,0.9343993656667107,0.9973346256360552,0.7699214365881033,0.999189477950116,0.8845554572691097,0.8689960941623562,0.8067108306220846,0.0008105220498839479,0.23007856341189675,0.8385109047133877,27121,22,2460,8232,29581,8254,RANDOM_FOREST,RF_09,29
0.845,0.9343465045592705,0.9973339796412991,0.769734380845492,0.999189477950116,0.884461929397804,0.8688766891891891,0.8065464523716189,0.0008105220498839479,0.23026561915450805,0.8383802109889976,27121,22,2462,8230,29583,8252,RANDOM_FOREST,RF_09,29
0.85,0.9340821990220695,0.9973307449648143,0.7687991021324355,0.999189477950116,0.8839942900412758,0.8682792859406359,0.8057243677710253,0.0008105220498839479,0.23120089786756454,0.8377267017442226,27121,22,2472,8220,29593,8242,RANDOM_FOREST,RF_09,29
0.855,0.9339236156997489,0.997449599222735,0.7681444070332959,0.9992263198614744,0.8836853634473851,0.8679065835358766,0.8051645033528098,0.0007736801385255867,0.23185559296670408,0.837346103315812,27122,21,2479,8213,29601,8234,RANDOM_FOREST,RF_09,29
0.86,0.9337914629311485,0.997448049580751,0.7676767676767676,0.9992263198614744,0.883451543769121,0.8676074203266211,0.8047532207776927,0.0007736801385255867,0.23232323232323232,0.8370193269525756,27122,21,2484,8208,29606,8229,RANDOM_FOREST,RF_09,29
0.865,0.9336593101625479,0.9974464980544747,0.7672091283202395,0.9992263198614744,0.883217724090857,0.8673080989638401,0.8043418575462818,0.0007736801385255867,0.23279087167976056,0.8366925333894517,27122,21,2489,8203,29611,8224,RANDOM_FOREST,RF_09,29
0.87,0.9336064490551077,0.9975669099756691,0.7669285447063224,0.9992631617728328,0.8830958532395776,0.8671742808798646,0.804110771161842,0.0007368382271672254,0.2330714552936775,0.8365734315450295,27123,20,2492,8200,29615,8220,RANDOM_FOREST,RF_09,29
0.875,0.9335007268402273,0.9975657254138267,0.7665544332210998,0.9992631617728328,0.8829087974969663,0.8669346308440871,0.8037815785344422,0.0007368382271672254,0.2334455667789001,0.8363119981959781,27123,20,2496,8196,29619,8216,RANDOM_FOREST,RF_09,29
0.88,0.933421435179067,0.9979285975386865,0.765993265993266,0.9993736875069078,0.8826834767500868,0.8667125244721943,0.8033349681216282,0.0006263124930921416,0.234006734006734,0.8361510131070755,27126,17,2502,8190,29628,8207,RANDOM_FOREST,RF_09,29
0.885,0.9333421435179067,0.9979278400780107,0.7657126823793491,0.9993736875069078,0.8825431849431284,0.866532599491956,0.8030879698658087,0.0006263124930921416,0.23428731762065094,0.8359549684358397,27126,17,2505,8187,29631,8204,RANDOM_FOREST,RF_09,29
0.89,0.9331835601955861,0.9980478282088824,0.7650579872802095,0.9994105294182662,0.8822342583492379,0.8661584074544685,0.8025272741543049,0.0005894705817337803,0.2349420127197905,0.8355746478805314,27127,16,2512,8180,29639,8196,RANDOM_FOREST,RF_09,29
0.895,0.9330514074269856,0.9982899719066813,0.76440329218107,0.9994842132409829,0.8819437527110264,0.8658297579320938,0.8019821411048964,0.0005157867590170578,0.23559670781893005,0.8352715874576047,27129,14,2519,8173,29648,8187,RANDOM_FOREST,RF_09,29
0.9,0.9329456852121052,0.9984109522063317,0.7639356528245417,0.9995210551523414,0.8817283539884415,0.8655751602818842,0.8015858996251154,0.0004789448476586965,0.2360643471754583,0.8350221113758672,27130,13,2524,8168,29654,8181,RANDOM_FOREST,RF_09,29
0.905,0.9327606713360644,0.9984095913873257,0.7632809577254022,0.9995210551523414,0.8814010064388718,0.8651542457330648,0.8010089906167798,0.0004789448476586965,0.23671904227459784,0.8345647124117589,27130,13,2531,8161,29661,8174,RANDOM_FOREST,RF_09,29
0.91,0.9326020880137439,0.9984084231145935,0.7627197904975683,0.9995210551523414,0.8811204228249548,0.8647932131495227,0.8005143709753416,0.0004789448476586965,0.23728020950243173,0.8341726284655749,27130,13,2537,8155,29667,8168,RANDOM_FOREST,RF_09,29
0.915,0.9324435046914232,0.9984072531242343,0.7621586232697344,0.9995210551523414,0.8808398392110379,0.8644319507796755,0.8000196347928531,0.0004789448476586965,0.23784137673026562,0.8337805188185263,27130,13,2543,8149,29673,8162,RANDOM_FOREST,RF_09,29
0.92,0.9323113519228228,0.9985285101164929,0.7615974560419004,0.9995578970636997,0.8805776765528001,0.8641163049822252,0.7995404826895509,0.00044210293630033527,0.2384025439580995,0.8334657799302296,27131,12,2549,8143,29680,8155,RANDOM_FOREST,RF_09,29
0.925,0.9322056297079424,0.9985277880014722,0.7612233445566778,0.9995578970636997,0.8803906208101888,0.8638751791116064,0.7992105108112885,0.00044210293630033527,0.2387766554433221,0.8332043643701899,27131,12,2553,8139,29684,8151,RANDOM_FOREST,RF_09,29
0.93,0.9320470463856217,0.9985267034990792,0.760662177328844,0.9995578970636997,0.8801100371962718,0.8635132982959071,0.7987154557775028,0.00044210293630033527,0.239337822671156,0.8328122193302429,27131,12,2559,8133,29690,8145,RANDOM_FOREST,RF_09,29
0.935,0.9318620325095811,0.9987705925743792,0.7598204264870931,0.9996315808864163,0.8797260036867547,0.8630617231488367,0.7980040077010726,0.0003684191135836127,0.24017957351290684,0.8323789960140604,27133,10,2568,8124,29701,8134,RANDOM_FOREST,RF_09,29
0.94,0.931835601955861,0.9991386735572783,0.7594463150018705,0.9997421066204915,0.8795942108111809,0.862957649184335,0.7977207977207976,0.0002578933795085289,0.24055368499812943,0.8323502933638396,27136,7,2572,8120,29708,8127,RANDOM_FOREST,RF_09,29
0.945,0.9316241575261002,0.9991378248552777,0.7586980920314254,0.9997421066204915,0.8792200993259585,0.8624740843123705,0.797060152887771,0.0002578933795085289,0.24130190796857465,0.8318275425658321,27136,7,2580,8112,29716,8119,RANDOM_FOREST,RF_09,29
0.95,0.9314655742037796,0.9992602638392307,0.7580433969322858,0.9997789485318498,0.8789111727320678,0.8620964739669202,0.7964975726724189,0.00022105146815016763,0.2419566030677142,0.8314477804234814,27137,6,2587,8105,29724,8111,RANDOM_FOREST,RF_09,29
0.05,0.7250693802035153,0.5070190725142801,0.9796109240553685,0.6248019747264488,0.8022064493909087,0.6681977671451355,0.8256866269353261,0.3751980252735512,0.0203890759446315,0.5466059163133286,16959,10184,218,10474,17177,20658,RANDOM_FOREST,RF_09,101
0.055,0.7324699352451434,0.5140228301515449,0.9770856715301159,0.6361124415134657,0.8065990565217909,0.6736523084859427,0.8279179610727191,0.36388755848653426,0.022914328469884025,0.5537313867583294,17266,9877,245,10447,17511,20324,RANDOM_FOREST,RF_09,101
0.06,0.7399233513942117,0.5213170536429144,0.9743733632622521,0.6475702759459161,0.810971819604084,0.6792280610249054,0.830093064762876,0.3524297240540839,0.02562663673774785,0.5609665216095893,17577,9566,274,10418,17851,19984,RANDOM_FOREST,RF_09,101
0.065,0.7480375313862826,0.5295166301635003,0.9723157500935279,0.6596912647828169,0.8160035074381724,0.685638911788953,0.8329994711623211,0.3403087352171831,0.027684249906472128,0.5695441675270501,17906,9237,296,10396,18202,19633,RANDOM_FOREST,RF_09,101
0.07,0.7559138363948724,0.5378146898520634,0.9690422745978301,0.6719596212651512,0.8205009479314906,0.6917248055546283,0.83512001676527,0.32804037873484876,0.030957725402169848,0.5773341587290078,18239,8904,331,10361,18570,19265,RANDOM_FOREST,RF_09,101
0.075,0.7633408219902207,0.5459011197971688,0.9666105499438833,0.6832700880521682,0.8249403189980258,0.6977450715635971,0.8375202593192869,0.31672991194783184,0.03338945005611672,0.5852324265118085,18546,8597,357,10335,18903,18932,RANDOM_FOREST,RF_09,101
0.08,0.7698955993128056,0.5533182989690721,0.9638047138047138,0.6935121394097926,0.8286584266072532,0.7030290626279165,0.8392787333854574,0.30648786059020744,0.0361952861952862,0.5919999886257683,18824,8319,387,10305,19211,18624,RANDOM_FOREST,RF_09,101
0.085,0.7767675432800317,0.5614063867016623,0.9602506546950992,0.7044910289945843,0.8323708418448417,0.7085576259489303,0.8407855083857444,0.2955089710054158,0.03974934530490086,0.5989466609743651,19122,8021,425,10267,19547,18288,RANDOM_FOREST,RF_09,101
0.09,0.7827144178670543,0.5686274509803921,0.9574448185559297,0.7138857163909663,0.8356652674734479,0.7135040947900331,0.8422602886245084,0.2861142836090336,0.042555181444070334,0.6052559980217824,19377,7766,455,10237,19832,18003,RANDOM_FOREST,RF_09,101
0.095,0.790247125677283,0.578126771742828,0.9537037037037037,0.7258593375824338,0.8397815206430688,0.7198729262266149,0.8440386716551336,0.27414066241756624,0.046296296296296294,0.6133664932444735,19702,7441,495,10197,20197,17638,RANDOM_FOREST,RF_09,101
0.1,0.7964318752477865,0.586436170212766,0.9486531986531986,0.7364698080536418,0.8425615033534202,0.7248106331284836,0.8443493606819393,0.2635301919463582,0.05134680134680135,0.6192477883582906,19990,7153,549,10143,20539,17296,RANDOM_FOREST,RF_09,101
0.105,0.8030923747852518,0.5955327675624705,0.9450991395435839,0.7471539623475666,0.8461265509455753,0.7306579898770788,0.8458048747823756,0.2528460376524334,0.05490086045641601,0.6267263767595874,20280,6863,587,10105,20867,16968,RANDOM_FOREST,RF_09,101
0.11,0.8093299854631955,0.6044820956500842,0.9409839132061354,0.7574696975279077,0.8492268053670216,0.7360989171788118,0.8467144684575507,0.24253030247209226,0.059016086793864574,0.6335653039887925,20560,6583,631,10061,21191,16644,RANDOM_FOREST,RF_09,101
0.115,0.815514735033699,0.6134890546655253,0.9383651328095772,0.7671222783037984,0.8527437055566878,0.7419211713377208,0.8484997124589831,0.2328777216962016,0.06163486719042274,0.6412220122120659,20822,6321,659,10033,21481,16354,RANDOM_FOREST,RF_09,101
0.12,0.8221223734637241,0.6237042587735732,0.934156378600823,0.777990642154515,0.856073510377669,0.747996704860331,0.8495798033411589,0.22200935784548503,0.06584362139917696,0.6489942117375513,21117,6026,704,9988,21821,16014,RANDOM_FOREST,RF_09,101
0.125,0.8282542619267874,0.6336520076481835,0.9298540965207632,0.7882326935121394,0.8590433950164513,0.7536957016147374,0.8503541003797599,0.2117673064878606,0.07014590347923681,0.6562752434851914,21395,5748,750,9942,22145,15690,RANDOM_FOREST,RF_09,101
0.13,0.8334875115633672,0.6424863742538282,0.9261129816685372,0.7970010684154294,0.8615570250419833,0.7586576769843701,0.8509797181161912,0.2029989315845706,0.07388701833146277,0.6626570758130295,21633,5510,790,9902,22423,15412,RANDOM_FOREST,RF_09,101
0.135,0.8388264834148276,0.6518577284146503,0.9221848110737,0.8059904947868696,0.8640876529302848,0.763808195832365,0.8515562925346323,0.19400950521313046,0.07781518892630004,0.6693192135760954,21877,5266,832,9860,22709,15126,RANDOM_FOREST,RF_09,101
0.14,0.8442711774811682,0.661768670800755,0.9182566404788627,0.8151272888037432,0.8666919646413029,0.7691946098401755,0.8521977640441636,0.18487271119625687,0.0817433595211373,0.6763584160966475,22125,5018,874,9818,22999,14836,RANDOM_FOREST,RF_09,101
0.145,0.8493194132417075,0.6714766714766714,0.9139543583988028,0.8238588217956747,0.8689065900972388,0.7741731035848681,0.8523926658641683,0.17614117820432523,0.08604564160119715,0.6828391301020936,22362,4781,920,9772,23282,14553,RANDOM_FOREST,RF_09,101
0.15,0.8545790934320074,0.6816463670726586,0.9107744107744108,0.8324429871421729,0.8716086989582918,0.7797261590199376,0.8534020401724682,0.16755701285782706,0.08922558922558922,0.6902917899815039,22595,4548,954,9738,23549,14286,RANDOM_FOREST,RF_09,101
0.155,0.8588872736883838,0.6906474820143885,0.9068462401795735,0.839995578970637,0.8734209095751053,0.7841170999959566,0.8534159522594047,0.160004421029363,0.0931537598204265,0.696092507791552,22800,4343,996,9696,23796,14039,RANDOM_FOREST,RF_09,101
0.16,0.8630368706224395,0.6995798319327731,0.9031986531986532,0.8472165935968758,0.8752076233977646,0.7884552580013063,0.8535141059181222,0.15278340640312418,0.0968013468013468,0.701894195207949,22996,4147,1035,9657,24031,13804,RANDOM_FOREST,RF_09,101
0.165,0.867107175895335,0.7087264150943396,0.8993640104751216,0.8544007663117562,0.8768823883934389,0.7927452596867272,0.8534507242260722,0.14559923368824373,0.10063598952487841,0.7076659098607353,23191,3952,1076,9616,24267,13568,RANDOM_FOREST,RF_09,101
0.17,0.8705695784326681,0.7168625102911459,0.8958099513655069,0.8606270493313193,0.8782185003484131,0.7964079324824346,0.8532131340305369,0.1393729506686807,0.10419004863449308,0.712621961909897,23360,3783,1114,9578,24474,13361,RANDOM_FOREST,RF_09,101
0.175,0.8741377031848817,0.7254409975669099,0.8923494201271979,0.8669638580849575,0.8796566391060776,0.8002851870491529,0.8530937052932761,0.13303614191504257,0.10765057987280209,0.7179340000076044,23532,3611,1151,9541,24683,13152,RANDOM_FOREST,RF_09,101
0.18,0.8769922029866526,0.7324095458044649,0.8898241676019454,0.8719375161183363,0.8808808418601408,0.8034794358584578,0.8531511173284552,0.12806248388166377,0.11017583239805462,0.7223595958808672,23667,3476,1178,9514,24845,12990,RANDOM_FOREST,RF_09,101
0.185,0.8803488833091053,0.7405759775228283,0.8874859708193041,0.8775374866448071,0.8825117287320556,0.8074026802807913,0.8536190424785447,0.12246251335519287,0.11251402918069585,0.7278581132065908,23819,3324,1203,9489,25022,12813,RANDOM_FOREST,RF_09,101
0.19,0.8837319941852781,0.7493462239480149,0.8843995510662177,0.8834690343735033,0.8839342927198606,0.8112908069151902,0.8536299131565168,0.1165309656264967,0.11560044893378227,0.7333220277737861,23980,3163,1236,9456,25216,12619,RANDOM_FOREST,RF_09,101
0.195,0.8871679661688913,0.7580969219641566,0.8822484100261878,0.8891058468113325,0.8856771284187601,0.8154743894532094,0.8542681711977687,0.11089415318866742,0.1177515899738122,0.7392669207901341,24133,3010,1259,9433,25392,12443,RANDOM_FOREST,RF_09,101
0.2,0.8902339104004229,0.7663977837529536,0.8797231575009353,0.8943742401355782,0.8870486988182568,0.8191595906814719,0.8544539525081303,0.10562575986442177,0.12027684249906472,0.7445283227251301,24276,2867,1286,9406,25562,12273,RANDOM_FOREST,RF_09,101
0.205,0.8926126602352319,0.7735864630623195,0.8765432098765432,0.898942637144015,0.8877429235102792,0.8218529398868769,0.8538163001293662,0.10105736285598498,0.12345679012345678,0.7484022477175785,24400,2743,1320,9372,25720,12115,RANDOM_FOREST,RF_09,101
0.21,0.8949121184088806,0.7799266422140714,0.8750467639356528,0.9027373540139263,0.8888920589747895,0.8247531734837801,0.8542107954130451,0.09726264598607376,0.12495323606434718,0.7525951056625281,24503,2640,1336,9356,25839,11996,RANDOM_FOREST,RF_09,101
0.215,0.897105854367649,0.7866115841834584,0.8726150392817059,0.9067531223519876,0.8896840808168467,0.8273843834523124,0.8539420454337441,0.09324687764801239,0.12738496071829405,0.7564339066471533,24612,2531,1362,9330,25974,11861,RANDOM_FOREST,RF_09,101
0.22,0.8994581736487379,0.7941076003415883,0.8697156752712308,0.9111741517149909,0.890444913493111,0.8301937327024372,0.8534637835456514,0.08882584828500903,0.13028432472876916,0.7605741598992737,24732,2411,1393,9299,26125,11710,RANDOM_FOREST,RF_09,101
0.225,0.9013876040703053,0.8001207208760887,0.8678451178451179,0.9146004494713186,0.8912227836582183,0.8326080129211719,0.8533983261289433,0.08539955052868142,0.13215488215488216,0.764142474636057,24825,2318,1413,9279,26238,11597,RANDOM_FOREST,RF_09,101
0.23,0.9034491872604731,0.806924217319264,0.8654133931911709,0.9184320082525882,0.8919227007218795,0.8351459903425245,0.853046925417166,0.08156799174741186,0.13458660680882903,0.767936503304565,24929,2214,1439,9253,26368,11467,RANDOM_FOREST,RF_09,101
0.235,0.9056693537729615,0.8138715078875474,0.8637298915076693,0.922189883211141,0.8929598873594051,0.8380598030763647,0.8532754319504758,0.077810116788859,0.1362701084923307,0.7722741593461317,25031,2112,1457,9235,26488,11347,RANDOM_FOREST,RF_09,101
0.24,0.9072551869961676,0.8193863939528679,0.8617658062102507,0.9251740780311682,0.8934699421207095,0.8400419382777956,0.8529428100642439,0.07482592196883174,0.13823419378974935,0.7752844206848641,25112,2031,1478,9214,26590,11245,RANDOM_FOREST,RF_09,101
0.245,0.9085767146821726,0.8242625302609163,0.859801720912832,0.9277898537376119,0.893795787325222,0.8416571297779813,0.8524508076630627,0.07221014626238809,0.14019827908716798,0.7777757869700527,25183,1960,1499,9193,26682,11153,RANDOM_FOREST,RF_09,101
0.25,0.9099246729218977,0.8294138929088278,0.8576505798728021,0.9305161551781307,0.8940833675254665,0.8432959352584146,0.8518504756242569,0.06948384482186935,0.1423494201271979,0.7803335994066346,25257,1886,1522,9170,26779,11056,RANDOM_FOREST,RF_09,101
0.255,0.911325492269063,0.8346255586974368,0.8557800224466892,0.933205614707291,0.89449281857699,0.8450704225352114,0.8514637732407736,0.06679438529270898,0.1442199775533109,0.7830920107170647,25330,1813,1542,9150,26872,10963,RANDOM_FOREST,RF_09,101
0.26,0.9120655477732259,0.8383717724892034,0.8533482977927422,0.9351950779206425,0.8942716878566923,0.8457937427578216,0.8503103390430746,0.06480492207935748,0.14665170220725776,0.7843577147932812,25384,1759,1568,9124,26952,10883,RANDOM_FOREST,RF_09,101
0.265,0.9134663671203912,0.8432352396816584,0.8522259633370745,0.9375898021589361,0.8949078827480053,0.8477067634198531,0.8504125135326838,0.062410197841064,0.14777403666292555,0.7872936091620537,25449,1694,1580,9112,27029,10806,RANDOM_FOREST,RF_09,101
0.27,0.9145764503766354,0.8475587029444651,0.8507295173961841,0.939726633017721,0.8952280752069526,0.849141150112024,0.8500934579439251,0.06027336698227904,0.14927048260381592,0.7895636877965694,25507,1636,1596,9096,27103,10732,RANDOM_FOREST,RF_09,101
0.275,0.9156865336328797,0.8520743382767035,0.8490460157126823,0.9419371476992227,0.8954915817059526,0.8505574814953621,0.8496499569465763,0.058062852300777366,0.15095398428731763,0.7918384315701099,25567,1576,1614,9078,27181,10654,RANDOM_FOREST,RF_09,101
0.28,0.9170080613188847,0.8568323568323568,0.8480172091283202,0.9441845042920827,0.8961008567102015,0.8524019930431513,0.8497656982193064,0.05581549570791733,0.15198279087167976,0.7946998646851551,25628,1515,1625,9067,27253,10582,RANDOM_FOREST,RF_09,101
0.285,0.9177216862693274,0.8603213844252163,0.8462401795735129,0.9458792322145673,0.89605970589404,0.8532226884813051,0.8490194238528668,0.054120767785432705,0.1537598204264871,0.796120243900736,25674,1469,1644,9048,27318,10517,RANDOM_FOREST,RF_09,101
0.29,0.9189110611867318,0.8647846889952153,0.8452113729891507,0.9479423792506355,0.8965768761198931,0.8548860088922524,0.8490548310721935,0.05205762074936448,0.15478862701084922,0.7987323301668682,25730,1413,1655,9037,27385,10450,RANDOM_FOREST,RF_09,101
0.295,0.9194396722611339,0.8677829099307159,0.8434343434343434,0.9493792137936116,0.8964067786139776,0.8554354012521344,0.8481941309255078,0.050620786206388386,0.15656565656565657,0.7997681496474844,25769,1374,1674,9018,27443,10392,RANDOM_FOREST,RF_09,101
0.3,0.9204440333024977,0.8721899224806201,0.8418443696221474,0.9514055189183215,0.8966249442702344,0.8567485246525794,0.8477433694996985,0.04859448108167852,0.1581556303778526,0.8019435725170542,25824,1319,1691,9001,27515,10320,RANDOM_FOREST,RF_09,101
0.305,0.9216334082199023,0.8766695914984889,0.8410026187803965,0.953394982131673,0.8971988004560347,0.8584657978901142,0.8479019330504478,0.046605017868327006,0.15899738121960344,0.8046458225516988,25878,1265,1700,8992,27578,10257,RANDOM_FOREST,RF_09,101
0.31,0.9223470331703449,0.8800980392156863,0.8395997007108118,0.9549423424087241,0.8972710215597679,0.8593720084242772,0.847398429240296,0.045057657591275835,0.16040029928918817,0.8062049509518816,25920,1223,1715,8977,27635,10200,RANDOM_FOREST,RF_09,101
0.315,0.9234835469803092,0.8844295434375308,0.8388514777403666,0.9568212798880006,0.8978363788141837,0.8610377766044256,0.847587366988603,0.043178720111999414,0.16114852225963336,0.8088344713332164,25971,1172,1723,8969,27694,10141,RANDOM_FOREST,RF_09,101
0.32,0.9245143385753931,0.8889219773674807,0.8375420875420876,0.9587739011899937,0.8981579943660407,0.8624674949436579,0.8473373452935165,0.041226098810006266,0.16245791245791247,0.8111950797488982,26024,1119,1737,8955,27761,10074,RANDOM_FOREST,RF_09,101
0.325,0.9254658385093167,0.8926576217079011,0.836887392442948,0.9603581033784032,0.8986227479106756,0.8638733346205831,0.8474768904379452,0.03964189662159673,0.163112607557052,0.8134327264077196,26067,1076,1744,8948,27811,10024,RANDOM_FOREST,RF_09,101
0.33,0.9260208801374389,0.895718439787426,0.8354844743733633,0.9616844121873043,0.8985844432803338,0.8645535930316961,0.8468743482300298,0.03831558781269572,0.16451552562663674,0.8146849337072091,26103,1040,1759,8933,27862,9973,RANDOM_FOREST,RF_09,101
0.335,0.9267080745341615,0.8989420654911838,0.8344556677890012,0.9630475629075637,0.8987516153482824,0.8654993452005626,0.8466020154479721,0.036952437092436355,0.16554433221099887,0.8162922504322164,26140,1003,1770,8922,27910,9925,RANDOM_FOREST,RF_09,101
0.34,0.9272366856085635,0.9021375747138082,0.8328656939768051,0.964410713627823,0.8986382038023141,0.8661187569907116,0.8458557343414579,0.03558928637217699,0.1671343060231949,0.8174987338224431,26177,966,1787,8905,27964,9871,RANDOM_FOREST,RF_09,101
0.345,0.9278445883441259,0.905562347188264,0.8313692480359147,0.9658475481707991,0.8986083981033569,0.8668812170860153,0.8452190780465542,0.034152451829200896,0.1686307519640853,0.8189195667518842,26216,927,1803,8889,28019,9816,RANDOM_FOREST,RF_09,101
0.35,0.9288489493854897,0.9099200655872105,0.8304339693228582,0.9676159599160005,0.8990249646194293,0.8683618581907091,0.8452004721471271,0.03238404008399956,0.1695660306771418,0.8213584017292938,26264,879,1813,8879,28077,9758,RANDOM_FOREST,RF_09,101
0.355,0.9295625743359324,0.9134645101473163,0.8293116348671904,0.9690527944589765,0.8991822146630835,0.8693563409971077,0.8448785135778942,0.030947205541023468,0.17068836513280958,0.823090588502464,26303,840,1825,8867,28128,9707,RANDOM_FOREST,RF_09,101
0.36,0.9299061715342937,0.9156327543424317,0.8282828282828283,0.9699370003315771,0.8991099143072028,0.8697701826753095,0.8443935926773456,0.030062999668422796,0.1717171717171717,0.8239167058951511,26327,816,1836,8856,28163,9672,RANDOM_FOREST,RF_09,101
0.365,0.9305669353772962,0.9192223723879821,0.8269734380845492,0.9713738348745533,0.8991736364795513,0.8706612180591797,0.8439116574722736,0.028626165125446707,0.1730265619154508,0.8255389313198618,26366,777,1850,8842,28216,9619,RANDOM_FOREST,RF_09,101
0.37,0.9312012686665786,0.9224020887728459,0.8260381593714927,0.9726264598607376,0.8993323096161152,0.8715646124241377,0.8436658196893567,0.027373540139262426,0.1739618406285073,0.8271178129497647,26400,743,1860,8832,28260,9575,RANDOM_FOREST,RF_09,101
0.375,0.9319413241707414,0.9260892388451444,0.8250093527871306,0.9740632944037136,0.8995363235954221,0.8726319434139586,0.8434207255273173,0.025936705596286334,0.17499064721286944,0.8289765324482896,26439,704,1871,8821,28310,9525,RANDOM_FOREST,RF_09,101
0.38,0.9320470463856217,0.9279165349351881,0.8235129068462402,0.9748001326308809,0.8991565197385606,0.8726029433625688,0.8424708651472532,0.02519986736911911,0.17648709315375982,0.829230956610368,26459,684,1887,8805,28346,9489,RANDOM_FOREST,RF_09,101
0.385,0.9323113519228228,0.9297114469929183,0.8226711560044894,0.9755001289466898,0.8990856424755895,0.8729221455862651,0.8420609240077351,0.024499871053310245,0.17732884399551066,0.8298998660257646,26478,665,1896,8796,28374,9461,RANDOM_FOREST,RF_09,101
0.39,0.9324963657988635,0.9315867628341111,0.8214552936775159,0.976236967173857,0.8988461304256865,0.8730616302186878,0.8413479960150204,0.023763032826143022,0.1785447063224841,0.8303693384788234,26498,645,1909,8783,28407,9428,RANDOM_FOREST,RF_09,101
0.395,0.9327078102286243,0.9333900829963823,0.8204264870931538,0.9769369634896659,0.8986817252914099,0.8732702837232454,0.8407775179235517,0.023063036510334155,0.17957351290684623,0.8309121581013638,26517,626,1920,8772,28437,9398,RANDOM_FOREST,RF_09,101
0.4,0.933157129641866,0.9360111099241534,0.8194912083800973,0.9779316950963416,0.8987114517382194,0.8738842068518426,0.84041512401926,0.022068304903658402,0.18050879161990274,0.8320735956351549,26544,599,1930,8762,28474,9361,RANDOM_FOREST,RF_09,101
0.405,0.9334478657327872,0.9379554222031719,0.8186494575383464,0.9786685333235088,0.8986589954309276,0.8742508989212945,0.8400191938579653,0.021331466676491176,0.18135054246165358,0.83283182141574,26564,579,1939,8753,28503,9332,RANDOM_FOREST,RF_09,101
0.41,0.9338707545923087,0.9402279079767792,0.8179947624392069,0.9795158972847511,0.898755329861979,0.8748624587376213,0.8398309967351643,0.020484102715248868,0.18200523756079312,0.8339365512047189,26587,556,1946,8746,28533,9302,RANDOM_FOREST,RF_09,101
0.415,0.9340029073609092,0.9413982548745018,0.8173400673400674,0.9799580002210515,0.8986490337805595,0.8749937421777222,0.8394651399588866,0.020041999778948532,0.18265993265993266,0.8342892875140394,26599,544,1953,8739,28552,9283,RANDOM_FOREST,RF_09,101
0.42,0.9343465045592705,0.943579766536965,0.8164983164983165,0.9807685222709354,0.8986334193846259,0.8754512635379061,0.8391003460207613,0.019231477729064583,0.1835016835016835,0.8351998011649129,26621,522,1962,8730,28583,9252,RANDOM_FOREST,RF_09,101
0.425,0.9345050878815911,0.9453480806766428,0.8153759820426487,0.9814316766753859,0.8984038293590173,0.8755649291955409,0.8384304673975765,0.01856832332461408,0.18462401795735128,0.8356369625427206,26639,504,1974,8718,28613,9222,RANDOM_FOREST,RF_09,101
0.43,0.9349015461873926,0.9476661951909476,0.8146277590722035,0.9822790406366282,0.8984533998544159,0.8761253331992154,0.8381608575992608,0.01772095936337177,0.18537224092779647,0.8366960434798019,26662,481,1982,8710,28644,9191,RANDOM_FOREST,RF_09,101
0.435,0.9351129906171535,0.9490786173808745,0.8140665918443696,0.9827948273956453,0.8984307096200075,0.8764033630368021,0.8379060051213925,0.017205172604354713,0.18593340815563036,0.8372679261147189,26676,467,1988,8704,28664,9171,RANDOM_FOREST,RF_09,101
0.44,0.9354037267080745,0.9506118881118881,0.813692480359147,0.9833474560660207,0.8985199682125838,0.8768393469058657,0.8378274268104777,0.016652543933979295,0.186307519640853,0.8380466393911898,26691,452,1992,8700,28683,9152,RANDOM_FOREST,RF_09,101
0.445,0.9356151711378353,0.9521358159912376,0.8130377852600075,0.9839000847363961,0.8984689349982018,0.8771062455857128,0.8375081891402365,0.016099915263603874,0.18696221473999253,0.8386267260455834,26706,437,1999,8693,28705,9130,RANDOM_FOREST,RF_09,101
0.45,0.9360116294436368,0.9545004945598418,0.8122895622895623,0.9847474486976384,0.8985185054936004,0.8776716689404274,0.8372375498872114,0.015252551302361566,0.18771043771043772,0.8397053051693985,26729,414,2007,8685,28736,9099,RANDOM_FOREST,RF_09,101
0.455,0.9362495044271177,0.9559471365638766,0.811821922933034,0.9852632354566555,0.8985425791948447,0.8780093060894194,0.8370621817620737,0.01473676454334451,0.18817807706696596,0.8403563979474277,26743,400,2012,8680,28755,9080,RANDOM_FOREST,RF_09,101
0.46,0.9361702127659575,0.9567376669241806,0.8107931163486719,0.9855579707475224,0.8981755435480971,0.8777400901128942,0.8363078585347972,0.014442029252477619,0.1892068836513281,0.8401847428590484,26751,392,2023,8669,28774,9061,RANDOM_FOREST,RF_09,101
0.465,0.9363023655345579,0.9583794553907461,0.8097643097643098,0.9861474413292561,0.8979558755467829,0.8778262192030821,0.835682019999228,0.013852558670743838,0.19023569023569023,0.8405808437286176,26767,376,2034,8658,28801,9034,RANDOM_FOREST,RF_09,101
0.47,0.9361702127659575,0.958966396806033,0.8087355031799476,0.9863684927974063,0.897551997988677,0.8774671469886853,0.8348942744037849,0.01363150720259367,0.19126449682005237,0.840271011632117,26773,370,2045,8647,28818,9017,RANDOM_FOREST,RF_09,101
0.475,0.9360909211047972,0.9597688375194487,0.8077066965955855,0.9866632280882732,0.8971849623419293,0.8771965464702896,0.8341382374531545,0.01333677191172678,0.19229330340441453,0.8401042048205015,26781,362,2056,8636,28837,8998,RANDOM_FOREST,RF_09,101
0.48,0.9363816571957182,0.9613542710769574,0.8073325851103629,0.9872158567586486,0.8972742209345057,0.8776371308016877,0.8340580130249097,0.012784143241351362,0.19266741488963712,0.8409046001456509,26796,347,2060,8632,28856,8979,RANDOM_FOREST,RF_09,101
0.485,0.936593101625479,0.9629340180864129,0.8066778900112234,0.9877684854290241,0.8972231877201238,0.8779072726347397,0.8337361043982601,0.012231514570975942,0.19332210998877666,0.8415077949212961,26811,332,2067,8625,28878,8957,RANDOM_FOREST,RF_09,101
0.49,0.936566671071759,0.963758389261745,0.8058361391694725,0.9880632207198909,0.8969496799446817,0.8777506112469438,0.8331399396611743,0.011936779280109052,0.1941638608305275,0.8414798897358751,26819,324,2076,8616,28895,8940,RANDOM_FOREST,RF_09,101
0.495,0.9368574071626801,0.9651540616246499,0.8056490834268613,0.9885421655675496,0.8970956244972055,0.8782178722536575,0.8331882459907534,0.011457834432450355,0.1943509165731388,0.842277767859833,26832,311,2078,8614,28910,8925,RANDOM_FOREST,RF_09,101
0.5,0.9369102682701203,0.9661016949152542,0.8049943883277216,0.9888737427697749,0.8969340655487483,0.878220498954135,0.8327689300849508,0.011126257230225103,0.19500561167227834,0.8424576844396678,26841,302,2085,8607,28926,8909,RANDOM_FOREST,RF_09,101
0.505,0.9368838377164002,0.9668315718461884,0.8042461653572764,0.9891316361492835,0.8966889007532799,0.878076176861023,0.8322364600673609,0.010868363850716576,0.19575383464272353,0.8424286224721372,26848,295,2093,8599,28941,8894,RANDOM_FOREST,RF_09,101
0.51,0.9370159904850006,0.9680072096428973,0.8036849981294426,0.9895368971742254,0.896610947651834,0.8782257652409422,0.8319295188304772,0.010463102825774602,0.19631500187055742,0.8428216831095018,26859,284,2099,8593,28958,8877,RANDOM_FOREST,RF_09,101
0.515,0.9369895599312805,0.9687429474159333,0.8029367751589974,0.989794790553734,0.8963657828563657,0.8780812110054209,0.8313964749176835,0.010205209446266073,0.1970632248410026,0.8427949875348978,26866,277,2107,8585,28973,8862,RANDOM_FOREST,RF_09,101
0.52,0.9371217126998811,0.9699265121537591,0.8023756079311635,0.9902000515786759,0.8962878297549197,0.8782310487792394,0.831089066708,0.009799948421324098,0.1976243920688365,0.843191272765596,26877,266,2113,8579,28990,8845,RANDOM_FOREST,RF_09,101
0.525,0.9370424210387207,0.970554926387316,0.8015338570894126,0.9904211030468261,0.8959774800681193,0.8779838131339002,0.8304585449048413,0.00957889695317393,0.19846614291058737,0.8430281854820856,26883,260,2122,8570,29005,8830,RANDOM_FOREST,RF_09,101
0.53,0.9371745738073213,0.9718533651117921,0.8008791619902731,0.9908632059831264,0.8958711839866997,0.8781213146695381,0.8300858876674615,0.009136794016873595,0.1991208380097269,0.8434338964836261,26895,248,2129,8563,29024,8811,RANDOM_FOREST,RF_09,101
0.535,0.9372274349147615,0.9723957741678974,0.8005985783763562,0.9910474155399183,0.8958229969581373,0.8781738907412158,0.8299237943805627,0.008952584460081788,0.19940142162364385,0.8435980909145866,26900,243,2132,8560,29032,8803,RANDOM_FOREST,RF_09,101
0.54,0.9374124487908022,0.9737081720919645,0.8001309390198279,0.9914895184762186,0.8958102287480232,0.8784269432179895,0.829712534429918,0.008510481523781454,0.1998690609801721,0.8441394840943831,26912,231,2137,8555,29049,8786,RANDOM_FOREST,RF_09,101
0.545,0.9375181710056826,0.9743677375256322,0.7999438832772167,0.9917105699443687,0.8958272266107927,0.8785824345146379,0.8296473053195205,0.008289430055631286,0.2000561167227834,0.8444440549873167,26918,225,2139,8553,29057,8778,RANDOM_FOREST,RF_09,101
0.55,0.9374653098982424,0.9749030344512891,0.799289188178077,0.9918947795011606,0.8955919838396188,0.8784047692465823,0.8291613303838241,0.00810522049883948,0.20071081182192294,0.8443453141789589,26923,220,2146,8546,29069,8766,RANDOM_FOREST,RF_09,101
0.555,0.9375446015594027,0.9755624072170834,0.7990086045641601,0.9921158309693107,0.8955622177667354,0.8785027507841021,0.8290150412421154,0.007884169030689312,0.20099139543583988,0.844584790440891,26929,214,2149,8543,29078,8757,RANDOM_FOREST,RF_09,101
0.56,0.9374653098982424,0.9757714285714286,0.7985409652076318,0.9921895147920274,0.8953652399998296,0.8783047011624319,0.8286424162428666,0.0078104852079725895,0.20145903479236812,0.8444001805986561,26931,212,2154,8538,29085,8750,RANDOM_FOREST,RF_09,101
0.565,0.9374917404519625,0.9766456783056668,0.7978862701084923,0.9924842500828943,0.8951852600956933,0.8782622123848253,0.8282041822806439,0.007515749917105699,0.20211372989150767,0.8445224180083925,26939,204,2161,8531,29100,8735,RANDOM_FOREST,RF_09,101
0.57,0.9374653098982424,0.9771893626776708,0.7973251028806584,0.9926684596396861,0.8949967812601722,0.8781417387721466,0.8277984929697817,0.007331540360313893,0.20267489711934156,0.8444920395719189,26944,199,2167,8525,29111,8724,RANDOM_FOREST,RF_09,101
0.575,0.9377031848817232,0.9783082749913922,0.7972315750093528,0.9930368787532697,0.8951342268813113,0.8785364596753413,0.8278782463433112,0.00696312124673028,0.2027684249906472,0.8451593268938453,26954,189,2168,8524,29122,8713,RANDOM_FOREST,RF_09,101
0.58,0.9377031848817232,0.9787478460654796,0.7968574635241302,0.9931842463987032,0.8950208549614167,0.8784863638707018,0.8276183630252755,0.006815753601296835,0.2031425364758698,0.8451889075524553,26958,185,2172,8520,29130,8705,RANDOM_FOREST,RF_09,101
0.585,0.9377031848817232,0.9792984473835538,0.796389824167602,0.9933684559554949,0.8948791400615485,0.878423685975138,0.8272933952548434,0.006631544044505029,0.20361017583239804,0.845226333755539,26963,180,2177,8515,29140,8695,RANDOM_FOREST,RF_09,101
0.59,0.9376767543280031,0.9799585348997927,0.7957351290684624,0.9935895074236452,0.8946623182460538,0.8782904924125117,0.8268221574344022,0.006410492576354862,0.20426487093153758,0.8452059381199339,26969,174,2184,8508,29153,8682,RANDOM_FOREST,RF_09,101
0.595,0.9378089070966037,0.9809666628215481,0.7953610175832398,0.9939210846258704,0.894641051104555,0.8784670213315429,0.8266423002896749,0.00607891537412961,0.2046389824167602,0.8456053383331985,26978,165,2188,8504,29166,8669,RANDOM_FOREST,RF_09,101
0.6,0.937888198757764,0.9817509817509817,0.7949869060980173,0.9941789780053789,0.8945829420516981,0.8785529715762274,0.8264302103994089,0.005821021994621081,0.2050130939019828,0.8458582553317983,26985,158,2192,8500,29177,8658,RANDOM_FOREST,RF_09,101
0.605,0.937888198757764,0.9821965317919075,0.7946127946127947,0.9943263456508123,0.8944695701318035,0.8785027401509669,0.8261698237971138,0.005673654349187636,0.2053872053872054,0.8458902093930023,26989,154,2196,8496,29185,8650,RANDOM_FOREST,RF_09,101
0.61,0.9379146293114841,0.9832039847098344,0.7938645716423495,0.9946579228530377,0.8942612472476936,0.8784476067270377,0.825664870333262,0.005342077146962385,0.20613542835765059,0.8460291301416888,26998,145,2204,8488,29202,8633,RANDOM_FOREST,RF_09,101
0.615,0.9380732126338047,0.9843369300382875,0.7934904601571269,0.9950263419666212,0.894258401061874,0.878670187975765,0.8255006129955047,0.004973658033378772,0.20650953984287318,0.846506957664393,27008,135,2208,8484,29216,8619,RANDOM_FOREST,RF_09,101
0.62,0.9382317959561253,0.9855864233406951,0.7930228208005986,0.9954316029915632,0.8942272118960809,0.878880538999741,0.8252710673337097,0.004568397008436797,0.20697717919940142,0.8469948431024901,27019,124,2213,8479,29232,8603,RANDOM_FOREST,RF_09,101
0.625,0.9381260737412449,0.9856926834942422,0.7925551814440703,0.9954684449029215,0.894011813173496,0.8786354917310385,0.8248807553781758,0.004531555097078436,0.20744481855592967,0.8467405194221643,27020,123,2218,8474,29238,8597,RANDOM_FOREST,RF_09,101
0.63,0.9380203515263644,0.9859122132960764,0.7919940142162364,0.9955421287256383,0.8937680714709373,0.8783776775063533,0.8244251027123858,0.004457871274361714,0.20800598578376356,0.8464949147923833,27022,121,2224,8468,29246,8589,RANDOM_FOREST,RF_09,101
0.635,0.9380732126338047,0.9865951742627346,0.7916199027310138,0.9957631801937884,0.8936915414624012,0.8784183488142805,0.8241961555689719,0.0042368198062115465,0.20838009726898615,0.8466787704880855,27028,115,2228,8464,29256,8579,RANDOM_FOREST,RF_09,101
0.64,0.9380467820800846,0.9872752743404156,0.7909652076318743,0.9959842316619386,0.8934747196469064,0.8782843493613044,0.8237230685315775,0.004015768338061379,0.2090347923681257,0.8466662561100889,27034,109,2235,8457,29269,8566,RANDOM_FOREST,RF_09,101
0.645,0.9379939209726443,0.9873861247372109,0.7906846240179574,0.9960210735732969,0.8933528487956272,0.878155188532253,0.8234950321449446,0.003978926426703017,0.20931537598204264,0.8465438632066943,27035,108,2238,8454,29273,8562,RANDOM_FOREST,RF_09,101
0.65,0.9379146293114841,0.9877236057523676,0.7901234567901234,0.996131599307372,0.8931275280487477,0.8779423226812159,0.8230548898111884,0.0038684006926279334,0.20987654320987653,0.8463738670556966,27038,105,2244,8448,29282,8553,RANDOM_FOREST,RF_09,101
0.655,0.9377031848817232,0.9880548073544911,0.7890946502057613,0.9962421250414472,0.8926683876236042,0.877437470750351,0.8222074960531701,0.0037578749585528495,0.2109053497942387,0.8458759221041776,27041,102,2255,8437,29296,8539,RANDOM_FOREST,RF_09,101
0.66,0.9376238932205629,0.9882794186591655,0.788627010849233,0.9963158088641638,0.8924714098566984,0.8772367873491468,0.8218323586744639,0.0036841911358361274,0.21137298915076694,0.8456973184925972,27043,100,2260,8432,29303,8532,RANDOM_FOREST,RF_09,101
0.665,0.937650323774283,0.9890832257307196,0.7880658436213992,0.9965737022436724,0.8923197729325358,0.8772057675290199,0.8214557295221011,0.0034262977563275982,0.21193415637860083,0.8458277424824313,27050,93,2266,8426,29316,8519,RANDOM_FOREST,RF_09,101
0.67,0.9375974626668429,0.9890806622050018,0.7878787878787878,0.9965737022436724,0.8922262450612302,0.8770888645947212,0.8212927756653993,0.0034262977563275982,0.21212121212121213,0.8456965335588293,27050,93,2268,8424,29318,8517,RANDOM_FOREST,RF_09,101
0.675,0.9375710321131228,0.9896543616270868,0.787317620650954,0.9967579118004642,0.8920377662257091,0.8769663506615273,0.8208838787689667,0.0032420881995357917,0.21268237934904602,0.8456779033054729,27055,88,2274,8418,29329,8506,RANDOM_FOREST,RF_09,101
0.68,0.9373860182370821,0.9896458406871397,0.7866629255518145,0.9967579118004642,0.8917104186761393,0.876556719295503,0.82031326194238,0.0032420881995357917,0.21333707444818556,0.8452188108688051,27055,88,2281,8411,29336,8499,RANDOM_FOREST,RF_09,101
0.685,0.9374124487908022,0.9902237926972909,0.7862888140665918,0.996942121357256,0.8916154677119239,0.8765509331665102,0.8200671114752818,0.0030578786427439856,0.21371118593340815,0.8453320377739596,27060,83,2285,8407,29345,8490,RANDOM_FOREST,RF_09,101
0.69,0.9372802960222016,0.9903336083932571,0.785727646838758,0.9969789632686143,0.8913533050536862,0.8762451108213821,0.8195937640241165,0.0030210367313856243,0.21427235316124205,0.8450138302321014,27061,82,2291,8401,29352,8483,RANDOM_FOREST,RF_09,101
0.695,0.9372274349147615,0.9905626990680665,0.7853535353535354,0.9970526470913311,0.8912030912224332,0.8761020397516824,0.8192994438481803,0.0029473529086689017,0.21464646464646464,0.8449020177171515,27063,80,2295,8397,29358,8477,RANDOM_FOREST,RF_09,101
0.7,0.9370688515924409,0.9909037212049616,0.7845117845117845,0.9971631728254062,0.8908374786685953,0.87571122827165,0.8186130033376925,0.002836827174593818,0.21548821548821548,0.8445378970909313,27066,77,2304,8388,29370,8465,RANDOM_FOREST,RF_09,101
0.705,0.9367781155015198,0.9910080454330336,0.7833894500561167,0.9972000147367646,0.8902947323964406,0.8750522356874217,0.8176493557204216,0.0027999852632354565,0.2166105499438833,0.8438267177900031,27067,76,2316,8376,29383,8452,RANDOM_FOREST,RF_09,101
0.71,0.9367781155015198,0.9913568553161259,0.7831088664421998,0.9973105404708397,0.8902097034565197,0.8750130630159891,0.8174522591478892,0.002689459529160373,0.21689113355780024,0.8438563367741402,27070,73,2319,8373,29389,8446,RANDOM_FOREST,RF_09,101
0.715,0.9367781155015198,0.9919393077287814,0.7826412270856715,0.9974947500276314,0.8900679885566515,0.8749477206189877,0.8171236622138894,0.0025052499723685665,0.21735877291432848,0.8439061274390733,27075,68,2324,8368,29399,8436,RANDOM_FOREST,RF_09,101
0.72,0.9366988238403594,0.9920531372316451,0.7822671156004489,0.9975315919389898,0.8898993537697193,0.874758144642577,0.8168128283755542,0.002468408061010205,0.21773288439955107,0.8437196381784399,27076,67,2328,8364,29404,8431,RANDOM_FOREST,RF_09,101
0.725,0.936593101625479,0.9925169260007127,0.7815188926300037,0.9976789595844232,0.8895989261072135,0.8744702004081419,0.8162228690878544,0.00232104041557676,0.21848110736999626,0.8434980481650853,27080,63,2336,8356,29416,8419,RANDOM_FOREST,RF_09,101
0.73,0.9364873794105987,0.9930993456276026,0.7806771417882529,0.9978631691412151,0.889270155464734,0.874168717599623,0.8155668028061673,0.002136830858784954,0.2193228582117471,0.8432872083484064,27085,58,2345,8347,29430,8405,RANDOM_FOREST,RF_09,101
0.735,0.936328796088278,0.9934469200524246,0.779835390946502,0.9979736948752901,0.888904542910896,0.8737752161383284,0.8148785207482262,0.00202630512470987,0.22016460905349794,0.8429254076072619,27088,55,2354,8338,29442,8393,RANDOM_FOREST,RF_09,101
0.74,0.9362759349808378,0.993562999165574,0.7795548073325851,0.9980105367866485,0.8887826720596168,0.873643938996908,0.8146490216392673,0.0019894632133515087,0.22044519266741489,0.8428048832684644,27089,54,2357,8335,29446,8389,RANDOM_FOREST,RF_09,101
0.745,0.9361702127659575,0.994031276113167,0.7788065843621399,0.998157904432082,0.888482244397111,0.8733546593948293,0.8140580701925897,0.0018420955679180637,0.22119341563786007,0.8425849188202854,27093,50,2365,8327,29458,8377,RANDOM_FOREST,RF_09,101
0.75,0.9360380599973569,0.9940277114190158,0.7783389450056116,0.998157904432082,0.8882484247188468,0.8730591691145615,0.8136488071959326,0.0018420955679180637,0.22166105499438832,0.84225772637738,27093,50,2370,8322,29463,8372,RANDOM_FOREST,RF_09,101
0.755,0.9359851988899167,0.9941443594646272,0.7780583613916947,0.9981947463434403,0.8881265538675676,0.8729275970619098,0.8134191176470588,0.0018052536565597024,0.22194163860830526,0.8421373957667446,27094,49,2373,8319,29467,8368,RANDOM_FOREST,RF_09,101
0.76,0.9359059072287564,0.994142259414226,0.7777777777777778,0.9981947463434403,0.887986262060609,0.8727501705410086,0.8131734887450375,0.0018052536565597024,0.2222222222222222,0.8419410830461375,27094,49,2376,8316,29470,8365,RANDOM_FOREST,RF_09,101
0.765,0.9357208933527157,0.9942556247008137,0.7770295548073326,0.9982315882547986,0.8876305715310656,0.872322553548929,0.8125342304983961,0.001768411745201341,0.22297044519266743,0.8414936176242396,27095,48,2384,8308,29479,8356,RANDOM_FOREST,RF_09,101
0.77,0.9356416016915554,0.9944903581267218,0.7765619154508043,0.9983052720775154,0.8874335937641599,0.8721180610262067,0.8121564254553278,0.0016947279224846185,0.22343808454919567,0.8413186338428038,27097,46,2389,8303,29486,8349,RANDOM_FOREST,RF_09,101
0.775,0.935535879476675,0.9944877171959257,0.7761878039655817,0.9983052720775154,0.8872465380215486,0.8718810736985868,0.8118286932874219,0.0016947279224846185,0.22381219603441826,0.8410569058613094,27097,46,2393,8299,29490,8345,RANDOM_FOREST,RF_09,101
0.78,0.9353508656006343,0.9944830894698968,0.7755331088664422,0.9983052720775154,0.8869191904719789,0.8714661061481871,0.811255038547333,0.0016947279224846185,0.2244668911335578,0.8405988567586617,27097,46,2400,8292,29497,8338,RANDOM_FOREST,RF_09,101
0.785,0.9352187128320338,0.994954954954955,0.7746913580246914,0.9984526397229488,0.8865719988738201,0.8711153178734815,0.8105807057718278,0.0015473602770511735,0.22530864197530864,0.8403148939753289,27101,42,2409,8283,29510,8325,RANDOM_FOREST,RF_09,101
0.79,0.9351129906171535,0.9950715230195937,0.7742237186681631,0.9984894816343072,0.8863566001512351,0.8708642364946609,0.8101865445220896,0.0015105183656928122,0.2257762813318369,0.8400640829510662,27102,41,2414,8278,29516,8319,RANDOM_FOREST,RF_09,101
0.795,0.9349279767411127,0.9951865222623345,0.7734754956977179,0.9985263235456655,0.8860009096216916,0.8704346910851488,0.8095461842671993,0.0014736764543344509,0.22652450430228208,0.8396170653758737,27103,40,2422,8270,29525,8310,RANDOM_FOREST,RF_09,101
0.8,0.9349279767411127,0.9954249939802552,0.7732884399551067,0.9986000073683823,0.8859442236617445,0.8704074113064533,0.8094137917531425,0.0013999926316177282,0.22671156004489337,0.8396390064995161,27105,38,2424,8268,29529,8306,RANDOM_FOREST,RF_09,101
0.805,0.9347693934187922,0.9955410942395758,0.772633744855967,0.9986368492797406,0.8856352970678538,0.8700368615060557,0.8088552069870364,0.0013631507202593672,0.2273662551440329,0.8392575660623518,27106,37,2431,8261,29537,8298,RANDOM_FOREST,RF_09,101
0.81,0.9346372406501916,0.9957775364941489,0.7719790497568275,0.9987105331024574,0.8853447914296424,0.8697118170802381,0.8083122784339071,0.0012894668975426446,0.22802095024317245,0.8389526895093452,27108,35,2438,8254,29546,8289,RANDOM_FOREST,RF_09,101
0.815,0.9345315184353112,0.9958952070505855,0.7715114104002992,0.9987473750138157,0.8851293927070575,0.869459815546772,0.807917572623455,0.0012526249861842832,0.2284885895997007,0.838702213393699,27109,34,2443,8249,29552,8283,RANDOM_FOREST,RF_09,101
0.82,0.934478657327871,0.9960140113540282,0.7712308267863823,0.998784216925174,0.8850075218557782,0.8693268673238099,0.8076870335181304,0.001215783074825922,0.22876917321361767,0.8385825832382289,27110,33,2446,8246,29556,8279,RANDOM_FOREST,RF_09,101
0.825,0.934452226774151,0.9962533236644912,0.7709502431724654,0.9988579007478908,0.8849040719601782,0.8692396920805653,0.8074722777320638,0.0011420992521091993,0.22904975682753462,0.8385396070955189,27112,31,2449,8243,29561,8274,RANDOM_FOREST,RF_09,101
0.83,0.9343993656667107,0.9963724304715841,0.7706696595585485,0.9988947426592492,0.8847822011088988,0.8691066343212741,0.8072416630745719,0.0011052573407508383,0.22933034044145156,0.838420082359564,27113,30,2452,8240,29565,8270,RANDOM_FOREST,RF_09,101
0.835,0.9342936434518303,0.9963706750544399,0.7702955480733259,0.9988947426592492,0.8845951453662875,0.8688680240531701,0.8069130383665791,0.0011052573407508383,0.22970445192667416,0.8381585371095182,27113,30,2456,8236,29569,8266,RANDOM_FOREST,RF_09,101
0.84,0.93421435179067,0.9963693573762556,0.7700149644594089,0.9988947426592492,0.8844548535593291,0.8686890002637826,0.8066665360271208,0.0011052573407508383,0.2299850355405911,0.8379623710542153,27113,30,2459,8233,29572,8263,RANDOM_FOREST,RF_09,101
0.845,0.93421435179067,0.9967300472326511,0.769734380845492,0.9990052683933243,0.884369824619408,0.8686474220275476,0.8064674179323861,0.0009947316066757543,0.23026561915450805,0.8379963654478719,27116,27,2462,8230,29578,8257,RANDOM_FOREST,RF_09,101
0.85,0.9340293379146293,0.9968477206595538,0.7689861578750468,0.9990421103046826,0.8840141340898646,0.8682154171066526,0.805825623333856,0.000957889695317393,0.23101384212495324,0.837550132045964,27117,26,2470,8222,29587,8248,RANDOM_FOREST,RF_09,101
0.855,0.9338707545923087,0.9968454258675079,0.7684249906472129,0.9990421103046826,0.8837335504759478,0.8678567656068449,0.8053322877867086,0.000957889695317393,0.23157500935278713,0.837157869077328,27117,26,2476,8216,29593,8242,RANDOM_FOREST,RF_09,101
0.86,0.9337914629311485,0.9969649144105864,0.7680508791619902,0.9990789522160409,0.8835649156890155,0.8676633736594644,0.8050191157729633,0.0009210477839590318,0.23194912083800973,0.8369732036863071,27118,25,2480,8212,29598,8237,RANDOM_FOREST,RF_09,101
0.865,0.9336328796088278,0.9973252279635259,0.7672091283202395,0.999189477950116,0.8831993031351777,0.867262250885447,0.80432608397231,0.0008105220498839479,0.23279087167976056,0.836615579299055,27121,22,2489,8203,29610,8225,RANDOM_FOREST,RF_09,101
0.87,0.9335007268402273,0.9974446337308348,0.7666479610924055,0.9992263198614744,0.8829371404769399,0.8669487043892121,0.8038481151688699,0.0007736801385255867,0.23335203890759446,0.8363003583026906,27122,21,2495,8197,29617,8218,RANDOM_FOREST,RF_09,101
0.875,0.9333950046253469,0.997564539698003,0.7661803217358772,0.9992631617728328,0.882721741754355,0.8666948793906051,0.803452334248725,0.0007368382271672254,0.2338196782641227,0.8360505537348291,27123,20,2500,8192,29623,8212,RANDOM_FOREST,RF_09,101
0.88,0.9332892824104665,0.9978059483178937,0.7656191545080434,0.9993368455955495,0.8824780000517964,0.8664267569856055,0.8029898767951033,0.0006631544044505029,0.2343808454919566,0.8358125227305684,27125,18,2506,8186,29631,8204,RANDOM_FOREST,RF_09,101
0.885,0.9331042685344259,0.9978040746614615,0.7649644594089039,0.9993368455955495,0.8821506525022267,0.8660066705489967,0.8024134209751791,0.0006631544044505029,0.23503554059109616,0.8353550167409363,27125,18,2513,8179,29638,8197,RANDOM_FOREST,RF_09,101
0.89,0.9329721157658253,0.997802734375,0.7644968200523756,0.9993368455955495,0.8819168328239626,0.8657064181317518,0.8020015698587127,0.0006631544044505029,0.2355031799476244,0.8350282056622083,27125,18,2518,8174,29643,8192,RANDOM_FOREST,RF_09,101
0.895,0.9328399629972248,0.9979230299328039,0.7639356528245417,0.9993736875069078,0.8816546701657247,0.8653917465698999,0.8015229721508056,0.0006263124930921416,0.2360643471754583,0.8347132057085466,27126,17,2524,8168,29650,8185,RANDOM_FOREST,RF_09,101
0.9,0.9327342407823443,0.9979220144236646,0.7635615413393191,0.9993736875069078,0.8814676144231135,0.8651512743072113,0.801193350212958,0.0006263124930921416,0.2364384586606809,0.8344517494939568,27126,17,2528,8164,29654,8181,RANDOM_FOREST,RF_09,101
0.905,0.9326549491211841,0.998164913139222,0.7630939019827909,0.9994473713296246,0.8812706366562078,0.864942224106859,0.8008126889403635,0.0005526286703754191,0.23690609801720913,0.8342794430539455,27128,15,2533,8159,29661,8174,RANDOM_FOREST,RF_09,101
0.91,0.9326020880137439,0.9982864137086903,0.7628133183688739,0.9994842132409829,0.8811487658049284,0.8648075495705652,0.8005810985904432,0.0005157867590170578,0.23718668163112608,0.8341606659911291,27129,14,2536,8156,29665,8170,RANDOM_FOREST,RF_09,101
0.915,0.9324435046914232,0.9984072531242343,0.7621586232697344,0.9995210551523414,0.8808398392110379,0.8644319507796755,0.8000196347928531,0.0004789448476586965,0.23784137673026562,0.8337805188185263,27130,13,2543,8149,29673,8162,RANDOM_FOREST,RF_09,101
0.92,0.9323113519228228,0.9984062768174574,0.7616909839132061,0.9995210551523414,0.8806060195327737,0.8641307231152846,0.7996072655866471,0.0004789448476586965,0.23830901608679386,0.8334537410510894,27130,13,2548,8144,29678,8157,RANDOM_FOREST,RF_09,101
0.925,0.9322320602616625,0.9985279685966634,0.7613168724279835,0.9995578970636997,0.8804373847458415,0.8639354701761833,0.7992930086410055,0.00044210293630033527,0.23868312757201646,0.8332697193430411,27131,12,2552,8140,29683,8152,RANDOM_FOREST,RF_09,101
0.93,0.9321263380467821,0.9986496439970538,0.7608492330714552,0.999594738975058,0.8802219860232566,0.8636797961567044,0.7988961778685626,0.00040526102494197396,0.2391507669285447,0.8330203908638935,27132,11,2557,8135,29689,8146,RANDOM_FOREST,RF_09,101
0.935,0.9320206158319017,0.9990167158308751,0.7601945379723157,0.9997052647091331,0.8799499013407244,0.863394943700871,0.7983655508407983,0.00029473529086689016,0.23980546202768424,0.8327954562529764,27135,8,2564,8128,29699,8136,RANDOM_FOREST,RF_09,101
0.94,0.9316505880798203,0.9990150209308052,0.7588851477740367,0.9997052647091331,0.8792952062415849,0.862549165515042,0.7972096679111811,0.00029473529086689016,0.24111485222596335,0.8318806143282214,27135,8,2578,8114,29713,8122,RANDOM_FOREST,RF_09,101
0.945,0.9315184353112198,0.9990144141924356,0.7584175084175084,0.9997052647091331,0.8790613865633208,0.8622467967462386,0.7967966984376535,0.00029473529086689016,0.2415824915824916,0.8315538502441899,27135,8,2583,8109,29718,8117,RANDOM_FOREST,RF_09,101
0.95,0.931333421435179,0.9993830207305034,0.7574822297044519,0.9998157904432082,0.87864901007383,0.8617791019365822,0.7960174555747758,0.00018420955679180636,0.24251777029554808,0.8311334189862352,27138,5,2593,8099,29731,8104,RANDOM_FOREST,RF_09,101
0.05,0.7262323245671997,0.5080942225668864,0.9804526748971193,0.6260914416239914,0.8032720582605554,0.669327033584472,0.8267350157728707,0.37390855837600856,0.01954732510288066,0.5484638824165099,16994,10149,209,10483,17203,20632,RANDOM_FOREST,RF_09,313
0.055,0.7335800185013877,0.5150709219858156,0.9781144781144782,0.637254540765575,0.8076845094400266,0.6747967479674797,0.829052511415525,0.3627454592344251,0.021885521885521887,0.5556481577559,17297,9846,234,10458,17531,20304,RANDOM_FOREST,RF_09,313
0.06,0.7401876569314128,0.5215586234493798,0.975215114104003,0.6476071178572744,0.8114111159806388,0.6796375961413114,0.8307042702358189,0.35239288214272557,0.02478488589599701,0.561772461079047,17578,9565,265,10427,17843,19992,RANDOM_FOREST,RF_09,313
0.065,0.7481961147086031,0.5296573494221272,0.9729704451926674,0.6596544228714586,0.816312434032063,0.6859196254903899,0.8334535083080965,0.3403455771285414,0.027029554807332584,0.5701101395712855,17905,9238,289,10403,18194,19641,RANDOM_FOREST,RF_09,313
0.07,0.7561781419320734,0.538046579179418,0.970164609053498,0.6718859374424345,0.8210252732479663,0.6922024623803009,0.8358985930020791,0.3281140625575655,0.029835390946502057,0.5782866742685212,18237,8906,319,10373,18556,19279,RANDOM_FOREST,RF_09,313
0.075,0.7635786969737016,0.5461900481201417,0.9660493827160493,0.6838227167225436,0.8249360497192965,0.6978346789176773,0.8373190226819501,0.3161772832774564,0.033950617283950615,0.5852245999803719,18561,8582,363,10329,18924,18911,RANDOM_FOREST,RF_09,313
0.08,0.7699220298665257,0.5534628423828231,0.9619341563786008,0.6942858195483181,0.8281099879634595,0.7026473099914604,0.8382096461345374,0.30571418045168186,0.03806584362139918,0.5910333740511844,18845,8298,407,10285,19252,18583,RANDOM_FOREST,RF_09,313
0.085,0.7764239460816704,0.5611077664057796,0.9588477366255144,0.7045647128173009,0.8317062247214076,0.7079377136346373,0.8397909533249234,0.295435287182699,0.0411522633744856,0.5977671289666913,19124,8019,440,10252,19564,18271,RANDOM_FOREST,RF_09,313
0.09,0.7831901678340161,0.5693894619459158,0.9551066217732884,0.7154699185793759,0.8352882701763322,0.7134523352080204,0.8411445892295274,0.2845300814206241,0.04489337822671156,0.6046854595439582,19420,7723,480,10212,19900,17935,RANDOM_FOREST,RF_09,313
0.095,0.7893749174045196,0.577274533174414,0.9512719790497568,0.7256014442029253,0.838436711626341,0.7185193034509555,0.8421514564392998,0.27439855579707473,0.04872802095024317,0.610980878287687,19695,7448,521,10171,20216,17619,RANDOM_FOREST,RF_09,313
0.1,0.7962468613717457,0.5862986749985535,0.9477179199401422,0.7365803337877169,0.8421491268639296,0.7244325290437891,0.8436995220729046,0.2634196662122831,0.052282080059857836,0.6185391874608046,19993,7150,559,10133,20552,17283,RANDOM_FOREST,RF_09,313
0.105,0.8036209858596538,0.5963834062167592,0.9438832772166106,0.7483697454223925,0.8461265113195016,0.7309335844137032,0.8453677332886581,0.25163025457760746,0.05611672278338945,0.6268869728933182,20313,6830,600,10092,20913,16922,RANDOM_FOREST,RF_09,313
0.11,0.8100436104136381,0.6055659297632673,0.9402356902356902,0.7587591644254504,0.8494974273305703,0.7366724068442457,0.8466539776651113,0.24124083557454962,0.05976430976430976,0.634233745927594,20595,6548,639,10053,21234,16601,RANDOM_FOREST,RF_09,313
0.115,0.8163605127527421,0.6150018429782529,0.936307519640853,0.7691117415171499,0.8527096305790014,0.7423804226918799,0.8477288893405142,0.23088825848285008,0.06369248035914703,0.6415212241139585,20876,6267,681,10011,21557,16278,RANDOM_FOREST,RF_09,313
0.12,0.822095942910004,0.6239284149928039,0.932566404788627,0.7785801127362487,0.8555732587624378,0.7476474337344879,0.8486101891096018,0.22141988726375125,0.06743359521137299,0.6482612180696764,21133,6010,721,9971,21854,15981,RANDOM_FOREST,RF_09,313
0.125,0.8281221091581868,0.6336886449224485,0.9285447063224841,0.7885642707143646,0.8585544885184244,0.7532910960203345,0.8494908873106871,0.21143572928563534,0.0714552936775159,0.6555221627719322,21404,5739,764,9928,22168,15667,RANDOM_FOREST,RF_09,313
0.13,0.8331967754724462,0.6423604341327094,0.9244294799850356,0.7972589617949379,0.8608442208899867,0.7580045247133708,0.8497979537443039,0.2027410382050621,0.07557052001496446,0.6615190337262497,21640,5503,808,9884,22448,15387,RANDOM_FOREST,RF_09,313
0.135,0.8391700806131889,0.6527216071073394,0.9207818930041153,0.8070220683049036,0.8639019806545094,0.7639185257032008,0.8508928108416449,0.19297793169509633,0.07921810699588477,0.6692974315460689,21905,5238,847,9845,22752,15083,RANDOM_FOREST,RF_09,313
0.14,0.844482621910929,0.6624324324324324,0.9169472502805837,0.815937810853627,0.8664425305671053,0.7691824886238819,0.8515147304057811,0.1840621891463729,0.08305274971941638,0.676190868595317,22147,4996,888,9804,23035,14800,RANDOM_FOREST,RF_09,313
0.145,0.8498744548698295,0.6727084769124742,0.9129255518144407,0.8250377629591423,0.8689816573867915,0.7746210618204904,0.8520723488948635,0.17496223704085767,0.0870744481855593,0.6833585599850699,22394,4749,931,9761,23325,14510,RANDOM_FOREST,RF_09,313
0.15,0.8553720100436104,0.6834926884139483,0.9092779648335204,0.8341377150646575,0.871707839949089,0.7803820838015733,0.8529267265581134,0.16586228493534244,0.09072203516647961,0.6910700200376436,22641,4502,970,9722,23611,14224,RANDOM_FOREST,RF_09,313
0.155,0.8599444958371878,0.6928137289953522,0.906191545080434,0.84172714880448,0.8739593469424569,0.7852656319649878,0.8536112628407309,0.15827285119552004,0.09380845491956603,0.6976496162801814,22847,4296,1003,9689,23850,13985,RANDOM_FOREST,RF_09,313
0.16,0.8642262455398441,0.7019265721555797,0.9030115974560419,0.8489481634307188,0.8759798804433803,0.7898719679306254,0.8540771013569697,0.15105183656928123,0.0969884025439581,0.703873250407289,23043,4100,1037,9655,24080,13755,RANDOM_FOREST,RF_09,313
0.165,0.8683494119201798,0.7110651193731983,0.8997381219603442,0.8559849685001658,0.877861545230255,0.7943520085875894,0.8543972147716573,0.14401503149983422,0.10026187803965582,0.7099561001507113,23234,3909,1072,9620,24306,13529,RANDOM_FOREST,RF_09,313
0.17,0.8724197171930752,0.7202072538860104,0.8970258136924804,0.8627270382787459,0.8798764259856131,0.7989503936023992,0.8550414549344745,0.1372729617212541,0.10297418630751964,0.7162836156590341,23417,3726,1101,9591,24518,13317,RANDOM_FOREST,RF_09,313
0.175,0.8761464252676093,0.7292016486032666,0.8935652824541713,0.8692848985005343,0.8814250904773528,0.8030595948558459,0.8550205834974047,0.1307151014994658,0.10643471754582866,0.7219222973579295,23595,3548,1138,9554,24733,13102,RANDOM_FOREST,RF_09,313
0.18,0.8795823972512224,0.7375716276908781,0.8908529741863075,0.8751427624065137,0.8829978682964106,0.8069982207913242,0.8553033296217808,0.12485723759348635,0.10914702581369248,0.7273972037086773,23754,3389,1167,9525,24921,12914,RANDOM_FOREST,RF_09,313
0.185,0.8829655081273953,0.7459943449575872,0.888327721661055,0.8808532586670597,0.8845904901640573,0.8109631147540984,0.8556756756756758,0.11914674133294036,0.11167227833894501,0.7329524606707817,23909,3234,1194,9498,25103,12732,RANDOM_FOREST,RF_09,313
0.19,0.8852385357473239,0.7525453388482342,0.884867190422746,0.8853848137641381,0.885126002093442,0.8133596973865198,0.8548066498012289,0.11461518623586192,0.11513280957725402,0.7362860770898549,24032,3111,1231,9461,25263,12572,RANDOM_FOREST,RF_09,313
0.195,0.8878022994581737,0.7592279855247286,0.882996632996633,0.8896953173930664,0.8863459751948497,0.8164483071734336,0.855116569751644,0.11030468260693364,0.117003367003367,0.7406704755299119,24149,2994,1251,9441,25400,12435,RANDOM_FOREST,RF_09,313
0.2,0.890260340954143,0.7662432828529555,0.8801907968574635,0.8942268724901448,0.8872088346738041,0.81927396186994,0.8547683923705721,0.10577312750985521,0.11980920314253647,0.7446945196420431,24272,2871,1281,9411,25553,12282,RANDOM_FOREST,RF_09,313
0.205,0.8922162019294304,0.7723604019107231,0.877104377104377,0.8981689570054895,0.8876366670549333,0.8214066742576859,0.8539428155162994,0.10183104299451055,0.12289562289562289,0.7477574043438786,24379,2764,1314,9378,25693,12142,RANDOM_FOREST,RF_09,313
0.21,0.8943306462270385,0.7786380286380287,0.8747661803217359,0.9020373576981173,0.8884017690099266,0.823907681465821,0.8536874771814531,0.09796264230188262,0.12523381967826414,0.7513781885292093,24484,2659,1339,9353,25823,12012,RANDOM_FOREST,RF_09,313
0.215,0.8968944099378882,0.7863226241672991,0.8721473999251778,0.9066425966179126,0.8893949982715452,0.8270143230898852,0.8535156607538398,0.09335740338208746,0.1278526000748223,0.7559073887945218,24609,2534,1367,9325,25976,11859,RANDOM_FOREST,RF_09,313
0.22,0.8986388264834149,0.7919611683556161,0.8698092031425365,0.9099952105515234,0.8899022068470299,0.8290617338979274,0.8530388361981986,0.09000478944847659,0.13019079685746351,0.7589285171599339,24700,2443,1392,9300,26092,11743,RANDOM_FOREST,RF_09,313
0.225,0.9006211180124224,0.7980736154110767,0.8679386457164235,0.9134951921305677,0.8907169189234956,0.8315412186379928,0.8530038973453931,0.08650480786943227,0.13206135428357652,0.76258708469825,24795,2348,1412,9280,26207,11628,RANDOM_FOREST,RF_09,313
0.23,0.9027091317563103,0.8044290056448111,0.8663486719042275,0.9170320156209704,0.8916903437625989,0.8342414553969469,0.8532137133172448,0.08296798437902958,0.13365132809577254,0.7665779898917771,24891,2252,1429,9263,26320,11515,RANDOM_FOREST,RF_09,313
0.235,0.904189242764636,0.8096030842022255,0.8641975308641975,0.9199425266182809,0.8920700287412392,0.8360099524994343,0.8526974400620143,0.08005747338171905,0.13580246913580246,0.769253154462539,24970,2173,1452,9240,26422,11413,RANDOM_FOREST,RF_09,313
0.24,0.9058279370952822,0.8150243040212107,0.8625140291806959,0.9228898795269499,0.8927019543538228,0.8380969691461806,0.8525784442431079,0.07711012047305014,0.13748597081930417,0.772391378788136,25050,2093,1470,9222,26520,11315,RANDOM_FOREST,RF_09,313
0.245,0.9075723536408088,0.8208901971278209,0.8607369996258886,0.9260214419924105,0.8933792208091496,0.8403415057298086,0.8524611422960781,0.07397855800758943,0.1392630003741115,0.7757842909638993,25135,2008,1489,9203,26624,11211,RANDOM_FOREST,RF_09,313
0.25,0.9092374785251751,0.8267014764133958,0.8588664421997755,0.9290793206351545,0.893972881417465,0.8424770642201835,0.8522347613037344,0.07092067936484545,0.14113355780022446,0.7790434499881091,25218,1925,1509,9183,26727,11108,RANDOM_FOREST,RF_09,313
0.255,0.9106118673186203,0.8316696914700544,0.8571829405162739,0.9316582544302399,0.8944205974732569,0.8442336035372144,0.8519558265784191,0.06834174556976017,0.14281705948372614,0.7817507071719135,25288,1855,1527,9165,26815,11020,RANDOM_FOREST,RF_09,313
0.26,0.9118805338971852,0.8363503382702505,0.8555929667040778,0.9340529786685333,0.8948229726863055,0.8458622283865003,0.8516739284251296,0.06594702133146668,0.1444070332959222,0.784277809375093,25353,1790,1544,9148,26897,10938,RANDOM_FOREST,RF_09,313
0.265,0.913413506012951,0.8421295441963462,0.8536288814066592,0.9369634896658439,0.8952961855362516,0.8478402229447283,0.8513039585121069,0.06303651033415614,0.14637111859334082,0.7873696873338263,25432,1711,1565,9127,26997,10838,RANDOM_FOREST,RF_09,313
0.27,0.9149464781287168,0.8480163903892718,0.8516647961092405,0.9398740006631544,0.8957693983861974,0.8498366775548297,0.8509326056890816,0.06012599933684559,0.14833520389075944,0.7905116948828431,25511,1632,1586,9106,27097,10738,RANDOM_FOREST,RF_09,313
0.275,0.9161094224924012,0.8530240420736288,0.8495136550692106,0.9423424087241646,0.8959280318966876,0.851265229615745,0.8502134192002395,0.05765759127583539,0.15048634493078938,0.7928480827379035,25578,1565,1609,9083,27187,10648,RANDOM_FOREST,RF_09,313
0.28,0.9171666446412052,0.8568460812086874,0.8486719042274598,0.9441476623807243,0.896409783304092,0.8527394041913354,0.850294238914502,0.05585233761927569,0.15132809577254022,0.7951359183614864,25627,1516,1618,9074,27245,10590,RANDOM_FOREST,RF_09,313
0.285,0.9180388529139686,0.8606861161265799,0.8470819304152637,0.9459897579486424,0.8965358441819531,0.8538298373792128,0.8497682535512563,0.054010242051357626,0.15291806958473625,0.7969375818697211,25677,1466,1635,9057,27312,10523,RANDOM_FOREST,RF_09,313
0.29,0.9190960750627726,0.8653643589006991,0.8452113729891507,0.9482002726301441,0.8967058228096474,0.8551691506978945,0.8491665257183665,0.05179972736985595,0.15478862701084922,0.7991576453535933,25737,1406,1655,9037,27392,10443,RANDOM_FOREST,RF_09,313
0.295,0.9201268666578565,0.8695317016766236,0.8439955106621774,0.9501160520207789,0.8970557813414781,0.8565733270052207,0.8489820494486885,0.04988394797922116,0.15600448933782268,0.8014132952125269,25789,1354,1668,9024,27457,10378,RANDOM_FOREST,RF_09,313
0.3,0.92105193603806,0.8739928162314339,0.8420314253647587,0.9521791990568471,0.8971053122108029,0.8577144762539894,0.8482353162863442,0.04782080094315293,0.1579685746352413,0.803377645857254,25845,1298,1689,9003,27534,10301,RANDOM_FOREST,RF_09,313
0.305,0.9220562970794238,0.8781130969821271,0.8409090909090909,0.9540212946247651,0.897465192766928,0.8591084993550236,0.8480955345520403,0.045978705375234866,0.1590909090909091,0.8056300491780763,25895,1248,1701,8991,27596,10239,RANDOM_FOREST,RF_09,313
0.31,0.9226641998149862,0.8812095032397408,0.8395061728395061,0.9554212872563829,0.8974637300479444,0.8598524762908323,0.847528043207312,0.04457871274361714,0.16049382716049382,0.8069457670775871,25933,1210,1716,8976,27649,10186,RANDOM_FOREST,RF_09,313
0.315,0.9236156997489098,0.8855505040521843,0.8380097268986157,0.9573370666470177,0.8976733967728168,0.8611244593945219,0.8471050939757213,0.04266293335298235,0.16199027310138422,0.809085623772812,25985,1158,1732,8960,27717,10118,RANDOM_FOREST,RF_09,313
0.32,0.9241707413770318,0.8884695600357533,0.8367003367003367,0.9586265335445603,0.8976634351224485,0.861808198063677,0.8465658534738916,0.04137346645543971,0.1632996632996633,0.8103156443831604,26020,1123,1746,8946,27766,10069,RANDOM_FOREST,RF_09,313
0.325,0.9251486718646755,0.8926073926073926,0.8356715301159746,0.9603949452897617,0.8980332377028681,0.8632016230315911,0.8464701201258101,0.03960505471023837,0.16432846988402544,0.8125930585068288,26068,1075,1757,8935,27825,10010,RANDOM_FOREST,RF_09,313
0.33,0.9258622968151182,0.8955762864881132,0.835016835016835,0.9616475702759459,0.8983322026463905,0.8642369682009583,0.8464645315433188,0.03835242972405408,0.16498316498316498,0.8142742429849479,26102,1041,1764,8928,27866,9969,RANDOM_FOREST,RF_09,313
0.335,0.9266552134267213,0.8992435703479577,0.8338945005611672,0.9631949305529971,0.8985447155570822,0.865337021400495,0.8461932691760151,0.03680506944700291,0.16610549943883277,0.8161338345987904,26144,999,1776,8916,27920,9915,RANDOM_FOREST,RF_09,313
0.34,0.9271309633936831,0.9022609753624657,0.8323045267489712,0.9644843974505397,0.8983944620997555,0.8658720505959621,0.845414299557295,0.03551560254946027,0.16769547325102882,0.8172132708101851,26179,964,1793,8899,27972,9863,RANDOM_FOREST,RF_09,313
0.345,0.9277388661292454,0.9053585982070089,0.8311821922933034,0.9657738643480824,0.8984780283206929,0.8666861712502437,0.8450289061311426,0.03422613565191762,0.1688178077066966,0.8186517290283322,26214,929,1805,8887,28019,9816,RANDOM_FOREST,RF_09,313
0.35,0.9285582132945686,0.909062980030722,0.8302469135802469,0.9672843827137751,0.898765648147011,0.8678691890306497,0.8448974930043973,0.03271561728622481,0.1697530864197531,0.8206326702089449,26255,888,1815,8877,28070,9765,RANDOM_FOREST,RF_09,313
0.355,0.9292982687987313,0.9128643526624781,0.8289375233819678,0.9688317429908264,0.8988846331863971,0.8688789765207587,0.8444651942755875,0.031168257009173635,0.17106247661803217,0.8224215145952862,26297,846,1829,8863,28126,9709,RANDOM_FOREST,RF_09,313
0.36,0.9298004493194132,0.9158559304491823,0.8276281331836888,0.9700475260656523,0.8988378296246705,0.869509678687236,0.8438870875452986,0.029952473934347714,0.17237186681631125,0.8236347736073312,26330,813,1843,8849,28173,9662,RANDOM_FOREST,RF_09,313
0.365,0.9304876437161359,0.9188487115544473,0.8270669659558548,0.9712264672291199,0.8991467165924873,0.8705453829493994,0.8439265536723163,0.028773532770880152,0.17293303404414515,0.8253419267530159,26362,781,1849,8843,28211,9624,RANDOM_FOREST,RF_09,313
0.37,0.9308048103607771,0.9207838232228476,0.826225215114104,0.9720001473676454,0.8991126812408747,0.8709454796411317,0.843550666513884,0.027999852632354567,0.17377478488589598,0.8261216973701458,26383,760,1858,8834,28241,9594,RANDOM_FOREST,RF_09,313
0.375,0.9313862825426192,0.923785594639866,0.8252899364010475,0.973179088531113,0.8992345124660803,0.8717644734242246,0.8432721712538227,0.026820911468887005,0.1747100635989525,0.8275735045458585,26415,728,1868,8824,28283,9552,RANDOM_FOREST,RF_09,313
0.38,0.9319413241707414,0.9268959713895025,0.8241676019453797,0.974394871605939,0.8992812367756593,0.8725184415070053,0.8428503108560498,0.025605128394061084,0.17583239805462028,0.828967668192667,26448,695,1880,8812,28328,9507,RANDOM_FOREST,RF_09,313
0.385,0.9324435046914232,0.9293856871437619,0.8235129068462402,0.9753527613012563,0.8994328340737483,0.873252008330854,0.8427127598483978,0.02464723869874369,0.17648709315375982,0.8302419926331844,26474,669,1887,8805,28361,9474,RANDOM_FOREST,RF_09,313
0.39,0.932628518567464,0.9312572820675776,0.8222970445192668,0.9760895995284236,0.8991933220238452,0.8733919435752248,0.8420004213832863,0.023910400471576464,0.17770295548073325,0.830709876153143,26494,649,1900,8792,28394,9441,RANDOM_FOREST,RF_09,313
0.395,0.9329985463195454,0.933744549611826,0.821174710063599,0.977047489223741,0.89911109964367,0.8738492162229411,0.8414636483870349,0.022952510776259073,0.17882528993640104,0.831658971544409,26520,623,1912,8780,28432,9403,RANDOM_FOREST,RF_09,313
0.4,0.9331835601955861,0.935088467277766,0.8205200149644594,0.9775632759827579,0.8990416454736087,0.8740659559629371,0.841131351869607,0.022436724017242015,0.17947998503554058,0.8321370720817646,26534,609,1919,8773,28453,9382,RANDOM_FOREST,RF_09,313
0.405,0.9338971851460288,0.9382557517388979,0.8200523756079312,0.9787422171462256,0.8993972963770784,0.8751809153066827,0.8412488246694683,0.021257782853774453,0.17994762439206885,0.8339838434941275,26566,577,1924,8768,28490,9345,RANDOM_FOREST,RF_09,313
0.41,0.9340557684683494,0.9401782837504028,0.8187429854096521,0.9794790553733927,0.8991110203915225,0.875268709693546,0.8404539257666237,0.020520944626607227,0.18125701459034793,0.8344085329366508,26586,557,1938,8754,28524,9311,RANDOM_FOREST,RF_09,313
0.415,0.9345315184353112,0.9424754928363676,0.8182753460531238,0.980326419334635,0.8993008826938794,0.8759949937421776,0.840425736297093,0.01967358066536492,0.18172465394687617,0.8356534713433672,26609,534,1943,8749,28552,9283,RANDOM_FOREST,RF_09,313
0.42,0.9347693934187922,0.9443483898854549,0.8173400673400674,0.9810264156504439,0.8991832414952556,0.8762659179785421,0.8399331052247127,0.018973584349556056,0.18265993265993266,0.8362906417135569,26628,515,1953,8739,28581,9254,RANDOM_FOREST,RF_09,313
0.425,0.9349808378485529,0.9459371614301192,0.8165918443696222,0.9816158862321778,0.8991038653009,0.8765184218451962,0.8395515212123543,0.018384113767822275,0.18340815563037785,0.8368594052401237,26644,499,1961,8731,28605,9230,RANDOM_FOREST,RF_09,313
0.43,0.935271573939474,0.9477457903313417,0.8159371492704826,0.9822790406366282,0.8991080949535554,0.8769161180077398,0.8392819348507878,0.01772095936337177,0.1840628507295174,0.8376379786825342,26662,481,1968,8724,28630,9205,RANDOM_FOREST,RF_09,313
0.435,0.9354037267080745,0.9488463212886373,0.8153759820426487,0.9826843016615702,0.8990301418521094,0.8770623742454728,0.8389791361921626,0.0173156983384298,0.18462401795735128,0.838000020644036,26673,470,1974,8718,28647,9188,RANDOM_FOREST,RF_09,313
0.44,0.9357208933527157,0.9508733624454149,0.8146277590722035,0.9834211398887375,0.8990244494804704,0.8774934515414063,0.8386612232321676,0.016578860111262573,0.18537224092779647,0.8388580007056416,26693,450,1982,8710,28675,9160,RANDOM_FOREST,RF_09,313
0.445,0.9358001850138761,0.9520735310208994,0.8137860082304527,0.9838632428250378,0.8988246255277452,0.8775150017649135,0.8381335850655981,0.016136757174962237,0.18621399176954734,0.8390934667380363,26705,438,1991,8701,28696,9139,RANDOM_FOREST,RF_09,313
0.45,0.9358530461213163,0.9531746902072595,0.8129442573887018,0.9842685038499798,0.8986063806193407,0.8774923022563221,0.8375893769152194,0.015731496150020265,0.18705574261129818,0.8392610348297318,26716,427,2000,8692,28716,9119,RANDOM_FOREST,RF_09,313
0.455,0.9359851988899167,0.9543956043956044,0.8122895622895623,0.9847106067862801,0.8985000845379212,0.8776273241713823,0.8372214081900207,0.015289393213719927,0.18771043771043772,0.8396349637757988,26728,415,2007,8685,28735,9100,RANDOM_FOREST,RF_09,313
0.46,0.9359323377824765,0.9550858652575958,0.8114478114478114,0.9849685001657886,0.8982081558068,0.8774271844660194,0.8366118953945846,0.015031499834211398,0.18855218855218855,0.8395247510621221,26735,408,2016,8676,28751,9084,RANDOM_FOREST,RF_09,313
0.465,0.9359059072287564,0.9562865658461199,0.810231949120838,0.9854106031020889,0.8978212761114635,0.8772214065110626,0.8357612827290793,0.014589396897911064,0.189768050879162,0.8395006910748238,26747,396,2029,8663,28776,9059,RANDOM_FOREST,RF_09,313
0.47,0.9360644905510771,0.9575268222541754,0.8096707818930041,0.9858527060383893,0.8977617439656966,0.8774134698221253,0.835472601285491,0.014147293961610729,0.19032921810699588,0.8399475552593363,26759,384,2035,8657,28794,9041,RANDOM_FOREST,RF_09,313
0.475,0.9361966433196776,0.9585641480168402,0.8092031425364759,0.9862211251519729,0.8977121338442244,0.8775737904452783,0.8352318801405568,0.013778874848027116,0.19079685746352412,0.840321506758697,26769,374,2040,8652,28809,9026,RANDOM_FOREST,RF_09,313
0.48,0.9361966433196776,0.9596845846290537,0.8081743359521137,0.9866263861769149,0.8974003610645143,0.8774370430544274,0.8345244533724793,0.013373613823085141,0.19182566404788626,0.840367126249128,26780,363,2051,8641,28831,9004,RANDOM_FOREST,RF_09,313
0.485,0.9362230738733976,0.9607122982749026,0.8073325851103629,0.9869948052904984,0.8971636952004307,0.8773695177110331,0.8339613162521979,0.013005194709501528,0.19266741488963712,0.8404772980329676,26790,353,2060,8632,28850,8985,RANDOM_FOREST,RF_09,313
0.49,0.9364873794105987,0.9627107290387407,0.806490834268612,0.9876948016063073,0.8970928179374597,0.8777036999338389,0.8335427742870953,0.012305198393692665,0.19350916573138796,0.8412316096639257,26809,334,2069,8623,28878,8957,RANDOM_FOREST,RF_09,313
0.495,0.936593101625479,0.9635550586920067,0.8061167227833894,0.9879895368971743,0.8970531298402818,0.8778326628303713,0.8333494479144509,0.012010463102825775,0.19388327721661056,0.8415367268223815,26817,326,2073,8619,28890,8945,RANDOM_FOREST,RF_09,313
0.5,0.93683097660896,0.9650459332287699,0.8056490834268613,0.9885053236561913,0.8970772035415262,0.8781731063309206,0.833172128293419,0.011494676343808716,0.1943509165731388,0.8422060811017963,26831,312,2078,8614,28909,8926,RANDOM_FOREST,RF_09,313
0.505,0.9370159904850006,0.966535654126895,0.8049943883277216,0.9890211104152083,0.897007749371465,0.8783997550645507,0.8328333946161438,0.010978889584791658,0.19500561167227834,0.842745028773939,26845,298,2085,8607,28930,8905,RANDOM_FOREST,RF_09,313
0.51,0.9371217126998811,0.9673900820870347,0.804620276842499,0.9893158457060752,0.8969680612742872,0.8785294868521828,0.8326397088712956,0.01068415429392477,0.19537972315750093,0.8430542936582073,26853,290,2089,8603,28942,8893,RANDOM_FOREST,RF_09,313
0.515,0.9372010043610414,0.9686654643823264,0.8037785260007482,0.9897579486423755,0.8967682373215619,0.8785524432631362,0.8321068938807126,0.010242051357624434,0.19622147399925177,0.8433206861464266,26865,278,2098,8594,28963,8872,RANDOM_FOREST,RF_09,313
0.52,0.9372010043610414,0.9690884476534296,0.8034044145155256,0.989905316287809,0.8966548654016673,0.8785027613008796,0.831848466067555,0.010094683712190989,0.19659558548447437,0.8433436185605102,26869,274,2102,8590,28971,8864,RANDOM_FOREST,RF_09,313
0.525,0.9373860182370821,0.9702791275850379,0.803030303030303,0.990310577312751,0.896670440171527,0.878767719154598,0.8317027335955207,0.009689422687249014,0.19696969696969696,0.8438728036897045,26880,263,2106,8586,28986,8849,RANDOM_FOREST,RF_09,313
0.53,0.9374124487908022,0.9710276143051154,0.8024691358024691,0.9905684706922595,0.8965188032473643,0.8787382220401474,0.8313309045810402,0.009431529307740485,0.19753086419753085,0.8439812846358641,26887,256,2112,8580,28999,8836,RANDOM_FOREST,RF_09,313
0.535,0.9373595876833619,0.9716617547041487,0.801720912832024,0.9907895221604097,0.8962552174962168,0.8785487342420826,0.830781159139368,0.009210477839590317,0.19827908716797607,0.8438855334870747,26893,250,2120,8572,29013,8822,RANDOM_FOREST,RF_09,313
0.54,0.9372802960222016,0.9721875354750823,0.8009726898615788,0.9909737317172015,0.8959732107893901,0.87831393261884,0.8302150183221203,0.00902626828279851,0.19902731013842126,0.843717969320536,26898,245,2128,8564,29026,8809,RANDOM_FOREST,RF_09,313
0.545,0.9374388793445223,0.9732802728823196,0.8005985783763562,0.9913421508307851,0.8959703646035706,0.8785344075537538,0.8300525570661133,0.0086578491692149,0.19940142162364385,0.844179593396522,26908,235,2132,8560,29040,8795,RANDOM_FOREST,RF_09,313
0.55,0.9375446015594027,0.9742626124587177,0.8001309390198279,0.9916737280330103,0.8959023335264191,0.8786524931957068,0.829793012473569,0.008326271966989648,0.1998690609801721,0.8445035916554964,26917,226,2137,8555,29054,8781,RANDOM_FOREST,RF_09,313
0.555,0.9375710321131228,0.9752396166134185,0.7993827160493827,0.9920053052352356,0.8956940106423091,0.8785978618421052,0.8292905379181866,0.007994694764764396,0.2006172839506173,0.8446303848405909,26926,217,2145,8547,29071,8764,RANDOM_FOREST,RF_09,313
0.56,0.9377031848817232,0.9762312878528169,0.7990086045641601,0.9923368824374609,0.8956727435008105,0.878773851771846,0.8291115898988723,0.007663117562539144,0.20099139543583988,0.8450231724040359,26935,208,2149,8543,29084,8751,RANDOM_FOREST,RF_09,313
0.565,0.9377031848817232,0.9769943916676205,0.7983539094650206,0.9925947758169694,0.895474342640995,0.8786864995625097,0.8286574119017572,0.007405224183030616,0.20164609053497942,0.8450724999215583,26942,201,2156,8536,29098,8737,RANDOM_FOREST,RF_09,313
0.57,0.9376238932205629,0.977314390467461,0.7977927422371867,0.9927053015510444,0.8952490218941156,0.878475798146241,0.8282196675469938,0.007294698448955532,0.2022072577628133,0.8448957123925862,26945,198,2162,8530,29107,8728,RANDOM_FOREST,RF_09,313
0.575,0.9376238932205629,0.9779715465810005,0.7972315750093528,0.9929263530191946,0.8950789640142738,0.8784006595218468,0.827830005438583,0.007073646980805364,0.2027684249906472,0.8449392041867749,26951,192,2168,8524,29119,8716,RANDOM_FOREST,RF_09,313
0.58,0.937650323774283,0.9785230274491789,0.7968574635241302,0.9931105625759864,0.8949840130500584,0.8783957935976082,0.8275862068965517,0.006889437424013558,0.2031425364758698,0.8450420236528725,26956,187,2172,8520,29128,8707,RANDOM_FOREST,RF_09,313
0.585,0.9377824765428836,0.9794158233670653,0.7965768799102132,0.9934052978668534,0.8949910888885333,0.8785846915617908,0.8274716306544381,0.006594702133146667,0.20342312008978675,0.8454318494449057,26964,179,2175,8517,29139,8696,RANDOM_FOREST,RF_09,313
0.59,0.9377560459891635,0.9798549556809025,0.796109240553685,0.9935526655122868,0.8948309530329859,0.8784767015841891,0.8271305023807209,0.006447334487713223,0.203890759446315,0.8453962070700917,26968,175,2180,8512,29148,8687,RANDOM_FOREST,RF_09,313
0.595,0.9378353376503238,0.9808579335793358,0.7955480733258511,0.993884242714512,0.8947161580201816,0.8785374922536667,0.8267884914463451,0.006115757285487971,0.2044519266741489,0.8456634595600504,26977,166,2186,8506,29163,8672,RANDOM_FOREST,RF_09,313
0.6,0.9379674904189242,0.981534910559723,0.7954545454545454,0.9941052941826622,0.8947799198186038,0.8787518727075475,0.8268038030058523,0.005894705817337803,0.20454545454545456,0.8460401049916584,26983,160,2187,8505,29170,8665,RANDOM_FOREST,RF_09,313
0.605,0.9379674904189242,0.9823141833314067,0.7947998503554059,0.9943631875621707,0.8945815189587882,0.8786641162177533,0.8263482370330033,0.005636812437829274,0.2052001496445941,0.8460958600134334,26990,153,2194,8498,29184,8651,RANDOM_FOREST,RF_09,313
0.61,0.9379410598652042,0.9828703703703704,0.7942386831275721,0.9945473971189626,0.8943930401232674,0.878543347817091,0.8259414877061937,0.005452602881037469,0.205761316872428,0.8460704466181356,26995,148,2200,8492,29195,8640,RANDOM_FOREST,RF_09,313
0.615,0.9380467820800846,0.9838859262694181,0.7937710437710438,0.9948789743211878,0.8943250090461158,0.8786623874107051,0.8256800404716504,0.005121025678812217,0.20622895622895623,0.8464077762841389,27004,139,2205,8487,29209,8626,RANDOM_FOREST,RF_09,313
0.62,0.9380467820800846,0.9845600185744138,0.7932098765432098,0.995100025789338,0.8941549511662739,0.8785869677820366,0.8252890117161651,0.004899974210662049,0.20679012345679013,0.8464579914096814,27010,133,2211,8481,29221,8614,RANDOM_FOREST,RF_09,313
0.625,0.9380732126338047,0.9851249273678094,0.7928357650579873,0.9952842353461298,0.8940600002020584,0.8785821630305228,0.8250442839623926,0.0047157646538702426,0.20716423494201272,0.8465661559987218,27015,128,2215,8477,29230,8605,RANDOM_FOREST,RF_09,313
0.63,0.9380996431875248,0.9859171322160148,0.7922745978301534,0.9955421287256383,0.8939083632778959,0.878552167600083,0.8246690031152648,0.004457871274361714,0.2077254021698466,0.8466920839223927,27022,121,2221,8471,29243,8592,RANDOM_FOREST,RF_09,313
0.635,0.9380467820800846,0.986140228278593,0.7919004863449308,0.995615812548355,0.8937581494466429,0.8784106235086628,0.8243759006114422,0.004384187451644992,0.2080995136550692,0.8465780346030712,27024,119,2225,8467,29249,8586,RANDOM_FOREST,RF_09,313
0.64,0.9380203515263644,0.9867055393586006,0.7913393191170969,0.9958000221051468,0.8935696706111218,0.878289302953236,0.823968213777925,0.004199977894853185,0.2086606808829031,0.8465561948737316,27029,114,2231,8461,29260,8575,RANDOM_FOREST,RF_09,313
0.645,0.9378617682040439,0.9871510337577386,0.7904040404040404,0.9959473897505803,0.8931757150773103,0.8778891601308888,0.823218843149097,0.00405261024941974,0.20959595959595959,0.846197614333943,27033,110,2241,8451,29274,8561,RANDOM_FOREST,RF_09,313
0.65,0.9376767543280031,0.9872544434050514,0.7896558174335953,0.9959842316619386,0.8928200245477669,0.8774683018083559,0.8225837879968824,0.004015768338061379,0.21034418256640477,0.8457468377825363,27034,109,2249,8443,29283,8552,RANDOM_FOREST,RF_09,313
0.655,0.9375181710056826,0.9873595505617978,0.7890011223344556,0.9960210735732969,0.8925110979538763,0.877105427323768,0.8220299345182414,0.003978926426703017,0.21099887766554434,0.8453617927100586,27035,108,2256,8436,29291,8544,RANDOM_FOREST,RF_09,313
0.66,0.9374917404519625,0.9879292159849994,0.7884399551066218,0.9962052831300888,0.8923226191183553,0.8769830949284786,0.8216214108886766,0.003794716869911211,0.21156004489337824,0.8453415913312012,27040,103,2262,8430,29302,8533,RANDOM_FOREST,RF_09,313
0.665,0.9374388793445223,0.988613687052471,0.7876917321361766,0.9964263345982389,0.8920590333672078,0.8767893394409453,0.8210657671534697,0.0035736654017610434,0.21230826786382342,0.8452655970767365,27046,97,2270,8422,29316,8519,RANDOM_FOREST,RF_09,313
0.67,0.9375181710056826,0.9893066980023502,0.7874111485222597,0.9966473860663891,0.8920292672943244,0.8768878241849807,0.8209173524708452,0.0033526139336108756,0.21258885147774037,0.8455184611786196,27052,91,2273,8419,29325,8510,RANDOM_FOREST,RF_09,313
0.675,0.9374653098982424,0.9895343367826905,0.7870370370370371,0.9967210698891058,0.8918790534630714,0.8767451552406752,0.8206233421750664,0.003278930110894153,0.21296296296296297,0.8454061128336101,27054,89,2277,8415,29331,8504,RANDOM_FOREST,RF_09,313
0.68,0.9374653098982424,0.9899952919020716,0.7866629255518145,0.9968684375345392,0.8917656815431769,0.8766937669376694,0.8203612671660425,0.0031315624654607082,0.21333707444818556,0.8454440615832411,27058,85,2281,8411,29339,8496,RANDOM_FOREST,RF_09,313
0.685,0.9373331571296418,0.9902203369859786,0.7860082304526749,0.996942121357256,0.8914751759049655,0.8763752020439021,0.8198224563457225,0.0030578786427439856,0.2139917695473251,0.845135346305646,27060,83,2288,8404,29348,8487,RANDOM_FOREST,RF_09,313
0.69,0.9372802960222016,0.9905649251090931,0.7855405910961466,0.9970526470913311,0.8912966190937388,0.8762192895519273,0.8194626026889379,0.0029473529086689017,0.21445940890385334,0.8450331229191475,27063,80,2293,8399,29356,8479,RANDOM_FOREST,RF_09,313
0.695,0.9374388793445223,0.9914984059511158,0.7853535353535354,0.997347382382198,0.8913504588678667,0.8764678252700798,0.8194273669418585,0.0026526176178020117,0.21464646464646464,0.8455042165357907,27071,72,2295,8397,29366,8469,RANDOM_FOREST,RF_09,313
0.7,0.9373860182370821,0.9917287014061208,0.7849794238683128,0.9974210662049147,0.8912002450366137,0.8763247193944139,0.8191329468485877,0.002578933795085289,0.21502057613168724,0.845392872533416,27073,70,2299,8393,29372,8463,RANDOM_FOREST,RF_09,313
0.705,0.937095282146161,0.9919507575757576,0.7837635615413393,0.9974947500276314,0.8906291557844854,0.8756530825496343,0.8181037175882537,0.0025052499723685665,0.21623643845866067,0.8446921730523211,27075,68,2312,8380,29387,8448,RANDOM_FOREST,RF_09,313
0.71,0.9370159904850006,0.9920644320739074,0.7833894500561167,0.9975315919389898,0.8904605209975532,0.8754638097726679,0.8177930522739255,0.002468408061010205,0.2166105499438833,0.8445056497797092,27076,67,2316,8376,29392,8443,RANDOM_FOREST,RF_09,313
0.715,0.9368838377164002,0.9921763869132291,0.7828282828282829,0.9975684338503481,0.8901983583393155,0.8751568381430365,0.8173189594562925,0.002431566149651844,0.21717171717171718,0.8441881804699568,27077,66,2322,8370,29399,8436,RANDOM_FOREST,RF_09,313
0.72,0.9366723932866393,0.9926365795724466,0.7817059483726151,0.9977158014957817,0.8897108749341984,0.8746337379656759,0.8164022817847933,0.0022841985042183987,0.21829405162738497,0.8437046582780123,27081,62,2334,8358,29415,8420,RANDOM_FOREST,RF_09,313
0.725,0.936593101625479,0.9928681801973137,0.7812383090160868,0.9977894853184983,0.8895138971672926,0.8744307772834337,0.8160254782048026,0.0022105146815016765,0.2187616909839132,0.843528598355334,27083,60,2339,8353,29422,8413,RANDOM_FOREST,RF_09,313
0.73,0.9364609488568786,0.9928639391056137,0.7807706696595585,0.9977894853184983,0.8892800774890284,0.8741361256544502,0.815616695325934,0.0022105146815016765,0.21922933034044145,0.8432012194500635,27083,60,2344,8348,29427,8408,RANDOM_FOREST,RF_09,313
0.735,0.9363552266419981,0.992977862413711,0.7803030303030303,0.9978263272298566,0.8890646787664435,0.8738870849481514,0.8152237639241743,0.002173672770143315,0.2196969696969697,0.8429495737898484,27084,59,2349,8343,29433,8402,RANDOM_FOREST,RF_09,313
0.74,0.9363023655345579,0.9932110528823249,0.7799289188178077,0.9979000110525734,0.8889144649351906,0.873742665549036,0.8149284653271831,0.0020999889474265926,0.2200710811821923,0.8428392433017856,27086,57,2353,8339,29439,8396,RANDOM_FOREST,RF_09,313
0.745,0.9362495044271177,0.9933269780743565,0.7796483352038908,0.9979368529639318,0.8887925940839112,0.8736114022217565,0.8146989835809227,0.0020631470360682313,0.22035166479610924,0.8427186604016669,27087,56,2356,8336,29443,8392,RANDOM_FOREST,RF_09,313
0.75,0.9360909211047972,0.9934398854961832,0.7789936401047513,0.9979736948752901,0.8884836674900207,0.8732438666387083,0.8141421645292463,0.00202630512470987,0.22100635989524878,0.8423362702393231,27088,55,2363,8329,29451,8384,RANDOM_FOREST,RF_09,313
0.755,0.9359323377824765,0.9935530085959885,0.7783389450056116,0.9980105367866485,0.88817474089613,0.8728760226557584,0.8135851712810886,0.0019894632133515087,0.22166105499438832,0.841953935530621,27089,54,2370,8322,29459,8376,RANDOM_FOREST,RF_09,313
0.76,0.9359851988899167,0.9941443594646272,0.7780583613916947,0.9981947463434403,0.8881265538675676,0.8729275970619098,0.8134191176470588,0.0018052536565597024,0.22194163860830526,0.8421373957667446,27094,49,2373,8319,29467,8368,RANDOM_FOREST,RF_09,313
0.765,0.9359059072287564,0.9944969493958608,0.7774971941638609,0.9983052720775154,0.8879012331206881,0.8727100939583224,0.8129755315195494,0.0016947279224846185,0.22250280583613916,0.8419729083920168,27097,46,2379,8313,29476,8359,RANDOM_FOREST,RF_09,313
0.77,0.9357208933527157,0.9944923371647509,0.7768424990647212,0.9983052720775154,0.8875738855711184,0.8722957361898759,0.8124021909233176,0.0016947279224846185,0.22315750093527872,0.8415149230034802,27097,46,2386,8306,29483,8352,RANDOM_FOREST,RF_09,313
0.775,0.9355887405841152,0.9946075494307969,0.7762813318368874,0.9983421139888737,0.8873117229128806,0.8719861322687398,0.8119265157592003,0.0016578860111262572,0.22371866816311262,0.8411984802787147,27098,45,2392,8300,29490,8345,RANDOM_FOREST,RF_09,313
0.78,0.9354037267080745,0.994721689059501,0.7755331088664422,0.9983789559002321,0.8869560323833372,0.8715577044355687,0.8112867877269881,0.0016210440997678959,0.2244668911335578,0.8407512381119712,27099,44,2400,8292,29499,8336,RANDOM_FOREST,RF_09,313
0.785,0.935271573939474,0.9948373154040101,0.7749719416386083,0.9984157978115905,0.8866938697250994,0.8712475684769465,0.8108108108108109,0.0015842021884095348,0.2250280583613917,0.840434904909079,27100,43,2406,8286,29506,8329,RANDOM_FOREST,RF_09,313
0.79,0.9352187128320338,0.9950738916256158,0.7745978301533857,0.9984894816343072,0.8865436558938464,0.871101761767026,0.810514572038128,0.0015105183656928122,0.2254021698466143,0.8403257571597118,27102,41,2410,8282,29512,8323,RANDOM_FOREST,RF_09,313
0.795,0.9350865600634334,0.9950709305121423,0.7741301907968574,0.9984894816343072,0.8863098362155823,0.8708048395581274,0.8101045296167246,0.0015105183656928122,0.22586980920314254,0.8399986627475634,27102,41,2415,8277,29517,8318,RANDOM_FOREST,RF_09,313
0.8,0.935007268402273,0.9953074238960414,0.7736625514403292,0.998563165457024,0.8861128584486766,0.870599379045414,0.809726110534662,0.0014368345429760896,0.22633744855967078,0.8398242667616596,27104,39,2420,8272,29524,8311,RANDOM_FOREST,RF_09,313
0.805,0.9349544072948328,0.9954255447213194,0.7733819678264122,0.9986000073683823,0.8859909875973973,0.8704668666771935,0.8094958394517865,0.0013999926316177282,0.22661803217358772,0.8397044162794474,27105,38,2423,8269,29528,8307,RANDOM_FOREST,RF_09,313
0.81,0.9349279767411127,0.9957831325301205,0.7730078563411896,0.9987105331024574,0.8858591947218235,0.8703664700926705,0.8092151640949322,0.0012894668975426446,0.22699214365881032,0.839672082332896,27108,35,2427,8265,29535,8300,RANDOM_FOREST,RF_09,313
0.815,0.9348751156336725,0.9960212201591512,0.772633744855967,0.998784216925174,0.8857089808905705,0.8702201622247973,0.8089185695820766,0.001215783074825922,0.2273662551440329,0.839563469037481,27110,33,2431,8261,29541,8294,RANDOM_FOREST,RF_09,313
0.82,0.9348751156336725,0.9962605548854041,0.7724466891133558,0.9988579007478908,0.8856522949306234,0.8701928142450743,0.808786086411532,0.0011420992521091993,0.2275533108866442,0.8395857362224455,27112,31,2433,8259,29545,8290,RANDOM_FOREST,RF_09,313
0.825,0.9346901017576318,0.9963772491245019,0.7716984661429106,0.9988947426592492,0.8852966044010799,0.8697622937859062,0.8081451154772865,0.0011052573407508383,0.2283015338570894,0.8391392761722395,27113,30,2441,8251,29554,8281,RANDOM_FOREST,RF_09,313
0.83,0.9345843795427514,0.9964954682779457,0.7712308267863823,0.9989315845706075,0.8850812056784949,0.8695102019296673,0.807750328154693,0.001068415429392477,0.22876917321361767,0.8388890022489591,27114,29,2446,8246,29560,8275,RANDOM_FOREST,RF_09,313
0.835,0.9345579489890313,0.9967351874244257,0.7709502431724654,0.9990052683933243,0.8849777557828948,0.869423056639595,0.8075355617383126,0.0009947316066757543,0.22904975682753462,0.8388461856600935,27116,27,2449,8243,29565,8270,RANDOM_FOREST,RF_09,313
0.84,0.934452226774151,0.9969740982812878,0.7703890759446315,0.9990789522160409,0.8847340140803361,0.8691569061939431,0.8070742700372329,0.0009210477839590318,0.2296109240553685,0.8386074008104317,27118,25,2455,8237,29573,8262,RANDOM_FOREST,RF_09,313
0.845,0.9343465045592705,0.9969726325986922,0.7700149644594089,0.9990789522160409,0.8845469583377249,0.8689182058047492,0.8067455806843571,0.0009210477839590318,0.2299850355405911,0.8383459578061604,27118,25,2459,8233,29577,8258,RANDOM_FOREST,RF_09,313
0.85,0.9341879212369499,0.9969704314105672,0.769453797231575,0.9990789522160409,0.884266374723808,0.8685599662162162,0.8062524500196001,0.0009210477839590318,0.230546202768425,0.8379537730082554,27118,25,2465,8227,29583,8252,RANDOM_FOREST,RF_09,313
0.855,0.9341086295757897,0.9969693296157109,0.7691732136176581,0.9990789522160409,0.8841260829168496,0.8683807613114408,0.8060058411901916,0.0009210477839590318,0.23082678638234194,0.8377576714426361,27118,25,2468,8224,29586,8249,RANDOM_FOREST,RF_09,313
0.86,0.933950046253469,0.997329124681316,0.7683314627759072,0.999189477950116,0.8837604703630116,0.8679803476147709,0.8053132045877857,0.0008105220498839479,0.23166853722409278,0.8373999216036544,27121,22,2477,8215,29598,8237,RANDOM_FOREST,RF_09,313
0.865,0.9338178934848685,0.9978112840466926,0.7674897119341564,0.9993368455955495,0.883413278764853,0.8676252907591457,0.8046360213366802,0.0006631544044505029,0.23251028806584362,0.8371194946840789,27125,18,2486,8206,29611,8224,RANDOM_FOREST,RF_09,313
0.87,0.9337386018237082,0.9979316218518068,0.7671156004489338,0.9993736875069078,0.8832446439779208,0.8674316535349798,0.8043226704846334,0.0006263124930921416,0.2328843995510662,0.8369351293385597,27126,17,2490,8202,29616,8219,RANDOM_FOREST,RF_09,313
0.875,0.9335271573939474,0.9979296066252588,0.7663673774784886,0.9993736875069078,0.8828705324926982,0.8669523356081046,0.8036642539084722,0.0006263124930921416,0.2336326225215114,0.836412396264326,27126,17,2498,8194,29624,8211,RANDOM_FOREST,RF_09,313
0.88,0.9334742962865072,0.9980504447422932,0.7660867938645717,0.9994105294182662,0.882748661641419,0.8668183501772582,0.8034330554193233,0.0005894705817337803,0.23391320613542835,0.8362934399852606,27127,16,2501,8191,29628,8207,RANDOM_FOREST,RF_09,313
0.885,0.9333421435179067,0.9980492562789564,0.7656191545080434,0.9994105294182662,0.8825148419631548,0.8665184714724251,0.8030213851285071,0.0005894705817337803,0.2343808454919566,0.8359667267651812,27127,16,2506,8186,29633,8202,RANDOM_FOREST,RF_09,313
0.89,0.933157129641866,0.9980475899938988,0.7649644594089039,0.9994105294182662,0.882187494413585,0.8660983745433367,0.8024449110138729,0.0005894705817337803,0.23503554059109616,0.8355092989496387,27127,16,2513,8179,29640,8195,RANDOM_FOREST,RF_09,313
0.895,0.9331042685344259,0.9980471133894788,0.7647774036662925,0.9994105294182662,0.8820939665422793,0.8659782896478688,0.8022801750358116,0.0005894705817337803,0.23522259633370746,0.835378598982256,27127,16,2515,8177,29642,8193,RANDOM_FOREST,RF_09,313
0.9,0.932892824104665,0.998045204642639,0.7640291806958474,0.9994105294182662,0.8817198550570569,0.8654976956084123,0.8016211017996978,0.0005894705817337803,0.23597081930415265,0.8348557709484371,27127,16,2523,8169,29650,8185,RANDOM_FOREST,RF_09,313
0.905,0.9328663935509449,0.9982885085574572,0.7637485970819304,0.9994842132409829,0.8816164051614567,0.8654090716405256,0.8014053544790768,0.0005157867590170578,0.2362514029180696,0.8348141740077698,27129,14,2526,8166,29655,8180,RANDOM_FOREST,RF_09,313
0.91,0.9327342407823443,0.9984093967943227,0.7631874298540965,0.9995210551523414,0.8813542425032189,0.8650940895838856,0.8009265621012545,0.0004789448476586965,0.23681257014590348,0.834499366866557,27130,13,2532,8160,29662,8173,RANDOM_FOREST,RF_09,313
0.915,0.9325756574600238,0.9986524562048267,0.7624392068836513,0.999594738975058,0.8810169729293547,0.8647043224608857,0.8002984429914983,0.00040526102494197396,0.23756079311634867,0.834131280798325,27132,11,2540,8152,29672,8163,RANDOM_FOREST,RF_09,313
0.92,0.9324170741377031,0.9986514649993871,0.7618780396558175,0.999594738975058,0.8807363893154377,0.8643429359647727,0.7998036327933236,0.00040526102494197396,0.23812196034418256,0.8337392257189743,27132,11,2546,8146,29678,8157,RANDOM_FOREST,RF_09,313
0.925,0.9321527686005022,0.9986498097459188,0.7609427609427609,0.999594738975058,0.8802687499589095,0.8637401135941398,0.7989786899734852,0.00040526102494197396,0.23905723905723905,0.8330857430975631,27132,11,2556,8136,29688,8147,RANDOM_FOREST,RF_09,313
0.93,0.9319941852781816,0.998771347831429,0.7602880658436214,0.9996315808864163,0.8799598233650189,0.8633636025702299,0.7984167206867423,0.0003684191135836127,0.2397119341563786,0.8327057616800835,27133,10,2563,8129,29696,8139,RANDOM_FOREST,RF_09,313
0.935,0.9318620325095811,0.9987705925743792,0.7598204264870931,0.9996315808864163,0.8797260036867547,0.8630617231488367,0.7980040077010726,0.0003684191135836127,0.24017957351290684,0.8323789960140604,27133,10,2568,8124,29701,8134,RANDOM_FOREST,RF_09,313
0.94,0.9316770186335404,0.9990151421888465,0.7589786756453423,0.9997052647091331,0.8793419701772377,0.8626096199840552,0.7972922520681456,0.00029473529086689016,0.2410213243546577,0.8319459649375209,27135,8,2577,8115,29712,8123,RANDOM_FOREST,RF_09,313
0.945,0.9315184353112198,0.9991373998767714,0.7583239805462028,0.9997421066204915,0.8790330435833471,0.8622321476046153,0.7967297525696203,0.0002578933795085289,0.24167601945379724,0.8315661495366594,27136,7,2584,8108,29720,8115,RANDOM_FOREST,RF_09,313
0.95,0.931333421435179,0.999259807549963,0.7575757575757576,0.9997789485318498,0.8786773530538037,0.8617938078518992,0.7960844439202737,0.00022105146815016763,0.24242424242424243,0.8311210397915303,27137,6,2592,8100,29729,8106,RANDOM_FOREST,RF_09,313
0.05,0.7250165190960751,0.5069686411149826,0.9797979797979798,0.6246546070810154,0.8022262934394976,0.6681974741676234,0.825766174801362,0.3753453929189846,0.020202020202020204,0.5466579246688741,16955,10188,216,10476,17171,20664,RANDOM_FOREST,RF_09,997
0.055,0.7325227963525835,0.5140692640692641,0.977366255144033,0.6360755996021074,0.8067209273730702,0.6737588652482269,0.8281032078103209,0.36392440039789264,0.02263374485596708,0.553960260457428,17265,9878,242,10450,17507,20328,RANDOM_FOREST,RF_09,997
0.06,0.7412977401876569,0.52265664160401,0.975215114104003,0.6491544781343256,0.8121847961191643,0.6805691534495137,0.8312605631557128,0.3508455218656744,0.02478488589599701,0.5630983052204914,17620,9523,265,10427,17885,19950,RANDOM_FOREST,RF_09,997
0.065,0.7481168230474429,0.5296035870783654,0.9721286943509165,0.6598754743396087,0.8160020843452627,0.6856652813510126,0.8329326537808122,0.34012452566039125,0.02787130564908343,0.5695336595626601,17911,9232,298,10394,18209,19626,RANDOM_FOREST,RF_09,997
0.07,0.7555702391965111,0.5374520178441747,0.9690422745978301,0.6714806764174925,0.8202614755076614,0.6914247580914247,0.8349450407761981,0.32851932358250746,0.030957725402169848,0.5769102064896199,18226,8917,331,10361,18557,19278,RANDOM_FOREST,RF_09,997
0.075,0.7635786969737016,0.5462193766865971,0.9654882154882155,0.6840437681906937,0.8247659918394545,0.6977121422054002,0.8369954757001313,0.31595623180930626,0.034511784511784514,0.5849185631719377,18567,8576,369,10323,18936,18899,RANDOM_FOREST,RF_09,997
0.08,0.7705827937095282,0.5541792330891857,0.9624017957351291,0.6950226577754854,0.8287122267553073,0.7033492822966506,0.838822225120647,0.3049773422245146,0.037598204264870934,0.5921266937348179,18865,8278,402,10290,19267,18568,RANDOM_FOREST,RF_09,997
0.085,0.7777190432139554,0.5625548245614035,0.9596894874672652,0.7060383892716354,0.8328639383694503,0.7093184017696667,0.8409552845528455,0.2939616107283646,0.04031051253273475,0.5998878839499726,19164,7979,431,10261,19595,18240,RANDOM_FOREST,RF_09,997
0.09,0.7845116955200211,0.5709495333370592,0.955480733258511,0.7171646465018605,0.8363226898801858,0.7147804792723456,0.8420566756235471,0.2828353534981395,0.04451926674148896,0.6066226542309257,19466,7677,476,10216,19942,17893,RANDOM_FOREST,RF_09,997
0.095,0.7910929033963262,0.5793036750483559,0.9523943135054246,0.7275540655049184,0.8399741895051716,0.7204103289706403,0.8437178934809265,0.2724459344950816,0.04760568649457538,0.6138496987332662,19748,7395,509,10183,20257,17578,RANDOM_FOREST,RF_09,997
0.1,0.7971455001982292,0.5873732985809441,0.9484661429105874,0.7375382234830343,0.8430021831968109,0.725471259434131,0.844618792997185,0.2624617765169657,0.051533857089412646,0.620132997865234,20019,7124,551,10141,20570,17265,RANDOM_FOREST,RF_09,997
0.105,0.8041495969340557,0.5971120842703278,0.9436962214739992,0.7491802674722765,0.8464382444731379,0.7314244291409931,0.8455401736332249,0.25081973252772355,0.05630377852600075,0.6275370096087884,20335,6808,602,10090,20937,16898,RANDOM_FOREST,RF_09,997
0.11,0.8103343465045593,0.6059802266698818,0.9401421623643846,0.7592012673617508,0.8496717148630677,0.736950146627566,0.8467551721814139,0.24079873263824927,0.05985783763561541,0.634604394497688,20607,6536,640,10052,21247,16588,RANDOM_FOREST,RF_09,997
0.115,0.8161754988767015,0.6147797776276184,0.936026936026936,0.7689643738717165,0.8524956549493262,0.7421304363946462,0.8474604975697325,0.23103562612828354,0.06397306397306397,0.6411272157678016,20872,6271,684,10008,21556,16279,RANDOM_FOREST,RF_09,997
0.12,0.8219637901414034,0.6238262176036059,0.9320052375607931,0.7786169546476072,0.8553110961042001,0.7473936848421211,0.8482006060399714,0.2213830453523929,0.06799476243920688,0.6478214327780725,21134,6009,727,9965,21861,15974,RANDOM_FOREST,RF_09,997
0.125,0.827619928637505,0.6330907698199923,0.9276094276094277,0.7882326935121394,0.8579210605607835,0.7525608923287047,0.8486497587021254,0.2117673064878606,0.0723905723905724,0.6543702324240327,21395,5748,774,9918,22169,15666,RANDOM_FOREST,RF_09,997
0.13,0.8331703449187261,0.6425595625569587,0.9232136176580621,0.7977010647312383,0.8604573411946501,0.7577339372073385,0.8490452434199208,0.20229893526876175,0.0767863823419379,0.6609793059065779,21652,5491,821,9871,22473,15362,RANDOM_FOREST,RF_09,997
0.135,0.8386414695387868,0.6521998805494724,0.9191919191919192,0.8069115425708285,0.8630517308813739,0.7630138581576803,0.8496291301416049,0.1930884574291714,0.08080808080808081,0.6678383024804185,21902,5241,864,9828,22766,15069,RANDOM_FOREST,RF_09,997
0.14,0.8439011497290868,0.6618422832409036,0.9152637485970819,0.8157904432081936,0.8655270959026378,0.7681921657900934,0.8501581123814157,0.18420955679180637,0.08473625140291807,0.6746159036056633,22143,5000,906,9786,23049,14786,RANDOM_FOREST,RF_09,997
0.145,0.8489229549359059,0.6713262636000551,0.9118032173587729,0.8241535570865417,0.8679783872226573,0.7733005473149838,0.8508465700820388,0.17584644291345836,0.08819678264122709,0.6813941609315337,22370,4773,943,9749,23313,14522,RANDOM_FOREST,RF_09,997
0.15,0.854473371217127,0.682118275038629,0.9083426861204639,0.8332535091920569,0.8707980976562604,0.7791415964701162,0.8518401571764376,0.16674649080794313,0.0916573138795361,0.689244010599435,22617,4526,980,9712,23597,14238,RANDOM_FOREST,RF_09,997
0.155,0.8588608431346637,0.6908429610611896,0.9060044893378226,0.8402903142615039,0.8731474017996632,0.7839281378975479,0.852879027997887,0.15970968573849612,0.09399551066217733,0.6957557091199217,22808,4335,1005,9687,23813,14022,RANDOM_FOREST,RF_09,997
0.16,0.8633804678208008,0.7004427669303912,0.9025439580995137,0.847953431824043,0.8752486949617784,0.7887531161878295,0.8533026792819878,0.15204656817595696,0.09745604190048635,0.7022641443320853,23016,4127,1042,9650,24058,13777,RANDOM_FOREST,RF_09,997
0.165,0.8671864675564953,0.7087600383113534,0.8997381219603442,0.8543639244003979,0.877051023180371,0.7929116010715022,0.8537299657443069,0.1456360755996021,0.10026187803965582,0.707925072493547,23190,3953,1072,9620,24262,13573,RANDOM_FOREST,RF_09,997
0.17,0.8714153561517114,0.7181253275436101,0.897119341563786,0.8612902037357698,0.8792047726497779,0.7977046862655411,0.854521158129176,0.1387097962642302,0.102880658436214,0.7145288366435545,23378,3765,1100,9592,24478,13357,RANDOM_FOREST,RF_09,997
0.175,0.8754592308708867,0.7273764258555133,0.8945940890385334,0.8679217477802749,0.8812579184094042,0.8023655733579398,0.8552702171036158,0.13207825221972516,0.10540591096146652,0.7209876476994977,23558,3585,1127,9565,24685,13150,RANDOM_FOREST,RF_09,997
0.18,0.87894806396194,0.7358752701451066,0.8916947250280584,0.8739269793316877,0.882810852179873,0.8063261163734776,0.8554662264015506,0.12607302066831227,0.10830527497194165,0.7264750529585489,23721,3422,1158,9534,24879,12956,RANDOM_FOREST,RF_09,997
0.185,0.8825161887141536,0.7445392625068504,0.8894500561167228,0.8797848432376671,0.884617449677195,0.810568932452589,0.8561243045677968,0.12021515676233283,0.11054994388327721,0.7324248300418332,23880,3263,1182,9510,25062,12773,RANDOM_FOREST,RF_09,997
0.19,0.8853706885159244,0.7520825069416898,0.8866442199775533,0.884869027005121,0.8857566234913372,0.8138386916770399,0.8560128582522166,0.11513097299487897,0.11335578002244669,0.7370072082694344,24018,3125,1212,9480,25230,12605,RANDOM_FOREST,RF_09,997
0.195,0.8882516188714153,0.7595566977192418,0.8845866068088291,0.8896953173930664,0.8871409621009477,0.8173176633252679,0.856392611372691,0.11030468260693364,0.11541339319117097,0.7419360749460393,24149,2994,1234,9458,25383,12452,RANDOM_FOREST,RF_09,997
0.2,0.8903660631690233,0.7662327095199349,0.8807519640852974,0.8941531886674281,0.8874525763763628,0.8195109215908103,0.8551890733408406,0.10584681133257193,0.11924803591470258,0.7450373619582392,24270,2873,1275,9417,25545,12290,RANDOM_FOREST,RF_09,997
0.205,0.8926126602352319,0.7730455556470879,0.877665544332211,0.8985005342077147,0.8880830392699628,0.8220402084884587,0.8545358515307704,0.1014994657922853,0.122334455667789,0.7486672564770932,24388,2755,1308,9384,25696,12139,RANDOM_FOREST,RF_09,997
0.21,0.8951235628386415,0.7803535690460307,0.8752338196782641,0.9029584054820764,0.8890961125801702,0.8250749426908836,0.8544558071585098,0.09704159451792359,0.12476618032173588,0.753057281489011,24509,2634,1334,9358,25843,11992,RANDOM_FOREST,RF_09,997
0.215,0.896841548830448,0.785948951225676,0.8726150392817059,0.906384703238404,0.889499871260055,0.8270176838186412,0.8537857574260143,0.093615296761596,0.12738496071829405,0.7559033321566713,24602,2541,1362,9330,25964,11871,RANDOM_FOREST,RF_09,997
0.22,0.8990088542354963,0.7927068245718667,0.8701833146277591,0.910363629665107,0.890273472146433,0.8296401979580008,0.8534996789285386,0.08963637033489297,0.12981668537224092,0.7597579629581025,24710,2433,1388,9304,26098,11737,RANDOM_FOREST,RF_09,997
0.225,0.9012818818554249,0.7997414907367514,0.8680321735877291,0.9143793980031684,0.8912057857954487,0.8324886756065838,0.853456678866349,0.0856206019968316,0.13196782641227087,0.7639623317334729,24819,2324,1411,9281,26230,11605,RANDOM_FOREST,RF_09,997
0.23,0.903184881723272,0.80590129689268,0.8659745604190049,0.9178425376708543,0.8919085490449297,0.8348586628195303,0.8532539580146341,0.08215746232914564,0.13402543958099514,0.7674934412360731,24913,2230,1433,9259,26346,11489,RANDOM_FOREST,RF_09,997
0.235,0.9048764371613586,0.811615850979703,0.8639169472502806,0.9210109420476734,0.892463944648977,0.8369501200561773,0.8529243383996009,0.07898905795232657,0.1360830527497194,0.7706412867061495,24999,2144,1455,9237,26454,11381,RANDOM_FOREST,RF_09,997
0.24,0.9067265759217655,0.817649667405765,0.8622334455667789,0.9242530302472092,0.8932432379069941,0.8393499339918968,0.8529319245785763,0.07574696975279077,0.1377665544332211,0.7742431056105911,25087,2056,1473,9219,26560,11275,RANDOM_FOREST,RF_09,997
0.245,0.9080216730540505,0.8224825612591665,0.8601758323980546,0.9268688059536528,0.8935223191758537,0.840907012892018,0.8523632993512511,0.07313119404634713,0.13982416760194538,0.7766493255986028,25158,1985,1495,9197,26653,11182,RANDOM_FOREST,RF_09,997
0.25,0.9094224924012158,0.8275768779871945,0.8583052749719416,0.9295582654828133,0.8939317702273775,0.8426610348468849,0.8519783872105762,0.07044173451718676,0.14169472502805835,0.7793522433366298,25231,1912,1515,9177,26746,11089,RANDOM_FOREST,RF_09,997
0.255,0.9111404783930224,0.8335456862031307,0.8566217732884399,0.9326161441255573,0.8946189587069986,0.8449261992619925,0.8519049036386636,0.06738385587444276,0.14337822671156006,0.7828149904226521,25314,1829,1533,9159,26847,10988,RANDOM_FOREST,RF_09,997
0.26,0.9128320338311088,0.8392365571664525,0.8554059109614666,0.935452971300151,0.8954294411308088,0.8472440944881889,0.8521223866134983,0.06454702869984895,0.1445940890385335,0.7863382109511712,25391,1752,1546,9146,26937,10898,RANDOM_FOREST,RF_09,997
0.265,0.9141535615171138,0.8439290334503788,0.8541900486344931,0.9377740117157278,0.8959820301751105,0.8490285395556382,0.852117932450084,0.062225988284272185,0.14580995136550692,0.7890848366102372,25454,1689,1559,9133,27013,10822,RANDOM_FOREST,RF_09,997
0.27,0.9153693669882385,0.8488913732066331,0.8522259633370745,0.9402424197767381,0.8962341915569063,0.850555399981331,0.8515569511420135,0.05975758022326198,0.14777403666292555,0.7915291056591774,25521,1622,1580,9112,27101,10734,RANDOM_FOREST,RF_09,997
0.275,0.916320866922162,0.8530018761726079,0.8504489337822672,0.9422687249014479,0.8963588293418575,0.8517234919445485,0.850958299019241,0.05773127509855211,0.1495510662177329,0.7934390160346458,25576,1567,1599,9093,27175,10660,RANDOM_FOREST,RF_09,997
0.28,0.9175631029470067,0.8579260799697513,0.8488589599700711,0.944626607228383,0.896742783599227,0.8533684358986412,0.8506570191388457,0.05537339277161699,0.15114104002992892,0.7960568087677645,25640,1503,1616,9076,27256,10579,RANDOM_FOREST,RF_09,997
0.285,0.9185674639883705,0.8623250499857184,0.8470819304152637,0.9467265961758096,0.8969042632955366,0.8546355272469921,0.850087289519626,0.0532734038241904,0.15291806958473625,0.7981449481650718,25697,1446,1635,9057,27332,10503,RANDOM_FOREST,RF_09,997
0.29,0.9193075194925334,0.8655373719973203,0.8458660680882903,0.9482371145415024,0.8970515913148964,0.8555886665720638,0.8497284702256797,0.05176288545849759,0.15413393191170968,0.7997121024973329,25738,1405,1648,9044,27386,10449,RANDOM_FOREST,RF_09,997
0.295,0.9199682833355359,0.8691003660181083,0.8439019827908717,0.949931842463987,0.8969169126274293,0.8563158394229857,0.8488240827845719,0.050068157536012965,0.15609801720912833,0.8010370086109517,25784,1359,1669,9023,27453,10382,RANDOM_FOREST,RF_09,997
0.3,0.9210255054843399,0.8734729493891797,0.8425925925925926,0.9519213056773386,0.8972569491349656,0.8577549271636675,0.8485927433028145,0.04807869432266146,0.1574074074074074,0.8033674441942312,25838,1305,1683,9009,27521,10314,RANDOM_FOREST,RF_09,997
0.305,0.9219770054182636,0.8774873195474053,0.8413767302656191,0.9537265593338983,0.8975516447997587,0.8590527119938884,0.8483591097698983,0.046273440666101756,0.15862326973438085,0.8054839668210514,25887,1256,1696,8996,27583,10252,RANDOM_FOREST,RF_09,997
0.31,0.9229285053521872,0.8816254416961131,0.8400673400673401,0.9555686549018163,0.8978179974845781,0.860344827586207,0.8480625424881034,0.044431345098183694,0.15993265993265993,0.8076149441903366,25937,1206,1710,8982,27647,10188,RANDOM_FOREST,RF_09,997
0.315,0.9240385886084314,0.8861885002963841,0.8389450056116723,0.9575581181151678,0.89825156186342,0.8619198616315941,0.8479863868406128,0.04244188188483219,0.1610549943883277,0.810160274978258,25991,1152,1722,8970,27713,10122,RANDOM_FOREST,RF_09,997
0.32,0.9245936302365535,0.8886465047099653,0.8381967826412271,0.9586265335445603,0.8984116580928937,0.8626846994272513,0.847823207764933,0.04137346645543971,0.16180321735877293,0.8114298631649496,26020,1123,1730,8962,27750,10085,RANDOM_FOREST,RF_09,997
0.325,0.9254922690630368,0.8929819307177798,0.836606808829031,0.9605054710238368,0.8985561399264339,0.8638756096383216,0.8473051056171261,0.03949452897616328,0.16339319117096895,0.8134785573771545,26071,1072,1747,8945,27818,10017,RANDOM_FOREST,RF_09,997
0.33,0.9268402273027619,0.8982710092480901,0.8357650579872802,0.9627159857053383,0.8992405218463093,0.865891472868217,0.8475605129372485,0.037284014294661605,0.1642349420127198,0.8166843286539544,26131,1012,1756,8936,27887,9948,RANDOM_FOREST,RF_09,997
0.335,0.9272895467160037,0.9012632642748863,0.8340815563037786,0.9640054526028811,0.8990435044533298,0.8663719823189391,0.8467045174031105,0.035994547397118964,0.16591844369622147,0.8176878407908477,26166,977,1774,8918,27940,9895,RANDOM_FOREST,RF_09,997
0.34,0.9280031716664464,0.9046313223644119,0.8330527497194163,0.9654054452344988,0.8992290974769576,0.8673678060181127,0.8464477135363211,0.03459455476550123,0.1669472502805836,0.8193830470946598,26204,939,1785,8907,27989,9846,RANDOM_FOREST,RF_09,997
0.345,0.9287960882780494,0.9082278481012658,0.8321174710063599,0.9668791216888332,0.8994982963475966,0.8685083951581413,0.8463016513202954,0.033120878311166786,0.16788252899364012,0.8212921600482749,26244,899,1795,8897,28039,9796,RANDOM_FOREST,RF_09,997
0.35,0.9292982687987313,0.9107490521569833,0.831275720164609,0.9679106952068673,0.8995932076857382,0.8691995501442472,0.8460410836331791,0.03208930479313267,0.16872427983539096,0.8225005852222088,26272,871,1804,8888,28076,9759,RANDOM_FOREST,RF_09,997
0.355,0.9297211576582529,0.9132626813458175,0.8301533857089413,0.9689422687249014,0.8995478272169213,0.8697271079319975,0.845542705812868,0.031057731275098553,0.16984661429105874,0.8235113874514346,26300,843,1816,8876,28116,9719,RANDOM_FOREST,RF_09,997
0.36,0.9304612131624157,0.9167614517630028,0.8292181069958847,0.9703422613565191,0.8997801841762019,0.8707950694887787,0.845363183889853,0.029657738643480824,0.17078189300411523,0.8253284164138657,26338,805,1826,8866,28164,9671,RANDOM_FOREST,RF_09,997
0.365,0.9311219770054182,0.9203576627157413,0.8279087167976057,0.9717790958994953,0.8998439063485505,0.8716888232397833,0.8448822204405756,0.028220904100504735,0.1720912832023943,0.8269534632030545,26377,766,1840,8852,28217,9618,RANDOM_FOREST,RF_09,997
0.37,0.9314127130963393,0.9226432821797682,0.8265993265993266,0.9727001436834543,0.8996497351413903,0.871984608554092,0.8441744512579517,0.027299856316545704,0.1734006734006734,0.8276610086880425,26402,741,1854,8838,28256,9579,RANDOM_FOREST,RF_09,997
0.375,0.9317563102947006,0.925498426023085,0.8249158249158249,0.9738422429355635,0.8993790339256942,0.8723172782118486,0.8432444835366552,0.0261577570644365,0.1750841750841751,0.828505939584279,26433,710,1872,8820,28305,9530,RANDOM_FOREST,RF_09,997
0.38,0.9319148936170213,0.9271578947368421,0.8237934904601572,0.974505397340014,0.8991494439000856,0.8724247226624405,0.8425805464146323,0.025494602659986,0.17620650953984288,0.8288968924529696,26451,692,1884,8808,28335,9500,RANDOM_FOREST,RF_09,997
0.385,0.9322320602616625,0.9295075036990066,0.8225776281331837,0.975426445123973,0.8990020366285784,0.8727795971023122,0.8419490714148957,0.024573554876026967,0.1774223718668163,0.8296967819229666,26476,667,1897,8795,28373,9462,RANDOM_FOREST,RF_09,997
0.39,0.9325492269063037,0.9314182743269027,0.8218294051627385,0.9761632833511402,0.8989963442569393,0.873198847262248,0.8416344201371595,0.023836716648859745,0.1781705948372615,0.8305055876357972,26496,647,1905,8787,28401,9434,RANDOM_FOREST,RF_09,997
0.395,0.9329192546583851,0.9336311423101468,0.8209876543209876,0.9770106473123825,0.898999150816685,0.8736936398925053,0.8412880966072455,0.022989352687617433,0.17901234567901234,0.8314552875240799,26519,624,1914,8778,28433,9402,RANDOM_FOREST,RF_09,997
0.4,0.9333421435179067,0.9356868600682594,0.8205200149644594,0.9777843274509082,0.8991521712076838,0.8743272872234402,0.8412281374654801,0.022215672549091847,0.17947998503554058,0.8325460657483031,26540,603,1919,8773,28459,9376,RANDOM_FOREST,RF_09,997
0.405,0.9335007268402273,0.9374063770597046,0.8193976805087916,0.9784474818553587,0.8989225811820751,0.8744385667232258,0.8405610776374871,0.021552518144641344,0.1806023194912084,0.8329626412256355,26558,585,1931,8761,28489,9346,RANDOM_FOREST,RF_09,997
0.41,0.9334742962865072,0.9384318352461654,0.8182753460531238,0.9788527428803007,0.8985640444667122,0.8742443167624281,0.839780384327427,0.02114725711969937,0.18172465394687617,0.8329037703311089,26569,574,1943,8749,28512,9323,RANDOM_FOREST,RF_09,997
0.415,0.9338707545923087,0.9410814304179234,0.817153011597456,0.9798474744869764,0.8985002430422162,0.8747496996395675,0.8392568969492047,0.020152525513023614,0.18284698840254396,0.8339475876673274,26596,547,1955,8737,28551,9284,RANDOM_FOREST,RF_09,997
0.42,0.9343465045592705,0.943579766536965,0.8164983164983165,0.9807685222709354,0.8986334193846259,0.8754512635379061,0.8391003460207613,0.019231477729064583,0.1835016835016835,0.8351998011649129,26621,522,1962,8730,28583,9252,RANDOM_FOREST,RF_09,997
0.425,0.9345843795427514,0.9454624308793235,0.81556303778526,0.9814685185867443,0.8985157781860021,0.8757218177253326,0.838606681925718,0.01853148141325572,0.18443696221473999,0.8358410613117008,26640,503,1972,8720,28612,9223,RANDOM_FOREST,RF_09,997
0.43,0.9347958239725123,0.9468651526676084,0.8150018705574261,0.9819843053457613,0.8984930879515938,0.875998994722292,0.8383521579342326,0.018015694654238662,0.18499812944257388,0.8364088763610398,26654,489,1978,8714,28632,9203,RANDOM_FOREST,RF_09,997
0.435,0.9351394211708736,0.9489862655330281,0.8142536475869809,0.9827579854842869,0.8985058165356339,0.8764723648444579,0.8380501328404759,0.017242014515713076,0.18574635241301907,0.8373326410266012,26675,468,1986,8706,28661,9174,RANDOM_FOREST,RF_09,997
0.44,0.9353772961543544,0.9505080301540478,0.813692480359147,0.9833106141546624,0.8985015472569047,0.8767951625094482,0.8378112902293869,0.016689385845337655,0.186307519640853,0.8379767306645788,26690,453,1992,8700,28682,9153,RANDOM_FOREST,RF_09,997
0.445,0.9355623100303951,0.9522244137628753,0.8127572016460906,0.9839369266477545,0.8983470641469224,0.8769805227570895,0.8372836936832776,0.016063073352245515,0.18724279835390947,0.8384955264833186,26707,436,2002,8690,28709,9126,RANDOM_FOREST,RF_09,997
0.45,0.9358266155675962,0.9541657507144428,0.8119154508043397,0.9846369229635633,0.8982761868839515,0.877311773623042,0.8368680831373154,0.01536307703643665,0.1880845491956603,0.8392262398011369,26726,417,2011,8681,28737,9098,RANDOM_FOREST,RF_09,997
0.455,0.9358266155675962,0.9550660792951542,0.8110736999625888,0.9849685001657886,0.8980211000641887,0.8772000809225167,0.8362906958802654,0.015031499834211398,0.18892630003741115,0.8392568207711867,26735,408,2020,8672,28755,9080,RANDOM_FOREST,RF_09,997
0.46,0.9360644905510771,0.9568194367752623,0.8103254769921436,0.9855948126588807,0.8979601448255121,0.8775003798045272,0.835922273893831,0.014405187341119258,0.18967452300785634,0.839920830563508,26752,391,2028,8664,28780,9055,RANDOM_FOREST,RF_09,997
0.465,0.9362495044271177,0.9580659437928746,0.8098578376356154,0.986036915595181,0.8979473766153983,0.8777496198682209,0.8357140099602363,0.013963084404818922,0.19014216236438458,0.840435228471001,26764,379,2033,8659,28797,9038,RANDOM_FOREST,RF_09,997
0.47,0.9365138099643188,0.9597382431233363,0.8092966704077815,0.9866263861769149,0.8979615282923482,0.8781205601786076,0.8354897265564653,0.013373613823085141,0.19070332959221847,0.8411686513602669,26780,363,2039,8653,28819,9016,RANDOM_FOREST,RF_09,997
0.475,0.9366459627329192,0.9609869956652217,0.808641975308642,0.9870684891132152,0.8978552322109286,0.8782568947127838,0.8351202549985512,0.012931510886784806,0.19135802469135801,0.8415540975532525,26792,351,2046,8646,28838,8997,RANDOM_FOREST,RF_09,997
0.48,0.9367516849477997,0.9622368274479225,0.8078937523381968,0.9875105920495155,0.8977021721938562,0.8783364685545783,0.8346700164267079,0.012489407950484472,0.19210624766180323,0.8418750327680433,26804,339,2054,8638,28858,8977,RANDOM_FOREST,RF_09,997
0.485,0.9368045460552399,0.9630704005355349,0.8073325851103629,0.9878053273403824,0.8975689562253726,0.8783515644874077,0.8343159807465543,0.012194672659617581,0.19266741488963712,0.8420458250364847,26812,331,2060,8632,28872,8963,RANDOM_FOREST,RF_09,997
0.49,0.9367781155015198,0.9633765073693613,0.8069584736251403,0.9879158530744575,0.8974371633497988,0.8782573289902279,0.8340422241125977,0.012084146925542497,0.19304152637485972,0.8419935229352591,26815,328,2064,8628,28879,8956,RANDOM_FOREST,RF_09,997
0.495,0.9369102682701203,0.9644335085560899,0.806490834268612,0.9882842721880412,0.8973875532283266,0.8784189884378343,0.833800692335957,0.011715727811958884,0.19350916573138796,0.8423755881809913,26825,318,2069,8623,28894,8941,RANDOM_FOREST,RF_09,997
0.5,0.9369102682701203,0.965161868488854,0.8058361391694725,0.9885421655675496,0.897189152368511,0.8783322289617208,0.8333494535254861,0.011457834432450355,0.1941638608305275,0.8424109097754989,26832,311,2076,8616,28908,8927,RANDOM_FOREST,RF_09,997
0.505,0.9369895599312805,0.9663224068253256,0.8050879161990273,0.9889474265924916,0.8970176713957594,0.8783673469387754,0.8328818019970585,0.01105257340750838,0.1949120838009727,0.8426678599180871,26843,300,2084,8608,28927,8908,RANDOM_FOREST,RF_09,997
0.51,0.9371745738073213,0.9673974142776841,0.8048073325851104,0.9893158457060752,0.8970615891455929,0.8786439985704804,0.8328010374929833,0.01068415429392477,0.19519266741488964,0.8431872499991215,26853,290,2087,8605,28940,8895,RANDOM_FOREST,RF_09,997
0.515,0.9371481432536012,0.9680252195451475,0.8041526374859708,0.9895368971742254,0.8968447673300981,0.8785123122509452,0.8323330106485962,0.010463102825774602,0.19584736251402918,0.8431539572617143,26859,284,2094,8598,28953,8882,RANDOM_FOREST,RF_09,997
0.52,0.9372274349147615,0.96877465900124,0.8037785260007482,0.989794790553734,0.896786658277241,0.8785973521443542,0.832123007804179,0.010205209446266073,0.19622147399925177,0.8433928130229229,26866,277,2098,8594,28964,8871,RANDOM_FOREST,RF_09,997
0.525,0.9374388793445223,0.9700734048560136,0.8034044145155256,0.9902368934900343,0.8968206540027799,0.8789072491942498,0.8319934912732697,0.009763106509965737,0.19659558548447437,0.8439936697179184,26878,265,2102,8590,28980,8855,RANDOM_FOREST,RF_09,997
0.53,0.9373595876833619,0.9707013574660633,0.8025626636737748,0.9904579449581844,0.8965103043159797,0.878660659430678,0.8313633545186793,0.009542055041815569,0.1974373363262252,0.8438304305650387,26884,259,2111,8581,28995,8840,RANDOM_FOREST,RF_09,997
0.535,0.9375710321131228,0.9722222222222222,0.8020014964459409,0.9909737317172015,0.8964876140815712,0.8789462894628947,0.831104132744049,0.00902626828279851,0.1979985035540591,0.8444470812359036,26898,245,2117,8575,29015,8820,RANDOM_FOREST,RF_09,997
0.54,0.9375974626668429,0.9729760417849438,0.801440329218107,0.99123162509671,0.8963359771574085,0.8789168675316682,0.8307319437712068,0.008768374903289983,0.19855967078189302,0.8445577190412886,26905,238,2123,8569,29028,8807,RANDOM_FOREST,RF_09,997
0.545,0.9375974626668429,0.9737291026953259,0.8007856341189674,0.9914895184762186,0.8961375762975929,0.8788298691301001,0.8302786990166986,0.008510481523781454,0.19921436588103256,0.8446030337099598,26912,231,2130,8562,29042,8793,RANDOM_FOREST,RF_09,997
0.55,0.9375710321131228,0.9742655431564564,0.8002244668911336,0.9916737280330103,0.895949097462072,0.8787100749717573,0.8298739088263821,0.008326271966989648,0.19977553310886645,0.8445697903708269,26917,226,2136,8556,29053,8782,RANDOM_FOREST,RF_09,997
0.555,0.9377296154354434,0.9753649635036497,0.799850355405911,0.992042147146594,0.8959462512762525,0.8789311408016444,0.8297112697919901,0.007957852853406035,0.20014964459408904,0.845034137227247,26927,216,2140,8552,29067,8768,RANDOM_FOREST,RF_09,997
0.56,0.9379146293114841,0.9764705882352941,0.7995697717919941,0.9924105662601775,0.8959901690260859,0.8792101609502752,0.8296294858606835,0.007589433739822422,0.200430228208006,0.8455660196716824,26937,206,2143,8549,29080,8755,RANDOM_FOREST,RF_09,997
0.565,0.938152504294965,0.9779125658045319,0.7991956603067715,0.9928895111078363,0.8960425857073039,0.8795676788471436,0.8295150079602377,0.007110488892163726,0.20080433969322858,0.8462528691557772,26950,193,2147,8545,29097,8738,RANDOM_FOREST,RF_09,997
0.57,0.9382053654024052,0.978794131132508,0.7986344930789375,0.9931842463987032,0.8959093697388203,0.8795838483724763,0.8291579274450399,0.006815753601296835,0.20136550692106248,0.846443128143235,26958,185,2153,8539,29111,8724,RANDOM_FOREST,RF_09,997
0.575,0.9382582265098454,0.9791284403669724,0.7985409652076318,0.9932947721327783,0.8959178686702051,0.8796620647022461,0.8291252330640149,0.006705227867221751,0.20145903479236812,0.8465972574663916,26961,182,2154,8538,29115,8720,RANDOM_FOREST,RF_09,997
0.58,0.9383639487247258,0.9801286469101769,0.7980733258511036,0.9936263493350035,0.8958498375930535,0.8797814207650273,0.828865058087578,0.0063736506649965,0.20192667414889637,0.8469284969011206,26970,173,2159,8533,29129,8706,RANDOM_FOREST,RF_09,997
0.585,0.9382582265098454,0.9810039143449228,0.7969509913954358,0.9939210846258704,0.8954360380106531,0.879450923727939,0.8280211451004782,0.00607891537412961,0.20304900860456415,0.8467260037665173,26978,165,2171,8521,29149,8686,RANDOM_FOREST,RF_09,997
0.59,0.9382317959561253,0.9814451999539011,0.7964833520389076,0.9940684522713038,0.8952759021551058,0.8793432804997677,0.8276800466517641,0.005931547728696165,0.2035166479610924,0.846691243024517,26982,161,2176,8516,29158,8677,RANDOM_FOREST,RF_09,997
0.595,0.9381260737412449,0.9817699319256952,0.795828656939768,0.9941789780053789,0.8950038174725734,0.8790743323518776,0.8271604938271606,0.005821021994621081,0.20417134306023194,0.8464512739398005,26985,158,2183,8509,29168,8667,RANDOM_FOREST,RF_09,997
0.6,0.9381260737412449,0.9822150363783346,0.7954545454545454,0.9943263456508123,0.8948904455526789,0.879024339827399,0.8269002663970288,0.005673654349187636,0.20454545454545456,0.846483067345552,26989,154,2187,8505,29176,8659,RANDOM_FOREST,RF_09,997
0.605,0.9381260737412449,0.9828842373077368,0.7948933782267116,0.9945473971189626,0.8947203876728371,0.878949273488805,0.8265097734124283,0.005452602881037469,0.20510662177328845,0.8465313661452575,26995,148,2193,8499,29188,8647,RANDOM_FOREST,RF_09,997
0.61,0.9381260737412449,0.9835552982049798,0.7943322109988776,0.9947684485871127,0.8945503297929951,0.8788741139338749,0.8261190981071143,0.005231551412887301,0.20566778900112234,0.8465803973204045,27001,142,2199,8493,29200,8635,RANDOM_FOREST,RF_09,997
0.615,0.9382317959561253,0.9840111226972541,0.7943322109988776,0.9949158162325461,0.8946240136157119,0.8790560471976401,0.8261833887818828,0.005084183767453856,0.20566778900112234,0.846876682205186,27005,138,2199,8493,29204,8631,RANDOM_FOREST,RF_09,997
0.62,0.9382846570635655,0.984801021000116,0.7938645716423495,0.9951737096120546,0.8945191406272021,0.8790844596344053,0.8258898164905522,0.0048262903879453265,0.20613542835765059,0.8470667881095886,27012,131,2204,8488,29216,8619,RANDOM_FOREST,RF_09,997
0.625,0.9382053654024052,0.9853590518243086,0.7931163486719043,0.9953579191688465,0.8942371339203754,0.8788475489688051,0.8253202008798225,0.00464208083115352,0.20688365132809577,0.8469119745093959,27017,126,2212,8480,29229,8606,RANDOM_FOREST,RF_09,997
0.63,0.9380996431875248,0.9858040493367466,0.792368125701459,0.99550528681428,0.8939367062578695,0.8785647620035258,0.8247342393208986,0.004494713185720075,0.20763187429854096,0.8466834258949147,27021,122,2220,8472,29241,8594,RANDOM_FOREST,RF_09,997
0.635,0.9380203515263644,0.9861386138613861,0.7918069584736251,0.995615812548355,0.89371138551099,0.8783524407324791,0.8242945884368976,0.004384187451644992,0.20819304152637486,0.8465123200704099,27024,119,2226,8466,29250,8585,RANDOM_FOREST,RF_09,997
0.64,0.9378353376503238,0.9863540937718684,0.7909652076318743,0.9956894963710717,0.8933273520014731,0.8779196511990035,0.8235947177749211,0.004310503628928269,0.2090347923681257,0.8460698531696692,27026,117,2235,8457,29261,8574,RANDOM_FOREST,RF_09,997
0.645,0.9377560459891635,0.9869174161896974,0.7902169846614291,0.9958737059278635,0.8930453452946463,0.8776814003012516,0.8230240215083092,0.004126294072136463,0.20978301533857088,0.845917030882725,27031,112,2243,8449,29274,8561,RANDOM_FOREST,RF_09,997
0.65,0.9376767543280031,0.9871405190554127,0.7897493453049008,0.9959473897505803,0.8928483675277405,0.8774810350202639,0.8226491563072366,0.00405261024941974,0.21025065469509913,0.8457378582089949,27033,110,2248,8444,29281,8554,RANDOM_FOREST,RF_09,997
0.655,0.9377031848817232,0.9875979875979876,0.7894687616909839,0.9960947573960137,0.8927817595434988,0.8774884349498415,0.82246906362662,0.0039052426039862947,0.2105312383090161,0.8458395642169199,27037,106,2251,8441,29288,8547,RANDOM_FOREST,RF_09,997
0.66,0.9375974626668429,0.9880492091388401,0.7887205387205387,0.9962421250414472,0.892481331880993,0.8772039319706664,0.8218817613005088,0.0037578749585528495,0.2112794612794613,0.8456133404065574,27041,102,2259,8433,29300,8535,RANDOM_FOREST,RF_09,997
0.665,0.9373595876833619,0.9882656653367754,0.7876917321361766,0.9963158088641638,0.8920037705001702,0.8766524409284897,0.8210177422499513,0.0036841911358361274,0.21230826786382342,0.8450409196753227,27043,100,2270,8422,29313,8522,RANDOM_FOREST,RF_09,997
0.67,0.9372274349147615,0.9886029843731642,0.7869435091657314,0.9964263345982389,0.8916849218819851,0.8763214081133157,0.82041381462197,0.0035736654017610434,0.2130564908342686,0.8447405592828447,27046,97,2278,8414,29324,8511,RANDOM_FOREST,RF_09,997
0.675,0.9373067265759217,0.989181561618062,0.7867564534231201,0.9966105441550308,0.8916834987890754,0.8764325901229422,0.8203307848338273,0.003389455844969237,0.2132435465768799,0.8449842400253331,27051,92,2280,8412,29331,8504,RANDOM_FOREST,RF_09,997
0.68,0.9372538654684816,0.9896397457028491,0.7861952861952862,0.9967579118004642,0.8914765989978752,0.8762639424580424,0.8199055830829854,0.0032420881995357917,0.2138047138047138,0.8448908692486952,27055,88,2286,8406,29341,8494,RANDOM_FOREST,RF_09,997
0.685,0.9372538654684816,0.9899858623939679,0.7859147025813692,0.9968684375345392,0.8913915700579542,0.8762252346193952,0.8197089121273606,0.0031315624654607082,0.21408529741863075,0.8449194740020639,27058,85,2289,8403,29347,8488,RANDOM_FOREST,RF_09,997
0.69,0.9372274349147615,0.9903313288527297,0.7855405910961466,0.9969789632686143,0.8912597771823805,0.876127888176081,0.819430623036547,0.0030210367313856243,0.21445940890385334,0.844882706362851,27061,82,2293,8399,29354,8481,RANDOM_FOREST,RF_09,997
0.695,0.9371217126998811,0.990558243833353,0.7849794238683128,0.9970526470913311,0.891016035479822,0.8758674667362379,0.8189730879569095,0.0029473529086689017,0.21502057613168724,0.844639799890069,27063,80,2299,8393,29362,8473,RANDOM_FOREST,RF_09,997
0.7,0.9369895599312805,0.9907844990548205,0.7843247287691733,0.9971263309140478,0.8907255298416106,0.8755481311338484,0.8184337913803872,0.002873669085952179,0.21567527123082678,0.8443314937156245,27065,78,2306,8386,29371,8464,RANDOM_FOREST,RF_09,997
0.705,0.9369102682701203,0.9910133617121911,0.783857089412645,0.9972000147367646,0.8905285520747048,0.8753459710689854,0.8180575890678379,0.0027999852632354565,0.21614291058735502,0.8441544354800424,27067,76,2311,8381,29378,8457,RANDOM_FOREST,RF_09,997
0.71,0.9369366988238403,0.9914792899408285,0.7835765057987281,0.997347382382198,0.8904619440904631,0.8753526277295999,0.8178765277832012,0.0026526176178020117,0.21642349420127197,0.8442593991359715,27071,72,2314,8378,29385,8450,RANDOM_FOREST,RF_09,997
0.715,0.9369366988238403,0.9919450367211561,0.7832023943135055,0.9974947500276314,0.8903485721705684,0.875300512177276,0.8176137473149776,0.0025052499723685665,0.2167976056864946,0.8442991614667817,27075,68,2318,8374,29393,8442,RANDOM_FOREST,RF_09,997
0.72,0.9368838377164002,0.992526690391459,0.7825476992143658,0.9976789595844232,0.8901133293993946,0.8751176655161593,0.8171217625688503,0.00232104041557676,0.21745230078563413,0.8442183823396927,27080,63,2325,8367,29405,8430,RANDOM_FOREST,RF_09,997
0.725,0.9368045460552399,0.9926409495548961,0.7821735877291432,0.9977158014957817,0.8899446946124625,0.874928074488675,0.8168108921141563,0.0022841985042183987,0.21782641227085672,0.8440320592792941,27081,62,2329,8363,29410,8425,RANDOM_FOREST,RF_09,997
0.73,0.9366459627329192,0.992752762266841,0.7815188926300037,0.99775264340714,0.8896357680185718,0.8745617248416977,0.8162547621373449,0.0022473565928600374,0.21848110736999626,0.8436493501356511,27082,61,2336,8356,29418,8417,RANDOM_FOREST,RF_09,997
0.735,0.936593101625479,0.9931026281365204,0.7810512532734755,0.9978631691412151,0.8894572112073453,0.8744044814407623,0.8158938585692792,0.002136830858784954,0.2189487467265245,0.8435490723403748,27085,58,2341,8351,29426,8409,RANDOM_FOREST,RF_09,997
0.74,0.9363552266419981,0.9933301572177228,0.7800224466891134,0.9979368529639318,0.8889796498265226,0.8738474434199498,0.8150261902900477,0.0020631470360682313,0.21997755331088664,0.8429805092855389,27087,56,2352,8340,29439,8396,RANDOM_FOREST,RF_09,997
0.745,0.936328796088278,0.9935645334286736,0.7797418630751964,0.9980105367866485,0.8888761999309225,0.8737619871089451,0.8148126429367266,0.0019894632133515087,0.2202581369248036,0.8429357887235661,27089,54,2355,8337,29444,8391,RANDOM_FOREST,RF_09,997
0.75,0.9362495044271177,0.9937977099236641,0.7792742237186682,0.9980842206093652,0.8886792221640167,0.8735583979869994,0.8144354081951828,0.001915779390634786,0.22072577628133183,0.8427602849624798,27091,52,2360,8332,29451,8384,RANDOM_FOREST,RF_09,997
0.755,0.9361966433196776,0.994031988541418,0.7789001122334456,0.998157904432082,0.8885290083327637,0.8734137388568433,0.8141399131896923,0.0018420955679180637,0.22109988776655443,0.8426503553912777,27093,50,2364,8328,29457,8378,RANDOM_FOREST,RF_09,997
0.76,0.9360909211047972,0.9942652329749104,0.7783389450056116,0.9982315882547986,0.8882852666302051,0.8731507711677682,0.8136806288865424,0.001768411745201341,0.22166105499438832,0.8424096904864228,27095,48,2370,8322,29465,8370,RANDOM_FOREST,RF_09,997
0.765,0.9360116294436368,0.9946178686759957,0.7777777777777778,0.9983421139888737,0.8880599458833258,0.8729333963155409,0.8132371061432847,0.0016578860111262572,0.2222222222222222,0.8422452328325458,27098,45,2376,8316,29474,8361,RANDOM_FOREST,RF_09,997
0.77,0.9359059072287564,0.9947336923997606,0.7773101384212495,0.9983789559002321,0.8878445471607408,0.8726833622092718,0.8128435342213876,0.0016210440997678959,0.22268986157875048,0.8419942336582723,27099,44,2381,8311,29480,8355,RANDOM_FOREST,RF_09,997
0.775,0.9357208933527157,0.9950851114840565,0.7763748597081931,0.9984894816343072,0.8874321706712501,0.8722286434800882,0.8120720015652515,0.0015105183656928122,0.22362514029180697,0.841568566379388,27102,41,2391,8301,29493,8342,RANDOM_FOREST,RF_09,997
0.78,0.9355623100303951,0.9952003839692825,0.7757201646090535,0.9985263235456655,0.8871232440773595,0.8718595606012824,0.8115142264490627,0.0014736764543344509,0.2242798353909465,0.8411869484091347,27103,40,2398,8294,29501,8334,RANDOM_FOREST,RF_09,997
0.785,0.9354830183692349,0.9953175651338696,0.7753460531238309,0.998563165457024,0.8869546092904275,0.871668156248357,0.8112022232224984,0.0014368345429760896,0.2246539468761691,0.8410015925370683,27104,39,2402,8290,29506,8329,RANDOM_FOREST,RF_09,997
0.79,0.9353244350469142,0.9955523500420723,0.7745978301533857,0.9986368492797406,0.8866173397165631,0.8712850454999737,0.8105780335506096,0.0013631507202593672,0.2254021698466143,0.8406310150126657,27106,37,2410,8282,29516,8319,RANDOM_FOREST,RF_09,997
0.795,0.9350865600634334,0.9956668271545498,0.7736625514403292,0.9986736911910989,0.8861681213157141,0.8707368421052633,0.809773670608505,0.0013263088089010059,0.22633744855967078,0.8400534261807403,27107,36,2420,8272,29527,8308,RANDOM_FOREST,RF_09,997
0.8,0.9350336989559931,0.9957851637764933,0.7733819678264122,0.9987105331024574,0.8860462504644349,0.870604337755317,0.8095433897243107,0.0012894668975426446,0.22661803217358772,0.8399336597490443,27108,35,2423,8269,29531,8304,RANDOM_FOREST,RF_09,997
0.805,0.9349544072948328,0.9957836405252379,0.7731013842124953,0.9987105331024574,0.8859059586574763,0.8704259464013058,0.8092972253226027,0.0012894668975426446,0.22689861578750467,0.8397374776820141,27108,35,2426,8266,29534,8301,RANDOM_FOREST,RF_09,997
0.81,0.9348222545262324,0.9957810993249759,0.772633744855967,0.9987105331024574,0.8856721389792122,0.8701285022119233,0.8088868870437098,0.0012894668975426446,0.2273662551440329,0.8394104942864203,27108,35,2431,8261,29539,8296,RANDOM_FOREST,RF_09,997
0.815,0.9345843795427514,0.9957765174369494,0.7717919940142163,0.9987105331024574,0.8852512635583368,0.869592707729596,0.80814807560474,0.0012894668975426446,0.22820800598578375,0.838821882114042,27108,35,2440,8252,29548,8287,RANDOM_FOREST,RF_09,997
0.82,0.9345315184353112,0.996014974036952,0.7714178825289937,0.998784216925174,0.8851010497270839,0.8694460549201498,0.8078512801426081,0.001215783074825922,0.22858211747100635,0.8387133767334314,27110,33,2444,8248,29554,8281,RANDOM_FOREST,RF_09,997
0.825,0.9345579489890313,0.9963750604156597,0.7712308267863823,0.9988947426592492,0.8850627847228157,0.8694643610291015,0.8077345035655513,0.0011052573407508383,0.22876917321361767,0.8388123799770585,27113,30,2446,8246,29559,8276,RANDOM_FOREST,RF_09,997
0.83,0.934478657327871,0.9963737459204641,0.7709502431724654,0.9988947426592492,0.8849224929158572,0.8692855259688901,0.8074880978037263,0.0011052573407508383,0.22904975682753462,0.8386162342005775,27113,30,2449,8243,29562,8273,RANDOM_FOREST,RF_09,997
0.835,0.9343993656667107,0.9963724304715841,0.7706696595585485,0.9988947426592492,0.8847822011088988,0.8691066343212741,0.8072416630745719,0.0011052573407508383,0.22933034044145156,0.838420082359564,27113,30,2452,8240,29565,8270,RANDOM_FOREST,RF_09,997
0.84,0.9343465045592705,0.9966118102613747,0.7702955480733259,0.9989684264819659,0.8846319872776459,0.8689596961384259,0.8069446621727544,0.0010315735180341156,0.22970445192667416,0.838311903558575,27115,28,2456,8236,29571,8264,RANDOM_FOREST,RF_09,997
0.845,0.9341350601295098,0.9966085271317829,0.7695473251028807,0.9989684264819659,0.8842578757924233,0.868482161705721,0.8062872373784887,0.0010315735180341156,0.23045267489711935,0.8377888687602516,27115,28,2464,8228,29579,8256,RANDOM_FOREST,RF_09,997
0.85,0.933950046253469,0.9967260822117133,0.7687991021324355,0.9990052683933243,0.8839021852628799,0.8680500554411532,0.8056453984122317,0.0009947316066757543,0.23120089786756454,0.837342579534016,27116,27,2472,8220,29588,8247,RANDOM_FOREST,RF_09,997
0.855,0.9338707545923087,0.9969660194174758,0.7683314627759072,0.9990789522160409,0.8837052074959741,0.8678428058313967,0.8052658406524467,0.0009210477839590318,0.23166853722409278,0.8371693298823053,27118,25,2477,8215,29595,8240,RANDOM_FOREST,RF_09,997
0.86,0.9339236156997489,0.997449599222735,0.7681444070332959,0.9992263198614744,0.8836853634473851,0.8679065835358766,0.8051645033528098,0.0007736801385255867,0.23185559296670408,0.837346103315812,27122,21,2479,8213,29601,8234,RANDOM_FOREST,RF_09,997
0.865,0.9338707545923087,0.9975698663426489,0.767863823419379,0.9992631617728328,0.8835634925961059,0.8677729626889336,0.8049335268049727,0.0007368382271672254,0.23213617658062102,0.8372269665581564,27123,20,2482,8210,29605,8230,RANDOM_FOREST,RF_09,997
0.87,0.9337121712699881,0.9976891267331549,0.7672091283202395,0.9993000036841911,0.8832545660022153,0.8673998096647985,0.8043734065503041,0.0006999963158088641,0.23279087167976056,0.8368464769982326,27124,19,2489,8203,29613,8222,RANDOM_FOREST,RF_09,997
0.875,0.9335800185013876,0.9980513944708318,0.7664609053497943,0.9994105294182662,0.8829357173840302,0.8670581389197483,0.8037623335098766,0.0005894705817337803,0.23353909465020575,0.836554798059534,27127,16,2497,8195,29624,8211,RANDOM_FOREST,RF_09,997
0.88,0.9333950046253469,0.9980497318381277,0.7658062102506547,0.9994105294182662,0.8826083698344604,0.8666384419983064,0.8031860629365141,0.0005894705817337803,0.2341937897493453,0.8360974141411109,27127,16,2504,8188,29631,8204,RANDOM_FOREST,RF_09,997
0.885,0.9333421435179067,0.9980492562789564,0.7656191545080434,0.9994105294182662,0.8825148419631548,0.8665184714724251,0.8030213851285071,0.0005894705817337803,0.2343808454919566,0.8359667267651812,27127,16,2506,8186,29633,8202,RANDOM_FOREST,RF_09,997
0.89,0.9332099907493062,0.9981696156192801,0.7650579872802095,0.9994473713296246,0.882252679304917,0.866204267485572,0.802543021407688,0.0005526286703754191,0.2349420127197905,0.835651801212677,27128,15,2512,8180,29640,8195,RANDOM_FOREST,RF_09,997
0.895,0.9330249768732655,0.9981680508060576,0.76440329218107,0.9994473713296246,0.8819253317553473,0.8657838983050847,0.8019664023863725,0.0005526286703754191,0.23559670781893005,0.8351943830845281,27128,15,2519,8173,29647,8188,RANDOM_FOREST,RF_09,997
0.9,0.9328135324435047,0.9981662591687042,0.7636550692106248,0.9994473713296246,0.8815512202701247,0.8653030945315813,0.8013072151998115,0.0005526286703754191,0.23634493078937524,0.8346715772260824,27128,15,2527,8165,29655,8180,RANDOM_FOREST,RF_09,997
0.905,0.9327342407823443,0.9981655864008805,0.7633744855967078,0.9994473713296246,0.8814109284631662,0.8651226880067836,0.8010599666306801,0.0005526286703754191,0.2366255144032922,0.8344755133406532,27128,15,2530,8162,29658,8177,RANDOM_FOREST,RF_09,997
0.91,0.932628518567464,0.998408617945893,0.7628133183688739,0.9995210551523414,0.8811671867606077,0.8648534011982396,0.8005968156742641,0.0004789448476586965,0.23718668163112608,0.8342379775711439,27130,13,2536,8156,29666,8169,RANDOM_FOREST,RF_09,997
0.915,0.9325492269063037,0.9986522911051213,0.7623456790123457,0.999594738975058,0.8809702089937019,0.8646441073512253,0.8002159827213824,0.00040526102494197396,0.23765432098765432,0.8340659400739628,27132,11,2541,8151,29673,8162,RANDOM_FOREST,RF_09,997
0.92,0.932364213030263,0.9987734576229609,0.7615974560419004,0.9996315808864163,0.8806145184641584,0.8642080127354735,0.7995718858624142,0.0003684191135836127,0.2384025439580995,0.8336206090431126,27133,10,2549,8143,29682,8153,RANDOM_FOREST,RF_09,997
0.925,0.9322056297079424,0.9988950276243094,0.7609427609427609,0.9996684227977748,0.8803055918702678,0.8638318203535593,0.7990100760120203,0.00033157720222525146,0.23905723905723905,0.833240675056517,27134,9,2556,8136,29690,8145,RANDOM_FOREST,RF_09,997
0.93,0.9319941852781816,0.9990165949600491,0.76010101010101,0.9997052647091331,0.8799031374050716,0.8633345726881606,0.7982830088599885,0.00029473529086689016,0.2398989898989899,0.8327301151427131,27135,8,2565,8127,29700,8135,RANDOM_FOREST,RF_09,997
0.935,0.931835601955861,0.9990158691105917,0.7595398428731762,0.9997052647091331,0.8796225537911546,0.862972211890973,0.7977876888618189,0.00029473529086689016,0.24046015712682378,0.8323380531926188,27135,8,2571,8121,29706,8129,RANDOM_FOREST,RF_09,997
0.94,0.9316505880798203,0.9991379310344828,0.758791619902731,0.9997421066204915,0.8792668632616112,0.8625345524133532,0.7971427448514384,0.0002578933795085289,0.241208380097269,0.8318928889830493,27136,7,2579,8113,29715,8120,RANDOM_FOREST,RF_09,997
0.945,0.9314920047574997,0.9992603550295858,0.7581369248035915,0.9997789485318498,0.8789579366677207,0.8621569878749202,0.7965801886792453,0.00022105146815016763,0.24186307519640854,0.8315131263306975,27137,6,2586,8106,29723,8112,RANDOM_FOREST,RF_09,997
0.95,0.931333421435179,0.9993830207305034,0.7574822297044519,0.9998157904432082,0.87864901007383,0.8617791019365822,0.7960174555747758,0.00018420955679180636,0.24251777029554808,0.8311334189862352,27138,5,2593,8099,29731,8104,RANDOM_FOREST,RF_09,997
