case_id,model,model_display,selected_outcome,reference_number,reference_original_row_index,reference_probability,reference_logit,target_logit_difference,attribution_sum,absolute_completeness_error,signed_cosine_to_mean_attribution,top10_jaccard_to_mean_attribution,top10_sign_agreement_with_mean
CNN_FN_01,cnn,CNN,FN,1,276817,0.0011331631103530526,-6.781608581542969,6.697971194982529,6.676222803784372,0.02174839119815708,0.3111703493888237,0.17647058823529413,0.6
CNN_FN_01,cnn,CNN,FN,2,214177,0.10486417263746262,-2.1443095207214355,2.0606721341609955,2.1006355776583288,0.03996344349733327,0.5047265660292596,0.25,0.6
CNN_FN_01,cnn,CNN,FN,3,271605,0.029957886785268784,-3.4775469303131104,3.3939095437526703,3.3825316263410348,0.011377917411635519,0.5341986996091073,0.17647058823529413,0.6
CNN_FN_01,cnn,CNN,FN,4,284786,3.0974788387538865e-05,-10.382306098937988,10.298668712377548,10.315528850407182,0.016860138029633376,0.576712559414499,0.5384615384615384,0.7
CNN_FN_01,cnn,CNN,FN,5,278772,0.15003538131713867,-1.7343236207962036,1.6506862342357635,1.646783238662939,0.0039029955728244747,0.2583357679077364,0.25,0.7
CNN_FN_01,cnn,CNN,FN,6,65755,0.0447944775223732,-3.0598416328430176,2.9762042462825775,2.9720584105225645,0.004145835760013039,0.8290840299357158,0.5384615384615384,0.9
CNN_FN_01,cnn,CNN,FN,7,262731,8.94562472240068e-05,-9.321671485900879,9.238034099340439,9.247855235941,0.00982113660056072,0.6294286219257725,0.3333333333333333,0.6
CNN_FN_01,cnn,CNN,FN,8,21449,0.055750586092472076,-2.8295023441314697,2.7458649575710297,2.7527499008817813,0.006884943310751623,0.7926464503932574,0.5384615384615384,0.9
CNN_FN_01,cnn,CNN,FN,9,198454,2.520293855923228e-05,-10.58852481842041,10.50488743185997,10.498616529434024,0.00627090242594619,0.8380706928495804,0.42857142857142855,1.0
CNN_FN_01,cnn,CNN,FN,10,295346,5.769411291112192e-05,-9.760297775268555,9.676660388708115,9.644990438169755,0.03166995053835997,0.8218762093216206,0.5384615384615384,1.0
CNN_FN_01,cnn,CNN,FN,11,87343,0.00010499916243134066,-9.161453247070312,9.077815860509872,9.06360185411632,0.014214006393553191,0.6329807224131969,0.5384615384615384,0.8
CNN_FN_01,cnn,CNN,FN,12,257740,0.005232546012848616,-5.247611045837402,5.163973659276962,5.173421266083954,0.00944760680699197,0.5358492575767307,0.17647058823529413,0.6
CNN_FN_01,cnn,CNN,FN,13,150246,0.13935862481594086,-1.820627212524414,1.736989825963974,1.732607956952171,0.00438186901180293,0.3237134674021517,0.17647058823529413,0.8
CNN_FN_01,cnn,CNN,FN,14,115022,0.28249409794807434,-0.9321235418319702,0.8484861552715302,0.8472601673859691,0.0012259878855610529,0.2697844238470609,0.42857142857142855,0.6
CNN_FN_01,cnn,CNN,FN,15,163618,0.0015199301997199655,-6.487569808959961,6.403932422399521,6.388764563109704,0.01516785928981701,0.48833094251910864,0.42857142857142855,1.0
CNN_FN_01,cnn,CNN,FN,16,133372,0.13112670183181763,-1.8910331726074219,1.8073957860469818,1.8056453357891549,0.001750450257826941,0.5012719411541515,0.25,0.7
CNN_FN_01,cnn,CNN,FN,17,162071,0.14064912497997284,-1.8099089860916138,1.7262715995311737,1.7273508673457942,0.0010792678146205326,0.30329524052074724,0.17647058823529413,0.7
CNN_FN_01,cnn,CNN,FN,18,90067,0.00158109818585217,-6.448053359985352,6.3644159734249115,6.426018951914843,0.06160297848993146,0.6137663472135655,0.3333333333333333,0.4
CNN_FN_01,cnn,CNN,FN,19,111705,0.145994171500206,-1.766371250152588,1.6827338635921478,1.679648496925953,0.0030853666661947443,0.27997342336366915,0.25,0.7
CNN_FN_01,cnn,CNN,FN,20,34940,0.06991544365882874,-2.58798885345459,2.50435146689415,2.5077472201040933,0.003395753209943564,0.2969120015404459,0.3333333333333333,0.6
CNN_FN_01,cnn,CNN,FN,21,212937,9.353640780318528e-05,-9.277066230773926,9.193428844213486,9.205052588782044,0.011623744568558081,0.6127140606090065,0.42857142857142855,0.7
CNN_FN_01,cnn,CNN,FN,22,214917,0.03187817335128784,-3.4134364128112793,3.3297990262508392,3.362385484202063,0.032586457951223835,0.5396184664587408,0.42857142857142855,0.8
CNN_FN_01,cnn,CNN,FN,23,70482,0.002233611885458231,-6.101899147033691,6.018261760473251,6.02742420150615,0.009162441032898982,0.46624643675892113,0.3333333333333333,0.4
CNN_FN_01,cnn,CNN,FN,24,294868,0.00010112184099853039,-9.19908332824707,9.11544594168663,9.1200485806298,0.004602638943170589,0.6217292074098376,0.42857142857142855,0.6
CNN_FN_01,cnn,CNN,FN,25,39929,0.33780986070632935,-0.6730696558952332,0.5894322693347931,0.5935858765094859,0.004153607174692819,0.4041897612760254,0.42857142857142855,0.7
CNN_FN_01,cnn,CNN,FN,26,138479,0.0454024001955986,-3.045724868774414,2.962087482213974,2.965906152243865,0.0038186700298910026,0.8408564949747541,0.42857142857142855,0.9
CNN_FN_01,cnn,CNN,FN,27,142790,1.4258160263125319e-05,-11.158166885375977,11.074529498815536,11.031870780723203,0.04265871809233346,0.6732727436219463,0.42857142857142855,0.8
CNN_FN_01,cnn,CNN,FN,28,100912,0.06924225389957428,-2.5983877182006836,2.5147503316402435,2.5182975284721936,0.003547196831950039,0.30177385877742546,0.3333333333333333,0.6
CNN_FN_01,cnn,CNN,FN,29,74305,0.00013703333388548344,-8.895149230957031,8.811511844396591,8.802049120032393,0.009462724364198039,0.619077825244907,0.5384615384615384,0.8
CNN_FN_01,cnn,CNN,FN,30,264007,9.488304203841835e-05,-9.262770652770996,9.179133266210556,9.213729032467596,0.03459576625703953,0.620536529232045,0.42857142857142855,0.6
CNN_FN_01,cnn,CNN,FN,31,265049,0.09861952811479568,-2.212658166885376,2.129020780324936,2.122163731057388,0.006857049267547932,0.4970786727352224,0.17647058823529413,0.4
CNN_FN_01,cnn,CNN,FN,32,45738,0.04951528087258339,-2.95469069480896,2.87105330824852,2.8673748180035563,0.0036784902449635837,0.804307022993024,0.42857142857142855,0.9
CNN_FN_02,cnn,CNN,FN,1,276817,0.0011331631103530526,-6.781608581542969,5.555047631263733,5.599848786883147,0.04480115561941389,0.6217847399571933,0.25,0.8
CNN_FN_02,cnn,CNN,FN,2,214177,0.10486417263746262,-2.1443095207214355,0.9177485704421997,0.8609873445364703,0.05676122590572941,0.874442483021485,0.6666666666666666,1.0
CNN_FN_02,cnn,CNN,FN,3,271605,0.029957886785268784,-3.4775469303131104,2.2509859800338745,2.2455075771194792,0.005478402914395275,0.6000601493230582,0.3333333333333333,0.5
CNN_FN_02,cnn,CNN,FN,4,284786,3.0974788387538865e-05,-10.382306098937988,9.155745148658752,9.219792551917848,0.06404740325909586,0.9000607132714499,0.6666666666666666,1.0
CNN_FN_02,cnn,CNN,FN,5,278772,0.15003538131713867,-1.7343236207962036,0.5077626705169678,0.4472990935378395,0.0604635769791283,0.8220058163450117,0.5384615384615384,1.0
CNN_FN_02,cnn,CNN,FN,6,65755,0.0447944775223732,-3.0598416328430176,1.8332806825637817,1.8246751871659679,0.008605495397813856,0.3320261214629064,0.3333333333333333,0.6
CNN_FN_02,cnn,CNN,FN,7,262731,8.94562472240068e-05,-9.321671485900879,8.095110535621643,8.097890795118206,0.002780259496562465,0.5069284852191775,0.25,0.6
CNN_FN_02,cnn,CNN,FN,8,21449,0.055750586092472076,-2.8295023441314697,1.6029413938522339,1.6042299796020838,0.0012885857498499131,0.3594471344071157,0.25,0.6
CNN_FN_02,cnn,CNN,FN,9,198454,2.520293855923228e-05,-10.58852481842041,9.361963868141174,9.336474543284423,0.025489324856751594,0.619677411537253,0.25,0.9
CNN_FN_02,cnn,CNN,FN,10,295346,5.769411291112192e-05,-9.760297775268555,8.533736824989319,8.540852430907933,0.00711560591861371,0.6451094412245886,0.3333333333333333,0.8
CNN_FN_02,cnn,CNN,FN,11,87343,0.00010499916243134066,-9.161453247070312,7.934892296791077,7.95394473246976,0.019052435678683644,0.5768693618154535,0.3333333333333333,0.7
CNN_FN_02,cnn,CNN,FN,12,257740,0.005232546012848616,-5.247611045837402,4.0210500955581665,3.973779332323887,0.04727076323427948,0.6429528594149342,0.3333333333333333,0.7
CNN_FN_02,cnn,CNN,FN,13,150246,0.13935862481594086,-1.820627212524414,0.5940662622451782,0.6025505003396044,0.008484238094426222,0.8193838715580347,0.6666666666666666,1.0
CNN_FN_02,cnn,CNN,FN,14,115022,0.28249409794807434,-0.9321235418319702,-0.2944374084472656,-0.29335485342585055,0.001082555021415077,0.010327976551817563,0.17647058823529413,0.4
CNN_FN_02,cnn,CNN,FN,15,163618,0.0015199301997199655,-6.487569808959961,5.261008858680725,5.254014188521647,0.006994670159078176,0.49721832894301476,0.1111111111111111,0.3
CNN_FN_02,cnn,CNN,FN,16,133372,0.13112670183181763,-1.8910331726074219,0.664472222328186,0.632308545782398,0.032163676545788,0.6207931810672512,0.25,0.9
CNN_FN_02,cnn,CNN,FN,17,162071,0.14064912497997284,-1.8099089860916138,0.5833480358123779,0.5788024542971364,0.004545581515241537,0.8213279723841647,0.5384615384615384,1.0
CNN_FN_02,cnn,CNN,FN,18,90067,0.00158109818585217,-6.448053359985352,5.221492409706116,5.211829626691556,0.009662783014559473,0.8169339620130985,0.6666666666666666,1.0
CNN_FN_02,cnn,CNN,FN,19,111705,0.145994171500206,-1.766371250152588,0.539810299873352,0.5489380261226551,0.009127726249303025,0.8280091233078607,0.5384615384615384,1.0
CNN_FN_02,cnn,CNN,FN,20,34940,0.06991544365882874,-2.58798885345459,1.361427903175354,1.3733657526768865,0.011937849501532538,0.6254146171581542,0.3333333333333333,0.8
CNN_FN_02,cnn,CNN,FN,21,212937,9.353640780318528e-05,-9.277066230773926,8.05050528049469,8.021225552518269,0.0292797279764212,0.5033707101389012,0.17647058823529413,0.6
CNN_FN_02,cnn,CNN,FN,22,214917,0.03187817335128784,-3.4134364128112793,2.1868754625320435,2.164545100102614,0.022330362429429318,0.8601178465923163,0.6666666666666666,1.0
CNN_FN_02,cnn,CNN,FN,23,70482,0.002233611885458231,-6.101899147033691,4.875338196754456,4.777965069639035,0.09737312711542057,0.8096900158394051,0.5384615384615384,0.9
CNN_FN_02,cnn,CNN,FN,24,294868,0.00010112184099853039,-9.19908332824707,7.9725223779678345,7.962803730573642,0.009718647394192814,0.49315737762193024,0.17647058823529413,0.6
CNN_FN_02,cnn,CNN,FN,25,39929,0.33780986070632935,-0.6730696558952332,-0.5534912943840027,-0.5468919278566302,0.006599366527372474,0.5710311101197065,0.5384615384615384,0.7
CNN_FN_02,cnn,CNN,FN,26,138479,0.0454024001955986,-3.045724868774414,1.8191639184951782,1.8189769888203706,0.00018692967480760103,0.35638689988044103,0.25,0.6
CNN_FN_02,cnn,CNN,FN,27,142790,1.4258160263125319e-05,-11.158166885375977,9.93160593509674,9.916071432269984,0.015534502826756835,0.9154879299443992,0.6666666666666666,1.0
CNN_FN_02,cnn,CNN,FN,28,100912,0.06924225389957428,-2.5983877182006836,1.3718267679214478,1.3505715218081356,0.0212552461133122,0.6229829657373762,0.3333333333333333,0.8
CNN_FN_02,cnn,CNN,FN,29,74305,0.00013703333388548344,-8.895149230957031,7.668588280677795,7.662508526302878,0.006079754374917812,0.5511543251196626,0.3333333333333333,0.6
CNN_FN_02,cnn,CNN,FN,30,264007,9.488304203841835e-05,-9.262770652770996,8.03620970249176,8.038326726569808,0.0021170240780481464,0.49586876458320034,0.25,0.6
CNN_FN_02,cnn,CNN,FN,31,265049,0.09861952811479568,-2.212658166885376,0.9860972166061401,1.0000873021111323,0.013990085504992145,0.866362361245513,0.6666666666666666,1.0
CNN_FN_02,cnn,CNN,FN,32,45738,0.04951528087258339,-2.95469069480896,1.7281297445297241,1.7296535808299967,0.0015238363002725297,0.33435263834364104,0.3333333333333333,0.6
CNN_FN_03,cnn,CNN,FN,1,276817,0.0011331631103530526,-6.781608581542969,5.023727655410767,4.892971565814467,0.13075608959630003,0.20013780202616835,0.1111111111111111,0.4
CNN_FN_03,cnn,CNN,FN,2,214177,0.10486417263746262,-2.1443095207214355,0.3864285945892334,0.3844304594925337,0.001998135096699716,-0.015829728433545524,0.17647058823529413,0.4
CNN_FN_03,cnn,CNN,FN,3,271605,0.029957886785268784,-3.4775469303131104,1.7196660041809082,1.7295136812128975,0.0098476770319893,-0.06974124701017864,0.17647058823529413,0.4
CNN_FN_03,cnn,CNN,FN,4,284786,3.0974788387538865e-05,-10.382306098937988,8.624425172805786,8.587401779512222,0.03702339329356441,0.4984355219937504,0.25,0.6
CNN_FN_03,cnn,CNN,FN,5,278772,0.15003538131713867,-1.7343236207962036,-0.023557305335998535,-0.02355660643534711,6.989006514253326e-07,0.0639716494278846,0.1111111111111111,0.2
CNN_FN_03,cnn,CNN,FN,6,65755,0.0447944775223732,-3.0598416328430176,1.3019607067108154,1.3737235732921604,0.07176286658134501,0.7562778904673005,0.5384615384615384,0.9
CNN_FN_03,cnn,CNN,FN,7,262731,8.94562472240068e-05,-9.321671485900879,7.563790559768677,7.666182894610113,0.1023923348414364,0.6704652991476947,0.42857142857142855,0.8
CNN_FN_03,cnn,CNN,FN,8,21449,0.055750586092472076,-2.8295023441314697,1.0716214179992676,1.1367258663670579,0.06510444836779028,0.7970047982605416,0.5384615384615384,0.9
CNN_FN_03,cnn,CNN,FN,9,198454,2.520293855923228e-05,-10.58852481842041,8.830643892288208,8.848921147416561,0.01827725512835343,0.3238242953506924,0.3333333333333333,0.6
CNN_FN_03,cnn,CNN,FN,10,295346,5.769411291112192e-05,-9.760297775268555,8.002416849136353,7.978050502079774,0.024366347056578697,0.28558495133560224,0.3333333333333333,0.5
CNN_FN_03,cnn,CNN,FN,11,87343,0.00010499916243134066,-9.161453247070312,7.40357232093811,7.42085980923021,0.017287488292099695,0.5787428674809223,0.25,0.7
CNN_FN_03,cnn,CNN,FN,12,257740,0.005232546012848616,-5.247611045837402,3.4897301197052,3.5115678097459693,0.021837690040769075,0.46329732345357,0.25,0.3
CNN_FN_03,cnn,CNN,FN,13,150246,0.13935862481594086,-1.820627212524414,0.06274628639221191,0.06276711642420457,2.0830031992657982e-05,0.029754484937708423,0.05263157894736842,0.2
CNN_FN_03,cnn,CNN,FN,14,115022,0.28249409794807434,-0.9321235418319702,-0.8257573843002319,-0.8085421581465704,0.017215226153661556,0.4927912405999489,0.42857142857142855,0.7
CNN_FN_03,cnn,CNN,FN,15,163618,0.0015199301997199655,-6.487569808959961,4.729688882827759,4.760475802309739,0.030786919481980313,0.2653729926100012,0.1111111111111111,0.5
CNN_FN_03,cnn,CNN,FN,16,133372,0.13112670183181763,-1.8910331726074219,0.13315224647521973,0.13382662140382778,0.0006743749286080569,0.10281327058215824,0.1111111111111111,0.5
CNN_FN_03,cnn,CNN,FN,17,162071,0.14064912497997284,-1.8099089860916138,0.05202805995941162,0.052062830024597245,3.47700651856242e-05,0.011974551019350499,0.05263157894736842,0.2
CNN_FN_03,cnn,CNN,FN,18,90067,0.00158109818585217,-6.448053359985352,4.690172433853149,4.708449158898026,0.018276725044876763,0.3782360253879094,0.3333333333333333,0.5
CNN_FN_03,cnn,CNN,FN,19,111705,0.145994171500206,-1.766371250152588,0.008490324020385742,0.008499250010673268,8.925990287525498e-06,-0.05395156663277687,0.05263157894736842,0.1
CNN_FN_03,cnn,CNN,FN,20,34940,0.06991544365882874,-2.58798885345459,0.8301079273223877,0.82323040410205,0.0068775232203377445,0.7845661299050697,0.42857142857142855,0.8
CNN_FN_03,cnn,CNN,FN,21,212937,9.353640780318528e-05,-9.277066230773926,7.519185304641724,7.582553377580469,0.06336807293874536,0.7369129963438835,0.5384615384615384,0.9
CNN_FN_03,cnn,CNN,FN,22,214917,0.03187817335128784,-3.4134364128112793,1.6555554866790771,1.643596827860664,0.01195865881841307,0.5138443131537367,0.42857142857142855,0.6
CNN_FN_03,cnn,CNN,FN,23,70482,0.002233611885458231,-6.101899147033691,4.344018220901489,4.310517023986905,0.03350119691458442,0.3948766534556702,0.25,0.5
CNN_FN_03,cnn,CNN,FN,24,294868,0.00010112184099853039,-9.19908332824707,7.441202402114868,7.394177015224753,0.04702538689011515,0.6897112870005211,0.42857142857142855,0.8
CNN_FN_03,cnn,CNN,FN,25,39929,0.33780986070632935,-0.6730696558952332,-1.084811270236969,-1.0260045293424274,0.05880674089454163,0.7124886015433565,0.42857142857142855,0.7
CNN_FN_03,cnn,CNN,FN,26,138479,0.0454024001955986,-3.045724868774414,1.287843942642212,1.270654958892691,0.017188983749520936,0.7503752201688838,0.5384615384615384,0.9
CNN_FN_03,cnn,CNN,FN,27,142790,1.4258160263125319e-05,-11.158166885375977,9.400285959243774,9.421707350854966,0.02142139161119161,0.6126270635764034,0.3333333333333333,0.7
CNN_FN_03,cnn,CNN,FN,28,100912,0.06924225389957428,-2.5983877182006836,0.8405067920684814,0.8186385935853151,0.021868198483166346,0.7827052181177606,0.42857142857142855,0.8
CNN_FN_03,cnn,CNN,FN,29,74305,0.00013703333388548344,-8.895149230957031,7.137268304824829,7.150948720316597,0.013680415491768017,0.5621462363906722,0.3333333333333333,0.7
CNN_FN_03,cnn,CNN,FN,30,264007,9.488304203841835e-05,-9.262770652770996,7.504889726638794,7.402840143909184,0.10204958272960951,0.6873064959463537,0.42857142857142855,0.8
CNN_FN_03,cnn,CNN,FN,31,265049,0.09861952811479568,-2.212658166885376,0.45477724075317383,0.4369687801361932,0.017808460616980604,-0.009218609279595483,0.17647058823529413,0.5
CNN_FN_03,cnn,CNN,FN,32,45738,0.04951528087258339,-2.95469069480896,1.1968097686767578,1.1193257506156091,0.07748401806114869,0.7698628158056449,0.5384615384615384,0.9
CNN_FN_04,cnn,CNN,FN,1,276817,0.0011331631103530526,-6.781608581542969,4.97908091545105,5.001993131687977,0.022912216236926852,0.12033059508275029,0.1111111111111111,0.3
CNN_FN_04,cnn,CNN,FN,2,214177,0.10486417263746262,-2.1443095207214355,0.3417818546295166,0.31805923924626844,0.023722615383248158,0.2705895896576963,0.25,0.5
CNN_FN_04,cnn,CNN,FN,3,271605,0.029957886785268784,-3.4775469303131104,1.6750192642211914,1.6979124719410865,0.022893207719895114,0.04351012528252633,0.17647058823529413,0.5
CNN_FN_04,cnn,CNN,FN,4,284786,3.0974788387538865e-05,-10.382306098937988,8.57977843284607,8.591698367752358,0.011919934906288177,0.6337130963517227,0.25,0.6
CNN_FN_04,cnn,CNN,FN,5,278772,0.15003538131713867,-1.7343236207962036,-0.06820404529571533,-0.06827748276313682,7.343746742148605e-05,0.010729290484782808,0.05263157894736842,0.2
CNN_FN_04,cnn,CNN,FN,6,65755,0.0447944775223732,-3.0598416328430176,1.2573139667510986,1.2681596455026005,0.010845678751501886,0.8482090575374793,0.6666666666666666,1.0
CNN_FN_04,cnn,CNN,FN,7,262731,8.94562472240068e-05,-9.321671485900879,7.51914381980896,7.532088572988589,0.012944753179628954,0.7421331980734241,0.42857142857142855,0.9
CNN_FN_04,cnn,CNN,FN,8,21449,0.055750586092472076,-2.8295023441314697,1.0269746780395508,1.0563883213166647,0.029413643277113932,0.8617590183359103,0.5384615384615384,1.0
CNN_FN_04,cnn,CNN,FN,9,198454,2.520293855923228e-05,-10.58852481842041,8.785997152328491,8.834067053836888,0.04806990150839674,0.4120862525687176,0.3333333333333333,0.4
CNN_FN_04,cnn,CNN,FN,10,295346,5.769411291112192e-05,-9.760297775268555,7.957770109176636,7.977408755044001,0.019638645867365412,0.30461533392782747,0.3333333333333333,0.4
CNN_FN_04,cnn,CNN,FN,11,87343,0.00010499916243134066,-9.161453247070312,7.3589255809783936,7.311356934733326,0.04756864624506729,0.578652502374721,0.3333333333333333,0.6
CNN_FN_04,cnn,CNN,FN,12,257740,0.005232546012848616,-5.247611045837402,3.4450833797454834,3.4720580319551946,0.02697465220971118,0.47359302985025237,0.17647058823529413,0.3
CNN_FN_04,cnn,CNN,FN,13,150246,0.13935862481594086,-1.820627212524414,0.018099546432495117,0.018082820288185378,1.67261443097394e-05,-0.0988793830480601,0.1111111111111111,0.1
CNN_FN_04,cnn,CNN,FN,14,115022,0.28249409794807434,-0.9321235418319702,-0.8704041242599487,-0.8954181239908313,0.025013999730882586,0.5939121851166237,0.3333333333333333,0.7
CNN_FN_04,cnn,CNN,FN,15,163618,0.0015199301997199655,-6.487569808959961,4.685042142868042,4.713475735168755,0.028433592300713073,0.24568618946127782,0.25,0.6
CNN_FN_04,cnn,CNN,FN,16,133372,0.13112670183181763,-1.8910331726074219,0.08850550651550293,0.08696124437196476,0.001544262143538172,0.02073314503339175,0.17647058823529413,0.2
CNN_FN_04,cnn,CNN,FN,17,162071,0.14064912497997284,-1.8099089860916138,0.007381319999694824,0.007345385644416825,3.593435527799935e-05,-0.14315106375938771,0.1111111111111111,0.2
CNN_FN_04,cnn,CNN,FN,18,90067,0.00158109818585217,-6.448053359985352,4.645525693893433,4.649003024427245,0.003477330533812051,0.45526015375593315,0.3333333333333333,0.5
CNN_FN_04,cnn,CNN,FN,19,111705,0.145994171500206,-1.766371250152588,-0.036156415939331055,-0.03613380568658303,2.2610252748023196e-05,-0.26128252531684765,0.05263157894736842,0.0
CNN_FN_04,cnn,CNN,FN,20,34940,0.06991544365882874,-2.58798885345459,0.7854611873626709,0.8013945442877961,0.01593335692512521,0.8517275723697452,0.5384615384615384,0.9
CNN_FN_04,cnn,CNN,FN,21,212937,9.353640780318528e-05,-9.277066230773926,7.474538564682007,7.40972555771663,0.06481300696537673,0.7907815811704232,0.5384615384615384,0.9
CNN_FN_04,cnn,CNN,FN,22,214917,0.03187817335128784,-3.4134364128112793,1.6109087467193604,1.6024353774470548,0.008473369272305575,0.6399432963398909,0.17647058823529413,0.6
CNN_FN_04,cnn,CNN,FN,23,70482,0.002233611885458231,-6.101899147033691,4.2993714809417725,4.299810692534896,0.0004392115931235452,0.33818710436452054,0.17647058823529413,0.4
CNN_FN_04,cnn,CNN,FN,24,294868,0.00010112184099853039,-9.19908332824707,7.396555662155151,7.378882913699774,0.017672748455377807,0.7558033608062084,0.5384615384615384,0.9
CNN_FN_04,cnn,CNN,FN,25,39929,0.33780986070632935,-0.6730696558952332,-1.1294580101966858,-1.1522727984396748,0.022814788242988993,0.749052501173664,0.42857142857142855,0.8
CNN_FN_04,cnn,CNN,FN,26,138479,0.0454024001955986,-3.045724868774414,1.2431972026824951,1.2450716791312817,0.0018744764487865773,0.8329875379936024,0.6666666666666666,1.0
CNN_FN_04,cnn,CNN,FN,27,142790,1.4258160263125319e-05,-11.158166885375977,9.355639219284058,9.37172727412576,0.016088054841702615,0.7118866492907908,0.25,0.6
CNN_FN_04,cnn,CNN,FN,28,100912,0.06924225389957428,-2.5983877182006836,0.7958600521087646,0.7659067050975463,0.029953347011218323,0.8492529799331655,0.5384615384615384,0.9
CNN_FN_04,cnn,CNN,FN,29,74305,0.00013703333388548344,-8.895149230957031,7.092621564865112,7.155260434901737,0.06263887003662472,0.5626009709441859,0.3333333333333333,0.6
CNN_FN_04,cnn,CNN,FN,30,264007,9.488304203841835e-05,-9.262770652770996,7.460242986679077,7.418644763900121,0.04159822277895575,0.7588198453303279,0.5384615384615384,0.9
CNN_FN_04,cnn,CNN,FN,31,265049,0.09861952811479568,-2.212658166885376,0.41013050079345703,0.40388593807550244,0.006244562717954594,0.32986833741051863,0.17647058823529413,0.5
CNN_FN_04,cnn,CNN,FN,32,45738,0.04951528087258339,-2.95469069480896,1.152163028717041,1.0911480186318276,0.06101501008521337,0.8457220485580168,0.6666666666666666,1.0
CNN_FN_05,cnn,CNN,FN,1,276817,0.0011331631103530526,-6.781608581542969,4.904240608215332,4.904233110630749,7.4975845834046595e-06,0.1116865371930228,0.17647058823529413,0.3
CNN_FN_05,cnn,CNN,FN,2,214177,0.10486417263746262,-2.1443095207214355,0.26694154739379883,0.2675983551202061,0.0006568077264072492,0.6650745571572482,0.3333333333333333,0.3
CNN_FN_05,cnn,CNN,FN,3,271605,0.029957886785268784,-3.4775469303131104,1.6001789569854736,1.6112461433186478,0.011067186333174162,0.532834194304182,0.17647058823529413,0.6
CNN_FN_05,cnn,CNN,FN,4,284786,3.0974788387538865e-05,-10.382306098937988,8.504938125610352,8.550871804076003,0.04593367846565144,0.8149707596506571,0.5384615384615384,0.8
CNN_FN_05,cnn,CNN,FN,5,278772,0.15003538131713867,-1.7343236207962036,-0.1430443525314331,-0.14589729597743217,0.0028529434459990677,0.4870256330650431,0.25,0.6
CNN_FN_05,cnn,CNN,FN,6,65755,0.0447944775223732,-3.0598416328430176,1.1824736595153809,1.1895664154513246,0.0070927559359437176,0.9142202008431353,0.5384615384615384,1.0
CNN_FN_05,cnn,CNN,FN,7,262731,8.94562472240068e-05,-9.321671485900879,7.444303512573242,7.442593226180166,0.0017102863930764656,0.6859900528759983,0.42857142857142855,0.9
CNN_FN_05,cnn,CNN,FN,8,21449,0.055750586092472076,-2.8295023441314697,0.952134370803833,0.9378348972902858,0.014299473513547212,0.8899576080368238,0.5384615384615384,1.0
CNN_FN_05,cnn,CNN,FN,9,198454,2.520293855923228e-05,-10.58852481842041,8.711156845092773,8.714081111250824,0.002924266158050415,0.814215350948569,0.25,0.7
CNN_FN_05,cnn,CNN,FN,10,295346,5.769411291112192e-05,-9.760297775268555,7.882929801940918,7.878302189884941,0.004627612055976726,0.7896282776100022,0.3333333333333333,0.7
CNN_FN_05,cnn,CNN,FN,11,87343,0.00010499916243134066,-9.161453247070312,7.284085273742676,7.259359420638805,0.02472585310387121,0.7832381545199573,0.5384615384615384,0.9
CNN_FN_05,cnn,CNN,FN,12,257740,0.005232546012848616,-5.247611045837402,3.3702430725097656,3.3990973106504674,0.02885423814070176,0.4313028009242614,0.1111111111111111,0.2
CNN_FN_05,cnn,CNN,FN,13,150246,0.13935862481594086,-1.820627212524414,-0.056740760803222656,-0.05313883152426015,0.0036019292789625096,0.3546014174223614,0.17647058823529413,0.5
CNN_FN_05,cnn,CNN,FN,14,115022,0.28249409794807434,-0.9321235418319702,-0.9452444314956665,-0.9153075302320283,0.029936901263638238,0.5859825061152766,0.6666666666666666,0.9
CNN_FN_05,cnn,CNN,FN,15,163618,0.0015199301997199655,-6.487569808959961,4.610201835632324,4.629715419011016,0.019513583378691912,0.684980654168683,0.42857142857142855,0.8
CNN_FN_05,cnn,CNN,FN,16,133372,0.13112670183181763,-1.8910331726074219,0.013665199279785156,0.013563543365338996,0.00010165591444616026,0.07557106830420333,0.17647058823529413,0.2
CNN_FN_05,cnn,CNN,FN,17,162071,0.14064912497997284,-1.8099089860916138,-0.06745898723602295,-0.07042823038004851,0.0029692431440255657,0.3612249061819678,0.17647058823529413,0.5
CNN_FN_05,cnn,CNN,FN,18,90067,0.00158109818585217,-6.448053359985352,4.570685386657715,4.538615517158979,0.032069869498736026,0.32481140838326994,0.3333333333333333,0.4
CNN_FN_05,cnn,CNN,FN,19,111705,0.145994171500206,-1.766371250152588,-0.11099672317504883,-0.11060755260679167,0.0003891705682571578,0.38767910550141416,0.25,0.6
CNN_FN_05,cnn,CNN,FN,20,34940,0.06991544365882874,-2.58798885345459,0.7106208801269531,0.7003328771436643,0.010288002983288802,0.7700052071384689,0.42857142857142855,0.8
CNN_FN_05,cnn,CNN,FN,21,212937,9.353640780318528e-05,-9.277066230773926,7.399698257446289,7.408991632185983,0.009293374739693938,0.6962546319869753,0.42857142857142855,1.0
CNN_FN_05,cnn,CNN,FN,22,214917,0.03187817335128784,-3.4134364128112793,1.5360684394836426,1.454528536439407,0.08153990304423564,0.7030462655369092,0.6666666666666666,0.8
CNN_FN_05,cnn,CNN,FN,23,70482,0.002233611885458231,-6.101899147033691,4.224531173706055,4.110364199688361,0.11416697401769405,-0.06849917167399013,0.3333333333333333,0.5
CNN_FN_05,cnn,CNN,FN,24,294868,0.00010112184099853039,-9.19908332824707,7.321715354919434,7.316826300166991,0.004889054752442945,0.6926609380806122,0.42857142857142855,1.0
CNN_FN_05,cnn,CNN,FN,25,39929,0.33780986070632935,-0.6730696558952332,-1.2042983174324036,-1.211191761402707,0.006893443970303448,0.3404249733174066,0.5384615384615384,0.7
CNN_FN_05,cnn,CNN,FN,26,138479,0.0454024001955986,-3.045724868774414,1.1683568954467773,1.1470427226203086,0.021314172826468747,0.9020278969863705,0.42857142857142855,1.0
CNN_FN_05,cnn,CNN,FN,27,142790,1.4258160263125319e-05,-11.158166885375977,9.28079891204834,9.213381480778112,0.06741743127022737,0.844852724683077,0.5384615384615384,1.0
CNN_FN_05,cnn,CNN,FN,28,100912,0.06924225389957428,-2.5983877182006836,0.7210197448730469,0.7190441613078615,0.001975583565185346,0.7752101540061078,0.42857142857142855,0.8
CNN_FN_05,cnn,CNN,FN,29,74305,0.00013703333388548344,-8.895149230957031,7.0177812576293945,7.053634033350444,0.03585277572104939,0.7724938611371465,0.5384615384615384,0.9
CNN_FN_05,cnn,CNN,FN,30,264007,9.488304203841835e-05,-9.262770652770996,7.385402679443359,7.395119270652811,0.00971659120945123,0.6859629591281686,0.42857142857142855,0.9
CNN_FN_05,cnn,CNN,FN,31,265049,0.09861952811479568,-2.212658166885376,0.33529019355773926,0.33530675675131527,1.6563193576013546e-05,0.7190061781683076,0.25,0.3
CNN_FN_05,cnn,CNN,FN,32,45738,0.04951528087258339,-2.95469069480896,1.0773227214813232,1.0799575180835976,0.002634796602274392,0.904718003317657,0.5384615384615384,1.0
CNN_FN_06,cnn,CNN,FN,1,276817,0.0011331631103530526,-6.781608581542969,4.759053468704224,4.735576262851376,0.023477205852847405,0.25537835278341675,0.05263157894736842,0.3
CNN_FN_06,cnn,CNN,FN,2,214177,0.10486417263746262,-2.1443095207214355,0.12175440788269043,0.003493754963220408,0.11826065291947002,0.5909269266021533,0.3333333333333333,0.5
CNN_FN_06,cnn,CNN,FN,3,271605,0.029957886785268784,-3.4775469303131104,1.4549918174743652,1.4998973630119095,0.04490554553754422,0.5880700293023501,0.17647058823529413,0.4
CNN_FN_06,cnn,CNN,FN,4,284786,3.0974788387538865e-05,-10.382306098937988,8.359750986099243,8.350905178519573,0.008845807579669795,0.6006041323905411,0.3333333333333333,0.5
CNN_FN_06,cnn,CNN,FN,5,278772,0.15003538131713867,-1.7343236207962036,-0.2882314920425415,-0.30881847213789526,0.020586980095353757,0.5419232841568874,0.17647058823529413,0.6
CNN_FN_06,cnn,CNN,FN,6,65755,0.0447944775223732,-3.0598416328430176,1.0372865200042725,1.0782626469529089,0.04097612694863639,0.21529294442984853,0.3333333333333333,0.5
CNN_FN_06,cnn,CNN,FN,7,262731,8.94562472240068e-05,-9.321671485900879,7.299116373062134,7.312182607442559,0.013066234380425534,0.5133087890275967,0.3333333333333333,0.6
CNN_FN_06,cnn,CNN,FN,8,21449,0.055750586092472076,-2.8295023441314697,0.8069472312927246,0.8014996949583262,0.0054475363343984284,0.3497502151284477,0.3333333333333333,0.8
CNN_FN_06,cnn,CNN,FN,9,198454,2.520293855923228e-05,-10.58852481842041,8.565969705581665,8.515335890375908,0.050633815205756605,0.8012225412445242,0.42857142857142855,0.6
CNN_FN_06,cnn,CNN,FN,10,295346,5.769411291112192e-05,-9.760297775268555,7.73774266242981,7.756608855892778,0.01886619346296836,0.7160651903593733,0.5384615384615384,0.6
CNN_FN_06,cnn,CNN,FN,11,87343,0.00010499916243134066,-9.161453247070312,7.138898134231567,7.221137927488678,0.08223979325711106,0.2386287126372009,0.25,0.6
CNN_FN_06,cnn,CNN,FN,12,257740,0.005232546012848616,-5.247611045837402,3.2250559329986572,3.2044266254399663,0.020629307558690968,0.1528847144201698,0.1111111111111111,0.2
CNN_FN_06,cnn,CNN,FN,13,150246,0.13935862481594086,-1.820627212524414,-0.20192790031433105,-0.1979476839933098,0.003980216321021246,0.5317222320847457,0.17647058823529413,0.6
CNN_FN_06,cnn,CNN,FN,14,115022,0.28249409794807434,-0.9321235418319702,-1.090431571006775,-1.1007829205619535,0.01035134955517858,0.171353587578407,0.3333333333333333,0.7
CNN_FN_06,cnn,CNN,FN,15,163618,0.0015199301997199655,-6.487569808959961,4.465014696121216,4.485810529074627,0.02079583295341081,0.5201760908328238,0.3333333333333333,0.8
CNN_FN_06,cnn,CNN,FN,16,133372,0.13112670183181763,-1.8910331726074219,-0.13152194023132324,-0.1427076973506738,0.011185757119350548,0.4328176476579502,0.17647058823529413,0.3
CNN_FN_06,cnn,CNN,FN,17,162071,0.14064912497997284,-1.8099089860916138,-0.21264612674713135,-0.22728570735193188,0.014639580604800528,0.5349846132392115,0.17647058823529413,0.6
CNN_FN_06,cnn,CNN,FN,18,90067,0.00158109818585217,-6.448053359985352,4.4254982471466064,4.4486638615810925,0.02316561443448606,0.4200036636199877,0.1111111111111111,0.3
CNN_FN_06,cnn,CNN,FN,19,111705,0.145994171500206,-1.766371250152588,-0.2561838626861572,-0.269494096962796,0.0133102342766388,0.5387572090420832,0.17647058823529413,0.6
CNN_FN_06,cnn,CNN,FN,20,34940,0.06991544365882874,-2.58798885345459,0.5654337406158447,0.5434454287560162,0.021988311859828524,0.6260326761813589,0.42857142857142855,0.7
CNN_FN_06,cnn,CNN,FN,21,212937,9.353640780318528e-05,-9.277066230773926,7.254511117935181,7.142368395810007,0.1121427221251734,0.4964629544916712,0.3333333333333333,0.5
CNN_FN_06,cnn,CNN,FN,22,214917,0.03187817335128784,-3.4134364128112793,1.3908812999725342,1.3520284356295469,0.03885286434298729,0.66056144918366,0.25,0.6
CNN_FN_06,cnn,CNN,FN,23,70482,0.002233611885458231,-6.101899147033691,4.079344034194946,4.068716317019258,0.010627717175688112,0.38889930356037883,0.1111111111111111,0.2
CNN_FN_06,cnn,CNN,FN,24,294868,0.00010112184099853039,-9.19908332824707,7.176528215408325,7.273349013031956,0.09682079762363038,0.5330776683352235,0.3333333333333333,0.6
CNN_FN_06,cnn,CNN,FN,25,39929,0.33780986070632935,-0.6730696558952332,-1.349485456943512,-1.4751699208232463,0.1256844638797343,0.029217380046382836,0.42857142857142855,0.8
CNN_FN_06,cnn,CNN,FN,26,138479,0.0454024001955986,-3.045724868774414,1.023169755935669,1.0417849331704923,0.01861517723482331,0.27704745902246736,0.3333333333333333,0.5
CNN_FN_06,cnn,CNN,FN,27,142790,1.4258160263125319e-05,-11.158166885375977,9.135611772537231,9.073466601850138,0.06214517068709391,0.615994531249789,0.42857142857142855,0.6
CNN_FN_06,cnn,CNN,FN,28,100912,0.06924225389957428,-2.5983877182006836,0.5758326053619385,0.6023566306377659,0.026524025275827423,0.6298141609171769,0.42857142857142855,0.7
CNN_FN_06,cnn,CNN,FN,29,74305,0.00013703333388548344,-8.895149230957031,6.872594118118286,6.788153212245587,0.08444090587269937,0.22020997629299044,0.25,0.6
CNN_FN_06,cnn,CNN,FN,30,264007,9.488304203841835e-05,-9.262770652770996,7.240215539932251,7.204147692060596,0.036067847871654735,0.5087249439245656,0.3333333333333333,0.6
CNN_FN_06,cnn,CNN,FN,31,265049,0.09861952811479568,-2.212658166885376,0.19010305404663086,0.17180009275143293,0.018302961295197928,0.5870316515603113,0.17647058823529413,0.3
CNN_FN_06,cnn,CNN,FN,32,45738,0.04951528087258339,-2.95469069480896,0.9321355819702148,0.8878591164755836,0.04427646549463127,0.3103056268469987,0.3333333333333333,0.6
CNN_FN_07,cnn,CNN,FN,1,276817,0.0011331631103530526,-6.781608581542969,4.241758823394775,4.255815452367495,0.01405662897271931,0.34832138222198156,0.3333333333333333,0.7
CNN_FN_07,cnn,CNN,FN,2,214177,0.10486417263746262,-2.1443095207214355,-0.3955402374267578,-0.4322159622492374,0.036675724822479605,0.7396032225944854,0.25,0.5
CNN_FN_07,cnn,CNN,FN,3,271605,0.029957886785268784,-3.4775469303131104,0.937697172164917,0.9440414806473397,0.006344308482422734,0.6428343977013936,0.3333333333333333,0.8
CNN_FN_07,cnn,CNN,FN,4,284786,3.0974788387538865e-05,-10.382306098937988,7.842456340789795,7.7998032462618765,0.042653094527918434,0.6719637650430053,0.17647058823529413,0.4
CNN_FN_07,cnn,CNN,FN,5,278772,0.15003538131713867,-1.7343236207962036,-0.8055261373519897,-0.8332837279222325,0.02775759057024274,0.812623779330856,0.3333333333333333,0.6
CNN_FN_07,cnn,CNN,FN,6,65755,0.0447944775223732,-3.0598416328430176,0.5199918746948242,0.5200097424470775,1.7867752253319935e-05,0.07366837589072053,0.05263157894736842,0.1
CNN_FN_07,cnn,CNN,FN,7,262731,8.94562472240068e-05,-9.321671485900879,6.7818217277526855,6.795502461628516,0.013680733875830242,0.3205189657361518,0.25,0.5
CNN_FN_07,cnn,CNN,FN,8,21449,0.055750586092472076,-2.8295023441314697,0.28965258598327637,0.28983920448824335,0.0001866185049669844,0.0521210573087498,0.05263157894736842,0.0
CNN_FN_07,cnn,CNN,FN,9,198454,2.520293855923228e-05,-10.58852481842041,8.048675060272217,8.015715334901707,0.032959725370510284,0.6021902764980885,0.3333333333333333,0.7
CNN_FN_07,cnn,CNN,FN,10,295346,5.769411291112192e-05,-9.760297775268555,7.220448017120361,7.182254172837575,0.03819384428278649,0.6105465922188914,0.3333333333333333,0.7
CNN_FN_07,cnn,CNN,FN,11,87343,0.00010499916243134066,-9.161453247070312,6.621603488922119,6.616045472483677,0.005558016438442337,0.638252853614542,0.25,0.5
CNN_FN_07,cnn,CNN,FN,12,257740,0.005232546012848616,-5.247611045837402,2.707761287689209,2.755500155022986,0.04773886733377708,0.6140141838064479,0.25,0.8
CNN_FN_07,cnn,CNN,FN,13,150246,0.13935862481594086,-1.820627212524414,-0.7192225456237793,-0.7138329786653967,0.005389566958382552,0.7526765602027434,0.42857142857142855,0.5
CNN_FN_07,cnn,CNN,FN,14,115022,0.28249409794807434,-0.9321235418319702,-1.6077262163162231,-1.6109832747687827,0.0032570584525595248,0.05969279587456683,0.05263157894736842,0.2
CNN_FN_07,cnn,CNN,FN,15,163618,0.0015199301997199655,-6.487569808959961,3.9477200508117676,3.9542814333786978,0.006561382566930174,0.4547456931793849,0.17647058823529413,0.5
CNN_FN_07,cnn,CNN,FN,16,133372,0.13112670183181763,-1.8910331726074219,-0.6488165855407715,-0.658298450508187,0.009481864967415543,0.3849595646340875,0.17647058823529413,0.6
CNN_FN_07,cnn,CNN,FN,17,162071,0.14064912497997284,-1.8099089860916138,-0.7299407720565796,-0.6773894222849592,0.05255134977162035,0.7642210622319129,0.42857142857142855,0.5
CNN_FN_07,cnn,CNN,FN,18,90067,0.00158109818585217,-6.448053359985352,3.908203601837158,3.9635589974609684,0.0553553956238102,0.8391698174198775,0.3333333333333333,0.4
CNN_FN_07,cnn,CNN,FN,19,111705,0.145994171500206,-1.766371250152588,-0.7734785079956055,-0.7665470497666815,0.006931458228923937,0.7861149777756019,0.3333333333333333,0.5
CNN_FN_07,cnn,CNN,FN,20,34940,0.06991544365882874,-2.58798885345459,0.048139095306396484,0.050555210251069765,0.002416114944673281,0.12653000165608438,0.1111111111111111,0.2
CNN_FN_07,cnn,CNN,FN,21,212937,9.353640780318528e-05,-9.277066230773926,6.737216472625732,6.75142693605965,0.014210463433917297,0.3234417849766582,0.25,0.5
CNN_FN_07,cnn,CNN,FN,22,214917,0.03187817335128784,-3.4134364128112793,0.8735866546630859,0.9184338871055624,0.04484723244247646,0.6913069453060633,0.3333333333333333,0.4
CNN_FN_07,cnn,CNN,FN,23,70482,0.002233611885458231,-6.101899147033691,3.562049388885498,3.57382011389328,0.01177072500778209,0.8577123384029629,0.3333333333333333,0.5
CNN_FN_07,cnn,CNN,FN,24,294868,0.00010112184099853039,-9.19908332824707,6.659233570098877,6.664265353671881,0.005031783573004489,0.311247396488438,0.25,0.5
CNN_FN_07,cnn,CNN,FN,25,39929,0.33780986070632935,-0.6730696558952332,-1.8667801022529602,-1.8784412842299916,0.011661181977031365,-0.5394806294337458,0.25,0.2
CNN_FN_07,cnn,CNN,FN,26,138479,0.0454024001955986,-3.045724868774414,0.5058751106262207,0.5057573748235975,0.00011773580262319783,0.08563563908655131,0.0,0.1
CNN_FN_07,cnn,CNN,FN,27,142790,1.4258160263125319e-05,-11.158166885375977,8.618317127227783,8.601946461464449,0.016370665763334458,0.6927853910130345,0.25,0.4
CNN_FN_07,cnn,CNN,FN,28,100912,0.06924225389957428,-2.5983877182006836,0.058537960052490234,0.059856477569867256,0.0013185175173770214,0.12661658944487597,0.1111111111111111,0.2
CNN_FN_07,cnn,CNN,FN,29,74305,0.00013703333388548344,-8.895149230957031,6.355299472808838,6.333940036107095,0.021359436701742673,0.6314262320108694,0.25,0.5
CNN_FN_07,cnn,CNN,FN,30,264007,9.488304203841835e-05,-9.262770652770996,6.722920894622803,6.740613521624806,0.01769262700200347,0.3170282177966341,0.25,0.5
CNN_FN_07,cnn,CNN,FN,31,265049,0.09861952811479568,-2.212658166885376,-0.3271915912628174,-0.3088926622601247,0.0182989290026927,0.7112011087753668,0.3333333333333333,0.5
CNN_FN_07,cnn,CNN,FN,32,45738,0.04951528087258339,-2.95469069480896,0.4148409366607666,0.4145710953740369,0.00026984128672968843,0.0573835146644803,0.05263157894736842,0.1
CNN_FN_08,cnn,CNN,FN,1,276817,0.0011331631103530526,-6.781608581542969,-0.1282520294189453,-0.088957105542802,0.039294923876143306,0.420116123674155,0.17647058823529413,0.6
CNN_FN_08,cnn,CNN,FN,2,214177,0.10486417263746262,-2.1443095207214355,-4.7655510902404785,-4.819714408378604,0.05416331813812558,-0.10900686902169938,0.25,0.2
CNN_FN_08,cnn,CNN,FN,3,271605,0.029957886785268784,-3.4775469303131104,-3.4323136806488037,-3.3504683143038854,0.08184536634491835,0.3068646312424077,0.1111111111111111,0.4
CNN_FN_08,cnn,CNN,FN,4,284786,3.0974788387538865e-05,-10.382306098937988,3.472445487976074,3.471740790146062,0.0007046978300122575,0.28990842795141614,0.25,0.4
CNN_FN_08,cnn,CNN,FN,5,278772,0.15003538131713867,-1.7343236207962036,-5.1755369901657104,-5.182465409070042,0.006928418904331934,0.08361774306597383,0.17647058823529413,0.2
CNN_FN_08,cnn,CNN,FN,6,65755,0.0447944775223732,-3.0598416328430176,-3.8500189781188965,-3.81536718504418,0.03465179307471633,0.6361551981320618,0.42857142857142855,0.8
CNN_FN_08,cnn,CNN,FN,7,262731,8.94562472240068e-05,-9.321671485900879,2.411810874938965,2.3835961535062866,0.028214721432678225,0.6909358426243445,0.6666666666666666,0.8
CNN_FN_08,cnn,CNN,FN,8,21449,0.055750586092472076,-2.8295023441314697,-4.080358266830444,-4.037766064834247,0.04259220199619751,0.7168440292619538,0.42857142857142855,0.8
CNN_FN_08,cnn,CNN,FN,9,198454,2.520293855923228e-05,-10.58852481842041,3.678664207458496,3.655532689535443,0.023131517923053124,0.6290151088895941,0.3333333333333333,0.7
CNN_FN_08,cnn,CNN,FN,10,295346,5.769411291112192e-05,-9.760297775268555,2.8504371643066406,2.7857453040904407,0.06469186021619988,0.6285614357005154,0.3333333333333333,0.7
CNN_FN_08,cnn,CNN,FN,11,87343,0.00010499916243134066,-9.161453247070312,2.2515926361083984,2.3177576927520858,0.06616505664368733,0.6101750574045892,0.17647058823529413,0.6
CNN_FN_08,cnn,CNN,FN,12,257740,0.005232546012848616,-5.247611045837402,-1.6622495651245117,-1.659962422364707,0.0022871427598047944,0.38501153466630106,0.1111111111111111,0.5
CNN_FN_08,cnn,CNN,FN,13,150246,0.13935862481594086,-1.820627212524414,-5.0892333984375,-5.077413108573231,0.011820289864268752,0.14996613840224993,0.1111111111111111,0.2
CNN_FN_08,cnn,CNN,FN,14,115022,0.28249409794807434,-0.9321235418319702,-5.977737069129944,-5.912333055613217,0.06540401351672642,0.5321947408739788,0.42857142857142855,0.8
CNN_FN_08,cnn,CNN,FN,15,163618,0.0015199301997199655,-6.487569808959961,-0.4222908020019531,-0.5679897299316674,0.14569892792971428,0.4954479225087008,0.17647058823529413,0.6
CNN_FN_08,cnn,CNN,FN,16,133372,0.13112670183181763,-1.8910331726074219,-5.018827438354492,-4.982176689369577,0.03665074898491483,0.02054977535167459,0.17647058823529413,0.2
CNN_FN_08,cnn,CNN,FN,17,162071,0.14064912497997284,-1.8099089860916138,-5.0999516248703,-5.0963420886955735,0.003609536174726813,0.14884207763086388,0.1111111111111111,0.2
CNN_FN_08,cnn,CNN,FN,18,90067,0.00158109818585217,-6.448053359985352,-0.4618072509765625,-0.46089086131004686,0.0009163896665156379,-0.06804342426205065,0.17647058823529413,0.2
CNN_FN_08,cnn,CNN,FN,19,111705,0.145994171500206,-1.766371250152588,-5.143489360809326,-5.137688743330143,0.0058006174791831455,0.13375213810339048,0.1111111111111111,0.3
CNN_FN_08,cnn,CNN,FN,20,34940,0.06991544365882874,-2.58798885345459,-4.321871757507324,-4.318314725355007,0.0035570321523170634,0.42716618542402224,0.5384615384615384,0.7
CNN_FN_08,cnn,CNN,FN,21,212937,9.353640780318528e-05,-9.277066230773926,2.3672056198120117,2.3729525301898273,0.005746910377815606,0.7007020903055337,0.5384615384615384,0.8
CNN_FN_08,cnn,CNN,FN,22,214917,0.03187817335128784,-3.4134364128112793,-3.4964241981506348,-3.4920857199248347,0.004338478225800024,0.10503256772145332,0.05263157894736842,0.1
CNN_FN_08,cnn,CNN,FN,23,70482,0.002233611885458231,-6.101899147033691,-0.8079614639282227,-0.806932869418016,0.0010285945102066485,-0.05210768612342235,0.17647058823529413,0.3
CNN_FN_08,cnn,CNN,FN,24,294868,0.00010112184099853039,-9.19908332824707,2.2892227172851562,2.2892482367682336,2.5519483077385274e-05,0.7016272343098479,0.6666666666666666,0.8
CNN_FN_08,cnn,CNN,FN,25,39929,0.33780986070632935,-0.6730696558952332,-6.236790955066681,-6.246706936342073,0.00991598127539195,0.7401885639384083,0.5384615384615384,0.8
CNN_FN_08,cnn,CNN,FN,26,138479,0.0454024001955986,-3.045724868774414,-3.8641357421875,-3.8978898175660044,0.03375407537850439,0.6228613179871667,0.42857142857142855,0.9
CNN_FN_08,cnn,CNN,FN,27,142790,1.4258160263125319e-05,-11.158166885375977,4.2483062744140625,4.253638065030201,0.005331790616138754,0.37633524817736197,0.3333333333333333,0.4
CNN_FN_08,cnn,CNN,FN,28,100912,0.06924225389957428,-2.5983877182006836,-4.3114728927612305,-4.305041264964465,0.00643162779676576,0.4293203345248445,0.5384615384615384,0.6
CNN_FN_08,cnn,CNN,FN,29,74305,0.00013703333388548344,-8.895149230957031,1.9852886199951172,2.013661562938925,0.02837294294380799,0.6093849453655193,0.17647058823529413,0.6
CNN_FN_08,cnn,CNN,FN,30,264007,9.488304203841835e-05,-9.262770652770996,2.352910041809082,2.333306091690353,0.019603950118729063,0.6901167874311316,0.6666666666666666,0.8
CNN_FN_08,cnn,CNN,FN,31,265049,0.09861952811479568,-2.212658166885376,-4.697202444076538,-4.700963809600699,0.0037613655241610644,-0.09187097259987828,0.17647058823529413,0.2
CNN_FN_08,cnn,CNN,FN,32,45738,0.04951528087258339,-2.95469069480896,-3.955169916152954,-3.9495931348210123,0.005576781331941838,0.7030169711396383,0.5384615384615384,1.0
CNN_FP_01,cnn,CNN,FP,1,276817,0.0011331631103530526,-6.781608581542969,6.783498339354992,6.8224051993053365,0.0389068599503446,0.46595109127672313,0.05263157894736842,0.1
CNN_FP_01,cnn,CNN,FP,2,214177,0.10486417263746262,-2.1443095207214355,2.1461992785334587,2.1246827614515054,0.021516517081953346,0.18449576819311392,0.25,0.5
CNN_FP_01,cnn,CNN,FP,3,271605,0.029957886785268784,-3.4775469303131104,3.4794366881251335,3.4937790944001046,0.014342406274971076,0.25784269441799257,0.05263157894736842,0.1
CNN_FP_01,cnn,CNN,FP,4,284786,3.0974788387538865e-05,-10.382306098937988,10.384195856750011,10.343561247968047,0.04063460878196423,0.6732232713215012,0.42857142857142855,0.6
CNN_FP_01,cnn,CNN,FP,5,278772,0.15003538131713867,-1.7343236207962036,1.7362133786082268,1.7148338394376645,0.021379539170562234,0.2665056126115684,0.1111111111111111,0.4
CNN_FP_01,cnn,CNN,FP,6,65755,0.0447944775223732,-3.0598416328430176,3.0617313906550407,3.043294880854432,0.018436509800608736,0.7551365694000893,0.42857142857142855,0.8
CNN_FP_01,cnn,CNN,FP,7,262731,8.94562472240068e-05,-9.321671485900879,9.323561243712902,9.209114491233018,0.11444675247988378,0.8712181055337479,0.6666666666666666,1.0
CNN_FP_01,cnn,CNN,FP,8,21449,0.055750586092472076,-2.8295023441314697,2.831392101943493,2.8266736281413865,0.004718473802106438,0.8238171836406806,0.6666666666666666,1.0
CNN_FP_01,cnn,CNN,FP,9,198454,2.520293855923228e-05,-10.58852481842041,10.590414576232433,10.619858520111492,0.02944394387905902,0.563667566413763,0.42857142857142855,0.7
CNN_FP_01,cnn,CNN,FP,10,295346,5.769411291112192e-05,-9.760297775268555,9.762187533080578,9.740814577635586,0.02137295544499196,0.5435317219644036,0.3333333333333333,0.7
CNN_FP_01,cnn,CNN,FP,11,87343,0.00010499916243134066,-9.161453247070312,9.163343004882336,9.03999701858578,0.12334598629655602,0.6256612732823311,0.25,0.6
CNN_FP_01,cnn,CNN,FP,12,257740,0.005232546012848616,-5.247611045837402,5.2495008036494255,5.260585124758302,0.011084321108876694,0.2764974627248821,0.05263157894736842,0.3
CNN_FP_01,cnn,CNN,FP,13,150246,0.13935862481594086,-1.820627212524414,1.8225169703364372,1.839245569371589,0.01672859903515178,0.348884491543557,0.05263157894736842,0.4
CNN_FP_01,cnn,CNN,FP,14,115022,0.28249409794807434,-0.9321235418319702,0.9340132996439934,0.8852618546553274,0.048751444988666015,0.5704894581355687,0.42857142857142855,0.7
CNN_FP_01,cnn,CNN,FP,15,163618,0.0015199301997199655,-6.487569808959961,6.489459566771984,6.332502983741841,0.15695658303014337,0.5406091167661402,0.17647058823529413,0.6
CNN_FP_01,cnn,CNN,FP,16,133372,0.13112670183181763,-1.8910331726074219,1.892922930419445,1.8836978782591633,0.009225052160281688,0.2295651896206242,0.17647058823529413,0.6
CNN_FP_01,cnn,CNN,FP,17,162071,0.14064912497997284,-1.8099089860916138,1.811798743903637,1.8317110870606639,0.019912343157026946,0.3354880247940379,0.1111111111111111,0.4
CNN_FP_01,cnn,CNN,FP,18,90067,0.00158109818585217,-6.448053359985352,6.449943117797375,6.434528898843216,0.01541421895415862,0.49087842724666925,0.1111111111111111,0.2
CNN_FP_01,cnn,CNN,FP,19,111705,0.145994171500206,-1.766371250152588,1.768261007964611,1.8069979342926135,0.03873692632800241,0.31727287382168856,0.1111111111111111,0.4
CNN_FP_01,cnn,CNN,FP,20,34940,0.06991544365882874,-2.58798885345459,2.589878611266613,2.585366307658095,0.0045123036085179535,0.7716392503525883,0.6666666666666666,0.9
CNN_FP_01,cnn,CNN,FP,21,212937,9.353640780318528e-05,-9.277066230773926,9.278955988585949,9.301857754809514,0.022901766223565545,0.8751342479169372,0.6666666666666666,1.0
CNN_FP_01,cnn,CNN,FP,22,214917,0.03187817335128784,-3.4134364128112793,3.4153261706233025,3.422246978777805,0.006920808154502467,0.691085573534794,0.42857142857142855,0.7
CNN_FP_01,cnn,CNN,FP,23,70482,0.002233611885458231,-6.101899147033691,6.103788904845715,6.079611228503745,0.024177676341969878,0.4842005163633221,0.1111111111111111,0.2
CNN_FP_01,cnn,CNN,FP,24,294868,0.00010112184099853039,-9.19908332824707,9.200973086059093,9.191255351921397,0.00971773413769661,0.8761489311134142,0.6666666666666666,1.0
CNN_FP_01,cnn,CNN,FP,25,39929,0.33780986070632935,-0.6730696558952332,0.6749594137072563,0.6739891827582785,0.0009702309489778571,0.743323739094638,0.5384615384615384,0.9
CNN_FP_01,cnn,CNN,FP,26,138479,0.0454024001955986,-3.045724868774414,3.0476146265864372,3.1017097722774176,0.054095145690980395,0.7569678177081044,0.42857142857142855,0.9
CNN_FP_01,cnn,CNN,FP,27,142790,1.4258160263125319e-05,-11.158166885375977,11.160056643188,11.155327094602832,0.00472954858516772,0.7640135953978834,0.42857142857142855,0.6
CNN_FP_01,cnn,CNN,FP,28,100912,0.06924225389957428,-2.5983877182006836,2.6002774760127068,2.6329406422140083,0.0326631662013015,0.7757812138389518,0.6666666666666666,0.9
CNN_FP_01,cnn,CNN,FP,29,74305,0.00013703333388548344,-8.895149230957031,8.897038988769054,8.940041227141885,0.04300223837283035,0.6135382143050703,0.25,0.6
CNN_FP_01,cnn,CNN,FP,30,264007,9.488304203841835e-05,-9.262770652770996,9.26466041058302,9.215944685906349,0.04871572467667029,0.8708229542931151,0.6666666666666666,1.0
CNN_FP_01,cnn,CNN,FP,31,265049,0.09861952811479568,-2.212658166885376,2.214547924697399,2.1795823863563846,0.03496553834101457,0.1443656277559722,0.17647058823529413,0.2
CNN_FP_01,cnn,CNN,FP,32,45738,0.04951528087258339,-2.95469069480896,2.956580452620983,2.9053786114342683,0.05120184118671478,0.8055811064048402,0.5384615384615384,1.0
CNN_FP_02,cnn,CNN,FP,1,276817,0.0011331631103530526,-6.781608581542969,7.0469565987586975,7.051826481868227,0.004869883109529738,-0.027742879015768118,0.0,0.0
CNN_FP_02,cnn,CNN,FP,2,214177,0.10486417263746262,-2.1443095207214355,2.4096575379371643,2.385804339708302,0.023853198228862116,0.556868207011936,0.1111111111111111,0.6
CNN_FP_02,cnn,CNN,FP,3,271605,0.029957886785268784,-3.4775469303131104,3.742894947528839,3.726664910803459,0.01623003672538026,0.3938760120029558,0.1111111111111111,0.2
CNN_FP_02,cnn,CNN,FP,4,284786,3.0974788387538865e-05,-10.382306098937988,10.647654116153717,10.636474279636705,0.011179836517012376,0.7948906280126382,0.5384615384615384,0.8
CNN_FP_02,cnn,CNN,FP,5,278772,0.15003538131713867,-1.7343236207962036,1.9996716380119324,1.9966195354245697,0.0030521025873626595,0.6953862887372851,0.17647058823529413,0.5
CNN_FP_02,cnn,CNN,FP,6,65755,0.0447944775223732,-3.0598416328430176,3.3251896500587463,3.336968298904243,0.011778648845496509,0.49351595286384903,0.42857142857142855,0.7
CNN_FP_02,cnn,CNN,FP,7,262731,8.94562472240068e-05,-9.321671485900879,9.587019503116608,9.622352839841755,0.035333336725146935,0.5156080272527711,0.3333333333333333,0.7
CNN_FP_02,cnn,CNN,FP,8,21449,0.055750586092472076,-2.8295023441314697,3.0948503613471985,3.1058810696061703,0.011030708258971789,0.5607110286566079,0.5384615384615384,0.8
CNN_FP_02,cnn,CNN,FP,9,198454,2.520293855923228e-05,-10.58852481842041,10.853872835636139,10.842568120273636,0.011304715362502549,0.7867403764050249,0.5384615384615384,0.6
CNN_FP_02,cnn,CNN,FP,10,295346,5.769411291112192e-05,-9.760297775268555,10.025645792484283,10.007514634769077,0.01813115771520657,0.81654827272245,0.5384615384615384,0.8
CNN_FP_02,cnn,CNN,FP,11,87343,0.00010499916243134066,-9.161453247070312,9.426801264286041,9.521668131283484,0.0948668669974424,0.8366785429736335,0.5384615384615384,0.9
CNN_FP_02,cnn,CNN,FP,12,257740,0.005232546012848616,-5.247611045837402,5.512959063053131,5.52151825607254,0.008559193019409328,0.1945424591362019,0.1111111111111111,0.1
CNN_FP_02,cnn,CNN,FP,13,150246,0.13935862481594086,-1.820627212524414,2.085975229740143,2.1070994878233367,0.021124258083193848,0.6491130118298398,0.25,0.5
CNN_FP_02,cnn,CNN,FP,14,115022,0.28249409794807434,-0.9321235418319702,1.197471559047699,1.1795997137583014,0.01787184528939756,0.29358448496543654,0.42857142857142855,0.7
CNN_FP_02,cnn,CNN,FP,15,163618,0.0015199301997199655,-6.487569808959961,6.75291782617569,6.7168431459057425,0.0360746802699472,0.8280016064832645,0.5384615384615384,1.0
CNN_FP_02,cnn,CNN,FP,16,133372,0.13112670183181763,-1.8910331726074219,2.1563811898231506,2.2033233699965518,0.04694218017340113,0.68592595545025,0.1111111111111111,0.6
CNN_FP_02,cnn,CNN,FP,17,162071,0.14064912497997284,-1.8099089860916138,2.0752570033073425,2.070902217742922,0.0043547855644203715,0.6588737764845811,0.17647058823529413,0.5
CNN_FP_02,cnn,CNN,FP,18,90067,0.00158109818585217,-6.448053359985352,6.71340137720108,6.729409710822528,0.016008333621448045,0.7222040032657325,0.1111111111111111,0.2
CNN_FP_02,cnn,CNN,FP,19,111705,0.145994171500206,-1.766371250152588,2.0317192673683167,2.044995029904142,0.013275762535825297,0.6803208966067896,0.17647058823529413,0.5
CNN_FP_02,cnn,CNN,FP,20,34940,0.06991544365882874,-2.58798885345459,2.8533368706703186,2.871585617095168,0.018248746424849305,0.1630935552832286,0.17647058823529413,0.6
CNN_FP_02,cnn,CNN,FP,21,212937,9.353640780318528e-05,-9.277066230773926,9.542414247989655,9.49634320734097,0.04607104064868395,0.5268501660318065,0.3333333333333333,0.7
CNN_FP_02,cnn,CNN,FP,22,214917,0.03187817335128784,-3.4134364128112793,3.678784430027008,3.68698185365153,0.008197423624522138,0.7771749889772599,0.3333333333333333,0.9
CNN_FP_02,cnn,CNN,FP,23,70482,0.002233611885458231,-6.101899147033691,6.36724716424942,6.376744447364794,0.009497283115373456,0.7327104947573425,0.1111111111111111,0.2
CNN_FP_02,cnn,CNN,FP,24,294868,0.00010112184099853039,-9.19908332824707,9.464431345462799,9.487015089398698,0.02258374393589868,0.5215019368820446,0.3333333333333333,0.7
CNN_FP_02,cnn,CNN,FP,25,39929,0.33780986070632935,-0.6730696558952332,0.9384176731109619,0.9467069494370384,0.008289276326076456,0.46534316556570493,0.42857142857142855,0.8
CNN_FP_02,cnn,CNN,FP,26,138479,0.0454024001955986,-3.045724868774414,3.311072885990143,3.3133277544330166,0.002254868442873814,0.5318250135873946,0.42857142857142855,0.8
CNN_FP_02,cnn,CNN,FP,27,142790,1.4258160263125319e-05,-11.158166885375977,11.423514902591705,11.422186230829098,0.0013286717626073141,0.8387233058931939,0.42857142857142855,0.8
CNN_FP_02,cnn,CNN,FP,28,100912,0.06924225389957428,-2.5983877182006836,2.8637357354164124,2.887384983341207,0.023649247924794725,0.16250268411685562,0.25,0.6
CNN_FP_02,cnn,CNN,FP,29,74305,0.00013703333388548344,-8.895149230957031,9.16049724817276,9.123641913827985,0.03685533434477506,0.831413536402451,0.5384615384615384,0.9
CNN_FP_02,cnn,CNN,FP,30,264007,9.488304203841835e-05,-9.262770652770996,9.528118669986725,9.530723420970496,0.002604750983770998,0.5161350300208534,0.3333333333333333,0.7
CNN_FP_02,cnn,CNN,FP,31,265049,0.09861952811479568,-2.212658166885376,2.4780061841011047,2.5054797404884126,0.027473556387307863,0.5875581860753484,0.1111111111111111,0.2
CNN_FP_02,cnn,CNN,FP,32,45738,0.04951528087258339,-2.95469069480896,3.2200387120246887,3.1854420967960175,0.03459661522867119,0.5338648703685741,0.42857142857142855,0.8
CNN_FP_03,cnn,CNN,FP,1,276817,0.0011331631103530526,-6.781608581542969,7.1307553350925446,7.126798132276564,0.003957202815980665,-0.03399235492826756,0.0,0.0
CNN_FP_03,cnn,CNN,FP,2,214177,0.10486417263746262,-2.1443095207214355,2.4934562742710114,2.5346970099998156,0.04124073572880427,0.558593396664122,0.1111111111111111,0.6
CNN_FP_03,cnn,CNN,FP,3,271605,0.029957886785268784,-3.4775469303131104,3.826693683862686,3.8218764292577463,0.004817254604939869,0.39918904616021333,0.1111111111111111,0.2
CNN_FP_03,cnn,CNN,FP,4,284786,3.0974788387538865e-05,-10.382306098937988,10.731452852487564,10.691044977796054,0.040407874691510415,0.8007525575829835,0.5384615384615384,0.8
CNN_FP_03,cnn,CNN,FP,5,278772,0.15003538131713867,-1.7343236207962036,2.0834703743457794,2.11287567089237,0.02940529654659052,0.7047081278631545,0.17647058823529413,0.5
CNN_FP_03,cnn,CNN,FP,6,65755,0.0447944775223732,-3.0598416328430176,3.4089883863925934,3.3902616684887525,0.01872671790384084,0.4844045690983084,0.42857142857142855,0.7
CNN_FP_03,cnn,CNN,FP,7,262731,8.94562472240068e-05,-9.321671485900879,9.670818239450455,9.691319896914221,0.02050165746376642,0.5059187716369978,0.3333333333333333,0.7
CNN_FP_03,cnn,CNN,FP,8,21449,0.055750586092472076,-2.8295023441314697,3.1786490976810455,3.2297341328373883,0.05108503515634277,0.5512298397707251,0.5384615384615384,0.8
CNN_FP_03,cnn,CNN,FP,9,198454,2.520293855923228e-05,-10.58852481842041,10.937671571969986,10.896532156032954,0.04113941593703174,0.7883736700112193,0.5384615384615384,0.6
CNN_FP_03,cnn,CNN,FP,10,295346,5.769411291112192e-05,-9.760297775268555,10.10944452881813,10.098708311710018,0.010736217108112456,0.8189884128234162,0.5384615384615384,0.8
CNN_FP_03,cnn,CNN,FP,11,87343,0.00010499916243134066,-9.161453247070312,9.510600000619888,9.467339554972584,0.043260445647304024,0.8370012460935584,0.5384615384615384,0.9
CNN_FP_03,cnn,CNN,FP,12,257740,0.005232546012848616,-5.247611045837402,5.596757799386978,5.618335163475905,0.021577364088926743,0.19235294971500352,0.1111111111111111,0.1
CNN_FP_03,cnn,CNN,FP,13,150246,0.13935862481594086,-1.820627212524414,2.16977396607399,2.1847179378800665,0.01494397180607665,0.6600568438629387,0.25,0.5
CNN_FP_03,cnn,CNN,FP,14,115022,0.28249409794807434,-0.9321235418319702,1.281270295381546,1.255735564201891,0.02553473117965499,0.2959159050496675,0.42857142857142855,0.7
CNN_FP_03,cnn,CNN,FP,15,163618,0.0015199301997199655,-6.487569808959961,6.836716562509537,6.7951965023521845,0.04152006015735221,0.84031999755041,0.5384615384615384,1.0
CNN_FP_03,cnn,CNN,FP,16,133372,0.13112670183181763,-1.8910331726074219,2.2401799261569977,2.242293227841418,0.0021133016844201435,0.6961168274213948,0.1111111111111111,0.6
CNN_FP_03,cnn,CNN,FP,17,162071,0.14064912497997284,-1.8099089860916138,2.1590557396411896,2.1616996893933655,0.002643949752175967,0.6686811937197354,0.17647058823529413,0.5
CNN_FP_03,cnn,CNN,FP,18,90067,0.00158109818585217,-6.448053359985352,6.797200113534927,6.79253553471957,0.004664578815357423,0.7258608385619134,0.1111111111111111,0.2
CNN_FP_03,cnn,CNN,FP,19,111705,0.145994171500206,-1.766371250152588,2.1155180037021637,2.150714963926905,0.0351969602247415,0.6896690282409614,0.17647058823529413,0.5
CNN_FP_03,cnn,CNN,FP,20,34940,0.06991544365882874,-2.58798885345459,2.9371356070041656,2.9420468960276045,0.004911289023438847,0.16706911756382792,0.17647058823529413,0.6
CNN_FP_03,cnn,CNN,FP,21,212937,9.353640780318528e-05,-9.277066230773926,9.626212984323502,9.611058065297255,0.015154919026246105,0.517576003941621,0.42857142857142855,0.7
CNN_FP_03,cnn,CNN,FP,22,214917,0.03187817335128784,-3.4134364128112793,3.762583166360855,3.7466352980341346,0.01594786832672046,0.7809156722383018,0.3333333333333333,0.9
CNN_FP_03,cnn,CNN,FP,23,70482,0.002233611885458231,-6.101899147033691,6.451045900583267,6.449235480481759,0.0018104201015081145,0.7398018511018246,0.1111111111111111,0.2
CNN_FP_03,cnn,CNN,FP,24,294868,0.00010112184099853039,-9.19908332824707,9.548230081796646,9.520936042984959,0.02729403881168757,0.5120794330155156,0.3333333333333333,0.7
CNN_FP_03,cnn,CNN,FP,25,39929,0.33780986070632935,-0.6730696558952332,1.022216409444809,1.0468697744311595,0.024653364986350512,0.45890208862199944,0.42857142857142855,0.8
CNN_FP_03,cnn,CNN,FP,26,138479,0.0454024001955986,-3.045724868774414,3.39487162232399,3.4429808692387827,0.04810924691479279,0.5253061145644388,0.42857142857142855,0.8
CNN_FP_03,cnn,CNN,FP,27,142790,1.4258160263125319e-05,-11.158166885375977,11.507313638925552,11.526961329993531,0.019647691067978812,0.8430283028158007,0.42857142857142855,0.8
CNN_FP_03,cnn,CNN,FP,28,100912,0.06924225389957428,-2.5983877182006836,2.9475344717502594,2.962558419155145,0.01502394740488544,0.1663666530086572,0.25,0.6
CNN_FP_03,cnn,CNN,FP,29,74305,0.00013703333388548344,-8.895149230957031,9.244295984506607,9.059717969942954,0.18457801456365353,0.832448145775186,0.5384615384615384,0.9
CNN_FP_03,cnn,CNN,FP,30,264007,9.488304203841835e-05,-9.262770652770996,9.611917406320572,9.598645502722539,0.013271903598033319,0.5073260518526935,0.3333333333333333,0.7
CNN_FP_03,cnn,CNN,FP,31,265049,0.09861952811479568,-2.212658166885376,2.561804920434952,2.5743324118580326,0.01252749142308085,0.5946621510693794,0.1111111111111111,0.2
CNN_FP_03,cnn,CNN,FP,32,45738,0.04951528087258339,-2.95469069480896,3.3038374483585358,3.2784910541344487,0.02534639422408702,0.5264528744941457,0.42857142857142855,0.8
CNN_FP_04,cnn,CNN,FP,1,276817,0.0011331631103530526,-6.781608581542969,7.6378133893013,7.506987848497174,0.13082554080412567,0.4556268681583922,0.1111111111111111,0.3
CNN_FP_04,cnn,CNN,FP,2,214177,0.10486417263746262,-2.1443095207214355,3.000514328479767,3.0253952241096127,0.024880895629845856,0.1894934501920197,0.25,0.3
CNN_FP_04,cnn,CNN,FP,3,271605,0.029957886785268784,-3.4775469303131104,4.333751738071442,4.262497143689195,0.07125459438224624,0.32638677789896897,0.1111111111111111,0.2
CNN_FP_04,cnn,CNN,FP,4,284786,3.0974788387538865e-05,-10.382306098937988,11.23851090669632,11.240588507798934,0.002077601102614679,0.655937861350689,0.3333333333333333,0.7
CNN_FP_04,cnn,CNN,FP,5,278772,0.15003538131713867,-1.7343236207962036,2.590528428554535,2.5827722256209453,0.007756202933589584,0.3520050592160185,0.1111111111111111,0.6
CNN_FP_04,cnn,CNN,FP,6,65755,0.0447944775223732,-3.0598416328430176,3.916046440601349,3.9064963267377135,0.009550113863635357,0.7702653600105596,0.5384615384615384,0.8
CNN_FP_04,cnn,CNN,FP,7,262731,8.94562472240068e-05,-9.321671485900879,10.17787629365921,10.148027743717257,0.02984854994195274,0.8475488285887262,0.6666666666666666,0.9
CNN_FP_04,cnn,CNN,FP,8,21449,0.055750586092472076,-2.8295023441314697,3.685707151889801,3.616869880543648,0.06883727134615292,0.8287893500699314,0.6666666666666666,0.9
CNN_FP_04,cnn,CNN,FP,9,198454,2.520293855923228e-05,-10.58852481842041,11.444729626178741,11.505663270390883,0.06093364421214176,0.5618683691973734,0.42857142857142855,0.7
CNN_FP_04,cnn,CNN,FP,10,295346,5.769411291112192e-05,-9.760297775268555,10.616502583026886,10.662145736282492,0.04564315325560564,0.5549452115315787,0.3333333333333333,0.7
CNN_FP_04,cnn,CNN,FP,11,87343,0.00010499916243134066,-9.161453247070312,10.017658054828644,9.954307611699608,0.06335044312903548,0.6417009833970216,0.3333333333333333,0.6
CNN_FP_04,cnn,CNN,FP,12,257740,0.005232546012848616,-5.247611045837402,6.103815853595734,6.093174006017042,0.010641847578691355,0.2522993371156851,0.05263157894736842,0.3
CNN_FP_04,cnn,CNN,FP,13,150246,0.13935862481594086,-1.820627212524414,2.6768320202827454,2.6637096246402936,0.013122395642451767,0.3954390693245166,0.1111111111111111,0.5
CNN_FP_04,cnn,CNN,FP,14,115022,0.28249409794807434,-0.9321235418319702,1.7883283495903015,1.7172412542488795,0.07108709534142199,0.5917287048609278,0.42857142857142855,0.8
CNN_FP_04,cnn,CNN,FP,15,163618,0.0015199301997199655,-6.487569808959961,7.343774616718292,7.129799885762783,0.2139747309555089,0.5503341733575935,0.17647058823529413,0.7
CNN_FP_04,cnn,CNN,FP,16,133372,0.13112670183181763,-1.8910331726074219,2.747237980365753,2.749516510317474,0.0022785299517207314,0.21835732814106132,0.1111111111111111,0.6
CNN_FP_04,cnn,CNN,FP,17,162071,0.14064912497997284,-1.8099089860916138,2.666113793849945,2.6709053895042105,0.004791595654265457,0.38669793762256116,0.1111111111111111,0.5
CNN_FP_04,cnn,CNN,FP,18,90067,0.00158109818585217,-6.448053359985352,7.304258167743683,7.315803394891763,0.011545227148079817,0.5400232486399674,0.17647058823529413,0.3
CNN_FP_04,cnn,CNN,FP,19,111705,0.145994171500206,-1.766371250152588,2.622576057910919,2.6629870658991583,0.040411007988239156,0.37683055078396255,0.1111111111111111,0.5
CNN_FP_04,cnn,CNN,FP,20,34940,0.06991544365882874,-2.58798885345459,3.444193661212921,3.460017078796695,0.015823417583773924,0.7457296518856253,0.5384615384615384,0.9
CNN_FP_04,cnn,CNN,FP,21,212937,9.353640780318528e-05,-9.277066230773926,10.133271038532257,10.163175385653222,0.029904347120965014,0.850278003641151,0.6666666666666666,0.9
CNN_FP_04,cnn,CNN,FP,22,214917,0.03187817335128784,-3.4134364128112793,4.269641220569611,4.255383793599951,0.01425742696965937,0.6174806036745183,0.42857142857142855,0.7
CNN_FP_04,cnn,CNN,FP,23,70482,0.002233611885458231,-6.101899147033691,6.958103954792023,6.925536850570381,0.03256710422164133,0.4896339596200108,0.17647058823529413,0.2
CNN_FP_04,cnn,CNN,FP,24,294868,0.00010112184099853039,-9.19908332824707,10.055288136005402,10.085156502180109,0.029868366174707006,0.8524308725164662,0.6666666666666666,0.9
CNN_FP_04,cnn,CNN,FP,25,39929,0.33780986070632935,-0.6730696558952332,1.5292744636535645,1.4822927593719775,0.04698170428158699,0.7093741889539813,0.6666666666666666,1.0
CNN_FP_04,cnn,CNN,FP,26,138479,0.0454024001955986,-3.045724868774414,3.9019296765327454,3.8237886545838764,0.07814102194886896,0.7675617849878629,0.5384615384615384,0.8
CNN_FP_04,cnn,CNN,FP,27,142790,1.4258160263125319e-05,-11.158166885375977,12.014371693134308,11.99769085831127,0.016680834823038282,0.7209020088786356,0.42857142857142855,0.7
CNN_FP_04,cnn,CNN,FP,28,100912,0.06924225389957428,-2.5983877182006836,3.454592525959015,3.45396334186879,0.0006291840902248325,0.7489146212016258,0.5384615384615384,0.9
CNN_FP_04,cnn,CNN,FP,29,74305,0.00013703333388548344,-8.895149230957031,9.751354038715363,9.682276182571488,0.06907785614387407,0.6343765442537426,0.3333333333333333,0.6
CNN_FP_04,cnn,CNN,FP,30,264007,9.488304203841835e-05,-9.262770652770996,10.118975460529327,10.13411836019974,0.015142899670411936,0.8475079929922454,0.6666666666666666,0.9
CNN_FP_04,cnn,CNN,FP,31,265049,0.09861952811479568,-2.212658166885376,3.0688629746437073,3.055862695464002,0.013000279179705476,0.173119290154256,0.17647058823529413,0.1
CNN_FP_04,cnn,CNN,FP,32,45738,0.04951528087258339,-2.95469069480896,3.8108955025672913,3.687321018764977,0.12357448380231428,0.8036980128059482,0.5384615384615384,0.9
CNN_FP_05,cnn,CNN,FP,1,276817,0.0011331631103530526,-6.781608581542969,8.315953850746155,8.333268131230337,0.017314280484182376,0.6376247486436828,0.42857142857142855,0.6
CNN_FP_05,cnn,CNN,FP,2,214177,0.10486417263746262,-2.1443095207214355,3.6786547899246216,3.6809171212900433,0.0022623313654217547,0.9078237510042725,0.42857142857142855,1.0
CNN_FP_05,cnn,CNN,FP,3,271605,0.029957886785268784,-3.4775469303131104,5.011892199516296,4.993234011334301,0.018658188181995605,0.7616479249073652,0.42857142857142855,0.7
CNN_FP_05,cnn,CNN,FP,4,284786,3.0974788387538865e-05,-10.382306098937988,11.916651368141174,11.718418835031711,0.1982325331094632,0.9076200132250449,0.42857142857142855,1.0
CNN_FP_05,cnn,CNN,FP,5,278772,0.15003538131713867,-1.7343236207962036,3.2686688899993896,3.2405744534035947,0.028094436595794914,0.9004122907748586,0.42857142857142855,0.8
CNN_FP_05,cnn,CNN,FP,6,65755,0.0447944775223732,-3.0598416328430176,4.594186902046204,4.5711589103498955,0.023027991696308092,0.8840769111308145,0.42857142857142855,1.0
CNN_FP_05,cnn,CNN,FP,7,262731,8.94562472240068e-05,-9.321671485900879,10.856016755104065,10.836624148454847,0.019392606649217825,0.9211833620688777,0.3333333333333333,0.9
CNN_FP_05,cnn,CNN,FP,8,21449,0.055750586092472076,-2.8295023441314697,4.363847613334656,4.338253224010321,0.025594389324334443,0.9021241554009645,0.42857142857142855,1.0
CNN_FP_05,cnn,CNN,FP,9,198454,2.520293855923228e-05,-10.58852481842041,12.122870087623596,12.146431367617438,0.023561279993842277,0.8829169739818525,0.3333333333333333,0.9
CNN_FP_05,cnn,CNN,FP,10,295346,5.769411291112192e-05,-9.760297775268555,11.29464304447174,11.190122664115323,0.10452038035641742,0.8821689216094026,0.3333333333333333,0.9
CNN_FP_05,cnn,CNN,FP,11,87343,0.00010499916243134066,-9.161453247070312,10.695798516273499,10.661102592613977,0.034695923659521455,0.8243466003597018,0.3333333333333333,0.9
CNN_FP_05,cnn,CNN,FP,12,257740,0.005232546012848616,-5.247611045837402,6.781956315040588,6.766853471049946,0.015102843990642434,0.6485649590127397,0.3333333333333333,0.7
CNN_FP_05,cnn,CNN,FP,13,150246,0.13935862481594086,-1.820627212524414,3.3549724817276,3.3704177201366496,0.015445238409049544,0.8678615779649105,0.42857142857142855,0.9
CNN_FP_05,cnn,CNN,FP,14,115022,0.28249409794807434,-0.9321235418319702,2.4664688110351562,2.4907910107467353,0.024322199711579007,0.7436968577267374,0.3333333333333333,0.8
CNN_FP_05,cnn,CNN,FP,15,163618,0.0015199301997199655,-6.487569808959961,8.021915078163147,8.00529665206785,0.016618426095297067,0.569559195880189,0.25,1.0
CNN_FP_05,cnn,CNN,FP,16,133372,0.13112670183181763,-1.8910331726074219,3.425378441810608,3.3972411066836576,0.02813733512695027,0.7528126027643619,0.42857142857142855,0.9
CNN_FP_05,cnn,CNN,FP,17,162071,0.14064912497997284,-1.8099089860916138,3.3442542552948,3.3586894311241666,0.01443517582936682,0.8658462761711918,0.42857142857142855,0.9
CNN_FP_05,cnn,CNN,FP,18,90067,0.00158109818585217,-6.448053359985352,7.982398629188538,7.989572587900752,0.007173958712214379,0.9231859014298468,0.42857142857142855,0.8
CNN_FP_05,cnn,CNN,FP,19,111705,0.145994171500206,-1.766371250152588,3.300716519355774,3.308891808870925,0.008175289515151007,0.8878935858646338,0.42857142857142855,0.8
CNN_FP_05,cnn,CNN,FP,20,34940,0.06991544365882874,-2.58798885345459,4.122334122657776,4.149175770224852,0.02684164756707652,0.9101612458916337,0.42857142857142855,1.0
CNN_FP_05,cnn,CNN,FP,21,212937,9.353640780318528e-05,-9.277066230773926,10.811411499977112,10.874157371473121,0.06274587149600919,0.9178914742827935,0.42857142857142855,0.9
CNN_FP_05,cnn,CNN,FP,22,214917,0.03187817335128784,-3.4134364128112793,4.947781682014465,4.7847819468815755,0.1629997351328898,0.9315184714475623,0.42857142857142855,1.0
CNN_FP_05,cnn,CNN,FP,23,70482,0.002233611885458231,-6.101899147033691,7.636244416236877,7.6697373617117695,0.03349294547489201,0.8969289708067761,0.5384615384615384,0.8
CNN_FP_05,cnn,CNN,FP,24,294868,0.00010112184099853039,-9.19908332824707,10.733428597450256,10.771195932466567,0.037767335016310355,0.9193356228507592,0.42857142857142855,0.9
CNN_FP_05,cnn,CNN,FP,25,39929,0.33780986070632935,-0.6730696558952332,2.207414925098419,2.181004923842573,0.02641000125584636,0.8779476650193625,0.42857142857142855,0.8
CNN_FP_05,cnn,CNN,FP,26,138479,0.0454024001955986,-3.045724868774414,4.5800701379776,4.558671868370872,0.021398269606728526,0.890138260272448,0.42857142857142855,1.0
CNN_FP_05,cnn,CNN,FP,27,142790,1.4258160263125319e-05,-11.158166885375977,12.692512154579163,12.685774180371013,0.006737974208149922,0.9347260519255395,0.42857142857142855,0.9
CNN_FP_05,cnn,CNN,FP,28,100912,0.06924225389957428,-2.5983877182006836,4.13273298740387,4.143516355244747,0.010783367840877744,0.9096381782076272,0.42857142857142855,1.0
CNN_FP_05,cnn,CNN,FP,29,74305,0.00013703333388548344,-8.895149230957031,10.429494500160217,10.45830676515249,0.028812264992271963,0.8201359923759567,0.3333333333333333,0.9
CNN_FP_05,cnn,CNN,FP,30,264007,9.488304203841835e-05,-9.262770652770996,10.797115921974182,10.822466627234615,0.025350705260432704,0.9173966101636228,0.42857142857142855,0.9
CNN_FP_05,cnn,CNN,FP,31,265049,0.09861952811479568,-2.212658166885376,3.747003436088562,3.7843409050314083,0.037337468942846286,0.9029966545185028,0.42857142857142855,0.9
CNN_FP_05,cnn,CNN,FP,32,45738,0.04951528087258339,-2.95469069480896,4.489035964012146,4.473026357908585,0.016009606103560614,0.8930914073426148,0.42857142857142855,1.0
CNN_FP_06,cnn,CNN,FP,1,276817,0.0011331631103530526,-6.781608581542969,9.030158042907715,9.279373821293568,0.24921577838585307,0.48892679761062274,0.17647058823529413,0.7
CNN_FP_06,cnn,CNN,FP,2,214177,0.10486417263746262,-2.1443095207214355,4.392858982086182,4.490093661275543,0.09723467918936102,0.4498889882656221,0.3333333333333333,0.6
CNN_FP_06,cnn,CNN,FP,3,271605,0.029957886785268784,-3.4775469303131104,5.7260963916778564,5.589184788748053,0.13691160292980342,0.579547897997823,0.42857142857142855,0.7
CNN_FP_06,cnn,CNN,FP,4,284786,3.0974788387538865e-05,-10.382306098937988,12.630855560302734,12.550918991293903,0.07993656900883117,0.733245444773147,0.42857142857142855,0.7
CNN_FP_06,cnn,CNN,FP,5,278772,0.15003538131713867,-1.7343236207962036,3.9828730821609497,3.991951011311105,0.009077929150155484,0.6531650216013236,0.3333333333333333,0.8
CNN_FP_06,cnn,CNN,FP,6,65755,0.0447944775223732,-3.0598416328430176,5.308391094207764,5.317618018917982,0.009226924710218576,0.37517604832743356,0.17647058823529413,0.7
CNN_FP_06,cnn,CNN,FP,7,262731,8.94562472240068e-05,-9.321671485900879,11.570220947265625,11.582851753261032,0.012630805995407002,0.1417700918264457,0.25,0.4
CNN_FP_06,cnn,CNN,FP,8,21449,0.055750586092472076,-2.8295023441314697,5.078051805496216,5.065321931355811,0.012729874140404718,0.35887492467298315,0.17647058823529413,0.6
CNN_FP_06,cnn,CNN,FP,9,198454,2.520293855923228e-05,-10.58852481842041,12.837074279785156,12.809603042516962,0.02747123726819467,0.29761982593383807,0.42857142857142855,0.8
CNN_FP_06,cnn,CNN,FP,10,295346,5.769411291112192e-05,-9.760297775268555,12.0088472366333,12.012313269098513,0.0034660324652122654,0.32732224239079316,0.42857142857142855,0.8
CNN_FP_06,cnn,CNN,FP,11,87343,0.00010499916243134066,-9.161453247070312,11.410002708435059,11.379480104773764,0.030522603661294667,0.7598676773744166,0.3333333333333333,0.9
CNN_FP_06,cnn,CNN,FP,12,257740,0.005232546012848616,-5.247611045837402,7.496160507202148,7.500443807109416,0.004283299907267946,0.499895741099169,0.25,0.7
CNN_FP_06,cnn,CNN,FP,13,150246,0.13935862481594086,-1.820627212524414,4.06917667388916,4.070806878975181,0.0016302050860206307,0.676785416794543,0.42857142857142855,0.8
CNN_FP_06,cnn,CNN,FP,14,115022,0.28249409794807434,-0.9321235418319702,3.1806730031967163,3.189149359802835,0.008476356606118784,0.3572608657840086,0.17647058823529413,0.6
CNN_FP_06,cnn,CNN,FP,15,163618,0.0015199301997199655,-6.487569808959961,8.736119270324707,8.802640939178536,0.06652166885382904,0.763075159988351,0.3333333333333333,0.9
CNN_FP_06,cnn,CNN,FP,16,133372,0.13112670183181763,-1.8910331726074219,4.139582633972168,4.124854546855161,0.014728087117006794,0.19794203392621962,0.17647058823529413,0.4
CNN_FP_06,cnn,CNN,FP,17,162071,0.14064912497997284,-1.8099089860916138,4.05845844745636,4.048870810437331,0.009587637019028428,0.6804165770929248,0.42857142857142855,0.9
CNN_FP_06,cnn,CNN,FP,18,90067,0.00158109818585217,-6.448053359985352,8.696602821350098,8.72291888044722,0.0263160590971232,0.5673784021682964,0.42857142857142855,0.5
CNN_FP_06,cnn,CNN,FP,19,111705,0.145994171500206,-1.766371250152588,4.014920711517334,3.9858092125457643,0.029111498971569727,0.6793404602950689,0.42857142857142855,0.8
CNN_FP_06,cnn,CNN,FP,20,34940,0.06991544365882874,-2.58798885345459,4.836538314819336,4.818809089073529,0.017729225745807042,0.10670844503216742,0.25,0.5
CNN_FP_06,cnn,CNN,FP,21,212937,9.353640780318528e-05,-9.277066230773926,11.525615692138672,11.530973726970233,0.005358034831560943,0.1624106422502051,0.25,0.4
CNN_FP_06,cnn,CNN,FP,22,214917,0.03187817335128784,-3.4134364128112793,5.661985874176025,5.627044447257694,0.034941426918331686,0.5992558565898818,0.25,0.8
CNN_FP_06,cnn,CNN,FP,23,70482,0.002233611885458231,-6.101899147033691,8.350448608398438,8.345341685031793,0.005106923366644978,0.592825504316328,0.42857142857142855,0.6
CNN_FP_06,cnn,CNN,FP,24,294868,0.00010112184099853039,-9.19908332824707,11.447632789611816,11.546466414859939,0.09883362524812256,0.14708517012193204,0.25,0.4
CNN_FP_06,cnn,CNN,FP,25,39929,0.33780986070632935,-0.6730696558952332,2.9216191172599792,2.9520228479123833,0.030403730652404093,0.3498679386558547,0.25,0.4
CNN_FP_06,cnn,CNN,FP,26,138479,0.0454024001955986,-3.045724868774414,5.29427433013916,5.303689224787772,0.009414894648611671,0.3762095531601771,0.17647058823529413,0.6
CNN_FP_06,cnn,CNN,FP,27,142790,1.4258160263125319e-05,-11.158166885375977,13.406716346740723,13.402075288052485,0.00464105868823772,0.7891711704475165,0.42857142857142855,0.8
CNN_FP_06,cnn,CNN,FP,28,100912,0.06924225389957428,-2.5983877182006836,4.84693717956543,4.827255450320157,0.01968172924527245,0.10796155452887098,0.25,0.6
CNN_FP_06,cnn,CNN,FP,29,74305,0.00013703333388548344,-8.895149230957031,11.143698692321777,11.091763094602719,0.051935597719058535,0.7573787701630095,0.3333333333333333,0.9
CNN_FP_06,cnn,CNN,FP,30,264007,9.488304203841835e-05,-9.262770652770996,11.511320114135742,11.553712686284666,0.042392572148923335,0.14288478561978543,0.25,0.4
CNN_FP_06,cnn,CNN,FP,31,265049,0.09861952811479568,-2.212658166885376,4.461207628250122,4.506821846033694,0.04561421778357211,0.4187587387950071,0.3333333333333333,0.6
CNN_FP_06,cnn,CNN,FP,32,45738,0.04951528087258339,-2.95469069480896,5.203240156173706,5.18547831026963,0.017761845904075813,0.3866563718009342,0.17647058823529413,0.5
CNN_FP_07,cnn,CNN,FP,1,276817,0.0011331631103530526,-6.781608581542969,10.4706449508667,10.470537061974984,0.0001078888917156462,0.6084630805396601,0.17647058823529413,0.3
CNN_FP_07,cnn,CNN,FP,2,214177,0.10486417263746262,-2.1443095207214355,5.833345890045166,5.870262965267413,0.036917075222246964,0.7426167111638748,0.25,0.7
CNN_FP_07,cnn,CNN,FP,3,271605,0.029957886785268784,-3.4775469303131104,7.166583299636841,7.222921965305318,0.056338665668477006,0.7422998259103407,0.17647058823529413,0.3
CNN_FP_07,cnn,CNN,FP,4,284786,3.0974788387538865e-05,-10.382306098937988,14.071342468261719,14.091558766239284,0.020216297977565745,0.8098648811830317,0.42857142857142855,0.6
CNN_FP_07,cnn,CNN,FP,5,278772,0.15003538131713867,-1.7343236207962036,5.423359990119934,5.370348854523869,0.05301113559606474,0.8531314332058603,0.25,0.6
CNN_FP_07,cnn,CNN,FP,6,65755,0.0447944775223732,-3.0598416328430176,6.748878002166748,6.696919248061196,0.051958754105552174,0.7858280968886522,0.42857142857142855,0.7
CNN_FP_07,cnn,CNN,FP,7,262731,8.94562472240068e-05,-9.321671485900879,13.01070785522461,13.05339901777506,0.04269116255045091,0.6304764852793682,0.5384615384615384,0.9
CNN_FP_07,cnn,CNN,FP,8,21449,0.055750586092472076,-2.8295023441314697,6.5185387134552,6.443849868571435,0.07468884488376482,0.8440845343229452,0.6666666666666666,0.9
CNN_FP_07,cnn,CNN,FP,9,198454,2.520293855923228e-05,-10.58852481842041,14.27756118774414,14.288685379187916,0.011124191443775189,0.6487583615674651,0.5384615384615384,0.7
CNN_FP_07,cnn,CNN,FP,10,295346,5.769411291112192e-05,-9.760297775268555,13.449334144592285,13.553094678024047,0.10376053343176217,0.6439412950374689,0.5384615384615384,0.7
CNN_FP_07,cnn,CNN,FP,11,87343,0.00010499916243134066,-9.161453247070312,12.850489616394043,12.953716518310733,0.10322690191669004,0.7107377140288684,0.25,0.6
CNN_FP_07,cnn,CNN,FP,12,257740,0.005232546012848616,-5.247611045837402,8.936647415161133,8.948660566954462,0.012013151793329513,0.7786975138540196,0.17647058823529413,0.3
CNN_FP_07,cnn,CNN,FP,13,150246,0.13935862481594086,-1.820627212524414,5.5096635818481445,5.397102981694557,0.11256060015358749,0.8476142638063558,0.25,0.5
CNN_FP_07,cnn,CNN,FP,14,115022,0.28249409794807434,-0.9321235418319702,4.621159911155701,4.728186312791784,0.1070264016360829,0.6019745234255426,0.5384615384615384,0.8
CNN_FP_07,cnn,CNN,FP,15,163618,0.0015199301997199655,-6.487569808959961,10.176606178283691,10.199130385395703,0.02252420711201175,0.6127649357651628,0.17647058823529413,0.7
CNN_FP_07,cnn,CNN,FP,16,133372,0.13112670183181763,-1.8910331726074219,5.580069541931152,5.594785206308593,0.014715664377440874,0.7662334779594052,0.3333333333333333,0.6
CNN_FP_07,cnn,CNN,FP,17,162071,0.14064912497997284,-1.8099089860916138,5.498945355415344,5.4998727513163885,0.0009273959010442923,0.8537974839480125,0.3333333333333333,0.5
CNN_FP_07,cnn,CNN,FP,18,90067,0.00158109818585217,-6.448053359985352,10.137089729309082,10.14826183336172,0.011172104052638687,0.8075571439055018,0.1111111111111111,0.2
CNN_FP_07,cnn,CNN,FP,19,111705,0.145994171500206,-1.766371250152588,5.455407619476318,5.447012352158796,0.008395267317522048,0.8558428795416767,0.25,0.5
CNN_FP_07,cnn,CNN,FP,20,34940,0.06991544365882874,-2.58798885345459,6.27702522277832,6.268597429866773,0.008427792911547272,0.8046289979262011,0.42857142857142855,0.8
CNN_FP_07,cnn,CNN,FP,21,212937,9.353640780318528e-05,-9.277066230773926,12.966102600097656,13.010396647978434,0.0442940478807774,0.6258406910965545,0.5384615384615384,0.9
CNN_FP_07,cnn,CNN,FP,22,214917,0.03187817335128784,-3.4134364128112793,7.10247278213501,7.10356982081323,0.0010970386782203079,0.8642336881825113,0.25,0.6
CNN_FP_07,cnn,CNN,FP,23,70482,0.002233611885458231,-6.101899147033691,9.790935516357422,9.796167568290928,0.0052320519335058435,0.7571645530304503,0.1111111111111111,0.2
CNN_FP_07,cnn,CNN,FP,24,294868,0.00010112184099853039,-9.19908332824707,12.8881196975708,12.840483246228171,0.047636451342629726,0.6266893349958768,0.5384615384615384,0.9
CNN_FP_07,cnn,CNN,FP,25,39929,0.33780986070632935,-0.6730696558952332,4.362106025218964,4.318379051780204,0.04372697343875931,0.7662731424631555,0.6666666666666666,0.9
CNN_FP_07,cnn,CNN,FP,26,138479,0.0454024001955986,-3.045724868774414,6.7347612380981445,6.707121077518491,0.02764016057965346,0.8002489091528746,0.42857142857142855,0.8
CNN_FP_07,cnn,CNN,FP,27,142790,1.4258160263125319e-05,-11.158166885375977,14.847203254699707,14.848183099296435,0.0009798445967277303,0.8127673285110364,0.3333333333333333,0.6
CNN_FP_07,cnn,CNN,FP,28,100912,0.06924225389957428,-2.5983877182006836,6.287424087524414,6.2896140567130425,0.00218996918862846,0.8072917024319978,0.42857142857142855,0.8
CNN_FP_07,cnn,CNN,FP,29,74305,0.00013703333388548344,-8.895149230957031,12.584185600280762,12.551987278816082,0.032198321464679935,0.6814408433407267,0.25,0.6
CNN_FP_07,cnn,CNN,FP,30,264007,9.488304203841835e-05,-9.262770652770996,12.951807022094727,12.948514144735267,0.0032928773594598226,0.629074396101548,0.5384615384615384,0.9
CNN_FP_07,cnn,CNN,FP,31,265049,0.09861952811479568,-2.212658166885376,5.9016945362091064,5.870525257954786,0.031169278254320254,0.7501004895434926,0.17647058823529413,0.3
CNN_FP_07,cnn,CNN,FP,32,45738,0.04951528087258339,-2.95469069480896,6.64372706413269,6.633719769259809,0.010007294872881545,0.8251719170079178,0.42857142857142855,0.9
CNN_FP_08,cnn,CNN,FP,1,276817,0.0011331631103530526,-6.781608581542969,16.309510231018066,16.292021956059195,0.01748827495887184,0.08007281548634096,0.1111111111111111,0.2
CNN_FP_08,cnn,CNN,FP,2,214177,0.10486417263746262,-2.1443095207214355,11.672211170196533,11.54279809537083,0.12941307482570252,0.6570062368364012,0.17647058823529413,0.6
CNN_FP_08,cnn,CNN,FP,3,271605,0.029957886785268784,-3.4775469303131104,13.005448579788208,13.020647519488532,0.015198939700324487,0.6944190440880185,0.17647058823529413,0.2
CNN_FP_08,cnn,CNN,FP,4,284786,3.0974788387538865e-05,-10.382306098937988,19.910207748413086,19.891753568064125,0.018454180348960847,0.839421815934871,0.5384615384615384,0.9
CNN_FP_08,cnn,CNN,FP,5,278772,0.15003538131713867,-1.7343236207962036,11.262225270271301,11.13715273458799,0.12507253568331045,0.7616301789740629,0.25,0.8
CNN_FP_08,cnn,CNN,FP,6,65755,0.0447944775223732,-3.0598416328430176,12.587743282318115,12.599467765619664,0.011724483301549071,0.7974805257577232,0.6666666666666666,0.9
CNN_FP_08,cnn,CNN,FP,7,262731,8.94562472240068e-05,-9.321671485900879,18.849573135375977,18.89661812775318,0.04704499237720228,0.7481188031556394,0.42857142857142855,1.0
CNN_FP_08,cnn,CNN,FP,8,21449,0.055750586092472076,-2.8295023441314697,12.357403993606567,12.36336525207314,0.005961258466571806,0.8216881433192136,0.6666666666666666,1.0
CNN_FP_08,cnn,CNN,FP,9,198454,2.520293855923228e-05,-10.58852481842041,20.116426467895508,20.12734466794782,0.010918200052312699,0.43567433403568545,0.25,0.6
CNN_FP_08,cnn,CNN,FP,10,295346,5.769411291112192e-05,-9.760297775268555,19.288199424743652,19.343251653308208,0.055052228564555605,0.42340190195769084,0.3333333333333333,0.6
CNN_FP_08,cnn,CNN,FP,11,87343,0.00010499916243134066,-9.161453247070312,18.68935489654541,18.584872925476223,0.10448197106918755,0.6936815909986885,0.42857142857142855,0.8
CNN_FP_08,cnn,CNN,FP,12,257740,0.005232546012848616,-5.247611045837402,14.7755126953125,14.76784284677688,0.0076698485356203605,0.5497383000997665,0.17647058823529413,0.1
CNN_FP_08,cnn,CNN,FP,13,150246,0.13935862481594086,-1.820627212524414,11.348528861999512,11.359252782094972,0.01072392009545986,0.7664765663417119,0.17647058823529413,0.8
CNN_FP_08,cnn,CNN,FP,14,115022,0.28249409794807434,-0.9321235418319702,10.460025191307068,10.485453908878396,0.025428717571328363,0.5299445706688669,0.5384615384615384,0.9
CNN_FP_08,cnn,CNN,FP,15,163618,0.0015199301997199655,-6.487569808959961,16.01547145843506,16.160682266362524,0.14521080792746588,0.678010603983378,0.25,0.8
CNN_FP_08,cnn,CNN,FP,16,133372,0.13112670183181763,-1.8910331726074219,11.41893482208252,11.376448818819696,0.04248600326282315,0.4903148899817443,0.25,0.6
CNN_FP_08,cnn,CNN,FP,17,162071,0.14064912497997284,-1.8099089860916138,11.337810635566711,11.300005839527158,0.03780479603955378,0.7631999483288723,0.17647058823529413,0.8
CNN_FP_08,cnn,CNN,FP,18,90067,0.00158109818585217,-6.448053359985352,15.97595500946045,16.04215304005836,0.06619803059790996,0.5443988376041922,0.25,0.5
CNN_FP_08,cnn,CNN,FP,19,111705,0.145994171500206,-1.766371250152588,11.294272899627686,11.353904223418859,0.059631323791172974,0.7602203198198231,0.17647058823529413,0.8
CNN_FP_08,cnn,CNN,FP,20,34940,0.06991544365882874,-2.58798885345459,12.115890502929688,12.137215691300577,0.021325188370889592,0.84604091097625,0.42857142857142855,1.0
CNN_FP_08,cnn,CNN,FP,21,212937,9.353640780318528e-05,-9.277066230773926,18.804967880249023,18.914114694252945,0.10914681400392112,0.756373502372614,0.42857142857142855,1.0
CNN_FP_08,cnn,CNN,FP,22,214917,0.03187817335128784,-3.4134364128112793,12.941338062286377,12.993371957209694,0.05203389492331745,0.8449177296506787,0.3333333333333333,0.9
CNN_FP_08,cnn,CNN,FP,23,70482,0.002233611885458231,-6.101899147033691,15.629800796508789,15.611260871360606,0.01853992514818259,0.47183930985366596,0.25,0.4
CNN_FP_08,cnn,CNN,FP,24,294868,0.00010112184099853039,-9.19908332824707,18.726984977722168,18.606465714180366,0.12051926354180154,0.7507578719950667,0.42857142857142855,1.0
CNN_FP_08,cnn,CNN,FP,25,39929,0.33780986070632935,-0.6730696558952332,10.20097130537033,10.23359878534054,0.032627479970209095,0.6317502825986907,0.5384615384615384,1.0
CNN_FP_08,cnn,CNN,FP,26,138479,0.0454024001955986,-3.045724868774414,12.573626518249512,12.538525242298185,0.03510127595132673,0.8048501934639929,0.8181818181818182,1.0
CNN_FP_08,cnn,CNN,FP,27,142790,1.4258160263125319e-05,-11.158166885375977,20.686068534851074,20.60635354937998,0.0797149854710959,0.8395857484876926,0.6666666666666666,0.9
CNN_FP_08,cnn,CNN,FP,28,100912,0.06924225389957428,-2.5983877182006836,12.126289367675781,12.15624290396023,0.029953536284448745,0.8492305036277574,0.42857142857142855,1.0
CNN_FP_08,cnn,CNN,FP,29,74305,0.00013703333388548344,-8.895149230957031,18.42305088043213,18.346728473598244,0.07632240683388503,0.672147939483392,0.42857142857142855,0.8
CNN_FP_08,cnn,CNN,FP,30,264007,9.488304203841835e-05,-9.262770652770996,18.790672302246094,18.747298887175443,0.04337341507065062,0.7483820695341893,0.42857142857142855,1.0
CNN_FP_08,cnn,CNN,FP,31,265049,0.09861952811479568,-2.212658166885376,11.740559816360474,11.740883560400787,0.000323744040313656,0.6756627188888311,0.17647058823529413,0.3
CNN_FP_08,cnn,CNN,FP,32,45738,0.04951528087258339,-2.95469069480896,12.482592344284058,12.375569466708265,0.10702287757579221,0.8052618945092315,0.6666666666666666,1.0
CNN_TN_01,cnn,CNN,TN,1,276817,0.0011331631103530526,-6.781608581542969,6.762349054217339,6.721523774304312,0.04082527991302687,0.2788210959145025,0.05263157894736842,0.5
CNN_TN_01,cnn,CNN,TN,2,214177,0.10486417263746262,-2.1443095207214355,2.1250499933958054,2.1511108708402404,0.026060877444435082,0.6815738194460745,0.17647058823529413,0.4
CNN_TN_01,cnn,CNN,TN,3,271605,0.029957886785268784,-3.4775469303131104,3.45828740298748,3.452205833598113,0.006081569389367214,0.6537070404934864,0.17647058823529413,0.5
CNN_TN_01,cnn,CNN,TN,4,284786,3.0974788387538865e-05,-10.382306098937988,10.363046571612358,10.377405477753143,0.014358906140785166,0.8788570995305088,0.3333333333333333,0.7
CNN_TN_01,cnn,CNN,TN,5,278772,0.15003538131713867,-1.7343236207962036,1.7150640934705734,1.6927338415959008,0.022330251874672635,0.8004112101216444,0.3333333333333333,0.6
CNN_TN_01,cnn,CNN,TN,6,65755,0.0447944775223732,-3.0598416328430176,3.0405821055173874,3.069724253760671,0.02914214824328365,0.3355449330161087,0.42857142857142855,0.7
CNN_TN_01,cnn,CNN,TN,7,262731,8.94562472240068e-05,-9.321671485900879,9.302411958575249,9.26911757959906,0.03329437897618881,0.3276214569157148,0.3333333333333333,0.6
CNN_TN_01,cnn,CNN,TN,8,21449,0.055750586092472076,-2.8295023441314697,2.8102428168058395,2.80807212395702,0.0021706928488196553,0.35266764633817305,0.5384615384615384,0.7
CNN_TN_01,cnn,CNN,TN,9,198454,2.520293855923228e-05,-10.58852481842041,10.56926529109478,10.548365359987411,0.020899931107368985,0.8139834548746935,0.3333333333333333,0.8
CNN_TN_01,cnn,CNN,TN,10,295346,5.769411291112192e-05,-9.760297775268555,9.741038247942924,9.687641624991993,0.05339662295093106,0.8291020376946091,0.3333333333333333,0.8
CNN_TN_01,cnn,CNN,TN,11,87343,0.00010499916243134066,-9.161453247070312,9.142193719744682,9.084935371999634,0.0572583477450479,0.865262818480713,0.6666666666666666,1.0
CNN_TN_01,cnn,CNN,TN,12,257740,0.005232546012848616,-5.247611045837402,5.228351518511772,5.205057220513461,0.023294297998311286,0.5084199832082056,0.17647058823529413,0.4
CNN_TN_01,cnn,CNN,TN,13,150246,0.13935862481594086,-1.820627212524414,1.8013676851987839,1.838358809135567,0.036991123936783055,0.8068343124215287,0.3333333333333333,0.6
CNN_TN_01,cnn,CNN,TN,14,115022,0.28249409794807434,-0.9321235418319702,0.91286401450634,0.9336062860317068,0.020742271525366784,0.32912790878779646,0.42857142857142855,0.8
CNN_TN_01,cnn,CNN,TN,15,163618,0.0015199301997199655,-6.487569808959961,6.468310281634331,6.585114615734415,0.11680433410008462,0.8430008364737448,0.5384615384615384,0.7
CNN_TN_01,cnn,CNN,TN,16,133372,0.13112670183181763,-1.8910331726074219,1.8717736452817917,1.8275179539976734,0.044255691284118326,0.7159243735251022,0.25,0.3
CNN_TN_01,cnn,CNN,TN,17,162071,0.14064912497997284,-1.8099089860916138,1.7906494587659836,1.77570405232506,0.01494540644092357,0.8099694996650233,0.3333333333333333,0.6
CNN_TN_01,cnn,CNN,TN,18,90067,0.00158109818585217,-6.448053359985352,6.428793832659721,6.437406612076118,0.008612779416396599,0.7680832386002432,0.3333333333333333,0.5
CNN_TN_01,cnn,CNN,TN,19,111705,0.145994171500206,-1.766371250152588,1.7471117228269577,1.7898409935700752,0.0427292707431175,0.8116599343471305,0.3333333333333333,0.6
CNN_TN_01,cnn,CNN,TN,20,34940,0.06991544365882874,-2.58798885345459,2.5687293261289597,2.553859108307154,0.014870217821805642,0.14339537196844612,0.17647058823529413,0.5
CNN_TN_01,cnn,CNN,TN,21,212937,9.353640780318528e-05,-9.277066230773926,9.257806703448296,9.303750923457953,0.045944220009657144,0.32740054984101125,0.25,0.7
CNN_TN_01,cnn,CNN,TN,22,214917,0.03187817335128784,-3.4134364128112793,3.394176885485649,3.399322430358981,0.005145544873331964,0.8327141460458145,0.17647058823529413,0.5
CNN_TN_01,cnn,CNN,TN,23,70482,0.002233611885458231,-6.101899147033691,6.082639619708061,6.088827961215156,0.006188341507094464,0.7423783866456592,0.3333333333333333,0.5
CNN_TN_01,cnn,CNN,TN,24,294868,0.00010112184099853039,-9.19908332824707,9.17982380092144,9.198133347973577,0.018309547052137276,0.33072797311680685,0.3333333333333333,0.6
CNN_TN_01,cnn,CNN,TN,25,39929,0.33780986070632935,-0.6730696558952332,0.653810128569603,0.6490457661848464,0.004764362384756526,0.400101614477715,0.42857142857142855,0.7
CNN_TN_01,cnn,CNN,TN,26,138479,0.0454024001955986,-3.045724868774414,3.026465341448784,3.051046391793156,0.02458105034437219,0.35167049884567936,0.5384615384615384,0.7
CNN_TN_01,cnn,CNN,TN,27,142790,1.4258160263125319e-05,-11.158166885375977,11.138907358050346,11.158278367322538,0.019371009272191486,0.8854918243447327,0.5384615384615384,0.9
CNN_TN_01,cnn,CNN,TN,28,100912,0.06924225389957428,-2.5983877182006836,2.5791281908750534,2.566965445224623,0.012162745650430296,0.14302734833323644,0.17647058823529413,0.5
CNN_TN_01,cnn,CNN,TN,29,74305,0.00013703333388548344,-8.895149230957031,8.875889703631401,8.881796913020349,0.005907209388947621,0.8600403963457077,0.6666666666666666,0.9
CNN_TN_01,cnn,CNN,TN,30,264007,9.488304203841835e-05,-9.262770652770996,9.243511125445366,9.295790643720848,0.05227951827548161,0.3235331438581556,0.3333333333333333,0.6
CNN_TN_01,cnn,CNN,TN,31,265049,0.09861952811479568,-2.212658166885376,2.193398639559746,2.1770424621641213,0.01635617739562445,0.6721515285166317,0.17647058823529413,0.4
CNN_TN_01,cnn,CNN,TN,32,45738,0.04951528087258339,-2.95469069480896,2.9354311674833298,2.9724688182568944,0.03703765077356458,0.35652638360495564,0.5384615384615384,0.7
CNN_TN_02,cnn,CNN,TN,1,276817,0.0011331631103530526,-6.781608581542969,5.005619049072266,5.031584805637683,0.025965756565417664,0.1990024563731817,0.1111111111111111,0.4
CNN_TN_02,cnn,CNN,TN,2,214177,0.10486417263746262,-2.1443095207214355,0.3683199882507324,0.3779992358924005,0.009679247641668054,-0.03219095428238118,0.17647058823529413,0.4
CNN_TN_02,cnn,CNN,TN,3,271605,0.029957886785268784,-3.4775469303131104,1.7015573978424072,1.6970399378419518,0.004517460000455387,-0.0665523798318312,0.17647058823529413,0.4
CNN_TN_02,cnn,CNN,TN,4,284786,3.0974788387538865e-05,-10.382306098937988,8.606316566467285,8.597919474108815,0.008397092358469749,0.49061187401260475,0.25,0.6
CNN_TN_02,cnn,CNN,TN,5,278772,0.15003538131713867,-1.7343236207962036,-0.04166591167449951,-0.04166633061982047,4.189453209554883e-07,-0.009915148167208968,0.1111111111111111,0.3
CNN_TN_02,cnn,CNN,TN,6,65755,0.0447944775223732,-3.0598416328430176,1.2838521003723145,1.3358387243072416,0.051986623934927145,0.754554187032537,0.6666666666666666,0.9
CNN_TN_02,cnn,CNN,TN,7,262731,8.94562472240068e-05,-9.321671485900879,7.545681953430176,7.4589060998108305,0.08677585361934526,0.6627631167239963,0.3333333333333333,0.9
CNN_TN_02,cnn,CNN,TN,8,21449,0.055750586092472076,-2.8295023441314697,1.0535128116607666,1.0556599515929888,0.002147139932222153,0.8001077031475361,0.5384615384615384,0.9
CNN_TN_02,cnn,CNN,TN,9,198454,2.520293855923228e-05,-10.58852481842041,8.812535285949707,8.813450628058314,0.00091534210860722,0.3047432468282767,0.3333333333333333,0.6
CNN_TN_02,cnn,CNN,TN,10,295346,5.769411291112192e-05,-9.760297775268555,7.984308242797852,7.932328986750252,0.05197925604759934,0.27663175237519877,0.3333333333333333,0.5
CNN_TN_02,cnn,CNN,TN,11,87343,0.00010499916243134066,-9.161453247070312,7.385463714599609,7.366996293985835,0.018467420613774266,0.5865347051977609,0.42857142857142855,0.8
CNN_TN_02,cnn,CNN,TN,12,257740,0.005232546012848616,-5.247611045837402,3.471621513366699,3.480012265735015,0.00839075236831599,0.4651671464539078,0.25,0.3
CNN_TN_02,cnn,CNN,TN,13,150246,0.13935862481594086,-1.820627212524414,0.04463768005371094,0.044535907228189536,0.00010177282552140121,-0.08417751630470471,0.1111111111111111,0.0
CNN_TN_02,cnn,CNN,TN,14,115022,0.28249409794807434,-0.9321235418319702,-0.8438659906387329,-0.7825101592320829,0.06135583140665002,0.5124865583359971,0.3333333333333333,0.8
CNN_TN_02,cnn,CNN,TN,15,163618,0.0015199301997199655,-6.487569808959961,4.711580276489258,4.662809869084203,0.04877040740505478,0.2678409786911655,0.17647058823529413,0.6
CNN_TN_02,cnn,CNN,TN,16,133372,0.13112670183181763,-1.8910331726074219,0.11504364013671875,0.1121896673276318,0.0028539728090869465,0.07491415903933044,0.05263157894736842,0.5
CNN_TN_02,cnn,CNN,TN,17,162071,0.14064912497997284,-1.8099089860916138,0.033919453620910645,0.033879299803036375,4.0153817874269415e-05,-0.09576400322578361,0.17647058823529413,0.1
CNN_TN_02,cnn,CNN,TN,18,90067,0.00158109818585217,-6.448053359985352,4.672063827514648,4.660251235461931,0.011812592052717008,0.3900187818777954,0.3333333333333333,0.6
CNN_TN_02,cnn,CNN,TN,19,111705,0.145994171500206,-1.766371250152588,-0.009618282318115234,-0.009570585069886707,4.7697248228527334e-05,-0.08925173023456248,0.1111111111111111,0.0
CNN_TN_02,cnn,CNN,TN,20,34940,0.06991544365882874,-2.58798885345459,0.8119993209838867,0.795267334794662,0.016731986189224668,0.7736697131155129,0.42857142857142855,0.9
CNN_TN_02,cnn,CNN,TN,21,212937,9.353640780318528e-05,-9.277066230773926,7.501076698303223,7.585549973616191,0.084473275312968,0.7237647028756998,0.3333333333333333,0.8
CNN_TN_02,cnn,CNN,TN,22,214917,0.03187817335128784,-3.4134364128112793,1.6374468803405762,1.635723772302418,0.0017231080381581165,0.47569153460072,0.25,0.7
CNN_TN_02,cnn,CNN,TN,23,70482,0.002233611885458231,-6.101899147033691,4.325909614562988,4.321575672239181,0.004333942323807349,0.4188560177076251,0.3333333333333333,0.5
CNN_TN_02,cnn,CNN,TN,24,294868,0.00010112184099853039,-9.19908332824707,7.423093795776367,7.404927397451801,0.018166398324566124,0.6902530310494355,0.3333333333333333,0.9
CNN_TN_02,cnn,CNN,TN,25,39929,0.33780986070632935,-0.6730696558952332,-1.10291987657547,-1.0897057557846574,0.013214120790812522,0.6879548340724929,0.42857142857142855,0.7
CNN_TN_02,cnn,CNN,TN,26,138479,0.0454024001955986,-3.045724868774414,1.269735336303711,1.3008208442312705,0.031085507927559597,0.7410097744385838,0.6666666666666666,0.9
CNN_TN_02,cnn,CNN,TN,27,142790,1.4258160263125319e-05,-11.158166885375977,9.382177352905273,9.365000333467115,0.01717701943815797,0.602604792566679,0.3333333333333333,0.7
CNN_TN_02,cnn,CNN,TN,28,100912,0.06924225389957428,-2.5983877182006836,0.8223981857299805,0.7905988176135872,0.03179936811639328,0.77244756326063,0.42857142857142855,0.9
CNN_TN_02,cnn,CNN,TN,29,74305,0.00013703333388548344,-8.895149230957031,7.119159698486328,7.168075471979451,0.04891577349312293,0.5721956918536906,0.42857142857142855,0.8
CNN_TN_02,cnn,CNN,TN,30,264007,9.488304203841835e-05,-9.262770652770996,7.486781120300293,7.408384348116538,0.07839677218375485,0.6850027634989972,0.3333333333333333,0.9
CNN_TN_02,cnn,CNN,TN,31,265049,0.09861952811479568,-2.212658166885376,0.43666863441467285,0.4210062760090437,0.01566235840562913,-0.01430636449046634,0.17647058823529413,0.5
CNN_TN_02,cnn,CNN,TN,32,45738,0.04951528087258339,-2.95469069480896,1.1787011623382568,1.2162002643337835,0.03749910199552664,0.7650462067224053,0.6666666666666666,0.9
CNN_TN_03,cnn,CNN,TN,1,276817,0.0011331631103530526,-6.781608581542969,4.890996098518372,4.848370996171842,0.04262510234652961,-0.012624632083080786,0.17647058823529413,0.4
CNN_TN_03,cnn,CNN,TN,2,214177,0.10486417263746262,-2.1443095207214355,0.2536970376968384,0.2522351942905624,0.0014618434062759755,0.5836173546630238,0.3333333333333333,0.4
CNN_TN_03,cnn,CNN,TN,3,271605,0.029957886785268784,-3.4775469303131104,1.5869344472885132,1.597161315573921,0.010226868285407864,0.5287941640181675,0.17647058823529413,0.8
CNN_TN_03,cnn,CNN,TN,4,284786,3.0974788387538865e-05,-10.382306098937988,8.491693615913391,8.520294126897427,0.028600510984036376,0.8164411792479596,0.5384615384615384,0.8
CNN_TN_03,cnn,CNN,TN,5,278772,0.15003538131713867,-1.7343236207962036,-0.15628886222839355,-0.15717963904830323,0.0008907768199096777,0.5882969740310677,0.17647058823529413,0.7
CNN_TN_03,cnn,CNN,TN,6,65755,0.0447944775223732,-3.0598416328430176,1.1692291498184204,1.1640404994722906,0.005188650346129808,0.8907286668367645,0.42857142857142855,0.9
CNN_TN_03,cnn,CNN,TN,7,262731,8.94562472240068e-05,-9.321671485900879,7.431059002876282,7.400340652713506,0.030718350162775465,0.6758602568814157,0.42857142857142855,0.9
CNN_TN_03,cnn,CNN,TN,8,21449,0.055750586092472076,-2.8295023441314697,0.9388898611068726,0.9266726129216203,0.012217248185252272,0.8647284059580789,0.5384615384615384,0.9
CNN_TN_03,cnn,CNN,TN,9,198454,2.520293855923228e-05,-10.58852481842041,8.697912335395813,8.708851808412085,0.010939473016271961,0.7998990677743455,0.5384615384615384,0.8
CNN_TN_03,cnn,CNN,TN,10,295346,5.769411291112192e-05,-9.760297775268555,7.8696852922439575,7.88996232232235,0.020277030078392322,0.7809036005126424,0.42857142857142855,0.8
CNN_TN_03,cnn,CNN,TN,11,87343,0.00010499916243134066,-9.161453247070312,7.270840764045715,7.2608894964727755,0.009951267572939848,0.7621479356070269,0.3333333333333333,0.8
CNN_TN_03,cnn,CNN,TN,12,257740,0.005232546012848616,-5.247611045837402,3.356998562812805,3.34836989843493,0.00862866437787524,0.4244266446992738,0.17647058823529413,0.4
CNN_TN_03,cnn,CNN,TN,13,150246,0.13935862481594086,-1.820627212524414,-0.0699852705001831,-0.07031468920731637,0.0003294187071332666,0.46923749922022984,0.17647058823529413,0.5
CNN_TN_03,cnn,CNN,TN,14,115022,0.28249409794807434,-0.9321235418319702,-0.958488941192627,-0.933974866847943,0.024514074344684,0.5250257131637432,0.42857142857142855,0.8
CNN_TN_03,cnn,CNN,TN,15,163618,0.0015199301997199655,-6.487569808959961,4.596957325935364,4.571861093858611,0.025096232076752933,0.6560729821014443,0.25,0.7
CNN_TN_03,cnn,CNN,TN,16,133372,0.13112670183181763,-1.8910331726074219,0.00042068958282470703,0.0004204034526559729,2.861301687341394e-07,0.0018912101712264483,0.05263157894736842,0.1
CNN_TN_03,cnn,CNN,TN,17,162071,0.14064912497997284,-1.8099089860916138,-0.0807034969329834,-0.07955198287980975,0.0011515140531736523,0.46676305928876116,0.17647058823529413,0.7
CNN_TN_03,cnn,CNN,TN,18,90067,0.00158109818585217,-6.448053359985352,4.557440876960754,4.642157963424886,0.08471708646413134,0.5414396582198228,0.3333333333333333,0.3
CNN_TN_03,cnn,CNN,TN,19,111705,0.145994171500206,-1.766371250152588,-0.12424123287200928,-0.12281128524291313,0.001429947629096151,0.5377437933238656,0.17647058823529413,0.7
CNN_TN_03,cnn,CNN,TN,20,34940,0.06991544365882874,-2.58798885345459,0.6973763704299927,0.6900697220887602,0.007306648341232513,0.7535882813533865,0.25,0.6
CNN_TN_03,cnn,CNN,TN,21,212937,9.353640780318528e-05,-9.277066230773926,7.386453747749329,7.394594549357009,0.008140801607680714,0.6986549960846162,0.5384615384615384,1.0
CNN_TN_03,cnn,CNN,TN,22,214917,0.03187817335128784,-3.4134364128112793,1.5228239297866821,1.5095960668991588,0.013227862887523312,0.7014177783417969,0.5384615384615384,0.8
CNN_TN_03,cnn,CNN,TN,23,70482,0.002233611885458231,-6.101899147033691,4.211286664009094,4.283901578580418,0.07261491457132419,0.6618753790493612,0.3333333333333333,0.3
CNN_TN_03,cnn,CNN,TN,24,294868,0.00010112184099853039,-9.19908332824707,7.308470845222473,7.275029329221575,0.03344151600089784,0.6768549560748467,0.42857142857142855,1.0
CNN_TN_03,cnn,CNN,TN,25,39929,0.33780986070632935,-0.6730696558952332,-1.217542827129364,-1.1860788706674863,0.03146395646187772,0.5550146187425642,0.42857142857142855,0.8
CNN_TN_03,cnn,CNN,TN,26,138479,0.0454024001955986,-3.045724868774414,1.155112385749817,1.1791979121173726,0.024085526367555676,0.8842429913318012,0.42857142857142855,0.9
CNN_TN_03,cnn,CNN,TN,27,142790,1.4258160263125319e-05,-11.158166885375977,9.26755440235138,9.199932364681176,0.06762203767020303,0.8292924089454179,0.5384615384615384,0.8
CNN_TN_03,cnn,CNN,TN,28,100912,0.06924225389957428,-2.5983877182006836,0.7077752351760864,0.7081916307729536,0.00041639559686712513,0.7541829569838503,0.25,0.6
CNN_TN_03,cnn,CNN,TN,29,74305,0.00013703333388548344,-8.895149230957031,7.004536747932434,7.022033934691558,0.01749718675912426,0.751587876784,0.3333333333333333,0.8
CNN_TN_03,cnn,CNN,TN,30,264007,9.488304203841835e-05,-9.262770652770996,7.372158169746399,7.41651743998937,0.04435927024297115,0.6770357032131372,0.42857142857142855,0.9
CNN_TN_03,cnn,CNN,TN,31,265049,0.09861952811479568,-2.212658166885376,0.3220456838607788,0.3258238149367627,0.0037781310759839037,0.6338109481521215,0.3333333333333333,0.4
CNN_TN_03,cnn,CNN,TN,32,45738,0.04951528087258339,-2.95469069480896,1.0640782117843628,1.0629621420315596,0.001116069752803206,0.8815785869724078,0.5384615384615384,0.9
CNN_TN_04,cnn,CNN,TN,1,276817,0.0011331631103530526,-6.781608581542969,4.511174440383911,4.528198803164887,0.017024362780976077,0.3998991939245362,0.3333333333333333,0.8
CNN_TN_04,cnn,CNN,TN,2,214177,0.10486417263746262,-2.1443095207214355,-0.12612462043762207,-0.1676849650375254,0.04156034459990332,0.7975332411189462,0.25,0.4
CNN_TN_04,cnn,CNN,TN,3,271605,0.029957886785268784,-3.4775469303131104,1.2071127891540527,1.2079162145437552,0.0008034253897024612,0.6973321140001317,0.3333333333333333,0.8
CNN_TN_04,cnn,CNN,TN,4,284786,3.0974788387538865e-05,-10.382306098937988,8.11187195777893,8.137987369379992,0.026115411601061567,0.7587824640120734,0.3333333333333333,0.6
CNN_TN_04,cnn,CNN,TN,5,278772,0.15003538131713867,-1.7343236207962036,-0.536110520362854,-0.5123982027986753,0.023712317564178687,0.8239728068527384,0.42857142857142855,0.7
CNN_TN_04,cnn,CNN,TN,6,65755,0.0447944775223732,-3.0598416328430176,0.78940749168396,0.7873800075431405,0.0020274841408194355,0.04315235814669052,0.1111111111111111,0.2
CNN_TN_04,cnn,CNN,TN,7,262731,8.94562472240068e-05,-9.321671485900879,7.051237344741821,7.039010513236503,0.012226831505318003,0.5002747089818359,0.25,0.5
CNN_TN_04,cnn,CNN,TN,8,21449,0.055750586092472076,-2.8295023441314697,0.5590682029724121,0.5576996380986669,0.0013685648737452594,0.012301143723896749,0.1111111111111111,0.1
CNN_TN_04,cnn,CNN,TN,9,198454,2.520293855923228e-05,-10.58852481842041,8.318090677261353,8.316478347137393,0.001612330123959893,0.6974695008185642,0.25,0.6
CNN_TN_04,cnn,CNN,TN,10,295346,5.769411291112192e-05,-9.760297775268555,7.489863634109497,7.485688770287954,0.0041748638215430844,0.6843129061682053,0.3333333333333333,0.6
CNN_TN_04,cnn,CNN,TN,11,87343,0.00010499916243134066,-9.161453247070312,6.891019105911255,6.892101618036503,0.0010825121252482361,0.5103956142767919,0.3333333333333333,0.5
CNN_TN_04,cnn,CNN,TN,12,257740,0.005232546012848616,-5.247611045837402,2.9771769046783447,2.9314404440093558,0.045736460668988954,0.7220385781391747,0.3333333333333333,0.8
CNN_TN_04,cnn,CNN,TN,13,150246,0.13935862481594086,-1.820627212524414,-0.44980692863464355,-0.42720806878407425,0.02259885985056931,0.7807076220833205,0.3333333333333333,0.5
CNN_TN_04,cnn,CNN,TN,14,115022,0.28249409794807434,-0.9321235418319702,-1.3383105993270874,-1.3420834513309112,0.0037728520038238234,0.5210131018618053,0.1111111111111111,0.2
CNN_TN_04,cnn,CNN,TN,15,163618,0.0015199301997199655,-6.487569808959961,4.217135667800903,4.209165160172272,0.00797050762863094,0.38424265240487676,0.25,0.5
CNN_TN_04,cnn,CNN,TN,16,133372,0.13112670183181763,-1.8910331726074219,-0.37940096855163574,-0.39086498152347104,0.011464012971835302,0.45663741629810783,0.25,0.7
CNN_TN_04,cnn,CNN,TN,17,162071,0.14064912497997284,-1.8099089860916138,-0.46052515506744385,-0.4766824301723602,0.01615727510491638,0.7835680173182203,0.3333333333333333,0.5
CNN_TN_04,cnn,CNN,TN,18,90067,0.00158109818585217,-6.448053359985352,4.177619218826294,4.238033113173147,0.06041389434685307,0.8124023635451526,0.25,0.5
CNN_TN_04,cnn,CNN,TN,19,111705,0.145994171500206,-1.766371250152588,-0.5040628910064697,-0.4843884702700314,0.019674420736438325,0.7941308274215845,0.3333333333333333,0.6
CNN_TN_04,cnn,CNN,TN,20,34940,0.06991544365882874,-2.58798885345459,0.3175547122955322,0.3244335975161555,0.006878885220623299,0.3073199704090654,0.17647058823529413,0.5
CNN_TN_04,cnn,CNN,TN,21,212937,9.353640780318528e-05,-9.277066230773926,7.006632089614868,6.993887929102452,0.012744160512416336,0.4947668824634139,0.25,0.6
CNN_TN_04,cnn,CNN,TN,22,214917,0.03187817335128784,-3.4134364128112793,1.1430022716522217,1.1326578020407752,0.010344469611446527,0.7904538827272984,0.3333333333333333,0.5
CNN_TN_04,cnn,CNN,TN,23,70482,0.002233611885458231,-6.101899147033691,3.831465005874634,3.9071774820678984,0.0757124761932646,0.844933883668527,0.25,0.5
CNN_TN_04,cnn,CNN,TN,24,294868,0.00010112184099853039,-9.19908332824707,6.928649187088013,6.927389590433224,0.0012595966547888082,0.49148141690935454,0.25,0.6
CNN_TN_04,cnn,CNN,TN,25,39929,0.33780986070632935,-0.6730696558952332,-1.5973644852638245,-1.6032343187386053,0.005869833474780872,0.38028172786739217,0.17647058823529413,0.6
CNN_TN_04,cnn,CNN,TN,26,138479,0.0454024001955986,-3.045724868774414,0.7752907276153564,0.775036012647113,0.0002547149682434746,0.07326728678744596,0.1111111111111111,0.4
CNN_TN_04,cnn,CNN,TN,27,142790,1.4258160263125319e-05,-11.158166885375977,8.887732744216919,8.87226128588301,0.015471458333909283,0.7478313876012764,0.3333333333333333,0.5
CNN_TN_04,cnn,CNN,TN,28,100912,0.06924225389957428,-2.5983877182006836,0.327953577041626,0.31976256604660014,0.008191010995025838,0.307287244473014,0.17647058823529413,0.5
CNN_TN_04,cnn,CNN,TN,29,74305,0.00013703333388548344,-8.895149230957031,6.624715089797974,6.629607007725633,0.004891917927658973,0.5064191846907573,0.3333333333333333,0.5
CNN_TN_04,cnn,CNN,TN,30,264007,9.488304203841835e-05,-9.262770652770996,6.9923365116119385,6.996961565146359,0.004625053534420331,0.49323474654734023,0.25,0.6
CNN_TN_04,cnn,CNN,TN,31,265049,0.09861952811479568,-2.212658166885376,-0.05777597427368164,-0.12701058036165036,0.06923460608796872,0.7659500017122828,0.25,0.3
CNN_TN_04,cnn,CNN,TN,32,45738,0.04951528087258339,-2.95469069480896,0.6842565536499023,0.6862120841912466,0.0019555305413442303,0.018256674020188716,0.05263157894736842,0.2
CNN_TN_05,cnn,CNN,TN,1,276817,0.0011331631103530526,-6.781608581542969,3.8400864601135254,3.8497433631452393,0.00965690303171396,0.3374298986616611,0.05263157894736842,0.2
CNN_TN_05,cnn,CNN,TN,2,214177,0.10486417263746262,-2.1443095207214355,-0.7972126007080078,-0.783967569744217,0.013245030963790816,0.23303011793563122,0.42857142857142855,0.5
CNN_TN_05,cnn,CNN,TN,3,271605,0.029957886785268784,-3.4775469303131104,0.536024808883667,0.5406366687602587,0.00461185987659174,0.11626026131227986,0.0,0.1
CNN_TN_05,cnn,CNN,TN,4,284786,3.0974788387538865e-05,-10.382306098937988,7.440783977508545,7.442597283206737,0.00181330569819238,0.5626948634499187,0.3333333333333333,0.5
CNN_TN_05,cnn,CNN,TN,5,278772,0.15003538131713867,-1.7343236207962036,-1.2071985006332397,-1.2004670348440398,0.00673146578919992,0.12064630675735392,0.17647058823529413,0.5
CNN_TN_05,cnn,CNN,TN,6,65755,0.0447944775223732,-3.0598416328430176,0.11831951141357422,0.10341680622727512,0.014902705186299103,0.6532373078773285,0.5384615384615384,0.8
CNN_TN_05,cnn,CNN,TN,7,262731,8.94562472240068e-05,-9.321671485900879,6.3801493644714355,6.339392131973932,0.04075723249750318,0.7895943746416803,0.6666666666666666,0.9
CNN_TN_05,cnn,CNN,TN,8,21449,0.055750586092472076,-2.8295023441314697,-0.11201977729797363,-0.07475600190376297,0.03726377539421066,0.7452588994371177,0.6666666666666666,1.0
CNN_TN_05,cnn,CNN,TN,9,198454,2.520293855923228e-05,-10.58852481842041,7.647002696990967,7.669590979115107,0.02258828212413988,0.5759296162527066,0.3333333333333333,0.7
CNN_TN_05,cnn,CNN,TN,10,295346,5.769411291112192e-05,-9.760297775268555,6.818775653839111,6.760996087252109,0.05777956658700223,0.5403610418115672,0.42857142857142855,0.6
CNN_TN_05,cnn,CNN,TN,11,87343,0.00010499916243134066,-9.161453247070312,6.219931125640869,6.194001464652338,0.02592966098853111,0.6598624360422579,0.3333333333333333,0.6
CNN_TN_05,cnn,CNN,TN,12,257740,0.005232546012848616,-5.247611045837402,2.306088924407959,2.3041913734826096,0.0018975509253493783,0.319168621410202,0.0,0.2
CNN_TN_05,cnn,CNN,TN,13,150246,0.13935862481594086,-1.820627212524414,-1.1208949089050293,-1.1227802768757777,0.0018853679707484527,0.15678512240982656,0.17647058823529413,0.4
CNN_TN_05,cnn,CNN,TN,14,115022,0.28249409794807434,-0.9321235418319702,-2.009398579597473,-2.0276840594469343,0.01828547984946116,0.440894603326359,0.42857142857142855,0.8
CNN_TN_05,cnn,CNN,TN,15,163618,0.0015199301997199655,-6.487569808959961,3.5460476875305176,3.4770606119230387,0.06898707560747885,0.5524823280335777,0.25,0.7
CNN_TN_05,cnn,CNN,TN,16,133372,0.13112670183181763,-1.8910331726074219,-1.0504889488220215,-1.0534393130133195,0.002950364191298016,0.001622221227484552,0.1111111111111111,0.6
CNN_TN_05,cnn,CNN,TN,17,162071,0.14064912497997284,-1.8099089860916138,-1.1316131353378296,-1.1233785406231025,0.008234594714727095,0.16161216153501518,0.17647058823529413,0.4
CNN_TN_05,cnn,CNN,TN,18,90067,0.00158109818585217,-6.448053359985352,3.506531238555908,3.506366488228545,0.0001647503273631834,0.12004053055447474,0.05263157894736842,0.1
CNN_TN_05,cnn,CNN,TN,19,111705,0.145994171500206,-1.766371250152588,-1.1751508712768555,-1.1885916510709646,0.013440779794109181,0.1477312248982911,0.17647058823529413,0.4
CNN_TN_05,cnn,CNN,TN,20,34940,0.06991544365882874,-2.58798885345459,-0.3535332679748535,-0.3641515457256642,0.0106182777508107,0.5755766717516518,0.5384615384615384,0.9
CNN_TN_05,cnn,CNN,TN,21,212937,9.353640780318528e-05,-9.277066230773926,6.335544109344482,6.320277358874531,0.015266750469951518,0.7735183637258657,0.5384615384615384,0.9
CNN_TN_05,cnn,CNN,TN,22,214917,0.03187817335128784,-3.4134364128112793,0.47191429138183594,0.4728838806751686,0.0009695892933326844,0.5107105524900436,0.3333333333333333,0.6
CNN_TN_05,cnn,CNN,TN,23,70482,0.002233611885458231,-6.101899147033691,3.160377025604248,3.1659526797165305,0.0055756541122824466,0.04596120186182426,0.05263157894736842,0.1
CNN_TN_05,cnn,CNN,TN,24,294868,0.00010112184099853039,-9.19908332824707,6.257561206817627,6.315598128851745,0.05803692203411792,0.7889344595104197,0.6666666666666666,0.9
CNN_TN_05,cnn,CNN,TN,25,39929,0.33780986070632935,-0.6730696558952332,-2.26845246553421,-2.2336532662152266,0.034799199318983565,0.6878569586169531,0.6666666666666666,1.0
CNN_TN_05,cnn,CNN,TN,26,138479,0.0454024001955986,-3.045724868774414,0.1042027473449707,0.08403893114643779,0.020163816198532913,0.6708095070258695,0.42857142857142855,1.0
CNN_TN_05,cnn,CNN,TN,27,142790,1.4258160263125319e-05,-11.158166885375977,8.216644763946533,8.206088010968424,0.01055675297810943,0.47591024827255834,0.42857142857142855,0.5
CNN_TN_05,cnn,CNN,TN,28,100912,0.06924225389957428,-2.5983877182006836,-0.34313440322875977,-0.3387680298261508,0.004366373402608981,0.5801679756757988,0.5384615384615384,0.8
CNN_TN_05,cnn,CNN,TN,29,74305,0.00013703333388548344,-8.895149230957031,5.953627109527588,5.859329940981349,0.09429716854623926,0.6508779966691776,0.3333333333333333,0.6
CNN_TN_05,cnn,CNN,TN,30,264007,9.488304203841835e-05,-9.262770652770996,6.321248531341553,6.291521433983726,0.02972709735782697,0.7851139218967803,0.6666666666666666,0.9
CNN_TN_05,cnn,CNN,TN,31,265049,0.09861952811479568,-2.212658166885376,-0.7288639545440674,-0.8157164587543386,0.08685250421027124,0.20497442966451448,0.1111111111111111,0.2
CNN_TN_05,cnn,CNN,TN,32,45738,0.04951528087258339,-2.95469069480896,0.013168573379516602,-0.0030873458376170504,0.016255919217133652,0.7250282965038211,0.6666666666666666,1.0
CNN_TN_06,cnn,CNN,TN,1,276817,0.0011331631103530526,-6.781608581542969,-0.16459941864013672,-0.1551458712869998,0.009453547353136915,0.2628581294122761,0.1111111111111111,0.4
CNN_TN_06,cnn,CNN,TN,2,214177,0.10486417263746262,-2.1443095207214355,-4.80189847946167,-4.808785970038596,0.006887490576926503,0.7946052565019657,0.42857142857142855,0.6
CNN_TN_06,cnn,CNN,TN,3,271605,0.029957886785268784,-3.4775469303131104,-3.468661069869995,-3.4554457053793537,0.013215364490641424,0.2521495921118764,0.17647058823529413,0.4
CNN_TN_06,cnn,CNN,TN,4,284786,3.0974788387538865e-05,-10.382306098937988,3.436098098754883,3.440178067066222,0.004079968311339055,0.8490970562428499,0.3333333333333333,0.9
CNN_TN_06,cnn,CNN,TN,5,278772,0.15003538131713867,-1.7343236207962036,-5.211884379386902,-5.209791767533289,0.002092611853612425,0.7643089634118365,0.5384615384615384,0.7
CNN_TN_06,cnn,CNN,TN,6,65755,0.0447944775223732,-3.0598416328430176,-3.886366367340088,-3.9023989000284316,0.016032532688343704,0.8812809710585968,0.6666666666666666,1.0
CNN_TN_06,cnn,CNN,TN,7,262731,8.94562472240068e-05,-9.321671485900879,2.3754634857177734,2.310528420697341,0.06493506502043234,0.7783451211490703,0.3333333333333333,1.0
CNN_TN_06,cnn,CNN,TN,8,21449,0.055750586092472076,-2.8295023441314697,-4.116705656051636,-4.095521661385832,0.021183994665803674,0.8877949476954468,0.8181818181818182,1.0
CNN_TN_06,cnn,CNN,TN,9,198454,2.520293855923228e-05,-10.58852481842041,3.6423168182373047,3.666498005917408,0.024181187680103466,0.5537170400907943,0.3333333333333333,0.9
CNN_TN_06,cnn,CNN,TN,10,295346,5.769411291112192e-05,-9.760297775268555,2.814089775085449,2.8357681581070775,0.021678383021628278,0.5894864830748443,0.42857142857142855,0.9
CNN_TN_06,cnn,CNN,TN,11,87343,0.00010499916243134066,-9.161453247070312,2.215245246887207,2.2167254981614093,0.00148025127420226,0.7512682488844241,0.42857142857142855,0.9
CNN_TN_06,cnn,CNN,TN,12,257740,0.005232546012848616,-5.247611045837402,-1.6985969543457031,-1.6990028702203461,0.0004059158746430036,0.7421247964996082,0.25,0.5
CNN_TN_06,cnn,CNN,TN,13,150246,0.13935862481594086,-1.820627212524414,-5.125580787658691,-5.118466803428393,0.00711398423029852,0.7443911475191023,0.42857142857142855,0.7
CNN_TN_06,cnn,CNN,TN,14,115022,0.28249409794807434,-0.9321235418319702,-6.014084458351135,-6.014433866771008,0.0003494084198729652,0.6077066866140116,0.42857142857142855,1.0
CNN_TN_06,cnn,CNN,TN,15,163618,0.0015199301997199655,-6.487569808959961,-0.45863819122314453,-0.4605377115946462,0.0018995203715016507,0.48234410181583254,0.17647058823529413,0.5
CNN_TN_06,cnn,CNN,TN,16,133372,0.13112670183181763,-1.8910331726074219,-5.055174827575684,-5.044652721329629,0.010522106246054541,0.4960271359482935,0.3333333333333333,0.7
CNN_TN_06,cnn,CNN,TN,17,162071,0.14064912497997284,-1.8099089860916138,-5.136299014091492,-5.136228965089607,7.004900188434249e-05,0.7459656007098647,0.42857142857142855,0.7
CNN_TN_06,cnn,CNN,TN,18,90067,0.00158109818585217,-6.448053359985352,-0.4981546401977539,-0.4895792625684967,0.008575377629257197,0.6079403369594734,0.25,0.5
CNN_TN_06,cnn,CNN,TN,19,111705,0.145994171500206,-1.766371250152588,-5.179836750030518,-5.165736118117895,0.014100631912622674,0.7554683626779867,0.42857142857142855,0.7
CNN_TN_06,cnn,CNN,TN,20,34940,0.06991544365882874,-2.58798885345459,-4.358219146728516,-4.337451351697717,0.02076779503079873,0.8563090582529806,0.42857142857142855,1.0
CNN_TN_06,cnn,CNN,TN,21,212937,9.353640780318528e-05,-9.277066230773926,2.3308582305908203,2.3786377324250756,0.04777950183425528,0.8022527318142194,0.42857142857142855,1.0
CNN_TN_06,cnn,CNN,TN,22,214917,0.03187817335128784,-3.4134364128112793,-3.532771587371826,-3.4701113988097716,0.06266018856205458,0.8320385983132551,0.3333333333333333,0.9
CNN_TN_06,cnn,CNN,TN,23,70482,0.002233611885458231,-6.101899147033691,-0.8443088531494141,-0.8616574794082006,0.017348626258786526,0.5406330303914159,0.3333333333333333,0.6
CNN_TN_06,cnn,CNN,TN,24,294868,0.00010112184099853039,-9.19908332824707,2.252875328063965,2.303151819148861,0.05027649108489607,0.7845660726664437,0.3333333333333333,1.0
CNN_TN_06,cnn,CNN,TN,25,39929,0.33780986070632935,-0.6730696558952332,-6.273138344287872,-6.2546825109318105,0.018455833356061824,0.8322746443207195,0.6666666666666666,1.0
CNN_TN_06,cnn,CNN,TN,26,138479,0.0454024001955986,-3.045724868774414,-3.9004831314086914,-3.9049170521466334,0.004433920737942021,0.8809633305406109,0.8181818181818182,1.0
CNN_TN_06,cnn,CNN,TN,27,142790,1.4258160263125319e-05,-11.158166885375977,4.211958885192871,4.197902819314089,0.014056065878782498,0.8600676425579488,0.5384615384615384,0.8
CNN_TN_06,cnn,CNN,TN,28,100912,0.06924225389957428,-2.5983877182006836,-4.347820281982422,-4.348281460769536,0.00046117878711449123,0.8557947153915083,0.42857142857142855,1.0
CNN_TN_06,cnn,CNN,TN,29,74305,0.00013703333388548344,-8.895149230957031,1.9489412307739258,1.967221192891992,0.018279962118066262,0.7386295503838575,0.42857142857142855,0.9
CNN_TN_06,cnn,CNN,TN,30,264007,9.488304203841835e-05,-9.262770652770996,2.3165626525878906,2.290436053636201,0.026126598951689672,0.7862862577151641,0.3333333333333333,1.0
CNN_TN_06,cnn,CNN,TN,31,265049,0.09861952811479568,-2.212658166885376,-4.7335498332977295,-4.740552936560307,0.007003103262577248,0.7907285599473405,0.42857142857142855,0.6
CNN_TN_06,cnn,CNN,TN,32,45738,0.04951528087258339,-2.95469069480896,-3.9915173053741455,-3.9628712270294617,0.0286460783446838,0.8794994998561306,0.8181818181818182,1.0
CNN_TN_07,cnn,CNN,TN,1,276817,0.0011331631103530526,-6.781608581542969,-2.6631946563720703,-2.5922051631861724,0.07098949318589787,0.21469307032205093,0.25,0.6
CNN_TN_07,cnn,CNN,TN,2,214177,0.10486417263746262,-2.1443095207214355,-7.3004937171936035,-7.261966737283403,0.038526979910200154,0.6213536323670278,0.42857142857142855,0.8
CNN_TN_07,cnn,CNN,TN,3,271605,0.029957886785268784,-3.4775469303131104,-5.967256307601929,-5.973690687841982,0.006434380240053272,0.7309212027710172,0.3333333333333333,0.8
CNN_TN_07,cnn,CNN,TN,4,284786,3.0974788387538865e-05,-10.382306098937988,0.9375028610229492,1.0413781905450419,0.10387532952209266,0.8533558480417929,0.42857142857142855,0.6
CNN_TN_07,cnn,CNN,TN,5,278772,0.15003538131713867,-1.7343236207962036,-7.7104796171188354,-7.742017102838134,0.03153748571929871,0.7795913408060166,0.3333333333333333,0.7
CNN_TN_07,cnn,CNN,TN,6,65755,0.0447944775223732,-3.0598416328430176,-6.3849616050720215,-6.387246340815556,0.002284735743534938,0.7699668079209796,0.5384615384615384,0.8
CNN_TN_07,cnn,CNN,TN,7,262731,8.94562472240068e-05,-9.321671485900879,-0.12313175201416016,-0.11859104997389824,0.0045407020402619125,0.9002243457017876,0.6666666666666666,1.0
CNN_TN_07,cnn,CNN,TN,8,21449,0.055750586092472076,-2.8295023441314697,-6.615300893783569,-6.601534158453284,0.013766735330285051,0.7515336153081795,0.5384615384615384,0.8
CNN_TN_07,cnn,CNN,TN,9,198454,2.520293855923228e-05,-10.58852481842041,1.143721580505371,1.1339648759669714,0.009756704538399719,0.542444071896363,0.3333333333333333,0.7
CNN_TN_07,cnn,CNN,TN,10,295346,5.769411291112192e-05,-9.760297775268555,0.3154945373535156,0.31379120247073067,0.001703334882784957,0.5959573167232604,0.3333333333333333,0.7
CNN_TN_07,cnn,CNN,TN,11,87343,0.00010499916243134066,-9.161453247070312,-0.28334999084472656,-0.2843089748111672,0.0009589839664406186,0.5876162054564864,0.1111111111111111,0.3
CNN_TN_07,cnn,CNN,TN,12,257740,0.005232546012848616,-5.247611045837402,-4.197192192077637,-4.200532370105426,0.00334017802778952,0.6876667201258152,0.25,0.8
CNN_TN_07,cnn,CNN,TN,13,150246,0.13935862481594086,-1.820627212524414,-7.624176025390625,-7.601706702669974,0.022469322720651164,0.6892028243055831,0.25,0.6
CNN_TN_07,cnn,CNN,TN,14,115022,0.28249409794807434,-0.9321235418319702,-8.512679696083069,-8.52349988026195,0.010820184178880865,0.6637005769715547,0.25,0.7
CNN_TN_07,cnn,CNN,TN,15,163618,0.0015199301997199655,-6.487569808959961,-2.957233428955078,-2.9348271375965265,0.022406291358551655,0.4372343014280272,0.17647058823529413,0.4
CNN_TN_07,cnn,CNN,TN,16,133372,0.13112670183181763,-1.8910331726074219,-7.553770065307617,-7.5743618626827125,0.02059179737509531,0.653856490929884,0.42857142857142855,0.7
CNN_TN_07,cnn,CNN,TN,17,162071,0.14064912497997284,-1.8099089860916138,-7.634894251823425,-7.654628382957754,0.01973413113432887,0.7298798181638861,0.3333333333333333,0.6
CNN_TN_07,cnn,CNN,TN,18,90067,0.00158109818585217,-6.448053359985352,-2.9967498779296875,-2.9997449306731405,0.0029950527434530194,0.696962028257024,0.42857142857142855,0.6
CNN_TN_07,cnn,CNN,TN,19,111705,0.145994171500206,-1.766371250152588,-7.678431987762451,-7.6915641077604775,0.013132119998026326,0.7553411849331397,0.3333333333333333,0.7
CNN_TN_07,cnn,CNN,TN,20,34940,0.06991544365882874,-2.58798885345459,-6.856814384460449,-6.874925548575913,0.01811116411546365,0.9148730300766691,0.6666666666666666,0.9
CNN_TN_07,cnn,CNN,TN,21,212937,9.353640780318528e-05,-9.277066230773926,-0.16773700714111328,-0.15016143125086323,0.01757557589025005,0.8826519787669928,0.6666666666666666,1.0
CNN_TN_07,cnn,CNN,TN,22,214917,0.03187817335128784,-3.4134364128112793,-6.03136682510376,-6.043847801797094,0.012480976693334256,0.8264221434480938,0.5384615384615384,0.7
CNN_TN_07,cnn,CNN,TN,23,70482,0.002233611885458231,-6.101899147033691,-3.3429040908813477,-3.3758998379510707,0.03299574706972308,0.7301214705942043,0.42857142857142855,0.6
CNN_TN_07,cnn,CNN,TN,24,294868,0.00010112184099853039,-9.19908332824707,-0.24571990966796875,-0.24727925407830886,0.0015593444103401133,0.8889223459905592,0.6666666666666666,1.0
CNN_TN_07,cnn,CNN,TN,25,39929,0.33780986070632935,-0.6730696558952332,-8.771733582019806,-8.764627585324414,0.007105996695392136,0.7134394996716517,0.5384615384615384,0.7
CNN_TN_07,cnn,CNN,TN,26,138479,0.0454024001955986,-3.045724868774414,-6.399078369140625,-6.402915644851603,0.0038372757109783606,0.7634469827359543,0.5384615384615384,0.8
CNN_TN_07,cnn,CNN,TN,27,142790,1.4258160263125319e-05,-11.158166885375977,1.7133636474609375,1.8386795134601224,0.12531586599918487,0.8026441373244846,0.42857142857142855,0.6
CNN_TN_07,cnn,CNN,TN,28,100912,0.06924225389957428,-2.5983877182006836,-6.8464155197143555,-6.853298635117834,0.006883115403478968,0.9148323124622915,0.6666666666666666,0.9
CNN_TN_07,cnn,CNN,TN,29,74305,0.00013703333388548344,-8.895149230957031,-0.5496540069580078,-0.5498481150978335,0.0001941081398256772,0.5761098874771804,0.1111111111111111,0.3
CNN_TN_07,cnn,CNN,TN,30,264007,9.488304203841835e-05,-9.262770652770996,-0.18203258514404297,-0.1647508729358229,0.017281712208220057,0.8921130999150865,0.6666666666666666,1.0
CNN_TN_07,cnn,CNN,TN,31,265049,0.09861952811479568,-2.212658166885376,-7.232145071029663,-7.2615119142691205,0.029366843239457374,0.6631479637035743,0.3333333333333333,0.8
CNN_TN_07,cnn,CNN,TN,32,45738,0.04951528087258339,-2.95469069480896,-6.490112543106079,-6.491906043651831,0.0017935005457516695,0.7608529733203959,0.5384615384615384,0.8
CNN_TN_08,cnn,CNN,TN,1,276817,0.0011331631103530526,-6.781608581542969,-5.50665283203125,-5.520134352475075,0.013481520443824557,0.2089837773601277,0.05263157894736842,0.5
CNN_TN_08,cnn,CNN,TN,2,214177,0.10486417263746262,-2.1443095207214355,-10.143951892852783,-10.14773482537805,0.0037829325252669577,0.25372915889963066,0.17647058823529413,0.5
CNN_TN_08,cnn,CNN,TN,3,271605,0.029957886785268784,-3.4775469303131104,-8.810714483261108,-8.8144173149508,0.0037028316896918767,0.27970435779171837,0.1111111111111111,0.4
CNN_TN_08,cnn,CNN,TN,4,284786,3.0974788387538865e-05,-10.382306098937988,-1.9059553146362305,-1.907184877573156,0.0012295629369254435,0.1608884358991841,0.1111111111111111,0.5
CNN_TN_08,cnn,CNN,TN,5,278772,0.15003538131713867,-1.7343236207962036,-10.553937792778015,-10.53545582446572,0.01848196831229565,0.41893300803564454,0.25,0.6
CNN_TN_08,cnn,CNN,TN,6,65755,0.0447944775223732,-3.0598416328430176,-9.228419780731201,-9.240256769300766,0.01183698856956461,0.7551144741743308,0.5384615384615384,0.8
CNN_TN_08,cnn,CNN,TN,7,262731,8.94562472240068e-05,-9.321671485900879,-2.96658992767334,-2.9188811510657295,0.047708776607610304,0.6726413430879585,0.5384615384615384,0.8
CNN_TN_08,cnn,CNN,TN,8,21449,0.055750586092472076,-2.8295023441314697,-9.458759069442749,-9.360808417679939,0.09795065176280993,0.8295616818310962,0.42857142857142855,0.9
CNN_TN_08,cnn,CNN,TN,9,198454,2.520293855923228e-05,-10.58852481842041,-1.6997365951538086,-1.739798349551725,0.04006175439791648,0.5515637405028012,0.17647058823529413,0.6
CNN_TN_08,cnn,CNN,TN,10,295346,5.769411291112192e-05,-9.760297775268555,-2.527963638305664,-2.5220350427263956,0.005928595579268503,0.5983111752758394,0.25,0.7
CNN_TN_08,cnn,CNN,TN,11,87343,0.00010499916243134066,-9.161453247070312,-3.1268081665039062,-3.169831208540658,0.04302304203675167,0.5201440001134333,0.25,0.6
CNN_TN_08,cnn,CNN,TN,12,257740,0.005232546012848616,-5.247611045837402,-7.040650367736816,-7.030676292022242,0.00997407571457476,0.32278947553074133,0.1111111111111111,0.4
CNN_TN_08,cnn,CNN,TN,13,150246,0.13935862481594086,-1.820627212524414,-10.467634201049805,-10.47861886485275,0.010984663802945605,0.4096733735660571,0.25,0.6
CNN_TN_08,cnn,CNN,TN,14,115022,0.28249409794807434,-0.9321235418319702,-11.356137871742249,-11.384828960867406,0.028691089125157276,0.5867928590459482,0.42857142857142855,0.7
CNN_TN_08,cnn,CNN,TN,15,163618,0.0015199301997199655,-6.487569808959961,-5.800691604614258,-5.808713497444635,0.00802189283037702,0.273232975215738,0.05263157894736842,0.6
CNN_TN_08,cnn,CNN,TN,16,133372,0.13112670183181763,-1.8910331726074219,-10.397228240966797,-10.422497850542777,0.025269609575980567,0.12234789783326744,0.0,0.2
CNN_TN_08,cnn,CNN,TN,17,162071,0.14064912497997284,-1.8099089860916138,-10.478352427482605,-10.491778071204207,0.013425643721602043,0.4213711516442742,0.25,0.6
CNN_TN_08,cnn,CNN,TN,18,90067,0.00158109818585217,-6.448053359985352,-5.840208053588867,-5.855898079086021,0.015690025497153925,0.324156431434072,0.17647058823529413,0.6
CNN_TN_08,cnn,CNN,TN,19,111705,0.145994171500206,-1.766371250152588,-10.52189016342163,-10.556058875159277,0.03416871173764591,0.43409412460049884,0.25,0.6
CNN_TN_08,cnn,CNN,TN,20,34940,0.06991544365882874,-2.58798885345459,-9.700272560119629,-9.690134613586796,0.010137946532832842,0.39071699231720464,0.25,0.8
CNN_TN_08,cnn,CNN,TN,21,212937,9.353640780318528e-05,-9.277066230773926,-3.011195182800293,-3.040637320741919,0.02944213794162609,0.7000594406463241,0.6666666666666666,0.8
CNN_TN_08,cnn,CNN,TN,22,214917,0.03187817335128784,-3.4134364128112793,-8.87482500076294,-8.892066498776035,0.017241498013095935,0.3500052977466753,0.1111111111111111,0.4
CNN_TN_08,cnn,CNN,TN,23,70482,0.002233611885458231,-6.101899147033691,-6.186362266540527,-6.210367759661982,0.024005493121454613,0.2878215567583811,0.17647058823529413,0.6
CNN_TN_08,cnn,CNN,TN,24,294868,0.00010112184099853039,-9.19908332824707,-3.0891780853271484,-3.0211628769777903,0.06801520834935815,0.6929121686934467,0.5384615384615384,0.8
CNN_TN_08,cnn,CNN,TN,25,39929,0.33780986070632935,-0.6730696558952332,-11.615191757678986,-11.571557353971558,0.04363440370742744,0.820636764199793,0.42857142857142855,1.0
CNN_TN_08,cnn,CNN,TN,26,138479,0.0454024001955986,-3.045724868774414,-9.242536544799805,-9.25136028429834,0.008823739498534877,0.770460855232971,0.5384615384615384,0.9
CNN_TN_08,cnn,CNN,TN,27,142790,1.4258160263125319e-05,-11.158166885375977,-1.1300945281982422,-1.1323578728141517,0.0022633446159094905,0.29739158485074774,0.1111111111111111,0.6
CNN_TN_08,cnn,CNN,TN,28,100912,0.06924225389957428,-2.5983877182006836,-9.689873695373535,-9.681345424590601,0.008528270782933944,0.3898791010520855,0.3333333333333333,0.8
CNN_TN_08,cnn,CNN,TN,29,74305,0.00013703333388548344,-8.895149230957031,-3.3931121826171875,-3.4018382261968867,0.008726043579699194,0.5179807572947647,0.25,0.6
CNN_TN_08,cnn,CNN,TN,30,264007,9.488304203841835e-05,-9.262770652770996,-3.0254907608032227,-3.0525464567930647,0.027055695989842032,0.6842567505798322,0.5384615384615384,0.8
CNN_TN_08,cnn,CNN,TN,31,265049,0.09861952811479568,-2.212658166885376,-10.075603246688843,-10.074237069526415,0.0013661771624278174,0.321411601011158,0.25,0.5
CNN_TN_08,cnn,CNN,TN,32,45738,0.04951528087258339,-2.95469069480896,-9.333570718765259,-9.310264108616717,0.023306610148541296,0.8096608592354425,0.42857142857142855,0.9
CNN_TP_01,cnn,CNN,TP,1,276817,0.0011331631103530526,-6.781608581542969,6.828668050467968,6.805512497740885,0.023155552727082807,0.2805362743888115,0.05263157894736842,0.7
CNN_TP_01,cnn,CNN,TP,2,214177,0.10486417263746262,-2.1443095207214355,2.191368989646435,2.115341338154054,0.07602765149238078,0.13050077513200808,0.6666666666666666,0.3
CNN_TP_01,cnn,CNN,TP,3,271605,0.029957886785268784,-3.4775469303131104,3.5246063992381096,3.469547468056762,0.055058931181347415,0.39749632094711435,0.17647058823529413,0.6
CNN_TP_01,cnn,CNN,TP,4,284786,3.0974788387538865e-05,-10.382306098937988,10.429365567862988,10.474996482554289,0.04563091469130143,0.6242914980974036,0.3333333333333333,0.8
CNN_TP_01,cnn,CNN,TP,5,278772,0.15003538131713867,-1.7343236207962036,1.7813830897212029,1.7738987568218951,0.007484332899307722,0.46227354390687464,0.25,0.6
CNN_TP_01,cnn,CNN,TP,6,65755,0.0447944775223732,-3.0598416328430176,3.106901101768017,3.1193747264101237,0.012473624642106884,0.5167162749495928,0.25,0.5
CNN_TP_01,cnn,CNN,TP,7,262731,8.94562472240068e-05,-9.321671485900879,9.368730954825878,9.250766725078083,0.11796422974779475,0.6885242513717712,0.42857142857142855,0.7
CNN_TP_01,cnn,CNN,TP,8,21449,0.055750586092472076,-2.8295023441314697,2.876561813056469,2.9119639562629263,0.03540214320645729,0.6030728760618574,0.25,0.7
CNN_TP_01,cnn,CNN,TP,9,198454,2.520293855923228e-05,-10.58852481842041,10.63558428734541,10.633435196719851,0.0021490906255579034,0.8493645819208471,0.6666666666666666,1.0
CNN_TP_01,cnn,CNN,TP,10,295346,5.769411291112192e-05,-9.760297775268555,9.807357244193554,9.84658556855708,0.03922832436352586,0.8358314461992393,0.5384615384615384,0.9
CNN_TP_01,cnn,CNN,TP,11,87343,0.00010499916243134066,-9.161453247070312,9.208512715995312,9.116123884282878,0.09238883171243373,0.6542698886389183,0.3333333333333333,0.7
CNN_TP_01,cnn,CNN,TP,12,257740,0.005232546012848616,-5.247611045837402,5.294670514762402,5.265850744080894,0.02881977068150743,0.30994530618261756,0.1111111111111111,0.6
CNN_TP_01,cnn,CNN,TP,13,150246,0.13935862481594086,-1.820627212524414,1.8676866814494133,1.8663387371527316,0.0013479442966817246,0.5299928222222464,0.17647058823529413,0.7
CNN_TP_01,cnn,CNN,TP,14,115022,0.28249409794807434,-0.9321235418319702,0.9791830107569695,0.9543973862134616,0.024785624543507856,0.3494123186661469,0.3333333333333333,0.5
CNN_TP_01,cnn,CNN,TP,15,163618,0.0015199301997199655,-6.487569808959961,6.53462927788496,6.634752156417361,0.10012287853240043,0.6399911997018112,0.3333333333333333,0.7
CNN_TP_01,cnn,CNN,TP,16,133372,0.13112670183181763,-1.8910331726074219,1.9380926415324211,1.934044267936685,0.004048373595736177,0.2821526892085828,0.3333333333333333,0.5
CNN_TP_01,cnn,CNN,TP,17,162071,0.14064912497997284,-1.8099089860916138,1.856968455016613,1.865341420901907,0.008372965885294015,0.5313574607733212,0.17647058823529413,0.7
CNN_TP_01,cnn,CNN,TP,18,90067,0.00158109818585217,-6.448053359985352,6.495112828910351,6.492562251565261,0.0025505773450902325,0.34724568079935175,0.3333333333333333,0.3
CNN_TP_01,cnn,CNN,TP,19,111705,0.145994171500206,-1.766371250152588,1.8134307190775871,1.81440651858759,0.0009757995100028172,0.5314054509717064,0.25,0.7
CNN_TP_01,cnn,CNN,TP,20,34940,0.06991544365882874,-2.58798885345459,2.635048322379589,2.6328569364601178,0.0021913859194713226,0.1110731911422219,0.25,0.4
CNN_TP_01,cnn,CNN,TP,21,212937,9.353640780318528e-05,-9.277066230773926,9.324125699698925,9.360746429356759,0.036620729657833806,0.7014524779138264,0.42857142857142855,0.7
CNN_TP_01,cnn,CNN,TP,22,214917,0.03187817335128784,-3.4134364128112793,3.4604958817362785,3.478295701627026,0.017799819890747415,0.5255915423818729,0.5384615384615384,0.6
CNN_TP_01,cnn,CNN,TP,23,70482,0.002233611885458231,-6.101899147033691,6.148958615958691,6.143654966784106,0.0053036491745848124,0.2021296159238454,0.42857142857142855,0.3
CNN_TP_01,cnn,CNN,TP,24,294868,0.00010112184099853039,-9.19908332824707,9.24614279717207,9.318656416948286,0.07251361977621684,0.697144907753896,0.42857142857142855,0.7
CNN_TP_01,cnn,CNN,TP,25,39929,0.33780986070632935,-0.6730696558952332,0.7201291248202324,0.7504884348109253,0.030359309990692918,0.5973074455891799,0.42857142857142855,0.7
CNN_TP_01,cnn,CNN,TP,26,138479,0.0454024001955986,-3.045724868774414,3.0927843376994133,3.0883880786896403,0.004396259009773029,0.524225468606583,0.25,0.5
CNN_TP_01,cnn,CNN,TP,27,142790,1.4258160263125319e-05,-11.158166885375977,11.205226354300976,11.174196576023224,0.031029778277751774,0.6389092297397672,0.3333333333333333,0.7
CNN_TP_01,cnn,CNN,TP,28,100912,0.06924225389957428,-2.5983877182006836,2.645447187125683,2.661478303665928,0.01603111654024536,0.11352452152217993,0.25,0.4
CNN_TP_01,cnn,CNN,TP,29,74305,0.00013703333388548344,-8.895149230957031,8.94220869988203,8.848651116801255,0.09355758308077533,0.6511599080911245,0.3333333333333333,0.7
CNN_TP_01,cnn,CNN,TP,30,264007,9.488304203841835e-05,-9.262770652770996,9.309830121695995,9.369748168061275,0.05991804636527931,0.6927781001431208,0.42857142857142855,0.7
CNN_TP_01,cnn,CNN,TP,31,265049,0.09861952811479568,-2.212658166885376,2.259717635810375,2.1591792262532556,0.10053840955711957,0.12071477425910807,0.5384615384615384,0.3
CNN_TP_01,cnn,CNN,TP,32,45738,0.04951528087258339,-2.95469069480896,3.001750163733959,2.991121688304718,0.01062847542924139,0.5431650143713861,0.25,0.6
CNN_TP_02,cnn,CNN,TP,1,276817,0.0011331631103530526,-6.781608581542969,15.167706489562988,15.128947253510049,0.03875923605293963,0.27226789392661477,0.05263157894736842,0.1
CNN_TP_02,cnn,CNN,TP,2,214177,0.10486417263746262,-2.1443095207214355,10.530407428741455,10.529672804473588,0.0007346242678671899,0.5487686307139787,0.17647058823529413,0.6
CNN_TP_02,cnn,CNN,TP,3,271605,0.029957886785268784,-3.4775469303131104,11.86364483833313,11.786821576221124,0.07682326211200596,0.6707968100181451,0.1111111111111111,0.2
CNN_TP_02,cnn,CNN,TP,4,284786,3.0974788387538865e-05,-10.382306098937988,18.768404006958008,18.782719134489845,0.01431512753183739,0.7807359447226907,0.42857142857142855,0.7
CNN_TP_02,cnn,CNN,TP,5,278772,0.15003538131713867,-1.7343236207962036,10.120421528816223,10.107705264778872,0.012716264037351266,0.6286291077882075,0.1111111111111111,0.6
CNN_TP_02,cnn,CNN,TP,6,65755,0.0447944775223732,-3.0598416328430176,11.445939540863037,11.519266278139387,0.07332673727634997,0.7601536788367119,0.5384615384615384,1.0
CNN_TP_02,cnn,CNN,TP,7,262731,8.94562472240068e-05,-9.321671485900879,17.7077693939209,17.773925588114565,0.0661561941936668,0.7647973479402365,0.6666666666666666,1.0
CNN_TP_02,cnn,CNN,TP,8,21449,0.055750586092472076,-2.8295023441314697,11.21560025215149,11.137878308346606,0.07772194380488351,0.8135413771234404,0.6666666666666666,1.0
CNN_TP_02,cnn,CNN,TP,9,198454,2.520293855923228e-05,-10.58852481842041,18.97462272644043,19.11760897965658,0.14298625321615077,0.5218123184845286,0.42857142857142855,0.6
CNN_TP_02,cnn,CNN,TP,10,295346,5.769411291112192e-05,-9.760297775268555,18.146395683288574,18.102083706535876,0.04431197675269871,0.5122788702084554,0.3333333333333333,0.6
CNN_TP_02,cnn,CNN,TP,11,87343,0.00010499916243134066,-9.161453247070312,17.547551155090332,17.563281159351384,0.015730004261051533,0.7194065713695048,0.42857142857142855,0.8
CNN_TP_02,cnn,CNN,TP,12,257740,0.005232546012848616,-5.247611045837402,13.633708953857422,13.657127168908902,0.023418215051480118,0.5944933399427693,0.05263157894736842,0.1
CNN_TP_02,cnn,CNN,TP,13,150246,0.13935862481594086,-1.820627212524414,10.206725120544434,10.233274316548647,0.026549196004213016,0.6534918659493494,0.3333333333333333,0.7
CNN_TP_02,cnn,CNN,TP,14,115022,0.28249409794807434,-0.9321235418319702,9.31822144985199,9.217476198388733,0.10074525146325719,0.45774792062912945,0.5384615384615384,0.9
CNN_TP_02,cnn,CNN,TP,15,163618,0.0015199301997199655,-6.487569808959961,14.87366771697998,14.784017894411258,0.08964982256872212,0.6526388204303678,0.25,0.8
CNN_TP_02,cnn,CNN,TP,16,133372,0.13112670183181763,-1.8910331726074219,10.277131080627441,10.251168905191427,0.02596217543601398,0.44920922448216205,0.17647058823529413,0.5
CNN_TP_02,cnn,CNN,TP,17,162071,0.14064912497997284,-1.8099089860916138,10.196006894111633,10.204817234159178,0.00881034004754433,0.6463146102597941,0.25,0.7
CNN_TP_02,cnn,CNN,TP,18,90067,0.00158109818585217,-6.448053359985352,14.834151268005371,14.824460576986109,0.009690691019262232,0.4681787017018684,0.17647058823529413,0.3
CNN_TP_02,cnn,CNN,TP,19,111705,0.145994171500206,-1.766371250152588,10.152469158172607,10.13645509081164,0.016014067360966777,0.6417498142603023,0.17647058823529413,0.6
CNN_TP_02,cnn,CNN,TP,20,34940,0.06991544365882874,-2.58798885345459,10.97408676147461,10.968052518578023,0.006034242896586051,0.7442228059772764,0.25,0.9
CNN_TP_02,cnn,CNN,TP,21,212937,9.353640780318528e-05,-9.277066230773926,17.663164138793945,17.617646012088763,0.04551812670518274,0.7658098414853675,0.5384615384615384,1.0
CNN_TP_02,cnn,CNN,TP,22,214917,0.03187817335128784,-3.4134364128112793,11.799534320831299,11.842630374316371,0.043096053485072616,0.7403221798287896,0.5384615384615384,0.9
CNN_TP_02,cnn,CNN,TP,23,70482,0.002233611885458231,-6.101899147033691,14.487997055053711,14.524942391433509,0.03694533637979802,0.43757610703025385,0.1111111111111111,0.2
CNN_TP_02,cnn,CNN,TP,24,294868,0.00010112184099853039,-9.19908332824707,17.58518123626709,17.63355773159235,0.048376495325261004,0.7633305732330828,0.6666666666666666,1.0
CNN_TP_02,cnn,CNN,TP,25,39929,0.33780986070632935,-0.6730696558952332,9.059167563915253,9.124779420930624,0.0656118570153712,0.6547994201995995,0.5384615384615384,1.0
CNN_TP_02,cnn,CNN,TP,26,138479,0.0454024001955986,-3.045724868774414,11.431822776794434,11.480699686596676,0.04887690980224235,0.7633011077167087,0.5384615384615384,1.0
CNN_TP_02,cnn,CNN,TP,27,142790,1.4258160263125319e-05,-11.158166885375977,19.544264793395996,19.490602134307828,0.05366265908816814,0.7437165244661481,0.5384615384615384,0.8
CNN_TP_02,cnn,CNN,TP,28,100912,0.06924225389957428,-2.5983877182006836,10.984485626220703,10.98431375599233,0.00017187022837283905,0.7554327639764042,0.25,0.9
CNN_TP_02,cnn,CNN,TP,29,74305,0.00013703333388548344,-8.895149230957031,17.28124713897705,17.345715293748267,0.06446815477121604,0.69714994079183,0.3333333333333333,0.8
CNN_TP_02,cnn,CNN,TP,30,264007,9.488304203841835e-05,-9.262770652770996,17.648868560791016,17.41261174376738,0.2362568170236372,0.7643231265680017,0.6666666666666666,1.0
CNN_TP_02,cnn,CNN,TP,31,265049,0.09861952811479568,-2.212658166885376,10.598756074905396,10.569009384264518,0.029746690640877205,0.5779756572721507,0.05263157894736842,0.1
CNN_TP_02,cnn,CNN,TP,32,45738,0.04951528087258339,-2.95469069480896,11.34078860282898,11.283474861553099,0.0573137412758804,0.7910885267877038,0.5384615384615384,1.0
CNN_TP_03,cnn,CNN,TP,1,276817,0.0011331631103530526,-6.781608581542969,17.065299034118652,17.07598741760134,0.010688383482687414,0.6894331005306402,0.17647058823529413,0.3
CNN_TP_03,cnn,CNN,TP,2,214177,0.10486417263746262,-2.1443095207214355,12.42799997329712,12.435631582880912,0.007631609583793164,0.8826322426389399,0.42857142857142855,0.7
CNN_TP_03,cnn,CNN,TP,3,271605,0.029957886785268784,-3.4775469303131104,13.761237382888794,13.770065168782102,0.008827785893307905,0.8353124323099369,0.17647058823529413,0.3
CNN_TP_03,cnn,CNN,TP,4,284786,3.0974788387538865e-05,-10.382306098937988,20.665996551513672,20.598222537545862,0.06777401396781002,0.8030896312243206,0.3333333333333333,0.7
CNN_TP_03,cnn,CNN,TP,5,278772,0.15003538131713867,-1.7343236207962036,12.018014073371887,12.049352567049118,0.03133849367723052,0.8767159584926754,0.25,0.6
CNN_TP_03,cnn,CNN,TP,6,65755,0.0447944775223732,-3.0598416328430176,13.343532085418701,13.362861293987386,0.01932920856868492,0.8055496537197832,0.5384615384615384,0.9
CNN_TP_03,cnn,CNN,TP,7,262731,8.94562472240068e-05,-9.321671485900879,19.605361938476562,19.57268842139844,0.03267351707812338,0.7649203112119245,0.8181818181818182,0.9
CNN_TP_03,cnn,CNN,TP,8,21449,0.055750586092472076,-2.8295023441314697,13.113192796707153,13.091437030204933,0.021755766502220553,0.8170897227486904,0.6666666666666666,0.9
CNN_TP_03,cnn,CNN,TP,9,198454,2.520293855923228e-05,-10.58852481842041,20.872215270996094,20.92465495722052,0.05243968622442452,0.568103266481545,0.5384615384615384,0.8
CNN_TP_03,cnn,CNN,TP,10,295346,5.769411291112192e-05,-9.760297775268555,20.04398822784424,20.085331866065832,0.04134363822159415,0.5571184382477958,0.5384615384615384,0.8
CNN_TP_03,cnn,CNN,TP,11,87343,0.00010499916243134066,-9.161453247070312,19.445143699645996,19.509101884790688,0.06395818514469198,0.8053453743620882,0.42857142857142855,0.7
CNN_TP_03,cnn,CNN,TP,12,257740,0.005232546012848616,-5.247611045837402,15.531301498413086,15.527911078226333,0.0033904201867525074,0.7539558314986109,0.17647058823529413,0.2
CNN_TP_03,cnn,CNN,TP,13,150246,0.13935862481594086,-1.820627212524414,12.104317665100098,12.12687644369323,0.022558778593133155,0.8789822113703508,0.25,0.6
CNN_TP_03,cnn,CNN,TP,14,115022,0.28249409794807434,-0.9321235418319702,11.215813994407654,11.21180652990682,0.0040074645008338905,0.8279776598422233,0.42857142857142855,1.0
CNN_TP_03,cnn,CNN,TP,15,163618,0.0015199301997199655,-6.487569808959961,16.771260261535645,16.6961363210739,0.07512394046174364,0.7165529307124598,0.25,0.7
CNN_TP_03,cnn,CNN,TP,16,133372,0.13112670183181763,-1.8910331726074219,12.174723625183105,12.171001831902537,0.0037217932805688747,0.8411223876000744,0.25,0.7
CNN_TP_03,cnn,CNN,TP,17,162071,0.14064912497997284,-1.8099089860916138,12.093599438667297,12.126773667315595,0.033174228648297444,0.8779862392856402,0.25,0.6
CNN_TP_03,cnn,CNN,TP,18,90067,0.00158109818585217,-6.448053359985352,16.731743812561035,16.712776450111598,0.01896736244943753,0.7434204928607208,0.25,0.4
CNN_TP_03,cnn,CNN,TP,19,111705,0.145994171500206,-1.766371250152588,12.050061702728271,12.075730580108544,0.025668877380272903,0.8771115417117612,0.25,0.6
CNN_TP_03,cnn,CNN,TP,20,34940,0.06991544365882874,-2.58798885345459,12.871679306030273,12.909025872054587,0.03734656602431308,0.7893645969226563,0.42857142857142855,0.9
CNN_TP_03,cnn,CNN,TP,21,212937,9.353640780318528e-05,-9.277066230773926,19.56075668334961,19.597500653478388,0.036743970128778614,0.7620867901509909,0.8181818181818182,0.9
CNN_TP_03,cnn,CNN,TP,22,214917,0.03187817335128784,-3.4134364128112793,13.697126865386963,13.693975172457089,0.0031516929298742724,0.867897019991003,0.3333333333333333,0.6
CNN_TP_03,cnn,CNN,TP,23,70482,0.002233611885458231,-6.101899147033691,16.385589599609375,16.37601639503969,0.009573204569683469,0.7091052242517578,0.17647058823529413,0.3
CNN_TP_03,cnn,CNN,TP,24,294868,0.00010112184099853039,-9.19908332824707,19.482773780822754,19.529562070491508,0.046788289668754146,0.7607357472663268,0.8181818181818182,0.9
CNN_TP_03,cnn,CNN,TP,25,39929,0.33780986070632935,-0.6730696558952332,10.956760108470917,11.018136206133697,0.06137609766278018,0.9016521031343704,0.5384615384615384,0.9
CNN_TP_03,cnn,CNN,TP,26,138479,0.0454024001955986,-3.045724868774414,13.329415321350098,13.32679282841732,0.0026224929327778312,0.8123095062426291,0.5384615384615384,0.9
CNN_TP_03,cnn,CNN,TP,27,142790,1.4258160263125319e-05,-11.158166885375977,21.44185733795166,21.459414007904492,0.017556669952831783,0.7808132936632709,0.3333333333333333,0.8
CNN_TP_03,cnn,CNN,TP,28,100912,0.06924225389957428,-2.5983877182006836,12.882078170776367,12.874005962467638,0.00807220830872879,0.7892834898551127,0.42857142857142855,0.9
CNN_TP_03,cnn,CNN,TP,29,74305,0.00013703333388548344,-8.895149230957031,19.178839683532715,19.153148364192177,0.025691319340538143,0.7822963482851037,0.5384615384615384,0.7
CNN_TP_03,cnn,CNN,TP,30,264007,9.488304203841835e-05,-9.262770652770996,19.54646110534668,19.588011837929663,0.041550732582983585,0.7629526622495909,0.8181818181818182,0.9
CNN_TP_03,cnn,CNN,TP,31,265049,0.09861952811479568,-2.212658166885376,12.49634861946106,12.510842859818549,0.014494240357489474,0.8789323378605166,0.25,0.4
CNN_TP_03,cnn,CNN,TP,32,45738,0.04951528087258339,-2.95469069480896,13.238381147384644,13.259548074580506,0.02116692719586233,0.8106507545916506,0.6666666666666666,0.9
CNN_TP_04,cnn,CNN,TP,1,276817,0.0011331631103530526,-6.781608581542969,17.300628662109375,17.297937366403627,0.002691295705748331,0.7029372589497132,0.17647058823529413,0.4
CNN_TP_04,cnn,CNN,TP,2,214177,0.10486417263746262,-2.1443095207214355,12.663329601287842,12.726601283345062,0.06327168205721989,0.8489633518964602,0.3333333333333333,0.8
CNN_TP_04,cnn,CNN,TP,3,271605,0.029957886785268784,-3.4775469303131104,13.996567010879517,13.98973576175963,0.006831249119887417,0.7712307778084015,0.1111111111111111,0.4
CNN_TP_04,cnn,CNN,TP,4,284786,3.0974788387538865e-05,-10.382306098937988,20.901326179504395,20.888413291387163,0.012912888117231347,0.8501937877244532,0.3333333333333333,0.6
CNN_TP_04,cnn,CNN,TP,5,278772,0.15003538131713867,-1.7343236207962036,12.25334370136261,12.250856217316924,0.0024874840456856617,0.8770350673343684,0.3333333333333333,0.5
CNN_TP_04,cnn,CNN,TP,6,65755,0.0447944775223732,-3.0598416328430176,13.578861713409424,13.633979462987984,0.05511774957856019,0.8011349347565973,0.5384615384615384,0.8
CNN_TP_04,cnn,CNN,TP,7,262731,8.94562472240068e-05,-9.321671485900879,19.840691566467285,19.852328635951867,0.011637069484581986,0.6857451323311227,0.5384615384615384,0.9
CNN_TP_04,cnn,CNN,TP,8,21449,0.055750586092472076,-2.8295023441314697,13.348522424697876,13.38018569278458,0.03166326808670483,0.8243109493788209,0.6666666666666666,0.9
CNN_TP_04,cnn,CNN,TP,9,198454,2.520293855923228e-05,-10.58852481842041,21.107544898986816,20.980857483197916,0.12668741578890064,0.6165128274442032,0.42857142857142855,0.8
CNN_TP_04,cnn,CNN,TP,10,295346,5.769411291112192e-05,-9.760297775268555,20.27931785583496,20.234720616912316,0.04459723892264478,0.6222365616421552,0.42857142857142855,0.8
CNN_TP_04,cnn,CNN,TP,11,87343,0.00010499916243134066,-9.161453247070312,19.68047332763672,19.70928232726595,0.02880899962923067,0.7789713984396448,0.42857142857142855,0.7
CNN_TP_04,cnn,CNN,TP,12,257740,0.005232546012848616,-5.247611045837402,15.766631126403809,15.7542591676999,0.012371958703909058,0.7889356295616091,0.1111111111111111,0.4
CNN_TP_04,cnn,CNN,TP,13,150246,0.13935862481594086,-1.820627212524414,12.33964729309082,12.3875866189776,0.04793932588678018,0.8674479859910283,0.3333333333333333,0.5
CNN_TP_04,cnn,CNN,TP,14,115022,0.28249409794807434,-0.9321235418319702,11.451143622398376,11.458527713704893,0.007384091306516183,0.8020716913806157,0.25,0.8
CNN_TP_04,cnn,CNN,TP,15,163618,0.0015199301997199655,-6.487569808959961,17.006589889526367,16.957657346067965,0.04893254345840248,0.653506269964142,0.17647058823529413,0.7
CNN_TP_04,cnn,CNN,TP,16,133372,0.13112670183181763,-1.8910331726074219,12.410053253173828,12.387818773970466,0.02223447920336241,0.8227716716335883,0.25,0.5
CNN_TP_04,cnn,CNN,TP,17,162071,0.14064912497997284,-1.8099089860916138,12.32892906665802,12.36465829256831,0.035729225910289486,0.8706678047917827,0.3333333333333333,0.5
CNN_TP_04,cnn,CNN,TP,18,90067,0.00158109818585217,-6.448053359985352,16.967073440551758,17.005638475291356,0.03856503473959805,0.8208910212357727,0.3333333333333333,0.4
CNN_TP_04,cnn,CNN,TP,19,111705,0.145994171500206,-1.766371250152588,12.285391330718994,12.273727184790781,0.011664145928213188,0.8735902181612998,0.3333333333333333,0.5
CNN_TP_04,cnn,CNN,TP,20,34940,0.06991544365882874,-2.58798885345459,13.107008934020996,13.102631332095719,0.0043776019252774745,0.7059657634448022,0.5384615384615384,0.8
CNN_TP_04,cnn,CNN,TP,21,212937,9.353640780318528e-05,-9.277066230773926,19.796086311340332,19.75758694359759,0.038499367742740986,0.6827271351603404,0.5384615384615384,0.9
CNN_TP_04,cnn,CNN,TP,22,214917,0.03187817335128784,-3.4134364128112793,13.932456493377686,13.898395751648618,0.0340607417290677,0.8583803441188665,0.25,0.6
CNN_TP_04,cnn,CNN,TP,23,70482,0.002233611885458231,-6.101899147033691,16.620919227600098,16.651808495551776,0.03088926795167879,0.7557496221804868,0.3333333333333333,0.4
CNN_TP_04,cnn,CNN,TP,24,294868,0.00010112184099853039,-9.19908332824707,19.718103408813477,19.747642896447697,0.029539487634220762,0.682234020986523,0.5384615384615384,0.9
CNN_TP_04,cnn,CNN,TP,25,39929,0.33780986070632935,-0.6730696558952332,11.19208973646164,11.174621160191395,0.017468576270244895,0.8552773308180368,0.5384615384615384,0.9
CNN_TP_04,cnn,CNN,TP,26,138479,0.0454024001955986,-3.045724868774414,13.56474494934082,13.528726292562517,0.03601865677830318,0.8062772409350075,0.5384615384615384,0.8
CNN_TP_04,cnn,CNN,TP,27,142790,1.4258160263125319e-05,-11.158166885375977,21.677186965942383,21.778172643703755,0.10098567776137202,0.8688514046436363,0.3333333333333333,0.7
CNN_TP_04,cnn,CNN,TP,28,100912,0.06924225389957428,-2.5983877182006836,13.11740779876709,13.111588110643796,0.005819688123294142,0.7061596281173314,0.5384615384615384,0.8
CNN_TP_04,cnn,CNN,TP,29,74305,0.00013703333388548344,-8.895149230957031,19.414169311523438,19.4198320483069,0.005662736783463629,0.7656191688415918,0.42857142857142855,0.7
CNN_TP_04,cnn,CNN,TP,30,264007,9.488304203841835e-05,-9.262770652770996,19.781790733337402,19.800714873198878,0.018924139861475453,0.6849354387184259,0.5384615384615384,0.9
CNN_TP_04,cnn,CNN,TP,31,265049,0.09861952811479568,-2.212658166885376,12.731678247451782,12.742152074228978,0.010473826777195328,0.8471293758185665,0.3333333333333333,0.5
CNN_TP_04,cnn,CNN,TP,32,45738,0.04951528087258339,-2.95469069480896,13.473710775375366,13.473301361439416,0.00040941393594984277,0.8132852178273912,0.6666666666666666,0.8
CNN_TP_05,cnn,CNN,TP,1,276817,0.0011331631103530526,-6.781608581542969,17.316904067993164,17.228898963641015,0.08800510435214903,0.46115882309652045,0.05263157894736842,0.1
CNN_TP_05,cnn,CNN,TP,2,214177,0.10486417263746262,-2.1443095207214355,12.67960500717163,12.663926715696782,0.015678291474849004,0.441998414547023,0.3333333333333333,0.5
CNN_TP_05,cnn,CNN,TP,3,271605,0.029957886785268784,-3.4775469303131104,14.012842416763306,13.95515596787761,0.057686448885695185,0.5496778355566203,0.1111111111111111,0.2
CNN_TP_05,cnn,CNN,TP,4,284786,3.0974788387538865e-05,-10.382306098937988,20.917601585388184,20.94935427674278,0.03175269135459757,0.8063767026669171,0.6666666666666666,0.9
CNN_TP_05,cnn,CNN,TP,5,278772,0.15003538131713867,-1.7343236207962036,12.269619107246399,12.166788262414647,0.10283084483175209,0.6012864403113533,0.3333333333333333,0.7
CNN_TP_05,cnn,CNN,TP,6,65755,0.0447944775223732,-3.0598416328430176,13.595137119293213,13.641970480795745,0.046833361502532256,0.7405252405296034,0.6666666666666666,1.0
CNN_TP_05,cnn,CNN,TP,7,262731,8.94562472240068e-05,-9.321671485900879,19.856966972351074,19.90352478258325,0.04655781023217642,0.6175786350445055,0.42857142857142855,0.9
CNN_TP_05,cnn,CNN,TP,8,21449,0.055750586092472076,-2.8295023441314697,13.364797830581665,13.311125538376148,0.05367229220551728,0.8013014450610663,0.5384615384615384,1.0
CNN_TP_05,cnn,CNN,TP,9,198454,2.520293855923228e-05,-10.58852481842041,21.123820304870605,21.143682227219934,0.019861922349328154,0.685539708170743,0.42857142857142855,0.8
CNN_TP_05,cnn,CNN,TP,10,295346,5.769411291112192e-05,-9.760297775268555,20.29559326171875,20.456907896082868,0.16131463436411764,0.6706336372185147,0.42857142857142855,0.7
CNN_TP_05,cnn,CNN,TP,11,87343,0.00010499916243134066,-9.161453247070312,19.696748733520508,19.698287634101327,0.0015389005808188472,0.7182182736620675,0.42857142857142855,0.9
CNN_TP_05,cnn,CNN,TP,12,257740,0.005232546012848616,-5.247611045837402,15.782906532287598,15.760368590556592,0.022537941731005873,0.5687277583770309,0.05263157894736842,0.1
CNN_TP_05,cnn,CNN,TP,13,150246,0.13935862481594086,-1.820627212524414,12.35592269897461,12.337410114739964,0.018512584234645857,0.6169417083349809,0.3333333333333333,0.7
CNN_TP_05,cnn,CNN,TP,14,115022,0.28249409794807434,-0.9321235418319702,11.467419028282166,11.57689489383679,0.10947586555462507,0.542495299184445,0.3333333333333333,0.9
CNN_TP_05,cnn,CNN,TP,15,163618,0.0015199301997199655,-6.487569808959961,17.022865295410156,17.06922996363927,0.04636466822911345,0.5828180596580212,0.3333333333333333,0.9
CNN_TP_05,cnn,CNN,TP,16,133372,0.13112670183181763,-1.8910331726074219,12.426328659057617,12.381670386474193,0.04465827258342436,0.33495012446674716,0.25,0.4
CNN_TP_05,cnn,CNN,TP,17,162071,0.14064912497997284,-1.8099089860916138,12.345204472541809,12.387703792326356,0.042499319784546685,0.6152561102986317,0.3333333333333333,0.7
CNN_TP_05,cnn,CNN,TP,18,90067,0.00158109818585217,-6.448053359985352,16.983348846435547,16.977678839621404,0.005670006814142425,0.6597626474302355,0.17647058823529413,0.4
CNN_TP_05,cnn,CNN,TP,19,111705,0.145994171500206,-1.766371250152588,12.301666736602783,12.321211342640673,0.019544606037889878,0.613188194885309,0.3333333333333333,0.7
CNN_TP_05,cnn,CNN,TP,20,34940,0.06991544365882874,-2.58798885345459,13.123284339904785,13.13320879180048,0.00992445189569402,0.64509424764847,0.42857142857142855,1.0
CNN_TP_05,cnn,CNN,TP,21,212937,9.353640780318528e-05,-9.277066230773926,19.81236171722412,19.735156143758264,0.07720557346585721,0.5991664992281133,0.3333333333333333,0.9
CNN_TP_05,cnn,CNN,TP,22,214917,0.03187817335128784,-3.4134364128112793,13.948731899261475,13.95983244157252,0.011100542311044848,0.7899172661936499,0.6666666666666666,0.9
CNN_TP_05,cnn,CNN,TP,23,70482,0.002233611885458231,-6.101899147033691,16.637194633483887,16.660541990669053,0.023347357185166118,0.7033301939161473,0.17647058823529413,0.4
CNN_TP_05,cnn,CNN,TP,24,294868,0.00010112184099853039,-9.19908332824707,19.734378814697266,19.75845712672486,0.02407831202759425,0.611414371121458,0.42857142857142855,0.9
CNN_TP_05,cnn,CNN,TP,25,39929,0.33780986070632935,-0.6730696558952332,11.208365142345428,11.113765793856254,0.09459934848917406,0.6926475723552513,0.42857142857142855,1.0
CNN_TP_05,cnn,CNN,TP,26,138479,0.0454024001955986,-3.045724868774414,13.58102035522461,13.579294278692037,0.0017260765325719518,0.7471577527174537,0.5384615384615384,1.0
CNN_TP_05,cnn,CNN,TP,27,142790,1.4258160263125319e-05,-11.158166885375977,21.693462371826172,21.72021984252344,0.026757470697269525,0.8169767285937303,0.6666666666666666,0.9
CNN_TP_05,cnn,CNN,TP,28,100912,0.06924225389957428,-2.5983877182006836,13.133683204650879,13.13043187436283,0.0032513302880481376,0.649019854967505,0.3333333333333333,1.0
CNN_TP_05,cnn,CNN,TP,29,74305,0.00013703333388548344,-8.895149230957031,19.430444717407227,19.475430889172912,0.04498617176568587,0.7193219409821905,0.42857142857142855,0.9
CNN_TP_05,cnn,CNN,TP,30,264007,9.488304203841835e-05,-9.262770652770996,19.79806613922119,19.785014837115906,0.0130513021052856,0.6128703664355571,0.42857142857142855,0.9
CNN_TP_05,cnn,CNN,TP,31,265049,0.09861952811479568,-2.212658166885376,12.747953653335571,12.78039883261235,0.03244517927677926,0.47995349874548054,0.05263157894736842,0.1
CNN_TP_05,cnn,CNN,TP,32,45738,0.04951528087258339,-2.95469069480896,13.489986181259155,13.447546658217004,0.042439523042151706,0.7862999898040871,0.5384615384615384,1.0
CNN_TP_06,cnn,CNN,TP,1,276817,0.0011331631103530526,-6.781608581542969,17.960206031799316,17.934885286610495,0.025320745188821547,0.6103797037104145,0.3333333333333333,0.7
CNN_TP_06,cnn,CNN,TP,2,214177,0.10486417263746262,-2.1443095207214355,13.322906970977783,13.346008364903359,0.02310139392557531,0.8550524058735733,0.5384615384615384,0.7
CNN_TP_06,cnn,CNN,TP,3,271605,0.029957886785268784,-3.4775469303131104,14.656144380569458,14.63115373056483,0.024990650004628634,0.8056236360719832,0.25,0.6
CNN_TP_06,cnn,CNN,TP,4,284786,3.0974788387538865e-05,-10.382306098937988,21.560903549194336,21.59935615365721,0.038452604462875684,0.887571027268934,0.42857142857142855,0.5
CNN_TP_06,cnn,CNN,TP,5,278772,0.15003538131713867,-1.7343236207962036,12.912921071052551,12.87123084961163,0.041690221440921604,0.902284190349027,0.42857142857142855,0.6
CNN_TP_06,cnn,CNN,TP,6,65755,0.0447944775223732,-3.0598416328430176,14.238439083099365,14.24892166113715,0.010482578037784407,0.5283562379674678,0.6666666666666666,0.7
CNN_TP_06,cnn,CNN,TP,7,262731,8.94562472240068e-05,-9.321671485900879,20.500268936157227,20.527325548679656,0.02705661252242919,0.6582169358413613,0.6666666666666666,0.8
CNN_TP_06,cnn,CNN,TP,8,21449,0.055750586092472076,-2.8295023441314697,14.008099794387817,14.037580070236,0.029480275848182913,0.4965132859850442,0.6666666666666666,0.7
CNN_TP_06,cnn,CNN,TP,9,198454,2.520293855923228e-05,-10.58852481842041,21.767122268676758,21.77496095999081,0.007838691314052681,0.6128423449924734,0.42857142857142855,0.7
CNN_TP_06,cnn,CNN,TP,10,295346,5.769411291112192e-05,-9.760297775268555,20.938895225524902,20.953049516897618,0.014154291372715733,0.5916324757415267,0.42857142857142855,0.7
CNN_TP_06,cnn,CNN,TP,11,87343,0.00010499916243134066,-9.161453247070312,20.34005069732666,20.35718501987576,0.017134322549100744,0.18222951866724676,0.3333333333333333,0.4
CNN_TP_06,cnn,CNN,TP,12,257740,0.005232546012848616,-5.247611045837402,16.42620849609375,16.410118992277347,0.01608950381640284,0.7875166265622887,0.3333333333333333,0.6
CNN_TP_06,cnn,CNN,TP,13,150246,0.13935862481594086,-1.820627212524414,12.999224662780762,13.061512690013402,0.06228802723263982,0.8835656106747721,0.3333333333333333,0.6
CNN_TP_06,cnn,CNN,TP,14,115022,0.28249409794807434,-0.9321235418319702,12.110720992088318,12.017308051118254,0.09341294097006347,0.34382328774833504,0.3333333333333333,0.5
CNN_TP_06,cnn,CNN,TP,15,163618,0.0015199301997199655,-6.487569808959961,17.66616725921631,17.606328075782553,0.059839183433755494,0.19677296284635687,0.25,0.2
CNN_TP_06,cnn,CNN,TP,16,133372,0.13112670183181763,-1.8910331726074219,13.06963062286377,12.968038658600282,0.10159196426348771,0.8016943103054986,0.42857142857142855,0.5
CNN_TP_06,cnn,CNN,TP,17,162071,0.14064912497997284,-1.8099089860916138,12.988506436347961,12.988633288645268,0.00012685229730635683,0.8880541216891932,0.3333333333333333,0.6
CNN_TP_06,cnn,CNN,TP,18,90067,0.00158109818585217,-6.448053359985352,17.6266508102417,17.631128203190954,0.004477392949254977,0.7825887152629036,0.42857142857142855,0.5
CNN_TP_06,cnn,CNN,TP,19,111705,0.145994171500206,-1.766371250152588,12.944968700408936,12.947563327927037,0.0025946275181016887,0.8964235921744838,0.3333333333333333,0.6
CNN_TP_06,cnn,CNN,TP,20,34940,0.06991544365882874,-2.58798885345459,13.766586303710938,13.792144374734246,0.025558071023308315,0.8667742834145489,0.5384615384615384,0.7
CNN_TP_06,cnn,CNN,TP,21,212937,9.353640780318528e-05,-9.277066230773926,20.455663681030273,20.37120587189915,0.08445780913112344,0.6282588970805442,0.6666666666666666,0.7
CNN_TP_06,cnn,CNN,TP,22,214917,0.03187817335128784,-3.4134364128112793,14.592033863067627,14.59787170823171,0.005837845164082367,0.859475478867083,0.42857142857142855,0.5
CNN_TP_06,cnn,CNN,TP,23,70482,0.002233611885458231,-6.101899147033691,17.28049659729004,17.27628896866702,0.004207628623017712,0.7422306512428939,0.3333333333333333,0.4
CNN_TP_06,cnn,CNN,TP,24,294868,0.00010112184099853039,-9.19908332824707,20.377680778503418,20.440767464487028,0.06308668598360967,0.6387439355972676,0.6666666666666666,0.8
CNN_TP_06,cnn,CNN,TP,25,39929,0.33780986070632935,-0.6730696558952332,11.85166710615158,11.853482824177805,0.0018157180262239336,0.6804311276045819,0.42857142857142855,0.7
CNN_TP_06,cnn,CNN,TP,26,138479,0.0454024001955986,-3.045724868774414,14.224322319030762,14.234522758002724,0.0102004389719621,0.5527034448456212,0.6666666666666666,0.7
CNN_TP_06,cnn,CNN,TP,27,142790,1.4258160263125319e-05,-11.158166885375977,22.336764335632324,22.40094416083261,0.06417982520028431,0.8948667984110164,0.42857142857142855,0.5
CNN_TP_06,cnn,CNN,TP,28,100912,0.06924225389957428,-2.5983877182006836,13.776985168457031,13.797627128940956,0.02064196048392475,0.8668580151554124,0.5384615384615384,0.7
CNN_TP_06,cnn,CNN,TP,29,74305,0.00013703333388548344,-8.895149230957031,20.07374668121338,20.052877313746254,0.020869367467124533,0.16405584107633187,0.3333333333333333,0.4
CNN_TP_06,cnn,CNN,TP,30,264007,9.488304203841835e-05,-9.262770652770996,20.441368103027344,20.48667525575066,0.045307152723317756,0.644377417146291,0.6666666666666666,0.8
CNN_TP_06,cnn,CNN,TP,31,265049,0.09861952811479568,-2.212658166885376,13.391255617141724,13.412813975034386,0.021558357892661917,0.8471698336862762,0.5384615384615384,0.6
CNN_TP_06,cnn,CNN,TP,32,45738,0.04951528087258339,-2.95469069480896,14.133288145065308,14.119333577861731,0.013954567203576573,0.5012169532266052,0.6666666666666666,0.7
CNN_TP_07,cnn,CNN,TP,1,276817,0.0011331631103530526,-6.781608581542969,20.976604461669922,20.98188061796089,0.005276156290968004,0.6753637449202617,0.42857142857142855,0.9
CNN_TP_07,cnn,CNN,TP,2,214177,0.10486417263746262,-2.1443095207214355,16.33930540084839,16.45494690534429,0.11564150449590116,0.8789133952025795,0.5384615384615384,0.8
CNN_TP_07,cnn,CNN,TP,3,271605,0.029957886785268784,-3.4775469303131104,17.672542810440063,17.594802062441076,0.07774074799898756,0.7344905633521278,0.42857142857142855,0.8
CNN_TP_07,cnn,CNN,TP,4,284786,3.0974788387538865e-05,-10.382306098937988,24.57730197906494,24.55217519024455,0.025126788820390544,0.8728269851956216,0.3333333333333333,0.7
CNN_TP_07,cnn,CNN,TP,5,278772,0.15003538131713867,-1.7343236207962036,15.929319500923157,15.96179287300658,0.03247337208342316,0.8694948961236146,0.3333333333333333,0.8
CNN_TP_07,cnn,CNN,TP,6,65755,0.0447944775223732,-3.0598416328430176,17.25483751296997,17.17843397481978,0.07640353815019196,0.2825854079616969,0.42857142857142855,0.5
CNN_TP_07,cnn,CNN,TP,7,262731,8.94562472240068e-05,-9.321671485900879,23.516667366027832,23.52826442316055,0.011597057132718191,0.6578457601298876,0.3333333333333333,0.5
CNN_TP_07,cnn,CNN,TP,8,21449,0.055750586092472076,-2.8295023441314697,17.024498224258423,17.02550802819983,0.0010098039414074833,0.24229727777218985,0.42857142857142855,0.5
CNN_TP_07,cnn,CNN,TP,9,198454,2.520293855923228e-05,-10.58852481842041,24.783520698547363,24.72257675724767,0.06094394129969416,0.7026190639904616,0.42857142857142855,0.8
CNN_TP_07,cnn,CNN,TP,10,295346,5.769411291112192e-05,-9.760297775268555,23.955293655395508,24.01839430803884,0.06310065264333176,0.6718534165222352,0.3333333333333333,0.8
CNN_TP_07,cnn,CNN,TP,11,87343,0.00010499916243134066,-9.161453247070312,23.356449127197266,23.336180746885283,0.020268380311982526,0.02786025416742068,0.42857142857142855,0.6
CNN_TP_07,cnn,CNN,TP,12,257740,0.005232546012848616,-5.247611045837402,19.442606925964355,19.527312265847552,0.08470533988319673,0.6761639439557439,0.3333333333333333,0.7
CNN_TP_07,cnn,CNN,TP,13,150246,0.13935862481594086,-1.820627212524414,16.015623092651367,16.07268701687315,0.05706392422178297,0.8386767510880331,0.25,0.7
CNN_TP_07,cnn,CNN,TP,14,115022,0.28249409794807434,-0.9321235418319702,15.127119421958923,15.12550389177827,0.00161553018065419,-0.030145671629710876,0.25,0.4
CNN_TP_07,cnn,CNN,TP,15,163618,0.0015199301997199655,-6.487569808959961,20.682565689086914,20.643932535612816,0.038633153474098236,0.018157626119790566,0.25,0.4
CNN_TP_07,cnn,CNN,TP,16,133372,0.13112670183181763,-1.8910331726074219,16.086029052734375,16.045296910150533,0.040732142583841835,0.7198739902186839,0.25,0.5
CNN_TP_07,cnn,CNN,TP,17,162071,0.14064912497997284,-1.8099089860916138,16.004904866218567,15.900678001182165,0.10422686503640222,0.846227685864043,0.25,0.9
CNN_TP_07,cnn,CNN,TP,18,90067,0.00158109818585217,-6.448053359985352,20.643049240112305,20.64669014354802,0.003640903435716325,0.880452581119713,0.42857142857142855,0.5
CNN_TP_07,cnn,CNN,TP,19,111705,0.145994171500206,-1.766371250152588,15.961367130279541,15.992760894219725,0.03139376394018356,0.8595053460490526,0.25,0.9
CNN_TP_07,cnn,CNN,TP,20,34940,0.06991544365882874,-2.58798885345459,16.782984733581543,16.731858525241446,0.05112620834009718,0.7757556803877663,0.3333333333333333,0.6
CNN_TP_07,cnn,CNN,TP,21,212937,9.353640780318528e-05,-9.277066230773926,23.47206211090088,23.521828613815778,0.049766502914899036,0.6113502124895945,0.3333333333333333,0.5
CNN_TP_07,cnn,CNN,TP,22,214917,0.03187817335128784,-3.4134364128112793,17.608432292938232,17.58443890982213,0.023993383116103217,0.8890139733878372,0.42857142857142855,0.7
CNN_TP_07,cnn,CNN,TP,23,70482,0.002233611885458231,-6.101899147033691,20.296895027160645,20.298728901200324,0.001833874039679273,0.8781726311357471,0.3333333333333333,0.7
CNN_TP_07,cnn,CNN,TP,24,294868,0.00010112184099853039,-9.19908332824707,23.394079208374023,23.40631885488733,0.012239646513307889,0.6358509970173141,0.3333333333333333,0.5
CNN_TP_07,cnn,CNN,TP,25,39929,0.33780986070632935,-0.6730696558952332,14.868065536022186,14.876674570729387,0.008609034707200536,0.2284366478958719,0.25,0.6
CNN_TP_07,cnn,CNN,TP,26,138479,0.0454024001955986,-3.045724868774414,17.240720748901367,17.22274871412192,0.0179720347794472,0.30299367089694557,0.42857142857142855,0.5
CNN_TP_07,cnn,CNN,TP,27,142790,1.4258160263125319e-05,-11.158166885375977,25.35316276550293,25.369396944591347,0.016234179088417733,0.8722548377012689,0.3333333333333333,0.5
CNN_TP_07,cnn,CNN,TP,28,100912,0.06924225389957428,-2.5983877182006836,16.793383598327637,16.73644851164544,0.05693508668219849,0.7761836517777335,0.3333333333333333,0.6
CNN_TP_07,cnn,CNN,TP,29,74305,0.00013703333388548344,-8.895149230957031,23.090145111083984,23.102561647109283,0.012416536025298797,0.018555122758686975,0.3333333333333333,0.6
CNN_TP_07,cnn,CNN,TP,30,264007,9.488304203841835e-05,-9.262770652770996,23.45776653289795,23.49260101749487,0.034834484596920845,0.6403531886447638,0.3333333333333333,0.5
CNN_TP_07,cnn,CNN,TP,31,265049,0.09861952811479568,-2.212658166885376,16.40765404701233,16.432163557561317,0.02450951054898809,0.8736389793466497,0.5384615384615384,0.6
CNN_TP_07,cnn,CNN,TP,32,45738,0.04951528087258339,-2.95469069480896,17.149686574935913,17.08848994022229,0.061196634713624576,0.2431500754124226,0.42857142857142855,0.5
CNN_TP_08,cnn,CNN,TP,1,276817,0.0011331631103530526,-6.781608581542969,24.39525604248047,24.35463552511756,0.04062051736291039,0.1056799817514025,0.42857142857142855,0.4
CNN_TP_08,cnn,CNN,TP,2,214177,0.10486417263746262,-2.1443095207214355,19.757956981658936,19.755793697814077,0.0021632838448581992,0.8152172298400541,0.5384615384615384,0.8
CNN_TP_08,cnn,CNN,TP,3,271605,0.029957886785268784,-3.4775469303131104,21.09119439125061,21.099152298137437,0.007957906886826294,0.6118017763472489,0.42857142857142855,0.4
CNN_TP_08,cnn,CNN,TP,4,284786,3.0974788387538865e-05,-10.382306098937988,27.99595355987549,27.95540960405577,0.040543955819718036,0.9037375049973623,0.6666666666666666,0.9
CNN_TP_08,cnn,CNN,TP,5,278772,0.15003538131713867,-1.7343236207962036,19.347971081733704,19.42391450315757,0.07594342142386523,0.8419330261577004,0.5384615384615384,0.9
CNN_TP_08,cnn,CNN,TP,6,65755,0.0447944775223732,-3.0598416328430176,20.673489093780518,20.779609156128892,0.10612006234837423,0.8099159516702664,0.6666666666666666,0.9
CNN_TP_08,cnn,CNN,TP,7,262731,8.94562472240068e-05,-9.321671485900879,26.93531894683838,26.852231635503667,0.0830873113347117,0.7803076451403634,0.6666666666666666,1.0
CNN_TP_08,cnn,CNN,TP,8,21449,0.055750586092472076,-2.8295023441314697,20.44314980506897,20.3771772408532,0.06597256421576958,0.8139838197718308,0.6666666666666666,0.9
CNN_TP_08,cnn,CNN,TP,9,198454,2.520293855923228e-05,-10.58852481842041,28.20217227935791,28.264233542530793,0.06206126317288252,0.5481031808033534,0.3333333333333333,0.7
CNN_TP_08,cnn,CNN,TP,10,295346,5.769411291112192e-05,-9.760297775268555,27.373945236206055,27.405797904650942,0.031852668444887655,0.5537399456867275,0.3333333333333333,0.7
CNN_TP_08,cnn,CNN,TP,11,87343,0.00010499916243134066,-9.161453247070312,26.775100708007812,26.70296761244058,0.07213309556723146,0.7119985423932111,0.25,0.9
CNN_TP_08,cnn,CNN,TP,12,257740,0.005232546012848616,-5.247611045837402,22.861258506774902,22.86825278900221,0.006994282227307025,0.6751189838862471,0.42857142857142855,0.3
CNN_TP_08,cnn,CNN,TP,13,150246,0.13935862481594086,-1.820627212524414,19.434274673461914,19.443917889882236,0.009643216420322176,0.8335182222491814,0.5384615384615384,0.9
CNN_TP_08,cnn,CNN,TP,14,115022,0.28249409794807434,-0.9321235418319702,18.54577100276947,18.566519470221913,0.0207484674524423,0.6803204408205757,0.25,0.9
CNN_TP_08,cnn,CNN,TP,15,163618,0.0015199301997199655,-6.487569808959961,24.10121726989746,24.13319269066909,0.03197542077163007,0.561081258634037,0.17647058823529413,0.7
CNN_TP_08,cnn,CNN,TP,16,133372,0.13112670183181763,-1.8910331726074219,19.504680633544922,19.55467560228778,0.04999496874285825,0.5600007082246595,0.42857142857142855,0.7
CNN_TP_08,cnn,CNN,TP,17,162071,0.14064912497997284,-1.8099089860916138,19.423556447029114,19.395536535324673,0.028019911704440403,0.8352774631895125,0.5384615384615384,0.9
CNN_TP_08,cnn,CNN,TP,18,90067,0.00158109818585217,-6.448053359985352,24.06170082092285,24.065658439695547,0.003957618772695071,0.6607970799723282,0.5384615384615384,0.8
CNN_TP_08,cnn,CNN,TP,19,111705,0.145994171500206,-1.766371250152588,19.380018711090088,19.316365861159138,0.06365284993094988,0.8359097749637896,0.5384615384615384,0.9
CNN_TP_08,cnn,CNN,TP,20,34940,0.06991544365882874,-2.58798885345459,20.20163631439209,20.16345968755637,0.038176626835721095,0.7575269210548875,0.6666666666666666,0.9
CNN_TP_08,cnn,CNN,TP,21,212937,9.353640780318528e-05,-9.277066230773926,26.890713691711426,26.957467770662458,0.06675407895103191,0.780103978748309,0.6666666666666666,1.0
CNN_TP_08,cnn,CNN,TP,22,214917,0.03187817335128784,-3.4134364128112793,21.02708387374878,21.01709733303173,0.009986540717047632,0.8961425132212002,0.6666666666666666,0.9
CNN_TP_08,cnn,CNN,TP,23,70482,0.002233611885458231,-6.101899147033691,23.71554660797119,23.732169487546496,0.01662287957530495,0.6108851423514418,0.5384615384615384,0.7
CNN_TP_08,cnn,CNN,TP,24,294868,0.00010112184099853039,-9.19908332824707,26.81273078918457,26.86091962991142,0.04818884072685137,0.7845999274990774,0.6666666666666666,1.0
CNN_TP_08,cnn,CNN,TP,25,39929,0.33780986070632935,-0.6730696558952332,18.286717116832733,18.301498352273377,0.014781235440644025,0.8038468828440011,0.5384615384615384,0.9
CNN_TP_08,cnn,CNN,TP,26,138479,0.0454024001955986,-3.045724868774414,20.659372329711914,20.70352255620599,0.044150226494075184,0.8226811861360869,0.6666666666666666,0.9
CNN_TP_08,cnn,CNN,TP,27,142790,1.4258160263125319e-05,-11.158166885375977,28.771814346313477,28.826845900266342,0.05503155395286541,0.9030209347535479,0.6666666666666666,0.9
CNN_TP_08,cnn,CNN,TP,28,100912,0.06924225389957428,-2.5983877182006836,20.212035179138184,20.2202580347688,0.008222855630616976,0.7579056820421168,0.6666666666666666,0.9
CNN_TP_08,cnn,CNN,TP,29,74305,0.00013703333388548344,-8.895149230957031,26.50879669189453,26.438307302744693,0.07048938914983793,0.6972719697134394,0.17647058823529413,0.9
CNN_TP_08,cnn,CNN,TP,30,264007,9.488304203841835e-05,-9.262770652770996,26.876418113708496,26.896942496986515,0.020524383278019087,0.7825679338745558,0.6666666666666666,1.0
CNN_TP_08,cnn,CNN,TP,31,265049,0.09861952811479568,-2.212658166885376,19.826305627822876,19.82741713622957,0.0011115084066943837,0.8268546087559185,0.5384615384615384,0.8
CNN_TP_08,cnn,CNN,TP,32,45738,0.04951528087258339,-2.95469069480896,20.56833815574646,20.607717896648644,0.039379740902184324,0.8150940504681258,0.6666666666666666,0.9
MLP_FN_01,mlp,MLP,FN,1,276817,0.0023396392352879047,-6.055416107177734,6.009410351514816,6.024416355365056,0.015006003850239757,0.19904336677928883,0.05263157894736842,0.3
MLP_FN_01,mlp,MLP,FN,2,214177,0.1099628433585167,-2.091120719909668,2.04511496424675,2.037140374810962,0.00797458943578766,0.23750780936930815,0.1111111111111111,0.8
MLP_FN_01,mlp,MLP,FN,3,271605,0.07201563566923141,-2.556131601333618,2.5101258456707,2.509762065108624,0.0003637805620759771,0.16803313995246152,0.1111111111111111,0.2
MLP_FN_01,mlp,MLP,FN,4,284786,0.003993729129433632,-5.519028186798096,5.473022431135178,5.461620972866849,0.01140145826832839,0.5185560148406423,0.3333333333333333,0.9
MLP_FN_01,mlp,MLP,FN,5,278772,0.15564192831516266,-1.6910187005996704,1.6450129449367523,1.646957481381242,0.001944536444489664,0.3119709190723504,0.1111111111111111,0.6
MLP_FN_01,mlp,MLP,FN,6,65755,0.03516860678792,-3.3117995262145996,3.2657937705516815,3.2620698629315372,0.0037239076201442955,0.752340965197919,0.3333333333333333,0.7
MLP_FN_01,mlp,MLP,FN,7,262731,6.445494818763109e-06,-11.952122688293457,11.906116932630539,11.929900617617538,0.023783684986998566,0.8706778895938053,0.42857142857142855,0.8
MLP_FN_01,mlp,MLP,FN,8,21449,0.0923510417342186,-2.2852606773376465,2.2392549216747284,2.2405308389803134,0.0012759173055849615,0.7058466392285907,0.3333333333333333,0.7
MLP_FN_01,mlp,MLP,FN,9,198454,8.289093784696888e-06,-11.7005615234375,11.654555767774582,11.683499474694342,0.028943706919760004,0.8711107637427432,0.5384615384615384,1.0
MLP_FN_01,mlp,MLP,FN,10,295346,5.101366696180776e-06,-12.185997009277344,12.139991253614426,12.08979292100388,0.05019833261054529,0.8733437136707679,0.5384615384615384,1.0
MLP_FN_01,mlp,MLP,FN,11,87343,0.00026873021852225065,-8.22153377532959,8.175528019666672,8.186636820480947,0.011108800814275455,0.5301478096941684,0.42857142857142855,0.8
MLP_FN_01,mlp,MLP,FN,12,257740,2.1706420739064924e-05,-10.73788070678711,10.691874951124191,10.703656049311867,0.01178109818767581,0.28970433181138605,0.1111111111111111,0.2
MLP_FN_01,mlp,MLP,FN,13,150246,0.13943606615066528,-1.8199816942214966,1.7739759385585785,1.7760868669237655,0.0021109283651870037,0.3116541734158206,0.17647058823529413,0.6
MLP_FN_01,mlp,MLP,FN,14,115022,0.26347869634628296,-1.0279656648635864,0.9819599092006683,0.9819227325418525,3.717665881586285e-05,0.5301808388229795,0.42857142857142855,0.6
MLP_FN_01,mlp,MLP,FN,15,163618,0.0001515899202786386,-8.794179916381836,8.748174160718918,8.744207484318219,0.003966676400699143,0.42039427384254396,0.25,0.7
MLP_FN_01,mlp,MLP,FN,16,133372,0.14554473757743835,-1.769980549812317,1.7239747941493988,1.7306234585337827,0.00664866438438394,0.32758557895081336,0.1111111111111111,0.7
MLP_FN_01,mlp,MLP,FN,17,162071,0.13883274793624878,-1.8250187635421753,1.7790130078792572,1.7808442962111735,0.0018312883319162587,0.3120105293042321,0.17647058823529413,0.6
MLP_FN_01,mlp,MLP,FN,18,90067,0.05567143112421036,-2.8310070037841797,2.7850012481212616,2.790212032591271,0.005210784470009333,0.3586063784402646,0.1111111111111111,0.2
MLP_FN_01,mlp,MLP,FN,19,111705,0.14582887291908264,-1.7676976919174194,1.7216919362545013,1.7224779980826805,0.0007860618281791965,0.31256082778393957,0.1111111111111111,0.6
MLP_FN_01,mlp,MLP,FN,20,34940,0.015493686310946941,-4.151707649230957,4.105701893568039,4.109283415843125,0.003581522275085902,0.2779937750767718,0.42857142857142855,0.6
MLP_FN_01,mlp,MLP,FN,21,212937,6.223006039363099e-06,-11.987251281738281,11.941245526075363,11.976503544738469,0.03525801866310552,0.8799844760458516,0.5384615384615384,0.8
MLP_FN_01,mlp,MLP,FN,22,214917,0.08746323734521866,-2.3450098037719727,2.2990040481090546,2.3054227618085354,0.0064187136994808824,0.45135202264324853,0.3333333333333333,0.9
MLP_FN_01,mlp,MLP,FN,23,70482,0.013435401022434235,-4.296335697174072,4.250329941511154,4.249151717613698,0.0011782238974564763,0.36165869354737057,0.1111111111111111,0.2
MLP_FN_01,mlp,MLP,FN,24,294868,6.007681349728955e-06,-12.022465705871582,11.976459950208664,11.95128502010341,0.02517493010525307,0.8772081643754698,0.42857142857142855,0.8
MLP_FN_01,mlp,MLP,FN,25,39929,0.18094870448112488,-1.5099332332611084,1.4639274775981903,1.463638434016825,0.0002890435813653891,0.49181060406904514,0.3333333333333333,0.6
MLP_FN_01,mlp,MLP,FN,26,138479,0.07455115020275116,-2.5187933444976807,2.4727875888347626,2.473366834242549,0.0005792454077866438,0.7348253085752492,0.3333333333333333,0.7
MLP_FN_01,mlp,MLP,FN,27,142790,0.0008157293195836246,-7.110611915588379,7.064606159925461,7.050773540980472,0.01383261894498844,0.5413805971678132,0.3333333333333333,0.9
MLP_FN_01,mlp,MLP,FN,28,100912,0.015954015776515007,-4.121962070465088,4.07595631480217,4.070635871222433,0.005320443579736711,0.27812271573565617,0.42857142857142855,0.6
MLP_FN_01,mlp,MLP,FN,29,74305,0.00028481162735261023,-8.163397789001465,8.117392033338547,8.112061621155027,0.005330412183520039,0.5300905252963655,0.42857142857142855,0.8
MLP_FN_01,mlp,MLP,FN,30,264007,5.59629643248627e-06,-12.093400001525879,12.04739424586296,12.023550109717105,0.0238441361458559,0.8754464194906684,0.5384615384615384,0.8
MLP_FN_01,mlp,MLP,FN,31,265049,0.11013741046190262,-2.0893383026123047,2.0433325469493866,2.0481843882808173,0.004851841331430684,0.24267080145148917,0.1111111111111111,0.3
MLP_FN_01,mlp,MLP,FN,32,45738,0.08338304609060287,-2.397244691848755,2.351238936185837,2.344316436275591,0.0069224999102459606,0.7391854094099555,0.3333333333333333,0.7
MLP_FN_02,mlp,MLP,FN,1,276817,0.0023396392352879047,-6.055416107177734,4.927066326141357,4.938655213514228,0.011588887372870893,0.21988771708678567,0.05263157894736842,0.8
MLP_FN_02,mlp,MLP,FN,2,214177,0.1099628433585167,-2.091120719909668,0.962770938873291,0.9549090161768813,0.007861922696409729,0.6317349717432571,0.3333333333333333,0.9
MLP_FN_02,mlp,MLP,FN,3,271605,0.07201563566923141,-2.556131601333618,1.4277818202972412,1.428447513836808,0.0006656935395668029,0.4290188456938837,0.25,0.5
MLP_FN_02,mlp,MLP,FN,4,284786,0.003993729129433632,-5.519028186798096,4.390678405761719,4.388149881171962,0.002528524589756387,0.8385500760170579,0.42857142857142855,0.9
MLP_FN_02,mlp,MLP,FN,5,278772,0.15564192831516266,-1.6910187005996704,0.5626689195632935,0.5734697409645201,0.010800821401226623,0.7119515239015468,0.25,0.6
MLP_FN_02,mlp,MLP,FN,6,65755,0.03516860678792,-3.3117995262145996,2.1834497451782227,2.179867834305789,0.003581910872433536,0.43991628541461963,0.3333333333333333,0.7
MLP_FN_02,mlp,MLP,FN,7,262731,6.445494818763109e-06,-11.952122688293457,10.82377290725708,10.821960542138893,0.0018123651181873868,0.4828769045952482,0.5384615384615384,0.8
MLP_FN_02,mlp,MLP,FN,8,21449,0.0923510417342186,-2.2852606773376465,1.1569108963012695,1.1549403408490377,0.0019705554522317925,0.3762413310236421,0.3333333333333333,0.7
MLP_FN_02,mlp,MLP,FN,9,198454,8.289093784696888e-06,-11.7005615234375,10.572211742401123,10.589822418777846,0.017610676376722978,0.697774048942806,0.5384615384615384,0.9
MLP_FN_02,mlp,MLP,FN,10,295346,5.101366696180776e-06,-12.185997009277344,11.057647228240967,11.08726896311171,0.0296217348707426,0.7696550520070613,0.5384615384615384,0.9
MLP_FN_02,mlp,MLP,FN,11,87343,0.00026873021852225065,-8.22153377532959,7.093183994293213,7.093827482654829,0.0006434883616162068,0.7947511753521982,0.25,0.4
MLP_FN_02,mlp,MLP,FN,12,257740,2.1706420739064924e-05,-10.73788070678711,9.609530925750732,9.605155198827916,0.004375726922816625,0.6715971328306267,0.17647058823529413,0.8
MLP_FN_02,mlp,MLP,FN,13,150246,0.13943606615066528,-1.8199816942214966,0.6916319131851196,0.689489369542895,0.002142543642224659,0.7891556309597698,0.3333333333333333,0.7
MLP_FN_02,mlp,MLP,FN,14,115022,0.26347869634628296,-1.0279656648635864,-0.10038411617279053,-0.09997405633089086,0.0004100598418996654,-0.06493061299248802,0.05263157894736842,0.4
MLP_FN_02,mlp,MLP,FN,15,163618,0.0001515899202786386,-8.794179916381836,7.665830135345459,7.67344893182869,0.0076187964832312716,0.6784691730287692,0.17647058823529413,0.4
MLP_FN_02,mlp,MLP,FN,16,133372,0.14554473757743835,-1.769980549812317,0.6416307687759399,0.646613146594629,0.004982377818689043,0.7311937399577464,0.3333333333333333,0.6
MLP_FN_02,mlp,MLP,FN,17,162071,0.13883274793624878,-1.8250187635421753,0.6966689825057983,0.6926669902472665,0.004001992258531817,0.7804480683376012,0.3333333333333333,0.6
MLP_FN_02,mlp,MLP,FN,18,90067,0.05567143112421036,-2.8310070037841797,1.7026572227478027,1.6943805407560253,0.008276681991777446,0.7624581623710665,0.3333333333333333,0.7
MLP_FN_02,mlp,MLP,FN,19,111705,0.14582887291908264,-1.7676976919174194,0.6393479108810425,0.6417880325805428,0.002440121699500364,0.7511647439494321,0.25,0.7
MLP_FN_02,mlp,MLP,FN,20,34940,0.015493686310946941,-4.151707649230957,3.02335786819458,3.022195417366003,0.0011624508285770219,0.22547109862461484,0.42857142857142855,0.5
MLP_FN_02,mlp,MLP,FN,21,212937,6.223006039363099e-06,-11.987251281738281,10.858901500701904,10.866136579150652,0.0072350784487476005,0.4775832485461902,0.42857142857142855,0.8
MLP_FN_02,mlp,MLP,FN,22,214917,0.08746323734521866,-2.3450098037719727,1.2166600227355957,1.2157108302836737,0.0009491924519220429,0.7355639780295836,0.42857142857142855,0.6
MLP_FN_02,mlp,MLP,FN,23,70482,0.013435401022434235,-4.296335697174072,3.1679859161376953,3.154156739667086,0.013829176470609106,0.8222343825449536,0.3333333333333333,0.7
MLP_FN_02,mlp,MLP,FN,24,294868,6.007681349728955e-06,-12.022465705871582,10.894115924835205,10.897294232218282,0.003178307383077339,0.48387694692400407,0.5384615384615384,0.8
MLP_FN_02,mlp,MLP,FN,25,39929,0.18094870448112488,-1.5099332332611084,0.38158345222473145,0.3802291917346154,0.0013542604901160549,0.2726279689310867,0.17647058823529413,0.4
MLP_FN_02,mlp,MLP,FN,26,138479,0.07455115020275116,-2.5187933444976807,1.3904435634613037,1.4037425498183052,0.013298986357001441,0.44473225175563913,0.3333333333333333,0.7
MLP_FN_02,mlp,MLP,FN,27,142790,0.0008157293195836246,-7.110611915588379,5.982262134552002,5.974932397811053,0.007329736740948611,0.8466174976761036,0.42857142857142855,0.9
MLP_FN_02,mlp,MLP,FN,28,100912,0.015954015776515007,-4.121962070465088,2.993612289428711,2.988271667902008,0.005340621526702893,0.22265331370011102,0.42857142857142855,0.5
MLP_FN_02,mlp,MLP,FN,29,74305,0.00028481162735261023,-8.163397789001465,7.035048007965088,7.037520349108442,0.002472341143354484,0.7898694834329966,0.25,0.4
MLP_FN_02,mlp,MLP,FN,30,264007,5.59629643248627e-06,-12.093400001525879,10.965050220489502,10.967239628559993,0.002189408070490728,0.484136750198314,0.5384615384615384,0.8
MLP_FN_02,mlp,MLP,FN,31,265049,0.11013741046190262,-2.0893383026123047,0.9609885215759277,0.959472467348888,0.0015160542270397093,0.6717466544713504,0.3333333333333333,0.8
MLP_FN_02,mlp,MLP,FN,32,45738,0.08338304609060287,-2.397244691848755,1.268894910812378,1.2763051075011418,0.007410196688763859,0.43288164856210737,0.3333333333333333,0.7
MLP_FN_03,mlp,MLP,FN,1,276817,0.0023396392352879047,-6.055416107177734,4.385509729385376,4.37585244045182,0.009657288933555996,0.3560930510591022,0.17647058823529413,0.4
MLP_FN_03,mlp,MLP,FN,2,214177,0.1099628433585167,-2.091120719909668,0.42121434211730957,0.420365015735156,0.0008493263821535701,0.03646693307424742,0.25,0.3
MLP_FN_03,mlp,MLP,FN,3,271605,0.07201563566923141,-2.556131601333618,0.8862252235412598,0.8889637370794745,0.0027385135382147485,0.3382156919633037,0.17647058823529413,0.4
MLP_FN_03,mlp,MLP,FN,4,284786,0.003993729129433632,-5.519028186798096,3.8491218090057373,3.8553265583405287,0.006204749334791426,0.5588861372672996,0.42857142857142855,0.7
MLP_FN_03,mlp,MLP,FN,5,278772,0.15564192831516266,-1.6910187005996704,0.02111232280731201,0.02111170772595771,6.150813543007172e-07,-0.01704009178252827,0.05263157894736842,0.1
MLP_FN_03,mlp,MLP,FN,6,65755,0.03516860678792,-3.3117995262145996,1.6418931484222412,1.6394340584822955,0.0024590899399457022,0.6961954528253786,0.25,0.9
MLP_FN_03,mlp,MLP,FN,7,262731,6.445494818763109e-06,-11.952122688293457,10.282216310501099,10.290587992059276,0.008371681558177357,0.8197191333989695,0.42857142857142855,1.0
MLP_FN_03,mlp,MLP,FN,8,21449,0.0923510417342186,-2.2852606773376465,0.6153542995452881,0.6125578083941702,0.002796491151117908,0.49997566842544916,0.25,0.6
MLP_FN_03,mlp,MLP,FN,9,198454,8.289093784696888e-06,-11.7005615234375,10.030655145645142,10.047276614402366,0.016621468757223923,0.6826587917349289,0.3333333333333333,0.6
MLP_FN_03,mlp,MLP,FN,10,295346,5.101366696180776e-06,-12.185997009277344,10.516090631484985,10.501601047711194,0.014489583773791281,0.6885733395560255,0.25,0.6
MLP_FN_03,mlp,MLP,FN,11,87343,0.00026873021852225065,-8.22153377532959,6.5516273975372314,6.550363737835078,0.0012636597021531415,0.5420507789845063,0.3333333333333333,0.8
MLP_FN_03,mlp,MLP,FN,12,257740,2.1706420739064924e-05,-10.73788070678711,9.067974328994751,9.065741797547322,0.002232531447429409,0.356284865823157,0.17647058823529413,0.4
MLP_FN_03,mlp,MLP,FN,13,150246,0.13943606615066528,-1.8199816942214966,0.15007531642913818,0.1501033875720876,2.8071142949420702e-05,0.2784578553683462,0.1111111111111111,0.4
MLP_FN_03,mlp,MLP,FN,14,115022,0.26347869634628296,-1.0279656648635864,-0.641940712928772,-0.6448911967803533,0.0029504838515813647,0.5393609901715536,0.42857142857142855,0.9
MLP_FN_03,mlp,MLP,FN,15,163618,0.0001515899202786386,-8.794179916381836,7.1242735385894775,7.11262587645561,0.011647662133867698,0.5227793829923687,0.25,0.7
MLP_FN_03,mlp,MLP,FN,16,133372,0.14554473757743835,-1.769980549812317,0.1000741720199585,0.10092076130193234,0.0008465892819738419,-0.004109688458827494,0.1111111111111111,0.4
MLP_FN_03,mlp,MLP,FN,17,162071,0.13883274793624878,-1.8250187635421753,0.1551123857498169,0.155141935571027,2.954982121011751e-05,0.2720979769925755,0.05263157894736842,0.4
MLP_FN_03,mlp,MLP,FN,18,90067,0.05567143112421036,-2.8310070037841797,1.1611006259918213,1.159509701640927,0.0015909243508942517,0.5118691693550568,0.25,0.4
MLP_FN_03,mlp,MLP,FN,19,111705,0.14582887291908264,-1.7676976919174194,0.09779131412506104,0.0977926130298934,1.298904832358616e-06,0.3035081158920551,0.1111111111111111,0.4
MLP_FN_03,mlp,MLP,FN,20,34940,0.015493686310946941,-4.151707649230957,2.4818012714385986,2.4816959597625283,0.00010531167607030767,0.30493626590833595,0.3333333333333333,0.8
MLP_FN_03,mlp,MLP,FN,21,212937,6.223006039363099e-06,-11.987251281738281,10.317344903945923,10.321945224761063,0.004600320815139725,0.8214851318708528,0.5384615384615384,1.0
MLP_FN_03,mlp,MLP,FN,22,214917,0.08746323734521866,-2.3450098037719727,0.6751034259796143,0.6786324544706579,0.00352902849104364,0.523982010311349,0.3333333333333333,0.7
MLP_FN_03,mlp,MLP,FN,23,70482,0.013435401022434235,-4.296335697174072,2.626429319381714,2.6211124586135774,0.005316860768136422,0.47933189568828016,0.3333333333333333,0.5
MLP_FN_03,mlp,MLP,FN,24,294868,6.007681349728955e-06,-12.022465705871582,10.352559328079224,10.349899468784837,0.0026598592943862798,0.8236246411725718,0.42857142857142855,1.0
MLP_FN_03,mlp,MLP,FN,25,39929,0.18094870448112488,-1.5099332332611084,-0.15997314453125,-0.16662995842341655,0.0066568138921665465,0.24311928827355525,0.25,0.8
MLP_FN_03,mlp,MLP,FN,26,138479,0.07455115020275116,-2.5187933444976807,0.8488869667053223,0.8465626090185108,0.0023243576868114957,0.6639832931611347,0.25,0.8
MLP_FN_03,mlp,MLP,FN,27,142790,0.0008157293195836246,-7.110611915588379,5.4407055377960205,5.447425003029899,0.006719465233878452,0.5390400299942298,0.3333333333333333,0.6
MLP_FN_03,mlp,MLP,FN,28,100912,0.015954015776515007,-4.121962070465088,2.4520556926727295,2.445696073302647,0.006359619370082559,0.31195457664054954,0.3333333333333333,0.8
MLP_FN_03,mlp,MLP,FN,29,74305,0.00028481162735261023,-8.163397789001465,6.4934914112091064,6.507142806672085,0.013651395462978222,0.550278961790237,0.3333333333333333,0.8
MLP_FN_03,mlp,MLP,FN,30,264007,5.59629643248627e-06,-12.093400001525879,10.42349362373352,10.420019788927341,0.0034738348061793545,0.8197903628207149,0.42857142857142855,1.0
MLP_FN_03,mlp,MLP,FN,31,265049,0.11013741046190262,-2.0893383026123047,0.4194319248199463,0.42198319735359247,0.002551272533646176,0.013063857585070733,0.17647058823529413,0.1
MLP_FN_03,mlp,MLP,FN,32,45738,0.08338304609060287,-2.397244691848755,0.7273383140563965,0.7319553937379524,0.004617079681555891,0.6572764966427519,0.25,0.9
MLP_FN_04,mlp,MLP,FN,1,276817,0.0023396392352879047,-6.055416107177734,4.304029583930969,4.31405320993095,0.010023625999981078,0.33214677232841155,0.17647058823529413,0.4
MLP_FN_04,mlp,MLP,FN,2,214177,0.1099628433585167,-2.091120719909668,0.33973419666290283,0.3402862626907328,0.0005520660278299783,0.03993689809215374,0.25,0.2
MLP_FN_04,mlp,MLP,FN,3,271605,0.07201563566923141,-2.556131601333618,0.804745078086853,0.8095630945389941,0.004818016452141083,0.29022888190109314,0.17647058823529413,0.4
MLP_FN_04,mlp,MLP,FN,4,284786,0.003993729129433632,-5.519028186798096,3.7676416635513306,3.765553977875987,0.0020876856753435646,0.5219185259969141,0.42857142857142855,0.7
MLP_FN_04,mlp,MLP,FN,5,278772,0.15564192831516266,-1.6910187005996704,-0.06036782264709473,-0.06037910618456037,1.1283537465642257e-05,-0.2613275447951216,0.05263157894736842,0.0
MLP_FN_04,mlp,MLP,FN,6,65755,0.03516860678792,-3.3117995262145996,1.5604130029678345,1.5576814988980967,0.002731504069737767,0.6892938313212492,0.25,0.9
MLP_FN_04,mlp,MLP,FN,7,262731,6.445494818763109e-06,-11.952122688293457,10.200736165046692,10.20060709558641,0.00012906946028223842,0.831714597408116,0.42857142857142855,1.0
MLP_FN_04,mlp,MLP,FN,8,21449,0.0923510417342186,-2.2852606773376465,0.5338741540908813,0.5333327789263493,0.0005413751645320097,0.3438006070027841,0.25,0.4
MLP_FN_04,mlp,MLP,FN,9,198454,8.289093784696888e-06,-11.7005615234375,9.949175000190735,9.992382744418535,0.04320774422780005,0.6852688709899174,0.25,0.6
MLP_FN_04,mlp,MLP,FN,10,295346,5.101366696180776e-06,-12.185997009277344,10.434610486030579,10.417988907828045,0.016621578202533627,0.6951470846833906,0.25,0.6
MLP_FN_04,mlp,MLP,FN,11,87343,0.00026873021852225065,-8.22153377532959,6.470147252082825,6.4687335425084225,0.0014137095744022332,0.5161993135590076,0.3333333333333333,0.8
MLP_FN_04,mlp,MLP,FN,12,257740,2.1706420739064924e-05,-10.73788070678711,8.986494183540344,8.98184622582416,0.004647957716183981,0.32455679509326185,0.17647058823529413,0.4
MLP_FN_04,mlp,MLP,FN,13,150246,0.13943606615066528,-1.8199816942214966,0.06859517097473145,0.06854411121172196,5.105976300948112e-05,0.33746602277548493,0.1111111111111111,0.5
MLP_FN_04,mlp,MLP,FN,14,115022,0.26347869634628296,-1.0279656648635864,-0.7234208583831787,-0.7117137275333271,0.011707130849851644,0.5018963641337842,0.42857142857142855,0.9
MLP_FN_04,mlp,MLP,FN,15,163618,0.0001515899202786386,-8.794179916381836,7.042793393135071,7.044996802704866,0.002203409569795589,0.509525945599754,0.25,0.7
MLP_FN_04,mlp,MLP,FN,16,133372,0.14554473757743835,-1.769980549812317,0.018594026565551758,0.019609326401507463,0.0010152998359557047,0.06382157083182848,0.1111111111111111,0.2
MLP_FN_04,mlp,MLP,FN,17,162071,0.13883274793624878,-1.8250187635421753,0.07363224029541016,0.07365534147045186,2.310117504170095e-05,0.3390410928253616,0.1111111111111111,0.4
MLP_FN_04,mlp,MLP,FN,18,90067,0.05567143112421036,-2.8310070037841797,1.0796204805374146,1.0662147445990489,0.013405735938365693,0.4770559953929154,0.25,0.4
MLP_FN_04,mlp,MLP,FN,19,111705,0.14582887291908264,-1.7676976919174194,0.016311168670654297,0.016332909590728965,2.174092007466849e-05,0.3498441098785073,0.05263157894736842,0.3
MLP_FN_04,mlp,MLP,FN,20,34940,0.015493686310946941,-4.151707649230957,2.400321125984192,2.3996888660735705,0.0006322599106214355,0.311787286496464,0.3333333333333333,0.8
MLP_FN_04,mlp,MLP,FN,21,212937,6.223006039363099e-06,-11.987251281738281,10.235864758491516,10.232226387924934,0.0036383705665823385,0.8390130973025525,0.42857142857142855,0.9
MLP_FN_04,mlp,MLP,FN,22,214917,0.08746323734521866,-2.3450098037719727,0.5936232805252075,0.5927350210804612,0.0008882594447463532,0.4937456792253134,0.3333333333333333,0.7
MLP_FN_04,mlp,MLP,FN,23,70482,0.013435401022434235,-4.296335697174072,2.544949173927307,2.5446314740664606,0.0003176998608465098,0.4230653561744626,0.3333333333333333,0.5
MLP_FN_04,mlp,MLP,FN,24,294868,6.007681349728955e-06,-12.022465705871582,10.271079182624817,10.267754388133707,0.003324794491110339,0.8368188724310265,0.42857142857142855,0.9
MLP_FN_04,mlp,MLP,FN,25,39929,0.18094870448112488,-1.5099332332611084,-0.24145328998565674,-0.24307573234084157,0.0016224423551848277,0.2689209439680821,0.25,0.8
MLP_FN_04,mlp,MLP,FN,26,138479,0.07455115020275116,-2.5187933444976807,0.7674068212509155,0.7664267354960956,0.0009800857548198927,0.6453717819751627,0.25,0.8
MLP_FN_04,mlp,MLP,FN,27,142790,0.0008157293195836246,-7.110611915588379,5.359225392341614,5.360283258871102,0.0010578665294884715,0.5247277123776567,0.3333333333333333,0.5
MLP_FN_04,mlp,MLP,FN,28,100912,0.015954015776515007,-4.121962070465088,2.3705755472183228,2.370364227172443,0.00021132004587975928,0.31250084768362435,0.3333333333333333,0.8
MLP_FN_04,mlp,MLP,FN,29,74305,0.00028481162735261023,-8.163397789001465,6.4120112657547,6.417594914540017,0.005583648785317585,0.5245539513974573,0.3333333333333333,0.8
MLP_FN_04,mlp,MLP,FN,30,264007,5.59629643248627e-06,-12.093400001525879,10.342013478279114,10.327785594625508,0.014227883653605389,0.8336573304823033,0.42857142857142855,0.9
MLP_FN_04,mlp,MLP,FN,31,265049,0.11013741046190262,-2.0893383026123047,0.33795177936553955,0.3396388699740834,0.0016870906085438286,0.007920543938282967,0.1111111111111111,0.1
MLP_FN_04,mlp,MLP,FN,32,45738,0.08338304609060287,-2.397244691848755,0.6458581686019897,0.645792591966172,6.557663581774342e-05,0.6296953931703686,0.25,0.7
MLP_FN_05,mlp,MLP,FN,1,276817,0.0023396392352879047,-6.055416107177734,4.240337371826172,4.246709389527888,0.006372017701716359,0.32663655886106546,0.05263157894736842,0.4
MLP_FN_05,mlp,MLP,FN,2,214177,0.1099628433585167,-2.091120719909668,0.27604198455810547,0.27744112162308926,0.0013991370649837909,0.22751915168308853,0.25,0.6
MLP_FN_05,mlp,MLP,FN,3,271605,0.07201563566923141,-2.556131601333618,0.7410528659820557,0.7426444328897231,0.0015915669076674854,0.1340992920660534,0.05263157894736842,0.1
MLP_FN_05,mlp,MLP,FN,4,284786,0.003993729129433632,-5.519028186798096,3.703949451446533,3.7087340403902997,0.004784588943766543,0.6440631982468394,0.42857142857142855,0.7
MLP_FN_05,mlp,MLP,FN,5,278772,0.15564192831516266,-1.6910187005996704,-0.12406003475189209,-0.12101297657254557,0.003047058179346515,-0.10337182503784871,0.1111111111111111,0.3
MLP_FN_05,mlp,MLP,FN,6,65755,0.03516860678792,-3.3117995262145996,1.496720790863037,1.5002150528806049,0.003494262017567751,0.7502478392821794,0.3333333333333333,1.0
MLP_FN_05,mlp,MLP,FN,7,262731,6.445494818763109e-06,-11.952122688293457,10.137043952941895,10.140175898448451,0.0031319455065563773,0.8669579178324544,0.6666666666666666,1.0
MLP_FN_05,mlp,MLP,FN,8,21449,0.0923510417342186,-2.2852606773376465,0.470181941986084,0.46834103974151986,0.0018409022445641243,0.7134361306677203,0.42857142857142855,0.9
MLP_FN_05,mlp,MLP,FN,9,198454,8.289093784696888e-06,-11.7005615234375,9.885482788085938,9.882255417220444,0.0032273708654937394,0.6559391082016124,0.3333333333333333,0.7
MLP_FN_05,mlp,MLP,FN,10,295346,5.101366696180776e-06,-12.185997009277344,10.370918273925781,10.377572617165118,0.006654343239336669,0.6444294165270816,0.25,0.7
MLP_FN_05,mlp,MLP,FN,11,87343,0.00026873021852225065,-8.22153377532959,6.406455039978027,6.401563699692941,0.004891340285086088,0.5701313541345269,0.25,0.6
MLP_FN_05,mlp,MLP,FN,12,257740,2.1706420739064924e-05,-10.73788070678711,8.922801971435547,8.91552181456273,0.00728015687281669,0.33824437545874264,0.17647058823529413,0.4
MLP_FN_05,mlp,MLP,FN,13,150246,0.13943606615066528,-1.8199816942214966,0.004902958869934082,0.00492519971752213,2.2240847588048118e-05,-0.02923303958173954,0.17647058823529413,0.3
MLP_FN_05,mlp,MLP,FN,14,115022,0.26347869634628296,-1.0279656648635864,-0.7871130704879761,-0.7879687663278746,0.0008556958398985293,0.4606271807050212,0.3333333333333333,0.8
MLP_FN_05,mlp,MLP,FN,15,163618,0.0001515899202786386,-8.794179916381836,6.979101181030273,6.980675158193168,0.0015739771628942023,0.46703761187270826,0.25,0.8
MLP_FN_05,mlp,MLP,FN,16,133372,0.14554473757743835,-1.769980549812317,-0.045098185539245605,-0.04518597221786237,8.778667861676637e-05,-0.030115679285879868,0.25,0.5
MLP_FN_05,mlp,MLP,FN,17,162071,0.13883274793624878,-1.8250187635421753,0.009940028190612793,0.009276583419810774,0.0006634447708020186,-0.01521984776169533,0.17647058823529413,0.3
MLP_FN_05,mlp,MLP,FN,18,90067,0.05567143112421036,-2.8310070037841797,1.0159282684326172,1.0177574741180104,0.0018292056853932426,0.27765423244152865,0.25,0.3
MLP_FN_05,mlp,MLP,FN,19,111705,0.14582887291908264,-1.7676976919174194,-0.047381043434143066,-0.046767379522402314,0.0006136639117407527,-0.06640571930109092,0.17647058823529413,0.3
MLP_FN_05,mlp,MLP,FN,20,34940,0.015493686310946941,-4.151707649230957,2.3366289138793945,2.334383420934545,0.0022454929448496586,0.4921304980335709,0.42857142857142855,1.0
MLP_FN_05,mlp,MLP,FN,21,212937,6.223006039363099e-06,-11.987251281738281,10.172172546386719,10.164371404977125,0.007801141409593981,0.8583692805171034,0.6666666666666666,1.0
MLP_FN_05,mlp,MLP,FN,22,214917,0.08746323734521866,-2.3450098037719727,0.5299310684204102,0.5346892422749023,0.004758173854492176,0.29608888470247763,0.3333333333333333,0.7
MLP_FN_05,mlp,MLP,FN,23,70482,0.013435401022434235,-4.296335697174072,2.4812569618225098,2.5318316852478255,0.05057472342531577,0.5614871133607824,0.25,0.4
MLP_FN_05,mlp,MLP,FN,24,294868,6.007681349728955e-06,-12.022465705871582,10.20738697052002,10.21571449531914,0.008327524799121022,0.8684030553130634,0.6666666666666666,1.0
MLP_FN_05,mlp,MLP,FN,25,39929,0.18094870448112488,-1.5099332332611084,-0.3051455020904541,-0.30102653098793847,0.004118971102515634,0.48328918832219087,0.42857142857142855,0.7
MLP_FN_05,mlp,MLP,FN,26,138479,0.07455115020275116,-2.5187933444976807,0.7037146091461182,0.7057850085914525,0.002070399445334381,0.7305265307117557,0.25,0.9
MLP_FN_05,mlp,MLP,FN,27,142790,0.0008157293195836246,-7.110611915588379,5.295533180236816,5.298936685031352,0.00340350479453555,0.6949986510650011,0.42857142857142855,0.7
MLP_FN_05,mlp,MLP,FN,28,100912,0.015954015776515007,-4.121962070465088,2.3068833351135254,2.3051594113136566,0.0017239237998687429,0.49239314394505235,0.42857142857142855,1.0
MLP_FN_05,mlp,MLP,FN,29,74305,0.00028481162735261023,-8.163397789001465,6.348319053649902,6.357147229359771,0.008828175709868269,0.5653503745276082,0.25,0.6
MLP_FN_05,mlp,MLP,FN,30,264007,5.59629643248627e-06,-12.093400001525879,10.278321266174316,10.280563365771668,0.0022420995973515545,0.8679513023340752,0.6666666666666666,1.0
MLP_FN_05,mlp,MLP,FN,31,265049,0.11013741046190262,-2.0893383026123047,0.2742595672607422,0.27597503993030237,0.0017154726695601807,0.21344471256771538,0.17647058823529413,0.4
MLP_FN_05,mlp,MLP,FN,32,45738,0.08338304609060287,-2.397244691848755,0.5821659564971924,0.5823961384371157,0.00023018193992330183,0.7343531525681072,0.3333333333333333,0.9
MLP_FN_06,mlp,MLP,FN,1,276817,0.0023396392352879047,-6.055416107177734,4.168856978416443,4.1368872842223,0.031969694194143194,0.5272231364038125,0.5384615384615384,0.9
MLP_FN_06,mlp,MLP,FN,2,214177,0.1099628433585167,-2.091120719909668,0.20456159114837646,0.216743525848194,0.012181934699817543,0.8281677709095464,0.17647058823529413,0.5
MLP_FN_06,mlp,MLP,FN,3,271605,0.07201563566923141,-2.556131601333618,0.6695724725723267,0.6537670342771476,0.01580543829517911,0.6449758565396019,0.5384615384615384,0.9
MLP_FN_06,mlp,MLP,FN,4,284786,0.003993729129433632,-5.519028186798096,3.632469058036804,3.630653462345877,0.001815595690927374,0.840465590292268,0.17647058823529413,0.3
MLP_FN_06,mlp,MLP,FN,5,278772,0.15564192831516266,-1.6910187005996704,-0.1955404281616211,-0.19413394554223218,0.0014064826193889157,0.684873111335117,0.17647058823529413,0.5
MLP_FN_06,mlp,MLP,FN,6,65755,0.03516860678792,-3.3117995262145996,1.425240397453308,1.4191227896634206,0.006117607789887458,0.05305694593210438,0.05263157894736842,0.4
MLP_FN_06,mlp,MLP,FN,7,262731,6.445494818763109e-06,-11.952122688293457,10.065563559532166,10.060605190624411,0.0049583689077543625,0.4972126777554895,0.25,0.3
MLP_FN_06,mlp,MLP,FN,8,21449,0.0923510417342186,-2.2852606773376465,0.398701548576355,0.4002540591239612,0.001552510547606245,0.02329348282725725,0.0,0.4
MLP_FN_06,mlp,MLP,FN,9,198454,8.289093784696888e-06,-11.7005615234375,9.814002394676208,9.815751478746918,0.0017490840707097277,0.8906557035868166,0.25,0.8
MLP_FN_06,mlp,MLP,FN,10,295346,5.101366696180776e-06,-12.185997009277344,10.299437880516052,10.30558695214121,0.006149071625157987,0.8900599417732178,0.25,0.8
MLP_FN_06,mlp,MLP,FN,11,87343,0.00026873021852225065,-8.22153377532959,6.334974646568298,6.332587324336142,0.002387322232156208,0.7567556930427516,0.25,0.6
MLP_FN_06,mlp,MLP,FN,12,257740,2.1706420739064924e-05,-10.73788070678711,8.851321578025818,8.846382064870031,0.004939513155786557,0.6819042872741621,0.42857142857142855,0.7
MLP_FN_06,mlp,MLP,FN,13,150246,0.13943606615066528,-1.8199816942214966,-0.06657743453979492,-0.066242049049799,0.0003353854899959263,0.4538115061840145,0.1111111111111111,0.5
MLP_FN_06,mlp,MLP,FN,14,115022,0.26347869634628296,-1.0279656648635864,-0.8585934638977051,-0.8590648180095719,0.0004713541118668285,0.32318173487253654,0.17647058823529413,0.6
MLP_FN_06,mlp,MLP,FN,15,163618,0.0001515899202786386,-8.794179916381836,6.907620787620544,6.890863197929514,0.01675758969103036,0.6301622662728561,0.3333333333333333,0.7
MLP_FN_06,mlp,MLP,FN,16,133372,0.14554473757743835,-1.769980549812317,-0.11657857894897461,-0.11742271084921413,0.0008441319002395198,-0.41063469552208076,0.1111111111111111,0.4
MLP_FN_06,mlp,MLP,FN,17,162071,0.13883274793624878,-1.8250187635421753,-0.06154036521911621,-0.060976444914658756,0.0005639203044574548,0.5625170526672114,0.1111111111111111,0.5
MLP_FN_06,mlp,MLP,FN,18,90067,0.05567143112421036,-2.8310070037841797,0.9444478750228882,0.9397855777757537,0.004662297247134517,0.7474440170144854,0.1111111111111111,0.3
MLP_FN_06,mlp,MLP,FN,19,111705,0.14582887291908264,-1.7676976919174194,-0.11886143684387207,-0.11808600264829805,0.0007754341955740207,0.656743207403242,0.17647058823529413,0.4
MLP_FN_06,mlp,MLP,FN,20,34940,0.015493686310946941,-4.151707649230957,2.2651485204696655,2.2649978436206806,0.00015067684898495415,0.05878243221606254,0.0,0.1
MLP_FN_06,mlp,MLP,FN,21,212937,6.223006039363099e-06,-11.987251281738281,10.10069215297699,10.121069205199992,0.02037705222300268,0.5043854328123751,0.17647058823529413,0.3
MLP_FN_06,mlp,MLP,FN,22,214917,0.08746323734521866,-2.3450098037719727,0.45845067501068115,0.46730889781388263,0.008858222803201476,0.7393515656510807,0.1111111111111111,0.3
MLP_FN_06,mlp,MLP,FN,23,70482,0.013435401022434235,-4.296335697174072,2.4097765684127808,2.4061740100263878,0.0036025583863930066,0.8024046226275866,0.1111111111111111,0.3
MLP_FN_06,mlp,MLP,FN,24,294868,6.007681349728955e-06,-12.022465705871582,10.13590657711029,10.116036468200598,0.019870108909692874,0.49517625697024836,0.25,0.4
MLP_FN_06,mlp,MLP,FN,25,39929,0.18094870448112488,-1.5099332332611084,-0.3766258955001831,-0.3773725996600687,0.0007467041598855917,0.2159292024369343,0.17647058823529413,0.3
MLP_FN_06,mlp,MLP,FN,26,138479,0.07455115020275116,-2.5187933444976807,0.6322342157363892,0.6317004373215569,0.0005337784148322644,0.04005550469808497,0.0,0.3
MLP_FN_06,mlp,MLP,FN,27,142790,0.0008157293195836246,-7.110611915588379,5.224052786827087,5.225961275903427,0.00190848907633967,0.8538555254854329,0.17647058823529413,0.3
MLP_FN_06,mlp,MLP,FN,28,100912,0.015954015776515007,-4.121962070465088,2.2354029417037964,2.227489183239861,0.007913758463935494,0.059538128424309826,0.0,0.2
MLP_FN_06,mlp,MLP,FN,29,74305,0.00028481162735261023,-8.163397789001465,6.276838660240173,6.274623575860901,0.002215084379272092,0.75018745074522,0.25,0.6
MLP_FN_06,mlp,MLP,FN,30,264007,5.59629643248627e-06,-12.093400001525879,10.206840872764587,10.199338440525207,0.007502432239380852,0.500723049089978,0.25,0.4
MLP_FN_06,mlp,MLP,FN,31,265049,0.11013741046190262,-2.0893383026123047,0.20277917385101318,0.20208343812163454,0.0006957357293786437,0.8270875461064376,0.25,0.6
MLP_FN_06,mlp,MLP,FN,32,45738,0.08338304609060287,-2.397244691848755,0.5106855630874634,0.5107293837720401,4.3820684576756364e-05,0.01974377150677007,0.05263157894736842,0.1
MLP_FN_07,mlp,MLP,FN,1,276817,0.0023396392352879047,-6.055416107177734,3.937814712524414,3.935485113747875,0.0023295987765390436,0.16365628918584718,0.0,0.3
MLP_FN_07,mlp,MLP,FN,2,214177,0.1099628433585167,-2.091120719909668,-0.026480674743652344,-0.026463113002467828,1.756174118451581e-05,-0.24906394918730806,0.1111111111111111,0.1
MLP_FN_07,mlp,MLP,FN,3,271605,0.07201563566923141,-2.556131601333618,0.43853020668029785,0.4361193001940278,0.00241090648627007,0.11871062676479224,0.05263157894736842,0.3
MLP_FN_07,mlp,MLP,FN,4,284786,0.003993729129433632,-5.519028186798096,3.4014267921447754,3.411674835443634,0.010248043298858533,0.5031550826930253,0.3333333333333333,0.7
MLP_FN_07,mlp,MLP,FN,5,278772,0.15564192831516266,-1.6910187005996704,-0.4265826940536499,-0.42406433336331606,0.002518360690333843,0.20268873352085742,0.17647058823529413,0.5
MLP_FN_07,mlp,MLP,FN,6,65755,0.03516860678792,-3.3117995262145996,1.1941981315612793,1.2000476077711406,0.005849476209861315,0.6829680437090364,0.3333333333333333,0.7
MLP_FN_07,mlp,MLP,FN,7,262731,6.445494818763109e-06,-11.952122688293457,9.834521293640137,9.831460042600488,0.0030612510396483827,0.7782815016775768,0.5384615384615384,0.9
MLP_FN_07,mlp,MLP,FN,8,21449,0.0923510417342186,-2.2852606773376465,0.16765928268432617,0.17897599419505705,0.011316711510730881,0.6206664251302525,0.3333333333333333,0.8
MLP_FN_07,mlp,MLP,FN,9,198454,8.289093784696888e-06,-11.7005615234375,9.58296012878418,9.594738229528877,0.01177810074469754,0.6368718535466822,0.3333333333333333,0.6
MLP_FN_07,mlp,MLP,FN,10,295346,5.101366696180776e-06,-12.185997009277344,10.068395614624023,10.064153116821165,0.004242497802858125,0.6550754196677968,0.25,0.6
MLP_FN_07,mlp,MLP,FN,11,87343,0.00026873021852225065,-8.22153377532959,6.1039323806762695,6.097145635816175,0.006786744860094451,0.5504204866980936,0.3333333333333333,0.6
MLP_FN_07,mlp,MLP,FN,12,257740,2.1706420739064924e-05,-10.73788070678711,8.620279312133789,8.626183483669978,0.00590417153618894,0.24908175492991355,0.17647058823529413,0.1
MLP_FN_07,mlp,MLP,FN,13,150246,0.13943606615066528,-1.8199816942214966,-0.29761970043182373,-0.29377668262369727,0.0038430178081264588,0.22249479760645144,0.17647058823529413,0.6
MLP_FN_07,mlp,MLP,FN,14,115022,0.26347869634628296,-1.0279656648635864,-1.0896357297897339,-1.0947191970769425,0.005083467287208654,0.5788666005261722,0.5384615384615384,0.9
MLP_FN_07,mlp,MLP,FN,15,163618,0.0001515899202786386,-8.794179916381836,6.676578521728516,6.679614022666478,0.0030355009379627873,0.5239457092508526,0.17647058823529413,0.8
MLP_FN_07,mlp,MLP,FN,16,133372,0.14554473757743835,-1.769980549812317,-0.3476208448410034,-0.3473292518111902,0.00029159302981324187,0.02798458740939567,0.17647058823529413,0.3
MLP_FN_07,mlp,MLP,FN,17,162071,0.13883274793624878,-1.8250187635421753,-0.292582631111145,-0.2881787736158257,0.004403857495319297,0.22756041922910458,0.17647058823529413,0.6
MLP_FN_07,mlp,MLP,FN,18,90067,0.05567143112421036,-2.8310070037841797,0.7134056091308594,0.670152251147255,0.04325335798360441,0.2469997453084461,0.1111111111111111,0.3
MLP_FN_07,mlp,MLP,FN,19,111705,0.14582887291908264,-1.7676976919174194,-0.3499037027359009,-0.34721008552018057,0.002693617215720312,0.21323404281975056,0.17647058823529413,0.6
MLP_FN_07,mlp,MLP,FN,20,34940,0.015493686310946941,-4.151707649230957,2.0341062545776367,2.0210344936704487,0.01307176090718798,0.45525808808777496,0.5384615384615384,0.9
MLP_FN_07,mlp,MLP,FN,21,212937,6.223006039363099e-06,-11.987251281738281,9.869649887084961,9.864746494305116,0.004903392779844751,0.7789395804931644,0.5384615384615384,0.9
MLP_FN_07,mlp,MLP,FN,22,214917,0.08746323734521866,-2.3450098037719727,0.22740840911865234,0.22899144352484735,0.0015830344061950052,0.2157772042576037,0.3333333333333333,0.5
MLP_FN_07,mlp,MLP,FN,23,70482,0.013435401022434235,-4.296335697174072,2.178734302520752,2.166634071835084,0.012100230685668123,0.27052236961017995,0.25,0.3
MLP_FN_07,mlp,MLP,FN,24,294868,6.007681349728955e-06,-12.022465705871582,9.904864311218262,9.893436377021926,0.011427934196335698,0.793302428778418,0.5384615384615384,1.0
MLP_FN_07,mlp,MLP,FN,25,39929,0.18094870448112488,-1.5099332332611084,-0.6076681613922119,-0.577318462078674,0.030349699313537926,0.40866537104205924,0.42857142857142855,0.8
MLP_FN_07,mlp,MLP,FN,26,138479,0.07455115020275116,-2.5187933444976807,0.40119194984436035,0.41348353417254824,0.012291584328187888,0.6374491828656486,0.3333333333333333,0.7
MLP_FN_07,mlp,MLP,FN,27,142790,0.0008157293195836246,-7.110611915588379,4.993010520935059,4.992754828606518,0.00025569232854039114,0.6430862942169802,0.42857142857142855,0.7
MLP_FN_07,mlp,MLP,FN,28,100912,0.015954015776515007,-4.121962070465088,2.0043606758117676,1.9943583030104732,0.010002372801294346,0.4555209450529435,0.5384615384615384,0.9
MLP_FN_07,mlp,MLP,FN,29,74305,0.00028481162735261023,-8.163397789001465,6.0457963943481445,6.046260566980404,0.00046417263225961847,0.5506370591704665,0.3333333333333333,0.6
MLP_FN_07,mlp,MLP,FN,30,264007,5.59629643248627e-06,-12.093400001525879,9.975798606872559,9.97520348369769,0.0005951231748682062,0.7844632294980176,0.5384615384615384,0.9
MLP_FN_07,mlp,MLP,FN,31,265049,0.11013741046190262,-2.0893383026123047,-0.028263092041015625,-0.028298973696812803,3.5881655797178474e-05,-0.17760740566250827,0.1111111111111111,0.2
MLP_FN_07,mlp,MLP,FN,32,45738,0.08338304609060287,-2.397244691848755,0.27964329719543457,0.27282847645057395,0.006814820744860617,0.6755629081761828,0.3333333333333333,0.7
MLP_FN_08,mlp,MLP,FN,1,276817,0.0023396392352879047,-6.055416107177734,-0.0940699577331543,-0.09718839055531081,0.003118432822156514,0.28016830024793804,0.1111111111111111,0.3
MLP_FN_08,mlp,MLP,FN,2,214177,0.1099628433585167,-2.091120719909668,-4.058365345001221,-4.057848859850519,0.0005164851507020174,0.369635235478395,0.25,0.5
MLP_FN_08,mlp,MLP,FN,3,271605,0.07201563566923141,-2.556131601333618,-3.5933544635772705,-3.58037336402123,0.012981099556040654,0.5082333164845814,0.17647058823529413,0.3
MLP_FN_08,mlp,MLP,FN,4,284786,0.003993729129433632,-5.519028186798096,-0.630457878112793,-0.6449127941576909,0.014454916044897903,0.6273276015528525,0.42857142857142855,0.7
MLP_FN_08,mlp,MLP,FN,5,278772,0.15564192831516266,-1.6910187005996704,-4.458467364311218,-4.462812064280763,0.004344699969545118,0.5193635729295808,0.25,0.6
MLP_FN_08,mlp,MLP,FN,6,65755,0.03516860678792,-3.3117995262145996,-2.837686538696289,-2.8496976749218765,0.012011136225587471,0.8304395024495822,0.42857142857142855,0.8
MLP_FN_08,mlp,MLP,FN,7,262731,6.445494818763109e-06,-11.952122688293457,5.802636623382568,5.803591484370962,0.000954860988393591,0.7059449988972668,0.42857142857142855,0.7
MLP_FN_08,mlp,MLP,FN,8,21449,0.0923510417342186,-2.2852606773376465,-3.864225387573242,-3.878186134911514,0.013960747338271684,0.8500939936270171,0.42857142857142855,0.9
MLP_FN_08,mlp,MLP,FN,9,198454,8.289093784696888e-06,-11.7005615234375,5.551075458526611,5.534850302503412,0.016225156023199183,0.7516444214047234,0.3333333333333333,0.7
MLP_FN_08,mlp,MLP,FN,10,295346,5.101366696180776e-06,-12.185997009277344,6.036510944366455,6.00837993089536,0.02813101347109548,0.723547151621999,0.5384615384615384,0.7
MLP_FN_08,mlp,MLP,FN,11,87343,0.00026873021852225065,-8.22153377532959,2.072047710418701,2.082790865801862,0.01074315538316073,0.4705923003571832,0.25,0.6
MLP_FN_08,mlp,MLP,FN,12,257740,2.1706420739064924e-05,-10.73788070678711,4.588394641876221,4.598003515273334,0.009608873397112916,0.4668907475924676,0.17647058823529413,0.3
MLP_FN_08,mlp,MLP,FN,13,150246,0.13943606615066528,-1.8199816942214966,-4.329504370689392,-4.329648174664841,0.00014380397544933032,0.5056275109987665,0.25,0.7
MLP_FN_08,mlp,MLP,FN,14,115022,0.26347869634628296,-1.0279656648635864,-5.121520400047302,-5.118237309526078,0.003283090521223997,0.7298147920570474,0.5384615384615384,0.8
MLP_FN_08,mlp,MLP,FN,15,163618,0.0001515899202786386,-8.794179916381836,2.6446938514709473,2.6146401443446035,0.03005370712634381,0.41253181464199606,0.05263157894736842,0.6
MLP_FN_08,mlp,MLP,FN,16,133372,0.14554473757743835,-1.769980549812317,-4.379505515098572,-4.374341579275675,0.005163935822896981,0.5137070841583896,0.25,0.7
MLP_FN_08,mlp,MLP,FN,17,162071,0.13883274793624878,-1.8250187635421753,-4.324467301368713,-4.327690025974498,0.0032227246057843217,0.5084107365374667,0.25,0.7
MLP_FN_08,mlp,MLP,FN,18,90067,0.05567143112421036,-2.8310070037841797,-3.318479061126709,-3.3114159893422106,0.007063071784498387,0.4736498290281186,0.1111111111111111,0.1
MLP_FN_08,mlp,MLP,FN,19,111705,0.14582887291908264,-1.7676976919174194,-4.381788372993469,-4.382828141192116,0.0010397681986464846,0.5095322113344137,0.25,0.6
MLP_FN_08,mlp,MLP,FN,20,34940,0.015493686310946941,-4.151707649230957,-1.9977784156799316,-2.0046933631098334,0.00691494742990173,0.5834537379202102,0.42857142857142855,0.8
MLP_FN_08,mlp,MLP,FN,21,212937,6.223006039363099e-06,-11.987251281738281,5.837765216827393,5.834741306875893,0.0030239099514997037,0.7037745319318861,0.42857142857142855,0.7
MLP_FN_08,mlp,MLP,FN,22,214917,0.08746323734521866,-2.3450098037719727,-3.804476261138916,-3.806592151541646,0.0021158904027300807,0.5471889570907456,0.3333333333333333,0.7
MLP_FN_08,mlp,MLP,FN,23,70482,0.013435401022434235,-4.296335697174072,-1.8531503677368164,-1.848535817113623,0.004614550623193381,-0.008138714634923943,0.05263157894736842,0.0
MLP_FN_08,mlp,MLP,FN,24,294868,6.007681349728955e-06,-12.022465705871582,5.872979640960693,5.869283380161818,0.003696260798875528,0.7192390953654525,0.42857142857142855,0.7
MLP_FN_08,mlp,MLP,FN,25,39929,0.18094870448112488,-1.5099332332611084,-4.63955283164978,-4.671513071076685,0.031960239426904735,0.28691715185043826,0.5384615384615384,0.7
MLP_FN_08,mlp,MLP,FN,26,138479,0.07455115020275116,-2.5187933444976807,-3.630692720413208,-3.636821140895024,0.006128420481815944,0.8315253510907231,0.42857142857142855,0.8
MLP_FN_08,mlp,MLP,FN,27,142790,0.0008157293195836246,-7.110611915588379,0.9611258506774902,0.9611199744341732,5.876243317048946e-06,0.6713810854519843,0.25,0.7
MLP_FN_08,mlp,MLP,FN,28,100912,0.015954015776515007,-4.121962070465088,-2.027523994445801,-2.0447276989954357,0.017203704549634935,0.583938116518803,0.42857142857142855,0.9
MLP_FN_08,mlp,MLP,FN,29,74305,0.00028481162735261023,-8.163397789001465,2.013911724090576,2.0037844023897704,0.01012732170080577,0.48126530843202664,0.25,0.6
MLP_FN_08,mlp,MLP,FN,30,264007,5.59629643248627e-06,-12.093400001525879,5.94391393661499,5.941652104654836,0.0022618319601539483,0.7104232454792723,0.42857142857142855,0.7
MLP_FN_08,mlp,MLP,FN,31,265049,0.11013741046190262,-2.0893383026123047,-4.060147762298584,-4.062162521905494,0.0020147596069097773,0.3859777658291784,0.1111111111111111,0.3
MLP_FN_08,mlp,MLP,FN,32,45738,0.08338304609060287,-2.397244691848755,-3.752241373062134,-3.757260092160935,0.005018719098801139,0.8390157527365989,0.42857142857142855,0.8
MLP_FP_01,mlp,MLP,FP,1,276817,0.0023396392352879047,-6.055416107177734,6.07613904774189,6.085297899313772,0.009158851571881677,0.36356311871271274,0.05263157894736842,0.2
MLP_FP_01,mlp,MLP,FP,2,214177,0.1099628433585167,-2.091120719909668,2.1118436604738235,2.117376105512846,0.005532445039022615,0.388104581863126,0.1111111111111111,0.5
MLP_FP_01,mlp,MLP,FP,3,271605,0.07201563566923141,-2.556131601333618,2.5768545418977737,2.573548423110358,0.0033061187874157127,0.29534833644462677,0.1111111111111111,0.2
MLP_FP_01,mlp,MLP,FP,4,284786,0.003993729129433632,-5.519028186798096,5.539751127362251,5.556054444369221,0.016303317006969742,0.7676651046059707,0.42857142857142855,0.9
MLP_FP_01,mlp,MLP,FP,5,278772,0.15564192831516266,-1.6910187005996704,1.711741641163826,1.7126912361961009,0.0009495950322748747,0.41779962102529805,0.1111111111111111,0.7
MLP_FP_01,mlp,MLP,FP,6,65755,0.03516860678792,-3.3117995262145996,3.332522466778755,3.328695457001972,0.0038270097767831857,0.8159717598716203,0.42857142857142855,1.0
MLP_FP_01,mlp,MLP,FP,7,262731,6.445494818763109e-06,-11.952122688293457,11.972845628857613,11.972262983479268,0.0005826453783441821,0.7914907074385215,0.5384615384615384,1.0
MLP_FP_01,mlp,MLP,FP,8,21449,0.0923510417342186,-2.2852606773376465,2.305983617901802,2.313584078554934,0.007600460653132135,0.8006662751813933,0.5384615384615384,1.0
MLP_FP_01,mlp,MLP,FP,9,198454,8.289093784696888e-06,-11.7005615234375,11.721284464001656,11.740217615709966,0.018933151708310447,0.7124240087716863,0.42857142857142855,0.8
MLP_FP_01,mlp,MLP,FP,10,295346,5.101366696180776e-06,-12.185997009277344,12.2067199498415,12.213129600313051,0.006409650471551842,0.7186829318295925,0.42857142857142855,0.8
MLP_FP_01,mlp,MLP,FP,11,87343,0.00026873021852225065,-8.22153377532959,8.242256715893745,8.226379974255378,0.015876741638367164,0.551797150362085,0.3333333333333333,0.8
MLP_FP_01,mlp,MLP,FP,12,257740,2.1706420739064924e-05,-10.73788070678711,10.758603647351265,10.755676059150554,0.002927588200710929,0.3038126098701796,0.05263157894736842,0.1
MLP_FP_01,mlp,MLP,FP,13,150246,0.13943606615066528,-1.8199816942214966,1.8407046347856522,1.8458233393546548,0.005118704569002652,0.445569358276118,0.17647058823529413,0.7
MLP_FP_01,mlp,MLP,FP,14,115022,0.26347869634628296,-1.0279656648635864,1.048688605427742,1.0501978082246135,0.0015092027968715005,0.6919573322698784,0.42857142857142855,1.0
MLP_FP_01,mlp,MLP,FP,15,163618,0.0001515899202786386,-8.794179916381836,8.814902856945992,8.809667797029404,0.005235059916588014,0.36163823845499105,0.25,0.9
MLP_FP_01,mlp,MLP,FP,16,133372,0.14554473757743835,-1.769980549812317,1.7907034903764725,1.7879610695619466,0.0027424208145259144,0.4133841909054793,0.1111111111111111,0.5
MLP_FP_01,mlp,MLP,FP,17,162071,0.13883274793624878,-1.8250187635421753,1.8457417041063309,1.8359402712500446,0.009801432856286318,0.44091006161885393,0.17647058823529413,0.7
MLP_FP_01,mlp,MLP,FP,18,90067,0.05567143112421036,-2.8310070037841797,2.8517299443483353,2.843227756485101,0.008502187863234312,0.6271498346214601,0.17647058823529413,0.3
MLP_FP_01,mlp,MLP,FP,19,111705,0.14582887291908264,-1.7676976919174194,1.788420632481575,1.7912615018752707,0.0028408693936956553,0.4257033483114026,0.17647058823529413,0.7
MLP_FP_01,mlp,MLP,FP,20,34940,0.015493686310946941,-4.151707649230957,4.172430589795113,4.17405259561143,0.00162200581631744,0.6392121780922608,0.42857142857142855,0.9
MLP_FP_01,mlp,MLP,FP,21,212937,6.223006039363099e-06,-11.987251281738281,12.007974222302437,12.013478058323763,0.005503836021325981,0.8072054227393315,0.6666666666666666,1.0
MLP_FP_01,mlp,MLP,FP,22,214917,0.08746323734521866,-2.3450098037719727,2.3657327443361282,2.3827345276379157,0.017001783301787476,0.7658333658341752,0.5384615384615384,0.9
MLP_FP_01,mlp,MLP,FP,23,70482,0.013435401022434235,-4.296335697174072,4.317058637738228,4.310058420987804,0.007000216750423505,0.6011035356157636,0.17647058823529413,0.3
MLP_FP_01,mlp,MLP,FP,24,294868,6.007681349728955e-06,-12.022465705871582,12.043188646435738,12.061976998591811,0.018788352156073884,0.794649248505106,0.6666666666666666,1.0
MLP_FP_01,mlp,MLP,FP,25,39929,0.18094870448112488,-1.5099332332611084,1.530656173825264,1.5352251522740716,0.004568978448807659,0.6961763209772115,0.42857142857142855,1.0
MLP_FP_01,mlp,MLP,FP,26,138479,0.07455115020275116,-2.5187933444976807,2.5395162850618362,2.5456545568437203,0.006138271781884086,0.8150256258982733,0.5384615384615384,1.0
MLP_FP_01,mlp,MLP,FP,27,142790,0.0008157293195836246,-7.110611915588379,7.1313348561525345,7.133750111782066,0.0024152556295318206,0.7845333205546805,0.5384615384615384,0.9
MLP_FP_01,mlp,MLP,FP,28,100912,0.015954015776515007,-4.121962070465088,4.1426850110292435,4.147669733993528,0.004984722964284316,0.6353867323677516,0.42857142857142855,0.9
MLP_FP_01,mlp,MLP,FP,29,74305,0.00028481162735261023,-8.163397789001465,8.18412072956562,8.206218515827285,0.022097786261664254,0.5578184458023894,0.3333333333333333,0.8
MLP_FP_01,mlp,MLP,FP,30,264007,5.59629643248627e-06,-12.093400001525879,12.114122942090034,12.117636874239492,0.0035139321494579434,0.796435607086894,0.5384615384615384,1.0
MLP_FP_01,mlp,MLP,FP,31,265049,0.11013741046190262,-2.0893383026123047,2.1100612431764603,2.126854473015124,0.016793229838663937,0.37957935735554954,0.1111111111111111,0.2
MLP_FP_01,mlp,MLP,FP,32,45738,0.08338304609060287,-2.397244691848755,2.4179676324129105,2.4137519198167103,0.004215712596200127,0.8158726246277369,0.5384615384615384,1.0
MLP_FP_02,mlp,MLP,FP,1,276817,0.0023396392352879047,-6.055416107177734,6.45966911315918,6.505367939864501,0.04569882670532088,0.14077656889149556,0.05263157894736842,0.4
MLP_FP_02,mlp,MLP,FP,2,214177,0.1099628433585167,-2.091120719909668,2.4953737258911133,2.5076491535593366,0.012275427668223315,-0.030012246827085844,0.42857142857142855,0.3
MLP_FP_02,mlp,MLP,FP,3,271605,0.07201563566923141,-2.556131601333618,2.9603846073150635,2.9587675472934802,0.0016170600215832387,0.15113650694068453,0.1111111111111111,0.4
MLP_FP_02,mlp,MLP,FP,4,284786,0.003993729129433632,-5.519028186798096,5.923281192779541,5.930473725542334,0.007192532762792858,0.42972919744036797,0.25,0.6
MLP_FP_02,mlp,MLP,FP,5,278772,0.15564192831516266,-1.6910187005996704,2.0952717065811157,2.1012201165744684,0.005948409993352666,0.22278848153473646,0.3333333333333333,0.5
MLP_FP_02,mlp,MLP,FP,6,65755,0.03516860678792,-3.3117995262145996,3.716052532196045,3.717630928841717,0.0015783966456721643,0.7423373179491399,0.42857142857142855,0.7
MLP_FP_02,mlp,MLP,FP,7,262731,6.445494818763109e-06,-11.952122688293457,12.356375694274902,12.356726059833935,0.0003503655590328947,0.896769168079741,0.6666666666666666,0.8
MLP_FP_02,mlp,MLP,FP,8,21449,0.0923510417342186,-2.2852606773376465,2.689513683319092,2.6980511053592395,0.008537422040147735,0.6653156584078147,0.42857142857142855,0.6
MLP_FP_02,mlp,MLP,FP,9,198454,8.289093784696888e-06,-11.7005615234375,12.104814529418945,12.024424874490203,0.08038965492874262,0.8612564277006076,0.6666666666666666,0.9
MLP_FP_02,mlp,MLP,FP,10,295346,5.101366696180776e-06,-12.185997009277344,12.590250015258789,12.562008083130518,0.028241932128270975,0.8618480600782126,0.5384615384615384,0.9
MLP_FP_02,mlp,MLP,FP,11,87343,0.00026873021852225065,-8.22153377532959,8.625786781311035,8.617616223984212,0.008170557326822703,0.44189398600058744,0.3333333333333333,0.7
MLP_FP_02,mlp,MLP,FP,12,257740,2.1706420739064924e-05,-10.73788070678711,11.142133712768555,11.148943291628472,0.006809578859916954,0.1946601989996714,0.17647058823529413,0.4
MLP_FP_02,mlp,MLP,FP,13,150246,0.13943606615066528,-1.8199816942214966,2.224234700202942,2.221696075715345,0.0025386244875966746,0.20378746153297536,0.3333333333333333,0.4
MLP_FP_02,mlp,MLP,FP,14,115022,0.26347869634628296,-1.0279656648635864,1.4322186708450317,1.4365070505640734,0.004288379719041613,0.48700576045446914,0.25,0.6
MLP_FP_02,mlp,MLP,FP,15,163618,0.0001515899202786386,-8.794179916381836,9.198432922363281,9.197206201011872,0.0012267213514096653,0.38283038461707786,0.17647058823529413,0.5
MLP_FP_02,mlp,MLP,FP,16,133372,0.14554473757743835,-1.769980549812317,2.174233555793762,2.160480222560392,0.013753333233370135,0.18951535295798194,0.5384615384615384,0.4
MLP_FP_02,mlp,MLP,FP,17,162071,0.13883274793624878,-1.8250187635421753,2.2292717695236206,2.235986875539945,0.0067151060163244125,0.20550663736332253,0.3333333333333333,0.4
MLP_FP_02,mlp,MLP,FP,18,90067,0.05567143112421036,-2.8310070037841797,3.235260009765625,3.2301934927398266,0.005066517025798412,0.16422039074134467,0.25,0.3
MLP_FP_02,mlp,MLP,FP,19,111705,0.14582887291908264,-1.7676976919174194,2.1719506978988647,2.1759304316623402,0.00397973376347549,0.21130273693765866,0.3333333333333333,0.5
MLP_FP_02,mlp,MLP,FP,20,34940,0.015493686310946941,-4.151707649230957,4.555960655212402,4.556138863531814,0.00017820831941151027,0.29901576912091166,0.25,0.4
MLP_FP_02,mlp,MLP,FP,21,212937,6.223006039363099e-06,-11.987251281738281,12.391504287719727,12.378143841942162,0.013360445777564678,0.9019583323443948,0.6666666666666666,0.8
MLP_FP_02,mlp,MLP,FP,22,214917,0.08746323734521866,-2.3450098037719727,2.749262809753418,2.7499258428053683,0.000663033051950368,0.3299649750427947,0.3333333333333333,0.4
MLP_FP_02,mlp,MLP,FP,23,70482,0.013435401022434235,-4.296335697174072,4.700588703155518,4.711475499874456,0.010886796718938108,0.22163444474078245,0.25,0.3
MLP_FP_02,mlp,MLP,FP,24,294868,6.007681349728955e-06,-12.022465705871582,12.426718711853027,12.451348112748805,0.02462940089577792,0.8999569400545401,0.6666666666666666,0.8
MLP_FP_02,mlp,MLP,FP,25,39929,0.18094870448112488,-1.5099332332611084,1.9141862392425537,1.912400812176236,0.0017854270663177907,0.46851302803595296,0.25,0.6
MLP_FP_02,mlp,MLP,FP,26,138479,0.07455115020275116,-2.5187933444976807,2.923046350479126,2.9349695540113507,0.011923203532224758,0.7327016737578619,0.42857142857142855,0.7
MLP_FP_02,mlp,MLP,FP,27,142790,0.0008157293195836246,-7.110611915588379,7.514864921569824,7.519968903410836,0.0051039818410121285,0.46799488752865553,0.3333333333333333,0.7
MLP_FP_02,mlp,MLP,FP,28,100912,0.015954015776515007,-4.121962070465088,4.526215076446533,4.523536078005294,0.002678998441239422,0.299106936751465,0.25,0.4
MLP_FP_02,mlp,MLP,FP,29,74305,0.00028481162735261023,-8.163397789001465,8.56765079498291,8.571269119278943,0.0036183242960330375,0.4420032524126868,0.25,0.7
MLP_FP_02,mlp,MLP,FP,30,264007,5.59629643248627e-06,-12.093400001525879,12.497653007507324,12.531603019577641,0.033950012070317115,0.899249965708601,0.6666666666666666,0.8
MLP_FP_02,mlp,MLP,FP,31,265049,0.11013741046190262,-2.0893383026123047,2.49359130859375,2.514799537328608,0.021208228734857837,-0.005403254864587281,0.42857142857142855,0.3
MLP_FP_02,mlp,MLP,FP,32,45738,0.08338304609060287,-2.397244691848755,2.8014976978302,2.797340212020992,0.004157485809208161,0.7153553445359455,0.3333333333333333,0.7
MLP_FP_03,mlp,MLP,FP,1,276817,0.0023396392352879047,-6.055416107177734,6.61427104473114,6.62263649490852,0.008365450177380218,0.9250840577983516,0.25,0.5
MLP_FP_03,mlp,MLP,FP,2,214177,0.1099628433585167,-2.091120719909668,2.6499756574630737,2.636659425164842,0.013316232298231867,0.9829095835855258,0.42857142857142855,0.4
MLP_FP_03,mlp,MLP,FP,3,271605,0.07201563566923141,-2.556131601333618,3.114986538887024,3.1157002518256656,0.0007137129386416419,0.9727932514137674,0.42857142857142855,0.6
MLP_FP_03,mlp,MLP,FP,4,284786,0.003993729129433632,-5.519028186798096,6.0778831243515015,6.020804379698722,0.05707874465277918,0.972913408705522,0.42857142857142855,0.8
MLP_FP_03,mlp,MLP,FP,5,278772,0.15564192831516266,-1.6910187005996704,2.249873638153076,2.2553901821204865,0.005516543967410303,0.9317531885726771,0.42857142857142855,0.5
MLP_FP_03,mlp,MLP,FP,6,65755,0.03516860678792,-3.3117995262145996,3.8706544637680054,3.807725823640747,0.06292864012725818,0.9928522986418012,0.42857142857142855,0.8
MLP_FP_03,mlp,MLP,FP,7,262731,6.445494818763109e-06,-11.952122688293457,12.510977625846863,12.616401255459664,0.10542362961280105,0.9948145259665986,0.3333333333333333,0.7
MLP_FP_03,mlp,MLP,FP,8,21449,0.0923510417342186,-2.2852606773376465,2.8441156148910522,2.850875634926607,0.00676002003555487,0.9762077171639847,0.42857142857142855,0.7
MLP_FP_03,mlp,MLP,FP,9,198454,8.289093784696888e-06,-11.7005615234375,12.259416460990906,12.162217429718861,0.09719903127204432,0.9829460154686421,0.3333333333333333,0.7
MLP_FP_03,mlp,MLP,FP,10,295346,5.101366696180776e-06,-12.185997009277344,12.74485194683075,12.768636335664176,0.023784388833426817,0.988066969153522,0.42857142857142855,0.7
MLP_FP_03,mlp,MLP,FP,11,87343,0.00026873021852225065,-8.22153377532959,8.780388712882996,8.748731450702358,0.03165726218063725,0.9725128728906748,0.42857142857142855,0.9
MLP_FP_03,mlp,MLP,FP,12,257740,2.1706420739064924e-05,-10.73788070678711,11.296735644340515,11.307026475743855,0.010290831403340306,0.9884947167475537,0.3333333333333333,0.6
MLP_FP_03,mlp,MLP,FP,13,150246,0.13943606615066528,-1.8199816942214966,2.3788366317749023,2.40142255335143,0.022585921576527834,0.9730443830389546,0.3333333333333333,0.6
MLP_FP_03,mlp,MLP,FP,14,115022,0.26347869634628296,-1.0279656648635864,1.5868206024169922,1.5887415668852665,0.0019209644682742777,0.9775475607035521,0.25,0.8
MLP_FP_03,mlp,MLP,FP,15,163618,0.0001515899202786386,-8.794179916381836,9.353034853935242,9.404369330901956,0.05133447696671389,0.9709468363442086,0.25,0.8
MLP_FP_03,mlp,MLP,FP,16,133372,0.14554473757743835,-1.769980549812317,2.3288354873657227,2.3164246751669615,0.012410812198761167,0.9673601328215022,0.3333333333333333,0.4
MLP_FP_03,mlp,MLP,FP,17,162071,0.13883274793624878,-1.8250187635421753,2.383873701095581,2.4014758474084505,0.017602146312869493,0.9725851907581388,0.3333333333333333,0.6
MLP_FP_03,mlp,MLP,FP,18,90067,0.05567143112421036,-2.8310070037841797,3.3898619413375854,3.390316569774049,0.000454628436463711,0.9735786744349513,0.42857142857142855,0.7
MLP_FP_03,mlp,MLP,FP,19,111705,0.14582887291908264,-1.7676976919174194,2.326552629470825,2.3405706957133403,0.014018066242515115,0.9610218891447015,0.3333333333333333,0.5
MLP_FP_03,mlp,MLP,FP,20,34940,0.015493686310946941,-4.151707649230957,4.710562586784363,4.691233505518598,0.019329081265764714,0.9841705131698804,0.25,0.8
MLP_FP_03,mlp,MLP,FP,21,212937,6.223006039363099e-06,-11.987251281738281,12.546106219291687,12.505527687176222,0.04057853211546458,0.9953856136886935,0.42857142857142855,0.8
MLP_FP_03,mlp,MLP,FP,22,214917,0.08746323734521866,-2.3450098037719727,2.9038647413253784,2.9697387991290727,0.06587405780369426,0.7413692634541416,0.42857142857142855,0.8
MLP_FP_03,mlp,MLP,FP,23,70482,0.013435401022434235,-4.296335697174072,4.855190634727478,4.830200689266984,0.0249899454604936,0.9722818575922063,0.5384615384615384,0.5
MLP_FP_03,mlp,MLP,FP,24,294868,6.007681349728955e-06,-12.022465705871582,12.581320643424988,12.55494485463122,0.026375788793767896,0.995426781267398,0.42857142857142855,0.8
MLP_FP_03,mlp,MLP,FP,25,39929,0.18094870448112488,-1.5099332332611084,2.068788170814514,2.0605545669054504,0.008233603909063802,0.839013482780292,0.3333333333333333,0.8
MLP_FP_03,mlp,MLP,FP,26,138479,0.07455115020275116,-2.5187933444976807,3.0776482820510864,3.0570981656119427,0.02055011643914373,0.9897694843782046,0.42857142857142855,0.7
MLP_FP_03,mlp,MLP,FP,27,142790,0.0008157293195836246,-7.110611915588379,7.669466853141785,7.552069372349859,0.1173974807919258,0.9966405857644657,0.5384615384615384,0.9
MLP_FP_03,mlp,MLP,FP,28,100912,0.015954015776515007,-4.121962070465088,4.680817008018494,4.677689885709589,0.0031271223089044398,0.9820171099407081,0.25,0.8
MLP_FP_03,mlp,MLP,FP,29,74305,0.00028481162735261023,-8.163397789001465,8.72225272655487,8.645863900838838,0.07638882571603212,0.9794674306690235,0.42857142857142855,0.8
MLP_FP_03,mlp,MLP,FP,30,264007,5.59629643248627e-06,-12.093400001525879,12.652254939079285,12.598703252547953,0.05355168653133191,0.9948239626540952,0.42857142857142855,0.7
MLP_FP_03,mlp,MLP,FP,31,265049,0.11013741046190262,-2.0893383026123047,2.6481932401657104,2.651163498295032,0.0029702581293213903,0.9848206556047423,0.42857142857142855,0.3
MLP_FP_03,mlp,MLP,FP,32,45738,0.08338304609060287,-2.397244691848755,2.9560996294021606,2.9317961101283116,0.024303519273848995,0.9812006590051242,0.42857142857142855,0.8
MLP_FP_04,mlp,MLP,FP,1,276817,0.0023396392352879047,-6.055416107177734,6.749548971652985,6.761554364134633,0.012005392481648336,0.9268258586146877,0.3333333333333333,0.5
MLP_FP_04,mlp,MLP,FP,2,214177,0.1099628433585167,-2.091120719909668,2.785253584384918,2.7725913274192115,0.012662256965706664,0.9741023057433661,0.42857142857142855,0.6
MLP_FP_04,mlp,MLP,FP,3,271605,0.07201563566923141,-2.556131601333618,3.2502644658088684,3.2403020227369406,0.00996244307192784,0.967875212469225,0.5384615384615384,0.6
MLP_FP_04,mlp,MLP,FP,4,284786,0.003993729129433632,-5.519028186798096,6.213161051273346,6.19445805477334,0.018702996500006286,0.9827786220934015,0.42857142857142855,0.9
MLP_FP_04,mlp,MLP,FP,5,278772,0.15564192831516266,-1.6910187005996704,2.3851515650749207,2.3862200504126307,0.00106848533771009,0.9423671101481034,0.42857142857142855,0.5
MLP_FP_04,mlp,MLP,FP,6,65755,0.03516860678792,-3.3117995262145996,4.00593239068985,4.005485441971638,0.0004469487182117149,0.9927853337064629,0.42857142857142855,0.8
MLP_FP_04,mlp,MLP,FP,7,262731,6.445494818763109e-06,-11.952122688293457,12.646255552768707,12.625297259625663,0.020958293143044315,0.9949112840779333,0.42857142857142855,0.8
MLP_FP_04,mlp,MLP,FP,8,21449,0.0923510417342186,-2.2852606773376465,2.9793935418128967,2.9908739759278475,0.01148043411495081,0.9894510687270874,0.42857142857142855,0.7
MLP_FP_04,mlp,MLP,FP,9,198454,8.289093784696888e-06,-11.7005615234375,12.39469438791275,12.455771165093637,0.061076777180886666,0.9878408357238984,0.42857142857142855,0.8
MLP_FP_04,mlp,MLP,FP,10,295346,5.101366696180776e-06,-12.185997009277344,12.880129873752594,12.888581402813701,0.00845152906110691,0.9933292155991634,0.42857142857142855,1.0
MLP_FP_04,mlp,MLP,FP,11,87343,0.00026873021852225065,-8.22153377532959,8.91566663980484,8.831124657233383,0.08454198257145684,0.970818327100461,0.42857142857142855,0.9
MLP_FP_04,mlp,MLP,FP,12,257740,2.1706420739064924e-05,-10.73788070678711,11.43201357126236,11.49852282392162,0.06650925265926055,0.9870393243371103,0.3333333333333333,0.6
MLP_FP_04,mlp,MLP,FP,13,150246,0.13943606615066528,-1.8199816942214966,2.514114558696747,2.538880142316284,0.024765583619537068,0.9800627100043314,0.3333333333333333,0.5
MLP_FP_04,mlp,MLP,FP,14,115022,0.26347869634628296,-1.0279656648635864,1.7220985293388367,1.727018767194391,0.004920237855554399,0.9696263447588309,0.25,1.0
MLP_FP_04,mlp,MLP,FP,15,163618,0.0001515899202786386,-8.794179916381836,9.488312780857086,9.461551815542016,0.026760965315069996,0.9681231503878128,0.17647058823529413,0.8
MLP_FP_04,mlp,MLP,FP,16,133372,0.14554473757743835,-1.769980549812317,2.464113414287567,2.4646147822435287,0.0005013679559615625,0.9443927931846565,0.3333333333333333,0.6
MLP_FP_04,mlp,MLP,FP,17,162071,0.13883274793624878,-1.8250187635421753,2.5191516280174255,2.52339684866598,0.004245220648554593,0.9769106535650046,0.3333333333333333,0.5
MLP_FP_04,mlp,MLP,FP,18,90067,0.05567143112421036,-2.8310070037841797,3.52513986825943,3.431115710816541,0.09402415744288906,0.9772452417366954,0.5384615384615384,0.4
MLP_FP_04,mlp,MLP,FP,19,111705,0.14582887291908264,-1.7676976919174194,2.4618305563926697,2.488424693972368,0.02659413757969853,0.9789744811416892,0.42857142857142855,0.5
MLP_FP_04,mlp,MLP,FP,20,34940,0.015493686310946941,-4.151707649230957,4.845840513706207,4.87048076409775,0.02464025039154283,0.9825719894480854,0.42857142857142855,0.8
MLP_FP_04,mlp,MLP,FP,21,212937,6.223006039363099e-06,-11.987251281738281,12.681384146213531,12.642017723131966,0.03936642308156557,0.9941481049739402,0.5384615384615384,0.8
MLP_FP_04,mlp,MLP,FP,22,214917,0.08746323734521866,-2.3450098037719727,3.039142668247223,3.112706384692532,0.0735637164453089,0.7858543650452,0.42857142857142855,0.7
MLP_FP_04,mlp,MLP,FP,23,70482,0.013435401022434235,-4.296335697174072,4.9904685616493225,4.916268304384147,0.07420025726517565,0.9910389459242704,0.5384615384615384,0.5
MLP_FP_04,mlp,MLP,FP,24,294868,6.007681349728955e-06,-12.022465705871582,12.716598570346832,12.658983383925095,0.05761518642173691,0.9936182130598151,0.42857142857142855,0.8
MLP_FP_04,mlp,MLP,FP,25,39929,0.18094870448112488,-1.5099332332611084,2.2040660977363586,2.1855930626183704,0.018473035117988257,0.9618414071426182,0.3333333333333333,0.8
MLP_FP_04,mlp,MLP,FP,26,138479,0.07455115020275116,-2.5187933444976807,3.212926208972931,3.203075465271175,0.00985074370175587,0.9945600803282921,0.5384615384615384,0.8
MLP_FP_04,mlp,MLP,FP,27,142790,0.0008157293195836246,-7.110611915588379,7.804744780063629,7.818308740683415,0.01356396061978593,0.9926633708990752,0.42857142857142855,0.9
MLP_FP_04,mlp,MLP,FP,28,100912,0.015954015776515007,-4.121962070465088,4.816094934940338,4.826751751250325,0.010656816309986716,0.9811973432979285,0.42857142857142855,0.8
MLP_FP_04,mlp,MLP,FP,29,74305,0.00028481162735261023,-8.163397789001465,8.857530653476715,8.854450743512785,0.0030799099639295946,0.9803164258211331,0.42857142857142855,0.9
MLP_FP_04,mlp,MLP,FP,30,264007,5.59629643248627e-06,-12.093400001525879,12.78753286600113,12.858085755908832,0.07055288990770237,0.9946855465717314,0.42857142857142855,0.8
MLP_FP_04,mlp,MLP,FP,31,265049,0.11013741046190262,-2.0893383026123047,2.783471167087555,2.765117814189353,0.018353352898202058,0.9753418912035945,0.42857142857142855,0.5
MLP_FP_04,mlp,MLP,FP,32,45738,0.08338304609060287,-2.397244691848755,3.091377556324005,3.103892856961757,0.01251530063775208,0.9899037641083683,0.5384615384615384,0.8
MLP_FP_05,mlp,MLP,FP,1,276817,0.0023396392352879047,-6.055416107177734,6.978655755519867,7.031404748512124,0.05274899299225666,0.24272549011535288,0.1111111111111111,0.3
MLP_FP_05,mlp,MLP,FP,2,214177,0.1099628433585167,-2.091120719909668,3.0143603682518005,2.9857258570660394,0.028634511185761102,0.02292575440994393,0.17647058823529413,0.7
MLP_FP_05,mlp,MLP,FP,3,271605,0.07201563566923141,-2.556131601333618,3.4793712496757507,3.4537245193665864,0.02564673030916431,0.3222357607036593,0.05263157894736842,0.3
MLP_FP_05,mlp,MLP,FP,4,284786,0.003993729129433632,-5.519028186798096,6.442267835140228,6.450244631883403,0.007976796743174752,0.5956776441452719,0.3333333333333333,0.9
MLP_FP_05,mlp,MLP,FP,5,278772,0.15564192831516266,-1.6910187005996704,2.614258348941803,2.610868044843135,0.003390304098668029,0.3731332005957089,0.1111111111111111,0.7
MLP_FP_05,mlp,MLP,FP,6,65755,0.03516860678792,-3.3117995262145996,4.235039174556732,4.233889351595848,0.0011498229608841726,0.7932599982780856,0.6666666666666666,0.8
MLP_FP_05,mlp,MLP,FP,7,262731,6.445494818763109e-06,-11.952122688293457,12.87536233663559,12.9173217519726,0.04195941533700953,0.8826396644577693,0.5384615384615384,0.9
MLP_FP_05,mlp,MLP,FP,8,21449,0.0923510417342186,-2.2852606773376465,3.208500325679779,3.2014316148610504,0.0070687108187286185,0.7708416109779866,0.6666666666666666,0.8
MLP_FP_05,mlp,MLP,FP,9,198454,8.289093784696888e-06,-11.7005615234375,12.623801171779633,12.646963131987386,0.023161960207753296,0.7959115056533008,0.42857142857142855,0.9
MLP_FP_05,mlp,MLP,FP,10,295346,5.101366696180776e-06,-12.185997009277344,13.109236657619476,13.129464499377287,0.02022784175781034,0.8014777231197522,0.42857142857142855,0.9
MLP_FP_05,mlp,MLP,FP,11,87343,0.00026873021852225065,-8.22153377532959,9.144773423671722,9.132182974083646,0.012590449588076424,0.615265747902583,0.42857142857142855,0.9
MLP_FP_05,mlp,MLP,FP,12,257740,2.1706420739064924e-05,-10.73788070678711,11.661120355129242,11.67147034352252,0.010349988393278053,0.2127811131470146,0.1111111111111111,0.3
MLP_FP_05,mlp,MLP,FP,13,150246,0.13943606615066528,-1.8199816942214966,2.743221342563629,2.728365611397383,0.014855731166246056,0.512000079648954,0.1111111111111111,0.7
MLP_FP_05,mlp,MLP,FP,14,115022,0.26347869634628296,-1.0279656648635864,1.951205313205719,1.95167834682589,0.00047303362017103723,0.6803867442204482,0.3333333333333333,0.9
MLP_FP_05,mlp,MLP,FP,15,163618,0.0001515899202786386,-8.794179916381836,9.717419564723969,9.739032137411773,0.021612572687804033,0.44702020423358274,0.25,0.8
MLP_FP_05,mlp,MLP,FP,16,133372,0.14554473757743835,-1.769980549812317,2.6932201981544495,2.6910801267690214,0.002140071385428044,0.4273876345606554,0.1111111111111111,0.6
MLP_FP_05,mlp,MLP,FP,17,162071,0.13883274793624878,-1.8250187635421753,2.748258411884308,2.743895689380287,0.004362722504021033,0.5008379089878037,0.1111111111111111,0.7
MLP_FP_05,mlp,MLP,FP,18,90067,0.05567143112421036,-2.8310070037841797,3.7542466521263123,3.752407812697347,0.0018388394289652332,0.10744994496121288,0.17647058823529413,0.2
MLP_FP_05,mlp,MLP,FP,19,111705,0.14582887291908264,-1.7676976919174194,2.690937340259552,2.676878471055358,0.014058869204193858,0.4533782197408029,0.1111111111111111,0.7
MLP_FP_05,mlp,MLP,FP,20,34940,0.015493686310946941,-4.151707649230957,5.07494729757309,5.065166295581009,0.00978100199208054,0.5662139888529096,0.25,0.9
MLP_FP_05,mlp,MLP,FP,21,212937,6.223006039363099e-06,-11.987251281738281,12.910490930080414,12.85448372948562,0.05600720059479336,0.8943660814907047,0.5384615384615384,0.9
MLP_FP_05,mlp,MLP,FP,22,214917,0.08746323734521866,-2.3450098037719727,3.2682494521141052,3.2648033827745278,0.0034460693395774733,0.44502070459218634,0.1111111111111111,0.9
MLP_FP_05,mlp,MLP,FP,23,70482,0.013435401022434235,-4.296335697174072,5.219575345516205,5.218608585561426,0.0009667599547791283,0.15412826972126584,0.05263157894736842,0.2
MLP_FP_05,mlp,MLP,FP,24,294868,6.007681349728955e-06,-12.022465705871582,12.945705354213715,12.927150198267363,0.01855515594635193,0.8923083809822424,0.5384615384615384,0.9
MLP_FP_05,mlp,MLP,FP,25,39929,0.18094870448112488,-1.5099332332611084,2.433172881603241,2.4351654410252777,0.0019925594220366882,0.6980178978662249,0.5384615384615384,0.9
MLP_FP_05,mlp,MLP,FP,26,138479,0.07455115020275116,-2.5187933444976807,3.4420329928398132,3.435011638272312,0.007021354567501081,0.8118670028498128,0.6666666666666666,0.8
MLP_FP_05,mlp,MLP,FP,27,142790,0.0008157293195836246,-7.110611915588379,8.033851563930511,8.025940674288615,0.007910889641896901,0.6890062005210768,0.42857142857142855,1.0
MLP_FP_05,mlp,MLP,FP,28,100912,0.015954015776515007,-4.121962070465088,5.0452017188072205,5.047153169084115,0.0019514502768949171,0.5613113200357583,0.25,0.9
MLP_FP_05,mlp,MLP,FP,29,74305,0.00028481162735261023,-8.163397789001465,9.086637437343597,9.084966071021666,0.0016713663219309893,0.6245439201313492,0.42857142857142855,0.9
MLP_FP_05,mlp,MLP,FP,30,264007,5.59629643248627e-06,-12.093400001525879,13.016639649868011,13.068382496629397,0.05174284676138541,0.8885131656339257,0.5384615384615384,0.9
MLP_FP_05,mlp,MLP,FP,31,265049,0.11013741046190262,-2.0893383026123047,3.0125779509544373,3.0414043834336444,0.02882643247920713,0.03140971068496669,0.17647058823529413,0.3
MLP_FP_05,mlp,MLP,FP,32,45738,0.08338304609060287,-2.397244691848755,3.3204843401908875,3.3141729799162296,0.00631136027465784,0.8010671289621911,0.6666666666666666,0.8
MLP_FP_06,mlp,MLP,FP,1,276817,0.0023396392352879047,-6.055416107177734,7.675262808799744,7.729602561735866,0.05433975293612203,0.4027928400888534,0.05263157894736842,0.3
MLP_FP_06,mlp,MLP,FP,2,214177,0.1099628433585167,-2.091120719909668,3.7109674215316772,3.727786987132336,0.01681956560065867,0.3775351806055957,0.17647058823529413,0.5
MLP_FP_06,mlp,MLP,FP,3,271605,0.07201563566923141,-2.556131601333618,4.175978302955627,4.169082008864722,0.006896294090905641,0.39378470311353103,0.1111111111111111,0.2
MLP_FP_06,mlp,MLP,FP,4,284786,0.003993729129433632,-5.519028186798096,7.138874888420105,7.155629539411454,0.01675465099134943,0.732112305645138,0.42857142857142855,0.8
MLP_FP_06,mlp,MLP,FP,5,278772,0.15564192831516266,-1.6910187005996704,3.3108654022216797,3.30993577854513,0.0009296236765496957,0.3842351684083777,0.1111111111111111,0.5
MLP_FP_06,mlp,MLP,FP,6,65755,0.03516860678792,-3.3117995262145996,4.931646227836609,4.903231892659148,0.028414335177460615,0.7904595585040353,0.5384615384615384,1.0
MLP_FP_06,mlp,MLP,FP,7,262731,6.445494818763109e-06,-11.952122688293457,13.571969389915466,13.52557216825173,0.04639722166373694,0.8221504267619233,0.6666666666666666,1.0
MLP_FP_06,mlp,MLP,FP,8,21449,0.0923510417342186,-2.2852606773376465,3.9051073789596558,3.904226197041318,0.0008811819183378589,0.778673165614066,0.5384615384615384,1.0
MLP_FP_06,mlp,MLP,FP,9,198454,8.289093784696888e-06,-11.7005615234375,13.32040822505951,13.352166942441293,0.03175871738178415,0.6627289220381087,0.3333333333333333,0.6
MLP_FP_06,mlp,MLP,FP,10,295346,5.101366696180776e-06,-12.185997009277344,13.805843710899353,13.83695355285027,0.031109841950916817,0.6857196727217881,0.25,0.6
MLP_FP_06,mlp,MLP,FP,11,87343,0.00026873021852225065,-8.22153377532959,9.8413804769516,9.856847540979551,0.015467064027951949,0.522759030003145,0.17647058823529413,0.7
MLP_FP_06,mlp,MLP,FP,12,257740,2.1706420739064924e-05,-10.73788070678711,12.357727408409119,12.313096404811347,0.04463100359777172,0.22329628418247008,0.05263157894736842,0.2
MLP_FP_06,mlp,MLP,FP,13,150246,0.13943606615066528,-1.8199816942214966,3.439828395843506,3.4577687693100834,0.01794037346657751,0.4168572216920469,0.1111111111111111,0.5
MLP_FP_06,mlp,MLP,FP,14,115022,0.26347869634628296,-1.0279656648635864,2.6478123664855957,2.6553077247543837,0.007495358268787999,0.6789083718732017,0.42857142857142855,0.9
MLP_FP_06,mlp,MLP,FP,15,163618,0.0001515899202786386,-8.794179916381836,10.414026618003845,10.442877399782079,0.028850781778233525,0.39964927201424544,0.1111111111111111,0.8
MLP_FP_06,mlp,MLP,FP,16,133372,0.14554473757743835,-1.769980549812317,3.389827251434326,3.4295319803591306,0.03970472892480448,0.34922427920422083,0.25,0.5
MLP_FP_06,mlp,MLP,FP,17,162071,0.13883274793624878,-1.8250187635421753,3.4448654651641846,3.443524596320545,0.0013408688436395977,0.412568102227762,0.1111111111111111,0.5
MLP_FP_06,mlp,MLP,FP,18,90067,0.05567143112421036,-2.8310070037841797,4.450853705406189,4.454747414293418,0.0038937088872286196,0.45587493479879865,0.1111111111111111,0.2
MLP_FP_06,mlp,MLP,FP,19,111705,0.14582887291908264,-1.7676976919174194,3.3875443935394287,3.378610714630731,0.008933678908697562,0.39898620693719256,0.1111111111111111,0.5
MLP_FP_06,mlp,MLP,FP,20,34940,0.015493686310946941,-4.151707649230957,5.771554350852966,5.751507384984138,0.02004696586882826,0.48776004847811893,0.5384615384615384,1.0
MLP_FP_06,mlp,MLP,FP,21,212937,6.223006039363099e-06,-11.987251281738281,13.60709798336029,13.566932497097426,0.04016548626286465,0.8372594545323453,0.6666666666666666,1.0
MLP_FP_06,mlp,MLP,FP,22,214917,0.08746323734521866,-2.3450098037719727,3.964856505393982,3.958734661826706,0.006121843567275853,0.7320012659865215,0.5384615384615384,0.8
MLP_FP_06,mlp,MLP,FP,23,70482,0.013435401022434235,-4.296335697174072,5.9161823987960815,5.926868713713241,0.010686314917159656,0.5119429238980793,0.1111111111111111,0.2
MLP_FP_06,mlp,MLP,FP,24,294868,6.007681349728955e-06,-12.022465705871582,13.642312407493591,13.628668208872071,0.013644198621520331,0.831415849283936,0.6666666666666666,1.0
MLP_FP_06,mlp,MLP,FP,25,39929,0.18094870448112488,-1.5099332332611084,3.1297799348831177,3.1337235613276433,0.003943626444525616,0.6662498998581515,0.42857142857142855,0.9
MLP_FP_06,mlp,MLP,FP,26,138479,0.07455115020275116,-2.5187933444976807,4.13864004611969,4.144862398375383,0.006222352255693231,0.8123162336250046,0.5384615384615384,1.0
MLP_FP_06,mlp,MLP,FP,27,142790,0.0008157293195836246,-7.110611915588379,8.730458617210388,8.725516653487679,0.004941963722709275,0.71103401477482,0.42857142857142855,0.7
MLP_FP_06,mlp,MLP,FP,28,100912,0.015954015776515007,-4.121962070465088,5.741808772087097,5.741239664334864,0.0005691077522333998,0.4870913167494682,0.5384615384615384,1.0
MLP_FP_06,mlp,MLP,FP,29,74305,0.00028481162735261023,-8.163397789001465,9.783244490623474,9.787260412741112,0.0040159221176381266,0.5172605435851444,0.17647058823529413,0.7
MLP_FP_06,mlp,MLP,FP,30,264007,5.59629643248627e-06,-12.093400001525879,13.713246703147888,13.710945524383604,0.002301178764284373,0.8280405642560225,0.6666666666666666,1.0
MLP_FP_06,mlp,MLP,FP,31,265049,0.11013741046190262,-2.0893383026123047,3.709185004234314,3.677937049061065,0.031247955173248965,0.3477612163319305,0.17647058823529413,0.2
MLP_FP_06,mlp,MLP,FP,32,45738,0.08338304609060287,-2.397244691848755,4.017091393470764,4.0105848456085,0.006506547862263901,0.7984396955600176,0.5384615384615384,1.0
MLP_FP_07,mlp,MLP,FP,1,276817,0.0023396392352879047,-6.055416107177734,10.029311418533325,10.008211285908581,0.02110013262474375,0.35976575779807396,0.17647058823529413,0.3
MLP_FP_07,mlp,MLP,FP,2,214177,0.1099628433585167,-2.091120719909668,6.065016031265259,6.076866567133182,0.011850535867923284,0.5448854475063448,0.5384615384615384,0.7
MLP_FP_07,mlp,MLP,FP,3,271605,0.07201563566923141,-2.556131601333618,6.530026912689209,6.508883433309789,0.02114347937942007,0.7320067014598379,0.17647058823529413,0.3
MLP_FP_07,mlp,MLP,FP,4,284786,0.003993729129433632,-5.519028186798096,9.492923498153687,9.488306616564264,0.004616881589422306,0.894243457238979,0.42857142857142855,0.7
MLP_FP_07,mlp,MLP,FP,5,278772,0.15564192831516266,-1.6910187005996704,5.664914011955261,5.668039357702355,0.0031253457470938883,0.7929207622936775,0.3333333333333333,0.7
MLP_FP_07,mlp,MLP,FP,6,65755,0.03516860678792,-3.3117995262145996,7.28569483757019,7.275168413609531,0.01052642396065906,0.9096159199558723,0.6666666666666666,0.8
MLP_FP_07,mlp,MLP,FP,7,262731,6.445494818763109e-06,-11.952122688293457,15.926017999649048,15.946648565994256,0.020630566345207768,0.8266037654547523,0.5384615384615384,0.8
MLP_FP_07,mlp,MLP,FP,8,21449,0.0923510417342186,-2.2852606773376465,6.259155988693237,6.278395413818098,0.019239425124860432,0.9036787047275988,0.6666666666666666,0.8
MLP_FP_07,mlp,MLP,FP,9,198454,8.289093784696888e-06,-11.7005615234375,15.67445683479309,15.669274116930714,0.0051827178623771175,0.6171392791113393,0.5384615384615384,0.9
MLP_FP_07,mlp,MLP,FP,10,295346,5.101366696180776e-06,-12.185997009277344,16.159892320632935,16.117689376786664,0.0422029438462701,0.6331066149769115,0.6666666666666666,0.9
MLP_FP_07,mlp,MLP,FP,11,87343,0.00026873021852225065,-8.22153377532959,12.19542908668518,12.192979196464078,0.0024498902211025353,0.7950279380022327,0.17647058823529413,0.7
MLP_FP_07,mlp,MLP,FP,12,257740,2.1706420739064924e-05,-10.73788070678711,14.7117760181427,14.723107341749373,0.011331323606672328,0.5239580443613562,0.17647058823529413,0.2
MLP_FP_07,mlp,MLP,FP,13,150246,0.13943606615066528,-1.8199816942214966,5.793877005577087,5.81557721797415,0.021700212397062657,0.800204201494642,0.3333333333333333,0.6
MLP_FP_07,mlp,MLP,FP,14,115022,0.26347869634628296,-1.0279656648635864,5.001860976219177,4.971943545197126,0.029917431022051133,0.8479844108596801,0.5384615384615384,0.9
MLP_FP_07,mlp,MLP,FP,15,163618,0.0001515899202786386,-8.794179916381836,12.768075227737427,12.69837254232843,0.0697026854089966,0.6003887922883755,0.17647058823529413,0.8
MLP_FP_07,mlp,MLP,FP,16,133372,0.14554473757743835,-1.769980549812317,5.743875861167908,5.754184036396985,0.010308175229077676,0.692546145561449,0.42857142857142855,0.6
MLP_FP_07,mlp,MLP,FP,17,162071,0.13883274793624878,-1.8250187635421753,5.798914074897766,5.839419513068607,0.04050543817084051,0.7994140710324977,0.3333333333333333,0.6
MLP_FP_07,mlp,MLP,FP,18,90067,0.05567143112421036,-2.8310070037841797,6.8049023151397705,6.803423418221501,0.0014788969182690792,0.749897562814849,0.17647058823529413,0.3
MLP_FP_07,mlp,MLP,FP,19,111705,0.14582887291908264,-1.7676976919174194,5.74159300327301,5.743984540687951,0.002391537414940359,0.7906964973738165,0.3333333333333333,0.6
MLP_FP_07,mlp,MLP,FP,20,34940,0.015493686310946941,-4.151707649230957,8.125602960586548,8.125872068065714,0.0002691074791663084,0.82265058374102,0.6666666666666666,0.8
MLP_FP_07,mlp,MLP,FP,21,212937,6.223006039363099e-06,-11.987251281738281,15.961146593093872,15.987410388811808,0.026263795717936134,0.8312349155433599,0.5384615384615384,0.9
MLP_FP_07,mlp,MLP,FP,22,214917,0.08746323734521866,-2.3450098037719727,6.3189051151275635,6.312974093101098,0.005931022026465449,0.866659358059032,0.5384615384615384,0.7
MLP_FP_07,mlp,MLP,FP,23,70482,0.013435401022434235,-4.296335697174072,8.270231008529663,8.258452079951578,0.011778928578085157,0.5960129438862704,0.17647058823529413,0.3
MLP_FP_07,mlp,MLP,FP,24,294868,6.007681349728955e-06,-12.022465705871582,15.996361017227173,15.992827252903515,0.0035337643236577065,0.8365262460495716,0.5384615384615384,0.9
MLP_FP_07,mlp,MLP,FP,25,39929,0.18094870448112488,-1.5099332332611084,5.483828544616699,5.487474008450757,0.0036454638340579493,0.7890753458437485,0.5384615384615384,0.9
MLP_FP_07,mlp,MLP,FP,26,138479,0.07455115020275116,-2.5187933444976807,6.4926886558532715,6.478022808867486,0.014665846985785436,0.9112297198651073,0.6666666666666666,0.8
MLP_FP_07,mlp,MLP,FP,27,142790,0.0008157293195836246,-7.110611915588379,11.08450722694397,11.086087861400461,0.001580634456491481,0.8999931423670074,0.42857142857142855,0.7
MLP_FP_07,mlp,MLP,FP,28,100912,0.015954015776515007,-4.121962070465088,8.095857381820679,8.094965404142881,0.0008919776777975841,0.8226890742815521,0.6666666666666666,0.8
MLP_FP_07,mlp,MLP,FP,29,74305,0.00028481162735261023,-8.163397789001465,12.137293100357056,12.14093479681789,0.0036416964608338986,0.7975727175910861,0.25,0.7
MLP_FP_07,mlp,MLP,FP,30,264007,5.59629643248627e-06,-12.093400001525879,16.06729531288147,16.072609112669994,0.00531379978852442,0.8323986709779565,0.5384615384615384,0.9
MLP_FP_07,mlp,MLP,FP,31,265049,0.11013741046190262,-2.0893383026123047,6.0632336139678955,6.075379423424442,0.01214580945654653,0.5927736713480953,0.25,0.4
MLP_FP_07,mlp,MLP,FP,32,45738,0.08338304609060287,-2.397244691848755,6.371140003204346,6.420063686754558,0.04892368355021226,0.902285405014264,0.6666666666666666,0.8
MLP_FP_08,mlp,MLP,FP,1,276817,0.0023396392352879047,-6.055416107177734,16.018258094787598,16.035029712457987,0.016771617670389816,0.3076402627958698,0.1111111111111111,0.2
MLP_FP_08,mlp,MLP,FP,2,214177,0.1099628433585167,-2.091120719909668,12.053962707519531,12.020105888092923,0.03385681942660845,0.34328736621682443,0.25,0.5
MLP_FP_08,mlp,MLP,FP,3,271605,0.07201563566923141,-2.556131601333618,12.518973588943481,12.555850269983848,0.03687668104036668,0.4285600189687871,0.1111111111111111,0.3
MLP_FP_08,mlp,MLP,FP,4,284786,0.003993729129433632,-5.519028186798096,15.481870174407959,15.492378944564596,0.01050877015663687,0.71850552102808,0.42857142857142855,0.9
MLP_FP_08,mlp,MLP,FP,5,278772,0.15564192831516266,-1.6910187005996704,11.653860688209534,11.667390021955041,0.013529333745507799,0.5205222370735965,0.17647058823529413,0.5
MLP_FP_08,mlp,MLP,FP,6,65755,0.03516860678792,-3.3117995262145996,13.274641513824463,13.27096786802731,0.0036736457971535685,0.8201818867605455,0.5384615384615384,0.9
MLP_FP_08,mlp,MLP,FP,7,262731,6.445494818763109e-06,-11.952122688293457,21.91496467590332,22.020911886720587,0.10594721081726632,0.7604460643525854,0.42857142857142855,1.0
MLP_FP_08,mlp,MLP,FP,8,21449,0.0923510417342186,-2.2852606773376465,12.24810266494751,12.218620485201878,0.029482179745631498,0.8019311729129973,0.6666666666666666,0.9
MLP_FP_08,mlp,MLP,FP,9,198454,8.289093784696888e-06,-11.7005615234375,21.663403511047363,21.684586209770615,0.021182698723251292,0.7026146797539912,0.42857142857142855,0.7
MLP_FP_08,mlp,MLP,FP,10,295346,5.101366696180776e-06,-12.185997009277344,22.148838996887207,22.12760405022113,0.021234946666076837,0.7397954292158224,0.42857142857142855,0.7
MLP_FP_08,mlp,MLP,FP,11,87343,0.00026873021852225065,-8.22153377532959,18.184375762939453,18.203837240133744,0.01946147719429092,0.7552992609992786,0.5384615384615384,0.8
MLP_FP_08,mlp,MLP,FP,12,257740,2.1706420739064924e-05,-10.73788070678711,20.700722694396973,20.648805936233387,0.05191675816358554,0.21943511660380616,0.05263157894736842,0.1
MLP_FP_08,mlp,MLP,FP,13,150246,0.13943606615066528,-1.8199816942214966,11.78282368183136,11.767691530752476,0.015132151078883993,0.5263332175463196,0.17647058823529413,0.5
MLP_FP_08,mlp,MLP,FP,14,115022,0.26347869634628296,-1.0279656648635864,10.99080765247345,11.02357186057057,0.03276420809712022,0.7790245553665831,0.42857142857142855,0.9
MLP_FP_08,mlp,MLP,FP,15,163618,0.0001515899202786386,-8.794179916381836,18.7570219039917,18.81668160269736,0.05965969870566212,0.6016559194672062,0.25,0.9
MLP_FP_08,mlp,MLP,FP,16,133372,0.14554473757743835,-1.769980549812317,11.73282253742218,11.725171174787851,0.007651362634328862,0.41333044287999304,0.25,0.5
MLP_FP_08,mlp,MLP,FP,17,162071,0.13883274793624878,-1.8250187635421753,11.787860751152039,11.81239677378884,0.0245360226368021,0.5226845473381629,0.17647058823529413,0.5
MLP_FP_08,mlp,MLP,FP,18,90067,0.05567143112421036,-2.8310070037841797,12.793848991394043,12.814095810277685,0.020246818883641993,0.37289637826989747,0.25,0.4
MLP_FP_08,mlp,MLP,FP,19,111705,0.14582887291908264,-1.7676976919174194,11.730539679527283,11.74213925387242,0.011599574345137142,0.5255803425260419,0.17647058823529413,0.5
MLP_FP_08,mlp,MLP,FP,20,34940,0.015493686310946941,-4.151707649230957,14.11454963684082,14.09590196314949,0.018647673691329913,0.5648152398586243,0.5384615384615384,0.9
MLP_FP_08,mlp,MLP,FP,21,212937,6.223006039363099e-06,-11.987251281738281,21.950093269348145,21.97604191063708,0.025948641288934482,0.764671983963737,0.42857142857142855,0.9
MLP_FP_08,mlp,MLP,FP,22,214917,0.08746323734521866,-2.3450098037719727,12.307851791381836,12.312248391660656,0.004396600278820273,0.6298049962978487,0.42857142857142855,0.9
MLP_FP_08,mlp,MLP,FP,23,70482,0.013435401022434235,-4.296335697174072,14.259177684783936,14.261616910094313,0.0024392253103773243,0.36809959571643336,0.17647058823529413,0.3
MLP_FP_08,mlp,MLP,FP,24,294868,6.007681349728955e-06,-12.022465705871582,21.985307693481445,22.050546213743548,0.06523852026210264,0.775921066306097,0.42857142857142855,1.0
MLP_FP_08,mlp,MLP,FP,25,39929,0.18094870448112488,-1.5099332332611084,11.472775220870972,11.472616775521029,0.00015844534994258197,0.753892006216615,0.42857142857142855,0.8
MLP_FP_08,mlp,MLP,FP,26,138479,0.07455115020275116,-2.5187933444976807,12.481635332107544,12.470972984678468,0.01066234742907568,0.8131910872267087,0.5384615384615384,0.9
MLP_FP_08,mlp,MLP,FP,27,142790,0.0008157293195836246,-7.110611915588379,17.073453903198242,17.055301681467405,0.01815222173083697,0.7827875783012307,0.42857142857142855,0.9
MLP_FP_08,mlp,MLP,FP,28,100912,0.015954015776515007,-4.121962070465088,14.084804058074951,14.062081013633453,0.02272304444149853,0.5651316205107282,0.5384615384615384,0.9
MLP_FP_08,mlp,MLP,FP,29,74305,0.00028481162735261023,-8.163397789001465,18.126239776611328,18.132417204795242,0.006177428183914202,0.7580717304767491,0.5384615384615384,0.8
MLP_FP_08,mlp,MLP,FP,30,264007,5.59629643248627e-06,-12.093400001525879,22.056241989135742,21.954795937070994,0.10144605206474822,0.7667265766810698,0.42857142857142855,1.0
MLP_FP_08,mlp,MLP,FP,31,265049,0.11013741046190262,-2.0893383026123047,12.052180290222168,12.082562682721186,0.03038239249901764,0.3329466319884727,0.1111111111111111,0.2
MLP_FP_08,mlp,MLP,FP,32,45738,0.08338304609060287,-2.397244691848755,12.360086679458618,12.341603266573255,0.018483412885363038,0.8118515040606891,0.5384615384615384,0.9
MLP_TN_01,mlp,MLP,TN,1,276817,0.0023396392352879047,-6.055416107177734,6.0393199026584625,6.037817570267574,0.0015023323908884834,0.36247265411652113,0.05263157894736842,0.2
MLP_TN_01,mlp,MLP,TN,2,214177,0.1099628433585167,-2.091120719909668,2.075024515390396,2.065539732585409,0.009484782804987102,0.39342720483076965,0.1111111111111111,0.5
MLP_TN_01,mlp,MLP,TN,3,271605,0.07201563566923141,-2.556131601333618,2.5400353968143463,2.5306649452697365,0.009370451544609804,0.2963779473112318,0.1111111111111111,0.2
MLP_TN_01,mlp,MLP,TN,4,284786,0.003993729129433632,-5.519028186798096,5.502931982278824,5.503284668723579,0.000352686444754724,0.7632654526302667,0.42857142857142855,0.9
MLP_TN_01,mlp,MLP,TN,5,278772,0.15564192831516266,-1.6910187005996704,1.6749224960803986,1.6786806514984962,0.003758155418097653,0.4198761589769185,0.1111111111111111,0.7
MLP_TN_01,mlp,MLP,TN,6,65755,0.03516860678792,-3.3117995262145996,3.2957033216953278,3.288063378034815,0.0076399436605125715,0.8154843592471784,0.42857142857142855,1.0
MLP_TN_01,mlp,MLP,TN,7,262731,6.445494818763109e-06,-11.952122688293457,11.936026483774185,11.932590207152396,0.003436276621789247,0.7903946053807664,0.5384615384615384,1.0
MLP_TN_01,mlp,MLP,TN,8,21449,0.0923510417342186,-2.2852606773376465,2.2691644728183746,2.2642064732676235,0.004957999550751158,0.7997580940777004,0.5384615384615384,1.0
MLP_TN_01,mlp,MLP,TN,9,198454,8.289093784696888e-06,-11.7005615234375,11.684465318918228,11.675153088975938,0.009312229942290529,0.7148813428822027,0.42857142857142855,0.8
MLP_TN_01,mlp,MLP,TN,10,295346,5.101366696180776e-06,-12.185997009277344,12.169900804758072,12.15732680077377,0.01257400398430164,0.7206628573342111,0.42857142857142855,0.8
MLP_TN_01,mlp,MLP,TN,11,87343,0.00026873021852225065,-8.22153377532959,8.205437570810318,8.218260091883108,0.012822521072790138,0.5497182793497477,0.3333333333333333,0.8
MLP_TN_01,mlp,MLP,TN,12,257740,2.1706420739064924e-05,-10.73788070678711,10.721784502267838,10.71848762243593,0.0032968798319075177,0.3060644664769467,0.05263157894736842,0.1
MLP_TN_01,mlp,MLP,TN,13,150246,0.13943606615066528,-1.8199816942214966,1.8038854897022247,1.8004946063863958,0.0033908833158289298,0.44698060911798354,0.17647058823529413,0.7
MLP_TN_01,mlp,MLP,TN,14,115022,0.26347869634628296,-1.0279656648635864,1.0118694603443146,1.0167669499369594,0.004897489592644799,0.6932192597501613,0.42857142857142855,1.0
MLP_TN_01,mlp,MLP,TN,15,163618,0.0001515899202786386,-8.794179916381836,8.778083711862564,8.746175174081339,0.03190853778122538,0.3609252519043276,0.25,0.9
MLP_TN_01,mlp,MLP,TN,16,133372,0.14554473757743835,-1.769980549812317,1.753884345293045,1.7695530189138706,0.01566867362082558,0.4123228392142626,0.1111111111111111,0.5
MLP_TN_01,mlp,MLP,TN,17,162071,0.13883274793624878,-1.8250187635421753,1.8089225590229034,1.8114785446652597,0.002555985642356262,0.44160134847422317,0.17647058823529413,0.7
MLP_TN_01,mlp,MLP,TN,18,90067,0.05567143112421036,-2.8310070037841797,2.814910799264908,2.8102075775108277,0.004703221754080111,0.6285671869890923,0.17647058823529413,0.3
MLP_TN_01,mlp,MLP,TN,19,111705,0.14582887291908264,-1.7676976919174194,1.7516014873981476,1.7562909790472652,0.004689491649117583,0.42663797594921105,0.17647058823529413,0.7
MLP_TN_01,mlp,MLP,TN,20,34940,0.015493686310946941,-4.151707649230957,4.135611444711685,4.134221241680771,0.0013902030309145275,0.6412574720002566,0.42857142857142855,0.9
MLP_TN_01,mlp,MLP,TN,21,212937,6.223006039363099e-06,-11.987251281738281,11.97115507721901,11.967162370053869,0.003992707165140885,0.8063318842202583,0.6666666666666666,1.0
MLP_TN_01,mlp,MLP,TN,22,214917,0.08746323734521866,-2.3450098037719727,2.328913599252701,2.3215157327974767,0.007397866455224111,0.7636469960939567,0.5384615384615384,0.9
MLP_TN_01,mlp,MLP,TN,23,70482,0.013435401022434235,-4.296335697174072,4.2802394926548,4.285697668350004,0.005458175695203238,0.6028442708630162,0.17647058823529413,0.3
MLP_TN_01,mlp,MLP,TN,24,294868,6.007681349728955e-06,-12.022465705871582,12.00636950135231,12.032834403183866,0.02646490183155592,0.7933223546807152,0.6666666666666666,1.0
MLP_TN_01,mlp,MLP,TN,25,39929,0.18094870448112488,-1.5099332332611084,1.4938370287418365,1.4939603368233585,0.0001233080815219445,0.6945138191805645,0.42857142857142855,1.0
MLP_TN_01,mlp,MLP,TN,26,138479,0.07455115020275116,-2.5187933444976807,2.502697139978409,2.497278077758873,0.0054190622195360305,0.8146056892416077,0.5384615384615384,1.0
MLP_TN_01,mlp,MLP,TN,27,142790,0.0008157293195836246,-7.110611915588379,7.094515711069107,7.091469370355427,0.003046340713679818,0.7842872016110635,0.5384615384615384,0.9
MLP_TN_01,mlp,MLP,TN,28,100912,0.015954015776515007,-4.121962070465088,4.105865865945816,4.108482458455145,0.0026165925093293296,0.6377712468952805,0.42857142857142855,0.9
MLP_TN_01,mlp,MLP,TN,29,74305,0.00028481162735261023,-8.163397789001465,8.147301584482193,8.138025145545608,0.009276438936584697,0.5549104048612724,0.3333333333333333,0.8
MLP_TN_01,mlp,MLP,TN,30,264007,5.59629643248627e-06,-12.093400001525879,12.077303797006607,12.06150831779074,0.015795479215867658,0.7959383711117505,0.5384615384615384,1.0
MLP_TN_01,mlp,MLP,TN,31,265049,0.11013741046190262,-2.0893383026123047,2.073242098093033,2.0613787703739743,0.011863327719058514,0.38850366436088823,0.1111111111111111,0.2
MLP_TN_01,mlp,MLP,TN,32,45738,0.08338304609060287,-2.397244691848755,2.381148487329483,2.386157033932548,0.005008546603065156,0.815546069479119,0.5384615384615384,1.0
MLP_TN_02,mlp,MLP,TN,1,276817,0.0023396392352879047,-6.055416107177734,4.323727369308472,4.325341623768695,0.0016142544602235631,0.32662006378472447,0.17647058823529413,0.4
MLP_TN_02,mlp,MLP,TN,2,214177,0.1099628433585167,-2.091120719909668,0.3594319820404053,0.35005025094345044,0.009381731096954837,0.01817606253956067,0.1111111111111111,0.2
MLP_TN_02,mlp,MLP,TN,3,271605,0.07201563566923141,-2.556131601333618,0.8244428634643555,0.8248045483819191,0.00036168491756360943,0.29267361707836637,0.17647058823529413,0.4
MLP_TN_02,mlp,MLP,TN,4,284786,0.003993729129433632,-5.519028186798096,3.787339448928833,3.7862856897328747,0.0010537591959582926,0.49095565358874604,0.42857142857142855,0.7
MLP_TN_02,mlp,MLP,TN,5,278772,0.15564192831516266,-1.6910187005996704,-0.040670037269592285,-0.04063706658484473,3.297068474755749e-05,0.05023035841144154,0.05263157894736842,0.0
MLP_TN_02,mlp,MLP,TN,6,65755,0.03516860678792,-3.3117995262145996,1.580110788345337,1.5827083361300818,0.002597547784744858,0.6828439082551044,0.25,1.0
MLP_TN_02,mlp,MLP,TN,7,262731,6.445494818763109e-06,-11.952122688293457,10.220433950424194,10.22672746954764,0.00629351912344589,0.8373986010201007,0.42857142857142855,1.0
MLP_TN_02,mlp,MLP,TN,8,21449,0.0923510417342186,-2.2852606773376465,0.5535719394683838,0.5491958580007328,0.004376081467651005,0.4737088216234701,0.3333333333333333,0.6
MLP_TN_02,mlp,MLP,TN,9,198454,8.289093784696888e-06,-11.7005615234375,9.968872785568237,9.99144961634075,0.022576830772512935,0.6592179308865634,0.25,0.6
MLP_TN_02,mlp,MLP,TN,10,295346,5.101366696180776e-06,-12.185997009277344,10.454308271408081,10.47588723309251,0.021578961684429743,0.6833033353655689,0.25,0.6
MLP_TN_02,mlp,MLP,TN,11,87343,0.00026873021852225065,-8.22153377532959,6.489845037460327,6.484477335934109,0.005367701526218127,0.5025955350223951,0.3333333333333333,0.8
MLP_TN_02,mlp,MLP,TN,12,257740,2.1706420739064924e-05,-10.73788070678711,9.006191968917847,9.014754146834292,0.008562177916445535,0.3031069511751464,0.17647058823529413,0.4
MLP_TN_02,mlp,MLP,TN,13,150246,0.13943606615066528,-1.8199816942214966,0.08829295635223389,0.08816628782096778,0.00012666853126611088,0.3560375446826718,0.17647058823529413,0.4
MLP_TN_02,mlp,MLP,TN,14,115022,0.26347869634628296,-1.0279656648635864,-0.7037230730056763,-0.7053905190710665,0.0016674460653902656,0.5075431290491592,0.42857142857142855,0.9
MLP_TN_02,mlp,MLP,TN,15,163618,0.0001515899202786386,-8.794179916381836,7.062491178512573,7.073675593457251,0.011184414944677812,0.4862973001712169,0.25,0.7
MLP_TN_02,mlp,MLP,TN,16,133372,0.14554473757743835,-1.769980549812317,0.0382918119430542,0.03705226049270697,0.0012395514503472302,0.04660615078530188,0.1111111111111111,0.4
MLP_TN_02,mlp,MLP,TN,17,162071,0.13883274793624878,-1.8250187635421753,0.0933300256729126,0.09318229117090604,0.0001477345020065579,0.35156551079621795,0.17647058823529413,0.3
MLP_TN_02,mlp,MLP,TN,18,90067,0.05567143112421036,-2.8310070037841797,1.099318265914917,1.1008078842809166,0.0014896183659995899,0.4271701575446149,0.25,0.4
MLP_TN_02,mlp,MLP,TN,19,111705,0.14582887291908264,-1.7676976919174194,0.03600895404815674,0.03607943930616373,7.048525800699285e-05,0.32945254029212445,0.1111111111111111,0.3
MLP_TN_02,mlp,MLP,TN,20,34940,0.015493686310946941,-4.151707649230957,2.4200189113616943,2.417984042402765,0.002034868958929348,0.305208129823109,0.3333333333333333,0.8
MLP_TN_02,mlp,MLP,TN,21,212937,6.223006039363099e-06,-11.987251281738281,10.255562543869019,10.248230108404954,0.007332435464064702,0.8478671136246835,0.42857142857142855,1.0
MLP_TN_02,mlp,MLP,TN,22,214917,0.08746323734521866,-2.3450098037719727,0.61332106590271,0.6086516706669494,0.004669395235760598,0.4586244277166301,0.3333333333333333,0.7
MLP_TN_02,mlp,MLP,TN,23,70482,0.013435401022434235,-4.296335697174072,2.5646469593048096,2.5556753574469933,0.008971601857816314,0.39600875223883014,0.3333333333333333,0.5
MLP_TN_02,mlp,MLP,TN,24,294868,6.007681349728955e-06,-12.022465705871582,10.29077696800232,10.290719217971906,5.7750030412861975e-05,0.843784319349194,0.42857142857142855,1.0
MLP_TN_02,mlp,MLP,TN,25,39929,0.18094870448112488,-1.5099332332611084,-0.2217555046081543,-0.22371037077410683,0.001954866165952529,0.3018725977282435,0.3333333333333333,0.8
MLP_TN_02,mlp,MLP,TN,26,138479,0.07455115020275116,-2.5187933444976807,0.787104606628418,0.783257243171299,0.003847363457119002,0.6537724146961794,0.25,0.8
MLP_TN_02,mlp,MLP,TN,27,142790,0.0008157293195836246,-7.110611915588379,5.378923177719116,5.380072390739529,0.0011492130204127093,0.4893521076539784,0.3333333333333333,0.5
MLP_TN_02,mlp,MLP,TN,28,100912,0.015954015776515007,-4.121962070465088,2.390273332595825,2.3944294565290747,0.004156123933249489,0.3060576431788932,0.3333333333333333,0.8
MLP_TN_02,mlp,MLP,TN,29,74305,0.00028481162735261023,-8.163397789001465,6.431709051132202,6.421623941488646,0.010085109643556578,0.5133169369141987,0.3333333333333333,0.8
MLP_TN_02,mlp,MLP,TN,30,264007,5.59629643248627e-06,-12.093400001525879,10.361711263656616,10.358929043965063,0.002782219691553678,0.8416325111171514,0.42857142857142855,1.0
MLP_TN_02,mlp,MLP,TN,31,265049,0.11013741046190262,-2.0893383026123047,0.357649564743042,0.36224194784117425,0.004592383098132258,-0.032998412241677974,0.25,0.1
MLP_TN_02,mlp,MLP,TN,32,45738,0.08338304609060287,-2.397244691848755,0.6655559539794922,0.6695619948695708,0.00400604089007861,0.6420287100512269,0.25,0.8
MLP_TN_03,mlp,MLP,TN,1,276817,0.0023396392352879047,-6.055416107177734,4.198094367980957,4.18416024057975,0.013934127401206808,0.2925836788555316,0.1111111111111111,0.4
MLP_TN_03,mlp,MLP,TN,2,214177,0.1099628433585167,-2.091120719909668,0.23379898071289062,0.23403256316786758,0.00023358245497695496,0.14994792640122356,0.17647058823529413,0.3
MLP_TN_03,mlp,MLP,TN,3,271605,0.07201563566923141,-2.556131601333618,0.6988098621368408,0.7010101663265053,0.002200304189664437,0.15000452711544085,0.05263157894736842,0.3
MLP_TN_03,mlp,MLP,TN,4,284786,0.003993729129433632,-5.519028186798096,3.6617064476013184,3.6599094968090604,0.0017969507922579453,0.6293384775824477,0.25,0.7
MLP_TN_03,mlp,MLP,TN,5,278772,0.15564192831516266,-1.6910187005996704,-0.16630303859710693,-0.16632785608401135,2.4817486904415986e-05,-0.514588860445556,0.05263157894736842,0.0
MLP_TN_03,mlp,MLP,TN,6,65755,0.03516860678792,-3.3117995262145996,1.4544777870178223,1.4520446729926109,0.0024331140252114025,0.6779019506141313,0.25,1.0
MLP_TN_03,mlp,MLP,TN,7,262731,6.445494818763109e-06,-11.952122688293457,10.09480094909668,10.077832516158782,0.016968432937897404,0.8388774733678259,0.5384615384615384,0.9
MLP_TN_03,mlp,MLP,TN,8,21449,0.0923510417342186,-2.2852606773376465,0.42793893814086914,0.4284737698146488,0.0005348316737796566,0.13145069450506003,0.25,0.6
MLP_TN_03,mlp,MLP,TN,9,198454,8.289093784696888e-06,-11.7005615234375,9.843239784240723,9.860154082689716,0.016914298448993392,0.8100603609995011,0.3333333333333333,0.7
MLP_TN_03,mlp,MLP,TN,10,295346,5.101366696180776e-06,-12.185997009277344,10.328675270080566,10.313931536672648,0.014743733407918569,0.8057159277193319,0.3333333333333333,0.7
MLP_TN_03,mlp,MLP,TN,11,87343,0.00026873021852225065,-8.22153377532959,6.3642120361328125,6.357724443961201,0.006487592171611212,0.5672803196694995,0.25,0.6
MLP_TN_03,mlp,MLP,TN,12,257740,2.1706420739064924e-05,-10.73788070678711,8.880558967590332,8.882849619312132,0.0022906517218004296,0.4402967673407201,0.17647058823529413,0.4
MLP_TN_03,mlp,MLP,TN,13,150246,0.13943606615066528,-1.8199816942214966,-0.03734004497528076,-0.03737763033824987,3.758536296910586e-05,-0.5398177491987839,0.05263157894736842,0.2
MLP_TN_03,mlp,MLP,TN,14,115022,0.26347869634628296,-1.0279656648635864,-0.8293560743331909,-0.8288229160143356,0.0005331583188553646,0.2473168485234508,0.17647058823529413,0.6
MLP_TN_03,mlp,MLP,TN,15,163618,0.0001515899202786386,-8.794179916381836,6.936858177185059,6.931395183965244,0.0054629932198144715,0.589124444759738,0.25,0.7
MLP_TN_03,mlp,MLP,TN,16,133372,0.14554473757743835,-1.769980549812317,-0.08734118938446045,-0.08589908252857498,0.0014421068558854722,0.07347958397872552,0.1111111111111111,0.3
MLP_TN_03,mlp,MLP,TN,17,162071,0.13883274793624878,-1.8250187635421753,-0.03230297565460205,-0.03248961778694165,0.00018664213233959837,-0.5401477396154732,0.05263157894736842,0.1
MLP_TN_03,mlp,MLP,TN,18,90067,0.05567143112421036,-2.8310070037841797,0.9736852645874023,0.9825676029430879,0.008882338355685526,0.5012713235983156,0.17647058823529413,0.4
MLP_TN_03,mlp,MLP,TN,19,111705,0.14582887291908264,-1.7676976919174194,-0.08962404727935791,-0.08967185389345185,4.7806614093939825e-05,-0.5222063347752804,0.1111111111111111,0.0
MLP_TN_03,mlp,MLP,TN,20,34940,0.015493686310946941,-4.151707649230957,2.2943859100341797,2.291918213246508,0.0024676967876717804,0.41267550429545113,0.25,0.8
MLP_TN_03,mlp,MLP,TN,21,212937,6.223006039363099e-06,-11.987251281738281,10.129929542541504,10.130985742094666,0.0010561995531617185,0.8318956774252357,0.5384615384615384,0.9
MLP_TN_03,mlp,MLP,TN,22,214917,0.08746323734521866,-2.3450098037719727,0.4876880645751953,0.48457345244121164,0.003114612133983674,0.5219968594303352,0.25,0.5
MLP_TN_03,mlp,MLP,TN,23,70482,0.013435401022434235,-4.296335697174072,2.439013957977295,2.4477950657154737,0.00878110773817875,0.3567254380980107,0.25,0.5
MLP_TN_03,mlp,MLP,TN,24,294868,6.007681349728955e-06,-12.022465705871582,10.165143966674805,10.177623743874829,0.012479777200024245,0.8362129720392318,0.6666666666666666,0.9
MLP_TN_03,mlp,MLP,TN,25,39929,0.18094870448112488,-1.5099332332611084,-0.34738850593566895,-0.34437746335609,0.0030110425795789597,0.13374880322369584,0.17647058823529413,0.6
MLP_TN_03,mlp,MLP,TN,26,138479,0.07455115020275116,-2.5187933444976807,0.6614716053009033,0.662003426367106,0.0005318210662026424,0.5575634779212647,0.25,0.8
MLP_TN_03,mlp,MLP,TN,27,142790,0.0008157293195836246,-7.110611915588379,5.253290176391602,5.257091053617457,0.0038008772258555368,0.6776224302770528,0.25,0.7
MLP_TN_03,mlp,MLP,TN,28,100912,0.015954015776515007,-4.121962070465088,2.2646403312683105,2.2620883897669795,0.0025519415013310898,0.40197567489826597,0.25,0.8
MLP_TN_03,mlp,MLP,TN,29,74305,0.00028481162735261023,-8.163397789001465,6.3060760498046875,6.308086321022497,0.0020102712178093896,0.5736363347021345,0.25,0.6
MLP_TN_03,mlp,MLP,TN,30,264007,5.59629643248627e-06,-12.093400001525879,10.236078262329102,10.218210473729462,0.017867788599639667,0.8367110854386755,0.5384615384615384,0.9
MLP_TN_03,mlp,MLP,TN,31,265049,0.11013741046190262,-2.0893383026123047,0.23201656341552734,0.23237124613000146,0.0003546827144741138,0.1483987765722255,0.17647058823529413,0.2
MLP_TN_03,mlp,MLP,TN,32,45738,0.08338304609060287,-2.397244691848755,0.5399229526519775,0.5403045798644414,0.0003816272124638198,0.4715481351686453,0.3333333333333333,0.7
MLP_TN_04,mlp,MLP,TN,1,276817,0.0023396392352879047,-6.055416107177734,3.9147701263427734,3.9156574665162864,0.000887340173512996,0.15950298801648924,0.0,0.2
MLP_TN_04,mlp,MLP,TN,2,214177,0.1099628433585167,-2.091120719909668,-0.04952526092529297,-0.04953468979387006,9.42886857709102e-06,-0.2060749113350765,0.05263157894736842,0.0
MLP_TN_04,mlp,MLP,TN,3,271605,0.07201563566923141,-2.556131601333618,0.4154856204986572,0.4150287269802382,0.0004568935184190437,0.11666395981911457,0.05263157894736842,0.3
MLP_TN_04,mlp,MLP,TN,4,284786,0.003993729129433632,-5.519028186798096,3.3783822059631348,3.3813470562805508,0.0029648503174160012,0.5075539694516782,0.3333333333333333,0.6
MLP_TN_04,mlp,MLP,TN,5,278772,0.15564192831516266,-1.6910187005996704,-0.4496272802352905,-0.4567517547189604,0.007124474483669874,0.17573124738004803,0.17647058823529413,0.5
MLP_TN_04,mlp,MLP,TN,6,65755,0.03516860678792,-3.3117995262145996,1.1711535453796387,1.1722479130113317,0.0010943676316930162,0.6992700781203071,0.3333333333333333,0.7
MLP_TN_04,mlp,MLP,TN,7,262731,6.445494818763109e-06,-11.952122688293457,9.811476707458496,9.80573188796786,0.005744819490635322,0.7818127772751431,0.5384615384615384,0.9
MLP_TN_04,mlp,MLP,TN,8,21449,0.0923510417342186,-2.2852606773376465,0.14461469650268555,0.13915743351954246,0.005457262983143085,0.6342664753344546,0.3333333333333333,0.7
MLP_TN_04,mlp,MLP,TN,9,198454,8.289093784696888e-06,-11.7005615234375,9.559915542602539,9.552302776013203,0.007612766589335962,0.6335966584826999,0.25,0.6
MLP_TN_04,mlp,MLP,TN,10,295346,5.101366696180776e-06,-12.185997009277344,10.045351028442383,10.045573059115116,0.00022203067273274257,0.6539706580283913,0.25,0.6
MLP_TN_04,mlp,MLP,TN,11,87343,0.00026873021852225065,-8.22153377532959,6.080887794494629,6.0621685666481575,0.018719227846471398,0.5485241784119466,0.25,0.6
MLP_TN_04,mlp,MLP,TN,12,257740,2.1706420739064924e-05,-10.73788070678711,8.597234725952148,8.596880519175336,0.0003542067768123047,0.21792342930667907,0.1111111111111111,0.1
MLP_TN_04,mlp,MLP,TN,13,150246,0.13943606615066528,-1.8199816942214966,-0.32066428661346436,-0.31858264299992645,0.002081643613537909,0.20008334410706452,0.17647058823529413,0.6
MLP_TN_04,mlp,MLP,TN,14,115022,0.26347869634628296,-1.0279656648635864,-1.1126803159713745,-1.1077866912719256,0.004893624699448873,0.5726955582250604,0.5384615384615384,0.9
MLP_TN_04,mlp,MLP,TN,15,163618,0.0001515899202786386,-8.794179916381836,6.653533935546875,6.646091474687943,0.007442460858931632,0.5223703455295,0.17647058823529413,0.8
MLP_TN_04,mlp,MLP,TN,16,133372,0.14554473757743835,-1.769980549812317,-0.37066543102264404,-0.36726420195232773,0.003401229070316314,0.02439887601860171,0.17647058823529413,0.3
MLP_TN_04,mlp,MLP,TN,17,162071,0.13883274793624878,-1.8250187635421753,-0.31562721729278564,-0.3150624156816863,0.0005648016110993415,0.21128441591191507,0.17647058823529413,0.6
MLP_TN_04,mlp,MLP,TN,18,90067,0.05567143112421036,-2.8310070037841797,0.6903610229492188,0.6542283148685644,0.036132708080654385,0.22145405003792054,0.1111111111111111,0.3
MLP_TN_04,mlp,MLP,TN,19,111705,0.14582887291908264,-1.7676976919174194,-0.3729482889175415,-0.37340607422914895,0.0004577853116074504,0.1940449708820232,0.17647058823529413,0.6
MLP_TN_04,mlp,MLP,TN,20,34940,0.015493686310946941,-4.151707649230957,2.011061668395996,2.0088974204390446,0.0021642479569514705,0.4292442120658729,0.5384615384615384,0.9
MLP_TN_04,mlp,MLP,TN,21,212937,6.223006039363099e-06,-11.987251281738281,9.84660530090332,9.828309046399852,0.01829625450346839,0.7835040194792151,0.5384615384615384,0.9
MLP_TN_04,mlp,MLP,TN,22,214917,0.08746323734521866,-2.3450098037719727,0.20436382293701172,0.19639723946718246,0.007966583469829258,0.24596710643623743,0.3333333333333333,0.5
MLP_TN_04,mlp,MLP,TN,23,70482,0.013435401022434235,-4.296335697174072,2.1556897163391113,2.1502831063184615,0.005406610020649794,0.24703018004617125,0.25,0.3
MLP_TN_04,mlp,MLP,TN,24,294868,6.007681349728955e-06,-12.022465705871582,9.881819725036621,9.891218311454255,0.009398586417633581,0.7965567648048256,0.5384615384615384,0.9
MLP_TN_04,mlp,MLP,TN,25,39929,0.18094870448112488,-1.5099332332611084,-0.6307127475738525,-0.6098000809485864,0.02091266662526614,0.40055133645823215,0.42857142857142855,0.8
MLP_TN_04,mlp,MLP,TN,26,138479,0.07455115020275116,-2.5187933444976807,0.3781473636627197,0.3898587536621245,0.011711389999404798,0.6535435814961141,0.3333333333333333,0.7
MLP_TN_04,mlp,MLP,TN,27,142790,0.0008157293195836246,-7.110611915588379,4.969965934753418,4.96497375972697,0.004992175026448109,0.6448856057934496,0.42857142857142855,0.7
MLP_TN_04,mlp,MLP,TN,28,100912,0.015954015776515007,-4.121962070465088,1.981316089630127,1.9730428437013579,0.008273245928769102,0.42881960959237414,0.5384615384615384,0.9
MLP_TN_04,mlp,MLP,TN,29,74305,0.00028481162735261023,-8.163397789001465,6.022751808166504,6.026237783112802,0.0034859749462983203,0.548905813040294,0.3333333333333333,0.6
MLP_TN_04,mlp,MLP,TN,30,264007,5.59629643248627e-06,-12.093400001525879,9.952754020690918,9.951686322300946,0.001067698389972449,0.7881416268433453,0.5384615384615384,0.9
MLP_TN_04,mlp,MLP,TN,31,265049,0.11013741046190262,-2.0893383026123047,-0.05130767822265625,-0.05121688445237047,9.079377028577834e-05,-0.29168736250216465,0.17647058823529413,0.2
MLP_TN_04,mlp,MLP,TN,32,45738,0.08338304609060287,-2.397244691848755,0.25659871101379395,0.25931860474310753,0.0027198937293135828,0.6931152027184896,0.3333333333333333,0.7
MLP_TN_05,mlp,MLP,TN,1,276817,0.0023396392352879047,-6.055416107177734,3.2157719135284424,3.2089497392050643,0.006822174323378061,0.30768937434241017,0.17647058823529413,0.3
MLP_TN_05,mlp,MLP,TN,2,214177,0.1099628433585167,-2.091120719909668,-0.748523473739624,-0.7419497985024548,0.00657367523716923,0.2482829134701132,0.42857142857142855,0.6
MLP_TN_05,mlp,MLP,TN,3,271605,0.07201563566923141,-2.556131601333618,-0.28351259231567383,-0.2868152196477402,0.003302627332066377,0.31044241921780164,0.1111111111111111,0.2
MLP_TN_05,mlp,MLP,TN,4,284786,0.003993729129433632,-5.519028186798096,2.6793839931488037,2.6822982385861773,0.0029142454373736193,0.5326478216216771,0.25,0.5
MLP_TN_05,mlp,MLP,TN,5,278772,0.15564192831516266,-1.6910187005996704,-1.1486254930496216,-1.1501192248973697,0.0014937318477481476,0.21675546304196372,0.17647058823529413,0.7
MLP_TN_05,mlp,MLP,TN,6,65755,0.03516860678792,-3.3117995262145996,0.4721553325653076,0.4772693916328714,0.005114059067563792,0.7387990737011697,0.3333333333333333,0.7
MLP_TN_05,mlp,MLP,TN,7,262731,6.445494818763109e-06,-11.952122688293457,9.112478494644165,9.112679630957167,0.00020113631300233692,0.8348556106773485,0.42857142857142855,0.8
MLP_TN_05,mlp,MLP,TN,8,21449,0.0923510417342186,-2.2852606773376465,-0.5543835163116455,-0.5490557683542778,0.005327747957367679,0.6543145566672968,0.25,0.7
MLP_TN_05,mlp,MLP,TN,9,198454,8.289093784696888e-06,-11.7005615234375,8.860917329788208,8.854594406403006,0.006322923385202017,0.845921830443601,0.42857142857142855,0.9
MLP_TN_05,mlp,MLP,TN,10,295346,5.101366696180776e-06,-12.185997009277344,9.346352815628052,9.362178840268431,0.015826024640379188,0.8240674780210785,0.42857142857142855,0.9
MLP_TN_05,mlp,MLP,TN,11,87343,0.00026873021852225065,-8.22153377532959,5.381889581680298,5.37068140251185,0.011208179168447963,0.36705783702041866,0.17647058823529413,0.5
MLP_TN_05,mlp,MLP,TN,12,257740,2.1706420739064924e-05,-10.73788070678711,7.898236513137817,7.910256491735074,0.012019978597257008,0.27428130867315464,0.1111111111111111,0.1
MLP_TN_05,mlp,MLP,TN,13,150246,0.13943606615066528,-1.8199816942214966,-1.0196624994277954,-1.0171855445425457,0.0024769548852496825,0.27463127254223935,0.17647058823529413,0.7
MLP_TN_05,mlp,MLP,TN,14,115022,0.26347869634628296,-1.0279656648635864,-1.8116785287857056,-1.791760855531433,0.019917673254272517,0.5089775933413092,0.25,0.7
MLP_TN_05,mlp,MLP,TN,15,163618,0.0001515899202786386,-8.794179916381836,5.954535722732544,5.954198077396962,0.0003376453355823372,0.4280524888182083,0.17647058823529413,0.5
MLP_TN_05,mlp,MLP,TN,16,133372,0.14554473757743835,-1.769980549812317,-1.069663643836975,-1.0723325692900114,0.0026689254530363193,0.12863519401110823,0.25,0.5
MLP_TN_05,mlp,MLP,TN,17,162071,0.13883274793624878,-1.8250187635421753,-1.0146254301071167,-1.0094718071286537,0.005153622978463002,0.27097253156867523,0.17647058823529413,0.7
MLP_TN_05,mlp,MLP,TN,18,90067,0.05567143112421036,-2.8310070037841797,-0.008637189865112305,-0.010348356824141147,0.0017111669590288425,-0.016324175147464464,0.0,0.0
MLP_TN_05,mlp,MLP,TN,19,111705,0.14582887291908264,-1.7676976919174194,-1.0719465017318726,-1.0745242803163126,0.0025777785844400825,0.25161060273340696,0.17647058823529413,0.7
MLP_TN_05,mlp,MLP,TN,20,34940,0.015493686310946941,-4.151707649230957,1.312063455581665,1.3186945057656894,0.006631050184024323,0.35986547016894527,0.3333333333333333,0.7
MLP_TN_05,mlp,MLP,TN,21,212937,6.223006039363099e-06,-11.987251281738281,9.14760708808899,9.154209051519315,0.006601963430325597,0.8320868476800958,0.42857142857142855,0.8
MLP_TN_05,mlp,MLP,TN,22,214917,0.08746323734521866,-2.3450098037719727,-0.49463438987731934,-0.4940402264649282,0.0005941634123911577,0.5034540991734634,0.3333333333333333,0.5
MLP_TN_05,mlp,MLP,TN,23,70482,0.013435401022434235,-4.296335697174072,1.4566915035247803,1.461874998931687,0.0051834954069067685,0.01726825142706807,0.0,0.0
MLP_TN_05,mlp,MLP,TN,24,294868,6.007681349728955e-06,-12.022465705871582,9.18282151222229,9.185716081223868,0.002894569001577807,0.8434207892547173,0.42857142857142855,0.8
MLP_TN_05,mlp,MLP,TN,25,39929,0.18094870448112488,-1.5099332332611084,-1.3297109603881836,-1.3342709961638022,0.004560035775618587,0.5918493901019733,0.3333333333333333,0.6
MLP_TN_05,mlp,MLP,TN,26,138479,0.07455115020275116,-2.5187933444976807,-0.32085084915161133,-0.3185867673652052,0.0022640817864061358,0.7122142078023055,0.17647058823529413,0.7
MLP_TN_05,mlp,MLP,TN,27,142790,0.0008157293195836246,-7.110611915588379,4.270967721939087,4.272524092673189,0.001556370734101975,0.470727691507626,0.25,0.5
MLP_TN_05,mlp,MLP,TN,28,100912,0.015954015776515007,-4.121962070465088,1.282317876815796,1.2801928136323963,0.002125063183399556,0.3589086602023137,0.3333333333333333,0.7
MLP_TN_05,mlp,MLP,TN,29,74305,0.00028481162735261023,-8.163397789001465,5.323753595352173,5.315721154975698,0.00803244037647488,0.3741536308843801,0.17647058823529413,0.5
MLP_TN_05,mlp,MLP,TN,30,264007,5.59629643248627e-06,-12.093400001525879,9.253755807876587,9.270662846663633,0.016907038787046247,0.8375856786812154,0.42857142857142855,0.8
MLP_TN_05,mlp,MLP,TN,31,265049,0.11013741046190262,-2.0893383026123047,-0.7503058910369873,-0.7577070550240298,0.007401163987042492,0.20134199306711084,0.17647058823529413,0.3
MLP_TN_05,mlp,MLP,TN,32,45738,0.08338304609060287,-2.397244691848755,-0.4423995018005371,-0.4389698807694442,0.0034296210310929,0.7214407820931971,0.25,0.7
MLP_TN_06,mlp,MLP,TN,1,276817,0.0023396392352879047,-6.055416107177734,-1.0690803527832031,-1.0580477194097015,0.011032633373501577,0.2916461385727083,0.17647058823529413,0.5
MLP_TN_06,mlp,MLP,TN,2,214177,0.1099628433585167,-2.091120719909668,-5.0333757400512695,-5.031239307733919,0.0021364323173509447,0.10987818361088257,0.17647058823529413,0.3
MLP_TN_06,mlp,MLP,TN,3,271605,0.07201563566923141,-2.556131601333618,-4.568364858627319,-4.558076957703813,0.010287900923506399,0.3174806333909312,0.17647058823529413,0.3
MLP_TN_06,mlp,MLP,TN,4,284786,0.003993729129433632,-5.519028186798096,-1.6054682731628418,-1.6065841259308222,0.0011158527679804298,0.06754863728334587,0.05263157894736842,0.3
MLP_TN_06,mlp,MLP,TN,5,278772,0.15564192831516266,-1.6910187005996704,-5.433477759361267,-5.433388741789207,8.901757206025707e-05,0.2013137260394191,0.1111111111111111,0.2
MLP_TN_06,mlp,MLP,TN,6,65755,0.03516860678792,-3.3117995262145996,-3.812696933746338,-3.822107891285985,0.009410957539647047,0.5314558944345269,0.25,0.5
MLP_TN_06,mlp,MLP,TN,7,262731,6.445494818763109e-06,-11.952122688293457,4.8276262283325195,4.827713487558085,8.725922556518384e-05,0.8696554222043921,0.42857142857142855,0.7
MLP_TN_06,mlp,MLP,TN,8,21449,0.0923510417342186,-2.2852606773376465,-4.839235782623291,-4.838465855012544,0.0007699276107473452,0.4639010025714204,0.3333333333333333,0.6
MLP_TN_06,mlp,MLP,TN,9,198454,8.289093784696888e-06,-11.7005615234375,4.5760650634765625,4.597168799923695,0.021103736447132704,0.6273355825482198,0.3333333333333333,0.8
MLP_TN_06,mlp,MLP,TN,10,295346,5.101366696180776e-06,-12.185997009277344,5.061500549316406,5.03790169013409,0.02359885918231619,0.6165477554013516,0.25,0.8
MLP_TN_06,mlp,MLP,TN,11,87343,0.00026873021852225065,-8.22153377532959,1.0970373153686523,1.0973589054922224,0.0003215901235700258,0.20921742209438673,0.1111111111111111,0.4
MLP_TN_06,mlp,MLP,TN,12,257740,2.1706420739064924e-05,-10.73788070678711,3.613384246826172,3.601196622275719,0.01218762455045308,0.2616490224524673,0.1111111111111111,0.2
MLP_TN_06,mlp,MLP,TN,13,150246,0.13943606615066528,-1.8199816942214966,-5.304514765739441,-5.3006699333422755,0.0038448323971653764,0.19404796218863227,0.1111111111111111,0.3
MLP_TN_06,mlp,MLP,TN,14,115022,0.26347869634628296,-1.0279656648635864,-6.096530795097351,-6.093785015677625,0.002745779419726091,0.5691176166580914,0.17647058823529413,0.6
MLP_TN_06,mlp,MLP,TN,15,163618,0.0001515899202786386,-8.794179916381836,1.6696834564208984,1.6711701200118039,0.0014866635909054349,0.26458388428776874,0.1111111111111111,0.2
MLP_TN_06,mlp,MLP,TN,16,133372,0.14554473757743835,-1.769980549812317,-5.354515910148621,-5.343489016347011,0.011026893801609816,0.11105129859429906,0.1111111111111111,0.4
MLP_TN_06,mlp,MLP,TN,17,162071,0.13883274793624878,-1.8250187635421753,-5.299477696418762,-5.288509366576596,0.010968329842166114,0.19726472407274082,0.1111111111111111,0.3
MLP_TN_06,mlp,MLP,TN,18,90067,0.05567143112421036,-2.8310070037841797,-4.293489456176758,-4.292103636807099,0.0013858193696592025,0.01901372722309337,0.1111111111111111,0.1
MLP_TN_06,mlp,MLP,TN,19,111705,0.14582887291908264,-1.7676976919174194,-5.356798768043518,-5.361999328250104,0.005200560206586324,0.1978170701167435,0.1111111111111111,0.3
MLP_TN_06,mlp,MLP,TN,20,34940,0.015493686310946941,-4.151707649230957,-2.9727888107299805,-2.9769212409101415,0.004132430180161073,0.6154585606565894,0.3333333333333333,0.7
MLP_TN_06,mlp,MLP,TN,21,212937,6.223006039363099e-06,-11.987251281738281,4.862754821777344,4.863635296749323,0.0008804749719795169,0.8548219244645882,0.5384615384615384,0.7
MLP_TN_06,mlp,MLP,TN,22,214917,0.08746323734521866,-2.3450098037719727,-4.779486656188965,-4.781934804785938,0.0024481485969731764,0.09510758756267262,0.05263157894736842,0.4
MLP_TN_06,mlp,MLP,TN,23,70482,0.013435401022434235,-4.296335697174072,-2.8281607627868652,-2.829804945332335,0.001644182545469608,0.05458915410367475,0.1111111111111111,0.1
MLP_TN_06,mlp,MLP,TN,24,294868,6.007681349728955e-06,-12.022465705871582,4.8979692459106445,4.876193898557119,0.021775347353525376,0.8643675806926903,0.5384615384615384,0.7
MLP_TN_06,mlp,MLP,TN,25,39929,0.18094870448112488,-1.5099332332611084,-5.614563226699829,-5.61048625560304,0.004076971096789173,0.5888992104568065,0.25,0.4
MLP_TN_06,mlp,MLP,TN,26,138479,0.07455115020275116,-2.5187933444976807,-4.605703115463257,-4.606966906592052,0.0012637911287951553,0.5292646374985442,0.3333333333333333,0.6
MLP_TN_06,mlp,MLP,TN,27,142790,0.0008157293195836246,-7.110611915588379,-0.013884544372558594,-0.013883544667126942,9.997054316521203e-07,0.04176256533006854,0.0,0.0
MLP_TN_06,mlp,MLP,TN,28,100912,0.015954015776515007,-4.121962070465088,-3.0025343894958496,-2.9986977083499355,0.003836681145914067,0.6161612846975294,0.3333333333333333,0.7
MLP_TN_06,mlp,MLP,TN,29,74305,0.00028481162735261023,-8.163397789001465,1.0389013290405273,1.037911820381829,0.0009895086586984014,0.2141291010317816,0.05263157894736842,0.4
MLP_TN_06,mlp,MLP,TN,30,264007,5.59629643248627e-06,-12.093400001525879,4.968903541564941,4.967422569797398,0.0014809717675436929,0.8658682399469537,0.5384615384615384,0.7
MLP_TN_06,mlp,MLP,TN,31,265049,0.11013741046190262,-2.0893383026123047,-5.035158157348633,-5.0553635713508465,0.02020541400221365,0.1215140439013586,0.17647058823529413,0.3
MLP_TN_06,mlp,MLP,TN,32,45738,0.08338304609060287,-2.397244691848755,-4.727251768112183,-4.734748261175003,0.0074964930628205195,0.50268509666807,0.25,0.7
MLP_TN_07,mlp,MLP,TN,1,276817,0.0023396392352879047,-6.055416107177734,-5.700177192687988,-5.680892694056719,0.019284498631269464,0.42867926945991164,0.1111111111111111,0.4
MLP_TN_07,mlp,MLP,TN,2,214177,0.1099628433585167,-2.091120719909668,-9.664472579956055,-9.660855203725074,0.0036173762309807955,0.5810607646775335,0.3333333333333333,0.5
MLP_TN_07,mlp,MLP,TN,3,271605,0.07201563566923141,-2.556131601333618,-9.199461698532104,-9.191248735763725,0.008212962768379128,0.4679697267139219,0.05263157894736842,0.5
MLP_TN_07,mlp,MLP,TN,4,284786,0.003993729129433632,-5.519028186798096,-6.236565113067627,-6.237690640302066,0.0011255272344392608,0.712895541171906,0.42857142857142855,0.8
MLP_TN_07,mlp,MLP,TN,5,278772,0.15564192831516266,-1.6910187005996704,-10.064574599266052,-10.125143568729762,0.060568969463709266,0.7058645457392085,0.25,0.5
MLP_TN_07,mlp,MLP,TN,6,65755,0.03516860678792,-3.3117995262145996,-8.443793773651123,-8.453110570155589,0.00931679650446604,0.5444851560843565,0.3333333333333333,0.7
MLP_TN_07,mlp,MLP,TN,7,262731,6.445494818763109e-06,-11.952122688293457,0.19652938842773438,0.1861112250164118,0.010418163411322567,0.2566665286793314,0.17647058823529413,0.3
MLP_TN_07,mlp,MLP,TN,8,21449,0.0923510417342186,-2.2852606773376465,-9.470332622528076,-9.479473924322454,0.009141301794377554,0.570025805764373,0.3333333333333333,0.7
MLP_TN_07,mlp,MLP,TN,9,198454,8.289093784696888e-06,-11.7005615234375,-0.055031776428222656,-0.054998995616852446,3.278081137021022e-05,0.13232755555039688,0.05263157894736842,0.2
MLP_TN_07,mlp,MLP,TN,10,295346,5.101366696180776e-06,-12.185997009277344,0.4304037094116211,0.4302987760851545,0.00010493332646660525,0.13672654012058244,0.1111111111111111,0.2
MLP_TN_07,mlp,MLP,TN,11,87343,0.00026873021852225065,-8.22153377532959,-3.534059524536133,-3.5193589300274923,0.014700594508640474,0.4643979760844064,0.42857142857142855,0.6
MLP_TN_07,mlp,MLP,TN,12,257740,2.1706420739064924e-05,-10.73788070678711,-1.0177125930786133,-1.0256512005918952,0.007938607513281903,0.617290377019772,0.25,0.6
MLP_TN_07,mlp,MLP,TN,13,150246,0.13943606615066528,-1.8199816942214966,-9.935611605644226,-9.953879424537927,0.018267818893701104,0.7908814006938621,0.25,0.5
MLP_TN_07,mlp,MLP,TN,14,115022,0.26347869634628296,-1.0279656648635864,-10.727627635002136,-10.722595037046354,0.005032597955782592,0.19680732176211083,0.25,0.6
MLP_TN_07,mlp,MLP,TN,15,163618,0.0001515899202786386,-8.794179916381836,-2.9614133834838867,-2.9789621314666457,0.01754874798275896,0.30013598511706896,0.17647058823529413,0.5
MLP_TN_07,mlp,MLP,TN,16,133372,0.14554473757743835,-1.769980549812317,-9.985612750053406,-9.998617446345174,0.013004696291767814,0.395307258967276,0.25,0.5
MLP_TN_07,mlp,MLP,TN,17,162071,0.13883274793624878,-1.8250187635421753,-9.930574536323547,-9.92758741708592,0.002987119237626956,0.7802610956688492,0.25,0.5
MLP_TN_07,mlp,MLP,TN,18,90067,0.05567143112421036,-2.8310070037841797,-8.924586296081543,-8.88676855768712,0.03781773839442337,0.6694425817478532,0.3333333333333333,0.5
MLP_TN_07,mlp,MLP,TN,19,111705,0.14582887291908264,-1.7676976919174194,-9.987895607948303,-9.989581841204444,0.0016862332561409232,0.7401102346934733,0.25,0.5
MLP_TN_07,mlp,MLP,TN,20,34940,0.015493686310946941,-4.151707649230957,-7.603885650634766,-7.59234383072902,0.01154181990574532,0.917248214258602,0.6666666666666666,0.9
MLP_TN_07,mlp,MLP,TN,21,212937,6.223006039363099e-06,-11.987251281738281,0.2316579818725586,0.2181504267052155,0.013507555167343088,0.260876673755966,0.17647058823529413,0.4
MLP_TN_07,mlp,MLP,TN,22,214917,0.08746323734521866,-2.3450098037719727,-9.41058349609375,-9.388362547163771,0.022220948929978945,0.8195778201383462,0.3333333333333333,0.8
MLP_TN_07,mlp,MLP,TN,23,70482,0.013435401022434235,-4.296335697174072,-7.45925760269165,-7.455354453910915,0.003903148780735499,0.5324084447071723,0.42857142857142855,0.6
MLP_TN_07,mlp,MLP,TN,24,294868,6.007681349728955e-06,-12.022465705871582,0.2668724060058594,0.26365379591809407,0.0032186100877653057,0.2684315406780761,0.17647058823529413,0.4
MLP_TN_07,mlp,MLP,TN,25,39929,0.18094870448112488,-1.5099332332611084,-10.245660066604614,-10.247084596787024,0.0014245301824100665,0.2916211867922032,0.25,0.6
MLP_TN_07,mlp,MLP,TN,26,138479,0.07455115020275116,-2.5187933444976807,-9.236799955368042,-9.236652156418339,0.0001477989497029597,0.5851880586146618,0.42857142857142855,0.8
MLP_TN_07,mlp,MLP,TN,27,142790,0.0008157293195836246,-7.110611915588379,-4.644981384277344,-4.619832208922812,0.02514917535453165,0.8196554391276591,0.5384615384615384,0.7
MLP_TN_07,mlp,MLP,TN,28,100912,0.015954015776515007,-4.121962070465088,-7.633631229400635,-7.639621009390384,0.005989779989748811,0.91734516400436,0.6666666666666666,0.9
MLP_TN_07,mlp,MLP,TN,29,74305,0.00028481162735261023,-8.163397789001465,-3.592195510864258,-3.580579770803731,0.011615740060527013,0.4619716432110447,0.3333333333333333,0.6
MLP_TN_07,mlp,MLP,TN,30,264007,5.59629643248627e-06,-12.093400001525879,0.33780670166015625,0.34565377432938094,0.007847072669224686,0.26558587185873633,0.17647058823529413,0.3
MLP_TN_07,mlp,MLP,TN,31,265049,0.11013741046190262,-2.0893383026123047,-9.666254997253418,-9.668158538398687,0.0019035411452694717,0.5647770692011522,0.3333333333333333,0.4
MLP_TN_07,mlp,MLP,TN,32,45738,0.08338304609060287,-2.397244691848755,-9.358348608016968,-9.353110386684232,0.005238221332735549,0.5805180668214688,0.25,0.7
MLP_TN_08,mlp,MLP,TN,1,276817,0.0023396392352879047,-6.055416107177734,-13.69363784790039,-13.636618832514873,0.057019015385517235,0.5823188672906826,0.17647058823529413,0.8
MLP_TN_08,mlp,MLP,TN,2,214177,0.1099628433585167,-2.091120719909668,-17.657933235168457,-17.650712862097336,0.007220373071120889,0.9199749158209125,0.42857142857142855,0.8
MLP_TN_08,mlp,MLP,TN,3,271605,0.07201563566923141,-2.556131601333618,-17.192922353744507,-17.20375918849374,0.01083683474923447,0.7778894648408242,0.42857142857142855,0.7
MLP_TN_08,mlp,MLP,TN,4,284786,0.003993729129433632,-5.519028186798096,-14.23002576828003,-14.242791583200859,0.0127658149208294,0.9539986527031894,0.6666666666666666,0.8
MLP_TN_08,mlp,MLP,TN,5,278772,0.15564192831516266,-1.6910187005996704,-18.058035254478455,-18.05108734029655,0.006947914181903769,0.9290318270226299,0.6666666666666666,0.8
MLP_TN_08,mlp,MLP,TN,6,65755,0.03516860678792,-3.3117995262145996,-16.437254428863525,-16.41990649690669,0.017347931956834373,0.9240778669165228,0.6666666666666666,1.0
MLP_TN_08,mlp,MLP,TN,7,262731,6.445494818763109e-06,-11.952122688293457,-7.796931266784668,-7.812278881372576,0.015347614587907898,0.9366956788291338,0.5384615384615384,1.0
MLP_TN_08,mlp,MLP,TN,8,21449,0.0923510417342186,-2.2852606773376465,-17.46379327774048,-17.45621258700283,0.007580690737647444,0.9086267642627385,0.6666666666666666,1.0
MLP_TN_08,mlp,MLP,TN,9,198454,8.289093784696888e-06,-11.7005615234375,-8.048492431640625,-8.032614406539459,0.015878025101166315,0.9345355502787912,0.42857142857142855,0.8
MLP_TN_08,mlp,MLP,TN,10,295346,5.101366696180776e-06,-12.185997009277344,-7.563056945800781,-7.567970058632228,0.0049131128314465755,0.9411473728591984,0.42857142857142855,0.8
MLP_TN_08,mlp,MLP,TN,11,87343,0.00026873021852225065,-8.22153377532959,-11.527520179748535,-11.537294775291027,0.009774595542491937,0.923256570144607,0.3333333333333333,0.6
MLP_TN_08,mlp,MLP,TN,12,257740,2.1706420739064924e-05,-10.73788070678711,-9.011173248291016,-9.020678103206603,0.009504854915586947,0.86529877914758,0.42857142857142855,0.8
MLP_TN_08,mlp,MLP,TN,13,150246,0.13943606615066528,-1.8199816942214966,-17.92907226085663,-17.933243701604198,0.004171440747569477,0.9142784405628814,0.5384615384615384,0.8
MLP_TN_08,mlp,MLP,TN,14,115022,0.26347869634628296,-1.0279656648635864,-18.72108829021454,-18.72951300896251,0.008424718747971127,0.8414994356967365,0.5384615384615384,1.0
MLP_TN_08,mlp,MLP,TN,15,163618,0.0001515899202786386,-8.794179916381836,-10.954874038696289,-10.945806827753616,0.009067210942673043,0.7209667981152282,0.25,0.5
MLP_TN_08,mlp,MLP,TN,16,133372,0.14554473757743835,-1.769980549812317,-17.979073405265808,-17.978608654645114,0.0004647506206936214,0.8445883441703694,0.42857142857142855,0.8
MLP_TN_08,mlp,MLP,TN,17,162071,0.13883274793624878,-1.8250187635421753,-17.92403519153595,-17.93171913034241,0.0076839388064620096,0.9160241074129288,0.5384615384615384,0.8
MLP_TN_08,mlp,MLP,TN,18,90067,0.05567143112421036,-2.8310070037841797,-16.918046951293945,-16.91671594254969,0.001331008744255513,0.9452906277289251,0.6666666666666666,0.8
MLP_TN_08,mlp,MLP,TN,19,111705,0.14582887291908264,-1.7676976919174194,-17.981356263160706,-17.98094773376268,0.0004085293980260474,0.9183334819152508,0.5384615384615384,0.8
MLP_TN_08,mlp,MLP,TN,20,34940,0.015493686310946941,-4.151707649230957,-15.597346305847168,-15.60014607115317,0.002799765306001234,0.9402542753317953,1.0,1.0
MLP_TN_08,mlp,MLP,TN,21,212937,6.223006039363099e-06,-11.987251281738281,-7.761802673339844,-7.747288108636303,0.014514564703540955,0.9322932701679377,0.5384615384615384,1.0
MLP_TN_08,mlp,MLP,TN,22,214917,0.08746323734521866,-2.3450098037719727,-17.404044151306152,-17.391381401225246,0.012662750080906449,0.9470337013843898,0.6666666666666666,0.8
MLP_TN_08,mlp,MLP,TN,23,70482,0.013435401022434235,-4.296335697174072,-15.452718257904053,-15.46026869692104,0.007550439016986488,0.948620362802356,0.6666666666666666,0.8
MLP_TN_08,mlp,MLP,TN,24,294868,6.007681349728955e-06,-12.022465705871582,-7.726588249206543,-7.743283719805582,0.016695470599039197,0.9357190105376768,0.5384615384615384,1.0
MLP_TN_08,mlp,MLP,TN,25,39929,0.18094870448112488,-1.5099332332611084,-18.239120721817017,-18.24002962280872,0.0009089009917033763,0.9286767932628388,0.8181818181818182,1.0
MLP_TN_08,mlp,MLP,TN,26,138479,0.07455115020275116,-2.5187933444976807,-17.230260610580444,-17.21212235782621,0.018138252754233974,0.9142102629639378,0.6666666666666666,1.0
MLP_TN_08,mlp,MLP,TN,27,142790,0.0008157293195836246,-7.110611915588379,-12.638442039489746,-12.666703963009109,0.028261923519362853,0.9565851077664875,0.6666666666666666,0.8
MLP_TN_08,mlp,MLP,TN,28,100912,0.015954015776515007,-4.121962070465088,-15.627091884613037,-15.591774152003078,0.03531773260995941,0.9398765883441235,1.0,1.0
MLP_TN_08,mlp,MLP,TN,29,74305,0.00028481162735261023,-8.163397789001465,-11.58565616607666,-11.590064333909526,0.004408167832865573,0.9203759967392519,0.3333333333333333,0.6
MLP_TN_08,mlp,MLP,TN,30,264007,5.59629643248627e-06,-12.093400001525879,-7.655653953552246,-7.6466294436735005,0.00902450987874559,0.9351195901252792,0.5384615384615384,1.0
MLP_TN_08,mlp,MLP,TN,31,265049,0.11013741046190262,-2.0893383026123047,-17.65971565246582,-17.659422237206165,0.0002934152596552053,0.9237855035358399,0.42857142857142855,0.8
MLP_TN_08,mlp,MLP,TN,32,45738,0.08338304609060287,-2.397244691848755,-17.35180926322937,-17.321545233422256,0.030264029807113957,0.9106073534959774,0.6666666666666666,1.0
MLP_TP_01,mlp,MLP,TP,1,276817,0.0023396392352879047,-6.055416107177734,6.05911323428154,6.0639896105316025,0.004876376250062542,0.36138610495419177,0.05263157894736842,0.2
MLP_TP_01,mlp,MLP,TP,2,214177,0.1099628433585167,-2.091120719909668,2.0948178470134735,2.091765727141721,0.0030521198717523568,0.38837563947525505,0.1111111111111111,0.5
MLP_TP_01,mlp,MLP,TP,3,271605,0.07201563566923141,-2.556131601333618,2.5598287284374237,2.558033240888043,0.0017954875493808586,0.2956341780987489,0.1111111111111111,0.2
MLP_TP_01,mlp,MLP,TP,4,284786,0.003993729129433632,-5.519028186798096,5.522725313901901,5.518177236399603,0.004548077502298575,0.7645607413002468,0.42857142857142855,0.9
MLP_TP_01,mlp,MLP,TP,5,278772,0.15564192831516266,-1.6910187005996704,1.694715827703476,1.6970640114583713,0.0023481837548953166,0.41841447348584215,0.1111111111111111,0.7
MLP_TP_01,mlp,MLP,TP,6,65755,0.03516860678792,-3.3117995262145996,3.315496653318405,3.3162089613504517,0.0007123080320465824,0.8163291622609168,0.42857142857142855,1.0
MLP_TP_01,mlp,MLP,TP,7,262731,6.445494818763109e-06,-11.952122688293457,11.955819815397263,11.974430503796345,0.01861068839908242,0.7916950177232474,0.5384615384615384,1.0
MLP_TP_01,mlp,MLP,TP,8,21449,0.0923510417342186,-2.2852606773376465,2.288957804441452,2.299050469039381,0.010092664597928902,0.8010749295959476,0.5384615384615384,1.0
MLP_TP_01,mlp,MLP,TP,9,198454,8.289093784696888e-06,-11.7005615234375,11.704258650541306,11.72677433003121,0.022515679489904628,0.7126154035204818,0.42857142857142855,0.8
MLP_TP_01,mlp,MLP,TP,10,295346,5.101366696180776e-06,-12.185997009277344,12.18969413638115,12.18994105164751,0.00024691526636111405,0.7183613229956769,0.42857142857142855,0.8
MLP_TP_01,mlp,MLP,TP,11,87343,0.00026873021852225065,-8.22153377532959,8.225230902433395,8.246687090938096,0.021456188504700435,0.5517029644264126,0.3333333333333333,0.8
MLP_TP_01,mlp,MLP,TP,12,257740,2.1706420739064924e-05,-10.73788070678711,10.741577833890915,10.753303862547568,0.011726028656653398,0.30468473548995917,0.05263157894736842,0.1
MLP_TP_01,mlp,MLP,TP,13,150246,0.13943606615066528,-1.8199816942214966,1.8236788213253021,1.823441462298311,0.0002373590269910686,0.44562811180440914,0.17647058823529413,0.7
MLP_TP_01,mlp,MLP,TP,14,115022,0.26347869634628296,-1.0279656648635864,1.031662791967392,1.0266594874900403,0.005003304477351644,0.6913596775908819,0.42857142857142855,1.0
MLP_TP_01,mlp,MLP,TP,15,163618,0.0001515899202786386,-8.794179916381836,8.797877043485641,8.798544238345896,0.0006671948602541278,0.359360099149799,0.25,0.9
MLP_TP_01,mlp,MLP,TP,16,133372,0.14554473757743835,-1.769980549812317,1.7736776769161224,1.766714817202267,0.006962859713855352,0.4124802178082633,0.1111111111111111,0.5
MLP_TP_01,mlp,MLP,TP,17,162071,0.13883274793624878,-1.8250187635421753,1.8287158906459808,1.8266803961169036,0.002035494529077253,0.4417283416810177,0.17647058823529413,0.7
MLP_TP_01,mlp,MLP,TP,18,90067,0.05567143112421036,-2.8310070037841797,2.8347041308879852,2.8354405338233355,0.0007364029353502666,0.6265730153304235,0.17647058823529413,0.3
MLP_TP_01,mlp,MLP,TP,19,111705,0.14582887291908264,-1.7676976919174194,1.771394819021225,1.7692383873414579,0.00215643167976709,0.4270223771936607,0.17647058823529413,0.7
MLP_TP_01,mlp,MLP,TP,20,34940,0.015493686310946941,-4.151707649230957,4.155404776334763,4.150301094216909,0.005103682117853836,0.6396172179859314,0.42857142857142855,0.9
MLP_TP_01,mlp,MLP,TP,21,212937,6.223006039363099e-06,-11.987251281738281,11.990948408842087,11.986970889583601,0.003977519258485884,0.807329451346782,0.6666666666666666,1.0
MLP_TP_01,mlp,MLP,TP,22,214917,0.08746323734521866,-2.3450098037719727,2.348706930875778,2.3463611510809357,0.0023457797948425174,0.7626022043053363,0.5384615384615384,0.9
MLP_TP_01,mlp,MLP,TP,23,70482,0.013435401022434235,-4.296335697174072,4.300032824277878,4.284992988913021,0.01503983536485709,0.601383665585132,0.17647058823529413,0.3
MLP_TP_01,mlp,MLP,TP,24,294868,6.007681349728955e-06,-12.022465705871582,12.026162832975388,12.026918023427694,0.0007551904523062092,0.7941186128735869,0.6666666666666666,1.0
MLP_TP_01,mlp,MLP,TP,25,39929,0.18094870448112488,-1.5099332332611084,1.513630360364914,1.5108089006048122,0.00282145976010173,0.697071162644532,0.42857142857142855,1.0
MLP_TP_01,mlp,MLP,TP,26,138479,0.07455115020275116,-2.5187933444976807,2.522490471601486,2.5339221647841716,0.011431693182685443,0.8160860512870606,0.5384615384615384,1.0
MLP_TP_01,mlp,MLP,TP,27,142790,0.0008157293195836246,-7.110611915588379,7.1143090426921844,7.1023647436882476,0.011944299003936898,0.7831962703118283,0.5384615384615384,0.9
MLP_TP_01,mlp,MLP,TP,28,100912,0.015954015776515007,-4.121962070465088,4.125659197568893,4.134263651791232,0.008604454222338909,0.6360727707796977,0.42857142857142855,0.9
MLP_TP_01,mlp,MLP,TP,29,74305,0.00028481162735261023,-8.163397789001465,8.16709491610527,8.192307006701038,0.025212090595767123,0.5581168603771708,0.3333333333333333,0.8
MLP_TP_01,mlp,MLP,TP,30,264007,5.59629643248627e-06,-12.093400001525879,12.097097128629684,12.11801317696356,0.02091604833387528,0.7964376233999519,0.6666666666666666,1.0
MLP_TP_01,mlp,MLP,TP,31,265049,0.11013741046190262,-2.0893383026123047,2.0930354297161102,2.102242206572712,0.009206776856601984,0.3794192188689778,0.1111111111111111,0.2
MLP_TP_01,mlp,MLP,TP,32,45738,0.08338304609060287,-2.397244691848755,2.4009418189525604,2.3965927432165057,0.004349075736054697,0.8167346669551725,0.5384615384615384,1.0
MLP_TP_02,mlp,MLP,TP,1,276817,0.0023396392352879047,-6.055416107177734,13.445624828338623,13.352021120252392,0.09360370808623131,0.3852640725793795,0.05263157894736842,0.1
MLP_TP_02,mlp,MLP,TP,2,214177,0.1099628433585167,-2.091120719909668,9.481329441070557,9.462718529855275,0.01861091121528169,0.5340227024833439,0.42857142857142855,0.6
MLP_TP_02,mlp,MLP,TP,3,271605,0.07201563566923141,-2.556131601333618,9.946340322494507,9.882355157908805,0.06398516458570214,0.23554120314110813,0.05263157894736842,0.2
MLP_TP_02,mlp,MLP,TP,4,284786,0.003993729129433632,-5.519028186798096,12.909236907958984,12.897451101172296,0.011785806786688724,0.6938377263010636,0.6666666666666666,1.0
MLP_TP_02,mlp,MLP,TP,5,278772,0.15564192831516266,-1.6910187005996704,9.081227421760559,9.071320287672467,0.009907134088091851,0.3228997742814949,0.17647058823529413,0.7
MLP_TP_02,mlp,MLP,TP,6,65755,0.03516860678792,-3.3117995262145996,10.702008247375488,10.70888826509113,0.0068800177156411735,0.7878578106279126,0.6666666666666666,1.0
MLP_TP_02,mlp,MLP,TP,7,262731,6.445494818763109e-06,-11.952122688293457,19.342331409454346,19.29818070465882,0.04415070479552696,0.8497462176111024,0.5384615384615384,1.0
MLP_TP_02,mlp,MLP,TP,8,21449,0.0923510417342186,-2.2852606773376465,9.675469398498535,9.6841556634699,0.008686264971364821,0.7784544653006729,0.5384615384615384,1.0
MLP_TP_02,mlp,MLP,TP,9,198454,8.289093784696888e-06,-11.7005615234375,19.09077024459839,19.090236884201882,0.0005333603965063105,0.7681472287483366,0.5384615384615384,0.8
MLP_TP_02,mlp,MLP,TP,10,295346,5.101366696180776e-06,-12.185997009277344,19.576205730438232,19.595962318881444,0.019756588443211598,0.7688635250901795,0.5384615384615384,0.8
MLP_TP_02,mlp,MLP,TP,11,87343,0.00026873021852225065,-8.22153377532959,15.611742496490479,15.636590971337942,0.02484847484746311,0.6761945643318347,0.5384615384615384,1.0
MLP_TP_02,mlp,MLP,TP,12,257740,2.1706420739064924e-05,-10.73788070678711,18.128089427947998,18.075800918330675,0.05228850961732334,0.1948097776736064,0.05263157894736842,0.1
MLP_TP_02,mlp,MLP,TP,13,150246,0.13943606615066528,-1.8199816942214966,9.210190415382385,9.186534831153102,0.023655584229283377,0.3377322039446616,0.17647058823529413,0.7
MLP_TP_02,mlp,MLP,TP,14,115022,0.26347869634628296,-1.0279656648635864,8.418174386024475,8.437452383215788,0.01927799719131329,0.7641160835415132,0.5384615384615384,1.0
MLP_TP_02,mlp,MLP,TP,15,163618,0.0001515899202786386,-8.794179916381836,16.184388637542725,16.170630282042428,0.013758355500296915,0.5283528451576268,0.25,1.0
MLP_TP_02,mlp,MLP,TP,16,133372,0.14554473757743835,-1.769980549812317,9.160189270973206,9.148036074142833,0.012153196830372082,0.0857006668835493,0.42857142857142855,0.6
MLP_TP_02,mlp,MLP,TP,17,162071,0.13883274793624878,-1.8250187635421753,9.215227484703064,9.231331927754484,0.016104443051419892,0.33163531396922263,0.17647058823529413,0.7
MLP_TP_02,mlp,MLP,TP,18,90067,0.05567143112421036,-2.8310070037841797,10.221215724945068,10.21771108892613,0.0035046360189383563,0.3955417522941669,0.17647058823529413,0.3
MLP_TP_02,mlp,MLP,TP,19,111705,0.14582887291908264,-1.7676976919174194,9.157906413078308,9.152272653882978,0.005633759195330157,0.3182725201353993,0.17647058823529413,0.7
MLP_TP_02,mlp,MLP,TP,20,34940,0.015493686310946941,-4.151707649230957,11.541916370391846,11.512348056175995,0.029568314215850933,0.47156447664575557,0.42857142857142855,1.0
MLP_TP_02,mlp,MLP,TP,21,212937,6.223006039363099e-06,-11.987251281738281,19.37746000289917,19.3952130875374,0.017753084638229666,0.8551855810316009,0.5384615384615384,0.9
MLP_TP_02,mlp,MLP,TP,22,214917,0.08746323734521866,-2.3450098037719727,9.735218524932861,9.738307400583103,0.0030888756502420733,0.611085563193658,0.5384615384615384,1.0
MLP_TP_02,mlp,MLP,TP,23,70482,0.013435401022434235,-4.296335697174072,11.686544418334961,11.689234914617524,0.002690496282562904,0.4524528682942652,0.17647058823529413,0.3
MLP_TP_02,mlp,MLP,TP,24,294868,6.007681349728955e-06,-12.022465705871582,19.41267442703247,19.379338227186715,0.0333361998457562,0.8541161513807436,0.5384615384615384,1.0
MLP_TP_02,mlp,MLP,TP,25,39929,0.18094870448112488,-1.5099332332611084,8.900141954421997,8.918190431009423,0.01804847658742581,0.7068364654023517,0.42857142857142855,0.9
MLP_TP_02,mlp,MLP,TP,26,138479,0.07455115020275116,-2.5187933444976807,9.90900206565857,9.927892513163755,0.018890447505185648,0.7892067101975626,0.6666666666666666,1.0
MLP_TP_02,mlp,MLP,TP,27,142790,0.0008157293195836246,-7.110611915588379,14.500820636749268,14.52562140579488,0.024800769045612014,0.7430665413994313,0.6666666666666666,1.0
MLP_TP_02,mlp,MLP,TP,28,100912,0.015954015776515007,-4.121962070465088,11.512170791625977,11.529464719931092,0.017293928305115003,0.46849023729042744,0.42857142857142855,1.0
MLP_TP_02,mlp,MLP,TP,29,74305,0.00028481162735261023,-8.163397789001465,15.553606510162354,15.597652785827073,0.0440462756647193,0.6778102297717019,0.5384615384615384,1.0
MLP_TP_02,mlp,MLP,TP,30,264007,5.59629643248627e-06,-12.093400001525879,19.483608722686768,19.454555709359816,0.029053013326951316,0.8528633716072017,0.5384615384615384,1.0
MLP_TP_02,mlp,MLP,TP,31,265049,0.11013741046190262,-2.0893383026123047,9.479547023773193,9.464816109000816,0.01473091477237709,0.5158696676682928,0.05263157894736842,0.1
MLP_TP_02,mlp,MLP,TP,32,45738,0.08338304609060287,-2.397244691848755,9.787453413009644,9.805397738111694,0.01794432510205013,0.7893732425164829,0.6666666666666666,1.0
MLP_TP_03,mlp,MLP,TP,1,276817,0.0023396392352879047,-6.055416107177734,15.563599586486816,15.550508091763282,0.013091494723534325,0.1440368625341243,0.0,0.1
MLP_TP_03,mlp,MLP,TP,2,214177,0.1099628433585167,-2.091120719909668,11.59930419921875,11.594402145992483,0.0049020532262673555,0.25423767346147197,0.3333333333333333,0.5
MLP_TP_03,mlp,MLP,TP,3,271605,0.07201563566923141,-2.556131601333618,12.0643150806427,12.034449378555554,0.029865702087146673,0.2150060450308745,0.05263157894736842,0.2
MLP_TP_03,mlp,MLP,TP,4,284786,0.003993729129433632,-5.519028186798096,15.027211666107178,15.031419021561923,0.004207355454745709,0.7521442291586309,0.5384615384615384,0.8
MLP_TP_03,mlp,MLP,TP,5,278772,0.15564192831516266,-1.6910187005996704,11.199202179908752,11.218276794148245,0.01907461423949286,0.23434269589690115,0.17647058823529413,0.6
MLP_TP_03,mlp,MLP,TP,6,65755,0.03516860678792,-3.3117995262145996,12.819983005523682,12.770719970089843,0.04926303543383881,0.8540174195364613,0.6666666666666666,0.9
MLP_TP_03,mlp,MLP,TP,7,262731,6.445494818763109e-06,-11.952122688293457,21.46030616760254,21.483917662116117,0.02361149451357747,0.7518495469504598,0.6666666666666666,1.0
MLP_TP_03,mlp,MLP,TP,8,21449,0.0923510417342186,-2.2852606773376465,11.793444156646729,11.81535660561217,0.0219124489654412,0.8098702541722858,0.42857142857142855,0.9
MLP_TP_03,mlp,MLP,TP,9,198454,8.289093784696888e-06,-11.7005615234375,21.208745002746582,21.172738871478536,0.03600613126804575,0.5797367333315014,0.42857142857142855,0.6
MLP_TP_03,mlp,MLP,TP,10,295346,5.101366696180776e-06,-12.185997009277344,21.694180488586426,21.741462244441735,0.047281755855308916,0.6073762614159053,0.42857142857142855,0.7
MLP_TP_03,mlp,MLP,TP,11,87343,0.00026873021852225065,-8.22153377532959,17.729717254638672,17.717785971596783,0.011931283041889174,0.7960730483113423,0.3333333333333333,0.7
MLP_TP_03,mlp,MLP,TP,12,257740,2.1706420739064924e-05,-10.73788070678711,20.24606418609619,20.259952143111366,0.01388795701517509,0.1316057402623411,0.0,0.0
MLP_TP_03,mlp,MLP,TP,13,150246,0.13943606615066528,-1.8199816942214966,11.328165173530579,11.319073346254903,0.009091827275675257,0.23447438501085496,0.17647058823529413,0.6
MLP_TP_03,mlp,MLP,TP,14,115022,0.26347869634628296,-1.0279656648635864,10.536149144172668,10.529471997191084,0.006677146981584059,0.7763910004291813,0.42857142857142855,0.9
MLP_TP_03,mlp,MLP,TP,15,163618,0.0001515899202786386,-8.794179916381836,18.302363395690918,18.377637461586552,0.07527406589563412,0.6509735455511974,0.3333333333333333,0.8
MLP_TP_03,mlp,MLP,TP,16,133372,0.14554473757743835,-1.769980549812317,11.278164029121399,11.313532013966247,0.035367984844848266,0.07239772838194111,0.25,0.4
MLP_TP_03,mlp,MLP,TP,17,162071,0.13883274793624878,-1.8250187635421753,11.333202242851257,11.314206656295028,0.018995586556229682,0.23483337993341483,0.17647058823529413,0.6
MLP_TP_03,mlp,MLP,TP,18,90067,0.05567143112421036,-2.8310070037841797,12.339190483093262,12.332680323389457,0.006510159703804419,0.45535975050491884,0.17647058823529413,0.3
MLP_TP_03,mlp,MLP,TP,19,111705,0.14582887291908264,-1.7676976919174194,11.275881171226501,11.253229206796352,0.022651964430149718,0.22970223499147105,0.17647058823529413,0.6
MLP_TP_03,mlp,MLP,TP,20,34940,0.015493686310946941,-4.151707649230957,13.659891128540039,13.645462542517249,0.014428586022789958,0.6091617417600828,0.5384615384615384,0.9
MLP_TP_03,mlp,MLP,TP,21,212937,6.223006039363099e-06,-11.987251281738281,21.495434761047363,21.478660523741883,0.01677423730548,0.7667971584343101,0.6666666666666666,1.0
MLP_TP_03,mlp,MLP,TP,22,214917,0.08746323734521866,-2.3450098037719727,11.853193283081055,11.846288939255665,0.006904343825389958,0.660136744638418,0.42857142857142855,0.8
MLP_TP_03,mlp,MLP,TP,23,70482,0.013435401022434235,-4.296335697174072,13.804519176483154,13.80992704741584,0.00540787093268591,0.4926366264137811,0.17647058823529413,0.3
MLP_TP_03,mlp,MLP,TP,24,294868,6.007681349728955e-06,-12.022465705871582,21.530649185180664,21.577682464615265,0.04703327943460067,0.7616994947711496,0.6666666666666666,1.0
MLP_TP_03,mlp,MLP,TP,25,39929,0.18094870448112488,-1.5099332332611084,11.01811671257019,11.001203180591524,0.016913531978666185,0.541578948151578,0.25,0.9
MLP_TP_03,mlp,MLP,TP,26,138479,0.07455115020275116,-2.5187933444976807,12.026976823806763,12.055458911072723,0.028482087265960132,0.8563539088084913,0.6666666666666666,0.9
MLP_TP_03,mlp,MLP,TP,27,142790,0.0008157293195836246,-7.110611915588379,16.61879539489746,16.577185211566697,0.04161018333076427,0.7827019944330827,0.42857142857142855,0.8
MLP_TP_03,mlp,MLP,TP,28,100912,0.015954015776515007,-4.121962070465088,13.63014554977417,13.59753125808383,0.032614291690340025,0.608550139818855,0.5384615384615384,0.9
MLP_TP_03,mlp,MLP,TP,29,74305,0.00028481162735261023,-8.163397789001465,17.671581268310547,17.663543068484866,0.008038199825680437,0.7944503930934078,0.3333333333333333,0.7
MLP_TP_03,mlp,MLP,TP,30,264007,5.59629643248627e-06,-12.093400001525879,21.60158348083496,21.60508351983534,0.003500039000378763,0.7576948815053757,0.6666666666666666,1.0
MLP_TP_03,mlp,MLP,TP,31,265049,0.11013741046190262,-2.0893383026123047,11.597521781921387,11.5839863511242,0.013535430797187331,0.24488462836285674,0.05263157894736842,0.1
MLP_TP_03,mlp,MLP,TP,32,45738,0.08338304609060287,-2.397244691848755,11.905428171157837,11.92765725418702,0.022229083029182917,0.839387093764942,0.5384615384615384,0.9
MLP_TP_04,mlp,MLP,TP,1,276817,0.0023396392352879047,-6.055416107177734,17.58055877685547,17.601475276367076,0.0209164995116069,0.21835000513664862,0.05263157894736842,0.3
MLP_TP_04,mlp,MLP,TP,2,214177,0.1099628433585167,-2.091120719909668,13.616263389587402,13.616417969648147,0.00015458006074453579,0.30023073169399317,0.25,0.4
MLP_TP_04,mlp,MLP,TP,3,271605,0.07201563566923141,-2.556131601333618,14.081274271011353,14.044131007674148,0.03714326333720486,0.3535335392185504,0.17647058823529413,0.5
MLP_TP_04,mlp,MLP,TP,4,284786,0.003993729129433632,-5.519028186798096,17.04417085647583,17.06296823732066,0.018797380844830514,0.6064706679883757,0.42857142857142855,0.6
MLP_TP_04,mlp,MLP,TP,5,278772,0.15564192831516266,-1.6910187005996704,13.216161370277405,13.202172277581969,0.0139890926954358,0.4042333452570404,0.42857142857142855,0.5
MLP_TP_04,mlp,MLP,TP,6,65755,0.03516860678792,-3.3117995262145996,14.836942195892334,14.853801994769274,0.01685979887693989,0.7374360271414145,0.42857142857142855,0.6
MLP_TP_04,mlp,MLP,TP,7,262731,6.445494818763109e-06,-11.952122688293457,23.47726535797119,23.431349875792243,0.04591548217894825,0.6091155451058099,0.5384615384615384,0.7
MLP_TP_04,mlp,MLP,TP,8,21449,0.0923510417342186,-2.2852606773376465,13.81040334701538,13.795516128443516,0.01488721857186448,0.7140296212560705,0.3333333333333333,0.6
MLP_TP_04,mlp,MLP,TP,9,198454,8.289093784696888e-06,-11.7005615234375,23.225704193115234,23.22005955991665,0.005644633198585325,0.34642526962540604,0.3333333333333333,0.7
MLP_TP_04,mlp,MLP,TP,10,295346,5.101366696180776e-06,-12.185997009277344,23.711139678955078,23.731896969372368,0.02075729041728991,0.333415721663457,0.3333333333333333,0.6
MLP_TP_04,mlp,MLP,TP,11,87343,0.00026873021852225065,-8.22153377532959,19.746676445007324,19.712537111416033,0.03413933359129118,0.7118763205672762,0.3333333333333333,0.8
MLP_TP_04,mlp,MLP,TP,12,257740,2.1706420739064924e-05,-10.73788070678711,22.263023376464844,22.288982599271677,0.025959222806832827,0.28349646062480904,0.17647058823529413,0.4
MLP_TP_04,mlp,MLP,TP,13,150246,0.13943606615066528,-1.8199816942214966,13.345124363899231,13.358648675459236,0.013524311560004776,0.42606511916961826,0.3333333333333333,0.5
MLP_TP_04,mlp,MLP,TP,14,115022,0.26347869634628296,-1.0279656648635864,12.55310833454132,12.575624129815502,0.022515795274181016,0.5908633959604247,0.3333333333333333,0.6
MLP_TP_04,mlp,MLP,TP,15,163618,0.0001515899202786386,-8.794179916381836,20.31932258605957,20.271079124471004,0.04824346158856585,0.5520804191190487,0.17647058823529413,0.6
MLP_TP_04,mlp,MLP,TP,16,133372,0.14554473757743835,-1.769980549812317,13.295123219490051,13.285663864452705,0.00945935503734674,0.28619158864842026,0.3333333333333333,0.4
MLP_TP_04,mlp,MLP,TP,17,162071,0.13883274793624878,-1.8250187635421753,13.35016143321991,13.343184064756134,0.006977368463775946,0.42586886745893565,0.3333333333333333,0.5
MLP_TP_04,mlp,MLP,TP,18,90067,0.05567143112421036,-2.8310070037841797,14.356149673461914,14.3252195038817,0.03093016958021444,0.2798142214327936,0.42857142857142855,0.4
MLP_TP_04,mlp,MLP,TP,19,111705,0.14582887291908264,-1.7676976919174194,13.292840361595154,13.271957154327765,0.02088320726738857,0.4166867980446997,0.3333333333333333,0.5
MLP_TP_04,mlp,MLP,TP,20,34940,0.015493686310946941,-4.151707649230957,15.676850318908691,15.700973406649506,0.024123087740814952,0.5373258183212992,0.5384615384615384,0.5
MLP_TP_04,mlp,MLP,TP,21,212937,6.223006039363099e-06,-11.987251281738281,23.512393951416016,23.522455316168628,0.010061364752612434,0.6408927019563817,0.5384615384615384,0.7
MLP_TP_04,mlp,MLP,TP,22,214917,0.08746323734521866,-2.3450098037719727,13.870152473449707,13.855114063457794,0.015038409991912971,0.4420444633342403,0.3333333333333333,0.5
MLP_TP_04,mlp,MLP,TP,23,70482,0.013435401022434235,-4.296335697174072,15.821478366851807,15.842133378033449,0.020655011181641925,0.3222659114494569,0.5384615384615384,0.4
MLP_TP_04,mlp,MLP,TP,24,294868,6.007681349728955e-06,-12.022465705871582,23.547608375549316,23.60700487017167,0.05939649462235508,0.6165546786363763,0.5384615384615384,0.7
MLP_TP_04,mlp,MLP,TP,25,39929,0.18094870448112488,-1.5099332332611084,13.035075902938843,13.035481224828018,0.00040532188917552503,0.5394681315129684,0.3333333333333333,0.5
MLP_TP_04,mlp,MLP,TP,26,138479,0.07455115020275116,-2.5187933444976807,14.043936014175415,14.033538716852588,0.010397297322827015,0.7298065326235704,0.42857142857142855,0.6
MLP_TP_04,mlp,MLP,TP,27,142790,0.0008157293195836246,-7.110611915588379,18.635754585266113,18.66018697716413,0.02443239189801716,0.6629002581361709,0.42857142857142855,0.6
MLP_TP_04,mlp,MLP,TP,28,100912,0.015954015776515007,-4.121962070465088,15.647104740142822,15.67067526537873,0.023570525235907525,0.5377673824606318,0.5384615384615384,0.5
MLP_TP_04,mlp,MLP,TP,29,74305,0.00028481162735261023,-8.163397789001465,19.6885404586792,19.68396320089755,0.004577257781647859,0.7034388374653031,0.25,0.8
MLP_TP_04,mlp,MLP,TP,30,264007,5.59629643248627e-06,-12.093400001525879,23.618542671203613,23.56993563339961,0.048607037804003994,0.6223468566960606,0.5384615384615384,0.7
MLP_TP_04,mlp,MLP,TP,31,265049,0.11013741046190262,-2.0893383026123047,13.614480972290039,13.570624184054232,0.04385678823580719,0.2724877755023407,0.25,0.3
MLP_TP_04,mlp,MLP,TP,32,45738,0.08338304609060287,-2.397244691848755,13.92238736152649,13.928884108909568,0.006496747383078372,0.7323893404919247,0.42857142857142855,0.6
MLP_TP_05,mlp,MLP,TP,1,276817,0.0023396392352879047,-6.055416107177734,20.684202194213867,20.629006979699508,0.05519521451435949,0.48345699156432587,0.25,0.5
MLP_TP_05,mlp,MLP,TP,2,214177,0.1099628433585167,-2.091120719909668,16.7199068069458,16.723546044074006,0.0036392371282047975,0.7513029476888586,0.5384615384615384,0.8
MLP_TP_05,mlp,MLP,TP,3,271605,0.07201563566923141,-2.556131601333618,17.18491768836975,17.19456127874378,0.009643590374029287,0.704645210690624,0.17647058823529413,0.5
MLP_TP_05,mlp,MLP,TP,4,284786,0.003993729129433632,-5.519028186798096,20.14781427383423,20.12423192160213,0.023582352232097037,0.930148416088426,0.6666666666666666,0.9
MLP_TP_05,mlp,MLP,TP,5,278772,0.15564192831516266,-1.6910187005996704,16.319804787635803,16.322272315871544,0.0024675282357407013,0.8049915978697842,0.42857142857142855,0.8
MLP_TP_05,mlp,MLP,TP,6,65755,0.03516860678792,-3.3117995262145996,17.940585613250732,17.903727287383823,0.03685832586690907,0.8985457506981955,0.6666666666666666,0.9
MLP_TP_05,mlp,MLP,TP,7,262731,6.445494818763109e-06,-11.952122688293457,26.58090877532959,26.60266260931909,0.021753833989500038,0.8824053126120236,0.5384615384615384,0.9
MLP_TP_05,mlp,MLP,TP,8,21449,0.0923510417342186,-2.2852606773376465,16.91404676437378,16.930117085736907,0.01607032136312725,0.8866705676987315,0.6666666666666666,0.9
MLP_TP_05,mlp,MLP,TP,9,198454,8.289093784696888e-06,-11.7005615234375,26.329347610473633,26.28598042833319,0.043367182140443106,0.7538729332931288,0.6666666666666666,1.0
MLP_TP_05,mlp,MLP,TP,10,295346,5.101366696180776e-06,-12.185997009277344,26.814783096313477,26.820589043497602,0.005805947184125415,0.7613464333322533,0.6666666666666666,1.0
MLP_TP_05,mlp,MLP,TP,11,87343,0.00026873021852225065,-8.22153377532959,22.850319862365723,22.79238840816147,0.057931454204251054,0.8151940581403238,0.3333333333333333,0.9
MLP_TP_05,mlp,MLP,TP,12,257740,2.1706420739064924e-05,-10.73788070678711,25.366666793823242,25.38384789979076,0.01718110596751643,0.5824631159345591,0.17647058823529413,0.5
MLP_TP_05,mlp,MLP,TP,13,150246,0.13943606615066528,-1.8199816942214966,16.44876778125763,16.440672350097863,0.00809543115976652,0.8134375466090973,0.5384615384615384,0.8
MLP_TP_05,mlp,MLP,TP,14,115022,0.26347869634628296,-1.0279656648635864,15.65675175189972,15.709935553961774,0.05318380206205475,0.8790249690651624,0.5384615384615384,0.9
MLP_TP_05,mlp,MLP,TP,15,163618,0.0001515899202786386,-8.794179916381836,23.42296600341797,23.42195212532644,0.0010138780915269763,0.613462112855013,0.17647058823529413,0.9
MLP_TP_05,mlp,MLP,TP,16,133372,0.14554473757743835,-1.769980549812317,16.39876663684845,16.37866334197357,0.02010329487487894,0.7498736483104272,0.42857142857142855,0.8
MLP_TP_05,mlp,MLP,TP,17,162071,0.13883274793624878,-1.8250187635421753,16.453804850578308,16.453552713329213,0.0002521372490953411,0.8130609580903084,0.5384615384615384,0.8
MLP_TP_05,mlp,MLP,TP,18,90067,0.05567143112421036,-2.8310070037841797,17.459793090820312,17.460732457656448,0.0009393668361354912,0.801779258522186,0.25,0.4
MLP_TP_05,mlp,MLP,TP,19,111705,0.14582887291908264,-1.7676976919174194,16.396483778953552,16.3989414339272,0.0024576549736465836,0.8068718916359101,0.42857142857142855,0.8
MLP_TP_05,mlp,MLP,TP,20,34940,0.015493686310946941,-4.151707649230957,18.78049373626709,18.7877927498427,0.007299013575611468,0.8543388073257903,0.5384615384615384,0.9
MLP_TP_05,mlp,MLP,TP,21,212937,6.223006039363099e-06,-11.987251281738281,26.616037368774414,26.580011538128375,0.03602583064603948,0.8823539604136614,0.5384615384615384,0.9
MLP_TP_05,mlp,MLP,TP,22,214917,0.08746323734521866,-2.3450098037719727,16.973795890808105,16.98434132798451,0.010545437176403993,0.8965917799902111,0.6666666666666666,0.9
MLP_TP_05,mlp,MLP,TP,23,70482,0.013435401022434235,-4.296335697174072,18.925121784210205,18.92868814029761,0.0035663560874041877,0.6681620021861802,0.25,0.4
MLP_TP_05,mlp,MLP,TP,24,294868,6.007681349728955e-06,-12.022465705871582,26.651251792907715,26.691287128574178,0.04003533566646311,0.885424920036751,0.5384615384615384,0.9
MLP_TP_05,mlp,MLP,TP,25,39929,0.18094870448112488,-1.5099332332611084,16.13871932029724,16.152898486733065,0.014179166435823731,0.8769029500047912,0.5384615384615384,0.9
MLP_TP_05,mlp,MLP,TP,26,138479,0.07455115020275116,-2.5187933444976807,17.147579431533813,17.22894691637838,0.08136748484456646,0.9023223809430742,0.6666666666666666,0.9
MLP_TP_05,mlp,MLP,TP,27,142790,0.0008157293195836246,-7.110611915588379,21.73939800262451,21.73537844651247,0.0040195561120413,0.9330350530646098,0.6666666666666666,0.9
MLP_TP_05,mlp,MLP,TP,28,100912,0.015954015776515007,-4.121962070465088,18.75074815750122,18.743112968909195,0.007635188592026054,0.8527648019483904,0.5384615384615384,0.9
MLP_TP_05,mlp,MLP,TP,29,74305,0.00028481162735261023,-8.163397789001465,22.792183876037598,22.76733584870472,0.024848027332875944,0.8151269348559923,0.3333333333333333,0.9
MLP_TP_05,mlp,MLP,TP,30,264007,5.59629643248627e-06,-12.093400001525879,26.72218608856201,26.739583286158854,0.017397197596842773,0.8835557615147842,0.5384615384615384,0.9
MLP_TP_05,mlp,MLP,TP,31,265049,0.11013741046190262,-2.0893383026123047,16.718124389648438,16.72181509386239,0.00369070421395179,0.7481393181818441,0.3333333333333333,0.5
MLP_TP_05,mlp,MLP,TP,32,45738,0.08338304609060287,-2.397244691848755,17.026030778884888,17.029196817357892,0.003166038473004562,0.893590164355622,0.6666666666666666,0.9
MLP_TP_06,mlp,MLP,TP,1,276817,0.0023396392352879047,-6.055416107177734,25.121097564697266,25.145823552670254,0.02472598797298886,0.5439945630123841,0.17647058823529413,0.5
MLP_TP_06,mlp,MLP,TP,2,214177,0.1099628433585167,-2.091120719909668,21.1568021774292,21.094176236157217,0.06262594127198184,0.8044590321855994,0.42857142857142855,0.8
MLP_TP_06,mlp,MLP,TP,3,271605,0.07201563566923141,-2.556131601333618,21.62181305885315,21.576260836676635,0.045552222176514334,0.7294894309914121,0.17647058823529413,0.5
MLP_TP_06,mlp,MLP,TP,4,284786,0.003993729129433632,-5.519028186798096,24.584709644317627,24.59648511692241,0.011775472604782067,0.9412636152358054,0.6666666666666666,0.9
MLP_TP_06,mlp,MLP,TP,5,278772,0.15564192831516266,-1.6910187005996704,20.7567001581192,20.743126601611348,0.013573556507854079,0.835797439274076,0.42857142857142855,0.7
MLP_TP_06,mlp,MLP,TP,6,65755,0.03516860678792,-3.3117995262145996,22.37748098373413,22.359294991234798,0.01818599249933328,0.9120799206206671,0.6666666666666666,1.0
MLP_TP_06,mlp,MLP,TP,7,262731,6.445494818763109e-06,-11.952122688293457,31.01780414581299,31.0277687156887,0.009964569875712925,0.8861650642733662,0.6666666666666666,1.0
MLP_TP_06,mlp,MLP,TP,8,21449,0.0923510417342186,-2.2852606773376465,21.350942134857178,21.35607590026019,0.005133765403012802,0.9004213503222738,0.6666666666666666,1.0
MLP_TP_06,mlp,MLP,TP,9,198454,8.289093784696888e-06,-11.7005615234375,30.76624298095703,30.80953756300272,0.04329458204568937,0.7722083391572813,0.6666666666666666,0.9
MLP_TP_06,mlp,MLP,TP,10,295346,5.101366696180776e-06,-12.185997009277344,31.251678466796875,31.2434132689233,0.008265197873573271,0.7726995150747049,0.6666666666666666,0.9
MLP_TP_06,mlp,MLP,TP,11,87343,0.00026873021852225065,-8.22153377532959,27.28721523284912,27.286839785871038,0.000375446978083005,0.8374867813976609,0.3333333333333333,0.9
MLP_TP_06,mlp,MLP,TP,12,257740,2.1706420739064924e-05,-10.73788070678711,29.80356216430664,29.765153574367265,0.038408589939376014,0.6336031803094214,0.17647058823529413,0.5
MLP_TP_06,mlp,MLP,TP,13,150246,0.13943606615066528,-1.8199816942214966,20.885663151741028,20.897213609051928,0.011550457310899986,0.8373329689116894,0.42857142857142855,0.7
MLP_TP_06,mlp,MLP,TP,14,115022,0.26347869634628296,-1.0279656648635864,20.093647122383118,20.06779756389765,0.02584955848546855,0.8675739526065239,0.5384615384615384,1.0
MLP_TP_06,mlp,MLP,TP,15,163618,0.0001515899202786386,-8.794179916381836,27.859861373901367,27.796746382674545,0.06311499122682207,0.6291289990256688,0.17647058823529413,0.9
MLP_TP_06,mlp,MLP,TP,16,133372,0.14554473757743835,-1.769980549812317,20.835662007331848,20.84566625310853,0.010004245776681131,0.8144814030037423,0.42857142857142855,0.8
MLP_TP_06,mlp,MLP,TP,17,162071,0.13883274793624878,-1.8250187635421753,20.890700221061707,20.888990046210687,0.0017101748510199855,0.8372714902316901,0.42857142857142855,0.7
MLP_TP_06,mlp,MLP,TP,18,90067,0.05567143112421036,-2.8310070037841797,21.89668846130371,21.88146696859062,0.015221492713092033,0.8208431854690192,0.3333333333333333,0.5
MLP_TP_06,mlp,MLP,TP,19,111705,0.14582887291908264,-1.7676976919174194,20.83337914943695,20.819061392908036,0.014317756528914316,0.8362430017156463,0.42857142857142855,0.7
MLP_TP_06,mlp,MLP,TP,20,34940,0.015493686310946941,-4.151707649230957,23.21738910675049,23.23893027642889,0.02154116967840025,0.8610879943646472,0.8181818181818182,1.0
MLP_TP_06,mlp,MLP,TP,21,212937,6.223006039363099e-06,-11.987251281738281,31.052932739257812,30.994619930306,0.058312808951811235,0.8842639009788924,0.6666666666666666,1.0
MLP_TP_06,mlp,MLP,TP,22,214917,0.08746323734521866,-2.3450098037719727,21.410691261291504,21.410223349407428,0.0004679118840762442,0.9163087364183903,0.8181818181818182,0.9
MLP_TP_06,mlp,MLP,TP,23,70482,0.013435401022434235,-4.296335697174072,23.362017154693604,23.36916636694293,0.007149212249327519,0.7139719061758985,0.3333333333333333,0.5
MLP_TP_06,mlp,MLP,TP,24,294868,6.007681349728955e-06,-12.022465705871582,31.088147163391113,31.096725129462,0.00857796607088801,0.8877754303820716,0.6666666666666666,1.0
MLP_TP_06,mlp,MLP,TP,25,39929,0.18094870448112488,-1.5099332332611084,20.57561469078064,20.591563684473776,0.015948993693136515,0.9040644711876433,0.6666666666666666,1.0
MLP_TP_06,mlp,MLP,TP,26,138479,0.07455115020275116,-2.5187933444976807,21.584474802017212,21.560291053183555,0.024183748833657148,0.9163164081914549,0.6666666666666666,1.0
MLP_TP_06,mlp,MLP,TP,27,142790,0.0008157293195836246,-7.110611915588379,26.17629337310791,26.20278475162229,0.026491378514378994,0.9433887919711175,0.6666666666666666,0.9
MLP_TP_06,mlp,MLP,TP,28,100912,0.015954015776515007,-4.121962070465088,23.18764352798462,23.2526146481933,0.06497112020868201,0.8605412356125361,0.8181818181818182,1.0
MLP_TP_06,mlp,MLP,TP,29,74305,0.00028481162735261023,-8.163397789001465,27.229079246520996,27.306947617059926,0.07786837053892981,0.8354858489819792,0.3333333333333333,0.9
MLP_TP_06,mlp,MLP,TP,30,264007,5.59629643248627e-06,-12.093400001525879,31.15908145904541,31.088779618847223,0.0703018401981872,0.8862720354509668,0.6666666666666666,1.0
MLP_TP_06,mlp,MLP,TP,31,265049,0.11013741046190262,-2.0893383026123047,21.155019760131836,21.162337012754186,0.007317252622350168,0.8003089429762009,0.3333333333333333,0.5
MLP_TP_06,mlp,MLP,TP,32,45738,0.08338304609060287,-2.397244691848755,21.462926149368286,21.43416249425471,0.02876365511357548,0.9092612840376012,0.6666666666666666,1.0
MLP_TP_07,mlp,MLP,TP,1,276817,0.0023396392352879047,-6.055416107177734,25.121097564697266,25.145823552670254,0.02472598797298886,0.5439945630123841,0.17647058823529413,0.5
MLP_TP_07,mlp,MLP,TP,2,214177,0.1099628433585167,-2.091120719909668,21.1568021774292,21.094176236157217,0.06262594127198184,0.8044590321855994,0.42857142857142855,0.8
MLP_TP_07,mlp,MLP,TP,3,271605,0.07201563566923141,-2.556131601333618,21.62181305885315,21.576260836676635,0.045552222176514334,0.7294894309914121,0.17647058823529413,0.5
MLP_TP_07,mlp,MLP,TP,4,284786,0.003993729129433632,-5.519028186798096,24.584709644317627,24.59648511692241,0.011775472604782067,0.9412636152358054,0.6666666666666666,0.9
MLP_TP_07,mlp,MLP,TP,5,278772,0.15564192831516266,-1.6910187005996704,20.7567001581192,20.743126601611348,0.013573556507854079,0.835797439274076,0.42857142857142855,0.7
MLP_TP_07,mlp,MLP,TP,6,65755,0.03516860678792,-3.3117995262145996,22.37748098373413,22.359294991234798,0.01818599249933328,0.9120799206206671,0.6666666666666666,1.0
MLP_TP_07,mlp,MLP,TP,7,262731,6.445494818763109e-06,-11.952122688293457,31.01780414581299,31.0277687156887,0.009964569875712925,0.8861650642733662,0.6666666666666666,1.0
MLP_TP_07,mlp,MLP,TP,8,21449,0.0923510417342186,-2.2852606773376465,21.350942134857178,21.35607590026019,0.005133765403012802,0.9004213503222738,0.6666666666666666,1.0
MLP_TP_07,mlp,MLP,TP,9,198454,8.289093784696888e-06,-11.7005615234375,30.76624298095703,30.80953756300272,0.04329458204568937,0.7722083391572813,0.6666666666666666,0.9
MLP_TP_07,mlp,MLP,TP,10,295346,5.101366696180776e-06,-12.185997009277344,31.251678466796875,31.2434132689233,0.008265197873573271,0.7726995150747049,0.6666666666666666,0.9
MLP_TP_07,mlp,MLP,TP,11,87343,0.00026873021852225065,-8.22153377532959,27.28721523284912,27.286839785871038,0.000375446978083005,0.8374867813976609,0.3333333333333333,0.9
MLP_TP_07,mlp,MLP,TP,12,257740,2.1706420739064924e-05,-10.73788070678711,29.80356216430664,29.765153574367265,0.038408589939376014,0.6336031803094214,0.17647058823529413,0.5
MLP_TP_07,mlp,MLP,TP,13,150246,0.13943606615066528,-1.8199816942214966,20.885663151741028,20.897213609051928,0.011550457310899986,0.8373329689116894,0.42857142857142855,0.7
MLP_TP_07,mlp,MLP,TP,14,115022,0.26347869634628296,-1.0279656648635864,20.093647122383118,20.06779756389765,0.02584955848546855,0.8675739526065239,0.5384615384615384,1.0
MLP_TP_07,mlp,MLP,TP,15,163618,0.0001515899202786386,-8.794179916381836,27.859861373901367,27.796746382674545,0.06311499122682207,0.6291289990256688,0.17647058823529413,0.9
MLP_TP_07,mlp,MLP,TP,16,133372,0.14554473757743835,-1.769980549812317,20.835662007331848,20.84566625310853,0.010004245776681131,0.8144814030037423,0.42857142857142855,0.8
MLP_TP_07,mlp,MLP,TP,17,162071,0.13883274793624878,-1.8250187635421753,20.890700221061707,20.888990046210687,0.0017101748510199855,0.8372714902316901,0.42857142857142855,0.7
MLP_TP_07,mlp,MLP,TP,18,90067,0.05567143112421036,-2.8310070037841797,21.89668846130371,21.88146696859062,0.015221492713092033,0.8208431854690192,0.3333333333333333,0.5
MLP_TP_07,mlp,MLP,TP,19,111705,0.14582887291908264,-1.7676976919174194,20.83337914943695,20.819061392908036,0.014317756528914316,0.8362430017156463,0.42857142857142855,0.7
MLP_TP_07,mlp,MLP,TP,20,34940,0.015493686310946941,-4.151707649230957,23.21738910675049,23.23893027642889,0.02154116967840025,0.8610879943646472,0.8181818181818182,1.0
MLP_TP_07,mlp,MLP,TP,21,212937,6.223006039363099e-06,-11.987251281738281,31.052932739257812,30.994619930306,0.058312808951811235,0.8842639009788924,0.6666666666666666,1.0
MLP_TP_07,mlp,MLP,TP,22,214917,0.08746323734521866,-2.3450098037719727,21.410691261291504,21.410223349407428,0.0004679118840762442,0.9163087364183903,0.8181818181818182,0.9
MLP_TP_07,mlp,MLP,TP,23,70482,0.013435401022434235,-4.296335697174072,23.362017154693604,23.36916636694293,0.007149212249327519,0.7139719061758985,0.3333333333333333,0.5
MLP_TP_07,mlp,MLP,TP,24,294868,6.007681349728955e-06,-12.022465705871582,31.088147163391113,31.096725129462,0.00857796607088801,0.8877754303820716,0.6666666666666666,1.0
MLP_TP_07,mlp,MLP,TP,25,39929,0.18094870448112488,-1.5099332332611084,20.57561469078064,20.591563684473776,0.015948993693136515,0.9040644711876433,0.6666666666666666,1.0
MLP_TP_07,mlp,MLP,TP,26,138479,0.07455115020275116,-2.5187933444976807,21.584474802017212,21.560291053183555,0.024183748833657148,0.9163164081914549,0.6666666666666666,1.0
MLP_TP_07,mlp,MLP,TP,27,142790,0.0008157293195836246,-7.110611915588379,26.17629337310791,26.20278475162229,0.026491378514378994,0.9433887919711175,0.6666666666666666,0.9
MLP_TP_07,mlp,MLP,TP,28,100912,0.015954015776515007,-4.121962070465088,23.18764352798462,23.2526146481933,0.06497112020868201,0.8605412356125361,0.8181818181818182,1.0
MLP_TP_07,mlp,MLP,TP,29,74305,0.00028481162735261023,-8.163397789001465,27.229079246520996,27.306947617059926,0.07786837053892981,0.8354858489819792,0.3333333333333333,0.9
MLP_TP_07,mlp,MLP,TP,30,264007,5.59629643248627e-06,-12.093400001525879,31.15908145904541,31.088779618847223,0.0703018401981872,0.8862720354509668,0.6666666666666666,1.0
MLP_TP_07,mlp,MLP,TP,31,265049,0.11013741046190262,-2.0893383026123047,21.155019760131836,21.162337012754186,0.007317252622350168,0.8003089429762009,0.3333333333333333,0.5
MLP_TP_07,mlp,MLP,TP,32,45738,0.08338304609060287,-2.397244691848755,21.462926149368286,21.43416249425471,0.02876365511357548,0.9092612840376012,0.6666666666666666,1.0
MLP_TP_08,mlp,MLP,TP,1,276817,0.0023396392352879047,-6.055416107177734,23.708696365356445,23.793357972990222,0.08466160763377673,0.6247469726589271,0.25,0.8
MLP_TP_08,mlp,MLP,TP,2,214177,0.1099628433585167,-2.091120719909668,19.74440097808838,19.817377646107378,0.07297666801899894,0.8321299431163331,0.5384615384615384,0.8
MLP_TP_08,mlp,MLP,TP,3,271605,0.07201563566923141,-2.556131601333618,20.20941185951233,20.164164107933356,0.045247751578973094,0.8444320197451642,0.3333333333333333,0.8
MLP_TP_08,mlp,MLP,TP,4,284786,0.003993729129433632,-5.519028186798096,23.172308444976807,23.182074689849223,0.009766244872416507,0.9012859502043449,0.5384615384615384,0.7
MLP_TP_08,mlp,MLP,TP,5,278772,0.15564192831516266,-1.6910187005996704,19.34429895877838,19.32094008210926,0.023358876669121287,0.928946790079505,0.5384615384615384,0.8
MLP_TP_08,mlp,MLP,TP,6,65755,0.03516860678792,-3.3117995262145996,20.96507978439331,20.963710991886952,0.0013687925063585737,0.7493012130997164,0.5384615384615384,0.8
MLP_TP_08,mlp,MLP,TP,7,262731,6.445494818763109e-06,-11.952122688293457,29.605402946472168,29.621344480073184,0.01594153360101558,0.6788901099078736,0.42857142857142855,0.7
MLP_TP_08,mlp,MLP,TP,8,21449,0.0923510417342186,-2.2852606773376465,19.938540935516357,19.91049281028278,0.028048125233578247,0.7003688669387684,0.42857142857142855,0.7
MLP_TP_08,mlp,MLP,TP,9,198454,8.289093784696888e-06,-11.7005615234375,29.35384178161621,29.39599859500341,0.0421568133871979,0.4619278703136149,0.3333333333333333,0.6
MLP_TP_08,mlp,MLP,TP,10,295346,5.101366696180776e-06,-12.185997009277344,29.839277267456055,29.830905713992937,0.008371553463117465,0.43756217120416496,0.3333333333333333,0.5
MLP_TP_08,mlp,MLP,TP,11,87343,0.00026873021852225065,-8.22153377532959,25.8748140335083,25.89466391225999,0.019849878751688976,0.3910821702480325,0.42857142857142855,0.4
MLP_TP_08,mlp,MLP,TP,12,257740,2.1706420739064924e-05,-10.73788070678711,28.39116096496582,28.418281810721837,0.027120845756016365,0.6980919343694169,0.42857142857142855,0.8
MLP_TP_08,mlp,MLP,TP,13,150246,0.13943606615066528,-1.8199816942214966,19.473261952400208,19.514161430193568,0.040899477793360006,0.9283883208133741,0.5384615384615384,0.8
MLP_TP_08,mlp,MLP,TP,14,115022,0.26347869634628296,-1.0279656648635864,18.681245923042297,18.69077778205828,0.009531859015982747,0.43217909575968816,0.25,0.4
MLP_TP_08,mlp,MLP,TP,15,163618,0.0001515899202786386,-8.794179916381836,26.447460174560547,26.454561733230186,0.007101558669639019,0.27023189757492655,0.17647058823529413,0.3
MLP_TP_08,mlp,MLP,TP,16,133372,0.14554473757743835,-1.769980549812317,19.423260807991028,19.430400774966667,0.007139966975639567,0.8205253669177437,0.5384615384615384,0.8
MLP_TP_08,mlp,MLP,TP,17,162071,0.13883274793624878,-1.8250187635421753,19.478299021720886,19.46028369672156,0.018015324999325344,0.928432960022515,0.5384615384615384,0.8
MLP_TP_08,mlp,MLP,TP,18,90067,0.05567143112421036,-2.8310070037841797,20.48428726196289,20.476629862186588,0.0076573997763027535,0.7066025093050046,0.5384615384615384,0.7
MLP_TP_08,mlp,MLP,TP,19,111705,0.14582887291908264,-1.7676976919174194,19.42097795009613,19.40217755506461,0.0188003950315192,0.9283055858728636,0.5384615384615384,0.8
MLP_TP_08,mlp,MLP,TP,20,34940,0.015493686310946941,-4.151707649230957,21.804987907409668,21.798779749032562,0.006208158377106088,0.8715728758668569,0.8181818181818182,0.9
MLP_TP_08,mlp,MLP,TP,21,212937,6.223006039363099e-06,-11.987251281738281,29.640531539916992,29.703831118149985,0.06329957823299281,0.654912467451619,0.42857142857142855,0.6
MLP_TP_08,mlp,MLP,TP,22,214917,0.08746323734521866,-2.3450098037719727,19.998290061950684,20.00638513603321,0.008095074082525855,0.8898321407468365,0.42857142857142855,0.7
MLP_TP_08,mlp,MLP,TP,23,70482,0.013435401022434235,-4.296335697174072,21.949615955352783,21.97717347648367,0.027557521130887608,0.6465439654407732,0.42857142857142855,0.6
MLP_TP_08,mlp,MLP,TP,24,294868,6.007681349728955e-06,-12.022465705871582,29.675745964050293,29.617331016412933,0.05841494763735966,0.6702635842354882,0.42857142857142855,0.7
MLP_TP_08,mlp,MLP,TP,25,39929,0.18094870448112488,-1.5099332332611084,19.16321349143982,19.11654164333443,0.04667184810539027,0.770651541948289,0.42857142857142855,0.6
MLP_TP_08,mlp,MLP,TP,26,138479,0.07455115020275116,-2.5187933444976807,20.17207360267639,20.17937728380863,0.007303681132238893,0.7546302668866857,0.42857142857142855,0.8
MLP_TP_08,mlp,MLP,TP,27,142790,0.0008157293195836246,-7.110611915588379,24.76389217376709,24.765899498327535,0.0020073245604450562,0.9064011706998036,0.42857142857142855,0.7
MLP_TP_08,mlp,MLP,TP,28,100912,0.015954015776515007,-4.121962070465088,21.7752423286438,21.75962255571028,0.015619772933519016,0.8716766339229772,0.8181818181818182,0.9
MLP_TP_08,mlp,MLP,TP,29,74305,0.00028481162735261023,-8.163397789001465,25.816678047180176,25.80237526501674,0.014302782163436945,0.37148686354722416,0.5384615384615384,0.4
MLP_TP_08,mlp,MLP,TP,30,264007,5.59629643248627e-06,-12.093400001525879,29.74668025970459,29.722476768135753,0.024203491568837165,0.672497634612284,0.42857142857142855,0.7
MLP_TP_08,mlp,MLP,TP,31,265049,0.11013741046190262,-2.0893383026123047,19.742618560791016,19.736708352935096,0.005910207855919225,0.8352261933891327,0.5384615384615384,0.8
MLP_TP_08,mlp,MLP,TP,32,45738,0.08338304609060287,-2.397244691848755,20.050524950027466,20.033601904003234,0.01692304602423178,0.7194639550369165,0.42857142857142855,0.8
