case_id,model,model_display,selected_outcome,holdout_position,original_row_index,y_true,attack_category,feature_index,feature_name,raw_feature_value,scaled_feature_value,attribution,absolute_attribution,absolute_rank,is_top10,reference_attribution_mean,reference_attribution_std,reference_attribution_minimum,reference_attribution_maximum,positive_reference_fraction,negative_reference_fraction,zero_reference_fraction,reference_sign_consistency,feature_reference_stability,attribution_direction,reference_reliability_class,recommended_reporting_role
CNN_FN_01,cnn,CNN,FN,20087,116825,1,Bot,0,Dst Port,8080.0,-0.1534778773784637,0.5998095464846465,0.5998095464846465,5,True,0.5998095464846463,0.7176972885512415,-0.0386463425628062,2.071256121155082,0.875,0.125,0.0,0.875,Reference-stable direction,Increases attack logit,Moderately reference-stable,Present only with explicit reference-sensitivity caveat
CNN_FN_01,cnn,CNN,FN,20087,116825,1,Bot,2,Flow Duration,14041.0,-0.3766815364360809,0.3084053573738352,0.3084053573738352,9,True,0.3084053573738352,0.6094065227499929,-0.0004381126052247,1.9874523941447992,0.625,0.375,0.0,0.625,Reference-sensitive direction,Increases attack logit,Moderately reference-stable,Present only with explicit reference-sensitivity caveat
CNN_FN_01,cnn,CNN,FN,20087,116825,1,Bot,7,Fwd Pkt Len Max,0.0,-0.6599207520484924,0.9140683369200848,0.9140683369200848,2,True,0.9140683369200848,1.7554968127982729,-1.2127475393075624,4.566026195176672,0.6875,0.125,0.1875,0.6875,Moderately stable direction,Increases attack logit,Moderately reference-stable,Present only with explicit reference-sensitivity caveat
CNN_FN_01,cnn,CNN,FN,20087,116825,1,Bot,10,Fwd Pkt Len Std,0.0,-0.6824519038200378,-0.5455507483015717,0.5455507483015717,6,True,-0.5455507483015717,1.1011499863989167,-4.3793577226453,0.2897887703455079,0.15625,0.53125,0.3125,0.53125,Reference-sensitive direction,Decreases attack logit,Moderately reference-stable,Present only with explicit reference-sensitivity caveat
CNN_FN_01,cnn,CNN,FN,20087,116825,1,Bot,11,Bwd Pkt Len Max,112.0,-0.43702232837677,0.4339210250798902,0.4339210250798902,8,True,0.4339210250798902,0.6500449897139127,-0.0625656006962983,2.477439586896492,0.75,0.25,0.0,0.75,Reference-stable direction,Increases attack logit,Moderately reference-stable,Present only with explicit reference-sensitivity caveat
CNN_FN_01,cnn,CNN,FN,20087,116825,1,Bot,14,Bwd Pkt Len Std,33.64547788,-0.5043004751205444,-0.472533894407276,0.472533894407276,7,True,-0.4725338944072761,0.9632053082168096,-3.7937300834640286,0.3368948531206161,0.375,0.625,0.0,0.625,Reference-sensitive direction,Decreases attack logit,Moderately reference-stable,Present only with explicit reference-sensitivity caveat
CNN_FN_01,cnn,CNN,FN,20087,116825,1,Bot,40,Pkt Len Max,112.0,-0.5532856583595276,0.2930129475370484,0.2930129475370484,10,True,0.2930129475370484,0.3446793862143811,-0.1462388088414299,1.031454083328489,0.875,0.125,0.0,0.875,Reference-stable direction,Increases attack logit,Moderately reference-stable,Present only with explicit reference-sensitivity caveat
CNN_FN_01,cnn,CNN,FN,20087,116825,1,Bot,46,RST Flag Cnt,1.0,1.9163296222686768,0.6635176646047249,0.6635176646047249,3,True,0.6635176646047247,0.7159645258657376,0.0,2.23654097039267,0.625,0.0,0.375,0.625,Reference-sensitive direction,Increases attack logit,Moderately reference-stable,Present only with explicit reference-sensitivity caveat
CNN_FN_01,cnn,CNN,FN,20087,116825,1,Bot,52,Down/Up Ratio,5.0,4.748593807220459,1.2441565653166005,1.2441565653166005,1,True,1.244156565316601,1.525349816533679,-1.1013146114649732,4.727600821078323,0.6875,0.3125,0.0,0.6875,Moderately stable direction,Increases attack logit,Moderately reference-stable,Present only with explicit reference-sensitivity caveat
CNN_FN_01,cnn,CNN,FN,20087,116825,1,Bot,53,Pkt Size Avg,9.923076923,-0.7236273884773254,0.6250557584964604,0.6250557584964604,4,True,0.6250557584964604,0.7240633951462556,-0.0815195425951793,2.664649487859032,0.8125,0.1875,0.0,0.8125,Reference-stable direction,Increases attack logit,Moderately reference-stable,Present only with explicit reference-sensitivity caveat
CNN_FN_02,cnn,CNN,FN,33027,52627,1,Infilteration,11,Bwd Pkt Len Max,1430.0,2.475555896759033,-0.7087937689447654,0.7087937689447654,6,True,-0.7087937689447653,0.5322574257507914,-2.196617599064512,0.0298453367705647,0.09375,0.90625,0.0,0.90625,Reference-stable direction,Decreases attack logit,Moderately reference-stable,Present only with explicit reference-sensitivity caveat
CNN_FN_02,cnn,CNN,FN,33027,52627,1,Infilteration,18,Flow IAT Std,13000000.0,2.23520565032959,0.6660892430460206,0.6660892430460206,7,True,0.6660892430460206,0.3515644372154901,-0.0967583866671339,1.2907288448799197,0.96875,0.03125,0.0,0.96875,Reference-stable direction,Increases attack logit,Moderately reference-stable,Present only with explicit reference-sensitivity caveat
CNN_FN_02,cnn,CNN,FN,33027,52627,1,Infilteration,19,Flow IAT Max,58900000.0,3.294372320175171,0.5237753804554387,0.5237753804554387,9,True,0.5237753804554387,0.5573171605816778,-0.3790728649847822,1.5467404967655247,0.875,0.125,0.0,0.875,Reference-stable direction,Increases attack logit,Moderately reference-stable,Present only with explicit reference-sensitivity caveat
CNN_FN_02,cnn,CNN,FN,33027,52627,1,Infilteration,21,Fwd IAT Tot,114000000.0,3.413348197937012,-0.9514528798209866,0.9514528798209866,3,True,-0.9514528798209864,0.9146888185040348,-2.347498844427801,0.2071373910957621,0.15625,0.84375,0.0,0.84375,Reference-stable direction,Decreases attack logit,Moderately reference-stable,Present only with explicit reference-sensitivity caveat
CNN_FN_02,cnn,CNN,FN,33027,52627,1,Infilteration,23,Fwd IAT Std,19300000.0,5.042537212371826,1.17570820321559,1.17570820321559,2,True,1.1757082032155903,0.8037266035218724,-0.2185775425426521,2.607632726761849,0.90625,0.09375,0.0,0.90625,Reference-stable direction,Increases attack logit,Moderately reference-stable,Present only with explicit reference-sensitivity caveat
CNN_FN_02,cnn,CNN,FN,33027,52627,1,Infilteration,24,Fwd IAT Max,59000000.0,3.325894594192505,0.3608266710549601,0.3608266710549601,10,True,0.3608266710549601,0.8820235581719599,-0.9030207428304452,1.9041235895242288,0.46875,0.53125,0.0,0.53125,Reference-sensitive direction,Increases attack logit,Moderately reference-stable,Present only with explicit reference-sensitivity caveat
CNN_FN_02,cnn,CNN,FN,33027,52627,1,Infilteration,29,Bwd IAT Max,59000000.0,4.910905838012695,0.8861385992650679,0.8861385992650679,4,True,0.8861385992650679,1.1533329625167168,-0.996090237902755,3.166365701408662,0.59375,0.40625,0.0,0.59375,Reference-sensitive direction,Increases attack logit,Moderately reference-stable,Present only with explicit reference-sensitivity caveat
CNN_FN_02,cnn,CNN,FN,33027,52627,1,Infilteration,40,Pkt Len Max,1430.0,1.9452147483825684,-0.5250368214393402,0.5250368214393402,8,True,-0.5250368214393402,0.600984636019513,-2.3931210843189654,0.041653688853617,0.125,0.875,0.0,0.875,Reference-stable direction,Decreases attack logit,Moderately reference-stable,Present only with explicit reference-sensitivity caveat
CNN_FN_02,cnn,CNN,FN,33027,52627,1,Infilteration,46,RST Flag Cnt,1.0,1.9163296222686768,0.7895464405167244,0.7895464405167244,5,True,0.7895464405167245,0.9289691608194216,0.0,2.8731633985368723,0.625,0.0,0.375,0.625,Reference-sensitive direction,Increases attack logit,Moderately reference-stable,Present only with explicit reference-sensitivity caveat
CNN_FN_02,cnn,CNN,FN,33027,52627,1,Infilteration,51,ECE Flag Cnt,1.0,1.9163296222686768,1.3266395604538264,1.3266395604538264,1,True,1.3266395604538266,1.4085464322578258,0.0,4.407661072806086,0.625,0.0,0.375,0.625,Reference-sensitive direction,Increases attack logit,Moderately reference-stable,Present only with explicit reference-sensitivity caveat
CNN_FN_03,cnn,CNN,FN,59238,97993,1,Infilteration,0,Dst Port,53.0,-0.5525506734848022,0.3892889848151132,0.3892889848151132,8,True,0.3892889848151131,0.7968913313302739,-0.0142060915518264,2.549853258562701,0.53125,0.34375,0.125,0.53125,Reference-sensitive direction,Increases attack logit,Reference-sensitive,Supplementary diagnostic only
CNN_FN_03,cnn,CNN,FN,59238,97993,1,Infilteration,1,Protocol,17.0,2.216094970703125,0.7807492830767276,0.7807492830767276,4,True,0.7807492830767278,0.992368491350766,-1.4362113292825622,2.294350162628882,0.71875,0.15625,0.125,0.71875,Moderately stable direction,Increases attack logit,Reference-sensitive,Supplementary diagnostic only
CNN_FN_03,cnn,CNN,FN,59238,97993,1,Infilteration,2,Flow Duration,294.0,-0.3771364986896515,0.4384016883312469,0.4384016883312469,6,True,0.4384016883312468,0.9594037073297782,-0.0001934159354961,4.54739073737482,0.84375,0.15625,0.0,0.84375,Reference-stable direction,Increases attack logit,Reference-sensitive,Supplementary diagnostic only
CNN_FN_03,cnn,CNN,FN,59238,97993,1,Infilteration,8,Fwd Pkt Len Min,36.0,0.7544926404953003,0.3684206336313901,0.3684206336313901,9,True,0.3684206336313902,0.418286902125711,-0.704586803841129,0.9058534136036184,0.8125,0.1875,0.0,0.8125,Reference-stable direction,Increases attack logit,Reference-sensitive,Supplementary diagnostic only
CNN_FN_03,cnn,CNN,FN,59238,97993,1,Infilteration,10,Fwd Pkt Len Std,0.0,-0.6824519038200378,-0.242645290558857,0.242645290558857,10,True,-0.242645290558857,0.9324341676666216,-2.4674934970791216,0.8789725049157462,0.46875,0.21875,0.3125,0.46875,Reference-sensitive direction,Decreases attack logit,Reference-sensitive,Supplementary diagnostic only
CNN_FN_03,cnn,CNN,FN,59238,97993,1,Infilteration,12,Bwd Pkt Len Min,68.0,1.2564924955368042,0.790901711349248,0.790901711349248,3,True,0.790901711349248,0.6130369947377085,-0.0231982238819988,1.9584519577517296,0.875,0.125,0.0,0.875,Reference-stable direction,Increases attack logit,Reference-sensitive,Supplementary diagnostic only
CNN_FN_03,cnn,CNN,FN,59238,97993,1,Infilteration,46,RST Flag Cnt,0.0,-0.5218309164047241,-1.0827042286728323,1.0827042286728323,1,True,-1.0827042286728323,1.5424237472130593,-4.125988472653695,-0.0,0.0,0.375,0.625,0.625,Reference-sensitive direction,Decreases attack logit,Reference-sensitive,Supplementary diagnostic only
CNN_FN_03,cnn,CNN,FN,59238,97993,1,Infilteration,47,PSH Flag Cnt,0.0,-1.0575153827667236,0.4161204360819802,0.4161204360819802,7,True,0.4161204360819802,0.5428264250694012,-0.7165087043273475,1.484797770918082,0.5625,0.0625,0.375,0.5625,Reference-sensitive direction,Increases attack logit,Reference-sensitive,Supplementary diagnostic only
CNN_FN_03,cnn,CNN,FN,59238,97993,1,Infilteration,67,Init Bwd Win Byts,-1.0,-0.4095837473869324,-0.5561011400437481,0.5561011400437481,5,True,-0.5561011400437482,1.413547490012704,-4.26225833374975,1.173475751826074,0.4375,0.25,0.3125,0.4375,Reference-sensitive direction,Decreases attack logit,Reference-sensitive,Supplementary diagnostic only
CNN_FN_03,cnn,CNN,FN,59238,97993,1,Infilteration,69,Fwd Seg Size Min,8.0,-1.4315420389175415,1.0734823410145244,1.0734823410145244,2,True,1.0734823410145244,1.2530773996030435,-2.116524585564739,3.682445408496822,0.75,0.125,0.125,0.75,Reference-stable direction,Increases attack logit,Reference-sensitive,Supplementary diagnostic only
CNN_FN_04,cnn,CNN,FN,47635,98315,1,Infilteration,0,Dst Port,53.0,-0.5525506734848022,0.3463660125252377,0.3463660125252377,9,True,0.3463660125252378,0.6920499103069921,-0.0142597760060965,2.1789460014934465,0.5625,0.3125,0.125,0.5625,Reference-sensitive direction,Increases attack logit,Reference-sensitive,Supplementary diagnostic only
CNN_FN_04,cnn,CNN,FN,47635,98315,1,Infilteration,1,Protocol,17.0,2.216094970703125,0.4357344785097741,0.4357344785097741,6,True,0.4357344785097741,0.7865569110779294,-1.3898470302066233,1.80774793428578,0.59375,0.28125,0.125,0.59375,Reference-sensitive direction,Increases attack logit,Reference-sensitive,Supplementary diagnostic only
CNN_FN_04,cnn,CNN,FN,47635,98315,1,Infilteration,2,Flow Duration,27372.0,-0.3762403726577759,0.4409193917646917,0.4409193917646917,5,True,0.4409193917646917,1.0372307558862868,-0.0745582193345091,5.031632069103918,0.78125,0.21875,0.0,0.78125,Reference-stable direction,Increases attack logit,Reference-sensitive,Supplementary diagnostic only
CNN_FN_04,cnn,CNN,FN,47635,98315,1,Infilteration,8,Fwd Pkt Len Min,36.0,0.7544926404953003,0.4115460426187038,0.4115460426187038,7,True,0.4115460426187037,0.4093563761992679,-0.5987319247605258,1.015600205633313,0.8125,0.1875,0.0,0.8125,Reference-stable direction,Increases attack logit,Reference-sensitive,Supplementary diagnostic only
CNN_FN_04,cnn,CNN,FN,47635,98315,1,Infilteration,12,Bwd Pkt Len Min,121.0,2.530979633331299,1.4976384711613089,1.4976384711613089,1,True,1.4976384711613084,1.1633587566373005,-0.3199238489837406,3.488514810153112,0.84375,0.15625,0.0,0.84375,Reference-stable direction,Increases attack logit,Reference-sensitive,Supplementary diagnostic only
CNN_FN_04,cnn,CNN,FN,47635,98315,1,Infilteration,46,RST Flag Cnt,0.0,-0.5218309164047241,-1.1230024114619284,1.1230024114619284,2,True,-1.123002411461928,1.595053626277024,-4.239899858827601,-0.0,0.0,0.375,0.625,0.625,Reference-sensitive direction,Decreases attack logit,Reference-sensitive,Supplementary diagnostic only
CNN_FN_04,cnn,CNN,FN,47635,98315,1,Infilteration,47,PSH Flag Cnt,0.0,-1.0575153827667236,0.3879322973954614,0.3879322973954614,8,True,0.3879322973954614,0.4642894708044807,-0.4870407427263785,1.341576784995368,0.5625,0.0625,0.375,0.5625,Reference-sensitive direction,Increases attack logit,Reference-sensitive,Supplementary diagnostic only
CNN_FN_04,cnn,CNN,FN,47635,98315,1,Infilteration,51,ECE Flag Cnt,0.0,-0.5218309164047241,-0.2923851047276589,0.2923851047276589,10,True,-0.2923851047276589,0.4387541508979616,-1.7165468638592596,-0.0,0.0,0.375,0.625,0.625,Reference-sensitive direction,Decreases attack logit,Reference-sensitive,Supplementary diagnostic only
CNN_FN_04,cnn,CNN,FN,47635,98315,1,Infilteration,67,Init Bwd Win Byts,-1.0,-0.4095837473869324,-0.4977673788123575,0.4977673788123575,4,True,-0.4977673788123576,1.2175041608054116,-3.5940766091324825,1.0134441000928809,0.40625,0.28125,0.3125,0.40625,Reference-sensitive direction,Decreases attack logit,Reference-sensitive,Supplementary diagnostic only
CNN_FN_04,cnn,CNN,FN,47635,98315,1,Infilteration,69,Fwd Seg Size Min,8.0,-1.4315420389175415,0.9629188396992576,0.9629188396992576,3,True,0.9629188396992578,1.2299425489291032,-2.040875275458313,4.464589035406813,0.75,0.125,0.125,0.75,Reference-stable direction,Increases attack logit,Reference-sensitive,Supplementary diagnostic only
CNN_FN_05,cnn,CNN,FN,37967,7008,1,Infilteration,7,Fwd Pkt Len Max,38.0,-0.5625607967376709,0.6446130086438724,0.6446130086438724,3,True,0.6446130086438724,1.2506690877006883,-0.8292894783940027,3.278061541382685,0.65625,0.34375,0.0,0.65625,Moderately stable direction,Increases attack logit,Moderately reference-stable,Present only with explicit reference-sensitivity caveat
CNN_FN_05,cnn,CNN,FN,37967,7008,1,Infilteration,11,Bwd Pkt Len Max,0.0,-0.684525191783905,0.4153379990934709,0.4153379990934709,6,True,0.4153379990934709,0.6024768846708377,-0.0186643542104046,2.2182944209282582,0.625,0.125,0.25,0.625,Reference-sensitive direction,Increases attack logit,Moderately reference-stable,Present only with explicit reference-sensitivity caveat
CNN_FN_05,cnn,CNN,FN,37967,7008,1,Infilteration,14,Bwd Pkt Len Std,0.0,-0.6783645153045654,-0.4659731263310491,0.4659731263310491,5,True,-0.4659731263310491,0.8616122553952474,-3.778735172196793,0.120695834030713,0.1875,0.4375,0.375,0.4375,Reference-sensitive direction,Decreases attack logit,Moderately reference-stable,Present only with explicit reference-sensitivity caveat
CNN_FN_05,cnn,CNN,FN,37967,7008,1,Infilteration,31,Fwd PSH Flags,1.0,5.396814346313477,0.7201610725716815,0.7201610725716815,2,True,0.7201610725716815,1.3900018049661669,-2.937004000124888,3.2919555753296463,0.71875,0.25,0.03125,0.71875,Moderately stable direction,Increases attack logit,Moderately reference-stable,Present only with explicit reference-sensitivity caveat
CNN_FN_05,cnn,CNN,FN,37967,7008,1,Infilteration,40,Pkt Len Max,38.0,-0.6935656666755676,0.2880770857281915,0.2880770857281915,9,True,0.2880770857281916,0.3229530832992697,-0.0601857377947704,0.920875097947312,0.90625,0.09375,0.0,0.90625,Reference-stable direction,Increases attack logit,Moderately reference-stable,Present only with explicit reference-sensitivity caveat
CNN_FN_05,cnn,CNN,FN,37967,7008,1,Infilteration,45,SYN Flag Cnt,1.0,5.396814346313477,1.3470401307601705,1.3470401307601705,1,True,1.3470401307601705,1.4502795648560016,0.0,6.427635714861127,0.96875,0.0,0.03125,0.96875,Reference-stable direction,Increases attack logit,Moderately reference-stable,Present only with explicit reference-sensitivity caveat
CNN_FN_05,cnn,CNN,FN,37967,7008,1,Infilteration,47,PSH Flag Cnt,0.0,-1.0575153827667236,0.2608042824382744,0.2608042824382744,10,True,0.2608042824382744,0.3847111695269766,-0.599756450303401,1.24124229319684,0.5625,0.0625,0.375,0.5625,Reference-sensitive direction,Increases attack logit,Moderately reference-stable,Present only with explicit reference-sensitivity caveat
CNN_FN_05,cnn,CNN,FN,37967,7008,1,Infilteration,48,ACK Flag Cnt,1.0,1.5607398748397827,-0.4686213830878341,0.4686213830878341,4,True,-0.468621383087834,0.5665914287072834,-2.04263611267117,0.3041525242669207,0.09375,0.6875,0.21875,0.6875,Moderately stable direction,Decreases attack logit,Moderately reference-stable,Present only with explicit reference-sensitivity caveat
CNN_FN_05,cnn,CNN,FN,37967,7008,1,Infilteration,53,Pkt Size Avg,25.33333333,-0.5829469561576843,0.3297385795990506,0.3297385795990506,7,True,0.3297385795990506,0.5493743951202987,-0.4219773636409135,1.6964093545420678,0.75,0.25,0.0,0.75,Reference-stable direction,Increases attack logit,Moderately reference-stable,Present only with explicit reference-sensitivity caveat
CNN_FN_05,cnn,CNN,FN,37967,7008,1,Infilteration,66,Init Fwd Win Byts,114.0,-0.7377633452415466,0.3053484396502992,0.3053484396502992,8,True,0.3053484396502992,0.971066797148336,-0.3336912289693921,5.4991779646273615,0.75,0.25,0.0,0.75,Reference-stable direction,Increases attack logit,Moderately reference-stable,Present only with explicit reference-sensitivity caveat
CNN_FN_06,cnn,CNN,FN,38938,217563,1,Infilteration,0,Dst Port,443.0,-0.5331613421440125,1.1867932445133078,1.1867932445133078,4,True,1.1867932445133076,3.3237614489515663,-0.4158461385853053,13.315600175003896,0.5,0.34375,0.15625,0.5,Reference-sensitive direction,Increases attack logit,Reference-sensitive,Supplementary diagnostic only
CNN_FN_06,cnn,CNN,FN,38938,217563,1,Infilteration,2,Flow Duration,122.0,-0.3771421909332275,0.5290285659388859,0.5290285659388859,10,True,0.5290285659388859,1.385976914357418,-0.1452853950413658,6.514955995856759,0.40625,0.59375,0.0,0.59375,Reference-sensitive direction,Increases attack logit,Reference-sensitive,Supplementary diagnostic only
CNN_FN_06,cnn,CNN,FN,38938,217563,1,Infilteration,7,Fwd Pkt Len Max,0.0,-0.6599207520484924,1.5512921806298776,1.5512921806298776,2,True,1.5512921806298776,3.09575249549377,-1.439933796260464,9.926888928192913,0.625,0.1875,0.1875,0.625,Reference-sensitive direction,Increases attack logit,Reference-sensitive,Supplementary diagnostic only
CNN_FN_06,cnn,CNN,FN,38938,217563,1,Infilteration,10,Fwd Pkt Len Std,0.0,-0.6824519038200378,-1.307748267149012,1.307748267149012,3,True,-1.3077482671490124,2.863409218989778,-12.085753327363507,0.1980697744985601,0.15625,0.53125,0.3125,0.53125,Reference-sensitive direction,Decreases attack logit,Reference-sensitive,Supplementary diagnostic only
CNN_FN_06,cnn,CNN,FN,38938,217563,1,Infilteration,11,Bwd Pkt Len Max,0.0,-0.684525191783905,0.7823232756744601,0.7823232756744601,6,True,0.7823232756744604,1.3950932967888303,-0.8914768688857414,5.192169885856095,0.65625,0.09375,0.25,0.65625,Moderately stable direction,Increases attack logit,Reference-sensitive,Supplementary diagnostic only
CNN_FN_06,cnn,CNN,FN,38938,217563,1,Infilteration,14,Bwd Pkt Len Std,0.0,-0.6783645153045654,-0.6032669751158036,0.6032669751158036,8,True,-0.6032669751158036,2.444653119005377,-11.959661753847378,1.990171234010125,0.34375,0.28125,0.375,0.375,Reference-sensitive direction,Decreases attack logit,Reference-sensitive,Supplementary diagnostic only
CNN_FN_06,cnn,CNN,FN,38938,217563,1,Infilteration,41,Pkt Len Mean,0.0,-0.7634954452514648,0.5738516239915198,0.5738516239915198,9,True,0.5738516239915198,0.6722541821606886,-0.0,2.383744530263319,0.8125,0.0,0.1875,0.8125,Reference-stable direction,Increases attack logit,Reference-sensitive,Supplementary diagnostic only
CNN_FN_06,cnn,CNN,FN,38938,217563,1,Infilteration,48,ACK Flag Cnt,1.0,1.5607398748397827,1.1487879822529885,1.1487879822529885,5,True,1.1487879822529885,1.459851353377838,-0.9017137501235896,4.444797752975937,0.65625,0.125,0.21875,0.65625,Moderately stable direction,Increases attack logit,Reference-sensitive,Supplementary diagnostic only
CNN_FN_06,cnn,CNN,FN,38938,217563,1,Infilteration,51,ECE Flag Cnt,0.0,-0.5218309164047241,-0.7266145088806258,0.7266145088806258,7,True,-0.726614508880626,1.2565589978092664,-4.114791507011885,-0.0,0.0,0.375,0.625,0.625,Reference-sensitive direction,Decreases attack logit,Reference-sensitive,Supplementary diagnostic only
CNN_FN_06,cnn,CNN,FN,38938,217563,1,Infilteration,66,Init Fwd Win Byts,62841.0,2.301091432571411,-2.1029534370818386,2.1029534370818386,1,True,-2.1029534370818386,4.690371070869622,-13.05845625447101,11.554456644729711,0.40625,0.59375,0.0,0.59375,Reference-sensitive direction,Decreases attack logit,Reference-sensitive,Supplementary diagnostic only
CNN_FN_07,cnn,CNN,FN,30759,2183,1,Infilteration,0,Dst Port,3389.0,-0.3866970837116241,0.5519987506859307,0.5519987506859307,4,True,0.5519987506859305,1.276154503212197,-1.1710430067103006,3.2742441572488565,0.40625,0.40625,0.1875,0.40625,Reference-sensitive direction,Increases attack logit,Reference-sensitive,Supplementary diagnostic only
CNN_FN_07,cnn,CNN,FN,30759,2183,1,Infilteration,12,Bwd Pkt Len Min,0.0,-0.3786987066268921,-0.2821572026302265,0.2821572026302265,5,True,-0.2821572026302265,0.7705773679052115,-2.680563790716325,-0.0,0.0,0.125,0.875,0.875,Reference-stable direction,Decreases attack logit,Reference-sensitive,Supplementary diagnostic only
CNN_FN_07,cnn,CNN,FN,30759,2183,1,Infilteration,14,Bwd Pkt Len Std,382.692036,1.301483154296875,0.2675793209540543,0.2675793209540543,6,True,0.2675793209540542,0.7293339139656787,-1.1309892454494783,1.7845764526915306,0.53125,0.46875,0.0,0.53125,Reference-sensitive direction,Increases attack logit,Reference-sensitive,Supplementary diagnostic only
CNN_FN_07,cnn,CNN,FN,30759,2183,1,Infilteration,17,Flow IAT Mean,141404.5294,-0.2185906022787094,0.1718029389805389,0.1718029389805389,10,True,0.1718029389805388,0.6160152718253582,-0.0141792018956851,3.28039632996709,0.4375,0.5625,0.0,0.5625,Reference-sensitive direction,Increases attack logit,Reference-sensitive,Supplementary diagnostic only
CNN_FN_07,cnn,CNN,FN,30759,2183,1,Infilteration,40,Pkt Len Max,1173.0,1.4580261707305908,-0.2431402882714834,0.2431402882714834,7,True,-0.2431402882714834,0.5874833250261944,-2.105379234401022,0.507250767226076,0.3125,0.59375,0.09375,0.59375,Reference-sensitive direction,Decreases attack logit,Reference-sensitive,Supplementary diagnostic only
CNN_FN_07,cnn,CNN,FN,30759,2183,1,Infilteration,46,RST Flag Cnt,1.0,1.9163296222686768,1.0527652114984618,1.0527652114984618,2,True,1.0527652114984616,0.9413376571381455,0.0,2.6689574519940624,0.625,0.0,0.375,0.625,Reference-sensitive direction,Increases attack logit,Reference-sensitive,Supplementary diagnostic only
CNN_FN_07,cnn,CNN,FN,30759,2183,1,Infilteration,51,ECE Flag Cnt,1.0,1.9163296222686768,0.649457302387148,0.649457302387148,3,True,0.649457302387148,0.970179964011666,-0.7384556096020765,2.9384080396082584,0.5,0.125,0.375,0.5,Reference-sensitive direction,Increases attack logit,Reference-sensitive,Supplementary diagnostic only
CNN_FN_07,cnn,CNN,FN,30759,2183,1,Infilteration,66,Init Fwd Win Byts,8192.0,-0.3464187979698181,0.2139278046038989,0.2139278046038989,9,True,0.2139278046038988,0.7428485125067028,-0.5718800968334846,2.713046970337724,0.21875,0.28125,0.5,0.5,Reference-sensitive direction,Increases attack logit,Reference-sensitive,Supplementary diagnostic only
CNN_FN_07,cnn,CNN,FN,30759,2183,1,Infilteration,67,Init Bwd Win Byts,62872.0,2.9870941638946533,1.4779461705064945,1.4779461705064945,1,True,1.477946170506494,1.7066122452455113,-0.889300241133584,5.265183100194769,0.75,0.21875,0.03125,0.75,Reference-stable direction,Increases attack logit,Reference-sensitive,Supplementary diagnostic only
CNN_FN_07,cnn,CNN,FN,30759,2183,1,Infilteration,69,Fwd Seg Size Min,20.0,-0.221856951713562,-0.2293348086178083,0.2293348086178083,8,True,-0.2293348086178083,0.585834460997822,-1.8930010013324208,0.66483034567112,0.0625,0.21875,0.71875,0.71875,Moderately stable direction,Decreases attack logit,Reference-sensitive,Supplementary diagnostic only
CNN_FN_08,cnn,CNN,FN,43696,95163,1,Infilteration,0,Dst Port,445.0,-0.5330619215965271,0.5116539658145366,0.5116539658145366,8,True,0.5116539658145367,1.1731313516701407,-0.545004026086502,5.605013107164855,0.4375,0.4375,0.125,0.4375,Reference-sensitive direction,Increases attack logit,Reference-sensitive,Supplementary diagnostic only
CNN_FN_08,cnn,CNN,FN,43696,95163,1,Infilteration,7,Fwd Pkt Len Max,103.0,-0.3960239291191101,0.5704250137322316,0.5704250137322316,5,True,0.5704250137322314,1.3981419537069917,-1.239055173214645,3.591624551804573,0.46875,0.5,0.03125,0.5,Reference-sensitive direction,Increases attack logit,Reference-sensitive,Supplementary diagnostic only
CNN_FN_08,cnn,CNN,FN,43696,95163,1,Infilteration,10,Fwd Pkt Len Std,52.48523602,-0.3404287993907928,-0.8543225274632785,0.8543225274632785,2,True,-0.8543225274632783,1.4283424357222798,-5.105385057035117,0.3923731701609721,0.15625,0.8125,0.03125,0.8125,Reference-stable direction,Decreases attack logit,Reference-sensitive,Supplementary diagnostic only
CNN_FN_08,cnn,CNN,FN,43696,95163,1,Infilteration,11,Bwd Pkt Len Max,131.0,-0.3950352668762207,0.7141096026640106,0.7141096026640106,3,True,0.7141096026640106,1.0697529080918706,-0.5348352159326584,3.507627149377577,0.59375,0.375,0.03125,0.59375,Reference-sensitive direction,Increases attack logit,Reference-sensitive,Supplementary diagnostic only
CNN_FN_08,cnn,CNN,FN,43696,95163,1,Infilteration,14,Bwd Pkt Len Std,66.56350351,-0.3339998722076416,-0.5608401494681703,0.5608401494681703,6,True,-0.5608401494681703,1.1797858431659314,-3.8956931703498,0.8471151730926056,0.3125,0.6875,0.0,0.6875,Moderately stable direction,Decreases attack logit,Reference-sensitive,Supplementary diagnostic only
CNN_FN_08,cnn,CNN,FN,43696,95163,1,Infilteration,17,Flow IAT Mean,178837.6667,-0.2153357714414596,0.4254169174045363,0.4254169174045363,9,True,0.4254169174045364,1.4623428104392815,-0.0276205611442721,7.548916657973626,0.4375,0.5625,0.0,0.5625,Reference-sensitive direction,Increases attack logit,Reference-sensitive,Supplementary diagnostic only
CNN_FN_08,cnn,CNN,FN,43696,95163,1,Infilteration,20,Flow IAT Min,45.0,-0.1787565648555755,-0.3981007941029828,0.3981007941029828,10,True,-0.3981007941029827,1.5689116439439892,-8.500019687313047,4.765708488591904e-06,0.4375,0.5625,0.0,0.5625,Reference-sensitive direction,Decreases attack logit,Reference-sensitive,Supplementary diagnostic only
CNN_FN_08,cnn,CNN,FN,43696,95163,1,Infilteration,40,Pkt Len Max,131.0,-0.5172678232192993,1.0044725982757312,1.0044725982757312,1,True,1.0044725982757314,1.143031631221106,-0.8567017295621605,2.632436913533033,0.625,0.34375,0.03125,0.625,Reference-sensitive direction,Increases attack logit,Reference-sensitive,Supplementary diagnostic only
CNN_FN_08,cnn,CNN,FN,43696,95163,1,Infilteration,46,RST Flag Cnt,0.0,-0.5218309164047241,-0.5495477294595084,0.5495477294595084,7,True,-0.5495477294595084,0.735636737013531,-2.295538072192215,-0.0,0.0,0.375,0.625,0.625,Reference-sensitive direction,Decreases attack logit,Reference-sensitive,Supplementary diagnostic only
CNN_FN_08,cnn,CNN,FN,43696,95163,1,Infilteration,51,ECE Flag Cnt,0.0,-0.5218309164047241,-0.593121024650972,0.593121024650972,4,True,-0.593121024650972,0.910504293588036,-3.2262102018242618,-0.0,0.0,0.375,0.625,0.625,Reference-sensitive direction,Decreases attack logit,Reference-sensitive,Supplementary diagnostic only
CNN_FP_01,cnn,CNN,FP,11552,5487,0,Benign,7,Fwd Pkt Len Max,0.0,-0.6599207520484924,0.803792916746786,0.803792916746786,6,True,0.8037929167467863,1.5035956987091428,-2.0426023092033554,3.80963771252903,0.71875,0.09375,0.1875,0.71875,Moderately stable direction,Increases attack logit,Moderately reference-stable,Present only with explicit reference-sensitivity caveat
CNN_FP_01,cnn,CNN,FP,11552,5487,0,Benign,10,Fwd Pkt Len Std,0.0,-0.6824519038200378,-0.7530147376481698,0.7530147376481698,7,True,-0.7530147376481697,1.5441833465827446,-5.083370191813933,0.3868472823949848,0.25,0.4375,0.3125,0.4375,Reference-sensitive direction,Decreases attack logit,Moderately reference-stable,Present only with explicit reference-sensitivity caveat
CNN_FP_01,cnn,CNN,FP,11552,5487,0,Benign,11,Bwd Pkt Len Max,0.0,-0.684525191783905,0.6130060813663868,0.6130060813663868,8,True,0.6130060813663869,0.7539590293293063,-0.0966113618187159,2.305929328798676,0.5625,0.1875,0.25,0.5625,Reference-sensitive direction,Increases attack logit,Moderately reference-stable,Present only with explicit reference-sensitivity caveat
CNN_FP_01,cnn,CNN,FP,11552,5487,0,Benign,16,Flow Pkts/s,222222.222222222,0.1645054370164871,-0.5272850134877876,0.5272850134877876,9,True,-0.5272850134877877,0.3950005108983525,-1.971565647598468,0.0885590934033175,0.0625,0.9375,0.0,0.9375,Reference-stable direction,Decreases attack logit,Moderately reference-stable,Present only with explicit reference-sensitivity caveat
CNN_FP_01,cnn,CNN,FP,11552,5487,0,Benign,40,Pkt Len Max,0.0,-0.7656013369560242,1.4403840639487508,1.4403840639487508,2,True,1.440384063948751,1.2929294541232978,-0.0020101366941689,3.550414727774728,0.78125,0.03125,0.1875,0.78125,Reference-stable direction,Increases attack logit,Moderately reference-stable,Present only with explicit reference-sensitivity caveat
CNN_FP_01,cnn,CNN,FP,11552,5487,0,Benign,46,RST Flag Cnt,0.0,-0.5218309164047241,-0.919993681838016,0.919993681838016,4,True,-0.9199936818380162,1.2265194639036114,-3.867653514115175,-0.0,0.0,0.375,0.625,0.625,Reference-sensitive direction,Decreases attack logit,Moderately reference-stable,Present only with explicit reference-sensitivity caveat
CNN_FP_01,cnn,CNN,FP,11552,5487,0,Benign,51,ECE Flag Cnt,0.0,-0.5218309164047241,-0.8678309504397168,0.8678309504397168,5,True,-0.8678309504397168,1.2476672581124284,-3.776898650463047,-0.0,0.0,0.375,0.625,0.625,Reference-sensitive direction,Decreases attack logit,Moderately reference-stable,Present only with explicit reference-sensitivity caveat
CNN_FP_01,cnn,CNN,FP,11552,5487,0,Benign,52,Down/Up Ratio,1.0,0.5059916377067566,0.517367685937084,0.517367685937084,10,True,0.5173676859370839,0.7139709982177864,-0.8945120194524651,2.4795023448025444,0.5625,0.09375,0.34375,0.5625,Reference-sensitive direction,Increases attack logit,Moderately reference-stable,Present only with explicit reference-sensitivity caveat
CNN_FP_01,cnn,CNN,FP,11552,5487,0,Benign,53,Pkt Size Avg,0.0,-0.8142153024673462,1.2918783188228955,1.2918783188228955,3,True,1.291878318822896,0.9504522166842144,-0.0,2.671710887621294,0.8125,0.0,0.1875,0.8125,Reference-stable direction,Increases attack logit,Moderately reference-stable,Present only with explicit reference-sensitivity caveat
CNN_FP_01,cnn,CNN,FP,11552,5487,0,Benign,66,Init Fwd Win Byts,1024.0,-0.6936777234077454,1.7047390320116989,1.7047390320116989,1,True,1.704739032011699,2.101780133128246,-0.2113538363887123,9.141091207238242,0.6875,0.3125,0.0,0.6875,Moderately stable direction,Increases attack logit,Moderately reference-stable,Present only with explicit reference-sensitivity caveat
CNN_FP_02,cnn,CNN,FP,28212,191024,0,Benign,7,Fwd Pkt Len Max,0.0,-0.6599207520484924,0.7713975583256663,0.7713975583256663,3,True,0.7713975583256664,1.712897183974911,-2.10523843786786,4.762023760753871,0.53125,0.28125,0.1875,0.53125,Reference-sensitive direction,Increases attack logit,Moderately reference-stable,Present only with explicit reference-sensitivity caveat
CNN_FP_02,cnn,CNN,FP,28212,191024,0,Benign,10,Fwd Pkt Len Std,0.0,-0.6824519038200378,-0.7084501073593166,0.7084501073593166,6,True,-0.7084501073593166,1.414501613424524,-5.144201784426556,0.3052965079903441,0.09375,0.59375,0.3125,0.59375,Reference-sensitive direction,Decreases attack logit,Moderately reference-stable,Present only with explicit reference-sensitivity caveat
CNN_FP_02,cnn,CNN,FP,28212,191024,0,Benign,11,Bwd Pkt Len Max,0.0,-0.684525191783905,0.7131544195714621,0.7131544195714621,5,True,0.7131544195714622,0.7888894597006013,-0.0620278212432737,2.4887378149987565,0.625,0.125,0.25,0.625,Reference-sensitive direction,Increases attack logit,Moderately reference-stable,Present only with explicit reference-sensitivity caveat
CNN_FP_02,cnn,CNN,FP,28212,191024,0,Benign,14,Bwd Pkt Len Std,0.0,-0.6783645153045654,-0.4731984312470274,0.4731984312470274,8,True,-0.4731984312470274,1.3533160165752185,-4.925434358936763,0.8356214290545521,0.34375,0.28125,0.375,0.375,Reference-sensitive direction,Decreases attack logit,Moderately reference-stable,Present only with explicit reference-sensitivity caveat
CNN_FP_02,cnn,CNN,FP,28212,191024,0,Benign,40,Pkt Len Max,0.0,-0.7656013369560242,0.6543908916263015,0.6543908916263015,7,True,0.6543908916263013,0.6854438085542133,-0.0709650271177382,2.0667689234076114,0.75,0.0625,0.1875,0.75,Reference-stable direction,Increases attack logit,Moderately reference-stable,Present only with explicit reference-sensitivity caveat
CNN_FP_02,cnn,CNN,FP,28212,191024,0,Benign,46,RST Flag Cnt,1.0,1.9163296222686768,1.3949738614824083,1.3949738614824083,2,True,1.3949738614824083,1.5127414522786349,-0.4308707655698539,4.6110541600655965,0.5625,0.0625,0.375,0.5625,Reference-sensitive direction,Increases attack logit,Moderately reference-stable,Present only with explicit reference-sensitivity caveat
CNN_FP_02,cnn,CNN,FP,28212,191024,0,Benign,51,ECE Flag Cnt,1.0,1.9163296222686768,1.8662320645652288,1.8662320645652288,1,True,1.8662320645652284,1.865823662511848,-0.3143037040930531,5.558945163015175,0.59375,0.03125,0.375,0.59375,Reference-sensitive direction,Increases attack logit,Moderately reference-stable,Present only with explicit reference-sensitivity caveat
CNN_FP_02,cnn,CNN,FP,28212,191024,0,Benign,53,Pkt Size Avg,0.0,-0.8142153024673462,0.7232915895644825,0.7232915895644825,4,True,0.7232915895644824,0.8957111401416136,-0.5557166951141919,2.966613369158431,0.75,0.0625,0.1875,0.75,Reference-stable direction,Increases attack logit,Moderately reference-stable,Present only with explicit reference-sensitivity caveat
CNN_FP_02,cnn,CNN,FP,28212,191024,0,Benign,54,Fwd Seg Size Avg,0.0,-0.7370033860206604,0.468826057115332,0.468826057115332,9,True,0.468826057115332,0.411175368715321,-0.4605400339020195,1.2595862998839495,0.78125,0.03125,0.1875,0.78125,Reference-stable direction,Increases attack logit,Moderately reference-stable,Present only with explicit reference-sensitivity caveat
CNN_FP_02,cnn,CNN,FP,28212,191024,0,Benign,55,Bwd Seg Size Avg,0.0,-0.6581581234931946,-0.4634340962220829,0.4634340962220829,10,True,-0.4634340962220829,0.7810741150506544,-2.9936551228951203,0.8803145040791721,0.15625,0.59375,0.25,0.59375,Reference-sensitive direction,Decreases attack logit,Moderately reference-stable,Present only with explicit reference-sensitivity caveat
CNN_FP_03,cnn,CNN,FP,22418,274755,0,Benign,7,Fwd Pkt Len Max,0.0,-0.6599207520484924,0.77600608437058,0.77600608437058,3,True,0.7760060843705799,1.723662927127792,-2.121249928401935,4.815596396344393,0.53125,0.28125,0.1875,0.53125,Reference-sensitive direction,Increases attack logit,Moderately reference-stable,Present only with explicit reference-sensitivity caveat
CNN_FP_03,cnn,CNN,FP,22418,274755,0,Benign,10,Fwd Pkt Len Std,0.0,-0.6824519038200378,-0.7099295901134484,0.7099295901134484,6,True,-0.7099295901134481,1.4163063379682976,-5.149995621730169,0.3044168645048539,0.09375,0.59375,0.3125,0.59375,Reference-sensitive direction,Decreases attack logit,Moderately reference-stable,Present only with explicit reference-sensitivity caveat
CNN_FP_03,cnn,CNN,FP,22418,274755,0,Benign,11,Bwd Pkt Len Max,0.0,-0.684525191783905,0.7295738634562369,0.7295738634562369,4,True,0.729573863456237,0.798451849381712,-0.0615806529670508,2.5193336568206965,0.625,0.125,0.25,0.625,Reference-sensitive direction,Increases attack logit,Moderately reference-stable,Present only with explicit reference-sensitivity caveat
CNN_FP_03,cnn,CNN,FP,22418,274755,0,Benign,14,Bwd Pkt Len Std,0.0,-0.6783645153045654,-0.4620877459650526,0.4620877459650526,10,True,-0.4620877459650525,1.3448387313077967,-4.816441845385347,0.8535985514746137,0.34375,0.28125,0.375,0.375,Reference-sensitive direction,Decreases attack logit,Moderately reference-stable,Present only with explicit reference-sensitivity caveat
CNN_FP_03,cnn,CNN,FP,22418,274755,0,Benign,40,Pkt Len Max,0.0,-0.7656013369560242,0.6806361722422797,0.6806361722422797,7,True,0.6806361722422798,0.7054505161443367,-0.074689554303311,2.124878086084862,0.75,0.0625,0.1875,0.75,Reference-stable direction,Increases attack logit,Moderately reference-stable,Present only with explicit reference-sensitivity caveat
CNN_FP_03,cnn,CNN,FP,22418,274755,0,Benign,46,RST Flag Cnt,1.0,1.9163296222686768,1.4227079858670209,1.4227079858670209,2,True,1.4227079858670209,1.528080765984523,-0.4202431345409602,4.6231031326073175,0.5625,0.0625,0.375,0.5625,Reference-sensitive direction,Increases attack logit,Moderately reference-stable,Present only with explicit reference-sensitivity caveat
CNN_FP_03,cnn,CNN,FP,22418,274755,0,Benign,51,ECE Flag Cnt,1.0,1.9163296222686768,1.9363937196972645,1.9363937196972645,1,True,1.9363937196972645,1.9174743766199709,-0.3034273028452338,5.604997781170228,0.59375,0.03125,0.375,0.59375,Reference-sensitive direction,Increases attack logit,Moderately reference-stable,Present only with explicit reference-sensitivity caveat
CNN_FP_03,cnn,CNN,FP,22418,274755,0,Benign,53,Pkt Size Avg,0.0,-0.8142153024673462,0.7229340506798146,0.7229340506798146,5,True,0.7229340506798144,0.8940631551700788,-0.5576568204443815,2.9624778669172462,0.75,0.0625,0.1875,0.75,Reference-stable direction,Increases attack logit,Moderately reference-stable,Present only with explicit reference-sensitivity caveat
CNN_FP_03,cnn,CNN,FP,22418,274755,0,Benign,54,Fwd Seg Size Avg,0.0,-0.7370033860206604,0.482391389883352,0.482391389883352,9,True,0.482391389883352,0.4167976291601915,-0.4230404282948151,1.291774585072092,0.78125,0.03125,0.1875,0.78125,Reference-stable direction,Increases attack logit,Moderately reference-stable,Present only with explicit reference-sensitivity caveat
CNN_FP_03,cnn,CNN,FP,22418,274755,0,Benign,55,Bwd Seg Size Avg,0.0,-0.6581581234931946,-0.4869146889043949,0.4869146889043949,8,True,-0.4869146889043948,0.7983841212365017,-3.0600627558334508,0.8647201716858611,0.15625,0.59375,0.25,0.59375,Reference-sensitive direction,Decreases attack logit,Moderately reference-stable,Present only with explicit reference-sensitivity caveat
CNN_FP_04,cnn,CNN,FP,15047,164648,0,Benign,7,Fwd Pkt Len Max,0.0,-0.6599207520484924,0.6679078851741245,0.6679078851741245,8,True,0.6679078851741247,1.3540256826032144,-2.110314752234021,3.476577455786689,0.625,0.1875,0.1875,0.625,Reference-sensitive direction,Increases attack logit,Moderately reference-stable,Present only with explicit reference-sensitivity caveat
CNN_FP_04,cnn,CNN,FP,15047,164648,0,Benign,10,Fwd Pkt Len Std,0.0,-0.6824519038200378,-0.6570521707717646,0.6570521707717646,10,True,-0.6570521707717647,1.3172991605153164,-4.444881285819551,0.4465318968112117,0.21875,0.46875,0.3125,0.46875,Reference-sensitive direction,Decreases attack logit,Moderately reference-stable,Present only with explicit reference-sensitivity caveat
CNN_FP_04,cnn,CNN,FP,15047,164648,0,Benign,11,Bwd Pkt Len Max,0.0,-0.684525191783905,0.6610432985854504,0.6610432985854504,9,True,0.6610432985854503,0.7125180823803602,-0.0113852665052413,2.1256707744344063,0.65625,0.09375,0.25,0.65625,Moderately stable direction,Increases attack logit,Moderately reference-stable,Present only with explicit reference-sensitivity caveat
CNN_FP_04,cnn,CNN,FP,15047,164648,0,Benign,38,Bwd Pkts/s,250000.0,0.9183104634284972,1.0562014365693435,1.0562014365693435,4,True,1.0562014365693433,0.8595231978653577,-0.5726005126671815,2.1116862864886703,0.90625,0.09375,0.0,0.90625,Reference-stable direction,Increases attack logit,Moderately reference-stable,Present only with explicit reference-sensitivity caveat
CNN_FP_04,cnn,CNN,FP,15047,164648,0,Benign,40,Pkt Len Max,0.0,-0.7656013369560242,1.5440253899397671,1.5440253899397671,1,True,1.5440253899397671,1.4512327294478666,-0.0429291433703133,3.809596697584048,0.78125,0.03125,0.1875,0.78125,Reference-stable direction,Increases attack logit,Moderately reference-stable,Present only with explicit reference-sensitivity caveat
CNN_FP_04,cnn,CNN,FP,15047,164648,0,Benign,46,RST Flag Cnt,0.0,-0.5218309164047241,-0.966222229084842,0.966222229084842,6,True,-0.9662222290848416,1.309674577375461,-4.404475861893526,-0.0,0.0,0.375,0.625,0.625,Reference-sensitive direction,Decreases attack logit,Moderately reference-stable,Present only with explicit reference-sensitivity caveat
CNN_FP_04,cnn,CNN,FP,15047,164648,0,Benign,51,ECE Flag Cnt,0.0,-0.5218309164047241,-0.9453434686871908,0.9453434686871908,7,True,-0.9453434686871908,1.3681005873315846,-3.8579341843395514,-0.0,0.0,0.375,0.625,0.625,Reference-sensitive direction,Decreases attack logit,Moderately reference-stable,Present only with explicit reference-sensitivity caveat
CNN_FP_04,cnn,CNN,FP,15047,164648,0,Benign,53,Pkt Size Avg,0.0,-0.8142153024673462,1.0657319554755709,1.0657319554755709,3,True,1.0657319554755709,0.8342650785044744,-0.0,2.392306536899258,0.8125,0.0,0.1875,0.8125,Reference-stable direction,Increases attack logit,Moderately reference-stable,Present only with explicit reference-sensitivity caveat
CNN_FP_04,cnn,CNN,FP,15047,164648,0,Benign,66,Init Fwd Win Byts,1024.0,-0.6936777234077454,1.539676477403202,1.539676477403202,2,True,1.539676477403202,1.9332707878426711,-0.2538898629461015,8.715835726000522,0.6875,0.3125,0.0,0.6875,Moderately stable direction,Increases attack logit,Moderately reference-stable,Present only with explicit reference-sensitivity caveat
CNN_FP_04,cnn,CNN,FP,15047,164648,0,Benign,69,Fwd Seg Size Min,24.0,0.1813714355230331,1.011288322557747,1.011288322557747,5,True,1.0112883225577467,1.4148978373671688,-0.1651303702299102,4.7243227428839365,0.6875,0.3125,0.0,0.6875,Moderately stable direction,Increases attack logit,Moderately reference-stable,Present only with explicit reference-sensitivity caveat
CNN_FP_05,cnn,CNN,FP,27791,135859,0,Benign,17,Flow IAT Mean,26442859.0,2.0683348178863525,0.9984128102019978,0.9984128102019978,4,True,0.998412810201998,0.6172845008057845,-0.3067126581664734,2.680688734400649,0.90625,0.09375,0.0,0.90625,Reference-stable direction,Increases attack logit,Reference-robust,Eligible for direct case-level presentation
CNN_FP_05,cnn,CNN,FP,27791,135859,0,Benign,18,Flow IAT Std,45800342.3764146,8.486533164978027,0.9424250155994534,0.9424250155994534,6,True,0.9424250155994532,0.9970673180519172,-1.520028707340516,2.9282173597858288,0.875,0.125,0.0,0.875,Reference-stable direction,Increases attack logit,Reference-robust,Eligible for direct case-level presentation
CNN_FP_05,cnn,CNN,FP,27791,135859,0,Benign,19,Flow IAT Max,79328539.0,4.556523323059082,-0.6273794614323864,0.6273794614323864,9,True,-0.6273794614323864,0.5078704228646224,-1.717742210512119,0.0243445944860076,0.09375,0.90625,0.0,0.90625,Reference-stable direction,Decreases attack logit,Reference-robust,Eligible for direct case-level presentation
CNN_FP_05,cnn,CNN,FP,27791,135859,0,Benign,25,Fwd IAT Min,79328558.0,5.850531101226807,1.8259601430932764,1.8259601430932764,3,True,1.825960143093276,1.04778939750676,-0.0700514553643639,4.258354602121335,0.96875,0.03125,0.0,0.96875,Reference-stable direction,Increases attack logit,Reference-robust,Eligible for direct case-level presentation
CNN_FP_05,cnn,CNN,FP,27791,135859,0,Benign,27,Bwd IAT Mean,79328558.0,10.288008689880373,-3.908652049775421,3.908652049775421,2,True,-3.908652049775422,2.487835711129223,-11.218353084260317,-0.2974180683193836,0.0,1.0,0.0,1.0,Reference-stable direction,Decreases attack logit,Reference-robust,Eligible for direct case-level presentation
CNN_FP_05,cnn,CNN,FP,27791,135859,0,Benign,30,Bwd IAT Min,79328558.0,11.802505493164062,4.082763535880759,4.082763535880759,1,True,4.082763535880758,2.5759148411641983,0.8765862243940234,9.044429145597231,1.0,0.0,0.0,1.0,Reference-stable direction,Increases attack logit,Reference-robust,Eligible for direct case-level presentation
CNN_FP_05,cnn,CNN,FP,27791,135859,0,Benign,52,Down/Up Ratio,1.0,0.5059916377067566,0.6738603660914539,0.6738603660914539,8,True,0.6738603660914537,0.6200960354268696,0.0,1.952144044088313,0.65625,0.0,0.34375,0.65625,Moderately stable direction,Increases attack logit,Reference-robust,Eligible for direct case-level presentation
CNN_FP_05,cnn,CNN,FP,27791,135859,0,Benign,53,Pkt Size Avg,0.0,-0.8142153024673462,0.9759317480513254,0.9759317480513254,5,True,0.9759317480513257,1.04298147487434,-0.2281860975740377,3.162049849831673,0.75,0.0625,0.1875,0.75,Reference-stable direction,Increases attack logit,Reference-robust,Eligible for direct case-level presentation
CNN_FP_05,cnn,CNN,FP,27791,135859,0,Benign,66,Init Fwd Win Byts,21839.0,0.314719945192337,0.613587330864155,0.613587330864155,10,True,0.613587330864155,0.5664028240488457,-0.2457904811573321,2.366171125667361,0.875,0.125,0.0,0.875,Reference-stable direction,Increases attack logit,Reference-robust,Eligible for direct case-level presentation
CNN_FP_05,cnn,CNN,FP,27791,135859,0,Benign,74,Idle Mean,79328539.0,5.153629302978516,0.8811429144099028,0.8811429144099028,7,True,0.8811429144099028,1.0398320288967309,-0.0120620670842324,4.142886181114228,0.96875,0.03125,0.0,0.96875,Reference-stable direction,Increases attack logit,Reference-robust,Eligible for direct case-level presentation
CNN_FP_06,cnn,CNN,FP,43677,91644,0,Benign,9,Fwd Pkt Len Mean,157.2,1.077323317527771,0.6555810506086052,0.6555810506086052,6,True,0.6555810506086055,0.5020578853535259,-0.0360585988397746,1.8063258522036183,0.96875,0.03125,0.0,0.96875,Reference-stable direction,Increases attack logit,Reference-sensitive,Supplementary diagnostic only
CNN_FP_06,cnn,CNN,FP,43677,91644,0,Benign,10,Fwd Pkt Len Std,205.1626184274,0.6545023322105408,0.5131522204882877,0.5131522204882877,9,True,0.5131522204882877,2.671121158245449,-5.704804644368666,3.885319366876769,0.65625,0.34375,0.0,0.65625,Moderately stable direction,Increases attack logit,Reference-sensitive,Supplementary diagnostic only
CNN_FP_06,cnn,CNN,FP,43677,91644,0,Benign,11,Bwd Pkt Len Max,165.0,-0.3199004530906677,0.7797599887668067,0.7797599887668067,5,True,0.7797599887668065,1.3226132792039749,-1.0238753477006015,3.644887938416871,0.59375,0.40625,0.0,0.59375,Reference-sensitive direction,Increases attack logit,Reference-sensitive,Supplementary diagnostic only
CNN_FP_06,cnn,CNN,FP,43677,91644,0,Benign,13,Bwd Pkt Len Mean,23.5714285714,-0.5033634305000305,0.8876445653525766,0.8876445653525766,3,True,0.8876445653525763,0.7749654318969916,-0.1731413729306692,2.5427479833583875,0.75,0.25,0.0,0.75,Reference-stable direction,Increases attack logit,Reference-sensitive,Supplementary diagnostic only
CNN_FP_06,cnn,CNN,FP,43677,91644,0,Benign,17,Flow IAT Mean,6253.8181818182,-0.2303420305252075,0.8341124490175033,0.8341124490175033,4,True,0.8341124490175033,2.688436461946905,-0.0011758135497577,13.305986703567436,0.71875,0.28125,0.0,0.71875,Moderately stable direction,Increases attack logit,Reference-sensitive,Supplementary diagnostic only
CNN_FP_06,cnn,CNN,FP,43677,91644,0,Benign,20,Flow IAT Min,29.0,-0.1787579953670501,-0.5438364052327186,0.5438364052327186,8,True,-0.5438364052327189,1.9802406662796896,-10.448576212390408,3.567880857684863e-06,0.5,0.5,0.0,0.5,Reference-sensitive direction,Decreases attack logit,Reference-sensitive,Supplementary diagnostic only
CNN_FP_06,cnn,CNN,FP,43677,91644,0,Benign,42,Pkt Len Std,144.216761713,0.0799173340201377,-0.5627305679394164,0.5627305679394164,7,True,-0.5627305679394164,0.5517507752400097,-1.610236942423482,0.1595790081036746,0.15625,0.84375,0.0,0.84375,Reference-stable direction,Decreases attack logit,Reference-sensitive,Supplementary diagnostic only
CNN_FP_06,cnn,CNN,FP,43677,91644,0,Benign,46,RST Flag Cnt,1.0,1.9163296222686768,1.6374177464971635,1.6374177464971635,2,True,1.637417746497163,1.5128011368923606,0.0,4.596491708403996,0.625,0.0,0.375,0.625,Reference-sensitive direction,Increases attack logit,Reference-sensitive,Supplementary diagnostic only
CNN_FP_06,cnn,CNN,FP,43677,91644,0,Benign,51,ECE Flag Cnt,1.0,1.9163296222686768,2.053785818030971,2.053785818030971,1,True,2.0537858180309705,1.9834725619603928,0.0,6.89737493911084,0.625,0.0,0.375,0.625,Reference-sensitive direction,Increases attack logit,Reference-sensitive,Supplementary diagnostic only
CNN_FP_06,cnn,CNN,FP,43677,91644,0,Benign,69,Fwd Seg Size Min,20.0,-0.221856951713562,-0.5124289709611727,0.5124289709611727,10,True,-0.5124289709611727,1.1765380466545947,-2.946646603262108,1.5233915558765376,0.0625,0.21875,0.71875,0.71875,Moderately stable direction,Decreases attack logit,Reference-sensitive,Supplementary diagnostic only
CNN_FP_07,cnn,CNN,FP,36683,288123,0,Benign,7,Fwd Pkt Len Max,0.0,-0.6599207520484924,1.4979254291962736,1.4979254291962736,3,True,1.4979254291962736,2.876875120018292,-1.5098026881455149,8.21824674558492,0.59375,0.21875,0.1875,0.59375,Reference-sensitive direction,Increases attack logit,Moderately reference-stable,Present only with explicit reference-sensitivity caveat
CNN_FP_07,cnn,CNN,FP,36683,288123,0,Benign,10,Fwd Pkt Len Std,0.0,-0.6824519038200378,-1.4320167989674777,1.4320167989674777,4,True,-1.4320167989674777,3.168455742768833,-12.007339583894016,0.3834534269475232,0.21875,0.46875,0.3125,0.46875,Reference-sensitive direction,Decreases attack logit,Moderately reference-stable,Present only with explicit reference-sensitivity caveat
CNN_FP_07,cnn,CNN,FP,36683,288123,0,Benign,11,Bwd Pkt Len Max,0.0,-0.684525191783905,0.8089761063434303,0.8089761063434303,9,True,0.8089761063434304,1.1001927829457545,-0.1286550529843149,3.675736031189584,0.59375,0.15625,0.25,0.59375,Reference-sensitive direction,Increases attack logit,Moderately reference-stable,Present only with explicit reference-sensitivity caveat
CNN_FP_07,cnn,CNN,FP,36683,288123,0,Benign,41,Pkt Len Mean,0.0,-0.7634954452514648,0.7857561898890136,0.7857561898890136,10,True,0.7857561898890137,0.8242562105454128,-0.0,3.038688849935435,0.8125,0.0,0.1875,0.8125,Reference-stable direction,Increases attack logit,Moderately reference-stable,Present only with explicit reference-sensitivity caveat
CNN_FP_07,cnn,CNN,FP,36683,288123,0,Benign,46,RST Flag Cnt,0.0,-0.5218309164047241,-1.0559928299810608,1.0559928299810608,5,True,-1.0559928299810606,1.523000727397455,-5.716480825022923,-0.0,0.0,0.375,0.625,0.625,Reference-sensitive direction,Decreases attack logit,Moderately reference-stable,Present only with explicit reference-sensitivity caveat
CNN_FP_07,cnn,CNN,FP,36683,288123,0,Benign,47,PSH Flag Cnt,1.0,0.9456127285957336,-1.0271112175413242,1.0271112175413242,6,True,-1.0271112175413242,1.4798219779216548,-4.917403668002255,0.0,0.0,0.375,0.625,0.625,Reference-sensitive direction,Decreases attack logit,Moderately reference-stable,Present only with explicit reference-sensitivity caveat
CNN_FP_07,cnn,CNN,FP,36683,288123,0,Benign,51,ECE Flag Cnt,0.0,-0.5218309164047241,-0.8386388000509037,0.8386388000509037,8,True,-0.8386388000509037,1.2861306295739567,-3.993386788392496,-0.0,0.0,0.375,0.625,0.625,Reference-sensitive direction,Decreases attack logit,Moderately reference-stable,Present only with explicit reference-sensitivity caveat
CNN_FP_07,cnn,CNN,FP,36683,288123,0,Benign,53,Pkt Size Avg,0.0,-0.8142153024673462,0.8443139758865141,0.8443139758865141,7,True,0.8443139758865141,1.0514702308584574,-0.843152083539258,2.8157197090629977,0.75,0.0625,0.1875,0.75,Reference-stable direction,Increases attack logit,Moderately reference-stable,Present only with explicit reference-sensitivity caveat
CNN_FP_07,cnn,CNN,FP,36683,288123,0,Benign,66,Init Fwd Win Byts,26883.0,0.5590801239013672,3.696895984301631,3.696895984301631,2,True,3.6968959843016314,2.5104803701661136,0.2493887948199381,9.848448392985237,1.0,0.0,0.0,1.0,Reference-stable direction,Increases attack logit,Moderately reference-stable,Present only with explicit reference-sensitivity caveat
CNN_FP_07,cnn,CNN,FP,36683,288123,0,Benign,69,Fwd Seg Size Min,40.0,1.7942849397659302,4.2857464234247535,4.2857464234247535,1,True,4.285746423424754,1.917509578228872,2.207975343706274,10.82930938307749,1.0,0.0,0.0,1.0,Reference-stable direction,Increases attack logit,Moderately reference-stable,Present only with explicit reference-sensitivity caveat
CNN_FP_08,cnn,CNN,FP,9969,15869,0,Benign,7,Fwd Pkt Len Max,0.0,-0.6599207520484924,1.3975588538856565,1.3975588538856565,3,True,1.3975588538856567,2.454934243126444,-1.8863770556818804,7.528534361004961,0.6875,0.125,0.1875,0.6875,Moderately stable direction,Increases attack logit,Moderately reference-stable,Present only with explicit reference-sensitivity caveat
CNN_FP_08,cnn,CNN,FP,9969,15869,0,Benign,13,Bwd Pkt Len Mean,0.0,-0.6581581234931946,0.9392140101129092,0.9392140101129092,9,True,0.9392140101129092,0.9264345186615146,-0.0,3.19475672165607,0.75,0.0,0.25,0.75,Reference-stable direction,Increases attack logit,Moderately reference-stable,Present only with explicit reference-sensitivity caveat
CNN_FP_08,cnn,CNN,FP,9969,15869,0,Benign,20,Flow IAT Min,14100000.0,1.086371660232544,1.1556653816705262,1.1556653816705262,4,True,1.1556653816705262,1.7132016454776733,-5.792224638575144,3.117033675413925,0.90625,0.09375,0.0,0.90625,Reference-stable direction,Increases attack logit,Moderately reference-stable,Present only with explicit reference-sensitivity caveat
CNN_FP_08,cnn,CNN,FP,9969,15869,0,Benign,25,Fwd IAT Min,14100000.0,0.881786048412323,1.1107339448469495,1.1107339448469495,5,True,1.1107339448469495,0.7643567209172771,-0.8272164689951116,2.033433769157372,0.9375,0.0625,0.0,0.9375,Reference-stable direction,Increases attack logit,Moderately reference-stable,Present only with explicit reference-sensitivity caveat
CNN_FP_08,cnn,CNN,FP,9969,15869,0,Benign,41,Pkt Len Mean,0.0,-0.7634954452514648,1.029781254261367,1.029781254261367,7,True,1.0297812542613665,0.9073869697469946,-0.0,3.048848694033924,0.8125,0.0,0.1875,0.8125,Reference-stable direction,Increases attack logit,Moderately reference-stable,Present only with explicit reference-sensitivity caveat
CNN_FP_08,cnn,CNN,FP,9969,15869,0,Benign,42,Pkt Len Std,0.0,-0.7985594868659973,1.0606331149547925,1.0606331149547925,6,True,1.0606331149547925,1.0829306801390994,-0.0,3.3747367936505923,0.8125,0.0,0.1875,0.8125,Reference-stable direction,Increases attack logit,Moderately reference-stable,Present only with explicit reference-sensitivity caveat
CNN_FP_08,cnn,CNN,FP,9969,15869,0,Benign,47,PSH Flag Cnt,0.0,-1.0575153827667236,0.9756418758411456,0.9756418758411456,8,True,0.9756418758411456,1.0909084768527784,-0.4682079788359989,4.210344033449326,0.59375,0.03125,0.375,0.59375,Reference-sensitive direction,Increases attack logit,Moderately reference-stable,Present only with explicit reference-sensitivity caveat
CNN_FP_08,cnn,CNN,FP,9969,15869,0,Benign,48,ACK Flag Cnt,1.0,1.5607398748397827,2.359423693724961,2.359423693724961,2,True,2.359423693724961,1.909836542001124,0.0,7.376189762907204,0.78125,0.0,0.21875,0.78125,Reference-stable direction,Increases attack logit,Moderately reference-stable,Present only with explicit reference-sensitivity caveat
CNN_FP_08,cnn,CNN,FP,9969,15869,0,Benign,51,ECE Flag Cnt,0.0,-0.5218309164047241,-0.8888961743965285,0.8888961743965285,10,True,-0.8888961743965285,1.2792098313130356,-4.003103279917741,-0.0,0.0,0.375,0.625,0.625,Reference-sensitive direction,Decreases attack logit,Moderately reference-stable,Present only with explicit reference-sensitivity caveat
CNN_FP_08,cnn,CNN,FP,9969,15869,0,Benign,69,Fwd Seg Size Min,32.0,0.9878281950950624,4.542423457771893,4.542423457771893,1,True,4.542423457771893,3.245322122342078,0.0,12.644195141902806,0.90625,0.0,0.09375,0.90625,Reference-stable direction,Increases attack logit,Moderately reference-stable,Present only with explicit reference-sensitivity caveat
CNN_TN_01,cnn,CNN,TN,36312,275065,0,Benign,10,Fwd Pkt Len Std,85.34967291,-0.1262657642364502,-0.8825122743442666,0.8825122743442666,3,True,-0.8825122743442666,1.3122235527699146,-4.713339645769391,0.1639982075459738,0.15625,0.84375,0.0,0.84375,Reference-stable direction,Decreases attack logit,Moderately reference-stable,Present only with explicit reference-sensitivity caveat
CNN_TN_01,cnn,CNN,TN,36312,275065,0,Benign,11,Bwd Pkt Len Max,145.0,-0.364097386598587,0.5830616221593209,0.5830616221593209,6,True,0.583061622159321,0.9031204549326648,-0.4694372971083868,2.901798755692038,0.59375,0.40625,0.0,0.59375,Reference-sensitive direction,Increases attack logit,Moderately reference-stable,Present only with explicit reference-sensitivity caveat
CNN_TN_01,cnn,CNN,TN,36312,275065,0,Benign,14,Bwd Pkt Len Std,72.5,-0.3032875657081604,-0.8326628517522835,0.8326628517522835,4,True,-0.8326628517522834,1.379797578322884,-5.455925051945808,0.2613818880230162,0.1875,0.8125,0.0,0.8125,Reference-stable direction,Decreases attack logit,Moderately reference-stable,Present only with explicit reference-sensitivity caveat
CNN_TN_01,cnn,CNN,TN,36312,275065,0,Benign,40,Pkt Len Max,219.0,-0.3504483997821808,0.4600669489145377,0.4600669489145377,9,True,0.4600669489145378,0.9575891627573414,-1.3350879434173517,1.8645766372412875,0.5625,0.4375,0.0,0.5625,Reference-sensitive direction,Increases attack logit,Moderately reference-stable,Present only with explicit reference-sensitivity caveat
CNN_TN_01,cnn,CNN,TN,36312,275065,0,Benign,46,RST Flag Cnt,1.0,1.9163296222686768,2.163696665412113,2.163696665412113,2,True,2.163696665412113,1.967822143584051,0.0,5.258780396694305,0.625,0.0,0.375,0.625,Reference-sensitive direction,Increases attack logit,Moderately reference-stable,Present only with explicit reference-sensitivity caveat
CNN_TN_01,cnn,CNN,TN,36312,275065,0,Benign,51,ECE Flag Cnt,1.0,1.9163296222686768,2.592741053855152,2.592741053855152,1,True,2.592741053855152,2.2880971629588864,0.0,6.116559213929905,0.625,0.0,0.375,0.625,Reference-sensitive direction,Increases attack logit,Moderately reference-stable,Present only with explicit reference-sensitivity caveat
CNN_TN_01,cnn,CNN,TN,36312,275065,0,Benign,52,Down/Up Ratio,0.0,-0.5546588897705078,0.5850349179213851,0.5850349179213851,5,True,0.5850349179213851,0.8608834420845332,-0.0,2.447312205951353,0.34375,0.0,0.65625,0.65625,Moderately stable direction,Increases attack logit,Moderately reference-stable,Present only with explicit reference-sensitivity caveat
CNN_TN_01,cnn,CNN,TN,36312,275065,0,Benign,53,Pkt Size Avg,44.6,-0.4070612490177154,0.5546749725431492,0.5546749725431492,7,True,0.5546749725431491,0.9300376667622424,-0.6978929812855619,3.0441642922510552,0.71875,0.28125,0.0,0.71875,Moderately stable direction,Increases attack logit,Moderately reference-stable,Present only with explicit reference-sensitivity caveat
CNN_TN_01,cnn,CNN,TN,36312,275065,0,Benign,55,Bwd Seg Size Avg,36.25,-0.4201026558876037,-0.4227201210868569,0.4227201210868569,10,True,-0.422720121086857,0.7678697105130317,-2.9226008671463286,0.4942696371037305,0.375,0.625,0.0,0.625,Reference-sensitive direction,Decreases attack logit,Moderately reference-stable,Present only with explicit reference-sensitivity caveat
CNN_TN_01,cnn,CNN,TN,36312,275065,0,Benign,67,Init Bwd Win Byts,110.0,-0.4035870432853699,0.5263794934545712,0.5263794934545712,8,True,0.5263794934545711,0.876206070892808,-0.0976847346088656,2.575483831668377,0.5,0.5,0.0,0.5,Reference-sensitive direction,Increases attack logit,Moderately reference-stable,Present only with explicit reference-sensitivity caveat
CNN_TN_02,cnn,CNN,TN,14311,234281,0,Benign,0,Dst Port,53.0,-0.5525506734848022,0.3796486018954937,0.3796486018954937,8,True,0.3796486018954936,0.7522173534556427,-0.0126741155447185,2.372806446616636,0.53125,0.34375,0.125,0.53125,Reference-sensitive direction,Increases attack logit,Reference-sensitive,Supplementary diagnostic only
CNN_TN_02,cnn,CNN,TN,14311,234281,0,Benign,1,Protocol,17.0,2.216094970703125,0.7219787866722412,0.7219787866722412,3,True,0.7219787866722412,0.9918382805803632,-1.4418661689278245,2.29395938958311,0.71875,0.15625,0.125,0.71875,Moderately stable direction,Increases attack logit,Reference-sensitive,Supplementary diagnostic only
CNN_TN_02,cnn,CNN,TN,14311,234281,0,Benign,2,Flow Duration,36771.0,-0.3759293258190155,0.4332269593804959,0.4332269593804959,7,True,0.4332269593804959,0.9660575485970562,-0.0015097231126517,4.66599162705883,0.8125,0.1875,0.0,0.8125,Reference-stable direction,Increases attack logit,Reference-sensitive,Supplementary diagnostic only
CNN_TN_02,cnn,CNN,TN,14311,234281,0,Benign,8,Fwd Pkt Len Min,45.0,1.0042816400527954,0.4528427688865965,0.4528427688865965,6,True,0.4528427688865964,0.5279619893997194,-1.0612758664351356,1.1318085107107003,0.75,0.21875,0.03125,0.75,Reference-stable direction,Increases attack logit,Reference-sensitive,Supplementary diagnostic only
CNN_TN_02,cnn,CNN,TN,14311,234281,0,Benign,11,Bwd Pkt Len Max,61.0,-0.5497245192527771,0.2838347070186068,0.2838347070186068,10,True,0.2838347070186067,0.6452671713739884,-1.1315064132765702,1.800949646820082,0.5625,0.4375,0.0,0.5625,Reference-sensitive direction,Increases attack logit,Reference-sensitive,Supplementary diagnostic only
CNN_TN_02,cnn,CNN,TN,14311,234281,0,Benign,12,Bwd Pkt Len Min,61.0,1.08816397190094,0.6383546341876165,0.6383546341876165,4,True,0.6383546341876163,0.4997715088873595,-0.1013787747578113,1.6889297115587985,0.84375,0.15625,0.0,0.84375,Reference-stable direction,Increases attack logit,Reference-sensitive,Supplementary diagnostic only
CNN_TN_02,cnn,CNN,TN,14311,234281,0,Benign,46,RST Flag Cnt,0.0,-0.5218309164047241,-1.022367125532934,1.022367125532934,2,True,-1.0223671255329336,1.448700196002633,-3.820895909341517,-0.0,0.0,0.375,0.625,0.625,Reference-sensitive direction,Decreases attack logit,Reference-sensitive,Supplementary diagnostic only
CNN_TN_02,cnn,CNN,TN,14311,234281,0,Benign,47,PSH Flag Cnt,0.0,-1.0575153827667236,0.3709728352159188,0.3709728352159188,9,True,0.3709728352159188,0.503748411242061,-0.7115710348358547,1.4159373201763934,0.5625,0.0625,0.375,0.5625,Reference-sensitive direction,Increases attack logit,Reference-sensitive,Supplementary diagnostic only
CNN_TN_02,cnn,CNN,TN,14311,234281,0,Benign,67,Init Bwd Win Byts,-1.0,-0.4095837473869324,-0.5455213324828204,0.5455213324828204,5,True,-0.5455213324828204,1.3203531067138603,-4.072483669980873,0.9883261987622332,0.4375,0.25,0.3125,0.4375,Reference-sensitive direction,Decreases attack logit,Reference-sensitive,Supplementary diagnostic only
CNN_TN_02,cnn,CNN,TN,14311,234281,0,Benign,69,Fwd Seg Size Min,8.0,-1.4315420389175415,1.0535818784542403,1.0535818784542403,1,True,1.0535818784542403,1.2522936855051647,-2.074860237057844,3.78520929097692,0.75,0.125,0.125,0.75,Reference-stable direction,Increases attack logit,Reference-sensitive,Supplementary diagnostic only
CNN_TN_03,cnn,CNN,TN,2474,17871,0,Benign,0,Dst Port,443.0,-0.5331613421440125,0.4074274797058153,0.4074274797058153,6,True,0.4074274797058152,0.8063151526362,-0.1493611252466986,2.4638220087937523,0.46875,0.375,0.15625,0.46875,Reference-sensitive direction,Increases attack logit,Moderately reference-stable,Present only with explicit reference-sensitivity caveat
CNN_TN_03,cnn,CNN,TN,2474,17871,0,Benign,7,Fwd Pkt Len Max,46.0,-0.5420639514923096,0.5789448613535738,0.5789448613535738,3,True,0.5789448613535737,1.2243131413871646,-1.0906996486290588,3.1682611181838283,0.71875,0.25,0.03125,0.71875,Moderately stable direction,Increases attack logit,Moderately reference-stable,Present only with explicit reference-sensitivity caveat
CNN_TN_03,cnn,CNN,TN,2474,17871,0,Benign,10,Fwd Pkt Len Std,23.45918441,-0.5295787453651428,-0.3064159229816438,0.3064159229816438,9,True,-0.3064159229816438,0.4958788957915515,-1.5508339194533896,0.1680956448908903,0.25,0.71875,0.03125,0.71875,Moderately stable direction,Decreases attack logit,Moderately reference-stable,Present only with explicit reference-sensitivity caveat
CNN_TN_03,cnn,CNN,TN,2474,17871,0,Benign,11,Bwd Pkt Len Max,0.0,-0.684525191783905,0.394054965021109,0.394054965021109,7,True,0.3940549650211089,0.5587953298203789,-0.0148690243350712,2.1641919645169923,0.625,0.125,0.25,0.625,Reference-sensitive direction,Increases attack logit,Moderately reference-stable,Present only with explicit reference-sensitivity caveat
CNN_TN_03,cnn,CNN,TN,2474,17871,0,Benign,14,Bwd Pkt Len Std,0.0,-0.6783645153045654,-0.4164168621829031,0.4164168621829031,5,True,-0.4164168621829032,0.7205315823194779,-2.315752979278952,0.0996839319414146,0.1875,0.4375,0.375,0.4375,Reference-sensitive direction,Decreases attack logit,Moderately reference-stable,Present only with explicit reference-sensitivity caveat
CNN_TN_03,cnn,CNN,TN,2474,17871,0,Benign,31,Fwd PSH Flags,1.0,5.396814346313477,0.7940040625134636,0.7940040625134636,2,True,0.7940040625134634,1.4801332589661442,-5.298726423448628,3.368630161531761,0.75,0.21875,0.03125,0.75,Reference-stable direction,Increases attack logit,Moderately reference-stable,Present only with explicit reference-sensitivity caveat
CNN_TN_03,cnn,CNN,TN,2474,17871,0,Benign,40,Pkt Len Max,46.0,-0.6784002780914307,0.2592302518833157,0.2592302518833157,10,True,0.2592302518833157,0.3052754492791204,-0.0778116528683511,0.8764689319479637,0.84375,0.125,0.03125,0.84375,Reference-stable direction,Increases attack logit,Moderately reference-stable,Present only with explicit reference-sensitivity caveat
CNN_TN_03,cnn,CNN,TN,2474,17871,0,Benign,45,SYN Flag Cnt,1.0,5.396814346313477,1.3254460193698288,1.3254460193698288,1,True,1.3254460193698288,1.4471944529444591,-0.3981230566155175,6.5022613924164805,0.9375,0.03125,0.03125,0.9375,Reference-stable direction,Increases attack logit,Moderately reference-stable,Present only with explicit reference-sensitivity caveat
CNN_TN_03,cnn,CNN,TN,2474,17871,0,Benign,48,ACK Flag Cnt,1.0,1.5607398748397827,-0.4641885377594471,0.4641885377594471,4,True,-0.4641885377594471,0.5579141862288959,-2.055260809044668,0.1941165423567148,0.0625,0.71875,0.21875,0.71875,Moderately stable direction,Decreases attack logit,Moderately reference-stable,Present only with explicit reference-sensitivity caveat
CNN_TN_03,cnn,CNN,TN,2474,17871,0,Benign,66,Init Fwd Win Byts,254.0,-0.7309809327125549,0.3505412020478213,0.3505412020478213,8,True,0.3505412020478212,1.2733035990291377,-0.0724962645024238,7.330591305751688,0.71875,0.28125,0.0,0.71875,Moderately stable direction,Increases attack logit,Moderately reference-stable,Present only with explicit reference-sensitivity caveat
CNN_TN_04,cnn,CNN,TN,1071,233184,0,Benign,0,Dst Port,3389.0,-0.3866970837116241,0.7040468219509981,0.7040468219509981,3,True,0.704046821950998,1.4912200084745764,-0.864611467533331,3.7380118353068528,0.40625,0.40625,0.1875,0.40625,Reference-sensitive direction,Increases attack logit,Reference-sensitive,Supplementary diagnostic only
CNN_TN_04,cnn,CNN,TN,1071,233184,0,Benign,2,Flow Duration,1398186.0,-0.3308746218681335,0.2338719656752986,0.2338719656752986,7,True,0.2338719656752987,0.5795727294659915,-0.0330739236336132,2.423047546737939,0.5,0.5,0.0,0.5,Reference-sensitive direction,Increases attack logit,Reference-sensitive,Supplementary diagnostic only
CNN_TN_04,cnn,CNN,TN,1071,233184,0,Benign,10,Fwd Pkt Len Std,228.1296624,0.8041684031486511,0.2699957493433137,0.2699957493433137,6,True,0.2699957493433138,0.4552499719455209,-0.5114686088852503,1.5057506761435002,0.625,0.375,0.0,0.625,Reference-sensitive direction,Increases attack logit,Reference-sensitive,Supplementary diagnostic only
CNN_TN_04,cnn,CNN,TN,1071,233184,0,Benign,11,Bwd Pkt Len Max,1173.0,1.9076251983642576,-0.1955974067668776,0.1955974067668776,10,True,-0.1955974067668776,0.443295978861953,-1.457996900904739,0.4944774420424911,0.40625,0.5,0.09375,0.5,Reference-sensitive direction,Decreases attack logit,Reference-sensitive,Supplementary diagnostic only
CNN_TN_04,cnn,CNN,TN,1071,233184,0,Benign,12,Bwd Pkt Len Min,0.0,-0.3786987066268921,-0.2029031841148612,0.2029031841148612,9,True,-0.2029031841148612,0.5557497512778639,-1.9565703360930533,-0.0,0.0,0.125,0.875,0.875,Reference-stable direction,Decreases attack logit,Reference-sensitive,Supplementary diagnostic only
CNN_TN_04,cnn,CNN,TN,1071,233184,0,Benign,14,Bwd Pkt Len Std,430.0986044,1.5467398166656494,0.821036011679439,0.821036011679439,2,True,0.8210360116794392,0.9435117209334214,-1.3057918840677152,2.769480773018711,0.8125,0.125,0.0625,0.8125,Reference-stable direction,Increases attack logit,Reference-sensitive,Supplementary diagnostic only
CNN_TN_04,cnn,CNN,TN,1071,233184,0,Benign,54,Fwd Seg Size Avg,143.5,0.9192044734954834,0.2732513265806274,0.2732513265806274,5,True,0.2732513265806274,0.3148895894192783,-0.2510045998230943,0.9904575907519816,0.875,0.125,0.0,0.875,Reference-stable direction,Increases attack logit,Reference-sensitive,Supplementary diagnostic only
CNN_TN_04,cnn,CNN,TN,1071,233184,0,Benign,66,Init Fwd Win Byts,8192.0,-0.3464187979698181,0.3371151229617268,0.3371151229617268,4,True,0.3371151229617268,0.9617483246003836,-0.5238822456323309,3.3973394811132964,0.21875,0.28125,0.5,0.5,Reference-sensitive direction,Increases attack logit,Reference-sensitive,Supplementary diagnostic only
CNN_TN_04,cnn,CNN,TN,1071,233184,0,Benign,67,Init Bwd Win Byts,62852.0,2.986013889312744,1.9976930327670892,1.9976930327670892,1,True,1.9976930327670896,1.6874572362492488,-0.005119239964095,5.551022050344431,0.84375,0.125,0.03125,0.84375,Reference-stable direction,Increases attack logit,Reference-sensitive,Supplementary diagnostic only
CNN_TN_04,cnn,CNN,TN,1071,233184,0,Benign,69,Fwd Seg Size Min,20.0,-0.221856951713562,-0.210447781420811,0.210447781420811,8,True,-0.210447781420811,0.5883042873335077,-1.8128736943550816,0.7439029774589008,0.0625,0.21875,0.71875,0.71875,Moderately stable direction,Decreases attack logit,Reference-sensitive,Supplementary diagnostic only
CNN_TN_05,cnn,CNN,TN,34205,176021,0,Benign,0,Dst Port,445.0,-0.5330619215965271,0.4537043063887773,0.4537043063887773,10,True,0.4537043063887773,0.9807293115024242,-0.0292779990595196,5.1670136552422665,0.5625,0.3125,0.125,0.5625,Reference-sensitive direction,Increases attack logit,Reference-sensitive,Supplementary diagnostic only
CNN_TN_05,cnn,CNN,TN,34205,176021,0,Benign,7,Fwd Pkt Len Max,0.0,-0.6599207520484924,0.5828617760927335,0.5828617760927335,6,True,0.5828617760927334,1.330074785108733,-2.212965127813243,3.36030966243277,0.5625,0.25,0.1875,0.5625,Reference-sensitive direction,Increases attack logit,Reference-sensitive,Supplementary diagnostic only
CNN_TN_05,cnn,CNN,TN,34205,176021,0,Benign,10,Fwd Pkt Len Std,0.0,-0.6824519038200378,-0.7214866564365721,0.7214866564365721,2,True,-0.7214866564365723,1.4474468012866368,-5.405589593061501,0.2744709097190583,0.15625,0.53125,0.3125,0.53125,Reference-sensitive direction,Decreases attack logit,Reference-sensitive,Supplementary diagnostic only
CNN_TN_05,cnn,CNN,TN,34205,176021,0,Benign,11,Bwd Pkt Len Max,0.0,-0.684525191783905,0.6591322732911579,0.6591322732911579,4,True,0.659132273291158,0.7899143532872004,-0.023891446290807,2.588344536865986,0.625,0.125,0.25,0.625,Reference-sensitive direction,Increases attack logit,Reference-sensitive,Supplementary diagnostic only
CNN_TN_05,cnn,CNN,TN,34205,176021,0,Benign,13,Bwd Pkt Len Mean,0.0,-0.6581581234931946,0.5110521409831728,0.5110521409831728,7,True,0.5110521409831728,0.6960724886681577,-0.672400741382535,2.306458774523179,0.71875,0.03125,0.25,0.71875,Moderately stable direction,Increases attack logit,Reference-sensitive,Supplementary diagnostic only
CNN_TN_05,cnn,CNN,TN,34205,176021,0,Benign,40,Pkt Len Max,0.0,-0.7656013369560242,1.1406153096320664,1.1406153096320664,1,True,1.140615309632066,1.1042045252109702,-0.0196181363372321,2.987958062036306,0.78125,0.03125,0.1875,0.78125,Reference-stable direction,Increases attack logit,Reference-sensitive,Supplementary diagnostic only
CNN_TN_05,cnn,CNN,TN,34205,176021,0,Benign,46,RST Flag Cnt,0.0,-0.5218309164047241,-0.6428219665317609,0.6428219665317609,5,True,-0.6428219665317607,0.9133794775115402,-2.970416797511528,-0.0,0.0,0.375,0.625,0.625,Reference-sensitive direction,Decreases attack logit,Reference-sensitive,Supplementary diagnostic only
CNN_TN_05,cnn,CNN,TN,34205,176021,0,Benign,51,ECE Flag Cnt,0.0,-0.5218309164047241,-0.5106692693707071,0.5106692693707071,8,True,-0.5106692693707071,0.803700333889514,-2.440893791035146,-0.0,0.0,0.375,0.625,0.625,Reference-sensitive direction,Decreases attack logit,Reference-sensitive,Supplementary diagnostic only
CNN_TN_05,cnn,CNN,TN,34205,176021,0,Benign,53,Pkt Size Avg,0.0,-0.8142153024673462,0.5085717860427345,0.5085717860427345,9,True,0.5085717860427345,0.8152728554257619,-0.9567478065443707,2.076241886564019,0.6875,0.125,0.1875,0.6875,Moderately stable direction,Increases attack logit,Reference-sensitive,Supplementary diagnostic only
CNN_TN_05,cnn,CNN,TN,34205,176021,0,Benign,67,Init Bwd Win Byts,8192.0,0.0330383963882923,-0.7057781358248494,0.7057781358248494,3,True,-0.7057781358248494,1.2214100378906243,-4.080098992392626,0.1174413167261715,0.15625,0.84375,0.0,0.84375,Reference-stable direction,Decreases attack logit,Reference-sensitive,Supplementary diagnostic only
CNN_TN_06,cnn,CNN,TN,46318,107806,0,Benign,2,Flow Duration,116992060.0,3.494592905044556,-1.756208644018146,1.756208644018146,2,True,-1.7562086440181464,1.0120730216508254,-4.231120923931012,0.0003592915658575,0.03125,0.96875,0.0,0.96875,Reference-stable direction,Decreases attack logit,Reference-robust,Eligible for direct case-level presentation
CNN_TN_06,cnn,CNN,TN,46318,107806,0,Benign,11,Bwd Pkt Len Max,0.0,-0.684525191783905,0.8299275146463745,0.8299275146463745,7,True,0.8299275146463745,0.9970762271611964,-0.0,3.7676437250994175,0.75,0.0,0.25,0.75,Reference-stable direction,Increases attack logit,Reference-robust,Eligible for direct case-level presentation
CNN_TN_06,cnn,CNN,TN,46318,107806,0,Benign,14,Bwd Pkt Len Std,0.0,-0.6783645153045654,-1.0291953063319437,1.0291953063319437,4,True,-1.0291953063319434,1.2312711958487057,-4.477658959480074,0.0,0.0,0.625,0.375,0.625,Reference-sensitive direction,Decreases attack logit,Reference-robust,Eligible for direct case-level presentation
CNN_TN_06,cnn,CNN,TN,46318,107806,0,Benign,18,Flow IAT Std,8977748.795,1.4686158895492554,0.7180024927829194,0.7180024927829194,9,True,0.7180024927829195,0.9139101715508026,-0.5971345004278428,2.4436835847813283,0.75,0.25,0.0,0.75,Reference-stable direction,Increases attack logit,Reference-robust,Eligible for direct case-level presentation
CNN_TN_06,cnn,CNN,TN,46318,107806,0,Benign,21,Fwd IAT Tot,117000000.0,3.512838840484619,-0.7041223895529043,0.7041223895529043,10,True,-0.7041223895529043,0.8143730889241116,-3.064704419196284,0.2922032396797416,0.15625,0.84375,0.0,0.84375,Reference-stable direction,Decreases attack logit,Reference-robust,Eligible for direct case-level presentation
CNN_TN_06,cnn,CNN,TN,46318,107806,0,Benign,24,Fwd IAT Max,24000000.0,1.154363036155701,-0.7697418134060077,0.7697418134060077,8,True,-0.7697418134060077,0.607027278526636,-1.993679095403888,0.6286174576725281,0.125,0.875,0.0,0.875,Reference-stable direction,Decreases attack logit,Reference-robust,Eligible for direct case-level presentation
CNN_TN_06,cnn,CNN,TN,46318,107806,0,Benign,46,RST Flag Cnt,0.0,-0.5218309164047241,-0.9748614690456902,0.9748614690456902,5,True,-0.9748614690456904,1.439493784834068,-3.8902917935355688,-0.0,0.0,0.375,0.625,0.625,Reference-sensitive direction,Decreases attack logit,Reference-robust,Eligible for direct case-level presentation
CNN_TN_06,cnn,CNN,TN,46318,107806,0,Benign,70,Active Mean,5983993.0,2.0725228786468506,-0.8818565564030345,0.8818565564030345,6,True,-0.8818565564030347,0.5622499153362661,-1.7643275510710252,1.014101141626274,0.09375,0.90625,0.0,0.90625,Reference-stable direction,Decreases attack logit,Reference-robust,Eligible for direct case-level presentation
CNN_TN_06,cnn,CNN,TN,46318,107806,0,Benign,71,Active Std,7076622.843,4.34105920791626,2.2286372147712874,2.2286372147712874,1,True,2.2286372147712874,0.9171534110185402,0.8858181006696914,3.9079051481284055,1.0,0.0,0.0,1.0,Reference-stable direction,Increases attack logit,Reference-robust,Eligible for direct case-level presentation
CNN_TN_06,cnn,CNN,TN,46318,107806,0,Benign,75,Idle Std,7445632.827,3.0374441146850586,1.2839001882051204,1.2839001882051204,3,True,1.2839001882051206,0.6505466828264095,-0.218433426262658,2.603250864219503,0.96875,0.03125,0.0,0.96875,Reference-stable direction,Increases attack logit,Reference-robust,Eligible for direct case-level presentation
CNN_TN_07,cnn,CNN,TN,30944,142297,0,Benign,0,Dst Port,443.0,-0.5331613421440125,0.6087111142367558,0.6087111142367558,8,True,0.6087111142367558,1.1245084665038494,-0.1509314700198198,2.966177249322594,0.53125,0.3125,0.15625,0.53125,Reference-sensitive direction,Increases attack logit,Reference-robust,Eligible for direct case-level presentation
CNN_TN_07,cnn,CNN,TN,30944,142297,0,Benign,11,Bwd Pkt Len Max,1460.0,2.541851282119751,-1.8037391269269676,1.8037391269269676,4,True,-1.803739126926968,1.0979011030892922,-3.749547581608877,-0.0,0.0,0.90625,0.09375,0.90625,Reference-stable direction,Decreases attack logit,Reference-robust,Eligible for direct case-level presentation
CNN_TN_07,cnn,CNN,TN,30944,142297,0,Benign,13,Bwd Pkt Len Mean,951.2666666667,5.588854789733887,1.937095803148539,1.937095803148539,3,True,1.937095803148539,1.19412780483262,-0.1459784861631716,3.771059824420032,0.96875,0.03125,0.0,0.96875,Reference-stable direction,Increases attack logit,Reference-robust,Eligible for direct case-level presentation
CNN_TN_07,cnn,CNN,TN,30944,142297,0,Benign,14,Bwd Pkt Len Std,652.7322210378,2.6985292434692383,-0.8944020524255969,0.8944020524255969,7,True,-0.8944020524255969,1.142036861042158,-2.8927195064244904,0.7423069741687066,0.34375,0.65625,0.0,0.65625,Moderately stable direction,Decreases attack logit,Reference-robust,Eligible for direct case-level presentation
CNN_TN_07,cnn,CNN,TN,30944,142297,0,Benign,40,Pkt Len Max,1460.0,2.002084970474243,-0.5503029079361195,0.5503029079361195,9,True,-0.5503029079361195,0.7698557536590437,-3.208828534513178,0.0611072925472258,0.09375,0.8125,0.09375,0.8125,Reference-stable direction,Decreases attack logit,Reference-robust,Eligible for direct case-level presentation
CNN_TN_07,cnn,CNN,TN,30944,142297,0,Benign,46,RST Flag Cnt,0.0,-0.5218309164047241,-1.1139857494392285,1.1139857494392285,6,True,-1.1139857494392285,1.4639675980075868,-3.8434722622177575,0.0,0.0,0.375,0.625,0.625,Reference-sensitive direction,Decreases attack logit,Reference-robust,Eligible for direct case-level presentation
CNN_TN_07,cnn,CNN,TN,30944,142297,0,Benign,51,ECE Flag Cnt,0.0,-0.5218309164047241,-1.3241260226291207,1.3241260226291207,5,True,-1.3241260226291207,1.7527148535663226,-4.96496974449944,0.0,0.0,0.375,0.625,0.625,Reference-sensitive direction,Decreases attack logit,Reference-robust,Eligible for direct case-level presentation
CNN_TN_07,cnn,CNN,TN,30944,142297,0,Benign,52,Down/Up Ratio,1.0,0.5059916377067566,-0.4445172485272024,0.4445172485272024,10,True,-0.4445172485272024,0.3507184253351968,-1.0043827943945394,-0.0,0.0,0.65625,0.34375,0.65625,Moderately stable direction,Decreases attack logit,Reference-robust,Eligible for direct case-level presentation
CNN_TN_07,cnn,CNN,TN,30944,142297,0,Benign,53,Pkt Size Avg,622.5,4.868596076965332,-2.0870200714003384,2.0870200714003384,2,True,-2.087020071400337,0.8671233027789388,-3.413997595515011,-0.1940289864011418,0.0,1.0,0.0,1.0,Reference-stable direction,Decreases attack logit,Reference-robust,Eligible for direct case-level presentation
CNN_TN_07,cnn,CNN,TN,30944,142297,0,Benign,55,Bwd Seg Size Avg,951.2666666667,5.588854789733887,2.1473439785084016,2.1473439785084016,1,True,2.147343978508402,1.6997459911012278,-2.8655789083703964,4.713702047181187,0.90625,0.09375,0.0,0.90625,Reference-stable direction,Increases attack logit,Reference-robust,Eligible for direct case-level presentation
CNN_TN_08,cnn,CNN,TN,46572,2010,0,Benign,0,Dst Port,445.0,-0.5330619215965271,0.3213126778422738,0.3213126778422738,10,True,0.3213126778422738,0.9983081292947088,-1.7431377409251445,4.073211393235305,0.4375,0.4375,0.125,0.4375,Reference-sensitive direction,Increases attack logit,Reference-sensitive,Supplementary diagnostic only
CNN_TN_08,cnn,CNN,TN,46572,2010,0,Benign,7,Fwd Pkt Len Max,103.0,-0.3960239291191101,0.5047920019220813,0.5047920019220813,6,True,0.5047920019220813,1.3757682241781228,-1.8265873254429648,3.4279648912754768,0.46875,0.5,0.03125,0.5,Reference-sensitive direction,Increases attack logit,Reference-sensitive,Supplementary diagnostic only
CNN_TN_08,cnn,CNN,TN,46572,2010,0,Benign,10,Fwd Pkt Len Std,49.1353814912,-0.3622583150863647,-1.1805775208924696,1.1805775208924696,1,True,-1.1805775208924696,1.5184093700608503,-5.490348971380152,0.1573482287263109,0.15625,0.84375,0.0,0.84375,Reference-stable direction,Decreases attack logit,Reference-sensitive,Supplementary diagnostic only
CNN_TN_08,cnn,CNN,TN,46572,2010,0,Benign,14,Bwd Pkt Len Std,191.2845175822,0.3112411499023437,-1.0800936142003477,1.0800936142003477,2,True,-1.0800936142003477,1.4235632372909075,-4.6112933622382615,0.3226238407556649,0.15625,0.84375,0.0,0.84375,Reference-stable direction,Decreases attack logit,Reference-sensitive,Supplementary diagnostic only
CNN_TN_08,cnn,CNN,TN,46572,2010,0,Benign,41,Pkt Len Mean,90.3333333333,0.1189601421356201,-0.3545216267571075,0.3545216267571075,8,True,-0.3545216267571074,0.3162835594415691,-1.329096536264178,0.016473563143487,0.03125,0.96875,0.0,0.96875,Reference-stable direction,Decreases attack logit,Reference-sensitive,Supplementary diagnostic only
CNN_TN_08,cnn,CNN,TN,46572,2010,0,Benign,42,Pkt Len Std,135.6701181262,0.0278566163033247,-0.6275219951395403,0.6275219951395403,4,True,-0.6275219951395403,0.4069185647971168,-1.2687778484536547,0.1851134743312116,0.03125,0.96875,0.0,0.96875,Reference-stable direction,Decreases attack logit,Reference-sensitive,Supplementary diagnostic only
CNN_TN_08,cnn,CNN,TN,46572,2010,0,Benign,46,RST Flag Cnt,0.0,-0.5218309164047241,-0.5921685099670881,0.5921685099670881,5,True,-0.5921685099670881,0.7780930902715392,-2.190127690359032,-0.0,0.0,0.375,0.625,0.625,Reference-sensitive direction,Decreases attack logit,Reference-sensitive,Supplementary diagnostic only
CNN_TN_08,cnn,CNN,TN,46572,2010,0,Benign,51,ECE Flag Cnt,0.0,-0.5218309164047241,-0.6843061699098689,0.6843061699098689,3,True,-0.6843061699098689,0.9566373336548828,-2.9965732149758764,-0.0,0.0,0.375,0.625,0.625,Reference-sensitive direction,Decreases attack logit,Reference-sensitive,Supplementary diagnostic only
CNN_TN_08,cnn,CNN,TN,46572,2010,0,Benign,52,Down/Up Ratio,0.0,-0.5546588897705078,0.3499086500347924,0.3499086500347924,9,True,0.3499086500347924,0.6086379258237654,-0.0,2.100067983587436,0.34375,0.0,0.65625,0.65625,Moderately stable direction,Increases attack logit,Reference-sensitive,Supplementary diagnostic only
CNN_TN_08,cnn,CNN,TN,46572,2010,0,Benign,67,Init Bwd Win Byts,256.0,-0.3956994712352752,-0.3694488909104639,0.3694488909104639,7,True,-0.3694488909104639,1.0675921317808317,-3.4078099042911627,0.9903162597787346,0.15625,0.84375,0.0,0.84375,Reference-stable direction,Decreases attack logit,Reference-sensitive,Supplementary diagnostic only
CNN_TP_01,cnn,CNN,TP,37481,34913,1,Infilteration,0,Dst Port,135.0,-0.5484739542007446,0.607542887766127,0.607542887766127,8,True,0.6075428877661271,2.2544698910268157,-3.9930851429262377,6.129929467374033,0.65625,0.34375,0.0,0.65625,Moderately stable direction,Increases attack logit,Reference-sensitive,Supplementary diagnostic only
CNN_TP_01,cnn,CNN,TP,37481,34913,1,Infilteration,7,Fwd Pkt Len Max,168.0,-0.2294870764017105,0.9532472043940404,0.9532472043940404,6,True,0.9532472043940404,2.54910947995331,-0.9917936493340266,6.804614862019132,0.40625,0.59375,0.0,0.59375,Reference-sensitive direction,Increases attack logit,Reference-sensitive,Supplementary diagnostic only
CNN_TP_01,cnn,CNN,TP,37481,34913,1,Infilteration,10,Fwd Pkt Len Std,96.99484522,-0.0503793098032474,-1.7372777853603043,1.7372777853603043,1,True,-1.7372777853603043,3.2703993677163976,-10.348759955599512,0.3680875449536697,0.28125,0.71875,0.0,0.71875,Moderately stable direction,Decreases attack logit,Reference-sensitive,Supplementary diagnostic only
CNN_TP_01,cnn,CNN,TP,37481,34913,1,Infilteration,11,Bwd Pkt Len Max,24.0,-0.6314888596534729,1.0603088310704,1.0603088310704,4,True,1.0603088310704,1.162264499990552,-0.0436413935922525,3.59052753490651,0.75,0.25,0.0,0.75,Reference-stable direction,Increases attack logit,Reference-sensitive,Supplementary diagnostic only
CNN_TP_01,cnn,CNN,TP,37481,34913,1,Infilteration,40,Pkt Len Max,168.0,-0.4471278488636017,0.5410761802648021,0.5410761802648021,10,True,0.5410761802648021,0.687575984994256,-0.7268758828792872,1.907543441237112,0.71875,0.28125,0.0,0.71875,Moderately stable direction,Increases attack logit,Reference-sensitive,Supplementary diagnostic only
CNN_TP_01,cnn,CNN,TP,37481,34913,1,Infilteration,46,RST Flag Cnt,1.0,1.9163296222686768,1.4134968354971489,1.4134968354971489,2,True,1.4134968354971482,1.7064042538918625,-0.1047393320706908,5.436920280917977,0.59375,0.03125,0.375,0.59375,Reference-sensitive direction,Increases attack logit,Reference-sensitive,Supplementary diagnostic only
CNN_TP_01,cnn,CNN,TP,37481,34913,1,Infilteration,48,ACK Flag Cnt,0.0,-0.6407217979431152,0.6839863415189723,0.6839863415189723,7,True,0.6839863415189723,1.496218184723216,-0.0,5.082931066570241,0.21875,0.0,0.78125,0.78125,Reference-stable direction,Increases attack logit,Reference-sensitive,Supplementary diagnostic only
CNN_TP_01,cnn,CNN,TP,37481,34913,1,Infilteration,51,ECE Flag Cnt,1.0,1.9163296222686768,1.3231197379648536,1.3231197379648536,3,True,1.3231197379648536,1.4795547842151928,0.0,5.194756877475174,0.625,0.0,0.375,0.625,Reference-sensitive direction,Increases attack logit,Reference-sensitive,Supplementary diagnostic only
CNN_TP_01,cnn,CNN,TP,37481,34913,1,Infilteration,53,Pkt Size Avg,32.0,-0.5220868587493896,1.0478514005996746,1.0478514005996746,5,True,1.0478514005996744,1.216161106616226,-0.6409356761244991,3.680716813194641,0.8125,0.1875,0.0,0.8125,Reference-stable direction,Increases attack logit,Reference-sensitive,Supplementary diagnostic only
CNN_TP_01,cnn,CNN,TP,37481,34913,1,Infilteration,54,Fwd Seg Size Avg,56.0,-0.0906783565878868,-0.5689127133964879,0.5689127133964879,9,True,-0.568912713396488,1.3075739876980197,-4.426493672189168,0.97247888157857,0.40625,0.59375,0.0,0.59375,Reference-sensitive direction,Decreases attack logit,Reference-sensitive,Supplementary diagnostic only
CNN_TP_02,cnn,CNN,TP,17430,268473,1,DoS attacks-GoldenEye,7,Fwd Pkt Len Max,0.0,-0.6599207520484924,1.7103965461821424,1.7103965461821424,3,True,1.7103965461821429,2.87114487329222,-1.4149191574027378,8.696129137620044,0.71875,0.09375,0.1875,0.71875,Moderately stable direction,Increases attack logit,Moderately reference-stable,Present only with explicit reference-sensitivity caveat
CNN_TP_02,cnn,CNN,TP,17430,268473,1,DoS attacks-GoldenEye,10,Fwd Pkt Len Std,0.0,-0.6824519038200378,-1.543393727404483,1.543393727404483,4,True,-1.5433937274044836,3.013252200927961,-10.5330955336186,0.2046056278854385,0.15625,0.53125,0.3125,0.53125,Reference-sensitive direction,Decreases attack logit,Moderately reference-stable,Present only with explicit reference-sensitivity caveat
CNN_TP_02,cnn,CNN,TP,17430,268473,1,DoS attacks-GoldenEye,13,Bwd Pkt Len Mean,0.0,-0.6581581234931946,0.8341522149397411,0.8341522149397411,8,True,0.8341522149397411,0.805785716201049,-0.0,2.2910020724916764,0.75,0.0,0.25,0.75,Reference-stable direction,Increases attack logit,Moderately reference-stable,Present only with explicit reference-sensitivity caveat
CNN_TP_02,cnn,CNN,TP,17430,268473,1,DoS attacks-GoldenEye,41,Pkt Len Mean,0.0,-0.7634954452514648,1.042654188457616,1.042654188457616,6,True,1.042654188457616,0.966164318286422,-0.0,3.0701749931894544,0.8125,0.0,0.1875,0.8125,Reference-stable direction,Increases attack logit,Moderately reference-stable,Present only with explicit reference-sensitivity caveat
CNN_TP_02,cnn,CNN,TP,17430,268473,1,DoS attacks-GoldenEye,42,Pkt Len Std,0.0,-0.7985594868659973,1.1356765658604109,1.1356765658604109,5,True,1.1356765658604109,1.1471318431783748,-0.0,3.7127340423313058,0.8125,0.0,0.1875,0.8125,Reference-stable direction,Increases attack logit,Moderately reference-stable,Present only with explicit reference-sensitivity caveat
CNN_TP_02,cnn,CNN,TP,17430,268473,1,DoS attacks-GoldenEye,47,PSH Flag Cnt,0.0,-1.0575153827667236,1.0139726395137894,1.0139726395137894,7,True,1.0139726395137894,1.0423934362909903,-0.0099351532005966,3.962454713184449,0.59375,0.03125,0.375,0.59375,Reference-sensitive direction,Increases attack logit,Moderately reference-stable,Present only with explicit reference-sensitivity caveat
CNN_TP_02,cnn,CNN,TP,17430,268473,1,DoS attacks-GoldenEye,48,ACK Flag Cnt,1.0,1.5607398748397827,2.4522992259792065,2.4522992259792065,2,True,2.452299225979207,2.049493332293794,-0.126290192290801,7.46085623444136,0.71875,0.0625,0.21875,0.71875,Moderately stable direction,Increases attack logit,Moderately reference-stable,Present only with explicit reference-sensitivity caveat
CNN_TP_02,cnn,CNN,TP,17430,268473,1,DoS attacks-GoldenEye,51,ECE Flag Cnt,0.0,-0.5218309164047241,-0.7918492291487816,0.7918492291487816,10,True,-0.7918492291487815,1.203932543058127,-3.71546929691592,-0.0,0.0,0.375,0.625,0.625,Reference-sensitive direction,Decreases attack logit,Moderately reference-stable,Present only with explicit reference-sensitivity caveat
CNN_TP_02,cnn,CNN,TP,17430,268473,1,DoS attacks-GoldenEye,53,Pkt Size Avg,0.0,-0.8142153024673462,0.8169988714655504,0.8169988714655504,9,True,0.8169988714655505,0.8693096618491257,-0.0403197817199559,2.667038015140694,0.78125,0.03125,0.1875,0.78125,Reference-stable direction,Increases attack logit,Moderately reference-stable,Present only with explicit reference-sensitivity caveat
CNN_TP_02,cnn,CNN,TP,17430,268473,1,DoS attacks-GoldenEye,69,Fwd Seg Size Min,32.0,0.9878281950950624,3.770318954139088,3.770318954139088,1,True,3.7703189541390887,3.0077311485653526,0.0,12.310876753986122,0.90625,0.0,0.09375,0.90625,Reference-stable direction,Increases attack logit,Moderately reference-stable,Present only with explicit reference-sensitivity caveat
CNN_TP_03,cnn,CNN,TP,8397,164173,1,FTP-BruteForce,0,Dst Port,21.0,-0.554141640663147,1.1900396002301068,1.1900396002301068,7,True,1.1900396002301066,2.1515694223431234,-0.0839823532464474,7.560149120525498,0.65625,0.34375,0.0,0.65625,Moderately stable direction,Increases attack logit,Reference-robust,Eligible for direct case-level presentation
CNN_TP_03,cnn,CNN,TP,8397,164173,1,FTP-BruteForce,7,Fwd Pkt Len Max,0.0,-0.6599207520484924,1.1456962622704887,1.1456962622704887,8,True,1.1456962622704885,2.3930472177288924,-1.1064929866720652,8.2355316269642,0.4375,0.375,0.1875,0.4375,Reference-sensitive direction,Increases attack logit,Reference-robust,Eligible for direct case-level presentation
CNN_TP_03,cnn,CNN,TP,8397,164173,1,FTP-BruteForce,10,Fwd Pkt Len Std,0.0,-0.6824519038200378,-1.252221849070795,1.252221849070795,5,True,-1.252221849070795,1.9612237406576225,-7.033722052015016,0.1948493535019811,0.09375,0.59375,0.3125,0.59375,Reference-sensitive direction,Decreases attack logit,Reference-robust,Eligible for direct case-level presentation
CNN_TP_03,cnn,CNN,TP,8397,164173,1,FTP-BruteForce,38,Bwd Pkts/s,1000000.0,4.726194381713867,2.494623439847277,2.494623439847277,3,True,2.494623439847277,1.9084710907410165,-1.2656457908732528,7.809236143863185,0.9375,0.0625,0.0,0.9375,Reference-stable direction,Increases attack logit,Reference-robust,Eligible for direct case-level presentation
CNN_TP_03,cnn,CNN,TP,8397,164173,1,FTP-BruteForce,40,Pkt Len Max,0.0,-0.7656013369560242,0.9426944469151703,0.9426944469151703,9,True,0.9426944469151706,0.9245468288189485,-0.0,2.7369181294274894,0.8125,0.0,0.1875,0.8125,Reference-stable direction,Increases attack logit,Reference-robust,Eligible for direct case-level presentation
CNN_TP_03,cnn,CNN,TP,8397,164173,1,FTP-BruteForce,51,ECE Flag Cnt,0.0,-0.5218309164047241,-0.7330112292997502,0.7330112292997502,10,True,-0.7330112292997503,1.019557314539541,-2.5711739061597427,-0.0,0.0,0.375,0.625,0.625,Reference-sensitive direction,Decreases attack logit,Reference-robust,Eligible for direct case-level presentation
CNN_TP_03,cnn,CNN,TP,8397,164173,1,FTP-BruteForce,53,Pkt Size Avg,0.0,-0.8142153024673462,1.2271693760415263,1.2271693760415263,6,True,1.2271693760415263,1.3830622641198071,-0.4658577002829253,4.3567370973068575,0.75,0.0625,0.1875,0.75,Reference-stable direction,Increases attack logit,Reference-robust,Eligible for direct case-level presentation
CNN_TP_03,cnn,CNN,TP,8397,164173,1,FTP-BruteForce,66,Init Fwd Win Byts,26883.0,0.5590801239013672,2.8990127371758647,2.8990127371758647,2,True,2.899012737175865,2.146326870962082,-0.4639708783663035,9.339184793207776,0.875,0.125,0.0,0.875,Reference-stable direction,Increases attack logit,Reference-robust,Eligible for direct case-level presentation
CNN_TP_03,cnn,CNN,TP,8397,164173,1,FTP-BruteForce,67,Init Bwd Win Byts,0.0,-0.4095297455787658,1.709010634841482,1.709010634841482,4,True,1.709010634841482,2.208564784292289,-0.0001453724253716,5.3260348177838495,0.5625,0.3125,0.125,0.5625,Reference-sensitive direction,Increases attack logit,Reference-robust,Eligible for direct case-level presentation
CNN_TP_03,cnn,CNN,TP,8397,164173,1,FTP-BruteForce,69,Fwd Seg Size Min,40.0,1.7942849397659302,5.787673329491401,5.787673329491401,1,True,5.787673329491403,2.0565983677182462,2.443965107065901,11.647734522053186,1.0,0.0,0.0,1.0,Reference-stable direction,Increases attack logit,Reference-robust,Eligible for direct case-level presentation
CNN_TP_04,cnn,CNN,TP,21953,279646,1,DoS attacks-SlowHTTPTest,0,Dst Port,21.0,-0.554141640663147,1.709271081197314,1.709271081197314,4,True,1.709271081197314,3.112864852348465,-0.1499173433504737,11.189846757409423,0.28125,0.71875,0.0,0.71875,Moderately stable direction,Increases attack logit,Moderately reference-stable,Present only with explicit reference-sensitivity caveat
CNN_TP_04,cnn,CNN,TP,21953,279646,1,DoS attacks-SlowHTTPTest,7,Fwd Pkt Len Max,0.0,-0.6599207520484924,1.373942767808547,1.373942767808547,7,True,1.373942767808547,3.043933602189266,-1.1311662288458877,9.661393630578768,0.4375,0.375,0.1875,0.4375,Reference-sensitive direction,Increases attack logit,Moderately reference-stable,Present only with explicit reference-sensitivity caveat
CNN_TP_04,cnn,CNN,TP,21953,279646,1,DoS attacks-SlowHTTPTest,10,Fwd Pkt Len Std,0.0,-0.6824519038200378,-1.517291778176709,1.517291778176709,6,True,-1.5172917781767086,2.706351543453013,-10.60600669389274,0.4563646795210066,0.1875,0.5,0.3125,0.5,Reference-sensitive direction,Decreases attack logit,Moderately reference-stable,Present only with explicit reference-sensitivity caveat
CNN_TP_04,cnn,CNN,TP,21953,279646,1,DoS attacks-SlowHTTPTest,16,Flow Pkts/s,1000000.0,2.015492677688598,1.0442961596377656,1.0442961596377656,9,True,1.0442961596377656,0.8435645242648145,0.0163837435563923,2.7343784614534177,1.0,0.0,0.0,1.0,Reference-stable direction,Increases attack logit,Moderately reference-stable,Present only with explicit reference-sensitivity caveat
CNN_TP_04,cnn,CNN,TP,21953,279646,1,DoS attacks-SlowHTTPTest,38,Bwd Pkts/s,500000.0,2.187605142593384,2.056532336324123,2.056532336324123,3,True,2.056532336324123,1.6613747257844524,-0.4717057832209071,4.252407912410608,0.84375,0.15625,0.0,0.84375,Reference-stable direction,Increases attack logit,Moderately reference-stable,Present only with explicit reference-sensitivity caveat
CNN_TP_04,cnn,CNN,TP,21953,279646,1,DoS attacks-SlowHTTPTest,46,RST Flag Cnt,0.0,-0.5218309164047241,-0.9965208432948308,0.9965208432948308,10,True,-0.9965208432948308,1.424381302095752,-4.697682800251485,0.0,0.0,0.375,0.625,0.625,Reference-sensitive direction,Decreases attack logit,Moderately reference-stable,Present only with explicit reference-sensitivity caveat
CNN_TP_04,cnn,CNN,TP,21953,279646,1,DoS attacks-SlowHTTPTest,53,Pkt Size Avg,0.0,-0.8142153024673462,1.2509991649093004,1.2509991649093004,8,True,1.2509991649093006,1.4714513856408058,-0.8951137114065697,3.887156709185201,0.75,0.0625,0.1875,0.75,Reference-stable direction,Increases attack logit,Moderately reference-stable,Present only with explicit reference-sensitivity caveat
CNN_TP_04,cnn,CNN,TP,21953,279646,1,DoS attacks-SlowHTTPTest,66,Init Fwd Win Byts,26883.0,0.5590801239013672,4.002858076481064,4.002858076481064,2,True,4.002858076481063,2.709723828814304,0.2195765962360267,10.834023416735093,1.0,0.0,0.0,1.0,Reference-stable direction,Increases attack logit,Moderately reference-stable,Present only with explicit reference-sensitivity caveat
CNN_TP_04,cnn,CNN,TP,21953,279646,1,DoS attacks-SlowHTTPTest,67,Init Bwd Win Byts,0.0,-0.4095297455787658,1.657637002160085,1.657637002160085,5,True,1.6576370021600848,2.217014162310326,-0.0001856999324094,5.6915693462350685,0.5625,0.3125,0.125,0.5625,Reference-sensitive direction,Increases attack logit,Moderately reference-stable,Present only with explicit reference-sensitivity caveat
CNN_TP_04,cnn,CNN,TP,21953,279646,1,DoS attacks-SlowHTTPTest,69,Fwd Seg Size Min,40.0,1.7942849397659302,6.086317366610445,6.086317366610445,1,True,6.086317366610444,2.3180941167996463,2.594496953922316,13.593401999012904,1.0,0.0,0.0,1.0,Reference-stable direction,Increases attack logit,Moderately reference-stable,Present only with explicit reference-sensitivity caveat
CNN_TP_05,cnn,CNN,TP,36429,182234,1,DDOS attack-HOIC,7,Fwd Pkt Len Max,0.0,-0.6599207520484924,1.7876127970161917,1.7876127970161917,3,True,1.7876127970161917,2.9552549662082988,-1.2316432617522133,8.209312679595323,0.71875,0.09375,0.1875,0.71875,Moderately stable direction,Increases attack logit,Moderately reference-stable,Present only with explicit reference-sensitivity caveat
CNN_TP_05,cnn,CNN,TP,36429,182234,1,DDOS attack-HOIC,10,Fwd Pkt Len Std,0.0,-0.6824519038200378,-1.6073430691436883,1.6073430691436883,4,True,-1.6073430691436883,3.0552402747970047,-10.53925359747283,0.1633555209241315,0.125,0.5625,0.3125,0.5625,Reference-sensitive direction,Decreases attack logit,Moderately reference-stable,Present only with explicit reference-sensitivity caveat
CNN_TP_05,cnn,CNN,TP,36429,182234,1,DDOS attack-HOIC,13,Bwd Pkt Len Mean,0.0,-0.6581581234931946,0.7775573950354596,0.7775573950354596,10,True,0.7775573950354595,0.7579718110528743,-0.1977792360386656,2.30208846569858,0.71875,0.03125,0.25,0.71875,Moderately stable direction,Increases attack logit,Moderately reference-stable,Present only with explicit reference-sensitivity caveat
CNN_TP_05,cnn,CNN,TP,36429,182234,1,DDOS attack-HOIC,41,Pkt Len Mean,0.0,-0.7634954452514648,1.0938566127665823,1.0938566127665823,7,True,1.0938566127665823,0.9683323766099672,-0.0,3.073678678716341,0.8125,0.0,0.1875,0.8125,Reference-stable direction,Increases attack logit,Moderately reference-stable,Present only with explicit reference-sensitivity caveat
CNN_TP_05,cnn,CNN,TP,36429,182234,1,DDOS attack-HOIC,42,Pkt Len Std,0.0,-0.7985594868659973,1.099567012910943,1.099567012910943,6,True,1.0995670129109432,1.1380528341173262,-0.0,3.920990550976394,0.8125,0.0,0.1875,0.8125,Reference-stable direction,Increases attack logit,Moderately reference-stable,Present only with explicit reference-sensitivity caveat
CNN_TP_05,cnn,CNN,TP,36429,182234,1,DDOS attack-HOIC,47,PSH Flag Cnt,0.0,-1.0575153827667236,0.9695809779966597,0.9695809779966597,8,True,0.9695809779966594,1.039940487061671,-0.2314729468820826,3.881646532756255,0.59375,0.03125,0.375,0.59375,Reference-sensitive direction,Increases attack logit,Moderately reference-stable,Present only with explicit reference-sensitivity caveat
CNN_TP_05,cnn,CNN,TP,36429,182234,1,DDOS attack-HOIC,48,ACK Flag Cnt,1.0,1.5607398748397827,2.749788368335081,2.749788368335081,2,True,2.749788368335081,1.836011918492085,0.0,6.874430141800497,0.78125,0.0,0.21875,0.78125,Reference-stable direction,Increases attack logit,Moderately reference-stable,Present only with explicit reference-sensitivity caveat
CNN_TP_05,cnn,CNN,TP,36429,182234,1,DDOS attack-HOIC,55,Bwd Seg Size Avg,0.0,-0.6581581234931946,0.9187953826547144,0.9187953826547144,9,True,0.9187953826547144,0.8640439114406483,-0.0,2.814244716014429,0.75,0.0,0.25,0.75,Reference-stable direction,Increases attack logit,Moderately reference-stable,Present only with explicit reference-sensitivity caveat
CNN_TP_05,cnn,CNN,TP,36429,182234,1,DDOS attack-HOIC,66,Init Fwd Win Byts,32738.0,0.8427298069000244,3.463792804725819,3.463792804725819,1,True,3.463792804725819,3.1777344168022945,-1.0644322716107142,14.496861954782498,0.875,0.125,0.0,0.875,Reference-stable direction,Increases attack logit,Moderately reference-stable,Present only with explicit reference-sensitivity caveat
CNN_TP_05,cnn,CNN,TP,36429,182234,1,DDOS attack-HOIC,67,Init Bwd Win Byts,-1.0,-0.4095837473869324,1.5471112179676918,1.5471112179676918,5,True,1.5471112179676922,2.2663911873088893,-0.0,6.575699451757062,0.6875,0.0,0.3125,0.6875,Moderately stable direction,Increases attack logit,Moderately reference-stable,Present only with explicit reference-sensitivity caveat
CNN_TP_06,cnn,CNN,TP,47278,243809,1,DoS attacks-Hulk,0,Dst Port,80.0,-0.5512083768844604,0.8136888418921978,0.8136888418921978,10,True,0.8136888418921977,1.9000621186416813,-0.5288498244004285,6.260785291568589,0.40625,0.5,0.09375,0.5,Reference-sensitive direction,Increases attack logit,Moderately reference-stable,Present only with explicit reference-sensitivity caveat
CNN_TP_06,cnn,CNN,TP,47278,243809,1,DoS attacks-Hulk,7,Fwd Pkt Len Max,343.0,0.2188813537359237,1.263929627393614,1.263929627393614,6,True,1.2639296273936138,3.993119160531566,-3.0073462360935843,10.955429183052283,0.4375,0.5625,0.0,0.5625,Reference-sensitive direction,Increases attack logit,Moderately reference-stable,Present only with explicit reference-sensitivity caveat
CNN_TP_06,cnn,CNN,TP,47278,243809,1,DoS attacks-Hulk,11,Bwd Pkt Len Max,935.0,1.3816815614700315,-2.115970808329901,2.115970808329901,4,True,-2.1159708083299016,2.923801610338288,-6.806943208779651,3.813044246612408,0.25,0.75,0.0,0.75,Reference-stable direction,Decreases attack logit,Moderately reference-stable,Present only with explicit reference-sensitivity caveat
CNN_TP_06,cnn,CNN,TP,47278,243809,1,DoS attacks-Hulk,14,Bwd Pkt Len Std,467.5,1.7402350902557373,5.882156751342327,5.882156751342327,1,True,5.882156751342327,4.845511834670155,-3.1165535199068346,13.958556173197415,0.875,0.125,0.0,0.875,Reference-stable direction,Increases attack logit,Moderately reference-stable,Present only with explicit reference-sensitivity caveat
CNN_TP_06,cnn,CNN,TP,47278,243809,1,DoS attacks-Hulk,42,Pkt Len Std,335.4556603,1.2448230981826782,1.2102602667911562,1.2102602667911562,7,True,1.2102602667911562,1.3561608624258314,-0.5643394026589764,3.870332905002468,0.84375,0.15625,0.0,0.84375,Reference-stable direction,Increases attack logit,Moderately reference-stable,Present only with explicit reference-sensitivity caveat
CNN_TP_06,cnn,CNN,TP,47278,243809,1,DoS attacks-Hulk,46,RST Flag Cnt,0.0,-0.5218309164047241,-0.9141366333278534,0.9141366333278534,9,True,-0.9141366333278532,1.2689075102195515,-3.998462659440426,0.0,0.0,0.375,0.625,0.625,Reference-sensitive direction,Decreases attack logit,Moderately reference-stable,Present only with explicit reference-sensitivity caveat
CNN_TP_06,cnn,CNN,TP,47278,243809,1,DoS attacks-Hulk,48,ACK Flag Cnt,0.0,-0.6407217979431152,-0.918022522140044,0.918022522140044,8,True,-0.918022522140044,2.0406963652196404,-7.137118762434547,0.7879577033440333,0.03125,0.1875,0.78125,0.78125,Reference-stable direction,Decreases attack logit,Moderately reference-stable,Present only with explicit reference-sensitivity caveat
CNN_TP_06,cnn,CNN,TP,47278,243809,1,DoS attacks-Hulk,66,Init Fwd Win Byts,26883.0,0.5590801239013672,3.1296591185122096,3.1296591185122096,3,True,3.129659118512209,2.477958961619468,-1.2132658108026504,9.61924415422626,0.875,0.125,0.0,0.875,Reference-stable direction,Increases attack logit,Moderately reference-stable,Present only with explicit reference-sensitivity caveat
CNN_TP_06,cnn,CNN,TP,47278,243809,1,DoS attacks-Hulk,67,Init Bwd Win Byts,219.0,-0.3976983726024627,2.044703230613315,2.044703230613315,5,True,2.0447032306133144,2.8607426352891747,-0.0535303578843654,7.121777293247858,0.40625,0.59375,0.0,0.59375,Reference-sensitive direction,Increases attack logit,Moderately reference-stable,Present only with explicit reference-sensitivity caveat
CNN_TP_06,cnn,CNN,TP,47278,243809,1,DoS attacks-Hulk,69,Fwd Seg Size Min,32.0,0.9878281950950624,4.5532293885702,4.5532293885702,2,True,4.553229388570199,2.095738124106985,0.0,8.656437731027784,0.90625,0.0,0.09375,0.90625,Reference-stable direction,Increases attack logit,Moderately reference-stable,Present only with explicit reference-sensitivity caveat
CNN_TP_07,cnn,CNN,TP,55228,264866,1,DDOS attack-HOIC,0,Dst Port,80.0,-0.5512083768844604,1.2770827607996258,1.2770827607996258,7,True,1.2770827607996256,2.754111091450048,-1.1854908925484606,7.147212978265249,0.4375,0.46875,0.09375,0.46875,Reference-sensitive direction,Increases attack logit,Moderately reference-stable,Present only with explicit reference-sensitivity caveat
CNN_TP_07,cnn,CNN,TP,55228,264866,1,DDOS attack-HOIC,7,Fwd Pkt Len Max,249.0,-0.0219565518200397,2.4408468725886414,2.4408468725886414,5,True,2.440846872588642,4.3939169498128745,-2.071363318997719,11.766753552424404,0.53125,0.46875,0.0,0.53125,Reference-sensitive direction,Increases attack logit,Moderately reference-stable,Present only with explicit reference-sensitivity caveat
CNN_TP_07,cnn,CNN,TP,55228,264866,1,DDOS attack-HOIC,11,Bwd Pkt Len Max,935.0,1.3816815614700315,-3.974684460810277,3.974684460810277,2,True,-3.974684460810277,4.972167109226978,-11.102272267279428,5.323661713783216,0.25,0.75,0.0,0.75,Reference-stable direction,Decreases attack logit,Moderately reference-stable,Present only with explicit reference-sensitivity caveat
CNN_TP_07,cnn,CNN,TP,55228,264866,1,DDOS attack-HOIC,14,Bwd Pkt Len Std,467.5,1.7402350902557373,7.2883635710352355,7.2883635710352355,1,True,7.288363571035237,5.84361356431326,-3.511386760279918,16.079762045049343,0.875,0.125,0.0,0.875,Reference-stable direction,Increases attack logit,Moderately reference-stable,Present only with explicit reference-sensitivity caveat
CNN_TP_07,cnn,CNN,TP,55228,264866,1,DDOS attack-HOIC,17,Flow IAT Mean,2173.0,-0.2306968569755554,0.7584061902217131,0.7584061902217131,10,True,0.7584061902217132,2.2482239170339544,-0.0006235718558833,9.45686710100692,0.71875,0.28125,0.0,0.71875,Moderately stable direction,Increases attack logit,Moderately reference-stable,Present only with explicit reference-sensitivity caveat
CNN_TP_07,cnn,CNN,TP,55228,264866,1,DDOS attack-HOIC,24,Fwd IAT Max,11996.0,-0.3339429795742035,0.8050526543170955,0.8050526543170955,9,True,0.8050526543170955,1.6851937967583297,-0.0026915867755806,6.052193133336408,0.71875,0.28125,0.0,0.71875,Moderately stable direction,Increases attack logit,Moderately reference-stable,Present only with explicit reference-sensitivity caveat
CNN_TP_07,cnn,CNN,TP,55228,264866,1,DDOS attack-HOIC,40,Pkt Len Max,935.0,1.0068553686141968,-0.808358932724773,0.808358932724773,8,True,-0.8083589327247728,1.5515439201943309,-5.086228484227186,1.30062343415821,0.25,0.5625,0.1875,0.5625,Reference-sensitive direction,Decreases attack logit,Moderately reference-stable,Present only with explicit reference-sensitivity caveat
CNN_TP_07,cnn,CNN,TP,55228,264866,1,DDOS attack-HOIC,46,RST Flag Cnt,1.0,1.9163296222686768,3.0174812441865204,3.0174812441865204,4,True,3.0174812441865213,2.4842690077356333,0.0,6.424588517306277,0.625,0.0,0.375,0.625,Reference-sensitive direction,Increases attack logit,Moderately reference-stable,Present only with explicit reference-sensitivity caveat
CNN_TP_07,cnn,CNN,TP,55228,264866,1,DDOS attack-HOIC,51,ECE Flag Cnt,1.0,1.9163296222686768,3.582354633788702,3.582354633788702,3,True,3.582354633788702,3.54610450435167,0.0,10.989983143412,0.625,0.0,0.375,0.625,Reference-sensitive direction,Increases attack logit,Moderately reference-stable,Present only with explicit reference-sensitivity caveat
CNN_TP_07,cnn,CNN,TP,55228,264866,1,DDOS attack-HOIC,67,Init Bwd Win Byts,219.0,-0.3976983726024627,2.290221044262544,2.290221044262544,6,True,2.2902210442625432,3.3333471032168327,-0.0643357969720793,8.878400667725193,0.4375,0.5625,0.0,0.5625,Reference-sensitive direction,Increases attack logit,Moderately reference-stable,Present only with explicit reference-sensitivity caveat
CNN_TP_08,cnn,CNN,TP,59840,37799,1,DoS attacks-GoldenEye,0,Dst Port,80.0,-0.5512083768844604,1.5701435946739437,1.5701435946739437,9,True,1.5701435946739437,2.712554432118886,-0.3094273421501926,7.512560560809969,0.4375,0.46875,0.09375,0.46875,Reference-sensitive direction,Increases attack logit,Reference-robust,Eligible for direct case-level presentation
CNN_TP_08,cnn,CNN,TP,59840,37799,1,DoS attacks-GoldenEye,17,Flow IAT Mean,39229857.0,3.180171251296997,-2.10364406231266,2.10364406231266,5,True,-2.10364406231266,1.6307960076300638,-4.491306212812067,3.638133494810655,0.09375,0.90625,0.0,0.90625,Reference-stable direction,Decreases attack logit,Reference-robust,Eligible for direct case-level presentation
CNN_TP_08,cnn,CNN,TP,59840,37799,1,DoS attacks-GoldenEye,20,Flow IAT Min,39229857.0,3.341165542602539,2.5409142797662816,2.5409142797662816,3,True,2.540914279766282,1.9049266062198125,-2.591144472624052,6.836063529967327,0.90625,0.09375,0.0,0.90625,Reference-stable direction,Increases attack logit,Reference-robust,Eligible for direct case-level presentation
CNN_TP_08,cnn,CNN,TP,59840,37799,1,DoS attacks-GoldenEye,22,Fwd IAT Mean,39229857.0,2.729327917098999,1.7441568727989891,1.7441568727989891,6,True,1.744156872798989,1.379611297920574,-2.111779000600372,4.1132603078083605,0.90625,0.09375,0.0,0.90625,Reference-stable direction,Increases attack logit,Reference-robust,Eligible for direct case-level presentation
CNN_TP_08,cnn,CNN,TP,59840,37799,1,DoS attacks-GoldenEye,24,Fwd IAT Max,39229857.0,2.099280595779419,-1.4422558680306177,1.4422558680306177,10,True,-1.4422558680306174,0.8941107244849845,-3.1001640728380204,0.5793704755576026,0.125,0.875,0.0,0.875,Reference-stable direction,Decreases attack logit,Reference-robust,Eligible for direct case-level presentation
CNN_TP_08,cnn,CNN,TP,59840,37799,1,DoS attacks-GoldenEye,25,Fwd IAT Min,39229857.0,2.796037197113037,1.7424300161765216,1.7424300161765216,7,True,1.7424300161765214,0.9657394601336752,0.1265298885823055,4.114764312255427,1.0,0.0,0.0,1.0,Reference-stable direction,Increases attack logit,Reference-robust,Eligible for direct case-level presentation
CNN_TP_08,cnn,CNN,TP,59840,37799,1,DoS attacks-GoldenEye,48,ACK Flag Cnt,1.0,1.5607398748397827,2.1364357891604198,2.1364357891604198,4,True,2.1364357891604198,1.6826765912640516,0.0,6.567508061324831,0.78125,0.0,0.21875,0.78125,Reference-stable direction,Increases attack logit,Reference-robust,Eligible for direct case-level presentation
CNN_TP_08,cnn,CNN,TP,59840,37799,1,DoS attacks-GoldenEye,67,Init Bwd Win Byts,-1.0,-0.4095837473869324,1.606022397389406,1.606022397389406,8,True,1.606022397389406,2.353747563252073,-0.0024741616681771,6.639477888805675,0.5625,0.125,0.3125,0.5625,Reference-sensitive direction,Increases attack logit,Reference-robust,Eligible for direct case-level presentation
CNN_TP_08,cnn,CNN,TP,59840,37799,1,DoS attacks-GoldenEye,69,Fwd Seg Size Min,32.0,0.9878281950950624,5.701635616409104,5.701635616409104,1,True,5.701635616409104,3.8597656813395975,0.0,13.597503477325326,0.90625,0.0,0.09375,0.90625,Reference-stable direction,Increases attack logit,Reference-robust,Eligible for direct case-level presentation
CNN_TP_08,cnn,CNN,TP,59840,37799,1,DoS attacks-GoldenEye,74,Idle Mean,39229857.0,2.3995583057403564,2.685459392650052,2.685459392650052,2,True,2.685459392650052,1.56652152305829,-1.0128499486288025,6.338388882715226,0.9375,0.0625,0.0,0.9375,Reference-stable direction,Increases attack logit,Reference-robust,Eligible for direct case-level presentation
MLP_FN_01,mlp,MLP,FN,20443,75923,1,Infilteration,7,Fwd Pkt Len Max,0.0,-0.6599207520484924,2.080404151185629,2.080404151185629,1,True,2.080404151185629,3.645939737447244,-0.1158034553918614,11.017007192051912,0.71875,0.09375,0.1875,0.71875,Moderately stable direction,Increases attack logit,Reference-sensitive,Supplementary diagnostic only
MLP_FN_01,mlp,MLP,FN,20443,75923,1,Infilteration,10,Fwd Pkt Len Std,0.0,-0.6824519038200378,-0.7798633158279682,0.7798633158279682,7,True,-0.7798633158279683,1.277741698968052,-5.068534121013475,0.0,0.0,0.6875,0.3125,0.6875,Moderately stable direction,Decreases attack logit,Reference-sensitive,Supplementary diagnostic only
MLP_FN_01,mlp,MLP,FN,20443,75923,1,Infilteration,11,Bwd Pkt Len Max,0.0,-0.684525191783905,0.3735670271824745,0.3735670271824745,9,True,0.3735670271824745,0.395130421630993,-0.0,1.5708994903803917,0.75,0.0,0.25,0.75,Reference-stable direction,Increases attack logit,Reference-sensitive,Supplementary diagnostic only
MLP_FN_01,mlp,MLP,FN,20443,75923,1,Infilteration,14,Bwd Pkt Len Std,0.0,-0.6783645153045654,-1.00453388204023,1.00453388204023,2,True,-1.00453388204023,1.2805972220392654,-4.462660697156406,0.0,0.0,0.625,0.375,0.625,Reference-sensitive direction,Decreases attack logit,Reference-sensitive,Supplementary diagnostic only
MLP_FN_01,mlp,MLP,FN,20443,75923,1,Infilteration,40,Pkt Len Max,0.0,-0.7656013369560242,0.7682780024615707,0.7682780024615707,8,True,0.7682780024615707,0.977449995508973,-0.0,2.784789081410396,0.8125,0.0,0.1875,0.8125,Reference-stable direction,Increases attack logit,Reference-sensitive,Supplementary diagnostic only
MLP_FN_01,mlp,MLP,FN,20443,75923,1,Infilteration,41,Pkt Len Mean,0.0,-0.7634954452514648,0.3692379838207821,0.3692379838207821,10,True,0.369237983820782,0.5438073785348939,-0.0,2.429099011520829,0.8125,0.0,0.1875,0.8125,Reference-stable direction,Increases attack logit,Reference-sensitive,Supplementary diagnostic only
MLP_FN_01,mlp,MLP,FN,20443,75923,1,Infilteration,46,RST Flag Cnt,1.0,1.9163296222686768,0.8982708908172514,0.8982708908172514,5,True,0.8982708908172515,1.0891492675731764,0.0,3.307437377562409,0.625,0.0,0.375,0.625,Reference-sensitive direction,Increases attack logit,Reference-sensitive,Supplementary diagnostic only
MLP_FN_01,mlp,MLP,FN,20443,75923,1,Infilteration,51,ECE Flag Cnt,1.0,1.9163296222686768,0.9559510489846952,0.9559510489846952,4,True,0.9559510489846954,1.043326729224587,0.0,3.4073041364467107,0.625,0.0,0.375,0.625,Reference-sensitive direction,Increases attack logit,Reference-sensitive,Supplementary diagnostic only
MLP_FN_01,mlp,MLP,FN,20443,75923,1,Infilteration,54,Fwd Seg Size Avg,0.0,-0.7370033860206604,-0.8075404099222009,0.8075404099222009,6,True,-0.8075404099222009,1.7727559709024792,-5.016499321702582,0.385085218576765,0.3125,0.5,0.1875,0.5,Reference-sensitive direction,Decreases attack logit,Reference-sensitive,Supplementary diagnostic only
MLP_FN_01,mlp,MLP,FN,20443,75923,1,Infilteration,66,Init Fwd Win Byts,8192.0,-0.3464187979698181,0.9912436008713628,0.9912436008713628,3,True,0.9912436008713628,2.3176224019202207,-0.3260041168401987,7.313203433482954,0.3125,0.1875,0.5,0.5,Reference-sensitive direction,Increases attack logit,Reference-sensitive,Supplementary diagnostic only
MLP_FN_02,mlp,MLP,FN,27401,120018,1,Infilteration,7,Fwd Pkt Len Max,436.0,0.4571571350097656,0.420487446715546,0.420487446715546,4,True,0.4204874467155461,0.7721221075868051,-0.5752475133683606,2.2742386496367684,0.75,0.21875,0.03125,0.75,Reference-stable direction,Increases attack logit,Moderately reference-stable,Present only with explicit reference-sensitivity caveat
MLP_FN_02,mlp,MLP,FN,27401,120018,1,Infilteration,11,Bwd Pkt Len Max,788.0,1.056834101676941,-0.1914233137029001,0.1914233137029001,8,True,-0.1914233137029001,0.2981338139685802,-0.9609842381456064,0.3848208786519968,0.1875,0.8125,0.0,0.8125,Reference-stable direction,Decreases attack logit,Moderately reference-stable,Present only with explicit reference-sensitivity caveat
MLP_FN_02,mlp,MLP,FN,27401,120018,1,Infilteration,21,Fwd IAT Tot,116000000.0,3.47967529296875,0.6621602561918198,0.6621602561918198,3,True,0.6621602561918198,0.9735728744279752,-0.1207058943473293,2.820782482405632,0.6875,0.3125,0.0,0.6875,Moderately stable direction,Increases attack logit,Moderately reference-stable,Present only with explicit reference-sensitivity caveat
MLP_FN_02,mlp,MLP,FN,27401,120018,1,Infilteration,23,Fwd IAT Std,4130924.287,0.841073215007782,0.1754331659213315,0.1754331659213315,9,True,0.1754331659213314,0.4680082505247456,-2.180260633679629,0.5509916194711327,0.8125,0.1875,0.0,0.8125,Reference-stable direction,Increases attack logit,Moderately reference-stable,Present only with explicit reference-sensitivity caveat
MLP_FN_02,mlp,MLP,FN,27401,120018,1,Infilteration,26,Bwd IAT Tot,110000000.0,4.257648468017578,0.4010348690038904,0.4010348690038904,5,True,0.4010348690038904,0.7253120923899483,-0.456666375084503,3.165929695371553,0.78125,0.21875,0.0,0.78125,Reference-stable direction,Increases attack logit,Moderately reference-stable,Present only with explicit reference-sensitivity caveat
MLP_FN_02,mlp,MLP,FN,27401,120018,1,Infilteration,27,Bwd IAT Mean,8472616.923,0.955608069896698,0.1588161516397712,0.1588161516397712,10,True,0.1588161516397712,0.1739734416871515,-0.0548089280565735,0.5724348755086505,0.84375,0.15625,0.0,0.84375,Reference-stable direction,Increases attack logit,Moderately reference-stable,Present only with explicit reference-sensitivity caveat
MLP_FN_02,mlp,MLP,FN,27401,120018,1,Infilteration,46,RST Flag Cnt,1.0,1.9163296222686768,1.0948502856904945,1.0948502856904945,2,True,1.0948502856904945,1.2745528100635308,-0.0,3.968329626584447,0.625,0.0,0.375,0.625,Reference-sensitive direction,Increases attack logit,Moderately reference-stable,Present only with explicit reference-sensitivity caveat
MLP_FN_02,mlp,MLP,FN,27401,120018,1,Infilteration,51,ECE Flag Cnt,1.0,1.9163296222686768,1.110200471470048,1.110200471470048,1,True,1.110200471470048,1.3429855653199914,0.0,4.196189963284776,0.625,0.0,0.375,0.625,Reference-sensitive direction,Increases attack logit,Moderately reference-stable,Present only with explicit reference-sensitivity caveat
MLP_FN_02,mlp,MLP,FN,27401,120018,1,Infilteration,66,Init Fwd Win Byts,8192.0,-0.3464187979698181,0.3951623356313617,0.3951623356313617,6,True,0.3951623356313617,0.9997548562368652,-0.4081355581729073,3.0340379471909333,0.25,0.25,0.5,0.5,Reference-sensitive direction,Increases attack logit,Moderately reference-stable,Present only with explicit reference-sensitivity caveat
MLP_FN_02,mlp,MLP,FN,27401,120018,1,Infilteration,67,Init Bwd Win Byts,288.0,-0.3939706981182098,0.2790916012755652,0.2790916012755652,7,True,0.2790916012755652,0.5709724898604979,-0.5894839517527489,1.6557361341652157,0.5625,0.4375,0.0,0.5625,Reference-sensitive direction,Increases attack logit,Moderately reference-stable,Present only with explicit reference-sensitivity caveat
MLP_FN_03,mlp,MLP,FN,26960,19611,1,Infilteration,1,Protocol,17.0,2.216094970703125,-0.4603071215326897,0.4603071215326897,5,True,-0.4603071215326897,1.0881392567310808,-4.558016004184239,0.5447098322328814,0.40625,0.46875,0.125,0.46875,Reference-sensitive direction,Decreases attack logit,Reference-sensitive,Supplementary diagnostic only
MLP_FN_03,mlp,MLP,FN,26960,19611,1,Infilteration,7,Fwd Pkt Len Max,28.0,-0.5881818532943726,1.2277987605270733,1.2277987605270733,1,True,1.2277987605270728,2.1464734727880046,-0.1769179859901346,6.206219795982974,0.71875,0.28125,0.0,0.71875,Moderately stable direction,Increases attack logit,Reference-sensitive,Supplementary diagnostic only
MLP_FN_03,mlp,MLP,FN,26960,19611,1,Infilteration,11,Bwd Pkt Len Max,60.0,-0.5519343614578247,0.3007485826655204,0.3007485826655204,9,True,0.3007485826655204,0.5344826429969056,-0.1903600146501291,2.2973974175933893,0.6875,0.28125,0.03125,0.6875,Moderately stable direction,Increases attack logit,Reference-sensitive,Supplementary diagnostic only
MLP_FN_03,mlp,MLP,FN,26960,19611,1,Infilteration,12,Bwd Pkt Len Min,60.0,1.0641170740127563,0.7255999463212206,0.7255999463212206,2,True,0.7255999463212206,0.6461808696962185,-0.0,2.7722357809925846,0.96875,0.0,0.03125,0.96875,Reference-stable direction,Increases attack logit,Reference-sensitive,Supplementary diagnostic only
MLP_FN_03,mlp,MLP,FN,26960,19611,1,Infilteration,14,Bwd Pkt Len Std,0.0,-0.6783645153045654,-0.3498045634960889,0.3498045634960889,7,True,-0.3498045634960889,0.455795179729941,-1.16471625664182,0.2551523428844593,0.125,0.5,0.375,0.5,Reference-sensitive direction,Decreases attack logit,Reference-sensitive,Supplementary diagnostic only
MLP_FN_03,mlp,MLP,FN,26960,19611,1,Infilteration,19,Flow IAT Max,345.0,-0.3446675539016723,0.2821702370168698,0.2821702370168698,10,True,0.2821702370168698,0.6708959761513575,-0.0034714522089607,3.1013284322900265,0.71875,0.28125,0.0,0.71875,Moderately stable direction,Increases attack logit,Reference-sensitive,Supplementary diagnostic only
MLP_FN_03,mlp,MLP,FN,26960,19611,1,Infilteration,40,Pkt Len Max,60.0,-0.6518608331680298,0.4586467493059155,0.4586467493059155,6,True,0.4586467493059155,0.6882394920282565,-0.1254125964768743,2.3574499043745774,0.71875,0.25,0.03125,0.71875,Moderately stable direction,Increases attack logit,Reference-sensitive,Supplementary diagnostic only
MLP_FN_03,mlp,MLP,FN,26960,19611,1,Infilteration,47,PSH Flag Cnt,0.0,-1.0575153827667236,0.7248875412908605,0.7248875412908605,3,True,0.7248875412908604,0.7668898893489727,-0.0,2.4047153822516694,0.625,0.0,0.375,0.625,Reference-sensitive direction,Increases attack logit,Reference-sensitive,Supplementary diagnostic only
MLP_FN_03,mlp,MLP,FN,26960,19611,1,Infilteration,51,ECE Flag Cnt,0.0,-0.5218309164047241,-0.3220249521013469,0.3220249521013469,8,True,-0.3220249521013469,0.5429244010380839,-1.6057171758346236,0.0,0.0,0.375,0.625,0.625,Reference-sensitive direction,Decreases attack logit,Reference-sensitive,Supplementary diagnostic only
MLP_FN_03,mlp,MLP,FN,26960,19611,1,Infilteration,66,Init Fwd Win Byts,-1.0,-0.7433345913887024,0.5874175838108934,0.5874175838108934,4,True,0.5874175838108934,1.1853568675053354,-0.202824194312685,3.4617834728786763,0.53125,0.3125,0.15625,0.53125,Reference-sensitive direction,Increases attack logit,Reference-sensitive,Supplementary diagnostic only
MLP_FN_04,mlp,MLP,FN,32323,145644,1,Infilteration,1,Protocol,17.0,2.216094970703125,-0.351330281154706,0.351330281154706,7,True,-0.3513302811547061,0.9629589609510324,-3.340191306316002,0.8713126326955467,0.40625,0.46875,0.125,0.46875,Reference-sensitive direction,Decreases attack logit,Reference-sensitive,Supplementary diagnostic only
MLP_FN_04,mlp,MLP,FN,32323,145644,1,Infilteration,7,Fwd Pkt Len Max,39.0,-0.5599986910820007,1.2609361952540636,1.2609361952540636,1,True,1.2609361952540636,2.285150076804763,-0.2276742420400634,6.313018891623006,0.625,0.375,0.0,0.625,Reference-sensitive direction,Increases attack logit,Reference-sensitive,Supplementary diagnostic only
MLP_FN_04,mlp,MLP,FN,32323,145644,1,Infilteration,11,Bwd Pkt Len Max,76.0,-0.5165768265724182,0.2570912769064724,0.2570912769064724,10,True,0.2570912769064725,0.4916134354436965,-0.2281769795622874,2.147275879236273,0.625,0.375,0.0,0.625,Reference-sensitive direction,Increases attack logit,Reference-sensitive,Supplementary diagnostic only
MLP_FN_04,mlp,MLP,FN,32323,145644,1,Infilteration,12,Bwd Pkt Len Min,76.0,1.448867917060852,0.7649400156866906,0.7649400156866906,2,True,0.7649400156866906,0.6830400046477769,-0.02359488232495,2.3753871090947327,0.9375,0.0625,0.0,0.9375,Reference-stable direction,Increases attack logit,Reference-sensitive,Supplementary diagnostic only
MLP_FN_04,mlp,MLP,FN,32323,145644,1,Infilteration,14,Bwd Pkt Len Std,0.0,-0.6783645153045654,-0.3810913925914411,0.3810913925914411,6,True,-0.3810913925914411,0.5143506328917009,-1.5104758410613706,0.2693469085969306,0.125,0.5,0.375,0.5,Reference-sensitive direction,Decreases attack logit,Reference-sensitive,Supplementary diagnostic only
MLP_FN_04,mlp,MLP,FN,32323,145644,1,Infilteration,19,Flow IAT Max,1175.0,-0.3446162939071655,0.2808625959003686,0.2808625959003686,9,True,0.2808625959003685,0.6826716087078487,-0.0028164006335832,3.1980611011329336,0.625,0.375,0.0,0.625,Reference-sensitive direction,Increases attack logit,Reference-sensitive,Supplementary diagnostic only
MLP_FN_04,mlp,MLP,FN,32323,145644,1,Infilteration,40,Pkt Len Max,76.0,-0.6215299963951111,0.4601923921596736,0.4601923921596736,5,True,0.4601923921596735,0.7492778505606379,-0.1661687912257979,2.69123518366511,0.6875,0.3125,0.0,0.6875,Moderately stable direction,Increases attack logit,Reference-sensitive,Supplementary diagnostic only
MLP_FN_04,mlp,MLP,FN,32323,145644,1,Infilteration,47,PSH Flag Cnt,0.0,-1.0575153827667236,0.6817740402880822,0.6817740402880822,3,True,0.6817740402880822,0.7345727567741652,-0.0,2.367739621753899,0.625,0.0,0.375,0.625,Reference-sensitive direction,Increases attack logit,Reference-sensitive,Supplementary diagnostic only
MLP_FN_04,mlp,MLP,FN,32323,145644,1,Infilteration,51,ECE Flag Cnt,0.0,-0.5218309164047241,-0.3116686508145224,0.3116686508145224,8,True,-0.3116686508145224,0.5509342367152642,-1.7218558238956605,0.0047843069914703,0.03125,0.34375,0.625,0.625,Reference-sensitive direction,Decreases attack logit,Reference-sensitive,Supplementary diagnostic only
MLP_FN_04,mlp,MLP,FN,32323,145644,1,Infilteration,66,Init Fwd Win Byts,-1.0,-0.7433345913887024,0.6015481570640803,0.6015481570640803,4,True,0.6015481570640803,1.2634200987664457,-0.2198673903601415,3.797413124460488,0.5,0.34375,0.15625,0.5,Reference-sensitive direction,Increases attack logit,Reference-sensitive,Supplementary diagnostic only
MLP_FN_05,mlp,MLP,FN,14694,34990,1,Infilteration,1,Protocol,0.0,-1.8502622842788696,0.4685280842954518,0.4685280842954518,4,True,0.4685280842954518,0.4939438749761911,-0.1117553463398045,1.4965134702586214,0.8125,0.15625,0.03125,0.8125,Reference-stable direction,Increases attack logit,Reference-sensitive,Supplementary diagnostic only
MLP_FN_05,mlp,MLP,FN,14694,34990,1,Infilteration,7,Fwd Pkt Len Max,0.0,-0.6599207520484924,0.7970899160607536,0.7970899160607536,1,True,0.7970899160607536,1.3019179035084765,-0.1742803237164224,3.9292414873399153,0.75,0.0625,0.1875,0.75,Reference-stable direction,Increases attack logit,Reference-sensitive,Supplementary diagnostic only
MLP_FN_05,mlp,MLP,FN,14694,34990,1,Infilteration,11,Bwd Pkt Len Max,0.0,-0.684525191783905,0.2471346736171047,0.2471346736171047,9,True,0.2471346736171047,0.4377554112513301,-0.0593352468787524,2.064909584907081,0.65625,0.09375,0.25,0.65625,Moderately stable direction,Increases attack logit,Reference-sensitive,Supplementary diagnostic only
MLP_FN_05,mlp,MLP,FN,14694,34990,1,Infilteration,40,Pkt Len Max,0.0,-0.7656013369560242,0.4376787987717822,0.4376787987717822,6,True,0.4376787987717822,0.518440643245963,-0.0,1.5253556184339208,0.8125,0.0,0.1875,0.8125,Reference-stable direction,Increases attack logit,Reference-sensitive,Supplementary diagnostic only
MLP_FN_05,mlp,MLP,FN,14694,34990,1,Infilteration,46,RST Flag Cnt,0.0,-0.5218309164047241,-0.3560477018292081,0.3560477018292081,7,True,-0.3560477018292081,0.537496929778844,-1.5982872421253325,0.0,0.0,0.375,0.625,0.625,Reference-sensitive direction,Decreases attack logit,Reference-sensitive,Supplementary diagnostic only
MLP_FN_05,mlp,MLP,FN,14694,34990,1,Infilteration,47,PSH Flag Cnt,0.0,-1.0575153827667236,0.6899442903443761,0.6899442903443761,2,True,0.689944290344376,0.7033031894087945,-0.0,2.467815531829171,0.625,0.0,0.375,0.625,Reference-sensitive direction,Increases attack logit,Reference-sensitive,Supplementary diagnostic only
MLP_FN_05,mlp,MLP,FN,14694,34990,1,Infilteration,51,ECE Flag Cnt,0.0,-0.5218309164047241,-0.2848112888483435,0.2848112888483435,8,True,-0.2848112888483435,0.397836414670528,-1.1263021821993435,0.0,0.0,0.375,0.625,0.625,Reference-sensitive direction,Decreases attack logit,Reference-sensitive,Supplementary diagnostic only
MLP_FN_05,mlp,MLP,FN,14694,34990,1,Infilteration,52,Down/Up Ratio,1.0,0.5059916377067566,0.2327753028364969,0.2327753028364969,10,True,0.2327753028364969,0.2577876044830154,-0.1917175482734502,0.8266329353486483,0.625,0.03125,0.34375,0.625,Reference-sensitive direction,Increases attack logit,Reference-sensitive,Supplementary diagnostic only
MLP_FN_05,mlp,MLP,FN,14694,34990,1,Infilteration,66,Init Fwd Win Byts,-1.0,-0.7433345913887024,0.4561325067654336,0.4561325067654336,5,True,0.4561325067654337,0.7918944488495444,-0.0,2.416397200832319,0.84375,0.0,0.15625,0.84375,Reference-stable direction,Increases attack logit,Reference-sensitive,Supplementary diagnostic only
MLP_FN_05,mlp,MLP,FN,14694,34990,1,Infilteration,69,Fwd Seg Size Min,0.0,-2.2379987239837646,0.4711398950611578,0.4711398950611578,3,True,0.4711398950611577,0.9585767717587852,-1.206204427932323,3.552561323376624,0.6875,0.28125,0.03125,0.6875,Moderately stable direction,Increases attack logit,Reference-sensitive,Supplementary diagnostic only
MLP_FN_06,mlp,MLP,FN,31303,237610,1,Infilteration,0,Dst Port,3389.0,-0.3866970837116241,0.4841990966731652,0.4841990966731652,2,True,0.4841990966731652,1.1383431642015152,-0.3900088338525768,3.2807809429304418,0.3125,0.5,0.1875,0.5,Reference-sensitive direction,Increases attack logit,Reference-sensitive,Supplementary diagnostic only
MLP_FN_06,mlp,MLP,FN,31303,237610,1,Infilteration,2,Flow Duration,6793601.0,-0.1523185670375824,0.224574586591272,0.224574586591272,8,True,0.224574586591272,0.7521814549102448,-0.1748044400218027,3.538175097817612,0.21875,0.78125,0.0,0.78125,Reference-stable direction,Increases attack logit,Reference-sensitive,Supplementary diagnostic only
MLP_FN_06,mlp,MLP,FN,31303,237610,1,Infilteration,9,Fwd Pkt Len Mean,143.5,0.9192044734954834,0.1901131031435308,0.1901131031435308,10,True,0.1901131031435308,0.3977307323636376,-0.4082321612522582,1.1579693986522612,0.59375,0.40625,0.0,0.59375,Reference-sensitive direction,Increases attack logit,Reference-sensitive,Supplementary diagnostic only
MLP_FN_06,mlp,MLP,FN,31303,237610,1,Infilteration,19,Flow IAT Max,4299159.0,-0.0790708363056182,0.2404430821868756,0.2404430821868756,7,True,0.2404430821868756,0.7831796839837254,-0.1697173719617788,3.008367343993413,0.34375,0.65625,0.0,0.65625,Moderately stable direction,Increases attack logit,Reference-sensitive,Supplementary diagnostic only
MLP_FN_06,mlp,MLP,FN,31303,237610,1,Infilteration,20,Flow IAT Min,4.0,-0.1787602305412292,0.2693364620976979,0.2693364620976979,6,True,0.2693364620976977,0.986305975983484,-8.868852961600207e-08,4.591670677329654,0.6875,0.25,0.0625,0.6875,Moderately stable direction,Increases attack logit,Reference-sensitive,Supplementary diagnostic only
MLP_FN_06,mlp,MLP,FN,31303,237610,1,Infilteration,24,Fwd IAT Max,4458679.0,-0.0580540485680103,0.2178830473864766,0.2178830473864766,9,True,0.2178830473864766,0.6448813954072419,-0.0736588523193816,2.627850876322182,0.4375,0.5625,0.0,0.5625,Reference-sensitive direction,Increases attack logit,Reference-sensitive,Supplementary diagnostic only
MLP_FN_06,mlp,MLP,FN,31303,237610,1,Infilteration,47,PSH Flag Cnt,1.0,0.9456127285957336,-0.2721052145156396,0.2721052145156396,5,True,-0.2721052145156397,0.4710356971208774,-1.998983007598535,-0.0,0.0,0.375,0.625,0.625,Reference-sensitive direction,Decreases attack logit,Reference-sensitive,Supplementary diagnostic only
MLP_FN_06,mlp,MLP,FN,31303,237610,1,Infilteration,66,Init Fwd Win Byts,8192.0,-0.3464187979698181,0.4358825177023193,0.4358825177023193,3,True,0.4358825177023193,1.0218200270344315,-0.2894004441267861,3.0189843544870447,0.4375,0.0625,0.5,0.5,Reference-sensitive direction,Increases attack logit,Reference-sensitive,Supplementary diagnostic only
MLP_FN_06,mlp,MLP,FN,31303,237610,1,Infilteration,67,Init Bwd Win Byts,62852.0,2.986013889312744,1.7972476151177412,1.7972476151177412,1,True,1.7972476151177412,1.920188425005066,-0.1947553458612778,6.592005933606907,0.9375,0.03125,0.03125,0.9375,Reference-stable direction,Increases attack logit,Reference-sensitive,Supplementary diagnostic only
MLP_FN_06,mlp,MLP,FN,31303,237610,1,Infilteration,74,Idle Mean,0.0,-0.2948399186134338,-0.3118936016955692,0.3118936016955692,4,True,-0.3118936016955693,0.9097007394305704,-4.058535166088983,0.0,0.0,0.25,0.75,0.75,Reference-stable direction,Decreases attack logit,Reference-sensitive,Supplementary diagnostic only
MLP_FN_07,mlp,MLP,FN,6668,76449,1,Infilteration,0,Dst Port,52625.0,2.061135053634644,0.4427404726777023,0.4427404726777023,4,True,0.4427404726777024,0.7665352047844023,-0.5165175047526972,2.625640405756635,0.71875,0.28125,0.0,0.71875,Moderately stable direction,Increases attack logit,Reference-sensitive,Supplementary diagnostic only
MLP_FN_07,mlp,MLP,FN,6668,76449,1,Infilteration,7,Fwd Pkt Len Max,31.0,-0.5804955363273621,1.011595899713929,1.011595899713929,1,True,1.0115958997139292,1.519509261781122,-0.1718168549478311,4.46197081287019,0.71875,0.25,0.03125,0.71875,Moderately stable direction,Increases attack logit,Reference-sensitive,Supplementary diagnostic only
MLP_FN_07,mlp,MLP,FN,6668,76449,1,Infilteration,10,Fwd Pkt Len Std,17.89785834,-0.5658194422721863,0.360923774769225,0.360923774769225,7,True,0.360923774769225,1.2586638985897731,-3.804094945287547,3.1438349078884564,0.53125,0.4375,0.03125,0.53125,Reference-sensitive direction,Increases attack logit,Reference-sensitive,Supplementary diagnostic only
MLP_FN_07,mlp,MLP,FN,6668,76449,1,Infilteration,11,Bwd Pkt Len Max,0.0,-0.684525191783905,0.2866335082321836,0.2866335082321836,9,True,0.2866335082321836,0.7841162402341834,-0.3702965982156456,4.020789154301907,0.625,0.125,0.25,0.625,Reference-sensitive direction,Increases attack logit,Reference-sensitive,Supplementary diagnostic only
MLP_FN_07,mlp,MLP,FN,6668,76449,1,Infilteration,14,Bwd Pkt Len Std,0.0,-0.6783645153045654,-0.3040662455361682,0.3040662455361682,8,True,-0.3040662455361682,0.593569312545048,-2.8568575149758204,0.3101182588104322,0.125,0.5,0.375,0.5,Reference-sensitive direction,Decreases attack logit,Reference-sensitive,Supplementary diagnostic only
MLP_FN_07,mlp,MLP,FN,6668,76449,1,Infilteration,40,Pkt Len Max,31.0,-0.7068353891372681,0.580840079868705,0.580840079868705,3,True,0.580840079868705,0.6347658518028132,-0.0864959567483712,1.995065309420468,0.875,0.09375,0.03125,0.875,Reference-stable direction,Increases attack logit,Reference-sensitive,Supplementary diagnostic only
MLP_FN_07,mlp,MLP,FN,6668,76449,1,Infilteration,41,Pkt Len Mean,6.2,-0.702928364276886,0.4003317334696068,0.4003317334696068,6,True,0.4003317334696068,0.6884050445340807,-0.0911480148522071,3.4765846294939178,0.75,0.25,0.0,0.75,Reference-stable direction,Increases attack logit,Reference-sensitive,Supplementary diagnostic only
MLP_FN_07,mlp,MLP,FN,6668,76449,1,Infilteration,46,RST Flag Cnt,0.0,-0.5218309164047241,-0.4303692847843416,0.4303692847843416,5,True,-0.4303692847843416,0.9068684070024264,-4.455077736012901,0.0,0.0,0.375,0.625,0.625,Reference-sensitive direction,Decreases attack logit,Reference-sensitive,Supplementary diagnostic only
MLP_FN_07,mlp,MLP,FN,6668,76449,1,Infilteration,47,PSH Flag Cnt,0.0,-1.0575153827667236,0.6452670119377002,0.6452670119377002,2,True,0.6452670119377002,0.7826064410059959,-0.8430069051786613,2.3784702902042416,0.59375,0.03125,0.375,0.59375,Reference-sensitive direction,Increases attack logit,Reference-sensitive,Supplementary diagnostic only
MLP_FN_07,mlp,MLP,FN,6668,76449,1,Infilteration,51,ECE Flag Cnt,0.0,-0.5218309164047241,-0.2454446027868104,0.2454446027868104,10,True,-0.2454446027868104,0.3632210233097479,-1.0988517779108733,0.0,0.0,0.375,0.625,0.625,Reference-sensitive direction,Decreases attack logit,Reference-sensitive,Supplementary diagnostic only
MLP_FN_08,mlp,MLP,FN,34297,224624,1,Infilteration,7,Fwd Pkt Len Max,0.0,-0.6599207520484924,1.619908825343841,1.619908825343841,1,True,1.619908825343841,2.240700574394797,-0.0,7.919313455164582,0.8125,0.0,0.1875,0.8125,Reference-stable direction,Increases attack logit,Moderately reference-stable,Present only with explicit reference-sensitivity caveat
MLP_FN_08,mlp,MLP,FN,34297,224624,1,Infilteration,14,Bwd Pkt Len Std,0.0,-0.6783645153045654,-0.795945728713437,0.795945728713437,3,True,-0.7959457287134368,1.4735689351719454,-8.160408312984016,0.0,0.0,0.625,0.375,0.625,Reference-sensitive direction,Decreases attack logit,Moderately reference-stable,Present only with explicit reference-sensitivity caveat
MLP_FN_08,mlp,MLP,FN,34297,224624,1,Infilteration,20,Flow IAT Min,23.0,-0.1787585318088531,0.3723194888053843,0.3723194888053843,10,True,0.3723194888053844,1.2625973878166998,-1.993434840530384e-06,5.85552640851569,0.4375,0.5625,0.0,0.5625,Reference-sensitive direction,Increases attack logit,Moderately reference-stable,Present only with explicit reference-sensitivity caveat
MLP_FN_08,mlp,MLP,FN,34297,224624,1,Infilteration,40,Pkt Len Max,0.0,-0.7656013369560242,0.7885006076194719,0.7885006076194719,4,True,0.788500607619472,0.8026247488616742,-0.0,2.5861569573970438,0.8125,0.0,0.1875,0.8125,Reference-stable direction,Increases attack logit,Moderately reference-stable,Present only with explicit reference-sensitivity caveat
MLP_FN_08,mlp,MLP,FN,34297,224624,1,Infilteration,41,Pkt Len Mean,0.0,-0.7634954452514648,0.5931461840609794,0.5931461840609794,7,True,0.5931461840609793,0.813956523022708,-0.0,4.059903488929037,0.8125,0.0,0.1875,0.8125,Reference-stable direction,Increases attack logit,Moderately reference-stable,Present only with explicit reference-sensitivity caveat
MLP_FN_08,mlp,MLP,FN,34297,224624,1,Infilteration,46,RST Flag Cnt,0.0,-0.5218309164047241,-0.5512065884603867,0.5512065884603867,8,True,-0.5512065884603867,1.0203700392383803,-4.1077879254645655,0.0793151239882579,0.0625,0.3125,0.625,0.625,Reference-sensitive direction,Decreases attack logit,Moderately reference-stable,Present only with explicit reference-sensitivity caveat
MLP_FN_08,mlp,MLP,FN,34297,224624,1,Infilteration,47,PSH Flag Cnt,1.0,0.9456127285957336,-0.6235537986331547,0.6235537986331547,6,True,-0.6235537986331547,0.8614975837736608,-2.856986557934791,-0.0,0.0,0.375,0.625,0.625,Reference-sensitive direction,Decreases attack logit,Moderately reference-stable,Present only with explicit reference-sensitivity caveat
MLP_FN_08,mlp,MLP,FN,34297,224624,1,Infilteration,51,ECE Flag Cnt,0.0,-0.5218309164047241,-0.6585429636354698,0.6585429636354698,5,True,-0.6585429636354698,1.1380757142473574,-5.538316718952808,0.0,0.0,0.375,0.625,0.625,Reference-sensitive direction,Decreases attack logit,Moderately reference-stable,Present only with explicit reference-sensitivity caveat
MLP_FN_08,mlp,MLP,FN,34297,224624,1,Infilteration,54,Fwd Seg Size Avg,0.0,-0.7370033860206604,-0.3819863956790171,0.3819863956790171,9,True,-0.3819863956790171,0.8275247679198315,-4.542023270974502,0.0077026406308146,0.03125,0.78125,0.1875,0.78125,Reference-stable direction,Decreases attack logit,Moderately reference-stable,Present only with explicit reference-sensitivity caveat
MLP_FN_08,mlp,MLP,FN,34297,224624,1,Infilteration,66,Init Fwd Win Byts,65535.0,2.431604146957397,-1.404898485966459,1.404898485966459,2,True,-1.404898485966459,1.9181841522569532,-3.6832548068169593,7.071074235826634,0.0625,0.8125,0.125,0.8125,Reference-stable direction,Decreases attack logit,Moderately reference-stable,Present only with explicit reference-sensitivity caveat
MLP_FP_01,mlp,MLP,FP,49283,51450,0,Benign,7,Fwd Pkt Len Max,0.0,-0.6599207520484924,1.3975821925827676,1.3975821925827676,3,True,1.3975821925827678,2.334263857298534,-0.1462841521361168,6.551437246278852,0.75,0.0625,0.1875,0.75,Reference-stable direction,Increases attack logit,Moderately reference-stable,Present only with explicit reference-sensitivity caveat
MLP_FP_01,mlp,MLP,FP,49283,51450,0,Benign,11,Bwd Pkt Len Max,0.0,-0.684525191783905,0.7087119674811483,0.7087119674811483,6,True,0.7087119674811483,0.8493742094998665,-0.0,2.803752197427397,0.75,0.0,0.25,0.75,Reference-stable direction,Increases attack logit,Moderately reference-stable,Present only with explicit reference-sensitivity caveat
MLP_FP_01,mlp,MLP,FP,49283,51450,0,Benign,14,Bwd Pkt Len Std,0.0,-0.6783645153045654,-0.97889082631877,0.97889082631877,4,True,-0.97889082631877,0.9313560698146294,-2.5703361542707963,0.0,0.0,0.625,0.375,0.625,Reference-sensitive direction,Decreases attack logit,Moderately reference-stable,Present only with explicit reference-sensitivity caveat
MLP_FP_01,mlp,MLP,FP,49283,51450,0,Benign,40,Pkt Len Max,0.0,-0.7656013369560242,0.5324098790660988,0.5324098790660988,9,True,0.5324098790660989,0.6199398519855592,-0.0029123800587698,1.9802757466552123,0.75,0.0625,0.1875,0.75,Reference-stable direction,Increases attack logit,Moderately reference-stable,Present only with explicit reference-sensitivity caveat
MLP_FP_01,mlp,MLP,FP,49283,51450,0,Benign,41,Pkt Len Mean,0.0,-0.7634954452514648,0.7215566837970604,0.7215566837970604,5,True,0.7215566837970603,0.7441243140997795,-0.0,2.608338887846598,0.8125,0.0,0.1875,0.8125,Reference-stable direction,Increases attack logit,Moderately reference-stable,Present only with explicit reference-sensitivity caveat
MLP_FP_01,mlp,MLP,FP,49283,51450,0,Benign,51,ECE Flag Cnt,0.0,-0.5218309164047241,-0.5779443113756803,0.5779443113756803,8,True,-0.5779443113756804,0.8434117243234686,-2.443259437956038,0.0,0.0,0.375,0.625,0.625,Reference-sensitive direction,Decreases attack logit,Moderately reference-stable,Present only with explicit reference-sensitivity caveat
MLP_FP_01,mlp,MLP,FP,49283,51450,0,Benign,52,Down/Up Ratio,3.0,2.62729287147522,1.756521385506369,1.756521385506369,1,True,1.756521385506369,0.6504863466139316,0.7439361857255069,3.0375263395229366,1.0,0.0,0.0,1.0,Reference-stable direction,Increases attack logit,Moderately reference-stable,Present only with explicit reference-sensitivity caveat
MLP_FP_01,mlp,MLP,FP,49283,51450,0,Benign,54,Fwd Seg Size Avg,0.0,-0.7370033860206604,-0.6449174194239393,0.6449174194239393,7,True,-0.6449174194239393,0.9539281876967636,-2.8618818709071934,0.1271238278822948,0.0625,0.75,0.1875,0.75,Reference-stable direction,Decreases attack logit,Moderately reference-stable,Present only with explicit reference-sensitivity caveat
MLP_FP_01,mlp,MLP,FP,49283,51450,0,Benign,66,Init Fwd Win Byts,1024.0,-0.6936777234077454,1.541215152841637,1.541215152841637,2,True,1.5412151528416365,2.8680487964069763,-0.0794677441544885,9.178238086825475,0.65625,0.34375,0.0,0.65625,Moderately stable direction,Increases attack logit,Moderately reference-stable,Present only with explicit reference-sensitivity caveat
MLP_FP_01,mlp,MLP,FP,49283,51450,0,Benign,69,Fwd Seg Size Min,24.0,0.1813714355230331,0.4960433703040416,0.4960433703040416,10,True,0.4960433703040415,0.5654672065262499,-0.1781403669957936,1.8808853962450856,0.9375,0.0625,0.0,0.9375,Reference-stable direction,Increases attack logit,Moderately reference-stable,Present only with explicit reference-sensitivity caveat
MLP_FP_02,mlp,MLP,FP,28221,105418,0,Benign,7,Fwd Pkt Len Max,168.0,-0.2294870764017105,2.2136259585818534,2.2136259585818534,1,True,2.2136259585818534,4.401770748677354,-0.4517552781276095,12.987552424998071,0.4375,0.5625,0.0,0.5625,Reference-sensitive direction,Increases attack logit,Reference-sensitive,Supplementary diagnostic only
MLP_FP_02,mlp,MLP,FP,28221,105418,0,Benign,10,Fwd Pkt Len Std,84.0,-0.1350609809160232,-1.058846760890621,1.058846760890621,4,True,-1.058846760890621,2.1647151564845726,-6.0463866882370265,0.6875849760119559,0.53125,0.46875,0.0,0.53125,Reference-sensitive direction,Decreases attack logit,Reference-sensitive,Supplementary diagnostic only
MLP_FP_02,mlp,MLP,FP,28221,105418,0,Benign,14,Bwd Pkt Len Std,94.0452018978,-0.1918240040540695,-0.6738690659806128,0.6738690659806128,9,True,-0.6738690659806128,1.107251516474388,-3.611550477059208,0.5128816186085544,0.46875,0.53125,0.0,0.53125,Reference-sensitive direction,Decreases attack logit,Reference-sensitive,Supplementary diagnostic only
MLP_FP_02,mlp,MLP,FP,28221,105418,0,Benign,27,Bwd IAT Mean,6006423.0,0.6307868957519531,0.5687518353714459,0.5687518353714459,10,True,0.568751835371446,0.7427391603591307,-0.1856395316780386,2.165842620905102,0.96875,0.03125,0.0,0.96875,Reference-stable direction,Increases attack logit,Reference-sensitive,Supplementary diagnostic only
MLP_FP_02,mlp,MLP,FP,28221,105418,0,Benign,40,Pkt Len Max,168.0,-0.4471278488636017,0.7431901420022,0.7431901420022,8,True,0.7431901420021998,1.0621837045572782,-0.2927450336558759,2.957448441887921,0.59375,0.40625,0.0,0.59375,Reference-sensitive direction,Increases attack logit,Reference-sensitive,Supplementary diagnostic only
MLP_FP_02,mlp,MLP,FP,28221,105418,0,Benign,46,RST Flag Cnt,1.0,1.9163296222686768,0.8158891659331374,0.8158891659331374,7,True,0.8158891659331373,1.1034541263151016,-0.1976479892291434,3.3081748047963684,0.5625,0.0625,0.375,0.5625,Reference-sensitive direction,Increases attack logit,Reference-sensitive,Supplementary diagnostic only
MLP_FP_02,mlp,MLP,FP,28221,105418,0,Benign,51,ECE Flag Cnt,1.0,1.9163296222686768,1.1547203818650835,1.1547203818650835,2,True,1.1547203818650835,1.1611865198158686,0.0,3.542101181440536,0.625,0.0,0.375,0.625,Reference-sensitive direction,Increases attack logit,Reference-sensitive,Supplementary diagnostic only
MLP_FP_02,mlp,MLP,FP,28221,105418,0,Benign,54,Fwd Seg Size Avg,42.0,-0.252259612083435,-0.9713319332284958,0.9713319332284958,6,True,-0.9713319332284958,2.167397802388842,-6.26047629218719,0.403524285012473,0.40625,0.59375,0.0,0.59375,Reference-sensitive direction,Decreases attack logit,Reference-sensitive,Supplementary diagnostic only
MLP_FP_02,mlp,MLP,FP,28221,105418,0,Benign,66,Init Fwd Win Byts,8192.0,-0.3464187979698181,1.0520798469129464,1.0520798469129464,5,True,1.0520798469129464,2.208823019996436,-0.3074112051317398,6.888735755836912,0.4375,0.0625,0.5,0.5,Reference-sensitive direction,Increases attack logit,Reference-sensitive,Supplementary diagnostic only
MLP_FP_02,mlp,MLP,FP,28221,105418,0,Benign,67,Init Bwd Win Byts,2240.0,-0.2885150015354156,1.0698971553069132,1.0698971553069132,3,True,1.0698971553069132,2.054541807007741,-0.6304555352039066,6.129095502182207,0.375,0.625,0.0,0.625,Reference-sensitive direction,Increases attack logit,Reference-sensitive,Supplementary diagnostic only
MLP_FP_03,mlp,MLP,FP,4667,25012,0,Benign,7,Fwd Pkt Len Max,0.0,-0.6599207520484924,0.1781320548365736,0.1781320548365736,3,True,0.1781320548365736,0.3236364253969964,-0.0583291739377368,0.9567187266775068,0.71875,0.09375,0.1875,0.71875,Moderately stable direction,Increases attack logit,Moderately reference-stable,Present only with explicit reference-sensitivity caveat
MLP_FP_03,mlp,MLP,FP,4667,25012,0,Benign,14,Bwd Pkt Len Std,0.0,-0.6783645153045654,-0.0598052193384742,0.0598052193384742,6,True,-0.0598052193384742,0.0706400561297549,-0.2272293809560953,0.0,0.0,0.625,0.375,0.625,Reference-sensitive direction,Decreases attack logit,Moderately reference-stable,Present only with explicit reference-sensitivity caveat
MLP_FP_03,mlp,MLP,FP,4667,25012,0,Benign,17,Flow IAT Mean,804307.0,-0.1609508842229843,0.0491371122999888,0.0491371122999888,9,True,0.0491371122999888,0.1735512881115353,-0.0052039882252322,0.8111446102416807,0.21875,0.78125,0.0,0.78125,Reference-stable direction,Increases attack logit,Moderately reference-stable,Present only with explicit reference-sensitivity caveat
MLP_FP_03,mlp,MLP,FP,4667,25012,0,Benign,31,Fwd PSH Flags,1.0,5.396814346313477,0.1243110102965124,0.1243110102965124,4,True,0.1243110102965124,0.227638638361687,-0.1310267149661858,0.8062730751642403,0.6875,0.28125,0.03125,0.6875,Moderately stable direction,Increases attack logit,Moderately reference-stable,Present only with explicit reference-sensitivity caveat
MLP_FP_03,mlp,MLP,FP,4667,25012,0,Benign,33,Fwd URG Flags,1.0,43.02157211303711,3.0724237675665305,3.0724237675665305,1,True,3.07242376756653,1.742709395418972,1.0850591658048605,6.400953244700315,1.0,0.0,0.0,1.0,Reference-stable direction,Increases attack logit,Moderately reference-stable,Present only with explicit reference-sensitivity caveat
MLP_FP_03,mlp,MLP,FP,4667,25012,0,Benign,45,SYN Flag Cnt,1.0,5.396814346313477,0.0517179114750777,0.0517179114750777,8,True,0.0517179114750777,0.0878547910693264,-0.0436772724434819,0.304570847264953,0.5625,0.40625,0.03125,0.5625,Reference-sensitive direction,Increases attack logit,Moderately reference-stable,Present only with explicit reference-sensitivity caveat
MLP_FP_03,mlp,MLP,FP,4667,25012,0,Benign,47,PSH Flag Cnt,0.0,-1.0575153827667236,0.0595924829740999,0.0595924829740999,7,True,0.0595924829740999,0.0949767037584467,-0.0056944125318308,0.3399160934220704,0.5625,0.0625,0.375,0.5625,Reference-sensitive direction,Increases attack logit,Moderately reference-stable,Present only with explicit reference-sensitivity caveat
MLP_FP_03,mlp,MLP,FP,4667,25012,0,Benign,50,CWE Flag Count,1.0,43.02157211303711,2.311055784888728,2.311055784888728,2,True,2.311055784888728,1.83874767864552,-0.2720211972829512,5.685624026463669,0.96875,0.03125,0.0,0.96875,Reference-stable direction,Increases attack logit,Moderately reference-stable,Present only with explicit reference-sensitivity caveat
MLP_FP_03,mlp,MLP,FP,4667,25012,0,Benign,66,Init Fwd Win Byts,65535.0,2.431604146957397,-0.0484037377768634,0.0484037377768634,10,True,-0.0484037377768635,0.1520879034129797,-0.7106062466521851,0.251894405256208,0.25,0.625,0.125,0.625,Reference-sensitive direction,Decreases attack logit,Moderately reference-stable,Present only with explicit reference-sensitivity caveat
MLP_FP_03,mlp,MLP,FP,4667,25012,0,Benign,69,Fwd Seg Size Min,40.0,1.7942849397659302,0.1059624558688403,0.1059624558688403,5,True,0.1059624558688403,0.0867439250998795,-0.0702731338216826,0.2494192791374499,0.84375,0.15625,0.0,0.84375,Reference-stable direction,Increases attack logit,Moderately reference-stable,Present only with explicit reference-sensitivity caveat
MLP_FP_04,mlp,MLP,FP,23816,126825,0,Benign,7,Fwd Pkt Len Max,0.0,-0.6599207520484924,0.1676308942585646,0.1676308942585646,3,True,0.1676308942585647,0.3107247801351186,-0.0784412994536185,0.932992974074329,0.71875,0.09375,0.1875,0.71875,Moderately stable direction,Increases attack logit,Reference-robust,Eligible for direct case-level presentation
MLP_FP_04,mlp,MLP,FP,23816,126825,0,Benign,14,Bwd Pkt Len Std,0.0,-0.6783645153045654,-0.0518412695981611,0.0518412695981611,10,True,-0.0518412695981611,0.0664295112486465,-0.2168999166129708,0.0,0.0,0.625,0.375,0.625,Reference-sensitive direction,Decreases attack logit,Reference-robust,Eligible for direct case-level presentation
MLP_FP_04,mlp,MLP,FP,23816,126825,0,Benign,17,Flow IAT Mean,187393.0,-0.2145918905735016,0.0528901698880732,0.0528901698880732,7,True,0.0528901698880732,0.1774876069770306,-0.0012956754934048,0.8326821000221284,0.40625,0.59375,0.0,0.59375,Reference-sensitive direction,Increases attack logit,Reference-robust,Eligible for direct case-level presentation
MLP_FP_04,mlp,MLP,FP,23816,126825,0,Benign,31,Fwd PSH Flags,1.0,5.396814346313477,0.1154377149487555,0.1154377149487555,4,True,0.1154377149487555,0.2350238854782253,-0.1170337172923204,0.8413883106640482,0.5625,0.40625,0.03125,0.5625,Reference-sensitive direction,Increases attack logit,Reference-robust,Eligible for direct case-level presentation
MLP_FP_04,mlp,MLP,FP,23816,126825,0,Benign,33,Fwd URG Flags,1.0,43.02157211303711,3.1768823221213043,3.1768823221213043,1,True,3.176882322121304,1.7984325599547066,1.1741720454356388,6.706138042588656,1.0,0.0,0.0,1.0,Reference-stable direction,Increases attack logit,Reference-robust,Eligible for direct case-level presentation
MLP_FP_04,mlp,MLP,FP,23816,126825,0,Benign,45,SYN Flag Cnt,1.0,5.396814346313477,0.0520858772906964,0.0520858772906964,9,True,0.0520858772906964,0.096209158111956,-0.0689720878181959,0.307023414519647,0.625,0.34375,0.03125,0.625,Reference-sensitive direction,Increases attack logit,Reference-robust,Eligible for direct case-level presentation
MLP_FP_04,mlp,MLP,FP,23816,126825,0,Benign,49,URG Flag Cnt,1.0,6.154369354248047,0.052733705020992,0.052733705020992,8,True,0.052733705020992,0.1450349574911445,-0.3212373375781602,0.3288681800922384,0.71875,0.28125,0.0,0.71875,Moderately stable direction,Increases attack logit,Reference-robust,Eligible for direct case-level presentation
MLP_FP_04,mlp,MLP,FP,23816,126825,0,Benign,50,CWE Flag Count,1.0,43.02157211303711,2.2869466607479296,2.2869466607479296,2,True,2.2869466607479296,1.673673272255357,-0.1165819587719486,5.496406810403419,0.96875,0.03125,0.0,0.96875,Reference-stable direction,Increases attack logit,Reference-robust,Eligible for direct case-level presentation
MLP_FP_04,mlp,MLP,FP,23816,126825,0,Benign,66,Init Fwd Win Byts,256.0,-0.7308840155601501,0.090860992419795,0.090860992419795,5,True,0.090860992419795,0.2080314321007509,-0.0231788458004333,0.6132536980197947,0.65625,0.3125,0.03125,0.65625,Moderately stable direction,Increases attack logit,Reference-robust,Eligible for direct case-level presentation
MLP_FP_04,mlp,MLP,FP,23816,126825,0,Benign,69,Fwd Seg Size Min,40.0,1.7942849397659302,0.0908384633581174,0.0908384633581174,6,True,0.0908384633581174,0.0704898708428662,-0.0656343764726187,0.2384648944514542,0.875,0.125,0.0,0.875,Reference-stable direction,Increases attack logit,Reference-robust,Eligible for direct case-level presentation
MLP_FP_05,mlp,MLP,FP,59742,197096,0,Benign,0,Dst Port,135.0,-0.5484739542007446,0.8749316055880696,0.8749316055880696,8,True,0.8749316055880696,1.9143631081831136,-0.1283024490291228,6.189903582451349,0.5,0.5,0.0,0.5,Reference-sensitive direction,Increases attack logit,Moderately reference-stable,Present only with explicit reference-sensitivity caveat
MLP_FP_05,mlp,MLP,FP,59742,197096,0,Benign,7,Fwd Pkt Len Max,0.0,-0.6599207520484924,2.219818522458064,2.219818522458064,1,True,2.219818522458064,4.018285376729426,-0.0,12.046799616221408,0.8125,0.0,0.1875,0.8125,Reference-stable direction,Increases attack logit,Moderately reference-stable,Present only with explicit reference-sensitivity caveat
MLP_FP_05,mlp,MLP,FP,59742,197096,0,Benign,10,Fwd Pkt Len Std,0.0,-0.6824519038200378,-1.1595884378682464,1.1595884378682464,6,True,-1.1595884378682464,1.4646099078535972,-5.439230600265205,0.0,0.0,0.6875,0.3125,0.6875,Moderately stable direction,Decreases attack logit,Moderately reference-stable,Present only with explicit reference-sensitivity caveat
MLP_FP_05,mlp,MLP,FP,59742,197096,0,Benign,11,Bwd Pkt Len Max,0.0,-0.684525191783905,0.7372873212535744,0.7372873212535744,9,True,0.7372873212535747,0.8554122739441817,-0.0,2.920308098391763,0.75,0.0,0.25,0.75,Reference-stable direction,Increases attack logit,Moderately reference-stable,Present only with explicit reference-sensitivity caveat
MLP_FP_05,mlp,MLP,FP,59742,197096,0,Benign,14,Bwd Pkt Len Std,0.0,-0.6783645153045654,-1.5863909345637786,1.5863909345637786,3,True,-1.5863909345637786,1.7067041958163889,-4.95747513828658,0.0,0.0,0.625,0.375,0.625,Reference-sensitive direction,Decreases attack logit,Moderately reference-stable,Present only with explicit reference-sensitivity caveat
MLP_FP_05,mlp,MLP,FP,59742,197096,0,Benign,40,Pkt Len Max,0.0,-0.7656013369560242,0.896039236598382,0.896039236598382,7,True,0.896039236598382,0.9277569992837494,-0.0,3.3715579279982477,0.8125,0.0,0.1875,0.8125,Reference-stable direction,Increases attack logit,Moderately reference-stable,Present only with explicit reference-sensitivity caveat
MLP_FP_05,mlp,MLP,FP,59742,197096,0,Benign,54,Fwd Seg Size Avg,0.0,-0.7370033860206604,-1.572888762787743,1.572888762787743,4,True,-1.5728887627877437,2.6259788630266505,-7.964505599615024,0.0,0.0,0.8125,0.1875,0.8125,Reference-stable direction,Decreases attack logit,Moderately reference-stable,Present only with explicit reference-sensitivity caveat
MLP_FP_05,mlp,MLP,FP,59742,197096,0,Benign,66,Init Fwd Win Byts,1.0,-0.7432376742362976,1.3931079636370032,1.3931079636370032,5,True,1.3931079636370036,3.330918958867105,-0.904705328106044,10.35783828703718,0.5625,0.4375,0.0,0.5625,Reference-sensitive direction,Increases attack logit,Moderately reference-stable,Present only with explicit reference-sensitivity caveat
MLP_FP_05,mlp,MLP,FP,59742,197096,0,Benign,69,Fwd Seg Size Min,40.0,1.7942849397659302,2.079760167172956,2.079760167172956,2,True,2.079760167172956,2.305900330936495,-0.7757791426306123,7.999826309044504,0.875,0.125,0.0,0.875,Reference-stable direction,Increases attack logit,Moderately reference-stable,Present only with explicit reference-sensitivity caveat
MLP_FP_05,mlp,MLP,FP,59742,197096,0,Benign,75,Idle Std,4253565.48688862,1.6762486696243286,0.7346311105839874,0.7346311105839874,10,True,0.7346311105839876,0.7970327816464847,-0.8520057091223646,2.448030727736304,0.84375,0.15625,0.0,0.84375,Reference-stable direction,Increases attack logit,Moderately reference-stable,Present only with explicit reference-sensitivity caveat
MLP_FP_06,mlp,MLP,FP,41650,78177,0,Benign,7,Fwd Pkt Len Max,0.0,-0.6599207520484924,2.2359500793659377,2.2359500793659377,2,True,2.235950079365938,3.279013241713681,-0.0,10.197694675162538,0.8125,0.0,0.1875,0.8125,Reference-stable direction,Increases attack logit,Moderately reference-stable,Present only with explicit reference-sensitivity caveat
MLP_FP_06,mlp,MLP,FP,41650,78177,0,Benign,11,Bwd Pkt Len Max,0.0,-0.684525191783905,1.3026828605933034,1.3026828605933034,4,True,1.3026828605933036,1.324734852667875,-0.0,3.911913710274493,0.75,0.0,0.25,0.75,Reference-stable direction,Increases attack logit,Moderately reference-stable,Present only with explicit reference-sensitivity caveat
MLP_FP_06,mlp,MLP,FP,41650,78177,0,Benign,14,Bwd Pkt Len Std,0.0,-0.6783645153045654,-0.9361334999304992,0.9361334999304992,10,True,-0.9361334999304992,0.9349842973468134,-3.078167073475424,0.0,0.0,0.625,0.375,0.625,Reference-sensitive direction,Decreases attack logit,Moderately reference-stable,Present only with explicit reference-sensitivity caveat
MLP_FP_06,mlp,MLP,FP,41650,78177,0,Benign,40,Pkt Len Max,0.0,-0.7656013369560242,1.1147747764669709,1.1147747764669709,6,True,1.1147747764669709,1.215727775999011,-0.0,4.15540521152721,0.8125,0.0,0.1875,0.8125,Reference-stable direction,Increases attack logit,Moderately reference-stable,Present only with explicit reference-sensitivity caveat
MLP_FP_06,mlp,MLP,FP,41650,78177,0,Benign,46,RST Flag Cnt,0.0,-0.5218309164047241,-0.94438157250279,0.94438157250279,9,True,-0.94438157250279,1.5084780416240564,-4.916657707035843,0.0,0.0,0.375,0.625,0.625,Reference-sensitive direction,Decreases attack logit,Moderately reference-stable,Present only with explicit reference-sensitivity caveat
MLP_FP_06,mlp,MLP,FP,41650,78177,0,Benign,51,ECE Flag Cnt,0.0,-0.5218309164047241,-1.0701135907521593,1.0701135907521593,7,True,-1.070113590752159,1.7011472804929624,-5.729923252831091,0.0,0.0,0.375,0.625,0.625,Reference-sensitive direction,Decreases attack logit,Moderately reference-stable,Present only with explicit reference-sensitivity caveat
MLP_FP_06,mlp,MLP,FP,41650,78177,0,Benign,52,Down/Up Ratio,1.0,0.5059916377067566,1.0253059610521076,1.0253059610521076,8,True,1.0253059610521076,0.9543056229802802,0.0,3.4413966873303736,0.65625,0.0,0.34375,0.65625,Moderately stable direction,Increases attack logit,Moderately reference-stable,Present only with explicit reference-sensitivity caveat
MLP_FP_06,mlp,MLP,FP,41650,78177,0,Benign,54,Fwd Seg Size Avg,0.0,-0.7370033860206604,-1.2491001449749524,1.2491001449749524,5,True,-1.2491001449749524,1.5006929217493,-5.23155817656802,0.0,0.0,0.8125,0.1875,0.8125,Reference-stable direction,Decreases attack logit,Moderately reference-stable,Present only with explicit reference-sensitivity caveat
MLP_FP_06,mlp,MLP,FP,41650,78177,0,Benign,66,Init Fwd Win Byts,1024.0,-0.6936777234077454,2.2730552978214016,2.2730552978214016,1,True,2.2730552978214016,4.256017669674003,-0.1433834010186571,14.216786905026034,0.65625,0.34375,0.0,0.65625,Moderately stable direction,Increases attack logit,Moderately reference-stable,Present only with explicit reference-sensitivity caveat
MLP_FP_06,mlp,MLP,FP,41650,78177,0,Benign,69,Fwd Seg Size Min,24.0,0.1813714355230331,1.609620737019449,1.609620737019449,3,True,1.609620737019449,2.1828107958852043,-1.1503074041305594,7.329594654569179,0.9375,0.0625,0.0,0.9375,Reference-stable direction,Increases attack logit,Moderately reference-stable,Present only with explicit reference-sensitivity caveat
MLP_FP_07,mlp,MLP,FP,30135,15708,0,Benign,0,Dst Port,3128.0,-0.3996730446815491,1.5392213058349056,1.5392213058349056,8,True,1.5392213058349054,2.7441999147427327,-0.1032920187352516,9.884477229446931,0.5625,0.4375,0.0,0.5625,Reference-sensitive direction,Increases attack logit,Moderately reference-stable,Present only with explicit reference-sensitivity caveat
MLP_FP_07,mlp,MLP,FP,30135,15708,0,Benign,7,Fwd Pkt Len Max,0.0,-0.6599207520484924,2.974674289787125,2.974674289787125,2,True,2.9746742897871243,4.213742924010374,-0.0,12.158985993655453,0.8125,0.0,0.1875,0.8125,Reference-stable direction,Increases attack logit,Moderately reference-stable,Present only with explicit reference-sensitivity caveat
MLP_FP_07,mlp,MLP,FP,30135,15708,0,Benign,10,Fwd Pkt Len Std,0.0,-0.6824519038200378,-1.4141486772651208,1.4141486772651208,10,True,-1.4141486772651208,2.5816408425017503,-12.76905246419183,0.0034478359835662,0.03125,0.65625,0.3125,0.65625,Moderately stable direction,Decreases attack logit,Moderately reference-stable,Present only with explicit reference-sensitivity caveat
MLP_FP_07,mlp,MLP,FP,30135,15708,0,Benign,11,Bwd Pkt Len Max,0.0,-0.684525191783905,1.5544091543657328,1.5544091543657328,7,True,1.5544091543657332,1.812333063754748,-0.0,6.474511694592848,0.75,0.0,0.25,0.75,Reference-stable direction,Increases attack logit,Moderately reference-stable,Present only with explicit reference-sensitivity caveat
MLP_FP_07,mlp,MLP,FP,30135,15708,0,Benign,14,Bwd Pkt Len Std,0.0,-0.6783645153045654,-2.3304046637597486,2.3304046637597486,3,True,-2.3304046637597486,2.622817091819265,-11.025278278280428,0.0,0.0,0.625,0.375,0.625,Reference-sensitive direction,Decreases attack logit,Moderately reference-stable,Present only with explicit reference-sensitivity caveat
MLP_FP_07,mlp,MLP,FP,30135,15708,0,Benign,47,PSH Flag Cnt,1.0,0.9456127285957336,-1.747412483378629,1.747412483378629,6,True,-1.7474124833786293,2.520598034429105,-7.084021639671186,-0.0,0.0,0.375,0.625,0.625,Reference-sensitive direction,Decreases attack logit,Moderately reference-stable,Present only with explicit reference-sensitivity caveat
MLP_FP_07,mlp,MLP,FP,30135,15708,0,Benign,51,ECE Flag Cnt,0.0,-0.5218309164047241,-1.4681742973150276,1.4681742973150276,9,True,-1.4681742973150278,2.0787067828581574,-6.001880689861313,0.0,0.0,0.375,0.625,0.625,Reference-sensitive direction,Decreases attack logit,Moderately reference-stable,Present only with explicit reference-sensitivity caveat
MLP_FP_07,mlp,MLP,FP,30135,15708,0,Benign,54,Fwd Seg Size Avg,0.0,-0.7370033860206604,-2.246991603287213,2.246991603287213,4,True,-2.246991603287213,2.2163234464270567,-7.943543582635658,0.0,0.0,0.8125,0.1875,0.8125,Reference-stable direction,Decreases attack logit,Moderately reference-stable,Present only with explicit reference-sensitivity caveat
MLP_FP_07,mlp,MLP,FP,30135,15708,0,Benign,66,Init Fwd Win Byts,29200.0,0.6713289022445679,1.9599853715443751,1.9599853715443751,5,True,1.9599853715443756,2.3640072257531983,-1.6700044633393305,8.760222490136707,0.84375,0.15625,0.0,0.84375,Reference-stable direction,Increases attack logit,Moderately reference-stable,Present only with explicit reference-sensitivity caveat
MLP_FP_07,mlp,MLP,FP,30135,15708,0,Benign,69,Fwd Seg Size Min,40.0,1.7942849397659302,7.739997854930512,7.739997854930512,1,True,7.739997854930512,3.7677884217504087,2.4289468859543293,16.707949990472855,1.0,0.0,0.0,1.0,Reference-stable direction,Increases attack logit,Moderately reference-stable,Present only with explicit reference-sensitivity caveat
MLP_FP_08,mlp,MLP,FP,17265,186259,0,Benign,0,Dst Port,22.0,-0.5540919303894043,2.4654874650041254,2.4654874650041254,3,True,2.465487465004126,4.370797726270344,-0.82306348088542,11.480553253834788,0.3125,0.6875,0.0,0.6875,Moderately stable direction,Increases attack logit,Moderately reference-stable,Present only with explicit reference-sensitivity caveat
MLP_FP_08,mlp,MLP,FP,17265,186259,0,Benign,7,Fwd Pkt Len Max,0.0,-0.6599207520484924,2.3481945485742224,2.3481945485742224,5,True,2.348194548574223,3.717047397905299,-0.0,11.507503652203148,0.8125,0.0,0.1875,0.8125,Reference-stable direction,Increases attack logit,Moderately reference-stable,Present only with explicit reference-sensitivity caveat
MLP_FP_08,mlp,MLP,FP,17265,186259,0,Benign,10,Fwd Pkt Len Std,0.0,-0.6824519038200378,-2.1207768633632056,2.1207768633632056,6,True,-2.120776863363206,2.039125712372152,-7.9722978129866995,0.0,0.0,0.6875,0.3125,0.6875,Moderately stable direction,Decreases attack logit,Moderately reference-stable,Present only with explicit reference-sensitivity caveat
MLP_FP_08,mlp,MLP,FP,17265,186259,0,Benign,14,Bwd Pkt Len Std,0.0,-0.6783645153045654,-2.524055705302246,2.524055705302246,2,True,-2.5240557053022457,2.3976918041788813,-6.691242222129984,0.0,0.0,0.625,0.375,0.625,Reference-sensitive direction,Decreases attack logit,Moderately reference-stable,Present only with explicit reference-sensitivity caveat
MLP_FP_08,mlp,MLP,FP,17265,186259,0,Benign,40,Pkt Len Max,0.0,-0.7656013369560242,1.4957464259956867,1.4957464259956867,10,True,1.495746425995687,1.4746747708600088,-0.0,5.324135048850697,0.8125,0.0,0.1875,0.8125,Reference-stable direction,Increases attack logit,Moderately reference-stable,Present only with explicit reference-sensitivity caveat
MLP_FP_08,mlp,MLP,FP,17265,186259,0,Benign,41,Pkt Len Mean,0.0,-0.7634954452514648,1.6012625249177572,1.6012625249177572,8,True,1.6012625249177572,1.396029615479063,-0.0,4.559991105702726,0.8125,0.0,0.1875,0.8125,Reference-stable direction,Increases attack logit,Moderately reference-stable,Present only with explicit reference-sensitivity caveat
MLP_FP_08,mlp,MLP,FP,17265,186259,0,Benign,47,PSH Flag Cnt,0.0,-1.0575153827667236,1.5106757632679135,1.5106757632679135,9,True,1.5106757632679138,1.7964189419500287,-0.0425051181131452,6.819647453621862,0.59375,0.03125,0.375,0.59375,Reference-sensitive direction,Increases attack logit,Moderately reference-stable,Present only with explicit reference-sensitivity caveat
MLP_FP_08,mlp,MLP,FP,17265,186259,0,Benign,48,ACK Flag Cnt,1.0,1.5607398748397827,2.4562618841958224,2.4562618841958224,4,True,2.456261884195822,2.142714439460749,-0.0178290517120371,7.450296717165372,0.75,0.03125,0.21875,0.75,Reference-stable direction,Increases attack logit,Moderately reference-stable,Present only with explicit reference-sensitivity caveat
MLP_FP_08,mlp,MLP,FP,17265,186259,0,Benign,67,Init Bwd Win Byts,-1.0,-0.4095837473869324,1.7367401848349011,1.7367401848349011,7,True,1.736740184834901,2.6982760789209146,-0.3848404974068842,7.809303034107265,0.625,0.0625,0.3125,0.625,Reference-sensitive direction,Increases attack logit,Moderately reference-stable,Present only with explicit reference-sensitivity caveat
MLP_FP_08,mlp,MLP,FP,17265,186259,0,Benign,69,Fwd Seg Size Min,32.0,0.9878281950950624,2.87448423303181,2.87448423303181,1,True,2.874484233031811,2.319425440132196,-0.005178033508092,9.942134007227134,0.875,0.03125,0.09375,0.875,Reference-stable direction,Increases attack logit,Moderately reference-stable,Present only with explicit reference-sensitivity caveat
MLP_TN_01,mlp,MLP,TN,9672,51000,0,Benign,7,Fwd Pkt Len Max,0.0,-0.6599207520484924,1.3768183680886483,1.3768183680886483,3,True,1.376818368088648,2.299925704159858,-0.1639008254620744,6.441893679995008,0.75,0.0625,0.1875,0.75,Reference-stable direction,Increases attack logit,Moderately reference-stable,Present only with explicit reference-sensitivity caveat
MLP_TN_01,mlp,MLP,TN,9672,51000,0,Benign,11,Bwd Pkt Len Max,0.0,-0.684525191783905,0.6932017967046687,0.6932017967046687,6,True,0.6932017967046687,0.8364791386616257,-0.0,2.7669695714893487,0.75,0.0,0.25,0.75,Reference-stable direction,Increases attack logit,Moderately reference-stable,Present only with explicit reference-sensitivity caveat
MLP_TN_01,mlp,MLP,TN,9672,51000,0,Benign,14,Bwd Pkt Len Std,0.0,-0.6783645153045654,-0.9557071570471368,0.9557071570471368,4,True,-0.9557071570471368,0.9120469679901289,-2.517893262382572,0.0,0.0,0.625,0.375,0.625,Reference-sensitive direction,Decreases attack logit,Moderately reference-stable,Present only with explicit reference-sensitivity caveat
MLP_TN_01,mlp,MLP,TN,9672,51000,0,Benign,40,Pkt Len Max,0.0,-0.7656013369560242,0.5197228765915645,0.5197228765915645,9,True,0.5197228765915645,0.6098023756144421,-0.0028294892886058,1.9573172771300384,0.75,0.0625,0.1875,0.75,Reference-stable direction,Increases attack logit,Moderately reference-stable,Present only with explicit reference-sensitivity caveat
MLP_TN_01,mlp,MLP,TN,9672,51000,0,Benign,41,Pkt Len Mean,0.0,-0.7634954452514648,0.707110483214789,0.707110483214789,5,True,0.707110483214789,0.7330604258851908,-0.0,2.5703379140910587,0.8125,0.0,0.1875,0.8125,Reference-stable direction,Increases attack logit,Moderately reference-stable,Present only with explicit reference-sensitivity caveat
MLP_TN_01,mlp,MLP,TN,9672,51000,0,Benign,51,ECE Flag Cnt,0.0,-0.5218309164047241,-0.5605233000341074,0.5605233000341074,8,True,-0.5605233000341074,0.8171547925568892,-2.3778652449037705,0.0,0.0,0.375,0.625,0.625,Reference-sensitive direction,Decreases attack logit,Moderately reference-stable,Present only with explicit reference-sensitivity caveat
MLP_TN_01,mlp,MLP,TN,9672,51000,0,Benign,52,Down/Up Ratio,3.0,2.62729287147522,1.7366424959432754,1.7366424959432754,1,True,1.7366424959432756,0.6417573434653824,0.7450071454959665,2.994464519537133,1.0,0.0,0.0,1.0,Reference-stable direction,Increases attack logit,Moderately reference-stable,Present only with explicit reference-sensitivity caveat
MLP_TN_01,mlp,MLP,TN,9672,51000,0,Benign,54,Fwd Seg Size Avg,0.0,-0.7370033860206604,-0.6210186667220601,0.6210186667220601,7,True,-0.62101866672206,0.9200766704306276,-2.7978801604118013,0.1276956418084802,0.0625,0.75,0.1875,0.75,Reference-stable direction,Decreases attack logit,Moderately reference-stable,Present only with explicit reference-sensitivity caveat
MLP_TN_01,mlp,MLP,TN,9672,51000,0,Benign,66,Init Fwd Win Byts,1024.0,-0.6936777234077454,1.5011763701998584,1.5011763701998584,2,True,1.5011763701998582,2.7922090872473047,-0.0784955262905321,8.953093469182777,0.65625,0.34375,0.0,0.65625,Moderately stable direction,Increases attack logit,Moderately reference-stable,Present only with explicit reference-sensitivity caveat
MLP_TN_01,mlp,MLP,TN,9672,51000,0,Benign,69,Fwd Seg Size Min,24.0,0.1813714355230331,0.4815618458782006,0.4815618458782006,10,True,0.4815618458782005,0.5526574722113233,-0.1712427103512855,1.8511156742058308,0.9375,0.0625,0.0,0.9375,Reference-stable direction,Increases attack logit,Moderately reference-stable,Present only with explicit reference-sensitivity caveat
MLP_TN_02,mlp,MLP,TN,51254,7040,0,Benign,1,Protocol,17.0,2.216094970703125,-0.4086321622759478,0.4086321622759478,6,True,-0.4086321622759479,1.0459822753376624,-3.970353144849013,0.9725594885004722,0.375,0.5,0.125,0.5,Reference-sensitive direction,Decreases attack logit,Reference-sensitive,Supplementary diagnostic only
MLP_TN_02,mlp,MLP,TN,51254,7040,0,Benign,7,Fwd Pkt Len Max,44.0,-0.5471881628036499,1.3391755285107354,1.3391755285107354,1,True,1.3391755285107352,2.4205170134612777,-0.2013021063969743,6.612301372177636,0.59375,0.375,0.03125,0.59375,Reference-sensitive direction,Increases attack logit,Reference-sensitive,Supplementary diagnostic only
MLP_TN_02,mlp,MLP,TN,51254,7040,0,Benign,11,Bwd Pkt Len Max,60.0,-0.5519343614578247,0.2701047209457955,0.2701047209457955,10,True,0.2701047209457955,0.489050916778254,-0.1814451197490343,2.0500397688297105,0.65625,0.3125,0.03125,0.65625,Moderately stable direction,Increases attack logit,Reference-sensitive,Supplementary diagnostic only
MLP_TN_02,mlp,MLP,TN,51254,7040,0,Benign,12,Bwd Pkt Len Min,60.0,1.0641170740127563,0.7052544000115466,0.7052544000115466,3,True,0.7052544000115464,0.6339807699125425,-0.0,2.634337081465232,0.96875,0.0,0.03125,0.96875,Reference-stable direction,Increases attack logit,Reference-sensitive,Supplementary diagnostic only
MLP_TN_02,mlp,MLP,TN,51254,7040,0,Benign,14,Bwd Pkt Len Std,0.0,-0.6783645153045654,-0.4064540223258147,0.4064540223258147,7,True,-0.4064540223258147,0.5846390306081931,-1.81353477404444,0.393164796367824,0.125,0.5,0.375,0.5,Reference-sensitive direction,Decreases attack logit,Reference-sensitive,Supplementary diagnostic only
MLP_TN_02,mlp,MLP,TN,51254,7040,0,Benign,19,Flow IAT Max,512.0,-0.3446572422981262,0.2912318938639136,0.2912318938639136,9,True,0.2912318938639135,0.7060103871703669,-0.0027829542282669,3.2966411847097543,0.71875,0.28125,0.0,0.71875,Moderately stable direction,Increases attack logit,Reference-sensitive,Supplementary diagnostic only
MLP_TN_02,mlp,MLP,TN,51254,7040,0,Benign,40,Pkt Len Max,60.0,-0.6518608331680298,0.508168421074336,0.508168421074336,5,True,0.508168421074336,0.8170976265602706,-0.1415514913046492,2.9655814411249586,0.71875,0.25,0.03125,0.71875,Moderately stable direction,Increases attack logit,Reference-sensitive,Supplementary diagnostic only
MLP_TN_02,mlp,MLP,TN,51254,7040,0,Benign,47,PSH Flag Cnt,0.0,-1.0575153827667236,0.729353041784999,0.729353041784999,2,True,0.729353041784999,0.7639751446117777,-0.0,2.388692863512434,0.625,0.0,0.375,0.625,Reference-sensitive direction,Increases attack logit,Reference-sensitive,Supplementary diagnostic only
MLP_TN_02,mlp,MLP,TN,51254,7040,0,Benign,51,ECE Flag Cnt,0.0,-0.5218309164047241,-0.3663664727906838,0.3663664727906838,8,True,-0.3663664727906838,0.6614459375447359,-2.0386383049598247,0.0,0.0,0.375,0.625,0.625,Reference-sensitive direction,Decreases attack logit,Reference-sensitive,Supplementary diagnostic only
MLP_TN_02,mlp,MLP,TN,51254,7040,0,Benign,66,Init Fwd Win Byts,-1.0,-0.7433345913887024,0.6354851655253894,0.6354851655253894,4,True,0.6354851655253896,1.3384765361899904,-0.2328077537443282,4.061206352210808,0.5,0.34375,0.15625,0.5,Reference-sensitive direction,Increases attack logit,Reference-sensitive,Supplementary diagnostic only
MLP_TN_03,mlp,MLP,TN,12825,292510,0,Benign,0,Dst Port,53.0,-0.5525506734848022,0.280907664669791,0.280907664669791,6,True,0.280907664669791,0.717092719253419,-0.827777484047017,2.4289824525772143,0.53125,0.34375,0.125,0.53125,Reference-sensitive direction,Increases attack logit,Reference-sensitive,Supplementary diagnostic only
MLP_TN_03,mlp,MLP,TN,12825,292510,0,Benign,7,Fwd Pkt Len Max,37.0,-0.5651229023933411,1.018265393029135,1.018265393029135,2,True,1.0182653930291352,1.9504906348565665,-0.3368099800655662,5.693517625580517,0.65625,0.34375,0.0,0.65625,Moderately stable direction,Increases attack logit,Reference-sensitive,Supplementary diagnostic only
MLP_TN_03,mlp,MLP,TN,12825,292510,0,Benign,12,Bwd Pkt Len Min,157.0,3.396669149398804,1.071945828305779,1.071945828305779,1,True,1.071945828305779,1.1410569246934574,-0.1312414558744563,3.658288741186008,0.71875,0.28125,0.0,0.71875,Moderately stable direction,Increases attack logit,Reference-sensitive,Supplementary diagnostic only
MLP_TN_03,mlp,MLP,TN,12825,292510,0,Benign,14,Bwd Pkt Len Std,0.0,-0.6783645153045654,-0.2793100474307955,0.2793100474307955,7,True,-0.2793100474307955,0.3698044103982587,-1.1411260957160674,0.0507115192457498,0.0625,0.5625,0.375,0.5625,Reference-sensitive direction,Decreases attack logit,Reference-sensitive,Supplementary diagnostic only
MLP_TN_03,mlp,MLP,TN,12825,292510,0,Benign,19,Flow IAT Max,2088.0,-0.3445598781108856,0.2349546667252972,0.2349546667252972,9,True,0.2349546667252973,0.5880590092489956,-0.0029929152107503,2.712559087541539,0.5625,0.4375,0.0,0.5625,Reference-sensitive direction,Increases attack logit,Reference-sensitive,Supplementary diagnostic only
MLP_TN_03,mlp,MLP,TN,12825,292510,0,Benign,40,Pkt Len Max,157.0,-0.467980295419693,0.2825742499559947,0.2825742499559947,5,True,0.2825742499559946,0.4643242422692905,-0.2451950469150885,1.5215744805537148,0.53125,0.46875,0.0,0.53125,Reference-sensitive direction,Increases attack logit,Reference-sensitive,Supplementary diagnostic only
MLP_TN_03,mlp,MLP,TN,12825,292510,0,Benign,47,PSH Flag Cnt,0.0,-1.0575153827667236,0.5734995871437554,0.5734995871437554,3,True,0.5734995871437555,0.7132112761517523,-0.0,2.3873381356551038,0.625,0.0,0.375,0.625,Reference-sensitive direction,Increases attack logit,Reference-sensitive,Supplementary diagnostic only
MLP_TN_03,mlp,MLP,TN,12825,292510,0,Benign,51,ECE Flag Cnt,0.0,-0.5218309164047241,-0.2192172706644121,0.2192172706644121,10,True,-0.2192172706644121,0.4027910650379253,-1.2327562979680249,0.0297821649342861,0.09375,0.28125,0.625,0.625,Reference-sensitive direction,Decreases attack logit,Reference-sensitive,Supplementary diagnostic only
MLP_TN_03,mlp,MLP,TN,12825,292510,0,Benign,66,Init Fwd Win Byts,-1.0,-0.7433345913887024,0.4173303348820423,0.4173303348820423,4,True,0.4173303348820423,0.9302686047023556,-0.2592202874603977,2.779347392563481,0.4375,0.40625,0.15625,0.4375,Reference-sensitive direction,Increases attack logit,Reference-sensitive,Supplementary diagnostic only
MLP_TN_03,mlp,MLP,TN,12825,292510,0,Benign,69,Fwd Seg Size Min,8.0,-1.4315420389175415,0.2527843840563529,0.2527843840563529,8,True,0.2527843840563529,0.5009645393392277,-0.4465762421845075,1.936362648910695,0.65625,0.21875,0.125,0.65625,Moderately stable direction,Increases attack logit,Reference-sensitive,Supplementary diagnostic only
MLP_TN_04,mlp,MLP,TN,3126,231855,0,Benign,0,Dst Port,49698.0,1.915615439414978,0.3563274303530914,0.3563274303530914,7,True,0.3563274303530914,0.7088833697957971,-0.6299653706657937,2.248604807874589,0.59375,0.40625,0.0,0.59375,Reference-sensitive direction,Increases attack logit,Reference-sensitive,Supplementary diagnostic only
MLP_TN_04,mlp,MLP,TN,3126,231855,0,Benign,7,Fwd Pkt Len Max,31.0,-0.5804955363273621,1.0176853211475403,1.0176853211475403,1,True,1.0176853211475403,1.53214038391969,-0.1733313001918916,4.502538924980721,0.71875,0.25,0.03125,0.71875,Moderately stable direction,Increases attack logit,Reference-sensitive,Supplementary diagnostic only
MLP_TN_04,mlp,MLP,TN,3126,231855,0,Benign,10,Fwd Pkt Len Std,17.89785834,-0.5658194422721863,0.361976393848888,0.361976393848888,6,True,0.3619763938488879,1.2634652188595048,-3.782256426171376,3.1479084295812214,0.53125,0.4375,0.03125,0.53125,Reference-sensitive direction,Increases attack logit,Reference-sensitive,Supplementary diagnostic only
MLP_TN_04,mlp,MLP,TN,3126,231855,0,Benign,11,Bwd Pkt Len Max,0.0,-0.684525191783905,0.2949463712541206,0.2949463712541206,9,True,0.2949463712541205,0.7979630977988904,-0.3642407376702118,4.089376575502596,0.625,0.125,0.25,0.625,Reference-sensitive direction,Increases attack logit,Reference-sensitive,Supplementary diagnostic only
MLP_TN_04,mlp,MLP,TN,3126,231855,0,Benign,14,Bwd Pkt Len Std,0.0,-0.6783645153045654,-0.3066190808210223,0.3066190808210223,8,True,-0.3066190808210223,0.5857321534472115,-2.7952326803761665,0.3067355726749286,0.125,0.5,0.375,0.5,Reference-sensitive direction,Decreases attack logit,Reference-sensitive,Supplementary diagnostic only
MLP_TN_04,mlp,MLP,TN,3126,231855,0,Benign,40,Pkt Len Max,31.0,-0.7068353891372681,0.5943977935088196,0.5943977935088196,3,True,0.5943977935088196,0.6429804863638823,-0.0865272977467765,1.986573551291096,0.875,0.09375,0.03125,0.875,Reference-stable direction,Increases attack logit,Reference-sensitive,Supplementary diagnostic only
MLP_TN_04,mlp,MLP,TN,3126,231855,0,Benign,41,Pkt Len Mean,7.75,-0.6877865791320801,0.4063436284428231,0.4063436284428231,5,True,0.4063436284428231,0.6951636196700662,-0.1198331688539091,3.520174108459261,0.71875,0.25,0.03125,0.71875,Moderately stable direction,Increases attack logit,Reference-sensitive,Supplementary diagnostic only
MLP_TN_04,mlp,MLP,TN,3126,231855,0,Benign,46,RST Flag Cnt,0.0,-0.5218309164047241,-0.4474819514182349,0.4474819514182349,4,True,-0.447481951418235,0.9117361328159596,-4.438518858480972,0.0,0.0,0.375,0.625,0.625,Reference-sensitive direction,Decreases attack logit,Reference-sensitive,Supplementary diagnostic only
MLP_TN_04,mlp,MLP,TN,3126,231855,0,Benign,47,PSH Flag Cnt,0.0,-1.0575153827667236,0.6688556305496006,0.6688556305496006,2,True,0.6688556305496005,0.7982909779091101,-0.8709108075422338,2.399271021283094,0.59375,0.03125,0.375,0.59375,Reference-sensitive direction,Increases attack logit,Reference-sensitive,Supplementary diagnostic only
MLP_TN_04,mlp,MLP,TN,3126,231855,0,Benign,51,ECE Flag Cnt,0.0,-0.5218309164047241,-0.248878552788007,0.248878552788007,10,True,-0.248878552788007,0.364717422989431,-1.0786717574332592,0.0,0.0,0.375,0.625,0.625,Reference-sensitive direction,Decreases attack logit,Reference-sensitive,Supplementary diagnostic only
MLP_TN_05,mlp,MLP,TN,12608,250703,0,Benign,0,Dst Port,445.0,-0.5330619215965271,0.382746334442114,0.382746334442114,6,True,0.382746334442114,0.9455658676694604,-1.2054378244284196,3.64019917165405,0.4375,0.4375,0.125,0.4375,Reference-sensitive direction,Increases attack logit,Reference-sensitive,Supplementary diagnostic only
MLP_TN_05,mlp,MLP,TN,12608,250703,0,Benign,7,Fwd Pkt Len Max,0.0,-0.6599207520484924,1.2962953864649225,1.2962953864649225,1,True,1.2962953864649225,2.094031208223958,-0.2625662772341469,6.088208369603976,0.71875,0.09375,0.1875,0.71875,Moderately stable direction,Increases attack logit,Reference-sensitive,Supplementary diagnostic only
MLP_TN_05,mlp,MLP,TN,12608,250703,0,Benign,11,Bwd Pkt Len Max,0.0,-0.684525191783905,0.4252113933768937,0.4252113933768937,5,True,0.4252113933768937,0.4842222221856159,-0.0,1.9994246329839651,0.75,0.0,0.25,0.75,Reference-stable direction,Increases attack logit,Reference-sensitive,Supplementary diagnostic only
MLP_TN_05,mlp,MLP,TN,12608,250703,0,Benign,13,Bwd Pkt Len Mean,0.0,-0.6581581234931946,0.3817281123486639,0.3817281123486639,7,True,0.3817281123486638,0.3353473320647051,-0.0,1.1843663736114995,0.75,0.0,0.25,0.75,Reference-stable direction,Increases attack logit,Reference-sensitive,Supplementary diagnostic only
MLP_TN_05,mlp,MLP,TN,12608,250703,0,Benign,40,Pkt Len Max,0.0,-0.7656013369560242,0.6089399657821801,0.6089399657821801,3,True,0.6089399657821803,0.759820795702428,-0.0,2.827065243593807,0.8125,0.0,0.1875,0.8125,Reference-stable direction,Increases attack logit,Reference-sensitive,Supplementary diagnostic only
MLP_TN_05,mlp,MLP,TN,12608,250703,0,Benign,47,PSH Flag Cnt,1.0,0.9456127285957336,-0.31864110485964,0.31864110485964,10,True,-0.3186411048596399,0.4770541759666183,-1.9144678412441236,-0.0,0.0,0.375,0.625,0.625,Reference-sensitive direction,Decreases attack logit,Reference-sensitive,Supplementary diagnostic only
MLP_TN_05,mlp,MLP,TN,12608,250703,0,Benign,51,ECE Flag Cnt,0.0,-0.5218309164047241,-0.3405633470432379,0.3405633470432379,9,True,-0.3405633470432379,0.5298208054198782,-1.8558270509971049,0.0,0.0,0.375,0.625,0.625,Reference-sensitive direction,Decreases attack logit,Reference-sensitive,Supplementary diagnostic only
MLP_TN_05,mlp,MLP,TN,12608,250703,0,Benign,54,Fwd Seg Size Avg,0.0,-0.7370033860206604,-0.648817410926891,0.648817410926891,2,True,-0.6488174109268909,0.6796976708434013,-2.557791756651687,0.0,0.0,0.8125,0.1875,0.8125,Reference-stable direction,Decreases attack logit,Reference-sensitive,Supplementary diagnostic only
MLP_TN_05,mlp,MLP,TN,12608,250703,0,Benign,66,Init Fwd Win Byts,8192.0,-0.3464187979698181,0.4452630043612681,0.4452630043612681,4,True,0.4452630043612682,0.9907895148745096,-0.287232628987025,3.018538120694197,0.4375,0.0625,0.5,0.5,Reference-sensitive direction,Increases attack logit,Reference-sensitive,Supplementary diagnostic only
MLP_TN_05,mlp,MLP,TN,12608,250703,0,Benign,74,Idle Mean,0.0,-0.2948399186134338,-0.3510149952451148,0.3510149952451148,8,True,-0.3510149952451149,1.010085499658046,-4.715301818529011,0.0,0.0,0.25,0.75,0.75,Reference-stable direction,Decreases attack logit,Reference-sensitive,Supplementary diagnostic only
MLP_TN_06,mlp,MLP,TN,44103,43329,0,Benign,0,Dst Port,80.0,-0.5512083768844604,0.5404933651049292,0.5404933651049292,5,True,0.5404933651049293,1.2436053265451277,-1.1632106482360065,3.632870883988904,0.59375,0.3125,0.09375,0.59375,Reference-sensitive direction,Increases attack logit,Reference-sensitive,Supplementary diagnostic only
MLP_TN_06,mlp,MLP,TN,44103,43329,0,Benign,7,Fwd Pkt Len Max,161.0,-0.2474218159914016,1.2834250529361328,1.2834250529361328,1,True,1.283425052936133,2.7569555886698764,-0.3400595829455316,8.961923336787834,0.46875,0.5,0.03125,0.5,Reference-sensitive direction,Increases attack logit,Reference-sensitive,Supplementary diagnostic only
MLP_TN_06,mlp,MLP,TN,44103,43329,0,Benign,11,Bwd Pkt Len Max,488.0,0.3938800692558288,-0.4070664815974865,0.4070664815974865,8,True,-0.4070664815974865,0.7081403192824279,-2.535187751017204,1.0250266711270974,0.25,0.71875,0.03125,0.71875,Moderately stable direction,Decreases attack logit,Reference-sensitive,Supplementary diagnostic only
MLP_TN_06,mlp,MLP,TN,44103,43329,0,Benign,46,RST Flag Cnt,0.0,-0.5218309164047241,-0.8555921359945123,0.8555921359945123,3,True,-0.8555921359945124,1.6674408387138646,-5.566151244432215,0.1832888552268694,0.03125,0.34375,0.625,0.625,Reference-sensitive direction,Decreases attack logit,Reference-sensitive,Supplementary diagnostic only
MLP_TN_06,mlp,MLP,TN,44103,43329,0,Benign,47,PSH Flag Cnt,1.0,0.9456127285957336,-0.4820388107691377,0.4820388107691377,6,True,-0.4820388107691376,0.7001203897269735,-2.3100088131545675,-0.0,0.0,0.375,0.625,0.625,Reference-sensitive direction,Decreases attack logit,Reference-sensitive,Supplementary diagnostic only
MLP_TN_06,mlp,MLP,TN,44103,43329,0,Benign,51,ECE Flag Cnt,0.0,-0.5218309164047241,-1.1436865616551528,1.1436865616551528,2,True,-1.1436865616551526,1.9749476772714036,-6.565603514489937,0.0,0.0,0.375,0.625,0.625,Reference-sensitive direction,Decreases attack logit,Reference-sensitive,Supplementary diagnostic only
MLP_TN_06,mlp,MLP,TN,44103,43329,0,Benign,54,Fwd Seg Size Avg,53.6666666667,-0.1176085621118545,-0.3940416615960856,0.3940416615960856,9,True,-0.3940416615960857,1.0879029171274104,-3.443787449619409,1.147257255855357,0.40625,0.5625,0.03125,0.5625,Reference-sensitive direction,Decreases attack logit,Reference-sensitive,Supplementary diagnostic only
MLP_TN_06,mlp,MLP,TN,44103,43329,0,Benign,66,Init Fwd Win Byts,8192.0,-0.3464187979698181,0.8102870120773161,0.8102870120773161,4,True,0.8102870120773161,2.008948425505605,-0.2852809044143909,6.6830212760517655,0.40625,0.09375,0.5,0.5,Reference-sensitive direction,Increases attack logit,Reference-sensitive,Supplementary diagnostic only
MLP_TN_06,mlp,MLP,TN,44103,43329,0,Benign,67,Init Bwd Win Byts,149.0,-0.401480108499527,-0.4099293187970278,0.4099293187970278,7,True,-0.4099293187970277,1.1600569577784037,-2.974950067097676,1.348348046280088,0.625,0.34375,0.03125,0.625,Reference-sensitive direction,Decreases attack logit,Reference-sensitive,Supplementary diagnostic only
MLP_TN_06,mlp,MLP,TN,44103,43329,0,Benign,74,Idle Mean,0.0,-0.2948399186134338,-0.3926180699503818,0.3926180699503818,10,True,-0.3926180699503818,1.1300499903291703,-4.791214539807583,0.0,0.0,0.25,0.75,0.75,Reference-stable direction,Decreases attack logit,Reference-sensitive,Supplementary diagnostic only
MLP_TN_07,mlp,MLP,TN,56715,155182,0,Benign,0,Dst Port,55116.0,2.184978485107422,-0.8354550652635729,0.8354550652635729,3,True,-0.8354550652635728,1.4691347050316892,-3.738267050470082,2.2321678526409707,0.25,0.75,0.0,0.75,Reference-stable direction,Decreases attack logit,Reference-sensitive,Supplementary diagnostic only
MLP_TN_07,mlp,MLP,TN,56715,155182,0,Benign,7,Fwd Pkt Len Max,935.0,1.735647678375244,-2.3740966573662114,2.3740966573662114,1,True,-2.3740966573662114,1.9385238521674883,-5.952934682929188,0.2946143626627184,0.03125,0.78125,0.1875,0.78125,Reference-stable direction,Decreases attack logit,Reference-sensitive,Supplementary diagnostic only
MLP_TN_07,mlp,MLP,TN,56715,155182,0,Benign,10,Fwd Pkt Len Std,418.1447118,2.042412519454956,-0.3607316208517461,0.3607316208517461,9,True,-0.3607316208517459,1.3174137503320649,-2.9850119230435417,4.185594321389289,0.25,0.5625,0.1875,0.5625,Reference-sensitive direction,Decreases attack logit,Reference-sensitive,Supplementary diagnostic only
MLP_TN_07,mlp,MLP,TN,56715,155182,0,Benign,26,Bwd IAT Tot,20036.0,-0.2724394798278808,-0.4246601620360413,0.4246601620360413,7,True,-0.4246601620360413,1.0834363758705128,-4.177650214198271,0.0009078185194391,0.53125,0.46875,0.0,0.53125,Reference-sensitive direction,Decreases attack logit,Reference-sensitive,Supplementary diagnostic only
MLP_TN_07,mlp,MLP,TN,56715,155182,0,Benign,40,Pkt Len Max,935.0,1.0068553686141968,-0.7809973481049302,0.7809973481049302,4,True,-0.7809973481049302,1.226334454896376,-4.356240584845404,1.0817623364803235,0.25,0.5625,0.1875,0.5625,Reference-sensitive direction,Decreases attack logit,Reference-sensitive,Supplementary diagnostic only
MLP_TN_07,mlp,MLP,TN,56715,155182,0,Benign,41,Pkt Len Mean,140.1111111,0.6052333116531372,-0.3447907361384305,0.3447907361384305,10,True,-0.3447907361384305,0.7319568518693426,-3.326911533788619,0.59253065903613,0.40625,0.59375,0.0,0.59375,Reference-sensitive direction,Decreases attack logit,Reference-sensitive,Supplementary diagnostic only
MLP_TN_07,mlp,MLP,TN,56715,155182,0,Benign,46,RST Flag Cnt,0.0,-0.5218309164047241,-0.3973653546202255,0.3973653546202255,8,True,-0.3973653546202256,0.9657950217377632,-4.56192115800565,0.4810671636764317,0.125,0.25,0.625,0.625,Reference-sensitive direction,Decreases attack logit,Reference-sensitive,Supplementary diagnostic only
MLP_TN_07,mlp,MLP,TN,56715,155182,0,Benign,47,PSH Flag Cnt,0.0,-1.0575153827667236,0.4344785908030175,0.4344785908030175,6,True,0.4344785908030176,0.6906021615355742,-0.9930408134798676,2.2721804261357548,0.53125,0.09375,0.375,0.53125,Reference-sensitive direction,Increases attack logit,Reference-sensitive,Supplementary diagnostic only
MLP_TN_07,mlp,MLP,TN,56715,155182,0,Benign,54,Fwd Seg Size Avg,187.0,1.4212605953216553,0.5483019980952192,0.5483019980952192,5,True,0.5483019980952191,1.0235292685385469,-0.6424052886498111,4.37062222892563,0.59375,0.21875,0.1875,0.59375,Reference-sensitive direction,Increases attack logit,Reference-sensitive,Supplementary diagnostic only
MLP_TN_07,mlp,MLP,TN,56715,155182,0,Benign,67,Init Bwd Win Byts,211.0,-0.3981305956840515,-1.0627882334958754,1.0627882334958754,2,True,-1.0627882334958754,1.824433203953702,-5.498924409353125,0.0168756421621666,0.5,0.4375,0.0625,0.5,Reference-sensitive direction,Decreases attack logit,Reference-sensitive,Supplementary diagnostic only
MLP_TN_08,mlp,MLP,TN,31251,106205,0,Benign,2,Flow Duration,109978732.0,3.26249361038208,-2.2936860993394057,2.2936860993394057,4,True,-2.293686099339406,1.1727094904051418,-3.970511252935257,0.1979035128427622,0.0625,0.9375,0.0,0.9375,Reference-stable direction,Decreases attack logit,Reference-robust,Eligible for direct case-level presentation
MLP_TN_08,mlp,MLP,TN,31251,106205,0,Benign,11,Bwd Pkt Len Max,1460.0,2.541851282119751,-1.0983724424531665,1.0983724424531665,10,True,-1.098372442453166,0.7106012850258692,-2.3741146997549745,-0.0,0.0,0.90625,0.09375,0.90625,Reference-stable direction,Decreases attack logit,Reference-robust,Eligible for direct case-level presentation
MLP_TN_08,mlp,MLP,TN,31251,106205,0,Benign,18,Flow IAT Std,28281510.728041,5.147666931152344,-2.13907700649718,2.13907700649718,5,True,-2.139077006497179,0.6303390825821925,-3.4827201054578354,-1.184904506531442,0.0,1.0,0.0,1.0,Reference-stable direction,Decreases attack logit,Reference-robust,Eligible for direct case-level presentation
MLP_TN_08,mlp,MLP,TN,31251,106205,0,Benign,19,Flow IAT Max,109563404.0,6.424546241760254,-5.458664606762556,5.458664606762556,2,True,-5.458664606762557,1.320645858044594,-7.26044444110748,-1.1275563650435745,0.0,1.0,0.0,1.0,Reference-stable direction,Decreases attack logit,Reference-robust,Eligible for direct case-level presentation
MLP_TN_08,mlp,MLP,TN,31251,106205,0,Benign,23,Fwd IAT Std,38715569.4317086,10.42017650604248,7.821890274191227,7.821890274191227,1,True,7.821890274191229,1.8016258685054023,3.935952525022687,11.356597069968032,1.0,0.0,0.0,1.0,Reference-stable direction,Increases attack logit,Reference-robust,Eligible for direct case-level presentation
MLP_TN_08,mlp,MLP,TN,31251,106205,0,Benign,24,Fwd IAT Max,109563404.0,6.463038444519043,-3.604626219452193,3.604626219452193,3,True,-3.604626219452193,1.159390542596275,-6.262763955575262,-1.1125659261906002,0.0,1.0,0.0,1.0,Reference-stable direction,Decreases attack logit,Reference-robust,Eligible for direct case-level presentation
MLP_TN_08,mlp,MLP,TN,31251,106205,0,Benign,40,Pkt Len Max,1460.0,2.002084970474243,-1.2107196393088149,1.2107196393088149,9,True,-1.2107196393088149,0.8019506289395251,-2.384690935674797,-0.0,0.0,0.90625,0.09375,0.90625,Reference-stable direction,Decreases attack logit,Reference-robust,Eligible for direct case-level presentation
MLP_TN_08,mlp,MLP,TN,31251,106205,0,Benign,43,Pkt Len Var,273234.029411765,0.8501484394073486,1.2347611178484938,1.2347611178484938,8,True,1.2347611178484938,0.4428936697169096,0.129301486392237,1.8869952487014905,1.0,0.0,0.0,1.0,Reference-stable direction,Increases attack logit,Reference-robust,Eligible for direct case-level presentation
MLP_TN_08,mlp,MLP,TN,31251,106205,0,Benign,46,RST Flag Cnt,0.0,-0.5218309164047241,-1.6907296917775838,1.6907296917775838,7,True,-1.6907296917775838,2.210773929760488,-5.494724376347304,0.0,0.0,0.375,0.625,0.625,Reference-sensitive direction,Decreases attack logit,Reference-robust,Eligible for direct case-level presentation
MLP_TN_08,mlp,MLP,TN,31251,106205,0,Benign,51,ECE Flag Cnt,0.0,-0.5218309164047241,-1.7589288148862767,1.7589288148862767,6,True,-1.7589288148862767,2.290600400767612,-5.343013161932835,0.0,0.0,0.375,0.625,0.625,Reference-sensitive direction,Decreases attack logit,Reference-robust,Eligible for direct case-level presentation
MLP_TP_01,mlp,MLP,TP,10547,257756,1,Infilteration,7,Fwd Pkt Len Max,0.0,-0.6599207520484924,1.3998905997111768,1.3998905997111768,3,True,1.3998905997111764,2.346250644374248,-0.1557493253375649,6.571647991171127,0.75,0.0625,0.1875,0.75,Reference-stable direction,Increases attack logit,Moderately reference-stable,Present only with explicit reference-sensitivity caveat
MLP_TP_01,mlp,MLP,TP,10547,257756,1,Infilteration,11,Bwd Pkt Len Max,0.0,-0.684525191783905,0.7080283855710501,0.7080283855710501,6,True,0.7080283855710501,0.850123287495866,-0.0,2.80021423189944,0.75,0.0,0.25,0.75,Reference-stable direction,Increases attack logit,Moderately reference-stable,Present only with explicit reference-sensitivity caveat
MLP_TP_01,mlp,MLP,TP,10547,257756,1,Infilteration,14,Bwd Pkt Len Std,0.0,-0.6783645153045654,-0.978325603218485,0.978325603218485,4,True,-0.978325603218485,0.9326937649841563,-2.5816278156790817,0.0,0.0,0.625,0.375,0.625,Reference-sensitive direction,Decreases attack logit,Moderately reference-stable,Present only with explicit reference-sensitivity caveat
MLP_TP_01,mlp,MLP,TP,10547,257756,1,Infilteration,40,Pkt Len Max,0.0,-0.7656013369560242,0.53494829739665,0.53494829739665,9,True,0.5349482973966502,0.6222302116041093,-0.003049516350868,1.9819878636082588,0.75,0.0625,0.1875,0.75,Reference-stable direction,Increases attack logit,Moderately reference-stable,Present only with explicit reference-sensitivity caveat
MLP_TP_01,mlp,MLP,TP,10547,257756,1,Infilteration,41,Pkt Len Mean,0.0,-0.7634954452514648,0.7258351332001405,0.7258351332001405,5,True,0.7258351332001405,0.7489770927052406,-0.0,2.6216653473511498,0.8125,0.0,0.1875,0.8125,Reference-stable direction,Increases attack logit,Moderately reference-stable,Present only with explicit reference-sensitivity caveat
MLP_TP_01,mlp,MLP,TP,10547,257756,1,Infilteration,51,ECE Flag Cnt,0.0,-0.5218309164047241,-0.5804867462259826,0.5804867462259826,8,True,-0.5804867462259826,0.8464046406003808,-2.451243347289582,0.0,0.0,0.375,0.625,0.625,Reference-sensitive direction,Decreases attack logit,Moderately reference-stable,Present only with explicit reference-sensitivity caveat
MLP_TP_01,mlp,MLP,TP,10547,257756,1,Infilteration,52,Down/Up Ratio,3.0,2.62729287147522,1.7586317332724917,1.7586317332724917,1,True,1.758631733272492,0.6544045782611579,0.7395024426064436,3.0489764248988087,1.0,0.0,0.0,1.0,Reference-stable direction,Increases attack logit,Moderately reference-stable,Present only with explicit reference-sensitivity caveat
MLP_TP_01,mlp,MLP,TP,10547,257756,1,Infilteration,54,Fwd Seg Size Avg,0.0,-0.7370033860206604,-0.6468887935408888,0.6468887935408888,7,True,-0.6468887935408885,0.961342493106221,-2.8697076989954957,0.1264400699615138,0.0625,0.75,0.1875,0.75,Reference-stable direction,Decreases attack logit,Moderately reference-stable,Present only with explicit reference-sensitivity caveat
MLP_TP_01,mlp,MLP,TP,10547,257756,1,Infilteration,66,Init Fwd Win Byts,1024.0,-0.6936777234077454,1.5399059172930254,1.5399059172930254,2,True,1.5399059172930256,2.868993459099024,-0.0795697843888322,9.183447955993453,0.65625,0.34375,0.0,0.65625,Moderately stable direction,Increases attack logit,Moderately reference-stable,Present only with explicit reference-sensitivity caveat
MLP_TP_01,mlp,MLP,TP,10547,257756,1,Infilteration,69,Fwd Seg Size Min,24.0,0.1813714355230331,0.4938854436950986,0.4938854436950986,10,True,0.4938854436950987,0.5627062670264353,-0.1799407236407027,1.8759018152824287,0.9375,0.0625,0.0,0.9375,Reference-stable direction,Increases attack logit,Moderately reference-stable,Present only with explicit reference-sensitivity caveat
MLP_TP_02,mlp,MLP,TP,48488,164174,1,Bot,0,Dst Port,8080.0,-0.1534778773784637,3.830902963651485,3.830902963651485,1,True,3.830902963651485,4.702476782578212,0.054760241932908,15.23412876755116,1.0,0.0,0.0,1.0,Reference-stable direction,Increases attack logit,Moderately reference-stable,Present only with explicit reference-sensitivity caveat
MLP_TP_02,mlp,MLP,TP,48488,164174,1,Bot,7,Fwd Pkt Len Max,0.0,-0.6599207520484924,2.424834816933121,2.424834816933121,2,True,2.424834816933121,3.6808828806526734,-0.0,11.87951001912623,0.8125,0.0,0.1875,0.8125,Reference-stable direction,Increases attack logit,Moderately reference-stable,Present only with explicit reference-sensitivity caveat
MLP_TP_02,mlp,MLP,TP,48488,164174,1,Bot,10,Fwd Pkt Len Std,0.0,-0.6824519038200378,-1.3369557128181715,1.3369557128181715,10,True,-1.3369557128181715,1.2559970840693735,-4.426774377053524,0.0,0.0,0.6875,0.3125,0.6875,Moderately stable direction,Decreases attack logit,Moderately reference-stable,Present only with explicit reference-sensitivity caveat
MLP_TP_02,mlp,MLP,TP,48488,164174,1,Bot,11,Bwd Pkt Len Max,0.0,-0.684525191783905,1.430087351437603,1.430087351437603,8,True,1.4300873514376031,1.5769079218013244,-0.0,4.57924084522957,0.75,0.0,0.25,0.75,Reference-stable direction,Increases attack logit,Moderately reference-stable,Present only with explicit reference-sensitivity caveat
MLP_TP_02,mlp,MLP,TP,48488,164174,1,Bot,14,Bwd Pkt Len Std,0.0,-0.6783645153045654,-1.92234230823085,1.92234230823085,4,True,-1.9223423082308495,1.8687481913292456,-4.841155197445467,0.0,0.0,0.625,0.375,0.625,Reference-sensitive direction,Decreases attack logit,Moderately reference-stable,Present only with explicit reference-sensitivity caveat
MLP_TP_02,mlp,MLP,TP,48488,164174,1,Bot,40,Pkt Len Max,0.0,-0.7656013369560242,1.858916700079879,1.858916700079879,5,True,1.858916700079879,1.6582368694133165,-0.0,4.4025743606011485,0.8125,0.0,0.1875,0.8125,Reference-stable direction,Increases attack logit,Moderately reference-stable,Present only with explicit reference-sensitivity caveat
MLP_TP_02,mlp,MLP,TP,48488,164174,1,Bot,41,Pkt Len Mean,0.0,-0.7634954452514648,1.7484003179636027,1.7484003179636027,6,True,1.7484003179636023,1.6160274299650754,-0.0,4.638501994023914,0.8125,0.0,0.1875,0.8125,Reference-stable direction,Increases attack logit,Moderately reference-stable,Present only with explicit reference-sensitivity caveat
MLP_TP_02,mlp,MLP,TP,48488,164174,1,Bot,42,Pkt Len Std,0.0,-0.7985594868659973,1.6560130744788266,1.6560130744788266,7,True,1.6560130744788268,1.622375737546634,-0.0,5.179102729503551,0.8125,0.0,0.1875,0.8125,Reference-stable direction,Increases attack logit,Moderately reference-stable,Present only with explicit reference-sensitivity caveat
MLP_TP_02,mlp,MLP,TP,48488,164174,1,Bot,47,PSH Flag Cnt,0.0,-1.0575153827667236,1.9879739817359865,1.9879739817359865,3,True,1.9879739817359865,2.190704935772329,-1.248906149364494,7.420872259037168,0.59375,0.03125,0.375,0.59375,Reference-sensitive direction,Increases attack logit,Moderately reference-stable,Present only with explicit reference-sensitivity caveat
MLP_TP_02,mlp,MLP,TP,48488,164174,1,Bot,48,ACK Flag Cnt,1.0,1.5607398748397827,1.343861116340462,1.343861116340462,9,True,1.3438611163404617,1.3257171920678124,-0.092472776225061,5.526705939475551,0.75,0.03125,0.21875,0.75,Reference-stable direction,Increases attack logit,Moderately reference-stable,Present only with explicit reference-sensitivity caveat
MLP_TP_03,mlp,MLP,TP,6980,196556,1,DDOS attack-HOIC,0,Dst Port,80.0,-0.5512083768844604,2.0204058256187643,2.0204058256187643,5,True,2.0204058256187647,4.016994917703332,-0.6129369892794143,12.887458157923485,0.4375,0.46875,0.09375,0.46875,Reference-sensitive direction,Increases attack logit,Moderately reference-stable,Present only with explicit reference-sensitivity caveat
MLP_TP_03,mlp,MLP,TP,6980,196556,1,DDOS attack-HOIC,7,Fwd Pkt Len Max,0.0,-0.6599207520484924,3.4212538747146146,3.4212538747146146,2,True,3.421253874714614,4.085066406956075,-0.0,11.24093304354442,0.8125,0.0,0.1875,0.8125,Reference-stable direction,Increases attack logit,Moderately reference-stable,Present only with explicit reference-sensitivity caveat
MLP_TP_03,mlp,MLP,TP,6980,196556,1,DDOS attack-HOIC,14,Bwd Pkt Len Std,0.0,-0.6783645153045654,-3.315354277541851,3.315354277541851,3,True,-3.315354277541851,3.3234622728801875,-9.1496154030351,0.0,0.0,0.625,0.375,0.625,Reference-sensitive direction,Decreases attack logit,Moderately reference-stable,Present only with explicit reference-sensitivity caveat
MLP_TP_03,mlp,MLP,TP,6980,196556,1,DDOS attack-HOIC,40,Pkt Len Max,0.0,-0.7656013369560242,1.3752820753267363,1.3752820753267363,9,True,1.3752820753267363,1.271432503106407,-0.0,3.617483864342109,0.8125,0.0,0.1875,0.8125,Reference-stable direction,Increases attack logit,Moderately reference-stable,Present only with explicit reference-sensitivity caveat
MLP_TP_03,mlp,MLP,TP,6980,196556,1,DDOS attack-HOIC,41,Pkt Len Mean,0.0,-0.7634954452514648,1.4308822452336405,1.4308822452336405,8,True,1.4308822452336407,1.465032964189286,-0.0,5.130088339781016,0.8125,0.0,0.1875,0.8125,Reference-stable direction,Increases attack logit,Moderately reference-stable,Present only with explicit reference-sensitivity caveat
MLP_TP_03,mlp,MLP,TP,6980,196556,1,DDOS attack-HOIC,47,PSH Flag Cnt,0.0,-1.0575153827667236,3.7510115882989705,3.7510115882989705,1,True,3.7510115882989705,3.696355602486301,-0.0,12.515924798274206,0.625,0.0,0.375,0.625,Reference-sensitive direction,Increases attack logit,Moderately reference-stable,Present only with explicit reference-sensitivity caveat
MLP_TP_03,mlp,MLP,TP,6980,196556,1,DDOS attack-HOIC,48,ACK Flag Cnt,1.0,1.5607398748397827,2.747587112181799,2.747587112181799,4,True,2.7475871121818,2.038977211431219,-0.0,7.902492829830798,0.78125,0.0,0.21875,0.78125,Reference-stable direction,Increases attack logit,Moderately reference-stable,Present only with explicit reference-sensitivity caveat
MLP_TP_03,mlp,MLP,TP,6980,196556,1,DDOS attack-HOIC,51,ECE Flag Cnt,0.0,-0.5218309164047241,-1.7701086508904351,1.7701086508904351,7,True,-1.7701086508904351,2.4235647529399107,-6.875508540181647,0.0,0.0,0.375,0.625,0.625,Reference-sensitive direction,Decreases attack logit,Moderately reference-stable,Present only with explicit reference-sensitivity caveat
MLP_TP_03,mlp,MLP,TP,6980,196556,1,DDOS attack-HOIC,54,Fwd Seg Size Avg,0.0,-0.7370033860206604,-1.2307320982709642,1.2307320982709642,10,True,-1.2307320982709642,1.2103858676943318,-4.239827277758355,0.0,0.0,0.8125,0.1875,0.8125,Reference-stable direction,Decreases attack logit,Moderately reference-stable,Present only with explicit reference-sensitivity caveat
MLP_TP_03,mlp,MLP,TP,6980,196556,1,DDOS attack-HOIC,67,Init Bwd Win Byts,-1.0,-0.4095837473869324,1.9459823019969988,1.9459823019969988,6,True,1.9459823019969988,3.3630553178990708,-0.1820698696295232,11.209913526479044,0.59375,0.09375,0.3125,0.59375,Reference-sensitive direction,Increases attack logit,Moderately reference-stable,Present only with explicit reference-sensitivity caveat
MLP_TP_04,mlp,MLP,TP,51750,113967,1,Bot,0,Dst Port,8080.0,-0.1534778773784637,2.6768022844930623,2.6768022844930623,2,True,2.6768022844930623,1.6854099494351755,-1.319702216816771,5.682442842947405,0.9375,0.0625,0.0,0.9375,Reference-stable direction,Increases attack logit,Reference-sensitive,Supplementary diagnostic only
MLP_TP_04,mlp,MLP,TP,51750,113967,1,Bot,7,Fwd Pkt Len Max,326.0,0.1753255575895309,1.544292001594839,1.544292001594839,7,True,1.544292001594839,4.498445970430953,-2.6071419685534134,12.115782613508244,0.4375,0.5625,0.0,0.5625,Reference-sensitive direction,Increases attack logit,Reference-sensitive,Supplementary diagnostic only
MLP_TP_04,mlp,MLP,TP,51750,113967,1,Bot,10,Fwd Pkt Len Std,188.2161878,0.5440699458122253,1.2514691866194227,1.2514691866194227,8,True,1.2514691866194227,3.7266722573722175,-4.990285292747642,7.451324490526441,0.625,0.375,0.0,0.625,Reference-sensitive direction,Increases attack logit,Reference-sensitive,Supplementary diagnostic only
MLP_TP_04,mlp,MLP,TP,51750,113967,1,Bot,11,Bwd Pkt Len Max,112.0,-0.43702232837677,1.6108357572929974,1.6108357572929974,6,True,1.6108357572929972,2.1835579833592487,-0.6804821119955102,5.874748032385053,0.625,0.375,0.0,0.625,Reference-sensitive direction,Increases attack logit,Reference-sensitive,Supplementary diagnostic only
MLP_TP_04,mlp,MLP,TP,51750,113967,1,Bot,14,Bwd Pkt Len Std,53.7672453,-0.4002009928226471,-1.9949687726532492,1.9949687726532492,3,True,-1.994968772653249,2.62169275546918,-6.242906080098114,1.2029040681059096,0.375,0.625,0.0,0.625,Reference-sensitive direction,Decreases attack logit,Reference-sensitive,Supplementary diagnostic only
MLP_TP_04,mlp,MLP,TP,51750,113967,1,Bot,40,Pkt Len Max,326.0,-0.1476111114025116,0.99396667218543,0.99396667218543,9,True,0.99396667218543,1.6654337294447743,-1.529757855644673,3.134659244038772,0.53125,0.46875,0.0,0.53125,Reference-sensitive direction,Increases attack logit,Reference-sensitive,Supplementary diagnostic only
MLP_TP_04,mlp,MLP,TP,51750,113967,1,Bot,51,ECE Flag Cnt,1.0,1.9163296222686768,1.909856184951633,1.909856184951633,4,True,1.909856184951633,2.0603573223465417,-0.0987553457906272,6.584065561874574,0.59375,0.03125,0.375,0.59375,Reference-sensitive direction,Increases attack logit,Reference-sensitive,Supplementary diagnostic only
MLP_TP_04,mlp,MLP,TP,51750,113967,1,Bot,66,Init Fwd Win Byts,8192.0,-0.3464187979698181,1.735891794058256,1.735891794058256,5,True,1.735891794058256,2.547577102881013,0.0,8.375771436865577,0.5,0.0,0.5,0.5,Reference-sensitive direction,Increases attack logit,Reference-sensitive,Supplementary diagnostic only
MLP_TP_04,mlp,MLP,TP,51750,113967,1,Bot,67,Init Bwd Win Byts,219.0,-0.3976983726024627,2.863395677425618,2.863395677425618,1,True,2.863395677425617,4.193521195063398,-0.044046604910152,11.934217988908529,0.40625,0.59375,0.0,0.59375,Reference-sensitive direction,Increases attack logit,Reference-sensitive,Supplementary diagnostic only
MLP_TP_04,mlp,MLP,TP,51750,113967,1,Bot,69,Fwd Seg Size Min,20.0,-0.221856951713562,0.9580542179322294,0.9580542179322294,10,True,0.9580542179322294,2.5650500586814253,-2.461433187150215,7.395065746009296,0.21875,0.0625,0.71875,0.71875,Moderately stable direction,Increases attack logit,Reference-sensitive,Supplementary diagnostic only
MLP_TP_05,mlp,MLP,TP,45967,44631,1,DoS attacks-SlowHTTPTest,7,Fwd Pkt Len Max,0.0,-0.6599207520484924,5.569775438276482,5.569775438276482,3,True,5.569775438276482,7.082207002762806,-0.0,21.0926153528727,0.8125,0.0,0.1875,0.8125,Reference-stable direction,Increases attack logit,Reference-robust,Eligible for direct case-level presentation
MLP_TP_05,mlp,MLP,TP,45967,44631,1,DoS attacks-SlowHTTPTest,10,Fwd Pkt Len Std,0.0,-0.6824519038200378,-3.661394567017766,3.661394567017766,7,True,-3.6613945670177657,4.030401667977933,-14.461923954605766,0.0,0.0,0.6875,0.3125,0.6875,Moderately stable direction,Decreases attack logit,Reference-robust,Eligible for direct case-level presentation
MLP_TP_05,mlp,MLP,TP,45967,44631,1,DoS attacks-SlowHTTPTest,11,Bwd Pkt Len Max,0.0,-0.684525191783905,2.333570267867446,2.333570267867446,9,True,2.333570267867445,2.485965005301385,-0.0,7.112895000335156,0.75,0.0,0.25,0.75,Reference-stable direction,Increases attack logit,Reference-robust,Eligible for direct case-level presentation
MLP_TP_05,mlp,MLP,TP,45967,44631,1,DoS attacks-SlowHTTPTest,14,Bwd Pkt Len Std,0.0,-0.6783645153045654,-4.585737598003183,4.585737598003183,5,True,-4.585737598003183,4.51519215716009,-13.192587936415109,0.0,0.0,0.625,0.375,0.625,Reference-sensitive direction,Decreases attack logit,Reference-robust,Eligible for direct case-level presentation
MLP_TP_05,mlp,MLP,TP,45967,44631,1,DoS attacks-SlowHTTPTest,37,Fwd Pkts/s,333333.3333,0.9944902658462524,-2.8682019242819043,2.8682019242819043,8,True,-2.8682019242819043,0.9357236589485808,-5.010198095589809,-0.4999354270783245,0.0,1.0,0.0,1.0,Reference-stable direction,Decreases attack logit,Reference-robust,Eligible for direct case-level presentation
MLP_TP_05,mlp,MLP,TP,45967,44631,1,DoS attacks-SlowHTTPTest,38,Bwd Pkts/s,333333.3333,1.3414087295532229,5.789470885479199,5.789470885479199,2,True,5.7894708854792,1.959792097654793,2.77239263253229,9.602821293894753,1.0,0.0,0.0,1.0,Reference-stable direction,Increases attack logit,Reference-robust,Eligible for direct case-level presentation
MLP_TP_05,mlp,MLP,TP,45967,44631,1,DoS attacks-SlowHTTPTest,47,PSH Flag Cnt,1.0,0.9456127285957336,-2.329924867741969,2.329924867741969,10,True,-2.329924867741969,3.118886479822252,-7.937745682929989,-0.0,0.0,0.375,0.625,0.625,Reference-sensitive direction,Decreases attack logit,Reference-robust,Eligible for direct case-level presentation
MLP_TP_05,mlp,MLP,TP,45967,44631,1,DoS attacks-SlowHTTPTest,54,Fwd Seg Size Avg,0.0,-0.7370033860206604,-4.27600882364392,4.27600882364392,6,True,-4.27600882364392,4.124180509133766,-13.548837762638282,0.0,0.0,0.8125,0.1875,0.8125,Reference-stable direction,Decreases attack logit,Reference-robust,Eligible for direct case-level presentation
MLP_TP_05,mlp,MLP,TP,45967,44631,1,DoS attacks-SlowHTTPTest,66,Init Fwd Win Byts,26883.0,0.5590801239013672,5.302252370709498,5.302252370709498,4,True,5.302252370709498,2.387107801274163,1.0060611497035,11.587663342315636,1.0,0.0,0.0,1.0,Reference-stable direction,Increases attack logit,Reference-robust,Eligible for direct case-level presentation
MLP_TP_05,mlp,MLP,TP,45967,44631,1,DoS attacks-SlowHTTPTest,69,Fwd Seg Size Min,40.0,1.7942849397659302,12.51627381504406,12.51627381504406,1,True,12.51627381504406,4.890922349415683,4.162229540228706,20.43057047675042,1.0,0.0,0.0,1.0,Reference-stable direction,Increases attack logit,Reference-robust,Eligible for direct case-level presentation
MLP_TP_06,mlp,MLP,TP,3207,105915,1,DoS attacks-SlowHTTPTest,7,Fwd Pkt Len Max,0.0,-0.6599207520484924,6.171069531555787,6.171069531555787,3,True,6.171069531555785,7.7841596805038815,-0.0,23.107824245771205,0.8125,0.0,0.1875,0.8125,Reference-stable direction,Increases attack logit,Reference-robust,Eligible for direct case-level presentation
MLP_TP_06,mlp,MLP,TP,3207,105915,1,DoS attacks-SlowHTTPTest,10,Fwd Pkt Len Std,0.0,-0.6824519038200378,-4.462047383154956,4.462047383154956,7,True,-4.462047383154955,4.711203551360866,-15.5095517712311,0.0,0.0,0.6875,0.3125,0.6875,Moderately stable direction,Decreases attack logit,Reference-robust,Eligible for direct case-level presentation
MLP_TP_06,mlp,MLP,TP,3207,105915,1,DoS attacks-SlowHTTPTest,14,Bwd Pkt Len Std,0.0,-0.6783645153045654,-5.307096453133651,5.307096453133651,5,True,-5.307096453133651,5.152641619074015,-15.115232006457264,0.0,0.0,0.625,0.375,0.625,Reference-sensitive direction,Decreases attack logit,Reference-robust,Eligible for direct case-level presentation
MLP_TP_06,mlp,MLP,TP,3207,105915,1,DoS attacks-SlowHTTPTest,16,Flow Pkts/s,1000000.0,2.015492677688598,2.873318868776158,2.873318868776158,9,True,2.873318868776158,1.4640461094532866,0.5019000980537304,6.117572401005216,1.0,0.0,0.0,1.0,Reference-stable direction,Increases attack logit,Reference-robust,Eligible for direct case-level presentation
MLP_TP_06,mlp,MLP,TP,3207,105915,1,DoS attacks-SlowHTTPTest,37,Fwd Pkts/s,500000.0,1.6591709852218628,-5.100351251018134,5.100351251018134,6,True,-5.100351251018134,1.442358610534907,-7.840005494377116,-1.4132574833375515,0.0,1.0,0.0,1.0,Reference-stable direction,Decreases attack logit,Reference-robust,Eligible for direct case-level presentation
MLP_TP_06,mlp,MLP,TP,3207,105915,1,DoS attacks-SlowHTTPTest,38,Bwd Pkts/s,500000.0,2.187605142593384,9.68965917286056,9.68965917286056,2,True,9.689659172860557,2.906586536555469,4.208638930743344,15.217072625392072,1.0,0.0,0.0,1.0,Reference-stable direction,Increases attack logit,Reference-robust,Eligible for direct case-level presentation
MLP_TP_06,mlp,MLP,TP,3207,105915,1,DoS attacks-SlowHTTPTest,51,ECE Flag Cnt,0.0,-0.5218309164047241,-2.573554755633136,2.573554755633136,10,True,-2.573554755633136,3.760373343426755,-11.27265012495379,0.0,0.0,0.375,0.625,0.625,Reference-sensitive direction,Decreases attack logit,Reference-robust,Eligible for direct case-level presentation
MLP_TP_06,mlp,MLP,TP,3207,105915,1,DoS attacks-SlowHTTPTest,54,Fwd Seg Size Avg,0.0,-0.7370033860206604,-4.301465739273933,4.301465739273933,8,True,-4.301465739273932,4.221415570859972,-14.023472946903947,0.0,0.0,0.8125,0.1875,0.8125,Reference-stable direction,Decreases attack logit,Reference-robust,Eligible for direct case-level presentation
MLP_TP_06,mlp,MLP,TP,3207,105915,1,DoS attacks-SlowHTTPTest,66,Init Fwd Win Byts,26883.0,0.5590801239013672,5.5859386845650825,5.5859386845650825,4,True,5.5859386845650825,2.3109054649754586,1.4500593360946956,12.063136385916538,1.0,0.0,0.0,1.0,Reference-stable direction,Increases attack logit,Reference-robust,Eligible for direct case-level presentation
MLP_TP_06,mlp,MLP,TP,3207,105915,1,DoS attacks-SlowHTTPTest,69,Fwd Seg Size Min,40.0,1.7942849397659302,14.861413093617482,14.861413093617482,1,True,14.861413093617482,5.430443754884839,4.846720004201505,23.435861693667764,1.0,0.0,0.0,1.0,Reference-stable direction,Increases attack logit,Reference-robust,Eligible for direct case-level presentation
MLP_TP_07,mlp,MLP,TP,32090,132657,1,FTP-BruteForce,7,Fwd Pkt Len Max,0.0,-0.6599207520484924,6.171069531555787,6.171069531555787,3,True,6.171069531555785,7.7841596805038815,-0.0,23.107824245771205,0.8125,0.0,0.1875,0.8125,Reference-stable direction,Increases attack logit,Reference-robust,Eligible for direct case-level presentation
MLP_TP_07,mlp,MLP,TP,32090,132657,1,FTP-BruteForce,10,Fwd Pkt Len Std,0.0,-0.6824519038200378,-4.462047383154956,4.462047383154956,7,True,-4.462047383154955,4.711203551360866,-15.5095517712311,0.0,0.0,0.6875,0.3125,0.6875,Moderately stable direction,Decreases attack logit,Reference-robust,Eligible for direct case-level presentation
MLP_TP_07,mlp,MLP,TP,32090,132657,1,FTP-BruteForce,14,Bwd Pkt Len Std,0.0,-0.6783645153045654,-5.307096453133651,5.307096453133651,5,True,-5.307096453133651,5.152641619074015,-15.115232006457264,0.0,0.0,0.625,0.375,0.625,Reference-sensitive direction,Decreases attack logit,Reference-robust,Eligible for direct case-level presentation
MLP_TP_07,mlp,MLP,TP,32090,132657,1,FTP-BruteForce,16,Flow Pkts/s,1000000.0,2.015492677688598,2.873318868776158,2.873318868776158,9,True,2.873318868776158,1.4640461094532866,0.5019000980537304,6.117572401005216,1.0,0.0,0.0,1.0,Reference-stable direction,Increases attack logit,Reference-robust,Eligible for direct case-level presentation
MLP_TP_07,mlp,MLP,TP,32090,132657,1,FTP-BruteForce,37,Fwd Pkts/s,500000.0,1.6591709852218628,-5.100351251018134,5.100351251018134,6,True,-5.100351251018134,1.442358610534907,-7.840005494377116,-1.4132574833375515,0.0,1.0,0.0,1.0,Reference-stable direction,Decreases attack logit,Reference-robust,Eligible for direct case-level presentation
MLP_TP_07,mlp,MLP,TP,32090,132657,1,FTP-BruteForce,38,Bwd Pkts/s,500000.0,2.187605142593384,9.68965917286056,9.68965917286056,2,True,9.689659172860557,2.906586536555469,4.208638930743344,15.217072625392072,1.0,0.0,0.0,1.0,Reference-stable direction,Increases attack logit,Reference-robust,Eligible for direct case-level presentation
MLP_TP_07,mlp,MLP,TP,32090,132657,1,FTP-BruteForce,51,ECE Flag Cnt,0.0,-0.5218309164047241,-2.573554755633136,2.573554755633136,10,True,-2.573554755633136,3.760373343426755,-11.27265012495379,0.0,0.0,0.375,0.625,0.625,Reference-sensitive direction,Decreases attack logit,Reference-robust,Eligible for direct case-level presentation
MLP_TP_07,mlp,MLP,TP,32090,132657,1,FTP-BruteForce,54,Fwd Seg Size Avg,0.0,-0.7370033860206604,-4.301465739273933,4.301465739273933,8,True,-4.301465739273932,4.221415570859972,-14.023472946903947,0.0,0.0,0.8125,0.1875,0.8125,Reference-stable direction,Decreases attack logit,Reference-robust,Eligible for direct case-level presentation
MLP_TP_07,mlp,MLP,TP,32090,132657,1,FTP-BruteForce,66,Init Fwd Win Byts,26883.0,0.5590801239013672,5.5859386845650825,5.5859386845650825,4,True,5.5859386845650825,2.3109054649754586,1.4500593360946956,12.063136385916538,1.0,0.0,0.0,1.0,Reference-stable direction,Increases attack logit,Reference-robust,Eligible for direct case-level presentation
MLP_TP_07,mlp,MLP,TP,32090,132657,1,FTP-BruteForce,69,Fwd Seg Size Min,40.0,1.7942849397659302,14.861413093617482,14.861413093617482,1,True,14.861413093617482,5.430443754884839,4.846720004201505,23.435861693667764,1.0,0.0,0.0,1.0,Reference-stable direction,Increases attack logit,Reference-robust,Eligible for direct case-level presentation
MLP_TP_08,mlp,MLP,TP,60182,135407,1,DoS attacks-GoldenEye,10,Fwd Pkt Len Std,224.5,0.7805154919624329,3.0687771479670127,3.0687771479670127,5,True,3.0687771479670127,4.647149041439525,-5.663571095659368,11.499158302747398,0.75,0.25,0.0,0.75,Reference-stable direction,Increases attack logit,Moderately reference-stable,Present only with explicit reference-sensitivity caveat
MLP_TP_08,mlp,MLP,TP,60182,135407,1,DoS attacks-GoldenEye,11,Bwd Pkt Len Max,972.0,1.4634459018707275,-3.16044607706044,3.16044607706044,4,True,-3.16044607706044,3.4308658094046174,-8.415561721651969,3.4850587525606325,0.25,0.75,0.0,0.75,Reference-stable direction,Decreases attack logit,Moderately reference-stable,Present only with explicit reference-sensitivity caveat
MLP_TP_08,mlp,MLP,TP,60182,135407,1,DoS attacks-GoldenEye,14,Bwd Pkt Len Std,486.0,1.8359442949295044,8.650333474477454,8.650333474477454,2,True,8.650333474477456,6.12059634859533,-3.71025971411745,16.44895799538944,0.875,0.125,0.0,0.875,Reference-stable direction,Increases attack logit,Moderately reference-stable,Present only with explicit reference-sensitivity caveat
MLP_TP_08,mlp,MLP,TP,60182,135407,1,DoS attacks-GoldenEye,41,Pkt Len Mean,157.8888888889,0.7789022922515869,-1.5432192489585832,1.5432192489585832,10,True,-1.5432192489585832,2.1023682937014168,-5.282290122094368,2.5138451426347976,0.25,0.75,0.0,0.75,Reference-stable direction,Decreases attack logit,Moderately reference-stable,Present only with explicit reference-sensitivity caveat
MLP_TP_08,mlp,MLP,TP,60182,135407,1,DoS attacks-GoldenEye,42,Pkt Len Std,339.4894860097,1.2693946361541748,-1.7377818958029352,1.7377818958029352,9,True,-1.737781895802935,2.1123165159794706,-5.486034222849639,1.909854918481709,0.25,0.75,0.0,0.75,Reference-stable direction,Decreases attack logit,Moderately reference-stable,Present only with explicit reference-sensitivity caveat
MLP_TP_08,mlp,MLP,TP,60182,135407,1,DoS attacks-GoldenEye,47,PSH Flag Cnt,1.0,0.9456127285957336,-2.734592931520973,2.734592931520973,6,True,-2.7345929315209725,3.699893291555572,-9.60087058273058,-0.0,0.0,0.375,0.625,0.625,Reference-sensitive direction,Decreases attack logit,Moderately reference-stable,Present only with explicit reference-sensitivity caveat
MLP_TP_08,mlp,MLP,TP,60182,135407,1,DoS attacks-GoldenEye,51,ECE Flag Cnt,0.0,-0.5218309164047241,-2.1844354630459413,2.1844354630459413,7,True,-2.1844354630459417,3.086062471164768,-8.693707430929003,0.0,0.0,0.375,0.625,0.625,Reference-sensitive direction,Decreases attack logit,Moderately reference-stable,Present only with explicit reference-sensitivity caveat
MLP_TP_08,mlp,MLP,TP,60182,135407,1,DoS attacks-GoldenEye,66,Init Fwd Win Byts,26883.0,0.5590801239013672,6.119004214161996,6.119004214161996,3,True,6.119004214161997,2.1762058181741706,2.210952546864564,11.713548270071412,1.0,0.0,0.0,1.0,Reference-stable direction,Increases attack logit,Moderately reference-stable,Present only with explicit reference-sensitivity caveat
MLP_TP_08,mlp,MLP,TP,60182,135407,1,DoS attacks-GoldenEye,67,Init Bwd Win Byts,219.0,-0.3976983726024627,1.8671797281764844,1.8671797281764844,8,True,1.8671797281764844,2.762565217629306,-0.0234917823906329,7.116914598788428,0.40625,0.59375,0.0,0.59375,Reference-sensitive direction,Increases attack logit,Moderately reference-stable,Present only with explicit reference-sensitivity caveat
MLP_TP_08,mlp,MLP,TP,60182,135407,1,DoS attacks-GoldenEye,69,Fwd Seg Size Min,32.0,0.9878281950950624,10.801994741040652,10.801994741040652,1,True,10.801994741040652,6.717453697066538,0.0,26.004931748650755,0.90625,0.0,0.09375,0.90625,Reference-stable direction,Increases attack logit,Moderately reference-stable,Present only with explicit reference-sensitivity caveat
