cell_id,family,direction,bridge,variant,operating_point,threshold,tpr,actual_fpr,projection_prevalence,ppv_target,required_max_fpr,required_fpr_status,actual_fpr_meets_requirement,verification_ppv
STAGE22_RANDOM,STAGE22_RANDOM,IDS2018_RANDOM_VALIDATION,FULL_70_FEATURE,RANDOM_NATURAL,STANDARD,0.5,0.9684581453125792,3.456562464705885e-05,0.1,0.1,0.9684581453125792,FINITE,True,0.1
STAGE22_RANDOM,STAGE22_RANDOM,IDS2018_RANDOM_VALIDATION,FULL_70_FEATURE,RANDOM_NATURAL,STANDARD,0.5,0.9684581453125792,3.456562464705885e-05,0.1,0.25,0.3228193817708597,FINITE,True,0.25
STAGE22_RANDOM,STAGE22_RANDOM,IDS2018_RANDOM_VALIDATION,FULL_70_FEATURE,RANDOM_NATURAL,STANDARD,0.5,0.9684581453125792,3.456562464705885e-05,0.1,0.5,0.10760646059028658,FINITE,True,0.5
STAGE22_RANDOM,STAGE22_RANDOM,IDS2018_RANDOM_VALIDATION,FULL_70_FEATURE,RANDOM_NATURAL,STANDARD,0.5,0.9684581453125792,3.456562464705885e-05,0.1,0.75,0.03586882019676219,FINITE,True,0.75
STAGE22_RANDOM,STAGE22_RANDOM,IDS2018_RANDOM_VALIDATION,FULL_70_FEATURE,RANDOM_NATURAL,STANDARD,0.5,0.9684581453125792,3.456562464705885e-05,0.1,0.9,0.01195627339892073,FINITE,True,0.9
STAGE22_RANDOM,STAGE22_RANDOM,IDS2018_RANDOM_VALIDATION,FULL_70_FEATURE,RANDOM_NATURAL,STANDARD,0.5,0.9684581453125792,3.456562464705885e-05,0.03,0.1,0.2695708239529859,FINITE,True,0.10000000000000002
STAGE22_RANDOM,STAGE22_RANDOM,IDS2018_RANDOM_VALIDATION,FULL_70_FEATURE,RANDOM_NATURAL,STANDARD,0.5,0.9684581453125792,3.456562464705885e-05,0.03,0.25,0.08985694131766198,FINITE,True,0.25
STAGE22_RANDOM,STAGE22_RANDOM,IDS2018_RANDOM_VALIDATION,FULL_70_FEATURE,RANDOM_NATURAL,STANDARD,0.5,0.9684581453125792,3.456562464705885e-05,0.03,0.5,0.029952313772553994,FINITE,True,0.5
STAGE22_RANDOM,STAGE22_RANDOM,IDS2018_RANDOM_VALIDATION,FULL_70_FEATURE,RANDOM_NATURAL,STANDARD,0.5,0.9684581453125792,3.456562464705885e-05,0.03,0.75,0.00998410459085133,FINITE,True,0.75
STAGE22_RANDOM,STAGE22_RANDOM,IDS2018_RANDOM_VALIDATION,FULL_70_FEATURE,RANDOM_NATURAL,STANDARD,0.5,0.9684581453125792,3.456562464705885e-05,0.03,0.9,0.00332803486361711,FINITE,True,0.8999999999999999
STAGE22_RANDOM,STAGE22_RANDOM,IDS2018_RANDOM_VALIDATION,FULL_70_FEATURE,RANDOM_NATURAL,STANDARD,0.5,0.9684581453125792,3.456562464705885e-05,0.01,0.1,0.08804164957387084,FINITE,True,0.1
STAGE22_RANDOM,STAGE22_RANDOM,IDS2018_RANDOM_VALIDATION,FULL_70_FEATURE,RANDOM_NATURAL,STANDARD,0.5,0.9684581453125792,3.456562464705885e-05,0.01,0.25,0.029347216524623618,FINITE,True,0.25
STAGE22_RANDOM,STAGE22_RANDOM,IDS2018_RANDOM_VALIDATION,FULL_70_FEATURE,RANDOM_NATURAL,STANDARD,0.5,0.9684581453125792,3.456562464705885e-05,0.01,0.5,0.009782405508207873,FINITE,True,0.5
STAGE22_RANDOM,STAGE22_RANDOM,IDS2018_RANDOM_VALIDATION,FULL_70_FEATURE,RANDOM_NATURAL,STANDARD,0.5,0.9684581453125792,3.456562464705885e-05,0.01,0.75,0.003260801836069291,FINITE,True,0.75
STAGE22_RANDOM,STAGE22_RANDOM,IDS2018_RANDOM_VALIDATION,FULL_70_FEATURE,RANDOM_NATURAL,STANDARD,0.5,0.9684581453125792,3.456562464705885e-05,0.01,0.9,0.0010869339453564299,FINITE,True,0.9
STAGE22_RANDOM,STAGE22_RANDOM,IDS2018_RANDOM_VALIDATION,FULL_70_FEATURE,RANDOM_NATURAL,STANDARD,0.5,0.9684581453125792,3.456562464705885e-05,0.003,0.1,0.026227051076669648,FINITE,True,0.1
STAGE22_RANDOM,STAGE22_RANDOM,IDS2018_RANDOM_VALIDATION,FULL_70_FEATURE,RANDOM_NATURAL,STANDARD,0.5,0.9684581453125792,3.456562464705885e-05,0.003,0.25,0.008742350358889883,FINITE,True,0.25
STAGE22_RANDOM,STAGE22_RANDOM,IDS2018_RANDOM_VALIDATION,FULL_70_FEATURE,RANDOM_NATURAL,STANDARD,0.5,0.9684581453125792,3.456562464705885e-05,0.003,0.5,0.0029141167862966277,FINITE,True,0.5
STAGE22_RANDOM,STAGE22_RANDOM,IDS2018_RANDOM_VALIDATION,FULL_70_FEATURE,RANDOM_NATURAL,STANDARD,0.5,0.9684581453125792,3.456562464705885e-05,0.003,0.75,0.0009713722620988759,FINITE,True,0.75
STAGE22_RANDOM,STAGE22_RANDOM,IDS2018_RANDOM_VALIDATION,FULL_70_FEATURE,RANDOM_NATURAL,STANDARD,0.5,0.9684581453125792,3.456562464705885e-05,0.003,0.9,0.00032379075403295854,FINITE,True,0.9
STAGE22_RANDOM,STAGE22_RANDOM,IDS2018_RANDOM_VALIDATION,FULL_70_FEATURE,RANDOM_NATURAL,STANDARD,0.5,0.9684581453125792,3.456562464705885e-05,0.001,0.1,0.008724848155969182,FINITE,True,0.09999999999999999
STAGE22_RANDOM,STAGE22_RANDOM,IDS2018_RANDOM_VALIDATION,FULL_70_FEATURE,RANDOM_NATURAL,STANDARD,0.5,0.9684581453125792,3.456562464705885e-05,0.001,0.25,0.0029082827186563943,FINITE,True,0.25
STAGE22_RANDOM,STAGE22_RANDOM,IDS2018_RANDOM_VALIDATION,FULL_70_FEATURE,RANDOM_NATURAL,STANDARD,0.5,0.9684581453125792,3.456562464705885e-05,0.001,0.5,0.0009694275728854648,FINITE,True,0.5
STAGE22_RANDOM,STAGE22_RANDOM,IDS2018_RANDOM_VALIDATION,FULL_70_FEATURE,RANDOM_NATURAL,STANDARD,0.5,0.9684581453125792,3.456562464705885e-05,0.001,0.75,0.00032314252429515493,FINITE,True,0.75
STAGE22_RANDOM,STAGE22_RANDOM,IDS2018_RANDOM_VALIDATION,FULL_70_FEATURE,RANDOM_NATURAL,STANDARD,0.5,0.9684581453125792,3.456562464705885e-05,0.001,0.9,0.00010771417476505161,FINITE,True,0.9
STAGE22_RANDOM,STAGE22_RANDOM,IDS2018_RANDOM_VALIDATION,FULL_70_FEATURE,RANDOM_NATURAL,STANDARD,0.5,0.9684581453125792,3.456562464705885e-05,0.0001,0.1,0.0008716995007313945,FINITE,True,0.1
STAGE22_RANDOM,STAGE22_RANDOM,IDS2018_RANDOM_VALIDATION,FULL_70_FEATURE,RANDOM_NATURAL,STANDARD,0.5,0.9684581453125792,3.456562464705885e-05,0.0001,0.25,0.0002905665002437982,FINITE,True,0.25
STAGE22_RANDOM,STAGE22_RANDOM,IDS2018_RANDOM_VALIDATION,FULL_70_FEATURE,RANDOM_NATURAL,STANDARD,0.5,0.9684581453125792,3.456562464705885e-05,0.0001,0.5,9.685550008126605e-05,FINITE,True,0.5
STAGE22_RANDOM,STAGE22_RANDOM,IDS2018_RANDOM_VALIDATION,FULL_70_FEATURE,RANDOM_NATURAL,STANDARD,0.5,0.9684581453125792,3.456562464705885e-05,0.0001,0.75,3.228516669375535e-05,FINITE,False,0.75
STAGE22_RANDOM,STAGE22_RANDOM,IDS2018_RANDOM_VALIDATION,FULL_70_FEATURE,RANDOM_NATURAL,STANDARD,0.5,0.9684581453125792,3.456562464705885e-05,0.0001,0.9,1.0761722231251783e-05,FINITE,False,0.9
STAGE22_RANDOM,STAGE22_RANDOM,IDS2018_RANDOM_VALIDATION,FULL_70_FEATURE,RANDOM_NATURAL,BALANCED,0.46,0.968640673325559,5.98869543303694e-05,0.1,0.1,0.968640673325559,FINITE,True,0.1
STAGE22_RANDOM,STAGE22_RANDOM,IDS2018_RANDOM_VALIDATION,FULL_70_FEATURE,RANDOM_NATURAL,BALANCED,0.46,0.968640673325559,5.98869543303694e-05,0.1,0.25,0.322880224441853,FINITE,True,0.25
STAGE22_RANDOM,STAGE22_RANDOM,IDS2018_RANDOM_VALIDATION,FULL_70_FEATURE,RANDOM_NATURAL,BALANCED,0.46,0.968640673325559,5.98869543303694e-05,0.1,0.5,0.10762674148061768,FINITE,True,0.5
STAGE22_RANDOM,STAGE22_RANDOM,IDS2018_RANDOM_VALIDATION,FULL_70_FEATURE,RANDOM_NATURAL,BALANCED,0.46,0.968640673325559,5.98869543303694e-05,0.1,0.75,0.03587558049353923,FINITE,True,0.75
STAGE22_RANDOM,STAGE22_RANDOM,IDS2018_RANDOM_VALIDATION,FULL_70_FEATURE,RANDOM_NATURAL,BALANCED,0.46,0.968640673325559,5.98869543303694e-05,0.1,0.9,0.01195852683117974,FINITE,True,0.9
STAGE22_RANDOM,STAGE22_RANDOM,IDS2018_RANDOM_VALIDATION,FULL_70_FEATURE,RANDOM_NATURAL,BALANCED,0.46,0.968640673325559,5.98869543303694e-05,0.03,0.1,0.2696216307194855,FINITE,True,0.09999999999999999
STAGE22_RANDOM,STAGE22_RANDOM,IDS2018_RANDOM_VALIDATION,FULL_70_FEATURE,RANDOM_NATURAL,BALANCED,0.46,0.968640673325559,5.98869543303694e-05,0.03,0.25,0.08987387690649516,FINITE,True,0.25
STAGE22_RANDOM,STAGE22_RANDOM,IDS2018_RANDOM_VALIDATION,FULL_70_FEATURE,RANDOM_NATURAL,BALANCED,0.46,0.968640673325559,5.98869543303694e-05,0.03,0.5,0.029957958968831723,FINITE,True,0.5
STAGE22_RANDOM,STAGE22_RANDOM,IDS2018_RANDOM_VALIDATION,FULL_70_FEATURE,RANDOM_NATURAL,BALANCED,0.46,0.968640673325559,5.98869543303694e-05,0.03,0.75,0.009985986322943907,FINITE,True,0.75
STAGE22_RANDOM,STAGE22_RANDOM,IDS2018_RANDOM_VALIDATION,FULL_70_FEATURE,RANDOM_NATURAL,BALANCED,0.46,0.968640673325559,5.98869543303694e-05,0.03,0.9,0.0033286621076479683,FINITE,True,0.9
STAGE22_RANDOM,STAGE22_RANDOM,IDS2018_RANDOM_VALIDATION,FULL_70_FEATURE,RANDOM_NATURAL,BALANCED,0.46,0.968640673325559,5.98869543303694e-05,0.01,0.1,0.08805824302959628,FINITE,True,0.1
STAGE22_RANDOM,STAGE22_RANDOM,IDS2018_RANDOM_VALIDATION,FULL_70_FEATURE,RANDOM_NATURAL,BALANCED,0.46,0.968640673325559,5.98869543303694e-05,0.01,0.25,0.02935274767653209,FINITE,True,0.25
STAGE22_RANDOM,STAGE22_RANDOM,IDS2018_RANDOM_VALIDATION,FULL_70_FEATURE,RANDOM_NATURAL,BALANCED,0.46,0.968640673325559,5.98869543303694e-05,0.01,0.5,0.009784249225510697,FINITE,True,0.5
STAGE22_RANDOM,STAGE22_RANDOM,IDS2018_RANDOM_VALIDATION,FULL_70_FEATURE,RANDOM_NATURAL,BALANCED,0.46,0.968640673325559,5.98869543303694e-05,0.01,0.75,0.0032614164085035657,FINITE,True,0.75
STAGE22_RANDOM,STAGE22_RANDOM,IDS2018_RANDOM_VALIDATION,FULL_70_FEATURE,RANDOM_NATURAL,BALANCED,0.46,0.968640673325559,5.98869543303694e-05,0.01,0.9,0.0010871388028345216,FINITE,True,0.9
STAGE22_RANDOM,STAGE22_RANDOM,IDS2018_RANDOM_VALIDATION,FULL_70_FEATURE,RANDOM_NATURAL,BALANCED,0.46,0.968640673325559,5.98869543303694e-05,0.003,0.1,0.02623199416227692,FINITE,True,0.10000000000000002
STAGE22_RANDOM,STAGE22_RANDOM,IDS2018_RANDOM_VALIDATION,FULL_70_FEATURE,RANDOM_NATURAL,BALANCED,0.46,0.968640673325559,5.98869543303694e-05,0.003,0.25,0.008743998054092308,FINITE,True,0.25
STAGE22_RANDOM,STAGE22_RANDOM,IDS2018_RANDOM_VALIDATION,FULL_70_FEATURE,RANDOM_NATURAL,BALANCED,0.46,0.968640673325559,5.98869543303694e-05,0.003,0.5,0.0029146660180307694,FINITE,True,0.5
STAGE22_RANDOM,STAGE22_RANDOM,IDS2018_RANDOM_VALIDATION,FULL_70_FEATURE,RANDOM_NATURAL,BALANCED,0.46,0.968640673325559,5.98869543303694e-05,0.003,0.75,0.0009715553393435897,FINITE,True,0.7500000000000001
STAGE22_RANDOM,STAGE22_RANDOM,IDS2018_RANDOM_VALIDATION,FULL_70_FEATURE,RANDOM_NATURAL,BALANCED,0.46,0.968640673325559,5.98869543303694e-05,0.003,0.9,0.0003238517797811965,FINITE,True,0.9
STAGE22_RANDOM,STAGE22_RANDOM,IDS2018_RANDOM_VALIDATION,FULL_70_FEATURE,RANDOM_NATURAL,BALANCED,0.46,0.968640673325559,5.98869543303694e-05,0.001,0.1,0.008726492552482513,FINITE,True,0.1
STAGE22_RANDOM,STAGE22_RANDOM,IDS2018_RANDOM_VALIDATION,FULL_70_FEATURE,RANDOM_NATURAL,BALANCED,0.46,0.968640673325559,5.98869543303694e-05,0.001,0.25,0.0029088308508275046,FINITE,True,0.25
STAGE22_RANDOM,STAGE22_RANDOM,IDS2018_RANDOM_VALIDATION,FULL_70_FEATURE,RANDOM_NATURAL,BALANCED,0.46,0.968640673325559,5.98869543303694e-05,0.001,0.5,0.0009696102836091682,FINITE,True,0.5
STAGE22_RANDOM,STAGE22_RANDOM,IDS2018_RANDOM_VALIDATION,FULL_70_FEATURE,RANDOM_NATURAL,BALANCED,0.46,0.968640673325559,5.98869543303694e-05,0.001,0.75,0.00032320342786972277,FINITE,True,0.75
STAGE22_RANDOM,STAGE22_RANDOM,IDS2018_RANDOM_VALIDATION,FULL_70_FEATURE,RANDOM_NATURAL,BALANCED,0.46,0.968640673325559,5.98869543303694e-05,0.001,0.9,0.00010773447595657422,FINITE,True,0.9
STAGE22_RANDOM,STAGE22_RANDOM,IDS2018_RANDOM_VALIDATION,FULL_70_FEATURE,RANDOM_NATURAL,BALANCED,0.46,0.968640673325559,5.98869543303694e-05,0.0001,0.1,0.0008718637923722404,FINITE,True,0.1
STAGE22_RANDOM,STAGE22_RANDOM,IDS2018_RANDOM_VALIDATION,FULL_70_FEATURE,RANDOM_NATURAL,BALANCED,0.46,0.968640673325559,5.98869543303694e-05,0.0001,0.25,0.0002906212641240801,FINITE,True,0.25
STAGE22_RANDOM,STAGE22_RANDOM,IDS2018_RANDOM_VALIDATION,FULL_70_FEATURE,RANDOM_NATURAL,BALANCED,0.46,0.968640673325559,5.98869543303694e-05,0.0001,0.5,9.687375470802671e-05,FINITE,True,0.5
STAGE22_RANDOM,STAGE22_RANDOM,IDS2018_RANDOM_VALIDATION,FULL_70_FEATURE,RANDOM_NATURAL,BALANCED,0.46,0.968640673325559,5.98869543303694e-05,0.0001,0.75,3.229125156934224e-05,FINITE,False,0.75
STAGE22_RANDOM,STAGE22_RANDOM,IDS2018_RANDOM_VALIDATION,FULL_70_FEATURE,RANDOM_NATURAL,BALANCED,0.46,0.968640673325559,5.98869543303694e-05,0.0001,0.9,1.0763750523114077e-05,FINITE,False,0.9
STAGE22_RANDOM,STAGE22_RANDOM,IDS2018_RANDOM_VALIDATION,FULL_70_FEATURE,RANDOM_NATURAL,SECURITY,0.1,0.9847006033564873,0.006817064646962385,0.1,0.1,0.9847006033564872,FINITE,True,0.10000000000000002
STAGE22_RANDOM,STAGE22_RANDOM,IDS2018_RANDOM_VALIDATION,FULL_70_FEATURE,RANDOM_NATURAL,SECURITY,0.1,0.9847006033564873,0.006817064646962385,0.1,0.25,0.32823353445216247,FINITE,True,0.25
STAGE22_RANDOM,STAGE22_RANDOM,IDS2018_RANDOM_VALIDATION,FULL_70_FEATURE,RANDOM_NATURAL,SECURITY,0.1,0.9847006033564873,0.006817064646962385,0.1,0.5,0.10941117815072082,FINITE,True,0.5
STAGE22_RANDOM,STAGE22_RANDOM,IDS2018_RANDOM_VALIDATION,FULL_70_FEATURE,RANDOM_NATURAL,SECURITY,0.1,0.9847006033564873,0.006817064646962385,0.1,0.75,0.03647039271690694,FINITE,True,0.75
STAGE22_RANDOM,STAGE22_RANDOM,IDS2018_RANDOM_VALIDATION,FULL_70_FEATURE,RANDOM_NATURAL,SECURITY,0.1,0.9847006033564873,0.006817064646962385,0.1,0.9,0.01215679757230231,FINITE,True,0.9
STAGE22_RANDOM,STAGE22_RANDOM,IDS2018_RANDOM_VALIDATION,FULL_70_FEATURE,RANDOM_NATURAL,SECURITY,0.1,0.9847006033564873,0.006817064646962385,0.03,0.1,0.27409192052190884,FINITE,True,0.1
STAGE22_RANDOM,STAGE22_RANDOM,IDS2018_RANDOM_VALIDATION,FULL_70_FEATURE,RANDOM_NATURAL,SECURITY,0.1,0.9847006033564873,0.006817064646962385,0.03,0.25,0.09136397350730294,FINITE,True,0.25
STAGE22_RANDOM,STAGE22_RANDOM,IDS2018_RANDOM_VALIDATION,FULL_70_FEATURE,RANDOM_NATURAL,SECURITY,0.1,0.9847006033564873,0.006817064646962385,0.03,0.5,0.03045465783576765,FINITE,True,0.5
STAGE22_RANDOM,STAGE22_RANDOM,IDS2018_RANDOM_VALIDATION,FULL_70_FEATURE,RANDOM_NATURAL,SECURITY,0.1,0.9847006033564873,0.006817064646962385,0.03,0.75,0.010151552611922549,FINITE,True,0.7500000000000001
STAGE22_RANDOM,STAGE22_RANDOM,IDS2018_RANDOM_VALIDATION,FULL_70_FEATURE,RANDOM_NATURAL,SECURITY,0.1,0.9847006033564873,0.006817064646962385,0.03,0.9,0.003383850870640849,FINITE,False,0.9000000000000001
STAGE22_RANDOM,STAGE22_RANDOM,IDS2018_RANDOM_VALIDATION,FULL_70_FEATURE,RANDOM_NATURAL,SECURITY,0.1,0.9847006033564873,0.006817064646962385,0.01,0.1,0.08951823666877157,FINITE,True,0.1
STAGE22_RANDOM,STAGE22_RANDOM,IDS2018_RANDOM_VALIDATION,FULL_70_FEATURE,RANDOM_NATURAL,SECURITY,0.1,0.9847006033564873,0.006817064646962385,0.01,0.25,0.02983941222292386,FINITE,True,0.25
STAGE22_RANDOM,STAGE22_RANDOM,IDS2018_RANDOM_VALIDATION,FULL_70_FEATURE,RANDOM_NATURAL,SECURITY,0.1,0.9847006033564873,0.006817064646962385,0.01,0.5,0.009946470740974619,FINITE,True,0.5
STAGE22_RANDOM,STAGE22_RANDOM,IDS2018_RANDOM_VALIDATION,FULL_70_FEATURE,RANDOM_NATURAL,SECURITY,0.1,0.9847006033564873,0.006817064646962385,0.01,0.75,0.00331549024699154,FINITE,False,0.7499999999999999
STAGE22_RANDOM,STAGE22_RANDOM,IDS2018_RANDOM_VALIDATION,FULL_70_FEATURE,RANDOM_NATURAL,SECURITY,0.1,0.9847006033564873,0.006817064646962385,0.01,0.9,0.0011051634156638464,FINITE,False,0.9
STAGE22_RANDOM,STAGE22_RANDOM,IDS2018_RANDOM_VALIDATION,FULL_70_FEATURE,RANDOM_NATURAL,SECURITY,0.1,0.9847006033564873,0.006817064646962385,0.003,0.1,0.026666917041750407,FINITE,True,0.10000000000000002
STAGE22_RANDOM,STAGE22_RANDOM,IDS2018_RANDOM_VALIDATION,FULL_70_FEATURE,RANDOM_NATURAL,SECURITY,0.1,0.9847006033564873,0.006817064646962385,0.003,0.25,0.008888972347250137,FINITE,True,0.25
STAGE22_RANDOM,STAGE22_RANDOM,IDS2018_RANDOM_VALIDATION,FULL_70_FEATURE,RANDOM_NATURAL,SECURITY,0.1,0.9847006033564873,0.006817064646962385,0.003,0.5,0.0029629907824167126,FINITE,False,0.5
STAGE22_RANDOM,STAGE22_RANDOM,IDS2018_RANDOM_VALIDATION,FULL_70_FEATURE,RANDOM_NATURAL,SECURITY,0.1,0.9847006033564873,0.006817064646962385,0.003,0.75,0.000987663594138904,FINITE,False,0.75
STAGE22_RANDOM,STAGE22_RANDOM,IDS2018_RANDOM_VALIDATION,FULL_70_FEATURE,RANDOM_NATURAL,SECURITY,0.1,0.9847006033564873,0.006817064646962385,0.003,0.9,0.0003292211980463013,FINITE,False,0.9
STAGE22_RANDOM,STAGE22_RANDOM,IDS2018_RANDOM_VALIDATION,FULL_70_FEATURE,RANDOM_NATURAL,SECURITY,0.1,0.9847006033564873,0.006817064646962385,0.001,0.1,0.008871176606815202,FINITE,True,0.09999999999999999
STAGE22_RANDOM,STAGE22_RANDOM,IDS2018_RANDOM_VALIDATION,FULL_70_FEATURE,RANDOM_NATURAL,SECURITY,0.1,0.9847006033564873,0.006817064646962385,0.001,0.25,0.0029570588689384007,FINITE,False,0.25
STAGE22_RANDOM,STAGE22_RANDOM,IDS2018_RANDOM_VALIDATION,FULL_70_FEATURE,RANDOM_NATURAL,SECURITY,0.1,0.9847006033564873,0.006817064646962385,0.001,0.5,0.0009856862896461336,FINITE,False,0.5
STAGE22_RANDOM,STAGE22_RANDOM,IDS2018_RANDOM_VALIDATION,FULL_70_FEATURE,RANDOM_NATURAL,SECURITY,0.1,0.9847006033564873,0.006817064646962385,0.001,0.75,0.0003285620965487112,FINITE,False,0.75
STAGE22_RANDOM,STAGE22_RANDOM,IDS2018_RANDOM_VALIDATION,FULL_70_FEATURE,RANDOM_NATURAL,SECURITY,0.1,0.9847006033564873,0.006817064646962385,0.001,0.9,0.00010952069884957037,FINITE,False,0.9
STAGE22_RANDOM,STAGE22_RANDOM,IDS2018_RANDOM_VALIDATION,FULL_70_FEATURE,RANDOM_NATURAL,SECURITY,0.1,0.9847006033564873,0.006817064646962385,0.0001,0.1,0.0008863191749383324,FINITE,False,0.09999999999999999
STAGE22_RANDOM,STAGE22_RANDOM,IDS2018_RANDOM_VALIDATION,FULL_70_FEATURE,RANDOM_NATURAL,SECURITY,0.1,0.9847006033564873,0.006817064646962385,0.0001,0.25,0.00029543972497944414,FINITE,False,0.25
STAGE22_RANDOM,STAGE22_RANDOM,IDS2018_RANDOM_VALIDATION,FULL_70_FEATURE,RANDOM_NATURAL,SECURITY,0.1,0.9847006033564873,0.006817064646962385,0.0001,0.5,9.847990832648138e-05,FINITE,False,0.5
STAGE22_RANDOM,STAGE22_RANDOM,IDS2018_RANDOM_VALIDATION,FULL_70_FEATURE,RANDOM_NATURAL,SECURITY,0.1,0.9847006033564873,0.006817064646962385,0.0001,0.75,3.282663610882713e-05,FINITE,False,0.75
STAGE22_RANDOM,STAGE22_RANDOM,IDS2018_RANDOM_VALIDATION,FULL_70_FEATURE,RANDOM_NATURAL,SECURITY,0.1,0.9847006033564873,0.006817064646962385,0.0001,0.9,1.0942212036275708e-05,FINITE,False,0.8999999999999999
STAGE22_CHRONOLOGICAL,STAGE22_CHRONOLOGICAL,IDS2018_FORWARD_TEMPORAL_VALIDATION,FULL_70_FEATURE,CHRONOLOGICAL_NATURAL,STANDARD,0.5,3.2125417630429196e-05,5.8322860303579896e-05,0.1,0.1,3.2125417630429196e-05,FINITE,False,0.1
STAGE22_CHRONOLOGICAL,STAGE22_CHRONOLOGICAL,IDS2018_FORWARD_TEMPORAL_VALIDATION,FULL_70_FEATURE,CHRONOLOGICAL_NATURAL,STANDARD,0.5,3.2125417630429196e-05,5.8322860303579896e-05,0.1,0.25,1.07084725434764e-05,FINITE,False,0.25
STAGE22_CHRONOLOGICAL,STAGE22_CHRONOLOGICAL,IDS2018_FORWARD_TEMPORAL_VALIDATION,FULL_70_FEATURE,CHRONOLOGICAL_NATURAL,STANDARD,0.5,3.2125417630429196e-05,5.8322860303579896e-05,0.1,0.5,3.5694908478254665e-06,FINITE,False,0.5
STAGE22_CHRONOLOGICAL,STAGE22_CHRONOLOGICAL,IDS2018_FORWARD_TEMPORAL_VALIDATION,FULL_70_FEATURE,CHRONOLOGICAL_NATURAL,STANDARD,0.5,3.2125417630429196e-05,5.8322860303579896e-05,0.1,0.75,1.1898302826084887e-06,FINITE,False,0.75
STAGE22_CHRONOLOGICAL,STAGE22_CHRONOLOGICAL,IDS2018_FORWARD_TEMPORAL_VALIDATION,FULL_70_FEATURE,CHRONOLOGICAL_NATURAL,STANDARD,0.5,3.2125417630429196e-05,5.8322860303579896e-05,0.1,0.9,3.966100942028295e-07,FINITE,False,0.9
STAGE22_CHRONOLOGICAL,STAGE22_CHRONOLOGICAL,IDS2018_FORWARD_TEMPORAL_VALIDATION,FULL_70_FEATURE,CHRONOLOGICAL_NATURAL,STANDARD,0.5,3.2125417630429196e-05,5.8322860303579896e-05,0.03,0.1,8.94212655692359e-06,FINITE,False,0.10000000000000002
STAGE22_CHRONOLOGICAL,STAGE22_CHRONOLOGICAL,IDS2018_FORWARD_TEMPORAL_VALIDATION,FULL_70_FEATURE,CHRONOLOGICAL_NATURAL,STANDARD,0.5,3.2125417630429196e-05,5.8322860303579896e-05,0.03,0.25,2.9807088523078635e-06,FINITE,False,0.25
STAGE22_CHRONOLOGICAL,STAGE22_CHRONOLOGICAL,IDS2018_FORWARD_TEMPORAL_VALIDATION,FULL_70_FEATURE,CHRONOLOGICAL_NATURAL,STANDARD,0.5,3.2125417630429196e-05,5.8322860303579896e-05,0.03,0.5,9.935696174359544e-07,FINITE,False,0.5
STAGE22_CHRONOLOGICAL,STAGE22_CHRONOLOGICAL,IDS2018_FORWARD_TEMPORAL_VALIDATION,FULL_70_FEATURE,CHRONOLOGICAL_NATURAL,STANDARD,0.5,3.2125417630429196e-05,5.8322860303579896e-05,0.03,0.75,3.3118987247865144e-07,FINITE,False,0.75
STAGE22_CHRONOLOGICAL,STAGE22_CHRONOLOGICAL,IDS2018_FORWARD_TEMPORAL_VALIDATION,FULL_70_FEATURE,CHRONOLOGICAL_NATURAL,STANDARD,0.5,3.2125417630429196e-05,5.8322860303579896e-05,0.03,0.9,1.1039662415955048e-07,FINITE,False,0.9
STAGE22_CHRONOLOGICAL,STAGE22_CHRONOLOGICAL,IDS2018_FORWARD_TEMPORAL_VALIDATION,FULL_70_FEATURE,CHRONOLOGICAL_NATURAL,STANDARD,0.5,3.2125417630429196e-05,5.8322860303579896e-05,0.01,0.1,2.9204925118571997e-06,FINITE,False,0.1
STAGE22_CHRONOLOGICAL,STAGE22_CHRONOLOGICAL,IDS2018_FORWARD_TEMPORAL_VALIDATION,FULL_70_FEATURE,CHRONOLOGICAL_NATURAL,STANDARD,0.5,3.2125417630429196e-05,5.8322860303579896e-05,0.01,0.25,9.734975039524e-07,FINITE,False,0.25
STAGE22_CHRONOLOGICAL,STAGE22_CHRONOLOGICAL,IDS2018_FORWARD_TEMPORAL_VALIDATION,FULL_70_FEATURE,CHRONOLOGICAL_NATURAL,STANDARD,0.5,3.2125417630429196e-05,5.8322860303579896e-05,0.01,0.5,3.244991679841333e-07,FINITE,False,0.5
STAGE22_CHRONOLOGICAL,STAGE22_CHRONOLOGICAL,IDS2018_FORWARD_TEMPORAL_VALIDATION,FULL_70_FEATURE,CHRONOLOGICAL_NATURAL,STANDARD,0.5,3.2125417630429196e-05,5.8322860303579896e-05,0.01,0.75,1.0816638932804445e-07,FINITE,False,0.7499999999999999
STAGE22_CHRONOLOGICAL,STAGE22_CHRONOLOGICAL,IDS2018_FORWARD_TEMPORAL_VALIDATION,FULL_70_FEATURE,CHRONOLOGICAL_NATURAL,STANDARD,0.5,3.2125417630429196e-05,5.8322860303579896e-05,0.01,0.9,3.605546310934814e-08,FINITE,False,0.9
STAGE22_CHRONOLOGICAL,STAGE22_CHRONOLOGICAL,IDS2018_FORWARD_TEMPORAL_VALIDATION,FULL_70_FEATURE,CHRONOLOGICAL_NATURAL,STANDARD,0.5,3.2125417630429196e-05,5.8322860303579896e-05,0.003,0.1,8.699962648160363e-07,FINITE,False,0.1
STAGE22_CHRONOLOGICAL,STAGE22_CHRONOLOGICAL,IDS2018_FORWARD_TEMPORAL_VALIDATION,FULL_70_FEATURE,CHRONOLOGICAL_NATURAL,STANDARD,0.5,3.2125417630429196e-05,5.8322860303579896e-05,0.003,0.25,2.899987549386788e-07,FINITE,False,0.25
STAGE22_CHRONOLOGICAL,STAGE22_CHRONOLOGICAL,IDS2018_FORWARD_TEMPORAL_VALIDATION,FULL_70_FEATURE,CHRONOLOGICAL_NATURAL,STANDARD,0.5,3.2125417630429196e-05,5.8322860303579896e-05,0.003,0.5,9.666625164622627e-08,FINITE,False,0.5
STAGE22_CHRONOLOGICAL,STAGE22_CHRONOLOGICAL,IDS2018_FORWARD_TEMPORAL_VALIDATION,FULL_70_FEATURE,CHRONOLOGICAL_NATURAL,STANDARD,0.5,3.2125417630429196e-05,5.8322860303579896e-05,0.003,0.75,3.222208388207542e-08,FINITE,False,0.75
STAGE22_CHRONOLOGICAL,STAGE22_CHRONOLOGICAL,IDS2018_FORWARD_TEMPORAL_VALIDATION,FULL_70_FEATURE,CHRONOLOGICAL_NATURAL,STANDARD,0.5,3.2125417630429196e-05,5.8322860303579896e-05,0.003,0.9,1.0740694627358473e-08,FINITE,False,0.9
STAGE22_CHRONOLOGICAL,STAGE22_CHRONOLOGICAL,IDS2018_FORWARD_TEMPORAL_VALIDATION,FULL_70_FEATURE,CHRONOLOGICAL_NATURAL,STANDARD,0.5,3.2125417630429196e-05,5.8322860303579896e-05,0.001,0.1,2.8941817685071347e-07,FINITE,False,0.09999999999999999
STAGE22_CHRONOLOGICAL,STAGE22_CHRONOLOGICAL,IDS2018_FORWARD_TEMPORAL_VALIDATION,FULL_70_FEATURE,CHRONOLOGICAL_NATURAL,STANDARD,0.5,3.2125417630429196e-05,5.8322860303579896e-05,0.001,0.25,9.64727256169045e-08,FINITE,False,0.25
STAGE22_CHRONOLOGICAL,STAGE22_CHRONOLOGICAL,IDS2018_FORWARD_TEMPORAL_VALIDATION,FULL_70_FEATURE,CHRONOLOGICAL_NATURAL,STANDARD,0.5,3.2125417630429196e-05,5.8322860303579896e-05,0.001,0.5,3.2157575205634827e-08,FINITE,False,0.5
STAGE22_CHRONOLOGICAL,STAGE22_CHRONOLOGICAL,IDS2018_FORWARD_TEMPORAL_VALIDATION,FULL_70_FEATURE,CHRONOLOGICAL_NATURAL,STANDARD,0.5,3.2125417630429196e-05,5.8322860303579896e-05,0.001,0.75,1.071919173521161e-08,FINITE,False,0.7500000000000001
STAGE22_CHRONOLOGICAL,STAGE22_CHRONOLOGICAL,IDS2018_FORWARD_TEMPORAL_VALIDATION,FULL_70_FEATURE,CHRONOLOGICAL_NATURAL,STANDARD,0.5,3.2125417630429196e-05,5.8322860303579896e-05,0.001,0.9,3.5730639117372024e-09,FINITE,False,0.9
STAGE22_CHRONOLOGICAL,STAGE22_CHRONOLOGICAL,IDS2018_FORWARD_TEMPORAL_VALIDATION,FULL_70_FEATURE,CHRONOLOGICAL_NATURAL,STANDARD,0.5,3.2125417630429196e-05,5.8322860303579896e-05,0.0001,0.1,2.891576744413069e-08,FINITE,False,0.1
STAGE22_CHRONOLOGICAL,STAGE22_CHRONOLOGICAL,IDS2018_FORWARD_TEMPORAL_VALIDATION,FULL_70_FEATURE,CHRONOLOGICAL_NATURAL,STANDARD,0.5,3.2125417630429196e-05,5.8322860303579896e-05,0.0001,0.25,9.638589148043562e-09,FINITE,False,0.25
STAGE22_CHRONOLOGICAL,STAGE22_CHRONOLOGICAL,IDS2018_FORWARD_TEMPORAL_VALIDATION,FULL_70_FEATURE,CHRONOLOGICAL_NATURAL,STANDARD,0.5,3.2125417630429196e-05,5.8322860303579896e-05,0.0001,0.5,3.2128630493478543e-09,FINITE,False,0.5
STAGE22_CHRONOLOGICAL,STAGE22_CHRONOLOGICAL,IDS2018_FORWARD_TEMPORAL_VALIDATION,FULL_70_FEATURE,CHRONOLOGICAL_NATURAL,STANDARD,0.5,3.2125417630429196e-05,5.8322860303579896e-05,0.0001,0.75,1.0709543497826182e-09,FINITE,False,0.7499999999999999
STAGE22_CHRONOLOGICAL,STAGE22_CHRONOLOGICAL,IDS2018_FORWARD_TEMPORAL_VALIDATION,FULL_70_FEATURE,CHRONOLOGICAL_NATURAL,STANDARD,0.5,3.2125417630429196e-05,5.8322860303579896e-05,0.0001,0.9,3.5698478326087267e-10,FINITE,False,0.9
STAGE22_CHRONOLOGICAL,STAGE22_CHRONOLOGICAL,IDS2018_FORWARD_TEMPORAL_VALIDATION,FULL_70_FEATURE,CHRONOLOGICAL_NATURAL,BALANCED,0.07,8.031354407607299e-05,0.0006754163499672639,0.1,0.1,8.031354407607299e-05,FINITE,False,0.1
STAGE22_CHRONOLOGICAL,STAGE22_CHRONOLOGICAL,IDS2018_FORWARD_TEMPORAL_VALIDATION,FULL_70_FEATURE,CHRONOLOGICAL_NATURAL,BALANCED,0.07,8.031354407607299e-05,0.0006754163499672639,0.1,0.25,2.6771181358691e-05,FINITE,False,0.25
STAGE22_CHRONOLOGICAL,STAGE22_CHRONOLOGICAL,IDS2018_FORWARD_TEMPORAL_VALIDATION,FULL_70_FEATURE,CHRONOLOGICAL_NATURAL,BALANCED,0.07,8.031354407607299e-05,0.0006754163499672639,0.1,0.5,8.923727119563665e-06,FINITE,False,0.5
STAGE22_CHRONOLOGICAL,STAGE22_CHRONOLOGICAL,IDS2018_FORWARD_TEMPORAL_VALIDATION,FULL_70_FEATURE,CHRONOLOGICAL_NATURAL,BALANCED,0.07,8.031354407607299e-05,0.0006754163499672639,0.1,0.75,2.9745757065212218e-06,FINITE,False,0.75
STAGE22_CHRONOLOGICAL,STAGE22_CHRONOLOGICAL,IDS2018_FORWARD_TEMPORAL_VALIDATION,FULL_70_FEATURE,CHRONOLOGICAL_NATURAL,BALANCED,0.07,8.031354407607299e-05,0.0006754163499672639,0.1,0.9,9.915252355070736e-07,FINITE,False,0.9
STAGE22_CHRONOLOGICAL,STAGE22_CHRONOLOGICAL,IDS2018_FORWARD_TEMPORAL_VALIDATION,FULL_70_FEATURE,CHRONOLOGICAL_NATURAL,BALANCED,0.07,8.031354407607299e-05,0.0006754163499672639,0.03,0.1,2.2355316392308978e-05,FINITE,False,0.09999999999999998
STAGE22_CHRONOLOGICAL,STAGE22_CHRONOLOGICAL,IDS2018_FORWARD_TEMPORAL_VALIDATION,FULL_70_FEATURE,CHRONOLOGICAL_NATURAL,BALANCED,0.07,8.031354407607299e-05,0.0006754163499672639,0.03,0.25,7.451772130769658e-06,FINITE,False,0.25
STAGE22_CHRONOLOGICAL,STAGE22_CHRONOLOGICAL,IDS2018_FORWARD_TEMPORAL_VALIDATION,FULL_70_FEATURE,CHRONOLOGICAL_NATURAL,BALANCED,0.07,8.031354407607299e-05,0.0006754163499672639,0.03,0.5,2.483924043589886e-06,FINITE,False,0.5
STAGE22_CHRONOLOGICAL,STAGE22_CHRONOLOGICAL,IDS2018_FORWARD_TEMPORAL_VALIDATION,FULL_70_FEATURE,CHRONOLOGICAL_NATURAL,BALANCED,0.07,8.031354407607299e-05,0.0006754163499672639,0.03,0.75,8.279746811966286e-07,FINITE,False,0.75
STAGE22_CHRONOLOGICAL,STAGE22_CHRONOLOGICAL,IDS2018_FORWARD_TEMPORAL_VALIDATION,FULL_70_FEATURE,CHRONOLOGICAL_NATURAL,BALANCED,0.07,8.031354407607299e-05,0.0006754163499672639,0.03,0.9,2.7599156039887615e-07,FINITE,False,0.9
STAGE22_CHRONOLOGICAL,STAGE22_CHRONOLOGICAL,IDS2018_FORWARD_TEMPORAL_VALIDATION,FULL_70_FEATURE,CHRONOLOGICAL_NATURAL,BALANCED,0.07,8.031354407607299e-05,0.0006754163499672639,0.01,0.1,7.301231279642999e-06,FINITE,False,0.1
STAGE22_CHRONOLOGICAL,STAGE22_CHRONOLOGICAL,IDS2018_FORWARD_TEMPORAL_VALIDATION,FULL_70_FEATURE,CHRONOLOGICAL_NATURAL,BALANCED,0.07,8.031354407607299e-05,0.0006754163499672639,0.01,0.25,2.433743759881e-06,FINITE,False,0.25
STAGE22_CHRONOLOGICAL,STAGE22_CHRONOLOGICAL,IDS2018_FORWARD_TEMPORAL_VALIDATION,FULL_70_FEATURE,CHRONOLOGICAL_NATURAL,BALANCED,0.07,8.031354407607299e-05,0.0006754163499672639,0.01,0.5,8.112479199603333e-07,FINITE,False,0.5
STAGE22_CHRONOLOGICAL,STAGE22_CHRONOLOGICAL,IDS2018_FORWARD_TEMPORAL_VALIDATION,FULL_70_FEATURE,CHRONOLOGICAL_NATURAL,BALANCED,0.07,8.031354407607299e-05,0.0006754163499672639,0.01,0.75,2.7041597332011113e-07,FINITE,False,0.75
STAGE22_CHRONOLOGICAL,STAGE22_CHRONOLOGICAL,IDS2018_FORWARD_TEMPORAL_VALIDATION,FULL_70_FEATURE,CHRONOLOGICAL_NATURAL,BALANCED,0.07,8.031354407607299e-05,0.0006754163499672639,0.01,0.9,9.013865777337034e-08,FINITE,False,0.9
STAGE22_CHRONOLOGICAL,STAGE22_CHRONOLOGICAL,IDS2018_FORWARD_TEMPORAL_VALIDATION,FULL_70_FEATURE,CHRONOLOGICAL_NATURAL,BALANCED,0.07,8.031354407607299e-05,0.0006754163499672639,0.003,0.1,2.1749906620400906e-06,FINITE,False,0.10000000000000002
STAGE22_CHRONOLOGICAL,STAGE22_CHRONOLOGICAL,IDS2018_FORWARD_TEMPORAL_VALIDATION,FULL_70_FEATURE,CHRONOLOGICAL_NATURAL,BALANCED,0.07,8.031354407607299e-05,0.0006754163499672639,0.003,0.25,7.249968873466969e-07,FINITE,False,0.25
STAGE22_CHRONOLOGICAL,STAGE22_CHRONOLOGICAL,IDS2018_FORWARD_TEMPORAL_VALIDATION,FULL_70_FEATURE,CHRONOLOGICAL_NATURAL,BALANCED,0.07,8.031354407607299e-05,0.0006754163499672639,0.003,0.5,2.416656291155656e-07,FINITE,False,0.5
STAGE22_CHRONOLOGICAL,STAGE22_CHRONOLOGICAL,IDS2018_FORWARD_TEMPORAL_VALIDATION,FULL_70_FEATURE,CHRONOLOGICAL_NATURAL,BALANCED,0.07,8.031354407607299e-05,0.0006754163499672639,0.003,0.75,8.055520970518854e-08,FINITE,False,0.75
STAGE22_CHRONOLOGICAL,STAGE22_CHRONOLOGICAL,IDS2018_FORWARD_TEMPORAL_VALIDATION,FULL_70_FEATURE,CHRONOLOGICAL_NATURAL,BALANCED,0.07,8.031354407607299e-05,0.0006754163499672639,0.003,0.9,2.6851736568396178e-08,FINITE,False,0.9
STAGE22_CHRONOLOGICAL,STAGE22_CHRONOLOGICAL,IDS2018_FORWARD_TEMPORAL_VALIDATION,FULL_70_FEATURE,CHRONOLOGICAL_NATURAL,BALANCED,0.07,8.031354407607299e-05,0.0006754163499672639,0.001,0.1,7.235454421267837e-07,FINITE,False,0.1
STAGE22_CHRONOLOGICAL,STAGE22_CHRONOLOGICAL,IDS2018_FORWARD_TEMPORAL_VALIDATION,FULL_70_FEATURE,CHRONOLOGICAL_NATURAL,BALANCED,0.07,8.031354407607299e-05,0.0006754163499672639,0.001,0.25,2.411818140422613e-07,FINITE,False,0.25
STAGE22_CHRONOLOGICAL,STAGE22_CHRONOLOGICAL,IDS2018_FORWARD_TEMPORAL_VALIDATION,FULL_70_FEATURE,CHRONOLOGICAL_NATURAL,BALANCED,0.07,8.031354407607299e-05,0.0006754163499672639,0.001,0.5,8.039393801408708e-08,FINITE,False,0.5
STAGE22_CHRONOLOGICAL,STAGE22_CHRONOLOGICAL,IDS2018_FORWARD_TEMPORAL_VALIDATION,FULL_70_FEATURE,CHRONOLOGICAL_NATURAL,BALANCED,0.07,8.031354407607299e-05,0.0006754163499672639,0.001,0.75,2.6797979338029028e-08,FINITE,False,0.75
STAGE22_CHRONOLOGICAL,STAGE22_CHRONOLOGICAL,IDS2018_FORWARD_TEMPORAL_VALIDATION,FULL_70_FEATURE,CHRONOLOGICAL_NATURAL,BALANCED,0.07,8.031354407607299e-05,0.0006754163499672639,0.001,0.9,8.932659779343008e-09,FINITE,False,0.9
STAGE22_CHRONOLOGICAL,STAGE22_CHRONOLOGICAL,IDS2018_FORWARD_TEMPORAL_VALIDATION,FULL_70_FEATURE,CHRONOLOGICAL_NATURAL,BALANCED,0.07,8.031354407607299e-05,0.0006754163499672639,0.0001,0.1,7.22894186103267e-08,FINITE,False,0.1
STAGE22_CHRONOLOGICAL,STAGE22_CHRONOLOGICAL,IDS2018_FORWARD_TEMPORAL_VALIDATION,FULL_70_FEATURE,CHRONOLOGICAL_NATURAL,BALANCED,0.07,8.031354407607299e-05,0.0006754163499672639,0.0001,0.25,2.409647287010891e-08,FINITE,False,0.25
STAGE22_CHRONOLOGICAL,STAGE22_CHRONOLOGICAL,IDS2018_FORWARD_TEMPORAL_VALIDATION,FULL_70_FEATURE,CHRONOLOGICAL_NATURAL,BALANCED,0.07,8.031354407607299e-05,0.0006754163499672639,0.0001,0.5,8.032157623369635e-09,FINITE,False,0.5
STAGE22_CHRONOLOGICAL,STAGE22_CHRONOLOGICAL,IDS2018_FORWARD_TEMPORAL_VALIDATION,FULL_70_FEATURE,CHRONOLOGICAL_NATURAL,BALANCED,0.07,8.031354407607299e-05,0.0006754163499672639,0.0001,0.75,2.677385874456545e-09,FINITE,False,0.75
STAGE22_CHRONOLOGICAL,STAGE22_CHRONOLOGICAL,IDS2018_FORWARD_TEMPORAL_VALIDATION,FULL_70_FEATURE,CHRONOLOGICAL_NATURAL,BALANCED,0.07,8.031354407607299e-05,0.0006754163499672639,0.0001,0.9,8.924619581521816e-10,FINITE,False,0.9
STAGE22_CHRONOLOGICAL,STAGE22_CHRONOLOGICAL,IDS2018_FORWARD_TEMPORAL_VALIDATION,FULL_70_FEATURE,CHRONOLOGICAL_NATURAL,SECURITY,0.07,8.031354407607299e-05,0.0006754163499672639,0.1,0.1,8.031354407607299e-05,FINITE,False,0.1
STAGE22_CHRONOLOGICAL,STAGE22_CHRONOLOGICAL,IDS2018_FORWARD_TEMPORAL_VALIDATION,FULL_70_FEATURE,CHRONOLOGICAL_NATURAL,SECURITY,0.07,8.031354407607299e-05,0.0006754163499672639,0.1,0.25,2.6771181358691e-05,FINITE,False,0.25
STAGE22_CHRONOLOGICAL,STAGE22_CHRONOLOGICAL,IDS2018_FORWARD_TEMPORAL_VALIDATION,FULL_70_FEATURE,CHRONOLOGICAL_NATURAL,SECURITY,0.07,8.031354407607299e-05,0.0006754163499672639,0.1,0.5,8.923727119563665e-06,FINITE,False,0.5
STAGE22_CHRONOLOGICAL,STAGE22_CHRONOLOGICAL,IDS2018_FORWARD_TEMPORAL_VALIDATION,FULL_70_FEATURE,CHRONOLOGICAL_NATURAL,SECURITY,0.07,8.031354407607299e-05,0.0006754163499672639,0.1,0.75,2.9745757065212218e-06,FINITE,False,0.75
STAGE22_CHRONOLOGICAL,STAGE22_CHRONOLOGICAL,IDS2018_FORWARD_TEMPORAL_VALIDATION,FULL_70_FEATURE,CHRONOLOGICAL_NATURAL,SECURITY,0.07,8.031354407607299e-05,0.0006754163499672639,0.1,0.9,9.915252355070736e-07,FINITE,False,0.9
STAGE22_CHRONOLOGICAL,STAGE22_CHRONOLOGICAL,IDS2018_FORWARD_TEMPORAL_VALIDATION,FULL_70_FEATURE,CHRONOLOGICAL_NATURAL,SECURITY,0.07,8.031354407607299e-05,0.0006754163499672639,0.03,0.1,2.2355316392308978e-05,FINITE,False,0.09999999999999998
STAGE22_CHRONOLOGICAL,STAGE22_CHRONOLOGICAL,IDS2018_FORWARD_TEMPORAL_VALIDATION,FULL_70_FEATURE,CHRONOLOGICAL_NATURAL,SECURITY,0.07,8.031354407607299e-05,0.0006754163499672639,0.03,0.25,7.451772130769658e-06,FINITE,False,0.25
STAGE22_CHRONOLOGICAL,STAGE22_CHRONOLOGICAL,IDS2018_FORWARD_TEMPORAL_VALIDATION,FULL_70_FEATURE,CHRONOLOGICAL_NATURAL,SECURITY,0.07,8.031354407607299e-05,0.0006754163499672639,0.03,0.5,2.483924043589886e-06,FINITE,False,0.5
STAGE22_CHRONOLOGICAL,STAGE22_CHRONOLOGICAL,IDS2018_FORWARD_TEMPORAL_VALIDATION,FULL_70_FEATURE,CHRONOLOGICAL_NATURAL,SECURITY,0.07,8.031354407607299e-05,0.0006754163499672639,0.03,0.75,8.279746811966286e-07,FINITE,False,0.75
STAGE22_CHRONOLOGICAL,STAGE22_CHRONOLOGICAL,IDS2018_FORWARD_TEMPORAL_VALIDATION,FULL_70_FEATURE,CHRONOLOGICAL_NATURAL,SECURITY,0.07,8.031354407607299e-05,0.0006754163499672639,0.03,0.9,2.7599156039887615e-07,FINITE,False,0.9
STAGE22_CHRONOLOGICAL,STAGE22_CHRONOLOGICAL,IDS2018_FORWARD_TEMPORAL_VALIDATION,FULL_70_FEATURE,CHRONOLOGICAL_NATURAL,SECURITY,0.07,8.031354407607299e-05,0.0006754163499672639,0.01,0.1,7.301231279642999e-06,FINITE,False,0.1
STAGE22_CHRONOLOGICAL,STAGE22_CHRONOLOGICAL,IDS2018_FORWARD_TEMPORAL_VALIDATION,FULL_70_FEATURE,CHRONOLOGICAL_NATURAL,SECURITY,0.07,8.031354407607299e-05,0.0006754163499672639,0.01,0.25,2.433743759881e-06,FINITE,False,0.25
STAGE22_CHRONOLOGICAL,STAGE22_CHRONOLOGICAL,IDS2018_FORWARD_TEMPORAL_VALIDATION,FULL_70_FEATURE,CHRONOLOGICAL_NATURAL,SECURITY,0.07,8.031354407607299e-05,0.0006754163499672639,0.01,0.5,8.112479199603333e-07,FINITE,False,0.5
STAGE22_CHRONOLOGICAL,STAGE22_CHRONOLOGICAL,IDS2018_FORWARD_TEMPORAL_VALIDATION,FULL_70_FEATURE,CHRONOLOGICAL_NATURAL,SECURITY,0.07,8.031354407607299e-05,0.0006754163499672639,0.01,0.75,2.7041597332011113e-07,FINITE,False,0.75
STAGE22_CHRONOLOGICAL,STAGE22_CHRONOLOGICAL,IDS2018_FORWARD_TEMPORAL_VALIDATION,FULL_70_FEATURE,CHRONOLOGICAL_NATURAL,SECURITY,0.07,8.031354407607299e-05,0.0006754163499672639,0.01,0.9,9.013865777337034e-08,FINITE,False,0.9
STAGE22_CHRONOLOGICAL,STAGE22_CHRONOLOGICAL,IDS2018_FORWARD_TEMPORAL_VALIDATION,FULL_70_FEATURE,CHRONOLOGICAL_NATURAL,SECURITY,0.07,8.031354407607299e-05,0.0006754163499672639,0.003,0.1,2.1749906620400906e-06,FINITE,False,0.10000000000000002
STAGE22_CHRONOLOGICAL,STAGE22_CHRONOLOGICAL,IDS2018_FORWARD_TEMPORAL_VALIDATION,FULL_70_FEATURE,CHRONOLOGICAL_NATURAL,SECURITY,0.07,8.031354407607299e-05,0.0006754163499672639,0.003,0.25,7.249968873466969e-07,FINITE,False,0.25
STAGE22_CHRONOLOGICAL,STAGE22_CHRONOLOGICAL,IDS2018_FORWARD_TEMPORAL_VALIDATION,FULL_70_FEATURE,CHRONOLOGICAL_NATURAL,SECURITY,0.07,8.031354407607299e-05,0.0006754163499672639,0.003,0.5,2.416656291155656e-07,FINITE,False,0.5
STAGE22_CHRONOLOGICAL,STAGE22_CHRONOLOGICAL,IDS2018_FORWARD_TEMPORAL_VALIDATION,FULL_70_FEATURE,CHRONOLOGICAL_NATURAL,SECURITY,0.07,8.031354407607299e-05,0.0006754163499672639,0.003,0.75,8.055520970518854e-08,FINITE,False,0.75
STAGE22_CHRONOLOGICAL,STAGE22_CHRONOLOGICAL,IDS2018_FORWARD_TEMPORAL_VALIDATION,FULL_70_FEATURE,CHRONOLOGICAL_NATURAL,SECURITY,0.07,8.031354407607299e-05,0.0006754163499672639,0.003,0.9,2.6851736568396178e-08,FINITE,False,0.9
STAGE22_CHRONOLOGICAL,STAGE22_CHRONOLOGICAL,IDS2018_FORWARD_TEMPORAL_VALIDATION,FULL_70_FEATURE,CHRONOLOGICAL_NATURAL,SECURITY,0.07,8.031354407607299e-05,0.0006754163499672639,0.001,0.1,7.235454421267837e-07,FINITE,False,0.1
STAGE22_CHRONOLOGICAL,STAGE22_CHRONOLOGICAL,IDS2018_FORWARD_TEMPORAL_VALIDATION,FULL_70_FEATURE,CHRONOLOGICAL_NATURAL,SECURITY,0.07,8.031354407607299e-05,0.0006754163499672639,0.001,0.25,2.411818140422613e-07,FINITE,False,0.25
STAGE22_CHRONOLOGICAL,STAGE22_CHRONOLOGICAL,IDS2018_FORWARD_TEMPORAL_VALIDATION,FULL_70_FEATURE,CHRONOLOGICAL_NATURAL,SECURITY,0.07,8.031354407607299e-05,0.0006754163499672639,0.001,0.5,8.039393801408708e-08,FINITE,False,0.5
STAGE22_CHRONOLOGICAL,STAGE22_CHRONOLOGICAL,IDS2018_FORWARD_TEMPORAL_VALIDATION,FULL_70_FEATURE,CHRONOLOGICAL_NATURAL,SECURITY,0.07,8.031354407607299e-05,0.0006754163499672639,0.001,0.75,2.6797979338029028e-08,FINITE,False,0.75
STAGE22_CHRONOLOGICAL,STAGE22_CHRONOLOGICAL,IDS2018_FORWARD_TEMPORAL_VALIDATION,FULL_70_FEATURE,CHRONOLOGICAL_NATURAL,SECURITY,0.07,8.031354407607299e-05,0.0006754163499672639,0.001,0.9,8.932659779343008e-09,FINITE,False,0.9
STAGE22_CHRONOLOGICAL,STAGE22_CHRONOLOGICAL,IDS2018_FORWARD_TEMPORAL_VALIDATION,FULL_70_FEATURE,CHRONOLOGICAL_NATURAL,SECURITY,0.07,8.031354407607299e-05,0.0006754163499672639,0.0001,0.1,7.22894186103267e-08,FINITE,False,0.1
STAGE22_CHRONOLOGICAL,STAGE22_CHRONOLOGICAL,IDS2018_FORWARD_TEMPORAL_VALIDATION,FULL_70_FEATURE,CHRONOLOGICAL_NATURAL,SECURITY,0.07,8.031354407607299e-05,0.0006754163499672639,0.0001,0.25,2.409647287010891e-08,FINITE,False,0.25
STAGE22_CHRONOLOGICAL,STAGE22_CHRONOLOGICAL,IDS2018_FORWARD_TEMPORAL_VALIDATION,FULL_70_FEATURE,CHRONOLOGICAL_NATURAL,SECURITY,0.07,8.031354407607299e-05,0.0006754163499672639,0.0001,0.5,8.032157623369635e-09,FINITE,False,0.5
STAGE22_CHRONOLOGICAL,STAGE22_CHRONOLOGICAL,IDS2018_FORWARD_TEMPORAL_VALIDATION,FULL_70_FEATURE,CHRONOLOGICAL_NATURAL,SECURITY,0.07,8.031354407607299e-05,0.0006754163499672639,0.0001,0.75,2.677385874456545e-09,FINITE,False,0.75
STAGE22_CHRONOLOGICAL,STAGE22_CHRONOLOGICAL,IDS2018_FORWARD_TEMPORAL_VALIDATION,FULL_70_FEATURE,CHRONOLOGICAL_NATURAL,SECURITY,0.07,8.031354407607299e-05,0.0006754163499672639,0.0001,0.9,8.924619581521816e-10,FINITE,False,0.9
STAGE24_2018_TO_2017_BRIDGE62_PUBLISHED,STAGE24_2018_TO_2017,IDS2018_TO_CICIDS2017,bridge62,PUBLISHED,STANDARD,0.5,0.21292361103639226,0.004106291988419324,0.1,0.1,0.21292361103639226,FINITE,True,0.1
STAGE24_2018_TO_2017_BRIDGE62_PUBLISHED,STAGE24_2018_TO_2017,IDS2018_TO_CICIDS2017,bridge62,PUBLISHED,STANDARD,0.5,0.21292361103639226,0.004106291988419324,0.1,0.25,0.07097453701213076,FINITE,True,0.25
STAGE24_2018_TO_2017_BRIDGE62_PUBLISHED,STAGE24_2018_TO_2017,IDS2018_TO_CICIDS2017,bridge62,PUBLISHED,STANDARD,0.5,0.21292361103639226,0.004106291988419324,0.1,0.5,0.023658179004043586,FINITE,True,0.5
STAGE24_2018_TO_2017_BRIDGE62_PUBLISHED,STAGE24_2018_TO_2017,IDS2018_TO_CICIDS2017,bridge62,PUBLISHED,STANDARD,0.5,0.21292361103639226,0.004106291988419324,0.1,0.75,0.007886059668014528,FINITE,True,0.7500000000000001
STAGE24_2018_TO_2017_BRIDGE62_PUBLISHED,STAGE24_2018_TO_2017,IDS2018_TO_CICIDS2017,bridge62,PUBLISHED,STANDARD,0.5,0.21292361103639226,0.004106291988419324,0.1,0.9,0.0026286865560048423,FINITE,False,0.9
STAGE24_2018_TO_2017_BRIDGE62_PUBLISHED,STAGE24_2018_TO_2017,IDS2018_TO_CICIDS2017,bridge62,PUBLISHED,STANDARD,0.5,0.21292361103639226,0.004106291988419324,0.03,0.1,0.05926739688641846,FINITE,True,0.1
STAGE24_2018_TO_2017_BRIDGE62_PUBLISHED,STAGE24_2018_TO_2017,IDS2018_TO_CICIDS2017,bridge62,PUBLISHED,STANDARD,0.5,0.21292361103639226,0.004106291988419324,0.03,0.25,0.019755798962139488,FINITE,True,0.25
STAGE24_2018_TO_2017_BRIDGE62_PUBLISHED,STAGE24_2018_TO_2017,IDS2018_TO_CICIDS2017,bridge62,PUBLISHED,STANDARD,0.5,0.21292361103639226,0.004106291988419324,0.03,0.5,0.006585266320713163,FINITE,True,0.5
STAGE24_2018_TO_2017_BRIDGE62_PUBLISHED,STAGE24_2018_TO_2017,IDS2018_TO_CICIDS2017,bridge62,PUBLISHED,STANDARD,0.5,0.21292361103639226,0.004106291988419324,0.03,0.75,0.002195088773571054,FINITE,False,0.75
STAGE24_2018_TO_2017_BRIDGE62_PUBLISHED,STAGE24_2018_TO_2017,IDS2018_TO_CICIDS2017,bridge62,PUBLISHED,STANDARD,0.5,0.21292361103639226,0.004106291988419324,0.03,0.9,0.0007316962578570179,FINITE,False,0.9
STAGE24_2018_TO_2017_BRIDGE62_PUBLISHED,STAGE24_2018_TO_2017,IDS2018_TO_CICIDS2017,bridge62,PUBLISHED,STANDARD,0.5,0.21292361103639226,0.004106291988419324,0.01,0.1,0.019356691912399297,FINITE,True,0.1
STAGE24_2018_TO_2017_BRIDGE62_PUBLISHED,STAGE24_2018_TO_2017,IDS2018_TO_CICIDS2017,bridge62,PUBLISHED,STANDARD,0.5,0.21292361103639226,0.004106291988419324,0.01,0.25,0.006452230637466432,FINITE,True,0.25
STAGE24_2018_TO_2017_BRIDGE62_PUBLISHED,STAGE24_2018_TO_2017,IDS2018_TO_CICIDS2017,bridge62,PUBLISHED,STANDARD,0.5,0.21292361103639226,0.004106291988419324,0.01,0.5,0.002150743545822144,FINITE,False,0.5
STAGE24_2018_TO_2017_BRIDGE62_PUBLISHED,STAGE24_2018_TO_2017,IDS2018_TO_CICIDS2017,bridge62,PUBLISHED,STANDARD,0.5,0.21292361103639226,0.004106291988419324,0.01,0.75,0.0007169145152740481,FINITE,False,0.75
STAGE24_2018_TO_2017_BRIDGE62_PUBLISHED,STAGE24_2018_TO_2017,IDS2018_TO_CICIDS2017,bridge62,PUBLISHED,STANDARD,0.5,0.21292361103639226,0.004106291988419324,0.01,0.9,0.00023897150509134927,FINITE,False,0.9
STAGE24_2018_TO_2017_BRIDGE62_PUBLISHED,STAGE24_2018_TO_2017,IDS2018_TO_CICIDS2017,bridge62,PUBLISHED,STANDARD,0.5,0.21292361103639226,0.004106291988419324,0.003,0.1,0.005766236206602398,FINITE,True,0.10000000000000002
STAGE24_2018_TO_2017_BRIDGE62_PUBLISHED,STAGE24_2018_TO_2017,IDS2018_TO_CICIDS2017,bridge62,PUBLISHED,STANDARD,0.5,0.21292361103639226,0.004106291988419324,0.003,0.25,0.0019220787355341328,FINITE,False,0.25
STAGE24_2018_TO_2017_BRIDGE62_PUBLISHED,STAGE24_2018_TO_2017,IDS2018_TO_CICIDS2017,bridge62,PUBLISHED,STANDARD,0.5,0.21292361103639226,0.004106291988419324,0.003,0.5,0.000640692911844711,FINITE,False,0.5
STAGE24_2018_TO_2017_BRIDGE62_PUBLISHED,STAGE24_2018_TO_2017,IDS2018_TO_CICIDS2017,bridge62,PUBLISHED,STANDARD,0.5,0.21292361103639226,0.004106291988419324,0.003,0.75,0.00021356430394823696,FINITE,False,0.75
STAGE24_2018_TO_2017_BRIDGE62_PUBLISHED,STAGE24_2018_TO_2017,IDS2018_TO_CICIDS2017,bridge62,PUBLISHED,STANDARD,0.5,0.21292361103639226,0.004106291988419324,0.003,0.9,7.118810131607898e-05,FINITE,False,0.9
STAGE24_2018_TO_2017_BRIDGE62_PUBLISHED,STAGE24_2018_TO_2017,IDS2018_TO_CICIDS2017,bridge62,PUBLISHED,STANDARD,0.5,0.21292361103639226,0.004106291988419324,0.001,0.1,0.0019182307300575879,FINITE,False,0.1
STAGE24_2018_TO_2017_BRIDGE62_PUBLISHED,STAGE24_2018_TO_2017,IDS2018_TO_CICIDS2017,bridge62,PUBLISHED,STANDARD,0.5,0.21292361103639226,0.004106291988419324,0.001,0.25,0.0006394102433525293,FINITE,False,0.25
STAGE24_2018_TO_2017_BRIDGE62_PUBLISHED,STAGE24_2018_TO_2017,IDS2018_TO_CICIDS2017,bridge62,PUBLISHED,STANDARD,0.5,0.21292361103639226,0.004106291988419324,0.001,0.5,0.00021313674778417643,FINITE,False,0.5
STAGE24_2018_TO_2017_BRIDGE62_PUBLISHED,STAGE24_2018_TO_2017,IDS2018_TO_CICIDS2017,bridge62,PUBLISHED,STANDARD,0.5,0.21292361103639226,0.004106291988419324,0.001,0.75,7.104558259472548e-05,FINITE,False,0.75
STAGE24_2018_TO_2017_BRIDGE62_PUBLISHED,STAGE24_2018_TO_2017,IDS2018_TO_CICIDS2017,bridge62,PUBLISHED,STANDARD,0.5,0.21292361103639226,0.004106291988419324,0.001,0.9,2.3681860864908488e-05,FINITE,False,0.9
STAGE24_2018_TO_2017_BRIDGE62_PUBLISHED,STAGE24_2018_TO_2017,IDS2018_TO_CICIDS2017,bridge62,PUBLISHED,STANDARD,0.5,0.21292361103639226,0.004106291988419324,0.0001,0.1,0.00019165041497425046,FINITE,False,0.1
STAGE24_2018_TO_2017_BRIDGE62_PUBLISHED,STAGE24_2018_TO_2017,IDS2018_TO_CICIDS2017,bridge62,PUBLISHED,STANDARD,0.5,0.21292361103639226,0.004106291988419324,0.0001,0.25,6.388347165808349e-05,FINITE,False,0.25
STAGE24_2018_TO_2017_BRIDGE62_PUBLISHED,STAGE24_2018_TO_2017,IDS2018_TO_CICIDS2017,bridge62,PUBLISHED,STANDARD,0.5,0.21292361103639226,0.004106291988419324,0.0001,0.5,2.1294490552694497e-05,FINITE,False,0.5
STAGE24_2018_TO_2017_BRIDGE62_PUBLISHED,STAGE24_2018_TO_2017,IDS2018_TO_CICIDS2017,bridge62,PUBLISHED,STANDARD,0.5,0.21292361103639226,0.004106291988419324,0.0001,0.75,7.098163517564833e-06,FINITE,False,0.75
STAGE24_2018_TO_2017_BRIDGE62_PUBLISHED,STAGE24_2018_TO_2017,IDS2018_TO_CICIDS2017,bridge62,PUBLISHED,STANDARD,0.5,0.21292361103639226,0.004106291988419324,0.0001,0.9,2.366054505854944e-06,FINITE,False,0.9
STAGE24_2018_TO_2017_BRIDGE62_PUBLISHED,STAGE24_2018_TO_2017,IDS2018_TO_CICIDS2017,bridge62,PUBLISHED,BALANCED,0.05000000074505806,0.44136423465782954,0.012905300565703971,0.1,0.1,0.4413642346578295,FINITE,True,0.10000000000000002
STAGE24_2018_TO_2017_BRIDGE62_PUBLISHED,STAGE24_2018_TO_2017,IDS2018_TO_CICIDS2017,bridge62,PUBLISHED,BALANCED,0.05000000074505806,0.44136423465782954,0.012905300565703971,0.1,0.25,0.14712141155260985,FINITE,True,0.25
STAGE24_2018_TO_2017_BRIDGE62_PUBLISHED,STAGE24_2018_TO_2017,IDS2018_TO_CICIDS2017,bridge62,PUBLISHED,BALANCED,0.05000000074505806,0.44136423465782954,0.012905300565703971,0.1,0.5,0.04904047051753661,FINITE,True,0.5
STAGE24_2018_TO_2017_BRIDGE62_PUBLISHED,STAGE24_2018_TO_2017,IDS2018_TO_CICIDS2017,bridge62,PUBLISHED,BALANCED,0.05000000074505806,0.44136423465782954,0.012905300565703971,0.1,0.75,0.01634682350584554,FINITE,True,0.7499999999999999
STAGE24_2018_TO_2017_BRIDGE62_PUBLISHED,STAGE24_2018_TO_2017,IDS2018_TO_CICIDS2017,bridge62,PUBLISHED,BALANCED,0.05000000074505806,0.44136423465782954,0.012905300565703971,0.1,0.9,0.005448941168615178,FINITE,False,0.9
STAGE24_2018_TO_2017_BRIDGE62_PUBLISHED,STAGE24_2018_TO_2017,IDS2018_TO_CICIDS2017,bridge62,PUBLISHED,BALANCED,0.05000000074505806,0.44136423465782954,0.012905300565703971,0.03,0.1,0.1228539622243443,FINITE,True,0.09999999999999998
STAGE24_2018_TO_2017_BRIDGE62_PUBLISHED,STAGE24_2018_TO_2017,IDS2018_TO_CICIDS2017,bridge62,PUBLISHED,BALANCED,0.05000000074505806,0.44136423465782954,0.012905300565703971,0.03,0.25,0.040951320741448104,FINITE,True,0.25
STAGE24_2018_TO_2017_BRIDGE62_PUBLISHED,STAGE24_2018_TO_2017,IDS2018_TO_CICIDS2017,bridge62,PUBLISHED,BALANCED,0.05000000074505806,0.44136423465782954,0.012905300565703971,0.03,0.5,0.013650440247149367,FINITE,True,0.5
STAGE24_2018_TO_2017_BRIDGE62_PUBLISHED,STAGE24_2018_TO_2017,IDS2018_TO_CICIDS2017,bridge62,PUBLISHED,BALANCED,0.05000000074505806,0.44136423465782954,0.012905300565703971,0.03,0.75,0.004550146749049788,FINITE,False,0.7500000000000001
STAGE24_2018_TO_2017_BRIDGE62_PUBLISHED,STAGE24_2018_TO_2017,IDS2018_TO_CICIDS2017,bridge62,PUBLISHED,BALANCED,0.05000000074505806,0.44136423465782954,0.012905300565703971,0.03,0.9,0.001516715583016596,FINITE,False,0.9
STAGE24_2018_TO_2017_BRIDGE62_PUBLISHED,STAGE24_2018_TO_2017,IDS2018_TO_CICIDS2017,bridge62,PUBLISHED,BALANCED,0.05000000074505806,0.44136423465782954,0.012905300565703971,0.01,0.1,0.04012402133252996,FINITE,True,0.09999999999999999
STAGE24_2018_TO_2017_BRIDGE62_PUBLISHED,STAGE24_2018_TO_2017,IDS2018_TO_CICIDS2017,bridge62,PUBLISHED,BALANCED,0.05000000074505806,0.44136423465782954,0.012905300565703971,0.01,0.25,0.013374673777509985,FINITE,True,0.25
STAGE24_2018_TO_2017_BRIDGE62_PUBLISHED,STAGE24_2018_TO_2017,IDS2018_TO_CICIDS2017,bridge62,PUBLISHED,BALANCED,0.05000000074505806,0.44136423465782954,0.012905300565703971,0.01,0.5,0.004458224592503329,FINITE,False,0.5
STAGE24_2018_TO_2017_BRIDGE62_PUBLISHED,STAGE24_2018_TO_2017,IDS2018_TO_CICIDS2017,bridge62,PUBLISHED,BALANCED,0.05000000074505806,0.44136423465782954,0.012905300565703971,0.01,0.75,0.0014860748641677764,FINITE,False,0.75
STAGE24_2018_TO_2017_BRIDGE62_PUBLISHED,STAGE24_2018_TO_2017,IDS2018_TO_CICIDS2017,bridge62,PUBLISHED,BALANCED,0.05000000074505806,0.44136423465782954,0.012905300565703971,0.01,0.9,0.0004953582880559252,FINITE,False,0.9
STAGE24_2018_TO_2017_BRIDGE62_PUBLISHED,STAGE24_2018_TO_2017,IDS2018_TO_CICIDS2017,bridge62,PUBLISHED,BALANCED,0.05000000074505806,0.44136423465782954,0.012905300565703971,0.003,0.1,0.011952692413000399,FINITE,False,0.10000000000000002
STAGE24_2018_TO_2017_BRIDGE62_PUBLISHED,STAGE24_2018_TO_2017,IDS2018_TO_CICIDS2017,bridge62,PUBLISHED,BALANCED,0.05000000074505806,0.44136423465782954,0.012905300565703971,0.003,0.25,0.003984230804333466,FINITE,False,0.25
STAGE24_2018_TO_2017_BRIDGE62_PUBLISHED,STAGE24_2018_TO_2017,IDS2018_TO_CICIDS2017,bridge62,PUBLISHED,BALANCED,0.05000000074505806,0.44136423465782954,0.012905300565703971,0.003,0.5,0.001328076934777822,FINITE,False,0.5
STAGE24_2018_TO_2017_BRIDGE62_PUBLISHED,STAGE24_2018_TO_2017,IDS2018_TO_CICIDS2017,bridge62,PUBLISHED,BALANCED,0.05000000074505806,0.44136423465782954,0.012905300565703971,0.003,0.75,0.00044269231159260736,FINITE,False,0.75
STAGE24_2018_TO_2017_BRIDGE62_PUBLISHED,STAGE24_2018_TO_2017,IDS2018_TO_CICIDS2017,bridge62,PUBLISHED,BALANCED,0.05000000074505806,0.44136423465782954,0.012905300565703971,0.003,0.9,0.00014756410386420243,FINITE,False,0.9
STAGE24_2018_TO_2017_BRIDGE62_PUBLISHED,STAGE24_2018_TO_2017,IDS2018_TO_CICIDS2017,bridge62,PUBLISHED,BALANCED,0.05000000074505806,0.44136423465782954,0.012905300565703971,0.001,0.1,0.003976254366286752,FINITE,False,0.10000000000000002
STAGE24_2018_TO_2017_BRIDGE62_PUBLISHED,STAGE24_2018_TO_2017,IDS2018_TO_CICIDS2017,bridge62,PUBLISHED,BALANCED,0.05000000074505806,0.44136423465782954,0.012905300565703971,0.001,0.25,0.0013254181220955842,FINITE,False,0.25
STAGE24_2018_TO_2017_BRIDGE62_PUBLISHED,STAGE24_2018_TO_2017,IDS2018_TO_CICIDS2017,bridge62,PUBLISHED,BALANCED,0.05000000074505806,0.44136423465782954,0.012905300565703971,0.001,0.5,0.0004418060406985281,FINITE,False,0.5
STAGE24_2018_TO_2017_BRIDGE62_PUBLISHED,STAGE24_2018_TO_2017,IDS2018_TO_CICIDS2017,bridge62,PUBLISHED,BALANCED,0.05000000074505806,0.44136423465782954,0.012905300565703971,0.001,0.75,0.0001472686802328427,FINITE,False,0.7499999999999999
STAGE24_2018_TO_2017_BRIDGE62_PUBLISHED,STAGE24_2018_TO_2017,IDS2018_TO_CICIDS2017,bridge62,PUBLISHED,BALANCED,0.05000000074505806,0.44136423465782954,0.012905300565703971,0.001,0.9,4.908956007761422e-05,FINITE,False,0.8999999999999999
STAGE24_2018_TO_2017_BRIDGE62_PUBLISHED,STAGE24_2018_TO_2017,IDS2018_TO_CICIDS2017,bridge62,PUBLISHED,BALANCED,0.05000000074505806,0.44136423465782954,0.012905300565703971,0.0001,0.1,0.00039726753794584117,FINITE,False,0.09999999999999999
STAGE24_2018_TO_2017_BRIDGE62_PUBLISHED,STAGE24_2018_TO_2017,IDS2018_TO_CICIDS2017,bridge62,PUBLISHED,BALANCED,0.05000000074505806,0.44136423465782954,0.012905300565703971,0.0001,0.25,0.0001324225126486137,FINITE,False,0.25
STAGE24_2018_TO_2017_BRIDGE62_PUBLISHED,STAGE24_2018_TO_2017,IDS2018_TO_CICIDS2017,bridge62,PUBLISHED,BALANCED,0.05000000074505806,0.44136423465782954,0.012905300565703971,0.0001,0.5,4.4140837549537904e-05,FINITE,False,0.5
STAGE24_2018_TO_2017_BRIDGE62_PUBLISHED,STAGE24_2018_TO_2017,IDS2018_TO_CICIDS2017,bridge62,PUBLISHED,BALANCED,0.05000000074505806,0.44136423465782954,0.012905300565703971,0.0001,0.75,1.4713612516512636e-05,FINITE,False,0.75
STAGE24_2018_TO_2017_BRIDGE62_PUBLISHED,STAGE24_2018_TO_2017,IDS2018_TO_CICIDS2017,bridge62,PUBLISHED,BALANCED,0.05000000074505806,0.44136423465782954,0.012905300565703971,0.0001,0.9,4.904537505504211e-06,FINITE,False,0.9
STAGE24_2018_TO_2017_BRIDGE62_PUBLISHED,STAGE24_2018_TO_2017,IDS2018_TO_CICIDS2017,bridge62,PUBLISHED,SECURITY,0.05000000074505806,0.44136423465782954,0.012905300565703971,0.1,0.1,0.4413642346578295,FINITE,True,0.10000000000000002
STAGE24_2018_TO_2017_BRIDGE62_PUBLISHED,STAGE24_2018_TO_2017,IDS2018_TO_CICIDS2017,bridge62,PUBLISHED,SECURITY,0.05000000074505806,0.44136423465782954,0.012905300565703971,0.1,0.25,0.14712141155260985,FINITE,True,0.25
STAGE24_2018_TO_2017_BRIDGE62_PUBLISHED,STAGE24_2018_TO_2017,IDS2018_TO_CICIDS2017,bridge62,PUBLISHED,SECURITY,0.05000000074505806,0.44136423465782954,0.012905300565703971,0.1,0.5,0.04904047051753661,FINITE,True,0.5
STAGE24_2018_TO_2017_BRIDGE62_PUBLISHED,STAGE24_2018_TO_2017,IDS2018_TO_CICIDS2017,bridge62,PUBLISHED,SECURITY,0.05000000074505806,0.44136423465782954,0.012905300565703971,0.1,0.75,0.01634682350584554,FINITE,True,0.7499999999999999
STAGE24_2018_TO_2017_BRIDGE62_PUBLISHED,STAGE24_2018_TO_2017,IDS2018_TO_CICIDS2017,bridge62,PUBLISHED,SECURITY,0.05000000074505806,0.44136423465782954,0.012905300565703971,0.1,0.9,0.005448941168615178,FINITE,False,0.9
STAGE24_2018_TO_2017_BRIDGE62_PUBLISHED,STAGE24_2018_TO_2017,IDS2018_TO_CICIDS2017,bridge62,PUBLISHED,SECURITY,0.05000000074505806,0.44136423465782954,0.012905300565703971,0.03,0.1,0.1228539622243443,FINITE,True,0.09999999999999998
STAGE24_2018_TO_2017_BRIDGE62_PUBLISHED,STAGE24_2018_TO_2017,IDS2018_TO_CICIDS2017,bridge62,PUBLISHED,SECURITY,0.05000000074505806,0.44136423465782954,0.012905300565703971,0.03,0.25,0.040951320741448104,FINITE,True,0.25
STAGE24_2018_TO_2017_BRIDGE62_PUBLISHED,STAGE24_2018_TO_2017,IDS2018_TO_CICIDS2017,bridge62,PUBLISHED,SECURITY,0.05000000074505806,0.44136423465782954,0.012905300565703971,0.03,0.5,0.013650440247149367,FINITE,True,0.5
STAGE24_2018_TO_2017_BRIDGE62_PUBLISHED,STAGE24_2018_TO_2017,IDS2018_TO_CICIDS2017,bridge62,PUBLISHED,SECURITY,0.05000000074505806,0.44136423465782954,0.012905300565703971,0.03,0.75,0.004550146749049788,FINITE,False,0.7500000000000001
STAGE24_2018_TO_2017_BRIDGE62_PUBLISHED,STAGE24_2018_TO_2017,IDS2018_TO_CICIDS2017,bridge62,PUBLISHED,SECURITY,0.05000000074505806,0.44136423465782954,0.012905300565703971,0.03,0.9,0.001516715583016596,FINITE,False,0.9
STAGE24_2018_TO_2017_BRIDGE62_PUBLISHED,STAGE24_2018_TO_2017,IDS2018_TO_CICIDS2017,bridge62,PUBLISHED,SECURITY,0.05000000074505806,0.44136423465782954,0.012905300565703971,0.01,0.1,0.04012402133252996,FINITE,True,0.09999999999999999
STAGE24_2018_TO_2017_BRIDGE62_PUBLISHED,STAGE24_2018_TO_2017,IDS2018_TO_CICIDS2017,bridge62,PUBLISHED,SECURITY,0.05000000074505806,0.44136423465782954,0.012905300565703971,0.01,0.25,0.013374673777509985,FINITE,True,0.25
STAGE24_2018_TO_2017_BRIDGE62_PUBLISHED,STAGE24_2018_TO_2017,IDS2018_TO_CICIDS2017,bridge62,PUBLISHED,SECURITY,0.05000000074505806,0.44136423465782954,0.012905300565703971,0.01,0.5,0.004458224592503329,FINITE,False,0.5
STAGE24_2018_TO_2017_BRIDGE62_PUBLISHED,STAGE24_2018_TO_2017,IDS2018_TO_CICIDS2017,bridge62,PUBLISHED,SECURITY,0.05000000074505806,0.44136423465782954,0.012905300565703971,0.01,0.75,0.0014860748641677764,FINITE,False,0.75
STAGE24_2018_TO_2017_BRIDGE62_PUBLISHED,STAGE24_2018_TO_2017,IDS2018_TO_CICIDS2017,bridge62,PUBLISHED,SECURITY,0.05000000074505806,0.44136423465782954,0.012905300565703971,0.01,0.9,0.0004953582880559252,FINITE,False,0.9
STAGE24_2018_TO_2017_BRIDGE62_PUBLISHED,STAGE24_2018_TO_2017,IDS2018_TO_CICIDS2017,bridge62,PUBLISHED,SECURITY,0.05000000074505806,0.44136423465782954,0.012905300565703971,0.003,0.1,0.011952692413000399,FINITE,False,0.10000000000000002
STAGE24_2018_TO_2017_BRIDGE62_PUBLISHED,STAGE24_2018_TO_2017,IDS2018_TO_CICIDS2017,bridge62,PUBLISHED,SECURITY,0.05000000074505806,0.44136423465782954,0.012905300565703971,0.003,0.25,0.003984230804333466,FINITE,False,0.25
STAGE24_2018_TO_2017_BRIDGE62_PUBLISHED,STAGE24_2018_TO_2017,IDS2018_TO_CICIDS2017,bridge62,PUBLISHED,SECURITY,0.05000000074505806,0.44136423465782954,0.012905300565703971,0.003,0.5,0.001328076934777822,FINITE,False,0.5
STAGE24_2018_TO_2017_BRIDGE62_PUBLISHED,STAGE24_2018_TO_2017,IDS2018_TO_CICIDS2017,bridge62,PUBLISHED,SECURITY,0.05000000074505806,0.44136423465782954,0.012905300565703971,0.003,0.75,0.00044269231159260736,FINITE,False,0.75
STAGE24_2018_TO_2017_BRIDGE62_PUBLISHED,STAGE24_2018_TO_2017,IDS2018_TO_CICIDS2017,bridge62,PUBLISHED,SECURITY,0.05000000074505806,0.44136423465782954,0.012905300565703971,0.003,0.9,0.00014756410386420243,FINITE,False,0.9
STAGE24_2018_TO_2017_BRIDGE62_PUBLISHED,STAGE24_2018_TO_2017,IDS2018_TO_CICIDS2017,bridge62,PUBLISHED,SECURITY,0.05000000074505806,0.44136423465782954,0.012905300565703971,0.001,0.1,0.003976254366286752,FINITE,False,0.10000000000000002
STAGE24_2018_TO_2017_BRIDGE62_PUBLISHED,STAGE24_2018_TO_2017,IDS2018_TO_CICIDS2017,bridge62,PUBLISHED,SECURITY,0.05000000074505806,0.44136423465782954,0.012905300565703971,0.001,0.25,0.0013254181220955842,FINITE,False,0.25
STAGE24_2018_TO_2017_BRIDGE62_PUBLISHED,STAGE24_2018_TO_2017,IDS2018_TO_CICIDS2017,bridge62,PUBLISHED,SECURITY,0.05000000074505806,0.44136423465782954,0.012905300565703971,0.001,0.5,0.0004418060406985281,FINITE,False,0.5
STAGE24_2018_TO_2017_BRIDGE62_PUBLISHED,STAGE24_2018_TO_2017,IDS2018_TO_CICIDS2017,bridge62,PUBLISHED,SECURITY,0.05000000074505806,0.44136423465782954,0.012905300565703971,0.001,0.75,0.0001472686802328427,FINITE,False,0.7499999999999999
STAGE24_2018_TO_2017_BRIDGE62_PUBLISHED,STAGE24_2018_TO_2017,IDS2018_TO_CICIDS2017,bridge62,PUBLISHED,SECURITY,0.05000000074505806,0.44136423465782954,0.012905300565703971,0.001,0.9,4.908956007761422e-05,FINITE,False,0.8999999999999999
STAGE24_2018_TO_2017_BRIDGE62_PUBLISHED,STAGE24_2018_TO_2017,IDS2018_TO_CICIDS2017,bridge62,PUBLISHED,SECURITY,0.05000000074505806,0.44136423465782954,0.012905300565703971,0.0001,0.1,0.00039726753794584117,FINITE,False,0.09999999999999999
STAGE24_2018_TO_2017_BRIDGE62_PUBLISHED,STAGE24_2018_TO_2017,IDS2018_TO_CICIDS2017,bridge62,PUBLISHED,SECURITY,0.05000000074505806,0.44136423465782954,0.012905300565703971,0.0001,0.25,0.0001324225126486137,FINITE,False,0.25
STAGE24_2018_TO_2017_BRIDGE62_PUBLISHED,STAGE24_2018_TO_2017,IDS2018_TO_CICIDS2017,bridge62,PUBLISHED,SECURITY,0.05000000074505806,0.44136423465782954,0.012905300565703971,0.0001,0.5,4.4140837549537904e-05,FINITE,False,0.5
STAGE24_2018_TO_2017_BRIDGE62_PUBLISHED,STAGE24_2018_TO_2017,IDS2018_TO_CICIDS2017,bridge62,PUBLISHED,SECURITY,0.05000000074505806,0.44136423465782954,0.012905300565703971,0.0001,0.75,1.4713612516512636e-05,FINITE,False,0.75
STAGE24_2018_TO_2017_BRIDGE62_PUBLISHED,STAGE24_2018_TO_2017,IDS2018_TO_CICIDS2017,bridge62,PUBLISHED,SECURITY,0.05000000074505806,0.44136423465782954,0.012905300565703971,0.0001,0.9,4.904537505504211e-06,FINITE,False,0.9
STAGE24_2018_TO_2017_BRIDGE62_FLAG_CORRECTED,STAGE24_2018_TO_2017,IDS2018_TO_CICIDS2017,bridge62,FLAG_CORRECTED,STANDARD,0.5,0.21292361103639226,0.004106291988419324,0.1,0.1,0.21292361103639226,FINITE,True,0.1
STAGE24_2018_TO_2017_BRIDGE62_FLAG_CORRECTED,STAGE24_2018_TO_2017,IDS2018_TO_CICIDS2017,bridge62,FLAG_CORRECTED,STANDARD,0.5,0.21292361103639226,0.004106291988419324,0.1,0.25,0.07097453701213076,FINITE,True,0.25
STAGE24_2018_TO_2017_BRIDGE62_FLAG_CORRECTED,STAGE24_2018_TO_2017,IDS2018_TO_CICIDS2017,bridge62,FLAG_CORRECTED,STANDARD,0.5,0.21292361103639226,0.004106291988419324,0.1,0.5,0.023658179004043586,FINITE,True,0.5
STAGE24_2018_TO_2017_BRIDGE62_FLAG_CORRECTED,STAGE24_2018_TO_2017,IDS2018_TO_CICIDS2017,bridge62,FLAG_CORRECTED,STANDARD,0.5,0.21292361103639226,0.004106291988419324,0.1,0.75,0.007886059668014528,FINITE,True,0.7500000000000001
STAGE24_2018_TO_2017_BRIDGE62_FLAG_CORRECTED,STAGE24_2018_TO_2017,IDS2018_TO_CICIDS2017,bridge62,FLAG_CORRECTED,STANDARD,0.5,0.21292361103639226,0.004106291988419324,0.1,0.9,0.0026286865560048423,FINITE,False,0.9
STAGE24_2018_TO_2017_BRIDGE62_FLAG_CORRECTED,STAGE24_2018_TO_2017,IDS2018_TO_CICIDS2017,bridge62,FLAG_CORRECTED,STANDARD,0.5,0.21292361103639226,0.004106291988419324,0.03,0.1,0.05926739688641846,FINITE,True,0.1
STAGE24_2018_TO_2017_BRIDGE62_FLAG_CORRECTED,STAGE24_2018_TO_2017,IDS2018_TO_CICIDS2017,bridge62,FLAG_CORRECTED,STANDARD,0.5,0.21292361103639226,0.004106291988419324,0.03,0.25,0.019755798962139488,FINITE,True,0.25
STAGE24_2018_TO_2017_BRIDGE62_FLAG_CORRECTED,STAGE24_2018_TO_2017,IDS2018_TO_CICIDS2017,bridge62,FLAG_CORRECTED,STANDARD,0.5,0.21292361103639226,0.004106291988419324,0.03,0.5,0.006585266320713163,FINITE,True,0.5
STAGE24_2018_TO_2017_BRIDGE62_FLAG_CORRECTED,STAGE24_2018_TO_2017,IDS2018_TO_CICIDS2017,bridge62,FLAG_CORRECTED,STANDARD,0.5,0.21292361103639226,0.004106291988419324,0.03,0.75,0.002195088773571054,FINITE,False,0.75
STAGE24_2018_TO_2017_BRIDGE62_FLAG_CORRECTED,STAGE24_2018_TO_2017,IDS2018_TO_CICIDS2017,bridge62,FLAG_CORRECTED,STANDARD,0.5,0.21292361103639226,0.004106291988419324,0.03,0.9,0.0007316962578570179,FINITE,False,0.9
STAGE24_2018_TO_2017_BRIDGE62_FLAG_CORRECTED,STAGE24_2018_TO_2017,IDS2018_TO_CICIDS2017,bridge62,FLAG_CORRECTED,STANDARD,0.5,0.21292361103639226,0.004106291988419324,0.01,0.1,0.019356691912399297,FINITE,True,0.1
STAGE24_2018_TO_2017_BRIDGE62_FLAG_CORRECTED,STAGE24_2018_TO_2017,IDS2018_TO_CICIDS2017,bridge62,FLAG_CORRECTED,STANDARD,0.5,0.21292361103639226,0.004106291988419324,0.01,0.25,0.006452230637466432,FINITE,True,0.25
STAGE24_2018_TO_2017_BRIDGE62_FLAG_CORRECTED,STAGE24_2018_TO_2017,IDS2018_TO_CICIDS2017,bridge62,FLAG_CORRECTED,STANDARD,0.5,0.21292361103639226,0.004106291988419324,0.01,0.5,0.002150743545822144,FINITE,False,0.5
STAGE24_2018_TO_2017_BRIDGE62_FLAG_CORRECTED,STAGE24_2018_TO_2017,IDS2018_TO_CICIDS2017,bridge62,FLAG_CORRECTED,STANDARD,0.5,0.21292361103639226,0.004106291988419324,0.01,0.75,0.0007169145152740481,FINITE,False,0.75
STAGE24_2018_TO_2017_BRIDGE62_FLAG_CORRECTED,STAGE24_2018_TO_2017,IDS2018_TO_CICIDS2017,bridge62,FLAG_CORRECTED,STANDARD,0.5,0.21292361103639226,0.004106291988419324,0.01,0.9,0.00023897150509134927,FINITE,False,0.9
STAGE24_2018_TO_2017_BRIDGE62_FLAG_CORRECTED,STAGE24_2018_TO_2017,IDS2018_TO_CICIDS2017,bridge62,FLAG_CORRECTED,STANDARD,0.5,0.21292361103639226,0.004106291988419324,0.003,0.1,0.005766236206602398,FINITE,True,0.10000000000000002
STAGE24_2018_TO_2017_BRIDGE62_FLAG_CORRECTED,STAGE24_2018_TO_2017,IDS2018_TO_CICIDS2017,bridge62,FLAG_CORRECTED,STANDARD,0.5,0.21292361103639226,0.004106291988419324,0.003,0.25,0.0019220787355341328,FINITE,False,0.25
STAGE24_2018_TO_2017_BRIDGE62_FLAG_CORRECTED,STAGE24_2018_TO_2017,IDS2018_TO_CICIDS2017,bridge62,FLAG_CORRECTED,STANDARD,0.5,0.21292361103639226,0.004106291988419324,0.003,0.5,0.000640692911844711,FINITE,False,0.5
STAGE24_2018_TO_2017_BRIDGE62_FLAG_CORRECTED,STAGE24_2018_TO_2017,IDS2018_TO_CICIDS2017,bridge62,FLAG_CORRECTED,STANDARD,0.5,0.21292361103639226,0.004106291988419324,0.003,0.75,0.00021356430394823696,FINITE,False,0.75
STAGE24_2018_TO_2017_BRIDGE62_FLAG_CORRECTED,STAGE24_2018_TO_2017,IDS2018_TO_CICIDS2017,bridge62,FLAG_CORRECTED,STANDARD,0.5,0.21292361103639226,0.004106291988419324,0.003,0.9,7.118810131607898e-05,FINITE,False,0.9
STAGE24_2018_TO_2017_BRIDGE62_FLAG_CORRECTED,STAGE24_2018_TO_2017,IDS2018_TO_CICIDS2017,bridge62,FLAG_CORRECTED,STANDARD,0.5,0.21292361103639226,0.004106291988419324,0.001,0.1,0.0019182307300575879,FINITE,False,0.1
STAGE24_2018_TO_2017_BRIDGE62_FLAG_CORRECTED,STAGE24_2018_TO_2017,IDS2018_TO_CICIDS2017,bridge62,FLAG_CORRECTED,STANDARD,0.5,0.21292361103639226,0.004106291988419324,0.001,0.25,0.0006394102433525293,FINITE,False,0.25
STAGE24_2018_TO_2017_BRIDGE62_FLAG_CORRECTED,STAGE24_2018_TO_2017,IDS2018_TO_CICIDS2017,bridge62,FLAG_CORRECTED,STANDARD,0.5,0.21292361103639226,0.004106291988419324,0.001,0.5,0.00021313674778417643,FINITE,False,0.5
STAGE24_2018_TO_2017_BRIDGE62_FLAG_CORRECTED,STAGE24_2018_TO_2017,IDS2018_TO_CICIDS2017,bridge62,FLAG_CORRECTED,STANDARD,0.5,0.21292361103639226,0.004106291988419324,0.001,0.75,7.104558259472548e-05,FINITE,False,0.75
STAGE24_2018_TO_2017_BRIDGE62_FLAG_CORRECTED,STAGE24_2018_TO_2017,IDS2018_TO_CICIDS2017,bridge62,FLAG_CORRECTED,STANDARD,0.5,0.21292361103639226,0.004106291988419324,0.001,0.9,2.3681860864908488e-05,FINITE,False,0.9
STAGE24_2018_TO_2017_BRIDGE62_FLAG_CORRECTED,STAGE24_2018_TO_2017,IDS2018_TO_CICIDS2017,bridge62,FLAG_CORRECTED,STANDARD,0.5,0.21292361103639226,0.004106291988419324,0.0001,0.1,0.00019165041497425046,FINITE,False,0.1
STAGE24_2018_TO_2017_BRIDGE62_FLAG_CORRECTED,STAGE24_2018_TO_2017,IDS2018_TO_CICIDS2017,bridge62,FLAG_CORRECTED,STANDARD,0.5,0.21292361103639226,0.004106291988419324,0.0001,0.25,6.388347165808349e-05,FINITE,False,0.25
STAGE24_2018_TO_2017_BRIDGE62_FLAG_CORRECTED,STAGE24_2018_TO_2017,IDS2018_TO_CICIDS2017,bridge62,FLAG_CORRECTED,STANDARD,0.5,0.21292361103639226,0.004106291988419324,0.0001,0.5,2.1294490552694497e-05,FINITE,False,0.5
STAGE24_2018_TO_2017_BRIDGE62_FLAG_CORRECTED,STAGE24_2018_TO_2017,IDS2018_TO_CICIDS2017,bridge62,FLAG_CORRECTED,STANDARD,0.5,0.21292361103639226,0.004106291988419324,0.0001,0.75,7.098163517564833e-06,FINITE,False,0.75
STAGE24_2018_TO_2017_BRIDGE62_FLAG_CORRECTED,STAGE24_2018_TO_2017,IDS2018_TO_CICIDS2017,bridge62,FLAG_CORRECTED,STANDARD,0.5,0.21292361103639226,0.004106291988419324,0.0001,0.9,2.366054505854944e-06,FINITE,False,0.9
STAGE24_2018_TO_2017_BRIDGE62_FLAG_CORRECTED,STAGE24_2018_TO_2017,IDS2018_TO_CICIDS2017,bridge62,FLAG_CORRECTED,BALANCED,0.05000000074505806,0.44136423465782954,0.012905300565703971,0.1,0.1,0.4413642346578295,FINITE,True,0.10000000000000002
STAGE24_2018_TO_2017_BRIDGE62_FLAG_CORRECTED,STAGE24_2018_TO_2017,IDS2018_TO_CICIDS2017,bridge62,FLAG_CORRECTED,BALANCED,0.05000000074505806,0.44136423465782954,0.012905300565703971,0.1,0.25,0.14712141155260985,FINITE,True,0.25
STAGE24_2018_TO_2017_BRIDGE62_FLAG_CORRECTED,STAGE24_2018_TO_2017,IDS2018_TO_CICIDS2017,bridge62,FLAG_CORRECTED,BALANCED,0.05000000074505806,0.44136423465782954,0.012905300565703971,0.1,0.5,0.04904047051753661,FINITE,True,0.5
STAGE24_2018_TO_2017_BRIDGE62_FLAG_CORRECTED,STAGE24_2018_TO_2017,IDS2018_TO_CICIDS2017,bridge62,FLAG_CORRECTED,BALANCED,0.05000000074505806,0.44136423465782954,0.012905300565703971,0.1,0.75,0.01634682350584554,FINITE,True,0.7499999999999999
STAGE24_2018_TO_2017_BRIDGE62_FLAG_CORRECTED,STAGE24_2018_TO_2017,IDS2018_TO_CICIDS2017,bridge62,FLAG_CORRECTED,BALANCED,0.05000000074505806,0.44136423465782954,0.012905300565703971,0.1,0.9,0.005448941168615178,FINITE,False,0.9
STAGE24_2018_TO_2017_BRIDGE62_FLAG_CORRECTED,STAGE24_2018_TO_2017,IDS2018_TO_CICIDS2017,bridge62,FLAG_CORRECTED,BALANCED,0.05000000074505806,0.44136423465782954,0.012905300565703971,0.03,0.1,0.1228539622243443,FINITE,True,0.09999999999999998
STAGE24_2018_TO_2017_BRIDGE62_FLAG_CORRECTED,STAGE24_2018_TO_2017,IDS2018_TO_CICIDS2017,bridge62,FLAG_CORRECTED,BALANCED,0.05000000074505806,0.44136423465782954,0.012905300565703971,0.03,0.25,0.040951320741448104,FINITE,True,0.25
STAGE24_2018_TO_2017_BRIDGE62_FLAG_CORRECTED,STAGE24_2018_TO_2017,IDS2018_TO_CICIDS2017,bridge62,FLAG_CORRECTED,BALANCED,0.05000000074505806,0.44136423465782954,0.012905300565703971,0.03,0.5,0.013650440247149367,FINITE,True,0.5
STAGE24_2018_TO_2017_BRIDGE62_FLAG_CORRECTED,STAGE24_2018_TO_2017,IDS2018_TO_CICIDS2017,bridge62,FLAG_CORRECTED,BALANCED,0.05000000074505806,0.44136423465782954,0.012905300565703971,0.03,0.75,0.004550146749049788,FINITE,False,0.7500000000000001
STAGE24_2018_TO_2017_BRIDGE62_FLAG_CORRECTED,STAGE24_2018_TO_2017,IDS2018_TO_CICIDS2017,bridge62,FLAG_CORRECTED,BALANCED,0.05000000074505806,0.44136423465782954,0.012905300565703971,0.03,0.9,0.001516715583016596,FINITE,False,0.9
STAGE24_2018_TO_2017_BRIDGE62_FLAG_CORRECTED,STAGE24_2018_TO_2017,IDS2018_TO_CICIDS2017,bridge62,FLAG_CORRECTED,BALANCED,0.05000000074505806,0.44136423465782954,0.012905300565703971,0.01,0.1,0.04012402133252996,FINITE,True,0.09999999999999999
STAGE24_2018_TO_2017_BRIDGE62_FLAG_CORRECTED,STAGE24_2018_TO_2017,IDS2018_TO_CICIDS2017,bridge62,FLAG_CORRECTED,BALANCED,0.05000000074505806,0.44136423465782954,0.012905300565703971,0.01,0.25,0.013374673777509985,FINITE,True,0.25
STAGE24_2018_TO_2017_BRIDGE62_FLAG_CORRECTED,STAGE24_2018_TO_2017,IDS2018_TO_CICIDS2017,bridge62,FLAG_CORRECTED,BALANCED,0.05000000074505806,0.44136423465782954,0.012905300565703971,0.01,0.5,0.004458224592503329,FINITE,False,0.5
STAGE24_2018_TO_2017_BRIDGE62_FLAG_CORRECTED,STAGE24_2018_TO_2017,IDS2018_TO_CICIDS2017,bridge62,FLAG_CORRECTED,BALANCED,0.05000000074505806,0.44136423465782954,0.012905300565703971,0.01,0.75,0.0014860748641677764,FINITE,False,0.75
STAGE24_2018_TO_2017_BRIDGE62_FLAG_CORRECTED,STAGE24_2018_TO_2017,IDS2018_TO_CICIDS2017,bridge62,FLAG_CORRECTED,BALANCED,0.05000000074505806,0.44136423465782954,0.012905300565703971,0.01,0.9,0.0004953582880559252,FINITE,False,0.9
STAGE24_2018_TO_2017_BRIDGE62_FLAG_CORRECTED,STAGE24_2018_TO_2017,IDS2018_TO_CICIDS2017,bridge62,FLAG_CORRECTED,BALANCED,0.05000000074505806,0.44136423465782954,0.012905300565703971,0.003,0.1,0.011952692413000399,FINITE,False,0.10000000000000002
STAGE24_2018_TO_2017_BRIDGE62_FLAG_CORRECTED,STAGE24_2018_TO_2017,IDS2018_TO_CICIDS2017,bridge62,FLAG_CORRECTED,BALANCED,0.05000000074505806,0.44136423465782954,0.012905300565703971,0.003,0.25,0.003984230804333466,FINITE,False,0.25
STAGE24_2018_TO_2017_BRIDGE62_FLAG_CORRECTED,STAGE24_2018_TO_2017,IDS2018_TO_CICIDS2017,bridge62,FLAG_CORRECTED,BALANCED,0.05000000074505806,0.44136423465782954,0.012905300565703971,0.003,0.5,0.001328076934777822,FINITE,False,0.5
STAGE24_2018_TO_2017_BRIDGE62_FLAG_CORRECTED,STAGE24_2018_TO_2017,IDS2018_TO_CICIDS2017,bridge62,FLAG_CORRECTED,BALANCED,0.05000000074505806,0.44136423465782954,0.012905300565703971,0.003,0.75,0.00044269231159260736,FINITE,False,0.75
STAGE24_2018_TO_2017_BRIDGE62_FLAG_CORRECTED,STAGE24_2018_TO_2017,IDS2018_TO_CICIDS2017,bridge62,FLAG_CORRECTED,BALANCED,0.05000000074505806,0.44136423465782954,0.012905300565703971,0.003,0.9,0.00014756410386420243,FINITE,False,0.9
STAGE24_2018_TO_2017_BRIDGE62_FLAG_CORRECTED,STAGE24_2018_TO_2017,IDS2018_TO_CICIDS2017,bridge62,FLAG_CORRECTED,BALANCED,0.05000000074505806,0.44136423465782954,0.012905300565703971,0.001,0.1,0.003976254366286752,FINITE,False,0.10000000000000002
STAGE24_2018_TO_2017_BRIDGE62_FLAG_CORRECTED,STAGE24_2018_TO_2017,IDS2018_TO_CICIDS2017,bridge62,FLAG_CORRECTED,BALANCED,0.05000000074505806,0.44136423465782954,0.012905300565703971,0.001,0.25,0.0013254181220955842,FINITE,False,0.25
STAGE24_2018_TO_2017_BRIDGE62_FLAG_CORRECTED,STAGE24_2018_TO_2017,IDS2018_TO_CICIDS2017,bridge62,FLAG_CORRECTED,BALANCED,0.05000000074505806,0.44136423465782954,0.012905300565703971,0.001,0.5,0.0004418060406985281,FINITE,False,0.5
STAGE24_2018_TO_2017_BRIDGE62_FLAG_CORRECTED,STAGE24_2018_TO_2017,IDS2018_TO_CICIDS2017,bridge62,FLAG_CORRECTED,BALANCED,0.05000000074505806,0.44136423465782954,0.012905300565703971,0.001,0.75,0.0001472686802328427,FINITE,False,0.7499999999999999
STAGE24_2018_TO_2017_BRIDGE62_FLAG_CORRECTED,STAGE24_2018_TO_2017,IDS2018_TO_CICIDS2017,bridge62,FLAG_CORRECTED,BALANCED,0.05000000074505806,0.44136423465782954,0.012905300565703971,0.001,0.9,4.908956007761422e-05,FINITE,False,0.8999999999999999
STAGE24_2018_TO_2017_BRIDGE62_FLAG_CORRECTED,STAGE24_2018_TO_2017,IDS2018_TO_CICIDS2017,bridge62,FLAG_CORRECTED,BALANCED,0.05000000074505806,0.44136423465782954,0.012905300565703971,0.0001,0.1,0.00039726753794584117,FINITE,False,0.09999999999999999
STAGE24_2018_TO_2017_BRIDGE62_FLAG_CORRECTED,STAGE24_2018_TO_2017,IDS2018_TO_CICIDS2017,bridge62,FLAG_CORRECTED,BALANCED,0.05000000074505806,0.44136423465782954,0.012905300565703971,0.0001,0.25,0.0001324225126486137,FINITE,False,0.25
STAGE24_2018_TO_2017_BRIDGE62_FLAG_CORRECTED,STAGE24_2018_TO_2017,IDS2018_TO_CICIDS2017,bridge62,FLAG_CORRECTED,BALANCED,0.05000000074505806,0.44136423465782954,0.012905300565703971,0.0001,0.5,4.4140837549537904e-05,FINITE,False,0.5
STAGE24_2018_TO_2017_BRIDGE62_FLAG_CORRECTED,STAGE24_2018_TO_2017,IDS2018_TO_CICIDS2017,bridge62,FLAG_CORRECTED,BALANCED,0.05000000074505806,0.44136423465782954,0.012905300565703971,0.0001,0.75,1.4713612516512636e-05,FINITE,False,0.75
STAGE24_2018_TO_2017_BRIDGE62_FLAG_CORRECTED,STAGE24_2018_TO_2017,IDS2018_TO_CICIDS2017,bridge62,FLAG_CORRECTED,BALANCED,0.05000000074505806,0.44136423465782954,0.012905300565703971,0.0001,0.9,4.904537505504211e-06,FINITE,False,0.9
STAGE24_2018_TO_2017_BRIDGE62_FLAG_CORRECTED,STAGE24_2018_TO_2017,IDS2018_TO_CICIDS2017,bridge62,FLAG_CORRECTED,SECURITY,0.05000000074505806,0.44136423465782954,0.012905300565703971,0.1,0.1,0.4413642346578295,FINITE,True,0.10000000000000002
STAGE24_2018_TO_2017_BRIDGE62_FLAG_CORRECTED,STAGE24_2018_TO_2017,IDS2018_TO_CICIDS2017,bridge62,FLAG_CORRECTED,SECURITY,0.05000000074505806,0.44136423465782954,0.012905300565703971,0.1,0.25,0.14712141155260985,FINITE,True,0.25
STAGE24_2018_TO_2017_BRIDGE62_FLAG_CORRECTED,STAGE24_2018_TO_2017,IDS2018_TO_CICIDS2017,bridge62,FLAG_CORRECTED,SECURITY,0.05000000074505806,0.44136423465782954,0.012905300565703971,0.1,0.5,0.04904047051753661,FINITE,True,0.5
STAGE24_2018_TO_2017_BRIDGE62_FLAG_CORRECTED,STAGE24_2018_TO_2017,IDS2018_TO_CICIDS2017,bridge62,FLAG_CORRECTED,SECURITY,0.05000000074505806,0.44136423465782954,0.012905300565703971,0.1,0.75,0.01634682350584554,FINITE,True,0.7499999999999999
STAGE24_2018_TO_2017_BRIDGE62_FLAG_CORRECTED,STAGE24_2018_TO_2017,IDS2018_TO_CICIDS2017,bridge62,FLAG_CORRECTED,SECURITY,0.05000000074505806,0.44136423465782954,0.012905300565703971,0.1,0.9,0.005448941168615178,FINITE,False,0.9
STAGE24_2018_TO_2017_BRIDGE62_FLAG_CORRECTED,STAGE24_2018_TO_2017,IDS2018_TO_CICIDS2017,bridge62,FLAG_CORRECTED,SECURITY,0.05000000074505806,0.44136423465782954,0.012905300565703971,0.03,0.1,0.1228539622243443,FINITE,True,0.09999999999999998
STAGE24_2018_TO_2017_BRIDGE62_FLAG_CORRECTED,STAGE24_2018_TO_2017,IDS2018_TO_CICIDS2017,bridge62,FLAG_CORRECTED,SECURITY,0.05000000074505806,0.44136423465782954,0.012905300565703971,0.03,0.25,0.040951320741448104,FINITE,True,0.25
STAGE24_2018_TO_2017_BRIDGE62_FLAG_CORRECTED,STAGE24_2018_TO_2017,IDS2018_TO_CICIDS2017,bridge62,FLAG_CORRECTED,SECURITY,0.05000000074505806,0.44136423465782954,0.012905300565703971,0.03,0.5,0.013650440247149367,FINITE,True,0.5
STAGE24_2018_TO_2017_BRIDGE62_FLAG_CORRECTED,STAGE24_2018_TO_2017,IDS2018_TO_CICIDS2017,bridge62,FLAG_CORRECTED,SECURITY,0.05000000074505806,0.44136423465782954,0.012905300565703971,0.03,0.75,0.004550146749049788,FINITE,False,0.7500000000000001
STAGE24_2018_TO_2017_BRIDGE62_FLAG_CORRECTED,STAGE24_2018_TO_2017,IDS2018_TO_CICIDS2017,bridge62,FLAG_CORRECTED,SECURITY,0.05000000074505806,0.44136423465782954,0.012905300565703971,0.03,0.9,0.001516715583016596,FINITE,False,0.9
STAGE24_2018_TO_2017_BRIDGE62_FLAG_CORRECTED,STAGE24_2018_TO_2017,IDS2018_TO_CICIDS2017,bridge62,FLAG_CORRECTED,SECURITY,0.05000000074505806,0.44136423465782954,0.012905300565703971,0.01,0.1,0.04012402133252996,FINITE,True,0.09999999999999999
STAGE24_2018_TO_2017_BRIDGE62_FLAG_CORRECTED,STAGE24_2018_TO_2017,IDS2018_TO_CICIDS2017,bridge62,FLAG_CORRECTED,SECURITY,0.05000000074505806,0.44136423465782954,0.012905300565703971,0.01,0.25,0.013374673777509985,FINITE,True,0.25
STAGE24_2018_TO_2017_BRIDGE62_FLAG_CORRECTED,STAGE24_2018_TO_2017,IDS2018_TO_CICIDS2017,bridge62,FLAG_CORRECTED,SECURITY,0.05000000074505806,0.44136423465782954,0.012905300565703971,0.01,0.5,0.004458224592503329,FINITE,False,0.5
STAGE24_2018_TO_2017_BRIDGE62_FLAG_CORRECTED,STAGE24_2018_TO_2017,IDS2018_TO_CICIDS2017,bridge62,FLAG_CORRECTED,SECURITY,0.05000000074505806,0.44136423465782954,0.012905300565703971,0.01,0.75,0.0014860748641677764,FINITE,False,0.75
STAGE24_2018_TO_2017_BRIDGE62_FLAG_CORRECTED,STAGE24_2018_TO_2017,IDS2018_TO_CICIDS2017,bridge62,FLAG_CORRECTED,SECURITY,0.05000000074505806,0.44136423465782954,0.012905300565703971,0.01,0.9,0.0004953582880559252,FINITE,False,0.9
STAGE24_2018_TO_2017_BRIDGE62_FLAG_CORRECTED,STAGE24_2018_TO_2017,IDS2018_TO_CICIDS2017,bridge62,FLAG_CORRECTED,SECURITY,0.05000000074505806,0.44136423465782954,0.012905300565703971,0.003,0.1,0.011952692413000399,FINITE,False,0.10000000000000002
STAGE24_2018_TO_2017_BRIDGE62_FLAG_CORRECTED,STAGE24_2018_TO_2017,IDS2018_TO_CICIDS2017,bridge62,FLAG_CORRECTED,SECURITY,0.05000000074505806,0.44136423465782954,0.012905300565703971,0.003,0.25,0.003984230804333466,FINITE,False,0.25
STAGE24_2018_TO_2017_BRIDGE62_FLAG_CORRECTED,STAGE24_2018_TO_2017,IDS2018_TO_CICIDS2017,bridge62,FLAG_CORRECTED,SECURITY,0.05000000074505806,0.44136423465782954,0.012905300565703971,0.003,0.5,0.001328076934777822,FINITE,False,0.5
STAGE24_2018_TO_2017_BRIDGE62_FLAG_CORRECTED,STAGE24_2018_TO_2017,IDS2018_TO_CICIDS2017,bridge62,FLAG_CORRECTED,SECURITY,0.05000000074505806,0.44136423465782954,0.012905300565703971,0.003,0.75,0.00044269231159260736,FINITE,False,0.75
STAGE24_2018_TO_2017_BRIDGE62_FLAG_CORRECTED,STAGE24_2018_TO_2017,IDS2018_TO_CICIDS2017,bridge62,FLAG_CORRECTED,SECURITY,0.05000000074505806,0.44136423465782954,0.012905300565703971,0.003,0.9,0.00014756410386420243,FINITE,False,0.9
STAGE24_2018_TO_2017_BRIDGE62_FLAG_CORRECTED,STAGE24_2018_TO_2017,IDS2018_TO_CICIDS2017,bridge62,FLAG_CORRECTED,SECURITY,0.05000000074505806,0.44136423465782954,0.012905300565703971,0.001,0.1,0.003976254366286752,FINITE,False,0.10000000000000002
STAGE24_2018_TO_2017_BRIDGE62_FLAG_CORRECTED,STAGE24_2018_TO_2017,IDS2018_TO_CICIDS2017,bridge62,FLAG_CORRECTED,SECURITY,0.05000000074505806,0.44136423465782954,0.012905300565703971,0.001,0.25,0.0013254181220955842,FINITE,False,0.25
STAGE24_2018_TO_2017_BRIDGE62_FLAG_CORRECTED,STAGE24_2018_TO_2017,IDS2018_TO_CICIDS2017,bridge62,FLAG_CORRECTED,SECURITY,0.05000000074505806,0.44136423465782954,0.012905300565703971,0.001,0.5,0.0004418060406985281,FINITE,False,0.5
STAGE24_2018_TO_2017_BRIDGE62_FLAG_CORRECTED,STAGE24_2018_TO_2017,IDS2018_TO_CICIDS2017,bridge62,FLAG_CORRECTED,SECURITY,0.05000000074505806,0.44136423465782954,0.012905300565703971,0.001,0.75,0.0001472686802328427,FINITE,False,0.7499999999999999
STAGE24_2018_TO_2017_BRIDGE62_FLAG_CORRECTED,STAGE24_2018_TO_2017,IDS2018_TO_CICIDS2017,bridge62,FLAG_CORRECTED,SECURITY,0.05000000074505806,0.44136423465782954,0.012905300565703971,0.001,0.9,4.908956007761422e-05,FINITE,False,0.8999999999999999
STAGE24_2018_TO_2017_BRIDGE62_FLAG_CORRECTED,STAGE24_2018_TO_2017,IDS2018_TO_CICIDS2017,bridge62,FLAG_CORRECTED,SECURITY,0.05000000074505806,0.44136423465782954,0.012905300565703971,0.0001,0.1,0.00039726753794584117,FINITE,False,0.09999999999999999
STAGE24_2018_TO_2017_BRIDGE62_FLAG_CORRECTED,STAGE24_2018_TO_2017,IDS2018_TO_CICIDS2017,bridge62,FLAG_CORRECTED,SECURITY,0.05000000074505806,0.44136423465782954,0.012905300565703971,0.0001,0.25,0.0001324225126486137,FINITE,False,0.25
STAGE24_2018_TO_2017_BRIDGE62_FLAG_CORRECTED,STAGE24_2018_TO_2017,IDS2018_TO_CICIDS2017,bridge62,FLAG_CORRECTED,SECURITY,0.05000000074505806,0.44136423465782954,0.012905300565703971,0.0001,0.5,4.4140837549537904e-05,FINITE,False,0.5
STAGE24_2018_TO_2017_BRIDGE62_FLAG_CORRECTED,STAGE24_2018_TO_2017,IDS2018_TO_CICIDS2017,bridge62,FLAG_CORRECTED,SECURITY,0.05000000074505806,0.44136423465782954,0.012905300565703971,0.0001,0.75,1.4713612516512636e-05,FINITE,False,0.75
STAGE24_2018_TO_2017_BRIDGE62_FLAG_CORRECTED,STAGE24_2018_TO_2017,IDS2018_TO_CICIDS2017,bridge62,FLAG_CORRECTED,SECURITY,0.05000000074505806,0.44136423465782954,0.012905300565703971,0.0001,0.9,4.904537505504211e-06,FINITE,False,0.9
STAGE24_2018_TO_2017_BRIDGE70_PUBLISHED,STAGE24_2018_TO_2017,IDS2018_TO_CICIDS2017,bridge70,PUBLISHED,STANDARD,0.5,0.22783809083181802,0.0035533019488389627,0.1,0.1,0.227838090831818,FINITE,True,0.1
STAGE24_2018_TO_2017_BRIDGE70_PUBLISHED,STAGE24_2018_TO_2017,IDS2018_TO_CICIDS2017,bridge70,PUBLISHED,STANDARD,0.5,0.22783809083181802,0.0035533019488389627,0.1,0.25,0.07594603027727267,FINITE,True,0.25
STAGE24_2018_TO_2017_BRIDGE70_PUBLISHED,STAGE24_2018_TO_2017,IDS2018_TO_CICIDS2017,bridge70,PUBLISHED,STANDARD,0.5,0.22783809083181802,0.0035533019488389627,0.1,0.5,0.025315343425757558,FINITE,True,0.5
STAGE24_2018_TO_2017_BRIDGE70_PUBLISHED,STAGE24_2018_TO_2017,IDS2018_TO_CICIDS2017,bridge70,PUBLISHED,STANDARD,0.5,0.22783809083181802,0.0035533019488389627,0.1,0.75,0.008438447808585853,FINITE,True,0.75
STAGE24_2018_TO_2017_BRIDGE70_PUBLISHED,STAGE24_2018_TO_2017,IDS2018_TO_CICIDS2017,bridge70,PUBLISHED,STANDARD,0.5,0.22783809083181802,0.0035533019488389627,0.1,0.9,0.0028128159361952834,FINITE,False,0.9
STAGE24_2018_TO_2017_BRIDGE70_PUBLISHED,STAGE24_2018_TO_2017,IDS2018_TO_CICIDS2017,bridge70,PUBLISHED,STANDARD,0.5,0.22783809083181802,0.0035533019488389627,0.03,0.1,0.06341885002535141,FINITE,True,0.1
STAGE24_2018_TO_2017_BRIDGE70_PUBLISHED,STAGE24_2018_TO_2017,IDS2018_TO_CICIDS2017,bridge70,PUBLISHED,STANDARD,0.5,0.22783809083181802,0.0035533019488389627,0.03,0.25,0.021139616675117136,FINITE,True,0.25
STAGE24_2018_TO_2017_BRIDGE70_PUBLISHED,STAGE24_2018_TO_2017,IDS2018_TO_CICIDS2017,bridge70,PUBLISHED,STANDARD,0.5,0.22783809083181802,0.0035533019488389627,0.03,0.5,0.0070465388917057125,FINITE,True,0.5
STAGE24_2018_TO_2017_BRIDGE70_PUBLISHED,STAGE24_2018_TO_2017,IDS2018_TO_CICIDS2017,bridge70,PUBLISHED,STANDARD,0.5,0.22783809083181802,0.0035533019488389627,0.03,0.75,0.002348846297235237,FINITE,False,0.75
STAGE24_2018_TO_2017_BRIDGE70_PUBLISHED,STAGE24_2018_TO_2017,IDS2018_TO_CICIDS2017,bridge70,PUBLISHED,STANDARD,0.5,0.22783809083181802,0.0035533019488389627,0.03,0.9,0.0007829487657450789,FINITE,False,0.9
STAGE24_2018_TO_2017_BRIDGE70_PUBLISHED,STAGE24_2018_TO_2017,IDS2018_TO_CICIDS2017,bridge70,PUBLISHED,STANDARD,0.5,0.22783809083181802,0.0035533019488389627,0.01,0.1,0.020712553711983456,FINITE,True,0.09999999999999999
STAGE24_2018_TO_2017_BRIDGE70_PUBLISHED,STAGE24_2018_TO_2017,IDS2018_TO_CICIDS2017,bridge70,PUBLISHED,STANDARD,0.5,0.22783809083181802,0.0035533019488389627,0.01,0.25,0.006904184570661152,FINITE,True,0.25
STAGE24_2018_TO_2017_BRIDGE70_PUBLISHED,STAGE24_2018_TO_2017,IDS2018_TO_CICIDS2017,bridge70,PUBLISHED,STANDARD,0.5,0.22783809083181802,0.0035533019488389627,0.01,0.5,0.002301394856887051,FINITE,False,0.5
STAGE24_2018_TO_2017_BRIDGE70_PUBLISHED,STAGE24_2018_TO_2017,IDS2018_TO_CICIDS2017,bridge70,PUBLISHED,STANDARD,0.5,0.22783809083181802,0.0035533019488389627,0.01,0.75,0.0007671316189623503,FINITE,False,0.7499999999999999
STAGE24_2018_TO_2017_BRIDGE70_PUBLISHED,STAGE24_2018_TO_2017,IDS2018_TO_CICIDS2017,bridge70,PUBLISHED,STANDARD,0.5,0.22783809083181802,0.0035533019488389627,0.01,0.9,0.00025571053965411667,FINITE,False,0.9
STAGE24_2018_TO_2017_BRIDGE70_PUBLISHED,STAGE24_2018_TO_2017,IDS2018_TO_CICIDS2017,bridge70,PUBLISHED,STANDARD,0.5,0.22783809083181802,0.0035533019488389627,0.003,0.1,0.0061701388690662854,FINITE,True,0.1
STAGE24_2018_TO_2017_BRIDGE70_PUBLISHED,STAGE24_2018_TO_2017,IDS2018_TO_CICIDS2017,bridge70,PUBLISHED,STANDARD,0.5,0.22783809083181802,0.0035533019488389627,0.003,0.25,0.0020567129563554285,FINITE,False,0.25
STAGE24_2018_TO_2017_BRIDGE70_PUBLISHED,STAGE24_2018_TO_2017,IDS2018_TO_CICIDS2017,bridge70,PUBLISHED,STANDARD,0.5,0.22783809083181802,0.0035533019488389627,0.003,0.5,0.0006855709854518096,FINITE,False,0.5
STAGE24_2018_TO_2017_BRIDGE70_PUBLISHED,STAGE24_2018_TO_2017,IDS2018_TO_CICIDS2017,bridge70,PUBLISHED,STANDARD,0.5,0.22783809083181802,0.0035533019488389627,0.003,0.75,0.00022852366181726983,FINITE,False,0.75
STAGE24_2018_TO_2017_BRIDGE70_PUBLISHED,STAGE24_2018_TO_2017,IDS2018_TO_CICIDS2017,bridge70,PUBLISHED,STANDARD,0.5,0.22783809083181802,0.0035533019488389627,0.003,0.9,7.617455393908993e-05,FINITE,False,0.9
STAGE24_2018_TO_2017_BRIDGE70_PUBLISHED,STAGE24_2018_TO_2017,IDS2018_TO_CICIDS2017,bridge70,PUBLISHED,STANDARD,0.5,0.22783809083181802,0.0035533019488389627,0.001,0.1,0.0020525954128992616,FINITE,False,0.1
STAGE24_2018_TO_2017_BRIDGE70_PUBLISHED,STAGE24_2018_TO_2017,IDS2018_TO_CICIDS2017,bridge70,PUBLISHED,STANDARD,0.5,0.22783809083181802,0.0035533019488389627,0.001,0.25,0.0006841984709664205,FINITE,False,0.25
STAGE24_2018_TO_2017_BRIDGE70_PUBLISHED,STAGE24_2018_TO_2017,IDS2018_TO_CICIDS2017,bridge70,PUBLISHED,STANDARD,0.5,0.22783809083181802,0.0035533019488389627,0.001,0.5,0.00022806615698880685,FINITE,False,0.5
STAGE24_2018_TO_2017_BRIDGE70_PUBLISHED,STAGE24_2018_TO_2017,IDS2018_TO_CICIDS2017,bridge70,PUBLISHED,STANDARD,0.5,0.22783809083181802,0.0035533019488389627,0.001,0.75,7.602205232960229e-05,FINITE,False,0.75
STAGE24_2018_TO_2017_BRIDGE70_PUBLISHED,STAGE24_2018_TO_2017,IDS2018_TO_CICIDS2017,bridge70,PUBLISHED,STANDARD,0.5,0.22783809083181802,0.0035533019488389627,0.001,0.9,2.534068410986742e-05,FINITE,False,0.9
STAGE24_2018_TO_2017_BRIDGE70_PUBLISHED,STAGE24_2018_TO_2017,IDS2018_TO_CICIDS2017,bridge70,PUBLISHED,STANDARD,0.5,0.22783809083181802,0.0035533019488389627,0.0001,0.1,0.00020507478922755898,FINITE,False,0.1
STAGE24_2018_TO_2017_BRIDGE70_PUBLISHED,STAGE24_2018_TO_2017,IDS2018_TO_CICIDS2017,bridge70,PUBLISHED,STANDARD,0.5,0.22783809083181802,0.0035533019488389627,0.0001,0.25,6.8358263075853e-05,FINITE,False,0.25
STAGE24_2018_TO_2017_BRIDGE70_PUBLISHED,STAGE24_2018_TO_2017,IDS2018_TO_CICIDS2017,bridge70,PUBLISHED,STANDARD,0.5,0.22783809083181802,0.0035533019488389627,0.0001,0.5,2.2786087691951e-05,FINITE,False,0.5
STAGE24_2018_TO_2017_BRIDGE70_PUBLISHED,STAGE24_2018_TO_2017,IDS2018_TO_CICIDS2017,bridge70,PUBLISHED,STANDARD,0.5,0.22783809083181802,0.0035533019488389627,0.0001,0.75,7.595362563983667e-06,FINITE,False,0.75
STAGE24_2018_TO_2017_BRIDGE70_PUBLISHED,STAGE24_2018_TO_2017,IDS2018_TO_CICIDS2017,bridge70,PUBLISHED,STANDARD,0.5,0.22783809083181802,0.0035533019488389627,0.0001,0.9,2.5317875213278886e-06,FINITE,False,0.8999999999999999
STAGE24_2018_TO_2017_BRIDGE70_PUBLISHED,STAGE24_2018_TO_2017,IDS2018_TO_CICIDS2017,bridge70,PUBLISHED,BALANCED,0.07000000029802322,0.4403044225189457,0.012365068450664447,0.1,0.1,0.44030442251894564,FINITE,True,0.10000000000000002
STAGE24_2018_TO_2017_BRIDGE70_PUBLISHED,STAGE24_2018_TO_2017,IDS2018_TO_CICIDS2017,bridge70,PUBLISHED,BALANCED,0.07000000029802322,0.4403044225189457,0.012365068450664447,0.1,0.25,0.14676814083964856,FINITE,True,0.25
STAGE24_2018_TO_2017_BRIDGE70_PUBLISHED,STAGE24_2018_TO_2017,IDS2018_TO_CICIDS2017,bridge70,PUBLISHED,BALANCED,0.07000000029802322,0.4403044225189457,0.012365068450664447,0.1,0.5,0.048922713613216186,FINITE,True,0.5
STAGE24_2018_TO_2017_BRIDGE70_PUBLISHED,STAGE24_2018_TO_2017,IDS2018_TO_CICIDS2017,bridge70,PUBLISHED,BALANCED,0.07000000029802322,0.4403044225189457,0.012365068450664447,0.1,0.75,0.016307571204405395,FINITE,True,0.7500000000000001
STAGE24_2018_TO_2017_BRIDGE70_PUBLISHED,STAGE24_2018_TO_2017,IDS2018_TO_CICIDS2017,bridge70,PUBLISHED,BALANCED,0.07000000029802322,0.4403044225189457,0.012365068450664447,0.1,0.9,0.00543585706813513,FINITE,False,0.9
STAGE24_2018_TO_2017_BRIDGE70_PUBLISHED,STAGE24_2018_TO_2017,IDS2018_TO_CICIDS2017,bridge70,PUBLISHED,BALANCED,0.07000000029802322,0.4403044225189457,0.012365068450664447,0.03,0.1,0.12255896296919107,FINITE,True,0.1
STAGE24_2018_TO_2017_BRIDGE70_PUBLISHED,STAGE24_2018_TO_2017,IDS2018_TO_CICIDS2017,bridge70,PUBLISHED,BALANCED,0.07000000029802322,0.4403044225189457,0.012365068450664447,0.03,0.25,0.04085298765639702,FINITE,True,0.25
STAGE24_2018_TO_2017_BRIDGE70_PUBLISHED,STAGE24_2018_TO_2017,IDS2018_TO_CICIDS2017,bridge70,PUBLISHED,BALANCED,0.07000000029802322,0.4403044225189457,0.012365068450664447,0.03,0.5,0.01361766255213234,FINITE,True,0.5
STAGE24_2018_TO_2017_BRIDGE70_PUBLISHED,STAGE24_2018_TO_2017,IDS2018_TO_CICIDS2017,bridge70,PUBLISHED,BALANCED,0.07000000029802322,0.4403044225189457,0.012365068450664447,0.03,0.75,0.00453922085071078,FINITE,False,0.75
STAGE24_2018_TO_2017_BRIDGE70_PUBLISHED,STAGE24_2018_TO_2017,IDS2018_TO_CICIDS2017,bridge70,PUBLISHED,BALANCED,0.07000000029802322,0.4403044225189457,0.012365068450664447,0.03,0.9,0.001513073616903593,FINITE,False,0.9
STAGE24_2018_TO_2017_BRIDGE70_PUBLISHED,STAGE24_2018_TO_2017,IDS2018_TO_CICIDS2017,bridge70,PUBLISHED,BALANCED,0.07000000029802322,0.4403044225189457,0.012365068450664447,0.01,0.1,0.04002767477444961,FINITE,True,0.1
STAGE24_2018_TO_2017_BRIDGE70_PUBLISHED,STAGE24_2018_TO_2017,IDS2018_TO_CICIDS2017,bridge70,PUBLISHED,BALANCED,0.07000000029802322,0.4403044225189457,0.012365068450664447,0.01,0.25,0.01334255825814987,FINITE,True,0.25
STAGE24_2018_TO_2017_BRIDGE70_PUBLISHED,STAGE24_2018_TO_2017,IDS2018_TO_CICIDS2017,bridge70,PUBLISHED,BALANCED,0.07000000029802322,0.4403044225189457,0.012365068450664447,0.01,0.5,0.004447519419383291,FINITE,False,0.5
STAGE24_2018_TO_2017_BRIDGE70_PUBLISHED,STAGE24_2018_TO_2017,IDS2018_TO_CICIDS2017,bridge70,PUBLISHED,BALANCED,0.07000000029802322,0.4403044225189457,0.012365068450664447,0.01,0.75,0.0014825064731277635,FINITE,False,0.75
STAGE24_2018_TO_2017_BRIDGE70_PUBLISHED,STAGE24_2018_TO_2017,IDS2018_TO_CICIDS2017,bridge70,PUBLISHED,BALANCED,0.07000000029802322,0.4403044225189457,0.012365068450664447,0.01,0.9,0.0004941688243759211,FINITE,False,0.9
STAGE24_2018_TO_2017_BRIDGE70_PUBLISHED,STAGE24_2018_TO_2017,IDS2018_TO_CICIDS2017,bridge70,PUBLISHED,BALANCED,0.07000000029802322,0.4403044225189457,0.012365068450664447,0.003,0.1,0.011923991382158007,FINITE,False,0.1
STAGE24_2018_TO_2017_BRIDGE70_PUBLISHED,STAGE24_2018_TO_2017,IDS2018_TO_CICIDS2017,bridge70,PUBLISHED,BALANCED,0.07000000029802322,0.4403044225189457,0.012365068450664447,0.003,0.25,0.00397466379405267,FINITE,False,0.25
STAGE24_2018_TO_2017_BRIDGE70_PUBLISHED,STAGE24_2018_TO_2017,IDS2018_TO_CICIDS2017,bridge70,PUBLISHED,BALANCED,0.07000000029802322,0.4403044225189457,0.012365068450664447,0.003,0.5,0.0013248879313508897,FINITE,False,0.5
STAGE24_2018_TO_2017_BRIDGE70_PUBLISHED,STAGE24_2018_TO_2017,IDS2018_TO_CICIDS2017,bridge70,PUBLISHED,BALANCED,0.07000000029802322,0.4403044225189457,0.012365068450664447,0.003,0.75,0.00044162931045029657,FINITE,False,0.75
STAGE24_2018_TO_2017_BRIDGE70_PUBLISHED,STAGE24_2018_TO_2017,IDS2018_TO_CICIDS2017,bridge70,PUBLISHED,BALANCED,0.07000000029802322,0.4403044225189457,0.012365068450664447,0.003,0.9,0.00014720977015009884,FINITE,False,0.9
STAGE24_2018_TO_2017_BRIDGE70_PUBLISHED,STAGE24_2018_TO_2017,IDS2018_TO_CICIDS2017,bridge70,PUBLISHED,BALANCED,0.07000000029802322,0.4403044225189457,0.012365068450664447,0.001,0.1,0.003966706509179691,FINITE,False,0.09999999999999999
STAGE24_2018_TO_2017_BRIDGE70_PUBLISHED,STAGE24_2018_TO_2017,IDS2018_TO_CICIDS2017,bridge70,PUBLISHED,BALANCED,0.07000000029802322,0.4403044225189457,0.012365068450664447,0.001,0.25,0.001322235503059897,FINITE,False,0.25
STAGE24_2018_TO_2017_BRIDGE70_PUBLISHED,STAGE24_2018_TO_2017,IDS2018_TO_CICIDS2017,bridge70,PUBLISHED,BALANCED,0.07000000029802322,0.4403044225189457,0.012365068450664447,0.001,0.5,0.00044074516768663236,FINITE,False,0.5
STAGE24_2018_TO_2017_BRIDGE70_PUBLISHED,STAGE24_2018_TO_2017,IDS2018_TO_CICIDS2017,bridge70,PUBLISHED,BALANCED,0.07000000029802322,0.4403044225189457,0.012365068450664447,0.001,0.75,0.00014691505589554412,FINITE,False,0.75
STAGE24_2018_TO_2017_BRIDGE70_PUBLISHED,STAGE24_2018_TO_2017,IDS2018_TO_CICIDS2017,bridge70,PUBLISHED,BALANCED,0.07000000029802322,0.4403044225189457,0.012365068450664447,0.001,0.9,4.8971685298514695e-05,FINITE,False,0.8999999999999999
STAGE24_2018_TO_2017_BRIDGE70_PUBLISHED,STAGE24_2018_TO_2017,IDS2018_TO_CICIDS2017,bridge70,PUBLISHED,BALANCED,0.07000000029802322,0.4403044225189457,0.012365068450664447,0.0001,0.1,0.000396313611628214,FINITE,False,0.09999999999999999
STAGE24_2018_TO_2017_BRIDGE70_PUBLISHED,STAGE24_2018_TO_2017,IDS2018_TO_CICIDS2017,bridge70,PUBLISHED,BALANCED,0.07000000029802322,0.4403044225189457,0.012365068450664447,0.0001,0.25,0.00013210453720940464,FINITE,False,0.25
STAGE24_2018_TO_2017_BRIDGE70_PUBLISHED,STAGE24_2018_TO_2017,IDS2018_TO_CICIDS2017,bridge70,PUBLISHED,BALANCED,0.07000000029802322,0.4403044225189457,0.012365068450664447,0.0001,0.5,4.403484573646822e-05,FINITE,False,0.5
STAGE24_2018_TO_2017_BRIDGE70_PUBLISHED,STAGE24_2018_TO_2017,IDS2018_TO_CICIDS2017,bridge70,PUBLISHED,BALANCED,0.07000000029802322,0.4403044225189457,0.012365068450664447,0.0001,0.75,1.4678281912156075e-05,FINITE,False,0.75
STAGE24_2018_TO_2017_BRIDGE70_PUBLISHED,STAGE24_2018_TO_2017,IDS2018_TO_CICIDS2017,bridge70,PUBLISHED,BALANCED,0.07000000029802322,0.4403044225189457,0.012365068450664447,0.0001,0.9,4.892760637385357e-06,FINITE,False,0.9
STAGE24_2018_TO_2017_BRIDGE70_PUBLISHED,STAGE24_2018_TO_2017,IDS2018_TO_CICIDS2017,bridge70,PUBLISHED,SECURITY,0.07000000029802322,0.4403044225189457,0.012365068450664447,0.1,0.1,0.44030442251894564,FINITE,True,0.10000000000000002
STAGE24_2018_TO_2017_BRIDGE70_PUBLISHED,STAGE24_2018_TO_2017,IDS2018_TO_CICIDS2017,bridge70,PUBLISHED,SECURITY,0.07000000029802322,0.4403044225189457,0.012365068450664447,0.1,0.25,0.14676814083964856,FINITE,True,0.25
STAGE24_2018_TO_2017_BRIDGE70_PUBLISHED,STAGE24_2018_TO_2017,IDS2018_TO_CICIDS2017,bridge70,PUBLISHED,SECURITY,0.07000000029802322,0.4403044225189457,0.012365068450664447,0.1,0.5,0.048922713613216186,FINITE,True,0.5
STAGE24_2018_TO_2017_BRIDGE70_PUBLISHED,STAGE24_2018_TO_2017,IDS2018_TO_CICIDS2017,bridge70,PUBLISHED,SECURITY,0.07000000029802322,0.4403044225189457,0.012365068450664447,0.1,0.75,0.016307571204405395,FINITE,True,0.7500000000000001
STAGE24_2018_TO_2017_BRIDGE70_PUBLISHED,STAGE24_2018_TO_2017,IDS2018_TO_CICIDS2017,bridge70,PUBLISHED,SECURITY,0.07000000029802322,0.4403044225189457,0.012365068450664447,0.1,0.9,0.00543585706813513,FINITE,False,0.9
STAGE24_2018_TO_2017_BRIDGE70_PUBLISHED,STAGE24_2018_TO_2017,IDS2018_TO_CICIDS2017,bridge70,PUBLISHED,SECURITY,0.07000000029802322,0.4403044225189457,0.012365068450664447,0.03,0.1,0.12255896296919107,FINITE,True,0.1
STAGE24_2018_TO_2017_BRIDGE70_PUBLISHED,STAGE24_2018_TO_2017,IDS2018_TO_CICIDS2017,bridge70,PUBLISHED,SECURITY,0.07000000029802322,0.4403044225189457,0.012365068450664447,0.03,0.25,0.04085298765639702,FINITE,True,0.25
STAGE24_2018_TO_2017_BRIDGE70_PUBLISHED,STAGE24_2018_TO_2017,IDS2018_TO_CICIDS2017,bridge70,PUBLISHED,SECURITY,0.07000000029802322,0.4403044225189457,0.012365068450664447,0.03,0.5,0.01361766255213234,FINITE,True,0.5
STAGE24_2018_TO_2017_BRIDGE70_PUBLISHED,STAGE24_2018_TO_2017,IDS2018_TO_CICIDS2017,bridge70,PUBLISHED,SECURITY,0.07000000029802322,0.4403044225189457,0.012365068450664447,0.03,0.75,0.00453922085071078,FINITE,False,0.75
STAGE24_2018_TO_2017_BRIDGE70_PUBLISHED,STAGE24_2018_TO_2017,IDS2018_TO_CICIDS2017,bridge70,PUBLISHED,SECURITY,0.07000000029802322,0.4403044225189457,0.012365068450664447,0.03,0.9,0.001513073616903593,FINITE,False,0.9
STAGE24_2018_TO_2017_BRIDGE70_PUBLISHED,STAGE24_2018_TO_2017,IDS2018_TO_CICIDS2017,bridge70,PUBLISHED,SECURITY,0.07000000029802322,0.4403044225189457,0.012365068450664447,0.01,0.1,0.04002767477444961,FINITE,True,0.1
STAGE24_2018_TO_2017_BRIDGE70_PUBLISHED,STAGE24_2018_TO_2017,IDS2018_TO_CICIDS2017,bridge70,PUBLISHED,SECURITY,0.07000000029802322,0.4403044225189457,0.012365068450664447,0.01,0.25,0.01334255825814987,FINITE,True,0.25
STAGE24_2018_TO_2017_BRIDGE70_PUBLISHED,STAGE24_2018_TO_2017,IDS2018_TO_CICIDS2017,bridge70,PUBLISHED,SECURITY,0.07000000029802322,0.4403044225189457,0.012365068450664447,0.01,0.5,0.004447519419383291,FINITE,False,0.5
STAGE24_2018_TO_2017_BRIDGE70_PUBLISHED,STAGE24_2018_TO_2017,IDS2018_TO_CICIDS2017,bridge70,PUBLISHED,SECURITY,0.07000000029802322,0.4403044225189457,0.012365068450664447,0.01,0.75,0.0014825064731277635,FINITE,False,0.75
STAGE24_2018_TO_2017_BRIDGE70_PUBLISHED,STAGE24_2018_TO_2017,IDS2018_TO_CICIDS2017,bridge70,PUBLISHED,SECURITY,0.07000000029802322,0.4403044225189457,0.012365068450664447,0.01,0.9,0.0004941688243759211,FINITE,False,0.9
STAGE24_2018_TO_2017_BRIDGE70_PUBLISHED,STAGE24_2018_TO_2017,IDS2018_TO_CICIDS2017,bridge70,PUBLISHED,SECURITY,0.07000000029802322,0.4403044225189457,0.012365068450664447,0.003,0.1,0.011923991382158007,FINITE,False,0.1
STAGE24_2018_TO_2017_BRIDGE70_PUBLISHED,STAGE24_2018_TO_2017,IDS2018_TO_CICIDS2017,bridge70,PUBLISHED,SECURITY,0.07000000029802322,0.4403044225189457,0.012365068450664447,0.003,0.25,0.00397466379405267,FINITE,False,0.25
STAGE24_2018_TO_2017_BRIDGE70_PUBLISHED,STAGE24_2018_TO_2017,IDS2018_TO_CICIDS2017,bridge70,PUBLISHED,SECURITY,0.07000000029802322,0.4403044225189457,0.012365068450664447,0.003,0.5,0.0013248879313508897,FINITE,False,0.5
STAGE24_2018_TO_2017_BRIDGE70_PUBLISHED,STAGE24_2018_TO_2017,IDS2018_TO_CICIDS2017,bridge70,PUBLISHED,SECURITY,0.07000000029802322,0.4403044225189457,0.012365068450664447,0.003,0.75,0.00044162931045029657,FINITE,False,0.75
STAGE24_2018_TO_2017_BRIDGE70_PUBLISHED,STAGE24_2018_TO_2017,IDS2018_TO_CICIDS2017,bridge70,PUBLISHED,SECURITY,0.07000000029802322,0.4403044225189457,0.012365068450664447,0.003,0.9,0.00014720977015009884,FINITE,False,0.9
STAGE24_2018_TO_2017_BRIDGE70_PUBLISHED,STAGE24_2018_TO_2017,IDS2018_TO_CICIDS2017,bridge70,PUBLISHED,SECURITY,0.07000000029802322,0.4403044225189457,0.012365068450664447,0.001,0.1,0.003966706509179691,FINITE,False,0.09999999999999999
STAGE24_2018_TO_2017_BRIDGE70_PUBLISHED,STAGE24_2018_TO_2017,IDS2018_TO_CICIDS2017,bridge70,PUBLISHED,SECURITY,0.07000000029802322,0.4403044225189457,0.012365068450664447,0.001,0.25,0.001322235503059897,FINITE,False,0.25
STAGE24_2018_TO_2017_BRIDGE70_PUBLISHED,STAGE24_2018_TO_2017,IDS2018_TO_CICIDS2017,bridge70,PUBLISHED,SECURITY,0.07000000029802322,0.4403044225189457,0.012365068450664447,0.001,0.5,0.00044074516768663236,FINITE,False,0.5
STAGE24_2018_TO_2017_BRIDGE70_PUBLISHED,STAGE24_2018_TO_2017,IDS2018_TO_CICIDS2017,bridge70,PUBLISHED,SECURITY,0.07000000029802322,0.4403044225189457,0.012365068450664447,0.001,0.75,0.00014691505589554412,FINITE,False,0.75
STAGE24_2018_TO_2017_BRIDGE70_PUBLISHED,STAGE24_2018_TO_2017,IDS2018_TO_CICIDS2017,bridge70,PUBLISHED,SECURITY,0.07000000029802322,0.4403044225189457,0.012365068450664447,0.001,0.9,4.8971685298514695e-05,FINITE,False,0.8999999999999999
STAGE24_2018_TO_2017_BRIDGE70_PUBLISHED,STAGE24_2018_TO_2017,IDS2018_TO_CICIDS2017,bridge70,PUBLISHED,SECURITY,0.07000000029802322,0.4403044225189457,0.012365068450664447,0.0001,0.1,0.000396313611628214,FINITE,False,0.09999999999999999
STAGE24_2018_TO_2017_BRIDGE70_PUBLISHED,STAGE24_2018_TO_2017,IDS2018_TO_CICIDS2017,bridge70,PUBLISHED,SECURITY,0.07000000029802322,0.4403044225189457,0.012365068450664447,0.0001,0.25,0.00013210453720940464,FINITE,False,0.25
STAGE24_2018_TO_2017_BRIDGE70_PUBLISHED,STAGE24_2018_TO_2017,IDS2018_TO_CICIDS2017,bridge70,PUBLISHED,SECURITY,0.07000000029802322,0.4403044225189457,0.012365068450664447,0.0001,0.5,4.403484573646822e-05,FINITE,False,0.5
STAGE24_2018_TO_2017_BRIDGE70_PUBLISHED,STAGE24_2018_TO_2017,IDS2018_TO_CICIDS2017,bridge70,PUBLISHED,SECURITY,0.07000000029802322,0.4403044225189457,0.012365068450664447,0.0001,0.75,1.4678281912156075e-05,FINITE,False,0.75
STAGE24_2018_TO_2017_BRIDGE70_PUBLISHED,STAGE24_2018_TO_2017,IDS2018_TO_CICIDS2017,bridge70,PUBLISHED,SECURITY,0.07000000029802322,0.4403044225189457,0.012365068450664447,0.0001,0.9,4.892760637385357e-06,FINITE,False,0.9
STAGE24_2018_TO_2017_BRIDGE70_FLAG_CORRECTED,STAGE24_2018_TO_2017,IDS2018_TO_CICIDS2017,bridge70,FLAG_CORRECTED,STANDARD,0.5,0.1450436298296769,0.003555501591001176,0.1,0.1,0.1450436298296769,FINITE,True,0.09999999999999999
STAGE24_2018_TO_2017_BRIDGE70_FLAG_CORRECTED,STAGE24_2018_TO_2017,IDS2018_TO_CICIDS2017,bridge70,FLAG_CORRECTED,STANDARD,0.5,0.1450436298296769,0.003555501591001176,0.1,0.25,0.0483478766098923,FINITE,True,0.25
STAGE24_2018_TO_2017_BRIDGE70_FLAG_CORRECTED,STAGE24_2018_TO_2017,IDS2018_TO_CICIDS2017,bridge70,FLAG_CORRECTED,STANDARD,0.5,0.1450436298296769,0.003555501591001176,0.1,0.5,0.0161159588699641,FINITE,True,0.5
STAGE24_2018_TO_2017_BRIDGE70_FLAG_CORRECTED,STAGE24_2018_TO_2017,IDS2018_TO_CICIDS2017,bridge70,FLAG_CORRECTED,STANDARD,0.5,0.1450436298296769,0.003555501591001176,0.1,0.75,0.005371986289988033,FINITE,True,0.75
STAGE24_2018_TO_2017_BRIDGE70_FLAG_CORRECTED,STAGE24_2018_TO_2017,IDS2018_TO_CICIDS2017,bridge70,FLAG_CORRECTED,STANDARD,0.5,0.1450436298296769,0.003555501591001176,0.1,0.9,0.0017906620966626772,FINITE,False,0.8999999999999999
STAGE24_2018_TO_2017_BRIDGE70_FLAG_CORRECTED,STAGE24_2018_TO_2017,IDS2018_TO_CICIDS2017,bridge70,FLAG_CORRECTED,STANDARD,0.5,0.1450436298296769,0.003555501591001176,0.03,0.1,0.040372969127848206,FINITE,True,0.1
STAGE24_2018_TO_2017_BRIDGE70_FLAG_CORRECTED,STAGE24_2018_TO_2017,IDS2018_TO_CICIDS2017,bridge70,FLAG_CORRECTED,STANDARD,0.5,0.1450436298296769,0.003555501591001176,0.03,0.25,0.013457656375949404,FINITE,True,0.25
STAGE24_2018_TO_2017_BRIDGE70_FLAG_CORRECTED,STAGE24_2018_TO_2017,IDS2018_TO_CICIDS2017,bridge70,FLAG_CORRECTED,STANDARD,0.5,0.1450436298296769,0.003555501591001176,0.03,0.5,0.004485885458649801,FINITE,True,0.5
STAGE24_2018_TO_2017_BRIDGE70_FLAG_CORRECTED,STAGE24_2018_TO_2017,IDS2018_TO_CICIDS2017,bridge70,FLAG_CORRECTED,STANDARD,0.5,0.1450436298296769,0.003555501591001176,0.03,0.75,0.0014952951528832668,FINITE,False,0.75
STAGE24_2018_TO_2017_BRIDGE70_FLAG_CORRECTED,STAGE24_2018_TO_2017,IDS2018_TO_CICIDS2017,bridge70,FLAG_CORRECTED,STANDARD,0.5,0.1450436298296769,0.003555501591001176,0.03,0.9,0.0004984317176277555,FINITE,False,0.9
STAGE24_2018_TO_2017_BRIDGE70_FLAG_CORRECTED,STAGE24_2018_TO_2017,IDS2018_TO_CICIDS2017,bridge70,FLAG_CORRECTED,STANDARD,0.5,0.1450436298296769,0.003555501591001176,0.01,0.1,0.013185784529970627,FINITE,True,0.09999999999999999
STAGE24_2018_TO_2017_BRIDGE70_FLAG_CORRECTED,STAGE24_2018_TO_2017,IDS2018_TO_CICIDS2017,bridge70,FLAG_CORRECTED,STANDARD,0.5,0.1450436298296769,0.003555501591001176,0.01,0.25,0.004395261509990209,FINITE,True,0.25
STAGE24_2018_TO_2017_BRIDGE70_FLAG_CORRECTED,STAGE24_2018_TO_2017,IDS2018_TO_CICIDS2017,bridge70,FLAG_CORRECTED,STANDARD,0.5,0.1450436298296769,0.003555501591001176,0.01,0.5,0.0014650871699967362,FINITE,False,0.5
STAGE24_2018_TO_2017_BRIDGE70_FLAG_CORRECTED,STAGE24_2018_TO_2017,IDS2018_TO_CICIDS2017,bridge70,FLAG_CORRECTED,STANDARD,0.5,0.1450436298296769,0.003555501591001176,0.01,0.75,0.0004883623899989121,FINITE,False,0.75
STAGE24_2018_TO_2017_BRIDGE70_FLAG_CORRECTED,STAGE24_2018_TO_2017,IDS2018_TO_CICIDS2017,bridge70,FLAG_CORRECTED,STANDARD,0.5,0.1450436298296769,0.003555501591001176,0.01,0.9,0.00016278746333297066,FINITE,False,0.9
STAGE24_2018_TO_2017_BRIDGE70_FLAG_CORRECTED,STAGE24_2018_TO_2017,IDS2018_TO_CICIDS2017,bridge70,FLAG_CORRECTED,STANDARD,0.5,0.1450436298296769,0.003555501591001176,0.003,0.1,0.0039279618910744996,FINITE,True,0.1
STAGE24_2018_TO_2017_BRIDGE70_FLAG_CORRECTED,STAGE24_2018_TO_2017,IDS2018_TO_CICIDS2017,bridge70,FLAG_CORRECTED,STANDARD,0.5,0.1450436298296769,0.003555501591001176,0.003,0.25,0.0013093206303581666,FINITE,False,0.25
STAGE24_2018_TO_2017_BRIDGE70_FLAG_CORRECTED,STAGE24_2018_TO_2017,IDS2018_TO_CICIDS2017,bridge70,FLAG_CORRECTED,STANDARD,0.5,0.1450436298296769,0.003555501591001176,0.003,0.5,0.00043644021011938886,FINITE,False,0.5
STAGE24_2018_TO_2017_BRIDGE70_FLAG_CORRECTED,STAGE24_2018_TO_2017,IDS2018_TO_CICIDS2017,bridge70,FLAG_CORRECTED,STANDARD,0.5,0.1450436298296769,0.003555501591001176,0.003,0.75,0.00014548007003979628,FINITE,False,0.7500000000000001
STAGE24_2018_TO_2017_BRIDGE70_FLAG_CORRECTED,STAGE24_2018_TO_2017,IDS2018_TO_CICIDS2017,bridge70,FLAG_CORRECTED,STANDARD,0.5,0.1450436298296769,0.003555501591001176,0.003,0.9,4.849335667993209e-05,FINITE,False,0.9
STAGE24_2018_TO_2017_BRIDGE70_FLAG_CORRECTED,STAGE24_2018_TO_2017,IDS2018_TO_CICIDS2017,bridge70,FLAG_CORRECTED,STANDARD,0.5,0.1450436298296769,0.003555501591001176,0.001,0.1,0.0013066993678349267,FINITE,False,0.10000000000000002
STAGE24_2018_TO_2017_BRIDGE70_FLAG_CORRECTED,STAGE24_2018_TO_2017,IDS2018_TO_CICIDS2017,bridge70,FLAG_CORRECTED,STANDARD,0.5,0.1450436298296769,0.003555501591001176,0.001,0.25,0.00043556645594497565,FINITE,False,0.25
STAGE24_2018_TO_2017_BRIDGE70_FLAG_CORRECTED,STAGE24_2018_TO_2017,IDS2018_TO_CICIDS2017,bridge70,FLAG_CORRECTED,STANDARD,0.5,0.1450436298296769,0.003555501591001176,0.001,0.5,0.00014518881864832522,FINITE,False,0.5
STAGE24_2018_TO_2017_BRIDGE70_FLAG_CORRECTED,STAGE24_2018_TO_2017,IDS2018_TO_CICIDS2017,bridge70,FLAG_CORRECTED,STANDARD,0.5,0.1450436298296769,0.003555501591001176,0.001,0.75,4.8396272882775074e-05,FINITE,False,0.75
STAGE24_2018_TO_2017_BRIDGE70_FLAG_CORRECTED,STAGE24_2018_TO_2017,IDS2018_TO_CICIDS2017,bridge70,FLAG_CORRECTED,STANDARD,0.5,0.1450436298296769,0.003555501591001176,0.001,0.9,1.613209096092502e-05,FINITE,False,0.9
STAGE24_2018_TO_2017_BRIDGE70_FLAG_CORRECTED,STAGE24_2018_TO_2017,IDS2018_TO_CICIDS2017,bridge70,FLAG_CORRECTED,STANDARD,0.5,0.1450436298296769,0.003555501591001176,0.0001,0.1,0.0001305523220789171,FINITE,False,0.10000000000000002
STAGE24_2018_TO_2017_BRIDGE70_FLAG_CORRECTED,STAGE24_2018_TO_2017,IDS2018_TO_CICIDS2017,bridge70,FLAG_CORRECTED,STANDARD,0.5,0.1450436298296769,0.003555501591001176,0.0001,0.25,4.3517440692972366e-05,FINITE,False,0.25
STAGE24_2018_TO_2017_BRIDGE70_FLAG_CORRECTED,STAGE24_2018_TO_2017,IDS2018_TO_CICIDS2017,bridge70,FLAG_CORRECTED,STANDARD,0.5,0.1450436298296769,0.003555501591001176,0.0001,0.5,1.4505813564324122e-05,FINITE,False,0.5
STAGE24_2018_TO_2017_BRIDGE70_FLAG_CORRECTED,STAGE24_2018_TO_2017,IDS2018_TO_CICIDS2017,bridge70,FLAG_CORRECTED,STANDARD,0.5,0.1450436298296769,0.003555501591001176,0.0001,0.75,4.835271188108041e-06,FINITE,False,0.75
STAGE24_2018_TO_2017_BRIDGE70_FLAG_CORRECTED,STAGE24_2018_TO_2017,IDS2018_TO_CICIDS2017,bridge70,FLAG_CORRECTED,STANDARD,0.5,0.1450436298296769,0.003555501591001176,0.0001,0.9,1.61175706270268e-06,FINITE,False,0.9000000000000001
STAGE24_2018_TO_2017_BRIDGE70_FLAG_CORRECTED,STAGE24_2018_TO_2017,IDS2018_TO_CICIDS2017,bridge70,FLAG_CORRECTED,BALANCED,0.07000000029802322,0.4469466292235576,0.01571292382155271,0.1,0.1,0.4469466292235576,FINITE,True,0.1
STAGE24_2018_TO_2017_BRIDGE70_FLAG_CORRECTED,STAGE24_2018_TO_2017,IDS2018_TO_CICIDS2017,bridge70,FLAG_CORRECTED,BALANCED,0.07000000029802322,0.4469466292235576,0.01571292382155271,0.1,0.25,0.14898220974118587,FINITE,True,0.25
STAGE24_2018_TO_2017_BRIDGE70_FLAG_CORRECTED,STAGE24_2018_TO_2017,IDS2018_TO_CICIDS2017,bridge70,FLAG_CORRECTED,BALANCED,0.07000000029802322,0.4469466292235576,0.01571292382155271,0.1,0.5,0.04966073658039529,FINITE,True,0.5
STAGE24_2018_TO_2017_BRIDGE70_FLAG_CORRECTED,STAGE24_2018_TO_2017,IDS2018_TO_CICIDS2017,bridge70,FLAG_CORRECTED,BALANCED,0.07000000029802322,0.4469466292235576,0.01571292382155271,0.1,0.75,0.016553578860131764,FINITE,True,0.75
STAGE24_2018_TO_2017_BRIDGE70_FLAG_CORRECTED,STAGE24_2018_TO_2017,IDS2018_TO_CICIDS2017,bridge70,FLAG_CORRECTED,BALANCED,0.07000000029802322,0.4469466292235576,0.01571292382155271,0.1,0.9,0.00551785962004392,FINITE,False,0.9
STAGE24_2018_TO_2017_BRIDGE70_FLAG_CORRECTED,STAGE24_2018_TO_2017,IDS2018_TO_CICIDS2017,bridge70,FLAG_CORRECTED,BALANCED,0.07000000029802322,0.4469466292235576,0.01571292382155271,0.03,0.1,0.12440782462923768,FINITE,True,0.09999999999999999
STAGE24_2018_TO_2017_BRIDGE70_FLAG_CORRECTED,STAGE24_2018_TO_2017,IDS2018_TO_CICIDS2017,bridge70,FLAG_CORRECTED,BALANCED,0.07000000029802322,0.4469466292235576,0.01571292382155271,0.03,0.25,0.04146927487641256,FINITE,True,0.25
STAGE24_2018_TO_2017_BRIDGE70_FLAG_CORRECTED,STAGE24_2018_TO_2017,IDS2018_TO_CICIDS2017,bridge70,FLAG_CORRECTED,BALANCED,0.07000000029802322,0.4469466292235576,0.01571292382155271,0.03,0.5,0.013823091625470855,FINITE,False,0.5
STAGE24_2018_TO_2017_BRIDGE70_FLAG_CORRECTED,STAGE24_2018_TO_2017,IDS2018_TO_CICIDS2017,bridge70,FLAG_CORRECTED,BALANCED,0.07000000029802322,0.4469466292235576,0.01571292382155271,0.03,0.75,0.004607697208490284,FINITE,False,0.75
STAGE24_2018_TO_2017_BRIDGE70_FLAG_CORRECTED,STAGE24_2018_TO_2017,IDS2018_TO_CICIDS2017,bridge70,FLAG_CORRECTED,BALANCED,0.07000000029802322,0.4469466292235576,0.01571292382155271,0.03,0.9,0.0015358990694967613,FINITE,False,0.9
STAGE24_2018_TO_2017_BRIDGE70_FLAG_CORRECTED,STAGE24_2018_TO_2017,IDS2018_TO_CICIDS2017,bridge70,FLAG_CORRECTED,BALANCED,0.07000000029802322,0.4469466292235576,0.01571292382155271,0.01,0.1,0.04063151174759615,FINITE,True,0.1
STAGE24_2018_TO_2017_BRIDGE70_FLAG_CORRECTED,STAGE24_2018_TO_2017,IDS2018_TO_CICIDS2017,bridge70,FLAG_CORRECTED,BALANCED,0.07000000029802322,0.4469466292235576,0.01571292382155271,0.01,0.25,0.013543837249198715,FINITE,False,0.25
STAGE24_2018_TO_2017_BRIDGE70_FLAG_CORRECTED,STAGE24_2018_TO_2017,IDS2018_TO_CICIDS2017,bridge70,FLAG_CORRECTED,BALANCED,0.07000000029802322,0.4469466292235576,0.01571292382155271,0.01,0.5,0.004514612416399572,FINITE,False,0.5
STAGE24_2018_TO_2017_BRIDGE70_FLAG_CORRECTED,STAGE24_2018_TO_2017,IDS2018_TO_CICIDS2017,bridge70,FLAG_CORRECTED,BALANCED,0.07000000029802322,0.4469466292235576,0.01571292382155271,0.01,0.75,0.0015048708054665242,FINITE,False,0.75
STAGE24_2018_TO_2017_BRIDGE70_FLAG_CORRECTED,STAGE24_2018_TO_2017,IDS2018_TO_CICIDS2017,bridge70,FLAG_CORRECTED,BALANCED,0.07000000029802322,0.4469466292235576,0.01571292382155271,0.01,0.9,0.0005016236018221745,FINITE,False,0.9
STAGE24_2018_TO_2017_BRIDGE70_FLAG_CORRECTED,STAGE24_2018_TO_2017,IDS2018_TO_CICIDS2017,bridge70,FLAG_CORRECTED,BALANCED,0.07000000029802322,0.4469466292235576,0.01571292382155271,0.003,0.1,0.012103870600838569,FINITE,False,0.1
STAGE24_2018_TO_2017_BRIDGE70_FLAG_CORRECTED,STAGE24_2018_TO_2017,IDS2018_TO_CICIDS2017,bridge70,FLAG_CORRECTED,BALANCED,0.07000000029802322,0.4469466292235576,0.01571292382155271,0.003,0.25,0.004034623533612856,FINITE,False,0.25
STAGE24_2018_TO_2017_BRIDGE70_FLAG_CORRECTED,STAGE24_2018_TO_2017,IDS2018_TO_CICIDS2017,bridge70,FLAG_CORRECTED,BALANCED,0.07000000029802322,0.4469466292235576,0.01571292382155271,0.003,0.5,0.0013448745112042857,FINITE,False,0.5
STAGE24_2018_TO_2017_BRIDGE70_FLAG_CORRECTED,STAGE24_2018_TO_2017,IDS2018_TO_CICIDS2017,bridge70,FLAG_CORRECTED,BALANCED,0.07000000029802322,0.4469466292235576,0.01571292382155271,0.003,0.75,0.0004482915037347619,FINITE,False,0.75
STAGE24_2018_TO_2017_BRIDGE70_FLAG_CORRECTED,STAGE24_2018_TO_2017,IDS2018_TO_CICIDS2017,bridge70,FLAG_CORRECTED,BALANCED,0.07000000029802322,0.4469466292235576,0.01571292382155271,0.003,0.9,0.0001494305012449206,FINITE,False,0.9
STAGE24_2018_TO_2017_BRIDGE70_FLAG_CORRECTED,STAGE24_2018_TO_2017,IDS2018_TO_CICIDS2017,bridge70,FLAG_CORRECTED,BALANCED,0.07000000029802322,0.4469466292235576,0.01571292382155271,0.001,0.1,0.00402654620922124,FINITE,False,0.09999999999999999
STAGE24_2018_TO_2017_BRIDGE70_FLAG_CORRECTED,STAGE24_2018_TO_2017,IDS2018_TO_CICIDS2017,bridge70,FLAG_CORRECTED,BALANCED,0.07000000029802322,0.4469466292235576,0.01571292382155271,0.001,0.25,0.0013421820697404135,FINITE,False,0.25
STAGE24_2018_TO_2017_BRIDGE70_FLAG_CORRECTED,STAGE24_2018_TO_2017,IDS2018_TO_CICIDS2017,bridge70,FLAG_CORRECTED,BALANCED,0.07000000029802322,0.4469466292235576,0.01571292382155271,0.001,0.5,0.00044739402324680443,FINITE,False,0.5
STAGE24_2018_TO_2017_BRIDGE70_FLAG_CORRECTED,STAGE24_2018_TO_2017,IDS2018_TO_CICIDS2017,bridge70,FLAG_CORRECTED,BALANCED,0.07000000029802322,0.4469466292235576,0.01571292382155271,0.001,0.75,0.00014913134108226816,FINITE,False,0.75
STAGE24_2018_TO_2017_BRIDGE70_FLAG_CORRECTED,STAGE24_2018_TO_2017,IDS2018_TO_CICIDS2017,bridge70,FLAG_CORRECTED,BALANCED,0.07000000029802322,0.4469466292235576,0.01571292382155271,0.001,0.9,4.9710447027422705e-05,FINITE,False,0.9
STAGE24_2018_TO_2017_BRIDGE70_FLAG_CORRECTED,STAGE24_2018_TO_2017,IDS2018_TO_CICIDS2017,bridge70,FLAG_CORRECTED,BALANCED,0.07000000029802322,0.4469466292235576,0.01571292382155271,0.0001,0.1,0.00040229219552075383,FINITE,False,0.10000000000000002
STAGE24_2018_TO_2017_BRIDGE70_FLAG_CORRECTED,STAGE24_2018_TO_2017,IDS2018_TO_CICIDS2017,bridge70,FLAG_CORRECTED,BALANCED,0.07000000029802322,0.4469466292235576,0.01571292382155271,0.0001,0.25,0.00013409739850691796,FINITE,False,0.25
STAGE24_2018_TO_2017_BRIDGE70_FLAG_CORRECTED,STAGE24_2018_TO_2017,IDS2018_TO_CICIDS2017,bridge70,FLAG_CORRECTED,BALANCED,0.07000000029802322,0.4469466292235576,0.01571292382155271,0.0001,0.5,4.4699132835639325e-05,FINITE,False,0.5
STAGE24_2018_TO_2017_BRIDGE70_FLAG_CORRECTED,STAGE24_2018_TO_2017,IDS2018_TO_CICIDS2017,bridge70,FLAG_CORRECTED,BALANCED,0.07000000029802322,0.4469466292235576,0.01571292382155271,0.0001,0.75,1.4899710945213108e-05,FINITE,False,0.75
STAGE24_2018_TO_2017_BRIDGE70_FLAG_CORRECTED,STAGE24_2018_TO_2017,IDS2018_TO_CICIDS2017,bridge70,FLAG_CORRECTED,BALANCED,0.07000000029802322,0.4469466292235576,0.01571292382155271,0.0001,0.9,4.966570315071035e-06,FINITE,False,0.9
STAGE24_2018_TO_2017_BRIDGE70_FLAG_CORRECTED,STAGE24_2018_TO_2017,IDS2018_TO_CICIDS2017,bridge70,FLAG_CORRECTED,SECURITY,0.07000000029802322,0.4469466292235576,0.01571292382155271,0.1,0.1,0.4469466292235576,FINITE,True,0.1
STAGE24_2018_TO_2017_BRIDGE70_FLAG_CORRECTED,STAGE24_2018_TO_2017,IDS2018_TO_CICIDS2017,bridge70,FLAG_CORRECTED,SECURITY,0.07000000029802322,0.4469466292235576,0.01571292382155271,0.1,0.25,0.14898220974118587,FINITE,True,0.25
STAGE24_2018_TO_2017_BRIDGE70_FLAG_CORRECTED,STAGE24_2018_TO_2017,IDS2018_TO_CICIDS2017,bridge70,FLAG_CORRECTED,SECURITY,0.07000000029802322,0.4469466292235576,0.01571292382155271,0.1,0.5,0.04966073658039529,FINITE,True,0.5
STAGE24_2018_TO_2017_BRIDGE70_FLAG_CORRECTED,STAGE24_2018_TO_2017,IDS2018_TO_CICIDS2017,bridge70,FLAG_CORRECTED,SECURITY,0.07000000029802322,0.4469466292235576,0.01571292382155271,0.1,0.75,0.016553578860131764,FINITE,True,0.75
STAGE24_2018_TO_2017_BRIDGE70_FLAG_CORRECTED,STAGE24_2018_TO_2017,IDS2018_TO_CICIDS2017,bridge70,FLAG_CORRECTED,SECURITY,0.07000000029802322,0.4469466292235576,0.01571292382155271,0.1,0.9,0.00551785962004392,FINITE,False,0.9
STAGE24_2018_TO_2017_BRIDGE70_FLAG_CORRECTED,STAGE24_2018_TO_2017,IDS2018_TO_CICIDS2017,bridge70,FLAG_CORRECTED,SECURITY,0.07000000029802322,0.4469466292235576,0.01571292382155271,0.03,0.1,0.12440782462923768,FINITE,True,0.09999999999999999
STAGE24_2018_TO_2017_BRIDGE70_FLAG_CORRECTED,STAGE24_2018_TO_2017,IDS2018_TO_CICIDS2017,bridge70,FLAG_CORRECTED,SECURITY,0.07000000029802322,0.4469466292235576,0.01571292382155271,0.03,0.25,0.04146927487641256,FINITE,True,0.25
STAGE24_2018_TO_2017_BRIDGE70_FLAG_CORRECTED,STAGE24_2018_TO_2017,IDS2018_TO_CICIDS2017,bridge70,FLAG_CORRECTED,SECURITY,0.07000000029802322,0.4469466292235576,0.01571292382155271,0.03,0.5,0.013823091625470855,FINITE,False,0.5
STAGE24_2018_TO_2017_BRIDGE70_FLAG_CORRECTED,STAGE24_2018_TO_2017,IDS2018_TO_CICIDS2017,bridge70,FLAG_CORRECTED,SECURITY,0.07000000029802322,0.4469466292235576,0.01571292382155271,0.03,0.75,0.004607697208490284,FINITE,False,0.75
STAGE24_2018_TO_2017_BRIDGE70_FLAG_CORRECTED,STAGE24_2018_TO_2017,IDS2018_TO_CICIDS2017,bridge70,FLAG_CORRECTED,SECURITY,0.07000000029802322,0.4469466292235576,0.01571292382155271,0.03,0.9,0.0015358990694967613,FINITE,False,0.9
STAGE24_2018_TO_2017_BRIDGE70_FLAG_CORRECTED,STAGE24_2018_TO_2017,IDS2018_TO_CICIDS2017,bridge70,FLAG_CORRECTED,SECURITY,0.07000000029802322,0.4469466292235576,0.01571292382155271,0.01,0.1,0.04063151174759615,FINITE,True,0.1
STAGE24_2018_TO_2017_BRIDGE70_FLAG_CORRECTED,STAGE24_2018_TO_2017,IDS2018_TO_CICIDS2017,bridge70,FLAG_CORRECTED,SECURITY,0.07000000029802322,0.4469466292235576,0.01571292382155271,0.01,0.25,0.013543837249198715,FINITE,False,0.25
STAGE24_2018_TO_2017_BRIDGE70_FLAG_CORRECTED,STAGE24_2018_TO_2017,IDS2018_TO_CICIDS2017,bridge70,FLAG_CORRECTED,SECURITY,0.07000000029802322,0.4469466292235576,0.01571292382155271,0.01,0.5,0.004514612416399572,FINITE,False,0.5
STAGE24_2018_TO_2017_BRIDGE70_FLAG_CORRECTED,STAGE24_2018_TO_2017,IDS2018_TO_CICIDS2017,bridge70,FLAG_CORRECTED,SECURITY,0.07000000029802322,0.4469466292235576,0.01571292382155271,0.01,0.75,0.0015048708054665242,FINITE,False,0.75
STAGE24_2018_TO_2017_BRIDGE70_FLAG_CORRECTED,STAGE24_2018_TO_2017,IDS2018_TO_CICIDS2017,bridge70,FLAG_CORRECTED,SECURITY,0.07000000029802322,0.4469466292235576,0.01571292382155271,0.01,0.9,0.0005016236018221745,FINITE,False,0.9
STAGE24_2018_TO_2017_BRIDGE70_FLAG_CORRECTED,STAGE24_2018_TO_2017,IDS2018_TO_CICIDS2017,bridge70,FLAG_CORRECTED,SECURITY,0.07000000029802322,0.4469466292235576,0.01571292382155271,0.003,0.1,0.012103870600838569,FINITE,False,0.1
STAGE24_2018_TO_2017_BRIDGE70_FLAG_CORRECTED,STAGE24_2018_TO_2017,IDS2018_TO_CICIDS2017,bridge70,FLAG_CORRECTED,SECURITY,0.07000000029802322,0.4469466292235576,0.01571292382155271,0.003,0.25,0.004034623533612856,FINITE,False,0.25
STAGE24_2018_TO_2017_BRIDGE70_FLAG_CORRECTED,STAGE24_2018_TO_2017,IDS2018_TO_CICIDS2017,bridge70,FLAG_CORRECTED,SECURITY,0.07000000029802322,0.4469466292235576,0.01571292382155271,0.003,0.5,0.0013448745112042857,FINITE,False,0.5
STAGE24_2018_TO_2017_BRIDGE70_FLAG_CORRECTED,STAGE24_2018_TO_2017,IDS2018_TO_CICIDS2017,bridge70,FLAG_CORRECTED,SECURITY,0.07000000029802322,0.4469466292235576,0.01571292382155271,0.003,0.75,0.0004482915037347619,FINITE,False,0.75
STAGE24_2018_TO_2017_BRIDGE70_FLAG_CORRECTED,STAGE24_2018_TO_2017,IDS2018_TO_CICIDS2017,bridge70,FLAG_CORRECTED,SECURITY,0.07000000029802322,0.4469466292235576,0.01571292382155271,0.003,0.9,0.0001494305012449206,FINITE,False,0.9
STAGE24_2018_TO_2017_BRIDGE70_FLAG_CORRECTED,STAGE24_2018_TO_2017,IDS2018_TO_CICIDS2017,bridge70,FLAG_CORRECTED,SECURITY,0.07000000029802322,0.4469466292235576,0.01571292382155271,0.001,0.1,0.00402654620922124,FINITE,False,0.09999999999999999
STAGE24_2018_TO_2017_BRIDGE70_FLAG_CORRECTED,STAGE24_2018_TO_2017,IDS2018_TO_CICIDS2017,bridge70,FLAG_CORRECTED,SECURITY,0.07000000029802322,0.4469466292235576,0.01571292382155271,0.001,0.25,0.0013421820697404135,FINITE,False,0.25
STAGE24_2018_TO_2017_BRIDGE70_FLAG_CORRECTED,STAGE24_2018_TO_2017,IDS2018_TO_CICIDS2017,bridge70,FLAG_CORRECTED,SECURITY,0.07000000029802322,0.4469466292235576,0.01571292382155271,0.001,0.5,0.00044739402324680443,FINITE,False,0.5
STAGE24_2018_TO_2017_BRIDGE70_FLAG_CORRECTED,STAGE24_2018_TO_2017,IDS2018_TO_CICIDS2017,bridge70,FLAG_CORRECTED,SECURITY,0.07000000029802322,0.4469466292235576,0.01571292382155271,0.001,0.75,0.00014913134108226816,FINITE,False,0.75
STAGE24_2018_TO_2017_BRIDGE70_FLAG_CORRECTED,STAGE24_2018_TO_2017,IDS2018_TO_CICIDS2017,bridge70,FLAG_CORRECTED,SECURITY,0.07000000029802322,0.4469466292235576,0.01571292382155271,0.001,0.9,4.9710447027422705e-05,FINITE,False,0.9
STAGE24_2018_TO_2017_BRIDGE70_FLAG_CORRECTED,STAGE24_2018_TO_2017,IDS2018_TO_CICIDS2017,bridge70,FLAG_CORRECTED,SECURITY,0.07000000029802322,0.4469466292235576,0.01571292382155271,0.0001,0.1,0.00040229219552075383,FINITE,False,0.10000000000000002
STAGE24_2018_TO_2017_BRIDGE70_FLAG_CORRECTED,STAGE24_2018_TO_2017,IDS2018_TO_CICIDS2017,bridge70,FLAG_CORRECTED,SECURITY,0.07000000029802322,0.4469466292235576,0.01571292382155271,0.0001,0.25,0.00013409739850691796,FINITE,False,0.25
STAGE24_2018_TO_2017_BRIDGE70_FLAG_CORRECTED,STAGE24_2018_TO_2017,IDS2018_TO_CICIDS2017,bridge70,FLAG_CORRECTED,SECURITY,0.07000000029802322,0.4469466292235576,0.01571292382155271,0.0001,0.5,4.4699132835639325e-05,FINITE,False,0.5
STAGE24_2018_TO_2017_BRIDGE70_FLAG_CORRECTED,STAGE24_2018_TO_2017,IDS2018_TO_CICIDS2017,bridge70,FLAG_CORRECTED,SECURITY,0.07000000029802322,0.4469466292235576,0.01571292382155271,0.0001,0.75,1.4899710945213108e-05,FINITE,False,0.75
STAGE24_2018_TO_2017_BRIDGE70_FLAG_CORRECTED,STAGE24_2018_TO_2017,IDS2018_TO_CICIDS2017,bridge70,FLAG_CORRECTED,SECURITY,0.07000000029802322,0.4469466292235576,0.01571292382155271,0.0001,0.9,4.966570315071035e-06,FINITE,False,0.9
STAGE24_2017_TO_2018_BRIDGE62,STAGE24_2017_TO_2018,CICIDS2017_TO_IDS2018,bridge62,FLAG_CORRECTED_SOURCE_SEMANTICS,STANDARD,0.5,0.00038550501156515033,0.0014975805419886966,0.1,0.1,0.0003855050115651504,FINITE,False,0.1
STAGE24_2017_TO_2018_BRIDGE62,STAGE24_2017_TO_2018,CICIDS2017_TO_IDS2018,bridge62,FLAG_CORRECTED_SOURCE_SEMANTICS,STANDARD,0.5,0.00038550501156515033,0.0014975805419886966,0.1,0.25,0.00012850167052171679,FINITE,False,0.25
STAGE24_2017_TO_2018_BRIDGE62,STAGE24_2017_TO_2018,CICIDS2017_TO_IDS2018,bridge62,FLAG_CORRECTED_SOURCE_SEMANTICS,STANDARD,0.5,0.00038550501156515033,0.0014975805419886966,0.1,0.5,4.28338901739056e-05,FINITE,False,0.5
STAGE24_2017_TO_2018_BRIDGE62,STAGE24_2017_TO_2018,CICIDS2017_TO_IDS2018,bridge62,FLAG_CORRECTED_SOURCE_SEMANTICS,STANDARD,0.5,0.00038550501156515033,0.0014975805419886966,0.1,0.75,1.4277963391301866e-05,FINITE,False,0.75
STAGE24_2017_TO_2018_BRIDGE62,STAGE24_2017_TO_2018,CICIDS2017_TO_IDS2018,bridge62,FLAG_CORRECTED_SOURCE_SEMANTICS,STANDARD,0.5,0.00038550501156515033,0.0014975805419886966,0.1,0.9,4.759321130433954e-06,FINITE,False,0.9
STAGE24_2017_TO_2018_BRIDGE62,STAGE24_2017_TO_2018,CICIDS2017_TO_IDS2018,bridge62,FLAG_CORRECTED_SOURCE_SEMANTICS,STANDARD,0.5,0.00038550501156515033,0.0014975805419886966,0.03,0.1,0.00010730551868308307,FINITE,False,0.1
STAGE24_2017_TO_2018_BRIDGE62,STAGE24_2017_TO_2018,CICIDS2017_TO_IDS2018,bridge62,FLAG_CORRECTED_SOURCE_SEMANTICS,STANDARD,0.5,0.00038550501156515033,0.0014975805419886966,0.03,0.25,3.576850622769437e-05,FINITE,False,0.25
STAGE24_2017_TO_2018_BRIDGE62,STAGE24_2017_TO_2018,CICIDS2017_TO_IDS2018,bridge62,FLAG_CORRECTED_SOURCE_SEMANTICS,STANDARD,0.5,0.00038550501156515033,0.0014975805419886966,0.03,0.5,1.1922835409231454e-05,FINITE,False,0.5
STAGE24_2017_TO_2018_BRIDGE62,STAGE24_2017_TO_2018,CICIDS2017_TO_IDS2018,bridge62,FLAG_CORRECTED_SOURCE_SEMANTICS,STANDARD,0.5,0.00038550501156515033,0.0014975805419886966,0.03,0.75,3.974278469743818e-06,FINITE,False,0.75
STAGE24_2017_TO_2018_BRIDGE62,STAGE24_2017_TO_2018,CICIDS2017_TO_IDS2018,bridge62,FLAG_CORRECTED_SOURCE_SEMANTICS,STANDARD,0.5,0.00038550501156515033,0.0014975805419886966,0.03,0.9,1.3247594899146055e-06,FINITE,False,0.9
STAGE24_2017_TO_2018_BRIDGE62,STAGE24_2017_TO_2018,CICIDS2017_TO_IDS2018,bridge62,FLAG_CORRECTED_SOURCE_SEMANTICS,STANDARD,0.5,0.00038550501156515033,0.0014975805419886966,0.01,0.1,3.5045910142286394e-05,FINITE,False,0.09999999999999998
STAGE24_2017_TO_2018_BRIDGE62,STAGE24_2017_TO_2018,CICIDS2017_TO_IDS2018,bridge62,FLAG_CORRECTED_SOURCE_SEMANTICS,STANDARD,0.5,0.00038550501156515033,0.0014975805419886966,0.01,0.25,1.1681970047428797e-05,FINITE,False,0.25
STAGE24_2017_TO_2018_BRIDGE62,STAGE24_2017_TO_2018,CICIDS2017_TO_IDS2018,bridge62,FLAG_CORRECTED_SOURCE_SEMANTICS,STANDARD,0.5,0.00038550501156515033,0.0014975805419886966,0.01,0.5,3.893990015809599e-06,FINITE,False,0.5
STAGE24_2017_TO_2018_BRIDGE62,STAGE24_2017_TO_2018,CICIDS2017_TO_IDS2018,bridge62,FLAG_CORRECTED_SOURCE_SEMANTICS,STANDARD,0.5,0.00038550501156515033,0.0014975805419886966,0.01,0.75,1.2979966719365332e-06,FINITE,False,0.75
STAGE24_2017_TO_2018_BRIDGE62,STAGE24_2017_TO_2018,CICIDS2017_TO_IDS2018,bridge62,FLAG_CORRECTED_SOURCE_SEMANTICS,STANDARD,0.5,0.00038550501156515033,0.0014975805419886966,0.01,0.9,4.326655573121776e-07,FINITE,False,0.9
STAGE24_2017_TO_2018_BRIDGE62,STAGE24_2017_TO_2018,CICIDS2017_TO_IDS2018,bridge62,FLAG_CORRECTED_SOURCE_SEMANTICS,STANDARD,0.5,0.00038550501156515033,0.0014975805419886966,0.003,0.1,1.0439955177792436e-05,FINITE,False,0.1
STAGE24_2017_TO_2018_BRIDGE62,STAGE24_2017_TO_2018,CICIDS2017_TO_IDS2018,bridge62,FLAG_CORRECTED_SOURCE_SEMANTICS,STANDARD,0.5,0.00038550501156515033,0.0014975805419886966,0.003,0.25,3.4799850592641454e-06,FINITE,False,0.25
STAGE24_2017_TO_2018_BRIDGE62,STAGE24_2017_TO_2018,CICIDS2017_TO_IDS2018,bridge62,FLAG_CORRECTED_SOURCE_SEMANTICS,STANDARD,0.5,0.00038550501156515033,0.0014975805419886966,0.003,0.5,1.1599950197547152e-06,FINITE,False,0.5
STAGE24_2017_TO_2018_BRIDGE62,STAGE24_2017_TO_2018,CICIDS2017_TO_IDS2018,bridge62,FLAG_CORRECTED_SOURCE_SEMANTICS,STANDARD,0.5,0.00038550501156515033,0.0014975805419886966,0.003,0.75,3.8666500658490505e-07,FINITE,False,0.75
STAGE24_2017_TO_2018_BRIDGE62,STAGE24_2017_TO_2018,CICIDS2017_TO_IDS2018,bridge62,FLAG_CORRECTED_SOURCE_SEMANTICS,STANDARD,0.5,0.00038550501156515033,0.0014975805419886966,0.003,0.9,1.2888833552830166e-07,FINITE,False,0.9000000000000001
STAGE24_2017_TO_2018_BRIDGE62,STAGE24_2017_TO_2018,CICIDS2017_TO_IDS2018,bridge62,FLAG_CORRECTED_SOURCE_SEMANTICS,STANDARD,0.5,0.00038550501156515033,0.0014975805419886966,0.001,0.1,3.473018122208562e-06,FINITE,False,0.09999999999999999
STAGE24_2017_TO_2018_BRIDGE62,STAGE24_2017_TO_2018,CICIDS2017_TO_IDS2018,bridge62,FLAG_CORRECTED_SOURCE_SEMANTICS,STANDARD,0.5,0.00038550501156515033,0.0014975805419886966,0.001,0.25,1.1576727074028539e-06,FINITE,False,0.25
STAGE24_2017_TO_2018_BRIDGE62,STAGE24_2017_TO_2018,CICIDS2017_TO_IDS2018,bridge62,FLAG_CORRECTED_SOURCE_SEMANTICS,STANDARD,0.5,0.00038550501156515033,0.0014975805419886966,0.001,0.5,3.85890902467618e-07,FINITE,False,0.5
STAGE24_2017_TO_2018_BRIDGE62,STAGE24_2017_TO_2018,CICIDS2017_TO_IDS2018,bridge62,FLAG_CORRECTED_SOURCE_SEMANTICS,STANDARD,0.5,0.00038550501156515033,0.0014975805419886966,0.001,0.75,1.2863030082253933e-07,FINITE,False,0.7499999999999999
STAGE24_2017_TO_2018_BRIDGE62,STAGE24_2017_TO_2018,CICIDS2017_TO_IDS2018,bridge62,FLAG_CORRECTED_SOURCE_SEMANTICS,STANDARD,0.5,0.00038550501156515033,0.0014975805419886966,0.001,0.9,4.287676694084643e-08,FINITE,False,0.9
STAGE24_2017_TO_2018_BRIDGE62,STAGE24_2017_TO_2018,CICIDS2017_TO_IDS2018,bridge62,FLAG_CORRECTED_SOURCE_SEMANTICS,STANDARD,0.5,0.00038550501156515033,0.0014975805419886966,0.0001,0.1,3.4698920932956824e-07,FINITE,False,0.1
STAGE24_2017_TO_2018_BRIDGE62,STAGE24_2017_TO_2018,CICIDS2017_TO_IDS2018,bridge62,FLAG_CORRECTED_SOURCE_SEMANTICS,STANDARD,0.5,0.00038550501156515033,0.0014975805419886966,0.0001,0.25,1.1566306977652274e-07,FINITE,False,0.25
STAGE24_2017_TO_2018_BRIDGE62,STAGE24_2017_TO_2018,CICIDS2017_TO_IDS2018,bridge62,FLAG_CORRECTED_SOURCE_SEMANTICS,STANDARD,0.5,0.00038550501156515033,0.0014975805419886966,0.0001,0.5,3.855435659217425e-08,FINITE,False,0.5
STAGE24_2017_TO_2018_BRIDGE62,STAGE24_2017_TO_2018,CICIDS2017_TO_IDS2018,bridge62,FLAG_CORRECTED_SOURCE_SEMANTICS,STANDARD,0.5,0.00038550501156515033,0.0014975805419886966,0.0001,0.75,1.2851452197391419e-08,FINITE,False,0.75
STAGE24_2017_TO_2018_BRIDGE62,STAGE24_2017_TO_2018,CICIDS2017_TO_IDS2018,bridge62,FLAG_CORRECTED_SOURCE_SEMANTICS,STANDARD,0.5,0.00038550501156515033,0.0014975805419886966,0.0001,0.9,4.283817399130472e-09,FINITE,False,0.9
STAGE24_2017_TO_2018_BRIDGE62,STAGE24_2017_TO_2018,CICIDS2017_TO_IDS2018,bridge62,FLAG_CORRECTED_SOURCE_SEMANTICS,BALANCED,0.17000000178813934,0.0006103829349781547,0.0020055538414069734,0.1,0.1,0.0006103829349781546,FINITE,False,0.10000000000000002
STAGE24_2017_TO_2018_BRIDGE62,STAGE24_2017_TO_2018,CICIDS2017_TO_IDS2018,bridge62,FLAG_CORRECTED_SOURCE_SEMANTICS,BALANCED,0.17000000178813934,0.0006103829349781547,0.0020055538414069734,0.1,0.25,0.00020346097832605155,FINITE,False,0.25
STAGE24_2017_TO_2018_BRIDGE62,STAGE24_2017_TO_2018,CICIDS2017_TO_IDS2018,bridge62,FLAG_CORRECTED_SOURCE_SEMANTICS,BALANCED,0.17000000178813934,0.0006103829349781547,0.0020055538414069734,0.1,0.5,6.782032610868385e-05,FINITE,False,0.5
STAGE24_2017_TO_2018_BRIDGE62,STAGE24_2017_TO_2018,CICIDS2017_TO_IDS2018,bridge62,FLAG_CORRECTED_SOURCE_SEMANTICS,BALANCED,0.17000000178813934,0.0006103829349781547,0.0020055538414069734,0.1,0.75,2.2606775369561285e-05,FINITE,False,0.75
STAGE24_2017_TO_2018_BRIDGE62,STAGE24_2017_TO_2018,CICIDS2017_TO_IDS2018,bridge62,FLAG_CORRECTED_SOURCE_SEMANTICS,BALANCED,0.17000000178813934,0.0006103829349781547,0.0020055538414069734,0.1,0.9,7.53559178985376e-06,FINITE,False,0.9
STAGE24_2017_TO_2018_BRIDGE62,STAGE24_2017_TO_2018,CICIDS2017_TO_IDS2018,bridge62,FLAG_CORRECTED_SOURCE_SEMANTICS,BALANCED,0.17000000178813934,0.0006103829349781547,0.0020055538414069734,0.03,0.1,0.0001699004045815482,FINITE,False,0.1
STAGE24_2017_TO_2018_BRIDGE62,STAGE24_2017_TO_2018,CICIDS2017_TO_IDS2018,bridge62,FLAG_CORRECTED_SOURCE_SEMANTICS,BALANCED,0.17000000178813934,0.0006103829349781547,0.0020055538414069734,0.03,0.25,5.6633468193849404e-05,FINITE,False,0.25
STAGE24_2017_TO_2018_BRIDGE62,STAGE24_2017_TO_2018,CICIDS2017_TO_IDS2018,bridge62,FLAG_CORRECTED_SOURCE_SEMANTICS,BALANCED,0.17000000178813934,0.0006103829349781547,0.0020055538414069734,0.03,0.5,1.8877822731283135e-05,FINITE,False,0.5
STAGE24_2017_TO_2018_BRIDGE62,STAGE24_2017_TO_2018,CICIDS2017_TO_IDS2018,bridge62,FLAG_CORRECTED_SOURCE_SEMANTICS,BALANCED,0.17000000178813934,0.0006103829349781547,0.0020055538414069734,0.03,0.75,6.292607577094378e-06,FINITE,False,0.7500000000000001
STAGE24_2017_TO_2018_BRIDGE62,STAGE24_2017_TO_2018,CICIDS2017_TO_IDS2018,bridge62,FLAG_CORRECTED_SOURCE_SEMANTICS,BALANCED,0.17000000178813934,0.0006103829349781547,0.0020055538414069734,0.03,0.9,2.097535859031459e-06,FINITE,False,0.9
STAGE24_2017_TO_2018_BRIDGE62,STAGE24_2017_TO_2018,CICIDS2017_TO_IDS2018,bridge62,FLAG_CORRECTED_SOURCE_SEMANTICS,BALANCED,0.17000000178813934,0.0006103829349781547,0.0020055538414069734,0.01,0.1,5.5489357725286794e-05,FINITE,False,0.1
STAGE24_2017_TO_2018_BRIDGE62,STAGE24_2017_TO_2018,CICIDS2017_TO_IDS2018,bridge62,FLAG_CORRECTED_SOURCE_SEMANTICS,BALANCED,0.17000000178813934,0.0006103829349781547,0.0020055538414069734,0.01,0.25,1.8496452575095598e-05,FINITE,False,0.25
STAGE24_2017_TO_2018_BRIDGE62,STAGE24_2017_TO_2018,CICIDS2017_TO_IDS2018,bridge62,FLAG_CORRECTED_SOURCE_SEMANTICS,BALANCED,0.17000000178813934,0.0006103829349781547,0.0020055538414069734,0.01,0.5,6.165484191698533e-06,FINITE,False,0.5
STAGE24_2017_TO_2018_BRIDGE62,STAGE24_2017_TO_2018,CICIDS2017_TO_IDS2018,bridge62,FLAG_CORRECTED_SOURCE_SEMANTICS,BALANCED,0.17000000178813934,0.0006103829349781547,0.0020055538414069734,0.01,0.75,2.0551613972328446e-06,FINITE,False,0.75
STAGE24_2017_TO_2018_BRIDGE62,STAGE24_2017_TO_2018,CICIDS2017_TO_IDS2018,bridge62,FLAG_CORRECTED_SOURCE_SEMANTICS,BALANCED,0.17000000178813934,0.0006103829349781547,0.0020055538414069734,0.01,0.9,6.850537990776146e-07,FINITE,False,0.9
STAGE24_2017_TO_2018_BRIDGE62,STAGE24_2017_TO_2018,CICIDS2017_TO_IDS2018,bridge62,FLAG_CORRECTED_SOURCE_SEMANTICS,BALANCED,0.17000000178813934,0.0006103829349781547,0.0020055538414069734,0.003,0.1,1.652992903150469e-05,FINITE,False,0.10000000000000002
STAGE24_2017_TO_2018_BRIDGE62,STAGE24_2017_TO_2018,CICIDS2017_TO_IDS2018,bridge62,FLAG_CORRECTED_SOURCE_SEMANTICS,BALANCED,0.17000000178813934,0.0006103829349781547,0.0020055538414069734,0.003,0.25,5.5099763438348975e-06,FINITE,False,0.25
STAGE24_2017_TO_2018_BRIDGE62,STAGE24_2017_TO_2018,CICIDS2017_TO_IDS2018,bridge62,FLAG_CORRECTED_SOURCE_SEMANTICS,BALANCED,0.17000000178813934,0.0006103829349781547,0.0020055538414069734,0.003,0.5,1.8366587812782992e-06,FINITE,False,0.5
STAGE24_2017_TO_2018_BRIDGE62,STAGE24_2017_TO_2018,CICIDS2017_TO_IDS2018,bridge62,FLAG_CORRECTED_SOURCE_SEMANTICS,BALANCED,0.17000000178813934,0.0006103829349781547,0.0020055538414069734,0.003,0.75,6.122195937594331e-07,FINITE,False,0.75
STAGE24_2017_TO_2018_BRIDGE62,STAGE24_2017_TO_2018,CICIDS2017_TO_IDS2018,bridge62,FLAG_CORRECTED_SOURCE_SEMANTICS,BALANCED,0.17000000178813934,0.0006103829349781547,0.0020055538414069734,0.003,0.9,2.0407319791981095e-07,FINITE,False,0.9000000000000001
STAGE24_2017_TO_2018_BRIDGE62,STAGE24_2017_TO_2018,CICIDS2017_TO_IDS2018,bridge62,FLAG_CORRECTED_SOURCE_SEMANTICS,BALANCED,0.17000000178813934,0.0006103829349781547,0.0020055538414069734,0.001,0.1,5.498945360163556e-06,FINITE,False,0.1
STAGE24_2017_TO_2018_BRIDGE62,STAGE24_2017_TO_2018,CICIDS2017_TO_IDS2018,bridge62,FLAG_CORRECTED_SOURCE_SEMANTICS,BALANCED,0.17000000178813934,0.0006103829349781547,0.0020055538414069734,0.001,0.25,1.8329817867211855e-06,FINITE,False,0.25
STAGE24_2017_TO_2018_BRIDGE62,STAGE24_2017_TO_2018,CICIDS2017_TO_IDS2018,bridge62,FLAG_CORRECTED_SOURCE_SEMANTICS,BALANCED,0.17000000178813934,0.0006103829349781547,0.0020055538414069734,0.001,0.5,6.109939289070618e-07,FINITE,False,0.5
STAGE24_2017_TO_2018_BRIDGE62,STAGE24_2017_TO_2018,CICIDS2017_TO_IDS2018,bridge62,FLAG_CORRECTED_SOURCE_SEMANTICS,BALANCED,0.17000000178813934,0.0006103829349781547,0.0020055538414069734,0.001,0.75,2.036646429690206e-07,FINITE,False,0.75
STAGE24_2017_TO_2018_BRIDGE62,STAGE24_2017_TO_2018,CICIDS2017_TO_IDS2018,bridge62,FLAG_CORRECTED_SOURCE_SEMANTICS,BALANCED,0.17000000178813934,0.0006103829349781547,0.0020055538414069734,0.001,0.9,6.788821432300686e-08,FINITE,False,0.8999999999999999
STAGE24_2017_TO_2018_BRIDGE62,STAGE24_2017_TO_2018,CICIDS2017_TO_IDS2018,bridge62,FLAG_CORRECTED_SOURCE_SEMANTICS,BALANCED,0.17000000178813934,0.0006103829349781547,0.0020055538414069734,0.0001,0.1,5.493995814384831e-07,FINITE,False,0.1
STAGE24_2017_TO_2018_BRIDGE62,STAGE24_2017_TO_2018,CICIDS2017_TO_IDS2018,bridge62,FLAG_CORRECTED_SOURCE_SEMANTICS,BALANCED,0.17000000178813934,0.0006103829349781547,0.0020055538414069734,0.0001,0.25,1.831331938128277e-07,FINITE,False,0.25
STAGE24_2017_TO_2018_BRIDGE62,STAGE24_2017_TO_2018,CICIDS2017_TO_IDS2018,bridge62,FLAG_CORRECTED_SOURCE_SEMANTICS,BALANCED,0.17000000178813934,0.0006103829349781547,0.0020055538414069734,0.0001,0.5,6.104439793760924e-08,FINITE,False,0.5
STAGE24_2017_TO_2018_BRIDGE62,STAGE24_2017_TO_2018,CICIDS2017_TO_IDS2018,bridge62,FLAG_CORRECTED_SOURCE_SEMANTICS,BALANCED,0.17000000178813934,0.0006103829349781547,0.0020055538414069734,0.0001,0.75,2.0348132645869746e-08,FINITE,False,0.7499999999999999
STAGE24_2017_TO_2018_BRIDGE62,STAGE24_2017_TO_2018,CICIDS2017_TO_IDS2018,bridge62,FLAG_CORRECTED_SOURCE_SEMANTICS,BALANCED,0.17000000178813934,0.0006103829349781547,0.0020055538414069734,0.0001,0.9,6.782710881956581e-09,FINITE,False,0.9000000000000001
STAGE24_2017_TO_2018_BRIDGE62,STAGE24_2017_TO_2018,CICIDS2017_TO_IDS2018,bridge62,FLAG_CORRECTED_SOURCE_SEMANTICS,SECURITY,0.05000000074505806,0.0013492675404780262,0.0030290259706052783,0.1,0.1,0.0013492675404780262,FINITE,False,0.1
STAGE24_2017_TO_2018_BRIDGE62,STAGE24_2017_TO_2018,CICIDS2017_TO_IDS2018,bridge62,FLAG_CORRECTED_SOURCE_SEMANTICS,SECURITY,0.05000000074505806,0.0013492675404780262,0.0030290259706052783,0.1,0.25,0.00044975584682600876,FINITE,False,0.25
STAGE24_2017_TO_2018_BRIDGE62,STAGE24_2017_TO_2018,CICIDS2017_TO_IDS2018,bridge62,FLAG_CORRECTED_SOURCE_SEMANTICS,SECURITY,0.05000000074505806,0.0013492675404780262,0.0030290259706052783,0.1,0.5,0.0001499186156086696,FINITE,False,0.5
STAGE24_2017_TO_2018_BRIDGE62,STAGE24_2017_TO_2018,CICIDS2017_TO_IDS2018,bridge62,FLAG_CORRECTED_SOURCE_SEMANTICS,SECURITY,0.05000000074505806,0.0013492675404780262,0.0030290259706052783,0.1,0.75,4.997287186955653e-05,FINITE,False,0.7500000000000001
STAGE24_2017_TO_2018_BRIDGE62,STAGE24_2017_TO_2018,CICIDS2017_TO_IDS2018,bridge62,FLAG_CORRECTED_SOURCE_SEMANTICS,SECURITY,0.05000000074505806,0.0013492675404780262,0.0030290259706052783,0.1,0.9,1.665762395651884e-05,FINITE,False,0.9
STAGE24_2017_TO_2018_BRIDGE62,STAGE24_2017_TO_2018,CICIDS2017_TO_IDS2018,bridge62,FLAG_CORRECTED_SOURCE_SEMANTICS,SECURITY,0.05000000074505806,0.0013492675404780262,0.0030290259706052783,0.03,0.1,0.0003755693153907908,FINITE,False,0.09999999999999999
STAGE24_2017_TO_2018_BRIDGE62,STAGE24_2017_TO_2018,CICIDS2017_TO_IDS2018,bridge62,FLAG_CORRECTED_SOURCE_SEMANTICS,SECURITY,0.05000000074505806,0.0013492675404780262,0.0030290259706052783,0.03,0.25,0.00012518977179693026,FINITE,False,0.25
STAGE24_2017_TO_2018_BRIDGE62,STAGE24_2017_TO_2018,CICIDS2017_TO_IDS2018,bridge62,FLAG_CORRECTED_SOURCE_SEMANTICS,SECURITY,0.05000000074505806,0.0013492675404780262,0.0030290259706052783,0.03,0.5,4.172992393231009e-05,FINITE,False,0.5
STAGE24_2017_TO_2018_BRIDGE62,STAGE24_2017_TO_2018,CICIDS2017_TO_IDS2018,bridge62,FLAG_CORRECTED_SOURCE_SEMANTICS,SECURITY,0.05000000074505806,0.0013492675404780262,0.0030290259706052783,0.03,0.75,1.3909974644103361e-05,FINITE,False,0.75
STAGE24_2017_TO_2018_BRIDGE62,STAGE24_2017_TO_2018,CICIDS2017_TO_IDS2018,bridge62,FLAG_CORRECTED_SOURCE_SEMANTICS,SECURITY,0.05000000074505806,0.0013492675404780262,0.0030290259706052783,0.03,0.9,4.63665821470112e-06,FINITE,False,0.9
STAGE24_2017_TO_2018_BRIDGE62,STAGE24_2017_TO_2018,CICIDS2017_TO_IDS2018,bridge62,FLAG_CORRECTED_SOURCE_SEMANTICS,SECURITY,0.05000000074505806,0.0013492675404780262,0.0030290259706052783,0.01,0.1,0.00012266068549800238,FINITE,False,0.10000000000000002
STAGE24_2017_TO_2018_BRIDGE62,STAGE24_2017_TO_2018,CICIDS2017_TO_IDS2018,bridge62,FLAG_CORRECTED_SOURCE_SEMANTICS,SECURITY,0.05000000074505806,0.0013492675404780262,0.0030290259706052783,0.01,0.25,4.0886895166000795e-05,FINITE,False,0.25
STAGE24_2017_TO_2018_BRIDGE62,STAGE24_2017_TO_2018,CICIDS2017_TO_IDS2018,bridge62,FLAG_CORRECTED_SOURCE_SEMANTICS,SECURITY,0.05000000074505806,0.0013492675404780262,0.0030290259706052783,0.01,0.5,1.3628965055333598e-05,FINITE,False,0.5
STAGE24_2017_TO_2018_BRIDGE62,STAGE24_2017_TO_2018,CICIDS2017_TO_IDS2018,bridge62,FLAG_CORRECTED_SOURCE_SEMANTICS,SECURITY,0.05000000074505806,0.0013492675404780262,0.0030290259706052783,0.01,0.75,4.542988351777867e-06,FINITE,False,0.75
STAGE24_2017_TO_2018_BRIDGE62,STAGE24_2017_TO_2018,CICIDS2017_TO_IDS2018,bridge62,FLAG_CORRECTED_SOURCE_SEMANTICS,SECURITY,0.05000000074505806,0.0013492675404780262,0.0030290259706052783,0.01,0.9,1.5143294505926217e-06,FINITE,False,0.9
STAGE24_2017_TO_2018_BRIDGE62,STAGE24_2017_TO_2018,CICIDS2017_TO_IDS2018,bridge62,FLAG_CORRECTED_SOURCE_SEMANTICS,SECURITY,0.05000000074505806,0.0013492675404780262,0.0030290259706052783,0.003,0.1,3.6539843122273525e-05,FINITE,False,0.1
STAGE24_2017_TO_2018_BRIDGE62,STAGE24_2017_TO_2018,CICIDS2017_TO_IDS2018,bridge62,FLAG_CORRECTED_SOURCE_SEMANTICS,SECURITY,0.05000000074505806,0.0013492675404780262,0.0030290259706052783,0.003,0.25,1.217994770742451e-05,FINITE,False,0.25
STAGE24_2017_TO_2018_BRIDGE62,STAGE24_2017_TO_2018,CICIDS2017_TO_IDS2018,bridge62,FLAG_CORRECTED_SOURCE_SEMANTICS,SECURITY,0.05000000074505806,0.0013492675404780262,0.0030290259706052783,0.003,0.5,4.0599825691415035e-06,FINITE,False,0.5
STAGE24_2017_TO_2018_BRIDGE62,STAGE24_2017_TO_2018,CICIDS2017_TO_IDS2018,bridge62,FLAG_CORRECTED_SOURCE_SEMANTICS,SECURITY,0.05000000074505806,0.0013492675404780262,0.0030290259706052783,0.003,0.75,1.3533275230471677e-06,FINITE,False,0.75
STAGE24_2017_TO_2018_BRIDGE62,STAGE24_2017_TO_2018,CICIDS2017_TO_IDS2018,bridge62,FLAG_CORRECTED_SOURCE_SEMANTICS,SECURITY,0.05000000074505806,0.0013492675404780262,0.0030290259706052783,0.003,0.9,4.511091743490558e-07,FINITE,False,0.9
STAGE24_2017_TO_2018_BRIDGE62,STAGE24_2017_TO_2018,CICIDS2017_TO_IDS2018,bridge62,FLAG_CORRECTED_SOURCE_SEMANTICS,SECURITY,0.05000000074505806,0.0013492675404780262,0.0030290259706052783,0.001,0.1,1.2155563427729966e-05,FINITE,False,0.1
STAGE24_2017_TO_2018_BRIDGE62,STAGE24_2017_TO_2018,CICIDS2017_TO_IDS2018,bridge62,FLAG_CORRECTED_SOURCE_SEMANTICS,SECURITY,0.05000000074505806,0.0013492675404780262,0.0030290259706052783,0.001,0.25,4.051854475909989e-06,FINITE,False,0.25
STAGE24_2017_TO_2018_BRIDGE62,STAGE24_2017_TO_2018,CICIDS2017_TO_IDS2018,bridge62,FLAG_CORRECTED_SOURCE_SEMANTICS,SECURITY,0.05000000074505806,0.0013492675404780262,0.0030290259706052783,0.001,0.5,1.3506181586366628e-06,FINITE,False,0.5
STAGE24_2017_TO_2018_BRIDGE62,STAGE24_2017_TO_2018,CICIDS2017_TO_IDS2018,bridge62,FLAG_CORRECTED_SOURCE_SEMANTICS,SECURITY,0.05000000074505806,0.0013492675404780262,0.0030290259706052783,0.001,0.75,4.502060528788876e-07,FINITE,False,0.75
STAGE24_2017_TO_2018_BRIDGE62,STAGE24_2017_TO_2018,CICIDS2017_TO_IDS2018,bridge62,FLAG_CORRECTED_SOURCE_SEMANTICS,SECURITY,0.05000000074505806,0.0013492675404780262,0.0030290259706052783,0.001,0.9,1.500686842929625e-07,FINITE,False,0.9
STAGE24_2017_TO_2018_BRIDGE62,STAGE24_2017_TO_2018,CICIDS2017_TO_IDS2018,bridge62,FLAG_CORRECTED_SOURCE_SEMANTICS,SECURITY,0.05000000074505806,0.0013492675404780262,0.0030290259706052783,0.0001,0.1,1.214462232653489e-06,FINITE,False,0.09999999999999999
STAGE24_2017_TO_2018_BRIDGE62,STAGE24_2017_TO_2018,CICIDS2017_TO_IDS2018,bridge62,FLAG_CORRECTED_SOURCE_SEMANTICS,SECURITY,0.05000000074505806,0.0013492675404780262,0.0030290259706052783,0.0001,0.25,4.0482074421782966e-07,FINITE,False,0.25
STAGE24_2017_TO_2018_BRIDGE62,STAGE24_2017_TO_2018,CICIDS2017_TO_IDS2018,bridge62,FLAG_CORRECTED_SOURCE_SEMANTICS,SECURITY,0.05000000074505806,0.0013492675404780262,0.0030290259706052783,0.0001,0.5,1.349402480726099e-07,FINITE,False,0.5
STAGE24_2017_TO_2018_BRIDGE62,STAGE24_2017_TO_2018,CICIDS2017_TO_IDS2018,bridge62,FLAG_CORRECTED_SOURCE_SEMANTICS,SECURITY,0.05000000074505806,0.0013492675404780262,0.0030290259706052783,0.0001,0.75,4.4980082690869966e-08,FINITE,False,0.7499999999999999
STAGE24_2017_TO_2018_BRIDGE62,STAGE24_2017_TO_2018,CICIDS2017_TO_IDS2018,bridge62,FLAG_CORRECTED_SOURCE_SEMANTICS,SECURITY,0.05000000074505806,0.0013492675404780262,0.0030290259706052783,0.0001,0.9,1.4993360896956652e-08,FINITE,False,0.9
STAGE24_2017_TO_2018_BRIDGE70,STAGE24_2017_TO_2018,CICIDS2017_TO_IDS2018,bridge70,FLAG_CORRECTED_SOURCE_SEMANTICS,STANDARD,0.5,0.00038550501156515033,0.0013395444043918995,0.1,0.1,0.0003855050115651504,FINITE,False,0.1
STAGE24_2017_TO_2018_BRIDGE70,STAGE24_2017_TO_2018,CICIDS2017_TO_IDS2018,bridge70,FLAG_CORRECTED_SOURCE_SEMANTICS,STANDARD,0.5,0.00038550501156515033,0.0013395444043918995,0.1,0.25,0.00012850167052171679,FINITE,False,0.25
STAGE24_2017_TO_2018_BRIDGE70,STAGE24_2017_TO_2018,CICIDS2017_TO_IDS2018,bridge70,FLAG_CORRECTED_SOURCE_SEMANTICS,STANDARD,0.5,0.00038550501156515033,0.0013395444043918995,0.1,0.5,4.28338901739056e-05,FINITE,False,0.5
STAGE24_2017_TO_2018_BRIDGE70,STAGE24_2017_TO_2018,CICIDS2017_TO_IDS2018,bridge70,FLAG_CORRECTED_SOURCE_SEMANTICS,STANDARD,0.5,0.00038550501156515033,0.0013395444043918995,0.1,0.75,1.4277963391301866e-05,FINITE,False,0.75
STAGE24_2017_TO_2018_BRIDGE70,STAGE24_2017_TO_2018,CICIDS2017_TO_IDS2018,bridge70,FLAG_CORRECTED_SOURCE_SEMANTICS,STANDARD,0.5,0.00038550501156515033,0.0013395444043918995,0.1,0.9,4.759321130433954e-06,FINITE,False,0.9
STAGE24_2017_TO_2018_BRIDGE70,STAGE24_2017_TO_2018,CICIDS2017_TO_IDS2018,bridge70,FLAG_CORRECTED_SOURCE_SEMANTICS,STANDARD,0.5,0.00038550501156515033,0.0013395444043918995,0.03,0.1,0.00010730551868308307,FINITE,False,0.1
STAGE24_2017_TO_2018_BRIDGE70,STAGE24_2017_TO_2018,CICIDS2017_TO_IDS2018,bridge70,FLAG_CORRECTED_SOURCE_SEMANTICS,STANDARD,0.5,0.00038550501156515033,0.0013395444043918995,0.03,0.25,3.576850622769437e-05,FINITE,False,0.25
STAGE24_2017_TO_2018_BRIDGE70,STAGE24_2017_TO_2018,CICIDS2017_TO_IDS2018,bridge70,FLAG_CORRECTED_SOURCE_SEMANTICS,STANDARD,0.5,0.00038550501156515033,0.0013395444043918995,0.03,0.5,1.1922835409231454e-05,FINITE,False,0.5
STAGE24_2017_TO_2018_BRIDGE70,STAGE24_2017_TO_2018,CICIDS2017_TO_IDS2018,bridge70,FLAG_CORRECTED_SOURCE_SEMANTICS,STANDARD,0.5,0.00038550501156515033,0.0013395444043918995,0.03,0.75,3.974278469743818e-06,FINITE,False,0.75
STAGE24_2017_TO_2018_BRIDGE70,STAGE24_2017_TO_2018,CICIDS2017_TO_IDS2018,bridge70,FLAG_CORRECTED_SOURCE_SEMANTICS,STANDARD,0.5,0.00038550501156515033,0.0013395444043918995,0.03,0.9,1.3247594899146055e-06,FINITE,False,0.9
STAGE24_2017_TO_2018_BRIDGE70,STAGE24_2017_TO_2018,CICIDS2017_TO_IDS2018,bridge70,FLAG_CORRECTED_SOURCE_SEMANTICS,STANDARD,0.5,0.00038550501156515033,0.0013395444043918995,0.01,0.1,3.5045910142286394e-05,FINITE,False,0.09999999999999998
STAGE24_2017_TO_2018_BRIDGE70,STAGE24_2017_TO_2018,CICIDS2017_TO_IDS2018,bridge70,FLAG_CORRECTED_SOURCE_SEMANTICS,STANDARD,0.5,0.00038550501156515033,0.0013395444043918995,0.01,0.25,1.1681970047428797e-05,FINITE,False,0.25
STAGE24_2017_TO_2018_BRIDGE70,STAGE24_2017_TO_2018,CICIDS2017_TO_IDS2018,bridge70,FLAG_CORRECTED_SOURCE_SEMANTICS,STANDARD,0.5,0.00038550501156515033,0.0013395444043918995,0.01,0.5,3.893990015809599e-06,FINITE,False,0.5
STAGE24_2017_TO_2018_BRIDGE70,STAGE24_2017_TO_2018,CICIDS2017_TO_IDS2018,bridge70,FLAG_CORRECTED_SOURCE_SEMANTICS,STANDARD,0.5,0.00038550501156515033,0.0013395444043918995,0.01,0.75,1.2979966719365332e-06,FINITE,False,0.75
STAGE24_2017_TO_2018_BRIDGE70,STAGE24_2017_TO_2018,CICIDS2017_TO_IDS2018,bridge70,FLAG_CORRECTED_SOURCE_SEMANTICS,STANDARD,0.5,0.00038550501156515033,0.0013395444043918995,0.01,0.9,4.326655573121776e-07,FINITE,False,0.9
STAGE24_2017_TO_2018_BRIDGE70,STAGE24_2017_TO_2018,CICIDS2017_TO_IDS2018,bridge70,FLAG_CORRECTED_SOURCE_SEMANTICS,STANDARD,0.5,0.00038550501156515033,0.0013395444043918995,0.003,0.1,1.0439955177792436e-05,FINITE,False,0.1
STAGE24_2017_TO_2018_BRIDGE70,STAGE24_2017_TO_2018,CICIDS2017_TO_IDS2018,bridge70,FLAG_CORRECTED_SOURCE_SEMANTICS,STANDARD,0.5,0.00038550501156515033,0.0013395444043918995,0.003,0.25,3.4799850592641454e-06,FINITE,False,0.25
STAGE24_2017_TO_2018_BRIDGE70,STAGE24_2017_TO_2018,CICIDS2017_TO_IDS2018,bridge70,FLAG_CORRECTED_SOURCE_SEMANTICS,STANDARD,0.5,0.00038550501156515033,0.0013395444043918995,0.003,0.5,1.1599950197547152e-06,FINITE,False,0.5
STAGE24_2017_TO_2018_BRIDGE70,STAGE24_2017_TO_2018,CICIDS2017_TO_IDS2018,bridge70,FLAG_CORRECTED_SOURCE_SEMANTICS,STANDARD,0.5,0.00038550501156515033,0.0013395444043918995,0.003,0.75,3.8666500658490505e-07,FINITE,False,0.75
STAGE24_2017_TO_2018_BRIDGE70,STAGE24_2017_TO_2018,CICIDS2017_TO_IDS2018,bridge70,FLAG_CORRECTED_SOURCE_SEMANTICS,STANDARD,0.5,0.00038550501156515033,0.0013395444043918995,0.003,0.9,1.2888833552830166e-07,FINITE,False,0.9000000000000001
STAGE24_2017_TO_2018_BRIDGE70,STAGE24_2017_TO_2018,CICIDS2017_TO_IDS2018,bridge70,FLAG_CORRECTED_SOURCE_SEMANTICS,STANDARD,0.5,0.00038550501156515033,0.0013395444043918995,0.001,0.1,3.473018122208562e-06,FINITE,False,0.09999999999999999
STAGE24_2017_TO_2018_BRIDGE70,STAGE24_2017_TO_2018,CICIDS2017_TO_IDS2018,bridge70,FLAG_CORRECTED_SOURCE_SEMANTICS,STANDARD,0.5,0.00038550501156515033,0.0013395444043918995,0.001,0.25,1.1576727074028539e-06,FINITE,False,0.25
STAGE24_2017_TO_2018_BRIDGE70,STAGE24_2017_TO_2018,CICIDS2017_TO_IDS2018,bridge70,FLAG_CORRECTED_SOURCE_SEMANTICS,STANDARD,0.5,0.00038550501156515033,0.0013395444043918995,0.001,0.5,3.85890902467618e-07,FINITE,False,0.5
STAGE24_2017_TO_2018_BRIDGE70,STAGE24_2017_TO_2018,CICIDS2017_TO_IDS2018,bridge70,FLAG_CORRECTED_SOURCE_SEMANTICS,STANDARD,0.5,0.00038550501156515033,0.0013395444043918995,0.001,0.75,1.2863030082253933e-07,FINITE,False,0.7499999999999999
STAGE24_2017_TO_2018_BRIDGE70,STAGE24_2017_TO_2018,CICIDS2017_TO_IDS2018,bridge70,FLAG_CORRECTED_SOURCE_SEMANTICS,STANDARD,0.5,0.00038550501156515033,0.0013395444043918995,0.001,0.9,4.287676694084643e-08,FINITE,False,0.9
STAGE24_2017_TO_2018_BRIDGE70,STAGE24_2017_TO_2018,CICIDS2017_TO_IDS2018,bridge70,FLAG_CORRECTED_SOURCE_SEMANTICS,STANDARD,0.5,0.00038550501156515033,0.0013395444043918995,0.0001,0.1,3.4698920932956824e-07,FINITE,False,0.1
STAGE24_2017_TO_2018_BRIDGE70,STAGE24_2017_TO_2018,CICIDS2017_TO_IDS2018,bridge70,FLAG_CORRECTED_SOURCE_SEMANTICS,STANDARD,0.5,0.00038550501156515033,0.0013395444043918995,0.0001,0.25,1.1566306977652274e-07,FINITE,False,0.25
STAGE24_2017_TO_2018_BRIDGE70,STAGE24_2017_TO_2018,CICIDS2017_TO_IDS2018,bridge70,FLAG_CORRECTED_SOURCE_SEMANTICS,STANDARD,0.5,0.00038550501156515033,0.0013395444043918995,0.0001,0.5,3.855435659217425e-08,FINITE,False,0.5
STAGE24_2017_TO_2018_BRIDGE70,STAGE24_2017_TO_2018,CICIDS2017_TO_IDS2018,bridge70,FLAG_CORRECTED_SOURCE_SEMANTICS,STANDARD,0.5,0.00038550501156515033,0.0013395444043918995,0.0001,0.75,1.2851452197391419e-08,FINITE,False,0.75
STAGE24_2017_TO_2018_BRIDGE70,STAGE24_2017_TO_2018,CICIDS2017_TO_IDS2018,bridge70,FLAG_CORRECTED_SOURCE_SEMANTICS,STANDARD,0.5,0.00038550501156515033,0.0013395444043918995,0.0001,0.9,4.283817399130472e-09,FINITE,False,0.9
STAGE24_2017_TO_2018_BRIDGE70,STAGE24_2017_TO_2018,CICIDS2017_TO_IDS2018,bridge70,FLAG_CORRECTED_SOURCE_SEMANTICS,BALANCED,0.18000000715255737,0.0006103829349781547,0.001962282041826898,0.1,0.1,0.0006103829349781546,FINITE,False,0.10000000000000002
STAGE24_2017_TO_2018_BRIDGE70,STAGE24_2017_TO_2018,CICIDS2017_TO_IDS2018,bridge70,FLAG_CORRECTED_SOURCE_SEMANTICS,BALANCED,0.18000000715255737,0.0006103829349781547,0.001962282041826898,0.1,0.25,0.00020346097832605155,FINITE,False,0.25
STAGE24_2017_TO_2018_BRIDGE70,STAGE24_2017_TO_2018,CICIDS2017_TO_IDS2018,bridge70,FLAG_CORRECTED_SOURCE_SEMANTICS,BALANCED,0.18000000715255737,0.0006103829349781547,0.001962282041826898,0.1,0.5,6.782032610868385e-05,FINITE,False,0.5
STAGE24_2017_TO_2018_BRIDGE70,STAGE24_2017_TO_2018,CICIDS2017_TO_IDS2018,bridge70,FLAG_CORRECTED_SOURCE_SEMANTICS,BALANCED,0.18000000715255737,0.0006103829349781547,0.001962282041826898,0.1,0.75,2.2606775369561285e-05,FINITE,False,0.75
STAGE24_2017_TO_2018_BRIDGE70,STAGE24_2017_TO_2018,CICIDS2017_TO_IDS2018,bridge70,FLAG_CORRECTED_SOURCE_SEMANTICS,BALANCED,0.18000000715255737,0.0006103829349781547,0.001962282041826898,0.1,0.9,7.53559178985376e-06,FINITE,False,0.9
STAGE24_2017_TO_2018_BRIDGE70,STAGE24_2017_TO_2018,CICIDS2017_TO_IDS2018,bridge70,FLAG_CORRECTED_SOURCE_SEMANTICS,BALANCED,0.18000000715255737,0.0006103829349781547,0.001962282041826898,0.03,0.1,0.0001699004045815482,FINITE,False,0.1
STAGE24_2017_TO_2018_BRIDGE70,STAGE24_2017_TO_2018,CICIDS2017_TO_IDS2018,bridge70,FLAG_CORRECTED_SOURCE_SEMANTICS,BALANCED,0.18000000715255737,0.0006103829349781547,0.001962282041826898,0.03,0.25,5.6633468193849404e-05,FINITE,False,0.25
STAGE24_2017_TO_2018_BRIDGE70,STAGE24_2017_TO_2018,CICIDS2017_TO_IDS2018,bridge70,FLAG_CORRECTED_SOURCE_SEMANTICS,BALANCED,0.18000000715255737,0.0006103829349781547,0.001962282041826898,0.03,0.5,1.8877822731283135e-05,FINITE,False,0.5
STAGE24_2017_TO_2018_BRIDGE70,STAGE24_2017_TO_2018,CICIDS2017_TO_IDS2018,bridge70,FLAG_CORRECTED_SOURCE_SEMANTICS,BALANCED,0.18000000715255737,0.0006103829349781547,0.001962282041826898,0.03,0.75,6.292607577094378e-06,FINITE,False,0.7500000000000001
STAGE24_2017_TO_2018_BRIDGE70,STAGE24_2017_TO_2018,CICIDS2017_TO_IDS2018,bridge70,FLAG_CORRECTED_SOURCE_SEMANTICS,BALANCED,0.18000000715255737,0.0006103829349781547,0.001962282041826898,0.03,0.9,2.097535859031459e-06,FINITE,False,0.9
STAGE24_2017_TO_2018_BRIDGE70,STAGE24_2017_TO_2018,CICIDS2017_TO_IDS2018,bridge70,FLAG_CORRECTED_SOURCE_SEMANTICS,BALANCED,0.18000000715255737,0.0006103829349781547,0.001962282041826898,0.01,0.1,5.5489357725286794e-05,FINITE,False,0.1
STAGE24_2017_TO_2018_BRIDGE70,STAGE24_2017_TO_2018,CICIDS2017_TO_IDS2018,bridge70,FLAG_CORRECTED_SOURCE_SEMANTICS,BALANCED,0.18000000715255737,0.0006103829349781547,0.001962282041826898,0.01,0.25,1.8496452575095598e-05,FINITE,False,0.25
STAGE24_2017_TO_2018_BRIDGE70,STAGE24_2017_TO_2018,CICIDS2017_TO_IDS2018,bridge70,FLAG_CORRECTED_SOURCE_SEMANTICS,BALANCED,0.18000000715255737,0.0006103829349781547,0.001962282041826898,0.01,0.5,6.165484191698533e-06,FINITE,False,0.5
STAGE24_2017_TO_2018_BRIDGE70,STAGE24_2017_TO_2018,CICIDS2017_TO_IDS2018,bridge70,FLAG_CORRECTED_SOURCE_SEMANTICS,BALANCED,0.18000000715255737,0.0006103829349781547,0.001962282041826898,0.01,0.75,2.0551613972328446e-06,FINITE,False,0.75
STAGE24_2017_TO_2018_BRIDGE70,STAGE24_2017_TO_2018,CICIDS2017_TO_IDS2018,bridge70,FLAG_CORRECTED_SOURCE_SEMANTICS,BALANCED,0.18000000715255737,0.0006103829349781547,0.001962282041826898,0.01,0.9,6.850537990776146e-07,FINITE,False,0.9
STAGE24_2017_TO_2018_BRIDGE70,STAGE24_2017_TO_2018,CICIDS2017_TO_IDS2018,bridge70,FLAG_CORRECTED_SOURCE_SEMANTICS,BALANCED,0.18000000715255737,0.0006103829349781547,0.001962282041826898,0.003,0.1,1.652992903150469e-05,FINITE,False,0.10000000000000002
STAGE24_2017_TO_2018_BRIDGE70,STAGE24_2017_TO_2018,CICIDS2017_TO_IDS2018,bridge70,FLAG_CORRECTED_SOURCE_SEMANTICS,BALANCED,0.18000000715255737,0.0006103829349781547,0.001962282041826898,0.003,0.25,5.5099763438348975e-06,FINITE,False,0.25
STAGE24_2017_TO_2018_BRIDGE70,STAGE24_2017_TO_2018,CICIDS2017_TO_IDS2018,bridge70,FLAG_CORRECTED_SOURCE_SEMANTICS,BALANCED,0.18000000715255737,0.0006103829349781547,0.001962282041826898,0.003,0.5,1.8366587812782992e-06,FINITE,False,0.5
STAGE24_2017_TO_2018_BRIDGE70,STAGE24_2017_TO_2018,CICIDS2017_TO_IDS2018,bridge70,FLAG_CORRECTED_SOURCE_SEMANTICS,BALANCED,0.18000000715255737,0.0006103829349781547,0.001962282041826898,0.003,0.75,6.122195937594331e-07,FINITE,False,0.75
STAGE24_2017_TO_2018_BRIDGE70,STAGE24_2017_TO_2018,CICIDS2017_TO_IDS2018,bridge70,FLAG_CORRECTED_SOURCE_SEMANTICS,BALANCED,0.18000000715255737,0.0006103829349781547,0.001962282041826898,0.003,0.9,2.0407319791981095e-07,FINITE,False,0.9000000000000001
STAGE24_2017_TO_2018_BRIDGE70,STAGE24_2017_TO_2018,CICIDS2017_TO_IDS2018,bridge70,FLAG_CORRECTED_SOURCE_SEMANTICS,BALANCED,0.18000000715255737,0.0006103829349781547,0.001962282041826898,0.001,0.1,5.498945360163556e-06,FINITE,False,0.1
STAGE24_2017_TO_2018_BRIDGE70,STAGE24_2017_TO_2018,CICIDS2017_TO_IDS2018,bridge70,FLAG_CORRECTED_SOURCE_SEMANTICS,BALANCED,0.18000000715255737,0.0006103829349781547,0.001962282041826898,0.001,0.25,1.8329817867211855e-06,FINITE,False,0.25
STAGE24_2017_TO_2018_BRIDGE70,STAGE24_2017_TO_2018,CICIDS2017_TO_IDS2018,bridge70,FLAG_CORRECTED_SOURCE_SEMANTICS,BALANCED,0.18000000715255737,0.0006103829349781547,0.001962282041826898,0.001,0.5,6.109939289070618e-07,FINITE,False,0.5
STAGE24_2017_TO_2018_BRIDGE70,STAGE24_2017_TO_2018,CICIDS2017_TO_IDS2018,bridge70,FLAG_CORRECTED_SOURCE_SEMANTICS,BALANCED,0.18000000715255737,0.0006103829349781547,0.001962282041826898,0.001,0.75,2.036646429690206e-07,FINITE,False,0.75
STAGE24_2017_TO_2018_BRIDGE70,STAGE24_2017_TO_2018,CICIDS2017_TO_IDS2018,bridge70,FLAG_CORRECTED_SOURCE_SEMANTICS,BALANCED,0.18000000715255737,0.0006103829349781547,0.001962282041826898,0.001,0.9,6.788821432300686e-08,FINITE,False,0.8999999999999999
STAGE24_2017_TO_2018_BRIDGE70,STAGE24_2017_TO_2018,CICIDS2017_TO_IDS2018,bridge70,FLAG_CORRECTED_SOURCE_SEMANTICS,BALANCED,0.18000000715255737,0.0006103829349781547,0.001962282041826898,0.0001,0.1,5.493995814384831e-07,FINITE,False,0.1
STAGE24_2017_TO_2018_BRIDGE70,STAGE24_2017_TO_2018,CICIDS2017_TO_IDS2018,bridge70,FLAG_CORRECTED_SOURCE_SEMANTICS,BALANCED,0.18000000715255737,0.0006103829349781547,0.001962282041826898,0.0001,0.25,1.831331938128277e-07,FINITE,False,0.25
STAGE24_2017_TO_2018_BRIDGE70,STAGE24_2017_TO_2018,CICIDS2017_TO_IDS2018,bridge70,FLAG_CORRECTED_SOURCE_SEMANTICS,BALANCED,0.18000000715255737,0.0006103829349781547,0.001962282041826898,0.0001,0.5,6.104439793760924e-08,FINITE,False,0.5
STAGE24_2017_TO_2018_BRIDGE70,STAGE24_2017_TO_2018,CICIDS2017_TO_IDS2018,bridge70,FLAG_CORRECTED_SOURCE_SEMANTICS,BALANCED,0.18000000715255737,0.0006103829349781547,0.001962282041826898,0.0001,0.75,2.0348132645869746e-08,FINITE,False,0.7499999999999999
STAGE24_2017_TO_2018_BRIDGE70,STAGE24_2017_TO_2018,CICIDS2017_TO_IDS2018,bridge70,FLAG_CORRECTED_SOURCE_SEMANTICS,BALANCED,0.18000000715255737,0.0006103829349781547,0.001962282041826898,0.0001,0.9,6.782710881956581e-09,FINITE,False,0.9000000000000001
STAGE24_2017_TO_2018_BRIDGE70,STAGE24_2017_TO_2018,CICIDS2017_TO_IDS2018,bridge70,FLAG_CORRECTED_SOURCE_SEMANTICS,SECURITY,0.05000000074505806,0.0008191981495759444,0.002502238845282621,0.1,0.1,0.0008191981495759444,FINITE,False,0.1
STAGE24_2017_TO_2018_BRIDGE70,STAGE24_2017_TO_2018,CICIDS2017_TO_IDS2018,bridge70,FLAG_CORRECTED_SOURCE_SEMANTICS,SECURITY,0.05000000074505806,0.0008191981495759444,0.002502238845282621,0.1,0.25,0.00027306604985864817,FINITE,False,0.25
STAGE24_2017_TO_2018_BRIDGE70,STAGE24_2017_TO_2018,CICIDS2017_TO_IDS2018,bridge70,FLAG_CORRECTED_SOURCE_SEMANTICS,SECURITY,0.05000000074505806,0.0008191981495759444,0.002502238845282621,0.1,0.5,9.102201661954939e-05,FINITE,False,0.5
STAGE24_2017_TO_2018_BRIDGE70,STAGE24_2017_TO_2018,CICIDS2017_TO_IDS2018,bridge70,FLAG_CORRECTED_SOURCE_SEMANTICS,SECURITY,0.05000000074505806,0.0008191981495759444,0.002502238845282621,0.1,0.75,3.034067220651646e-05,FINITE,False,0.75
STAGE24_2017_TO_2018_BRIDGE70,STAGE24_2017_TO_2018,CICIDS2017_TO_IDS2018,bridge70,FLAG_CORRECTED_SOURCE_SEMANTICS,SECURITY,0.05000000074505806,0.0008191981495759444,0.002502238845282621,0.1,0.9,1.0113557402172151e-05,FINITE,False,0.9
STAGE24_2017_TO_2018_BRIDGE70,STAGE24_2017_TO_2018,CICIDS2017_TO_IDS2018,bridge70,FLAG_CORRECTED_SOURCE_SEMANTICS,SECURITY,0.05000000074505806,0.0008191981495759444,0.002502238845282621,0.03,0.1,0.00022802422720155156,FINITE,False,0.1
STAGE24_2017_TO_2018_BRIDGE70,STAGE24_2017_TO_2018,CICIDS2017_TO_IDS2018,bridge70,FLAG_CORRECTED_SOURCE_SEMANTICS,SECURITY,0.05000000074505806,0.0008191981495759444,0.002502238845282621,0.03,0.25,7.600807573385051e-05,FINITE,False,0.25
STAGE24_2017_TO_2018_BRIDGE70,STAGE24_2017_TO_2018,CICIDS2017_TO_IDS2018,bridge70,FLAG_CORRECTED_SOURCE_SEMANTICS,SECURITY,0.05000000074505806,0.0008191981495759444,0.002502238845282621,0.03,0.5,2.5336025244616838e-05,FINITE,False,0.5
STAGE24_2017_TO_2018_BRIDGE70,STAGE24_2017_TO_2018,CICIDS2017_TO_IDS2018,bridge70,FLAG_CORRECTED_SOURCE_SEMANTICS,SECURITY,0.05000000074505806,0.0008191981495759444,0.002502238845282621,0.03,0.75,8.445341748205613e-06,FINITE,False,0.75
STAGE24_2017_TO_2018_BRIDGE70,STAGE24_2017_TO_2018,CICIDS2017_TO_IDS2018,bridge70,FLAG_CORRECTED_SOURCE_SEMANTICS,SECURITY,0.05000000074505806,0.0008191981495759444,0.002502238845282621,0.03,0.9,2.815113916068537e-06,FINITE,False,0.9
STAGE24_2017_TO_2018_BRIDGE70,STAGE24_2017_TO_2018,CICIDS2017_TO_IDS2018,bridge70,FLAG_CORRECTED_SOURCE_SEMANTICS,SECURITY,0.05000000074505806,0.0008191981495759444,0.002502238845282621,0.01,0.1,7.447255905235859e-05,FINITE,False,0.09999999999999999
STAGE24_2017_TO_2018_BRIDGE70,STAGE24_2017_TO_2018,CICIDS2017_TO_IDS2018,bridge70,FLAG_CORRECTED_SOURCE_SEMANTICS,SECURITY,0.05000000074505806,0.0008191981495759444,0.002502238845282621,0.01,0.25,2.4824186350786193e-05,FINITE,False,0.25
STAGE24_2017_TO_2018_BRIDGE70,STAGE24_2017_TO_2018,CICIDS2017_TO_IDS2018,bridge70,FLAG_CORRECTED_SOURCE_SEMANTICS,SECURITY,0.05000000074505806,0.0008191981495759444,0.002502238845282621,0.01,0.5,8.2747287835954e-06,FINITE,False,0.5
STAGE24_2017_TO_2018_BRIDGE70,STAGE24_2017_TO_2018,CICIDS2017_TO_IDS2018,bridge70,FLAG_CORRECTED_SOURCE_SEMANTICS,SECURITY,0.05000000074505806,0.0008191981495759444,0.002502238845282621,0.01,0.75,2.7582429278651333e-06,FINITE,False,0.7499999999999999
STAGE24_2017_TO_2018_BRIDGE70,STAGE24_2017_TO_2018,CICIDS2017_TO_IDS2018,bridge70,FLAG_CORRECTED_SOURCE_SEMANTICS,SECURITY,0.05000000074505806,0.0008191981495759444,0.002502238845282621,0.01,0.9,9.194143092883774e-07,FINITE,False,0.8999999999999999
STAGE24_2017_TO_2018_BRIDGE70,STAGE24_2017_TO_2018,CICIDS2017_TO_IDS2018,bridge70,FLAG_CORRECTED_SOURCE_SEMANTICS,SECURITY,0.05000000074505806,0.0008191981495759444,0.002502238845282621,0.003,0.1,2.2184904752808927e-05,FINITE,False,0.10000000000000002
STAGE24_2017_TO_2018_BRIDGE70,STAGE24_2017_TO_2018,CICIDS2017_TO_IDS2018,bridge70,FLAG_CORRECTED_SOURCE_SEMANTICS,SECURITY,0.05000000074505806,0.0008191981495759444,0.002502238845282621,0.003,0.25,7.3949682509363095e-06,FINITE,False,0.25
STAGE24_2017_TO_2018_BRIDGE70,STAGE24_2017_TO_2018,CICIDS2017_TO_IDS2018,bridge70,FLAG_CORRECTED_SOURCE_SEMANTICS,SECURITY,0.05000000074505806,0.0008191981495759444,0.002502238845282621,0.003,0.5,2.4649894169787697e-06,FINITE,False,0.5
STAGE24_2017_TO_2018_BRIDGE70,STAGE24_2017_TO_2018,CICIDS2017_TO_IDS2018,bridge70,FLAG_CORRECTED_SOURCE_SEMANTICS,SECURITY,0.05000000074505806,0.0008191981495759444,0.002502238845282621,0.003,0.75,8.216631389929233e-07,FINITE,False,0.75
STAGE24_2017_TO_2018_BRIDGE70,STAGE24_2017_TO_2018,CICIDS2017_TO_IDS2018,bridge70,FLAG_CORRECTED_SOURCE_SEMANTICS,SECURITY,0.05000000074505806,0.0008191981495759444,0.002502238845282621,0.003,0.9,2.7388771299764105e-07,FINITE,False,0.9
STAGE24_2017_TO_2018_BRIDGE70,STAGE24_2017_TO_2018,CICIDS2017_TO_IDS2018,bridge70,FLAG_CORRECTED_SOURCE_SEMANTICS,SECURITY,0.05000000074505806,0.0008191981495759444,0.002502238845282621,0.001,0.1,7.380163509693193e-06,FINITE,False,0.1
STAGE24_2017_TO_2018_BRIDGE70,STAGE24_2017_TO_2018,CICIDS2017_TO_IDS2018,bridge70,FLAG_CORRECTED_SOURCE_SEMANTICS,SECURITY,0.05000000074505806,0.0008191981495759444,0.002502238845282621,0.001,0.25,2.4600545032310644e-06,FINITE,False,0.25
STAGE24_2017_TO_2018_BRIDGE70,STAGE24_2017_TO_2018,CICIDS2017_TO_IDS2018,bridge70,FLAG_CORRECTED_SOURCE_SEMANTICS,SECURITY,0.05000000074505806,0.0008191981495759444,0.002502238845282621,0.001,0.5,8.200181677436882e-07,FINITE,False,0.5
STAGE24_2017_TO_2018_BRIDGE70,STAGE24_2017_TO_2018,CICIDS2017_TO_IDS2018,bridge70,FLAG_CORRECTED_SOURCE_SEMANTICS,SECURITY,0.05000000074505806,0.0008191981495759444,0.002502238845282621,0.001,0.75,2.7333938924789604e-07,FINITE,False,0.75
STAGE24_2017_TO_2018_BRIDGE70,STAGE24_2017_TO_2018,CICIDS2017_TO_IDS2018,bridge70,FLAG_CORRECTED_SOURCE_SEMANTICS,SECURITY,0.05000000074505806,0.0008191981495759444,0.002502238845282621,0.001,0.9,9.111312974929867e-08,FINITE,False,0.9
STAGE24_2017_TO_2018_BRIDGE70,STAGE24_2017_TO_2018,CICIDS2017_TO_IDS2018,bridge70,FLAG_CORRECTED_SOURCE_SEMANTICS,SECURITY,0.05000000074505806,0.0008191981495759444,0.002502238845282621,0.0001,0.1,7.373520698253325e-07,FINITE,False,0.09999999999999999
STAGE24_2017_TO_2018_BRIDGE70,STAGE24_2017_TO_2018,CICIDS2017_TO_IDS2018,bridge70,FLAG_CORRECTED_SOURCE_SEMANTICS,SECURITY,0.05000000074505806,0.0008191981495759444,0.002502238845282621,0.0001,0.25,2.4578402327511085e-07,FINITE,False,0.25
STAGE24_2017_TO_2018_BRIDGE70,STAGE24_2017_TO_2018,CICIDS2017_TO_IDS2018,bridge70,FLAG_CORRECTED_SOURCE_SEMANTICS,SECURITY,0.05000000074505806,0.0008191981495759444,0.002502238845282621,0.0001,0.5,8.192800775837028e-08,FINITE,False,0.5
STAGE24_2017_TO_2018_BRIDGE70,STAGE24_2017_TO_2018,CICIDS2017_TO_IDS2018,bridge70,FLAG_CORRECTED_SOURCE_SEMANTICS,SECURITY,0.05000000074505806,0.0008191981495759444,0.002502238845282621,0.0001,0.75,2.7309335919456763e-08,FINITE,False,0.7499999999999999
STAGE24_2017_TO_2018_BRIDGE70,STAGE24_2017_TO_2018,CICIDS2017_TO_IDS2018,bridge70,FLAG_CORRECTED_SOURCE_SEMANTICS,SECURITY,0.05000000074505806,0.0008191981495759444,0.002502238845282621,0.0001,0.9,9.103111973152252e-09,FINITE,False,0.9
