case_id,selected_for_model,model_display,selected_outcome,models_disagree,explanation_seed,rank,feature_index,feature_name,raw_feature_value,weight,absolute_weight,direction
LIGHTGBM_FN_01,lightgbm,LightGBM,FN,False,137700,1,66,Init Fwd Win Byts,8192.0,-0.1281703655616734,0.1281703655616734,supports_benign
LIGHTGBM_FN_01,lightgbm,LightGBM,FN,False,137700,2,7,Fwd Pkt Len Max,432.0,-0.03590823401315922,0.03590823401315922,supports_benign
LIGHTGBM_FN_01,lightgbm,LightGBM,FN,False,137700,3,19,Flow IAT Max,10000000.0,-0.030484517936428708,0.030484517936428708,supports_benign
LIGHTGBM_FN_01,lightgbm,LightGBM,FN,False,137700,4,76,Idle Max,10000000.0,0.024094535826824106,0.024094535826824106,supports_attack
LIGHTGBM_FN_01,lightgbm,LightGBM,FN,False,137700,5,37,Fwd Pkts/s,0.138461476,0.020855505976240498,0.020855505976240498,supports_attack
LIGHTGBM_FN_01,lightgbm,LightGBM,FN,False,137700,6,25,Fwd IAT Min,5195.0,-0.020103693109067518,0.020103693109067518,supports_benign
LIGHTGBM_FN_01,lightgbm,LightGBM,FN,False,137700,7,24,Fwd IAT Max,10100000.0,-0.016626172710612872,0.016626172710612872,supports_benign
LIGHTGBM_FN_01,lightgbm,LightGBM,FN,False,137700,8,26,Bwd IAT Tot,111000000.0,-0.016520967431460656,0.016520967431460656,supports_benign
LIGHTGBM_FN_01,lightgbm,LightGBM,FN,False,137700,9,13,Bwd Pkt Len Mean,50.42857143,0.0163260232380648,0.0163260232380648,supports_attack
LIGHTGBM_FN_01,lightgbm,LightGBM,FN,False,137700,10,22,Fwd IAT Mean,7703707.2,-0.014927096363186405,0.014927096363186405,supports_benign
LIGHTGBM_FN_01,lightgbm,LightGBM,FN,False,137700,11,77,Idle Min,9952941.0,0.009795158818811035,0.009795158818811035,supports_attack
LIGHTGBM_FN_01,lightgbm,LightGBM,FN,False,137700,12,27,Bwd IAT Mean,8567961.462,0.009647503850682419,0.009647503850682419,supports_attack
LIGHTGBM_FN_01,lightgbm,LightGBM,FN,False,137700,13,2,Flow Duration,115555608.0,-0.005903229760204251,0.005903229760204251,supports_benign
LIGHTGBM_FN_01,lightgbm,LightGBM,FN,False,137700,14,21,Fwd IAT Tot,116000000.0,0.002588600003994636,0.002588600003994636,supports_attack
LIGHTGBM_FN_01,lightgbm,LightGBM,FN,False,137700,15,46,RST Flag Cnt,1.0,0.002411936517845201,0.002411936517845201,supports_attack
LIGHTGBM_FN_02,lightgbm,LightGBM,FN,False,137701,1,66,Init Fwd Win Byts,-1.0,-0.09539435397844713,0.09539435397844713,supports_benign
LIGHTGBM_FN_02,lightgbm,LightGBM,FN,False,137701,2,51,ECE Flag Cnt,0.0,0.042664086237153995,0.042664086237153995,supports_attack
LIGHTGBM_FN_02,lightgbm,LightGBM,FN,False,137701,3,46,RST Flag Cnt,0.0,0.041973006165878686,0.041973006165878686,supports_attack
LIGHTGBM_FN_02,lightgbm,LightGBM,FN,False,137701,4,19,Flow IAT Max,1656617.0,-0.03435713557847537,0.03435713557847537,supports_benign
LIGHTGBM_FN_02,lightgbm,LightGBM,FN,False,137701,5,0,Dst Port,53.0,0.02765871915867927,0.02765871915867927,supports_attack
LIGHTGBM_FN_02,lightgbm,LightGBM,FN,False,137701,6,7,Fwd Pkt Len Max,37.0,-0.023419209684681763,0.023419209684681763,supports_benign
LIGHTGBM_FN_02,lightgbm,LightGBM,FN,False,137701,7,37,Fwd Pkts/s,1.206242789,0.019641222356853574,0.019641222356853574,supports_attack
LIGHTGBM_FN_02,lightgbm,LightGBM,FN,False,137701,8,2,Flow Duration,1658041.0,-0.014014210067161557,0.014014210067161557,supports_benign
LIGHTGBM_FN_02,lightgbm,LightGBM,FN,False,137701,9,13,Bwd Pkt Len Mean,165.0,0.013495486313800356,0.013495486313800356,supports_attack
LIGHTGBM_FN_02,lightgbm,LightGBM,FN,False,137701,10,42,Pkt Len Std,70.10848736,0.013432394247303808,0.013432394247303808,supports_attack
LIGHTGBM_FN_02,lightgbm,LightGBM,FN,False,137701,11,55,Bwd Seg Size Avg,165.0,0.013226704002587821,0.013226704002587821,supports_attack
LIGHTGBM_FN_02,lightgbm,LightGBM,FN,False,137701,12,39,Pkt Len Min,37.0,0.0108300439061367,0.0108300439061367,supports_attack
LIGHTGBM_FN_02,lightgbm,LightGBM,FN,False,137701,13,69,Fwd Seg Size Min,8.0,0.006043369648059178,0.006043369648059178,supports_attack
LIGHTGBM_FN_02,lightgbm,LightGBM,FN,False,137701,14,8,Fwd Pkt Len Min,37.0,-0.0059917716666798935,0.0059917716666798935,supports_benign
LIGHTGBM_FN_02,lightgbm,LightGBM,FN,False,137701,15,1,Protocol,17.0,0.002164272527310335,0.002164272527310335,supports_attack
LIGHTGBM_FN_03,lightgbm,LightGBM,FN,False,137702,1,66,Init Fwd Win Byts,-1.0,-0.09061082412606028,0.09061082412606028,supports_benign
LIGHTGBM_FN_03,lightgbm,LightGBM,FN,False,137702,2,19,Flow IAT Max,16000000.0,-0.03133399707071631,0.03133399707071631,supports_benign
LIGHTGBM_FN_03,lightgbm,LightGBM,FN,False,137702,3,37,Fwd Pkts/s,0.62009248,0.030812537513890275,0.030812537513890275,supports_attack
LIGHTGBM_FN_03,lightgbm,LightGBM,FN,False,137702,4,51,ECE Flag Cnt,0.0,0.029499747831775378,0.029499747831775378,supports_attack
LIGHTGBM_FN_03,lightgbm,LightGBM,FN,False,137702,5,46,RST Flag Cnt,0.0,0.027435553777625483,0.027435553777625483,supports_attack
LIGHTGBM_FN_03,lightgbm,LightGBM,FN,False,137702,6,76,Idle Max,16000000.0,0.025386776106336804,0.025386776106336804,supports_attack
LIGHTGBM_FN_03,lightgbm,LightGBM,FN,False,137702,7,13,Bwd Pkt Len Mean,0.0,0.021294351416303064,0.021294351416303064,supports_attack
LIGHTGBM_FN_03,lightgbm,LightGBM,FN,False,137702,8,67,Init Bwd Win Byts,-1.0,0.01717597881883266,0.01717597881883266,supports_attack
LIGHTGBM_FN_03,lightgbm,LightGBM,FN,False,137702,9,7,Fwd Pkt Len Max,0.0,-0.016707120559938,0.016707120559938,supports_benign
LIGHTGBM_FN_03,lightgbm,LightGBM,FN,False,137702,10,55,Bwd Seg Size Avg,0.0,0.015673750679447852,0.015673750679447852,supports_attack
LIGHTGBM_FN_03,lightgbm,LightGBM,FN,False,137702,11,24,Fwd IAT Max,16000000.0,-0.014164100250539479,0.014164100250539479,supports_benign
LIGHTGBM_FN_03,lightgbm,LightGBM,FN,False,137702,12,21,Fwd IAT Tot,95100000.0,-0.0036973587347993286,0.0036973587347993286,supports_benign
LIGHTGBM_FN_03,lightgbm,LightGBM,FN,False,137702,13,73,Active Min,74100000.0,-0.002232264728535108,0.002232264728535108,supports_benign
LIGHTGBM_FN_03,lightgbm,LightGBM,FN,False,137702,14,72,Active Max,74100000.0,-0.0016251024486557864,0.0016251024486557864,supports_benign
LIGHTGBM_FN_03,lightgbm,LightGBM,FN,False,137702,15,70,Active Mean,74100000.0,0.0014741236315885672,0.0014741236315885672,supports_attack
LIGHTGBM_FN_04,lightgbm,LightGBM,FN,False,137703,1,66,Init Fwd Win Byts,-1.0,-0.10152781986720424,0.10152781986720424,supports_benign
LIGHTGBM_FN_04,lightgbm,LightGBM,FN,False,137703,2,51,ECE Flag Cnt,0.0,0.040737226339285615,0.040737226339285615,supports_attack
LIGHTGBM_FN_04,lightgbm,LightGBM,FN,False,137703,3,46,RST Flag Cnt,0.0,0.03894037027196198,0.03894037027196198,supports_attack
LIGHTGBM_FN_04,lightgbm,LightGBM,FN,False,137703,4,19,Flow IAT Max,452.0,-0.031243685569156982,0.031243685569156982,supports_benign
LIGHTGBM_FN_04,lightgbm,LightGBM,FN,False,137703,5,37,Fwd Pkts/s,2212.389381,0.02277625357682249,0.02277625357682249,supports_attack
LIGHTGBM_FN_04,lightgbm,LightGBM,FN,False,137703,6,7,Fwd Pkt Len Max,36.0,-0.02175074397258237,0.02175074397258237,supports_benign
LIGHTGBM_FN_04,lightgbm,LightGBM,FN,False,137703,7,13,Bwd Pkt Len Mean,52.0,0.021273162969396294,0.021273162969396294,supports_attack
LIGHTGBM_FN_04,lightgbm,LightGBM,FN,False,137703,8,55,Bwd Seg Size Avg,52.0,0.01621728750142601,0.01621728750142601,supports_attack
LIGHTGBM_FN_04,lightgbm,LightGBM,FN,False,137703,9,2,Flow Duration,452.0,-0.015320412454963038,0.015320412454963038,supports_benign
LIGHTGBM_FN_04,lightgbm,LightGBM,FN,False,137703,10,11,Bwd Pkt Len Max,52.0,-0.009727805146701636,0.009727805146701636,supports_benign
LIGHTGBM_FN_04,lightgbm,LightGBM,FN,False,137703,11,39,Pkt Len Min,36.0,0.009180265326818475,0.009180265326818475,supports_attack
LIGHTGBM_FN_04,lightgbm,LightGBM,FN,False,137703,12,0,Dst Port,53.0,0.009146033954818503,0.009146033954818503,supports_attack
LIGHTGBM_FN_04,lightgbm,LightGBM,FN,False,137703,13,8,Fwd Pkt Len Min,36.0,-0.008706885416150457,0.008706885416150457,supports_benign
LIGHTGBM_FN_04,lightgbm,LightGBM,FN,False,137703,14,69,Fwd Seg Size Min,8.0,0.007686535872686293,0.007686535872686293,supports_attack
LIGHTGBM_FN_04,lightgbm,LightGBM,FN,False,137703,15,48,ACK Flag Cnt,0.0,-0.007106579802378168,0.007106579802378168,supports_benign
LIGHTGBM_FN_05,lightgbm,LightGBM,FN,False,137704,1,66,Init Fwd Win Byts,8192.0,-0.14127791973591444,0.14127791973591444,supports_benign
LIGHTGBM_FN_05,lightgbm,LightGBM,FN,False,137704,2,51,ECE Flag Cnt,0.0,0.040623392682752064,0.040623392682752064,supports_attack
LIGHTGBM_FN_05,lightgbm,LightGBM,FN,False,137704,3,46,RST Flag Cnt,0.0,0.0278943332370875,0.0278943332370875,supports_attack
LIGHTGBM_FN_05,lightgbm,LightGBM,FN,False,137704,4,19,Flow IAT Max,174127.0,-0.02736518342746568,0.02736518342746568,supports_benign
LIGHTGBM_FN_05,lightgbm,LightGBM,FN,False,137704,5,7,Fwd Pkt Len Max,140.0,-0.027001689475787464,0.027001689475787464,supports_benign
LIGHTGBM_FN_05,lightgbm,LightGBM,FN,False,137704,6,69,Fwd Seg Size Min,20.0,0.02395827718618012,0.02395827718618012,supports_attack
LIGHTGBM_FN_05,lightgbm,LightGBM,FN,False,137704,7,13,Bwd Pkt Len Mean,43.0,0.021559103048919885,0.021559103048919885,supports_attack
LIGHTGBM_FN_05,lightgbm,LightGBM,FN,False,137704,8,37,Fwd Pkts/s,9.581829785,0.019303596406769537,0.019303596406769537,supports_attack
LIGHTGBM_FN_05,lightgbm,LightGBM,FN,False,137704,9,25,Fwd IAT Min,76.0,-0.01562570503386162,0.01562570503386162,supports_benign
LIGHTGBM_FN_05,lightgbm,LightGBM,FN,False,137704,10,55,Bwd Seg Size Avg,43.0,0.013390172686900995,0.013390172686900995,supports_attack
LIGHTGBM_FN_05,lightgbm,LightGBM,FN,False,137704,11,53,Pkt Size Avg,60.55555556,0.012889549045214452,0.012889549045214452,supports_attack
LIGHTGBM_FN_05,lightgbm,LightGBM,FN,False,137704,12,48,ACK Flag Cnt,0.0,-0.010855069834940835,0.010855069834940835,supports_benign
LIGHTGBM_FN_05,lightgbm,LightGBM,FN,False,137704,13,38,Bwd Pkts/s,7.665463828,-0.009517288530343535,0.009517288530343535,supports_benign
LIGHTGBM_FN_05,lightgbm,LightGBM,FN,False,137704,14,42,Pkt Len Std,64.19804428,0.00842168416278858,0.00842168416278858,supports_attack
LIGHTGBM_FN_05,lightgbm,LightGBM,FN,False,137704,15,40,Pkt Len Max,140.0,-0.006622076234625842,0.006622076234625842,supports_benign
LIGHTGBM_FN_06,lightgbm,LightGBM,FN,False,137705,1,66,Init Fwd Win Byts,-1.0,-0.09564017297165088,0.09564017297165088,supports_benign
LIGHTGBM_FN_06,lightgbm,LightGBM,FN,False,137705,2,51,ECE Flag Cnt,0.0,0.04643013313214106,0.04643013313214106,supports_attack
LIGHTGBM_FN_06,lightgbm,LightGBM,FN,False,137705,3,46,RST Flag Cnt,0.0,0.04091763203355983,0.04091763203355983,supports_attack
LIGHTGBM_FN_06,lightgbm,LightGBM,FN,False,137705,4,19,Flow IAT Max,1083.0,-0.031437589069178644,0.031437589069178644,supports_benign
LIGHTGBM_FN_06,lightgbm,LightGBM,FN,False,137705,5,7,Fwd Pkt Len Max,37.0,-0.02585070124843305,0.02585070124843305,supports_benign
LIGHTGBM_FN_06,lightgbm,LightGBM,FN,False,137705,6,37,Fwd Pkts/s,923.3610342,0.019848829764897196,0.019848829764897196,supports_attack
LIGHTGBM_FN_06,lightgbm,LightGBM,FN,False,137705,7,0,Dst Port,53.0,0.018457864033883716,0.018457864033883716,supports_attack
LIGHTGBM_FN_06,lightgbm,LightGBM,FN,False,137705,8,2,Flow Duration,1083.0,-0.01340282728836232,0.01340282728836232,supports_benign
LIGHTGBM_FN_06,lightgbm,LightGBM,FN,False,137705,9,48,ACK Flag Cnt,0.0,-0.011365429355730943,0.011365429355730943,supports_benign
LIGHTGBM_FN_06,lightgbm,LightGBM,FN,False,137705,10,8,Fwd Pkt Len Min,37.0,-0.010487603215305508,0.010487603215305508,supports_benign
LIGHTGBM_FN_06,lightgbm,LightGBM,FN,False,137705,11,42,Pkt Len Std,48.49742261,0.010225397802041621,0.010225397802041621,supports_attack
LIGHTGBM_FN_06,lightgbm,LightGBM,FN,False,137705,12,39,Pkt Len Min,37.0,0.009065164874809632,0.009065164874809632,supports_attack
LIGHTGBM_FN_06,lightgbm,LightGBM,FN,False,137705,13,69,Fwd Seg Size Min,8.0,0.005136545522220956,0.005136545522220956,supports_attack
LIGHTGBM_FN_06,lightgbm,LightGBM,FN,False,137705,14,12,Bwd Pkt Len Min,121.0,0.004430785248030177,0.004430785248030177,supports_attack
LIGHTGBM_FN_06,lightgbm,LightGBM,FN,False,137705,15,1,Protocol,17.0,0.0036761928286565457,0.0036761928286565457,supports_attack
LIGHTGBM_FN_07,lightgbm,LightGBM,FN,False,137706,1,66,Init Fwd Win Byts,-1.0,-0.10039496190415825,0.10039496190415825,supports_benign
LIGHTGBM_FN_07,lightgbm,LightGBM,FN,False,137706,2,51,ECE Flag Cnt,0.0,0.04464590478746999,0.04464590478746999,supports_attack
LIGHTGBM_FN_07,lightgbm,LightGBM,FN,False,137706,3,46,RST Flag Cnt,0.0,0.039479957698098485,0.039479957698098485,supports_attack
LIGHTGBM_FN_07,lightgbm,LightGBM,FN,False,137706,4,19,Flow IAT Max,2330.0,-0.029335823551554764,0.029335823551554764,supports_benign
LIGHTGBM_FN_07,lightgbm,LightGBM,FN,False,137706,5,0,Dst Port,53.0,0.025086625325761686,0.025086625325761686,supports_attack
LIGHTGBM_FN_07,lightgbm,LightGBM,FN,False,137706,6,7,Fwd Pkt Len Max,40.0,-0.022543493422752352,0.022543493422752352,supports_benign
LIGHTGBM_FN_07,lightgbm,LightGBM,FN,False,137706,7,37,Fwd Pkts/s,429.1845494,0.021205455645718654,0.021205455645718654,supports_attack
LIGHTGBM_FN_07,lightgbm,LightGBM,FN,False,137706,8,13,Bwd Pkt Len Mean,139.0,0.020958013548566173,0.020958013548566173,supports_attack
LIGHTGBM_FN_07,lightgbm,LightGBM,FN,False,137706,9,55,Bwd Seg Size Avg,139.0,0.01547706671920622,0.01547706671920622,supports_attack
LIGHTGBM_FN_07,lightgbm,LightGBM,FN,False,137706,10,2,Flow Duration,2330.0,-0.013662904278275123,0.013662904278275123,supports_benign
LIGHTGBM_FN_07,lightgbm,LightGBM,FN,False,137706,11,48,ACK Flag Cnt,0.0,-0.01351355668598747,0.01351355668598747,supports_benign
LIGHTGBM_FN_07,lightgbm,LightGBM,FN,False,137706,12,42,Pkt Len Std,57.15767665,0.010536532832646958,0.010536532832646958,supports_attack
LIGHTGBM_FN_07,lightgbm,LightGBM,FN,False,137706,13,39,Pkt Len Min,40.0,0.010227915940952645,0.010227915940952645,supports_attack
LIGHTGBM_FN_07,lightgbm,LightGBM,FN,False,137706,14,67,Init Bwd Win Byts,-1.0,0.009781497886543578,0.009781497886543578,supports_attack
LIGHTGBM_FN_07,lightgbm,LightGBM,FN,False,137706,15,8,Fwd Pkt Len Min,40.0,-0.0068994100077079245,0.0068994100077079245,supports_benign
LIGHTGBM_FN_08,lightgbm,LightGBM,FN,False,137707,1,66,Init Fwd Win Byts,260.0,-0.07056935911128735,0.07056935911128735,supports_benign
LIGHTGBM_FN_08,lightgbm,LightGBM,FN,False,137707,2,20,Flow IAT Min,98.0,0.03389960353968346,0.03389960353968346,supports_attack
LIGHTGBM_FN_08,lightgbm,LightGBM,FN,False,137707,3,55,Bwd Seg Size Avg,0.0,0.03042770970461422,0.03042770970461422,supports_attack
LIGHTGBM_FN_08,lightgbm,LightGBM,FN,False,137707,4,0,Dst Port,49697.0,0.030103536608808063,0.030103536608808063,supports_attack
LIGHTGBM_FN_08,lightgbm,LightGBM,FN,False,137707,5,19,Flow IAT Max,98.0,-0.029123526114582916,0.029123526114582916,supports_benign
LIGHTGBM_FN_08,lightgbm,LightGBM,FN,False,137707,6,51,ECE Flag Cnt,0.0,0.02750391841844877,0.02750391841844877,supports_attack
LIGHTGBM_FN_08,lightgbm,LightGBM,FN,False,137707,7,46,RST Flag Cnt,0.0,0.022606880304329606,0.022606880304329606,supports_attack
LIGHTGBM_FN_08,lightgbm,LightGBM,FN,False,137707,8,67,Init Bwd Win Byts,-1.0,0.020221519247929087,0.020221519247929087,supports_attack
LIGHTGBM_FN_08,lightgbm,LightGBM,FN,False,137707,9,42,Pkt Len Std,0.0,0.013208289035261552,0.013208289035261552,supports_attack
LIGHTGBM_FN_08,lightgbm,LightGBM,FN,False,137707,10,53,Pkt Size Avg,0.0,0.013136652976908195,0.013136652976908195,supports_attack
LIGHTGBM_FN_08,lightgbm,LightGBM,FN,False,137707,11,13,Bwd Pkt Len Mean,0.0,0.012594978925350797,0.012594978925350797,supports_attack
LIGHTGBM_FN_08,lightgbm,LightGBM,FN,False,137707,12,7,Fwd Pkt Len Max,0.0,-0.012338738231802513,0.012338738231802513,supports_benign
LIGHTGBM_FN_08,lightgbm,LightGBM,FN,False,137707,13,47,PSH Flag Cnt,0.0,0.009566535614285955,0.009566535614285955,supports_attack
LIGHTGBM_FN_08,lightgbm,LightGBM,FN,False,137707,14,10,Fwd Pkt Len Std,0.0,-0.006783652911309649,0.006783652911309649,supports_benign
LIGHTGBM_FN_08,lightgbm,LightGBM,FN,False,137707,15,48,ACK Flag Cnt,1.0,-0.005928667094733751,0.005928667094733751,supports_benign
LIGHTGBM_FP_01,lightgbm,LightGBM,FP,True,137708,1,7,Fwd Pkt Len Max,677.0,-0.11946754315572411,0.11946754315572411,supports_benign
LIGHTGBM_FP_01,lightgbm,LightGBM,FP,True,137708,2,66,Init Fwd Win Byts,8192.0,-0.10026497258807351,0.10026497258807351,supports_benign
LIGHTGBM_FP_01,lightgbm,LightGBM,FP,True,137708,3,51,ECE Flag Cnt,0.0,0.034515203155558345,0.034515203155558345,supports_attack
LIGHTGBM_FP_01,lightgbm,LightGBM,FP,True,137708,4,69,Fwd Seg Size Min,20.0,0.022268987471385372,0.022268987471385372,supports_attack
LIGHTGBM_FP_01,lightgbm,LightGBM,FP,True,137708,5,46,RST Flag Cnt,0.0,0.020782737308299916,0.020782737308299916,supports_attack
LIGHTGBM_FP_01,lightgbm,LightGBM,FP,True,137708,6,10,Fwd Pkt Len Std,228.1296624,-0.019373001741721924,0.019373001741721924,supports_benign
LIGHTGBM_FP_01,lightgbm,LightGBM,FP,True,137708,7,0,Dst Port,3389.0,0.018865757766285813,0.018865757766285813,supports_attack
LIGHTGBM_FP_01,lightgbm,LightGBM,FP,True,137708,8,19,Flow IAT Max,968896.0,-0.015244772611784297,0.015244772611784297,supports_benign
LIGHTGBM_FP_01,lightgbm,LightGBM,FP,True,137708,9,37,Fwd Pkts/s,5.711287288,0.014122319665000185,0.014122319665000185,supports_attack
LIGHTGBM_FP_01,lightgbm,LightGBM,FP,True,137708,10,53,Pkt Size Avg,181.9333333,0.010645240499234652,0.010645240499234652,supports_attack
LIGHTGBM_FP_01,lightgbm,LightGBM,FP,True,137708,11,40,Pkt Len Max,1173.0,0.006253831888818504,0.006253831888818504,supports_attack
LIGHTGBM_FP_01,lightgbm,LightGBM,FP,True,137708,12,43,Pkt Len Var,102037.5958,0.0057300681036731105,0.0057300681036731105,supports_attack
LIGHTGBM_FP_01,lightgbm,LightGBM,FP,True,137708,13,14,Bwd Pkt Len Std,430.0986044,-0.003426762210200299,0.003426762210200299,supports_benign
LIGHTGBM_FP_01,lightgbm,LightGBM,FP,True,137708,14,67,Init Bwd Win Byts,62852.0,-0.0020749563573960184,0.0020749563573960184,supports_benign
LIGHTGBM_FP_01,lightgbm,LightGBM,FP,True,137708,15,11,Bwd Pkt Len Max,1173.0,-0.001762996744990979,0.001762996744990979,supports_benign
LIGHTGBM_FP_02,lightgbm,LightGBM,FP,True,137709,1,66,Init Fwd Win Byts,8192.0,-0.12540425800195046,0.12540425800195046,supports_benign
LIGHTGBM_FP_02,lightgbm,LightGBM,FP,True,137709,2,7,Fwd Pkt Len Max,661.0,-0.11064702450275783,0.11064702450275783,supports_benign
LIGHTGBM_FP_02,lightgbm,LightGBM,FP,True,137709,3,10,Fwd Pkt Len Std,222.6233206,-0.020391295026472227,0.020391295026472227,supports_benign
LIGHTGBM_FP_02,lightgbm,LightGBM,FP,True,137709,4,37,Fwd Pkts/s,0.402790553,0.019164262308771055,0.019164262308771055,supports_attack
LIGHTGBM_FP_02,lightgbm,LightGBM,FP,True,137709,5,26,Bwd IAT Tot,19800000.0,0.01860629507956323,0.01860629507956323,supports_attack
LIGHTGBM_FP_02,lightgbm,LightGBM,FP,True,137709,6,40,Pkt Len Max,1173.0,0.015638333419569054,0.015638333419569054,supports_attack
LIGHTGBM_FP_02,lightgbm,LightGBM,FP,True,137709,7,2,Flow Duration,19861439.0,-0.01531480462843591,0.01531480462843591,supports_benign
LIGHTGBM_FP_02,lightgbm,LightGBM,FP,True,137709,8,53,Pkt Size Avg,142.5789474,0.013328170148316078,0.013328170148316078,supports_attack
LIGHTGBM_FP_02,lightgbm,LightGBM,FP,True,137709,9,29,Bwd IAT Max,7147020.0,0.006466912338716375,0.006466912338716375,supports_attack
LIGHTGBM_FP_02,lightgbm,LightGBM,FP,True,137709,10,67,Init Bwd Win Byts,62872.0,-0.00434414493891489,0.00434414493891489,supports_benign
LIGHTGBM_FP_02,lightgbm,LightGBM,FP,True,137709,11,51,ECE Flag Cnt,1.0,0.003198221874493232,0.003198221874493232,supports_attack
LIGHTGBM_FP_02,lightgbm,LightGBM,FP,True,137709,12,72,Active Max,7353610.0,-0.003069716231183631,0.003069716231183631,supports_benign
LIGHTGBM_FP_02,lightgbm,LightGBM,FP,True,137709,13,47,PSH Flag Cnt,1.0,-0.003036772583011801,0.003036772583011801,supports_benign
LIGHTGBM_FP_02,lightgbm,LightGBM,FP,True,137709,14,71,Active Std,5047754.589,0.0028369870885300375,0.0028369870885300375,supports_attack
LIGHTGBM_FP_02,lightgbm,LightGBM,FP,True,137709,15,11,Bwd Pkt Len Max,1173.0,0.002359232825366927,0.002359232825366927,supports_attack
LIGHTGBM_FP_03,lightgbm,LightGBM,FP,True,137710,1,66,Init Fwd Win Byts,-1.0,-0.10514184351896248,0.10514184351896248,supports_benign
LIGHTGBM_FP_03,lightgbm,LightGBM,FP,True,137710,2,51,ECE Flag Cnt,0.0,0.040479844807749375,0.040479844807749375,supports_attack
LIGHTGBM_FP_03,lightgbm,LightGBM,FP,True,137710,3,46,RST Flag Cnt,0.0,0.03664310872433102,0.03664310872433102,supports_attack
LIGHTGBM_FP_03,lightgbm,LightGBM,FP,True,137710,4,19,Flow IAT Max,256.0,-0.03195028436368345,0.03195028436368345,supports_benign
LIGHTGBM_FP_03,lightgbm,LightGBM,FP,True,137710,5,37,Fwd Pkts/s,3906.25,0.02777544838558479,0.02777544838558479,supports_attack
LIGHTGBM_FP_03,lightgbm,LightGBM,FP,True,137710,6,13,Bwd Pkt Len Mean,58.0,0.025510135413306698,0.025510135413306698,supports_attack
LIGHTGBM_FP_03,lightgbm,LightGBM,FP,True,137710,7,7,Fwd Pkt Len Max,42.0,-0.022910577726548278,0.022910577726548278,supports_benign
LIGHTGBM_FP_03,lightgbm,LightGBM,FP,True,137710,8,25,Fwd IAT Min,0.0,-0.021203343154109634,0.021203343154109634,supports_benign
LIGHTGBM_FP_03,lightgbm,LightGBM,FP,True,137710,9,55,Bwd Seg Size Avg,58.0,0.016988333545467776,0.016988333545467776,supports_attack
LIGHTGBM_FP_03,lightgbm,LightGBM,FP,True,137710,10,2,Flow Duration,256.0,-0.014334971527015839,0.014334971527015839,supports_benign
LIGHTGBM_FP_03,lightgbm,LightGBM,FP,True,137710,11,0,Dst Port,53.0,0.009908107401925085,0.009908107401925085,supports_attack
LIGHTGBM_FP_03,lightgbm,LightGBM,FP,True,137710,12,48,ACK Flag Cnt,0.0,-0.007758077737590263,0.007758077737590263,supports_benign
LIGHTGBM_FP_03,lightgbm,LightGBM,FP,True,137710,13,39,Pkt Len Min,42.0,0.005404476130431955,0.005404476130431955,supports_attack
LIGHTGBM_FP_03,lightgbm,LightGBM,FP,True,137710,14,12,Bwd Pkt Len Min,58.0,0.0038916261736249057,0.0038916261736249057,supports_attack
LIGHTGBM_FP_03,lightgbm,LightGBM,FP,True,137710,15,69,Fwd Seg Size Min,8.0,0.0033888947215487846,0.0033888947215487846,supports_attack
LIGHTGBM_FP_04,lightgbm,LightGBM,FP,True,137711,1,66,Init Fwd Win Byts,1204.0,-0.08041746637156669,0.08041746637156669,supports_benign
LIGHTGBM_FP_04,lightgbm,LightGBM,FP,True,137711,2,20,Flow IAT Min,32.0,0.03784361395499775,0.03784361395499775,supports_attack
LIGHTGBM_FP_04,lightgbm,LightGBM,FP,True,137711,3,0,Dst Port,52569.0,0.03756170901754531,0.03756170901754531,supports_attack
LIGHTGBM_FP_04,lightgbm,LightGBM,FP,True,137711,4,55,Bwd Seg Size Avg,0.0,0.03173520875478137,0.03173520875478137,supports_attack
LIGHTGBM_FP_04,lightgbm,LightGBM,FP,True,137711,5,51,ECE Flag Cnt,0.0,0.0294552105084251,0.0294552105084251,supports_attack
LIGHTGBM_FP_04,lightgbm,LightGBM,FP,True,137711,6,19,Flow IAT Max,5378.0,-0.026698473160254234,0.026698473160254234,supports_benign
LIGHTGBM_FP_04,lightgbm,LightGBM,FP,True,137711,7,46,RST Flag Cnt,0.0,0.021623539234932314,0.021623539234932314,supports_attack
LIGHTGBM_FP_04,lightgbm,LightGBM,FP,True,137711,8,7,Fwd Pkt Len Max,31.0,-0.016896308053029822,0.016896308053029822,supports_benign
LIGHTGBM_FP_04,lightgbm,LightGBM,FP,True,137711,9,67,Init Bwd Win Byts,0.0,0.016604847654576625,0.016604847654576625,supports_attack
LIGHTGBM_FP_04,lightgbm,LightGBM,FP,True,137711,10,13,Bwd Pkt Len Mean,0.0,0.01606110926530675,0.01606110926530675,supports_attack
LIGHTGBM_FP_04,lightgbm,LightGBM,FP,True,137711,11,42,Pkt Len Std,13.8636214605,0.015281735181574628,0.015281735181574628,supports_attack
LIGHTGBM_FP_04,lightgbm,LightGBM,FP,True,137711,12,38,Bwd Pkts/s,183.7559720691,-0.014033389946364138,0.014033389946364138,supports_benign
LIGHTGBM_FP_04,lightgbm,LightGBM,FP,True,137711,13,53,Pkt Size Avg,7.75,0.011082800764083621,0.011082800764083621,supports_attack
LIGHTGBM_FP_04,lightgbm,LightGBM,FP,True,137711,14,47,PSH Flag Cnt,0.0,0.009073282446874189,0.009073282446874189,supports_attack
LIGHTGBM_FP_04,lightgbm,LightGBM,FP,True,137711,15,48,ACK Flag Cnt,1.0,-0.0034530417503154938,0.0034530417503154938,supports_benign
LIGHTGBM_FP_05,lightgbm,LightGBM,FP,True,137712,1,66,Init Fwd Win Byts,1024.0,-0.13240728965293078,0.13240728965293078,supports_benign
LIGHTGBM_FP_05,lightgbm,LightGBM,FP,True,137712,2,69,Fwd Seg Size Min,24.0,0.05168173388907584,0.05168173388907584,supports_attack
LIGHTGBM_FP_05,lightgbm,LightGBM,FP,True,137712,3,51,ECE Flag Cnt,0.0,0.038166929623413864,0.038166929623413864,supports_attack
LIGHTGBM_FP_05,lightgbm,LightGBM,FP,True,137712,4,0,Dst Port,1972.0,-0.029496913035491977,0.029496913035491977,supports_benign
LIGHTGBM_FP_05,lightgbm,LightGBM,FP,True,137712,5,46,RST Flag Cnt,0.0,0.027458208888010097,0.027458208888010097,supports_attack
LIGHTGBM_FP_05,lightgbm,LightGBM,FP,True,137712,6,19,Flow IAT Max,2.0,-0.023599673082622206,0.023599673082622206,supports_benign
LIGHTGBM_FP_05,lightgbm,LightGBM,FP,True,137712,7,13,Bwd Pkt Len Mean,0.0,0.018698133266666687,0.018698133266666687,supports_attack
LIGHTGBM_FP_05,lightgbm,LightGBM,FP,True,137712,8,7,Fwd Pkt Len Max,0.0,-0.01690255295921513,0.01690255295921513,supports_benign
LIGHTGBM_FP_05,lightgbm,LightGBM,FP,True,137712,9,48,ACK Flag Cnt,0.0,-0.010756166872088762,0.010756166872088762,supports_benign
LIGHTGBM_FP_05,lightgbm,LightGBM,FP,True,137712,10,10,Fwd Pkt Len Std,0.0,-0.007097253594117604,0.007097253594117604,supports_benign
LIGHTGBM_FP_05,lightgbm,LightGBM,FP,True,137712,11,11,Bwd Pkt Len Max,0.0,-0.006852305154710606,0.006852305154710606,supports_benign
LIGHTGBM_FP_05,lightgbm,LightGBM,FP,True,137712,12,42,Pkt Len Std,0.0,0.006493700109058931,0.006493700109058931,supports_attack
LIGHTGBM_FP_05,lightgbm,LightGBM,FP,True,137712,13,55,Bwd Seg Size Avg,0.0,0.005813700329249351,0.005813700329249351,supports_attack
LIGHTGBM_FP_05,lightgbm,LightGBM,FP,True,137712,14,40,Pkt Len Max,0.0,-0.0057809531555844665,0.0057809531555844665,supports_benign
LIGHTGBM_FP_05,lightgbm,LightGBM,FP,True,137712,15,47,PSH Flag Cnt,1.0,-0.0026640013337414547,0.0026640013337414547,supports_benign
LIGHTGBM_FP_06,lightgbm,LightGBM,FP,True,137713,1,66,Init Fwd Win Byts,8192.0,-0.15687388153806658,0.15687388153806658,supports_benign
LIGHTGBM_FP_06,lightgbm,LightGBM,FP,True,137713,2,64,Subflow Bwd Pkts,21.0,-0.033587259358784205,0.033587259358784205,supports_benign
LIGHTGBM_FP_06,lightgbm,LightGBM,FP,True,137713,3,77,Idle Min,58000000.0,0.024448256050322685,0.024448256050322685,supports_attack
LIGHTGBM_FP_06,lightgbm,LightGBM,FP,True,137713,4,40,Pkt Len Max,1460.0,0.02253241101478936,0.02253241101478936,supports_attack
LIGHTGBM_FP_06,lightgbm,LightGBM,FP,True,137713,5,26,Bwd IAT Tot,117000000.0,-0.020239872714151886,0.020239872714151886,supports_benign
LIGHTGBM_FP_06,lightgbm,LightGBM,FP,True,137713,6,24,Fwd IAT Max,58400000.0,-0.008834473950250403,0.008834473950250403,supports_benign
LIGHTGBM_FP_06,lightgbm,LightGBM,FP,True,137713,7,74,Idle Mean,58200000.0,-0.0076476127000143146,0.0076476127000143146,supports_benign
LIGHTGBM_FP_06,lightgbm,LightGBM,FP,True,137713,8,11,Bwd Pkt Len Max,1460.0,0.007365284518171079,0.007365284518171079,supports_attack
LIGHTGBM_FP_06,lightgbm,LightGBM,FP,True,137713,9,46,RST Flag Cnt,1.0,0.005764765617609703,0.005764765617609703,supports_attack
LIGHTGBM_FP_06,lightgbm,LightGBM,FP,True,137713,10,43,Pkt Len Var,211797.3378,0.005487540355680944,0.005487540355680944,supports_attack
LIGHTGBM_FP_06,lightgbm,LightGBM,FP,True,137713,11,51,ECE Flag Cnt,1.0,0.004617038853352823,0.004617038853352823,supports_attack
LIGHTGBM_FP_06,lightgbm,LightGBM,FP,True,137713,12,2,Flow Duration,116838164.0,-0.003809583404312253,0.003809583404312253,supports_benign
LIGHTGBM_FP_06,lightgbm,LightGBM,FP,True,137713,13,21,Fwd IAT Tot,117000000.0,0.0035799923666483416,0.0035799923666483416,supports_attack
LIGHTGBM_FP_06,lightgbm,LightGBM,FP,True,137713,14,76,Idle Max,58400000.0,-0.0030745217782923743,0.0030745217782923743,supports_benign
LIGHTGBM_FP_06,lightgbm,LightGBM,FP,True,137713,15,19,Flow IAT Max,58400000.0,-0.0029449600783251068,0.0029449600783251068,supports_benign
LIGHTGBM_FP_07,lightgbm,LightGBM,FP,False,137714,1,66,Init Fwd Win Byts,8192.0,-0.15748464048025004,0.15748464048025004,supports_benign
LIGHTGBM_FP_07,lightgbm,LightGBM,FP,False,137714,2,7,Fwd Pkt Len Max,363.0,-0.09131591688390721,0.09131591688390721,supports_benign
LIGHTGBM_FP_07,lightgbm,LightGBM,FP,False,137714,3,19,Flow IAT Max,15964.0,-0.0288944581370824,0.0288944581370824,supports_benign
LIGHTGBM_FP_07,lightgbm,LightGBM,FP,False,137714,4,20,Flow IAT Min,5.0,0.020439044966007784,0.020439044966007784,supports_attack
LIGHTGBM_FP_07,lightgbm,LightGBM,FP,False,137714,5,37,Fwd Pkts/s,120.0966778257,0.018860228487507447,0.018860228487507447,supports_attack
LIGHTGBM_FP_07,lightgbm,LightGBM,FP,False,137714,6,40,Pkt Len Max,1460.0,0.015432912607130738,0.015432912607130738,supports_attack
LIGHTGBM_FP_07,lightgbm,LightGBM,FP,False,137714,7,2,Flow Duration,66613.0,-0.014241167837215771,0.014241167837215771,supports_benign
LIGHTGBM_FP_07,lightgbm,LightGBM,FP,False,137714,8,0,Dst Port,443.0,0.00874608367096159,0.00874608367096159,supports_attack
LIGHTGBM_FP_07,lightgbm,LightGBM,FP,False,137714,9,42,Pkt Len Std,537.1460482895,0.008064527539637158,0.008064527539637158,supports_attack
LIGHTGBM_FP_07,lightgbm,LightGBM,FP,False,137714,10,51,ECE Flag Cnt,1.0,0.005668248785184678,0.005668248785184678,supports_attack
LIGHTGBM_FP_07,lightgbm,LightGBM,FP,False,137714,11,11,Bwd Pkt Len Max,1460.0,0.005516937692551047,0.005516937692551047,supports_attack
LIGHTGBM_FP_07,lightgbm,LightGBM,FP,False,137714,12,46,RST Flag Cnt,1.0,0.0030637095923863418,0.0030637095923863418,supports_attack
LIGHTGBM_FP_07,lightgbm,LightGBM,FP,False,137714,13,41,Pkt Len Mean,324.8947368421,0.0030102598064486313,0.0030102598064486313,supports_attack
LIGHTGBM_FP_07,lightgbm,LightGBM,FP,False,137714,14,53,Pkt Size Avg,342.9444444444,0.0020726082969233553,0.0020726082969233553,supports_attack
LIGHTGBM_FP_07,lightgbm,LightGBM,FP,False,137714,15,14,Bwd Pkt Len Std,665.0927754832,-0.0002928308270463032,0.0002928308270463032,supports_benign
LIGHTGBM_FP_08,lightgbm,LightGBM,FP,False,137715,1,66,Init Fwd Win Byts,26883.0,-0.14314310407694494,0.14314310407694494,supports_benign
LIGHTGBM_FP_08,lightgbm,LightGBM,FP,False,137715,2,69,Fwd Seg Size Min,32.0,0.103715096122314,0.103715096122314,supports_attack
LIGHTGBM_FP_08,lightgbm,LightGBM,FP,False,137715,3,51,ECE Flag Cnt,0.0,0.025638615817928645,0.025638615817928645,supports_attack
LIGHTGBM_FP_08,lightgbm,LightGBM,FP,False,137715,4,0,Dst Port,80.0,-0.024421161409967314,0.024421161409967314,supports_benign
LIGHTGBM_FP_08,lightgbm,LightGBM,FP,False,137715,5,37,Fwd Pkts/s,23.14386225,0.02130214553944016,0.02130214553944016,supports_attack
LIGHTGBM_FP_08,lightgbm,LightGBM,FP,False,137715,6,7,Fwd Pkt Len Max,217.0,-0.018621853824287316,0.018621853824287316,supports_benign
LIGHTGBM_FP_08,lightgbm,LightGBM,FP,False,137715,7,19,Flow IAT Max,84521.0,-0.018406311695613627,0.018406311695613627,supports_benign
LIGHTGBM_FP_08,lightgbm,LightGBM,FP,False,137715,8,46,RST Flag Cnt,0.0,0.01529959877198429,0.01529959877198429,supports_attack
LIGHTGBM_FP_08,lightgbm,LightGBM,FP,False,137715,9,76,Idle Max,0.0,0.009817565357328152,0.009817565357328152,supports_attack
LIGHTGBM_FP_08,lightgbm,LightGBM,FP,False,137715,10,13,Bwd Pkt Len Mean,56.75,0.009413637569257038,0.009413637569257038,supports_attack
LIGHTGBM_FP_08,lightgbm,LightGBM,FP,False,137715,11,53,Pkt Size Avg,55.5,0.00739043199897873,0.00739043199897873,supports_attack
LIGHTGBM_FP_08,lightgbm,LightGBM,FP,False,137715,12,40,Pkt Len Max,227.0,-0.00639230586716373,0.00639230586716373,supports_benign
LIGHTGBM_FP_08,lightgbm,LightGBM,FP,False,137715,13,43,Pkt Len Var,9589.25,0.0060919096282541045,0.0060919096282541045,supports_attack
LIGHTGBM_FP_08,lightgbm,LightGBM,FP,False,137715,14,2,Flow Duration,172832.0,-0.005510499439278133,0.005510499439278133,supports_benign
LIGHTGBM_FP_08,lightgbm,LightGBM,FP,False,137715,15,67,Init Bwd Win Byts,119.0,-0.00332784887366896,0.00332784887366896,supports_benign
LIGHTGBM_TN_01,lightgbm,LightGBM,TN,False,137716,1,66,Init Fwd Win Byts,8192.0,-0.15671125721820797,0.15671125721820797,supports_benign
LIGHTGBM_TN_01,lightgbm,LightGBM,TN,False,137716,2,64,Subflow Bwd Pkts,34.0,-0.033471178851470856,0.033471178851470856,supports_benign
LIGHTGBM_TN_01,lightgbm,LightGBM,TN,False,137716,3,40,Pkt Len Max,1460.0,0.026010871390381912,0.026010871390381912,supports_attack
LIGHTGBM_TN_01,lightgbm,LightGBM,TN,False,137716,4,26,Bwd IAT Tot,118000000.0,-0.02525430106179412,0.02525430106179412,supports_benign
LIGHTGBM_TN_01,lightgbm,LightGBM,TN,False,137716,5,77,Idle Min,58000000.0,0.020643704007172265,0.020643704007172265,supports_attack
LIGHTGBM_TN_01,lightgbm,LightGBM,TN,False,137716,6,24,Fwd IAT Max,59400000.0,-0.01206245720072853,0.01206245720072853,supports_benign
LIGHTGBM_TN_01,lightgbm,LightGBM,TN,False,137716,7,23,Fwd IAT Std,17300000.0,-0.004506627591786627,0.004506627591786627,supports_benign
LIGHTGBM_TN_01,lightgbm,LightGBM,TN,False,137716,8,74,Idle Mean,58700000.0,-0.004193655829537936,0.004193655829537936,supports_benign
LIGHTGBM_TN_01,lightgbm,LightGBM,TN,False,137716,9,41,Pkt Len Mean,586.6034483,-0.0040962571905312495,0.0040962571905312495,supports_benign
LIGHTGBM_TN_01,lightgbm,LightGBM,TN,False,137716,10,11,Bwd Pkt Len Max,1460.0,0.003969609152047733,0.003969609152047733,supports_attack
LIGHTGBM_TN_01,lightgbm,LightGBM,TN,False,137716,11,76,Idle Max,59300000.0,-0.0037474509040998005,0.0037474509040998005,supports_benign
LIGHTGBM_TN_01,lightgbm,LightGBM,TN,False,137716,12,43,Pkt Len Var,464365.8926,0.0033399099183887425,0.0033399099183887425,supports_attack
LIGHTGBM_TN_01,lightgbm,LightGBM,TN,False,137716,13,53,Pkt Size Avg,596.8947368,-0.00300807296362615,0.00300807296362615,supports_benign
LIGHTGBM_TN_01,lightgbm,LightGBM,TN,False,137716,14,29,Bwd IAT Max,59300000.0,0.0027928724819427926,0.0027928724819427926,supports_attack
LIGHTGBM_TN_01,lightgbm,LightGBM,TN,False,137716,15,21,Fwd IAT Tot,118000000.0,0.0023456458593147248,0.0023456458593147248,supports_attack
LIGHTGBM_TN_02,lightgbm,LightGBM,TN,False,137717,1,66,Init Fwd Win Byts,8192.0,-0.16940305867435787,0.16940305867435787,supports_benign
LIGHTGBM_TN_02,lightgbm,LightGBM,TN,False,137717,2,64,Subflow Bwd Pkts,16.0,-0.03801415014771478,0.03801415014771478,supports_benign
LIGHTGBM_TN_02,lightgbm,LightGBM,TN,False,137717,3,7,Fwd Pkt Len Max,188.0,-0.03608009932443124,0.03608009932443124,supports_benign
LIGHTGBM_TN_02,lightgbm,LightGBM,TN,False,137717,4,0,Dst Port,443.0,0.02329980062497934,0.02329980062497934,supports_attack
LIGHTGBM_TN_02,lightgbm,LightGBM,TN,False,137717,5,40,Pkt Len Max,1460.0,0.022186117799793167,0.022186117799793167,supports_attack
LIGHTGBM_TN_02,lightgbm,LightGBM,TN,False,137717,6,76,Idle Max,9999621.0,0.02123319479366141,0.02123319479366141,supports_attack
LIGHTGBM_TN_02,lightgbm,LightGBM,TN,False,137717,7,37,Fwd Pkts/s,0.7890021775,0.02033225558238703,0.02033225558238703,supports_attack
LIGHTGBM_TN_02,lightgbm,LightGBM,TN,False,137717,8,11,Bwd Pkt Len Max,1460.0,0.011106844664633164,0.011106844664633164,supports_attack
LIGHTGBM_TN_02,lightgbm,LightGBM,TN,False,137717,9,42,Pkt Len Std,652.872966204,0.006038955315816362,0.006038955315816362,supports_attack
LIGHTGBM_TN_02,lightgbm,LightGBM,TN,False,137717,10,14,Bwd Pkt Len Std,707.7433621495,0.0037272292875302764,0.0037272292875302764,supports_attack
LIGHTGBM_TN_02,lightgbm,LightGBM,TN,False,137717,11,46,RST Flag Cnt,1.0,0.002945390710852113,0.002945390710852113,supports_attack
LIGHTGBM_TN_02,lightgbm,LightGBM,TN,False,137717,12,43,Pkt Len Var,426243.11,0.002177670231814622,0.002177670231814622,supports_attack
LIGHTGBM_TN_02,lightgbm,LightGBM,TN,False,137717,13,52,Down/Up Ratio,2.0,-0.0019804744349356247,0.0019804744349356247,supports_benign
LIGHTGBM_TN_02,lightgbm,LightGBM,TN,False,137717,14,41,Pkt Len Mean,471.12,-0.0017548181146426936,0.0017548181146426936,supports_benign
LIGHTGBM_TN_02,lightgbm,LightGBM,TN,False,137717,15,13,Bwd Pkt Len Mean,716.5,0.0015984261476114012,0.0015984261476114012,supports_attack
LIGHTGBM_TN_03,lightgbm,LightGBM,TN,False,137718,1,7,Fwd Pkt Len Max,935.0,-0.07962819251281235,0.07962819251281235,supports_benign
LIGHTGBM_TN_03,lightgbm,LightGBM,TN,False,137718,2,69,Fwd Seg Size Min,32.0,0.0698914407569692,0.0698914407569692,supports_attack
LIGHTGBM_TN_03,lightgbm,LightGBM,TN,False,137718,3,66,Init Fwd Win Byts,219.0,-0.03739804533503436,0.03739804533503436,supports_benign
LIGHTGBM_TN_03,lightgbm,LightGBM,TN,False,137718,4,10,Fwd Pkt Len Std,418.1447118,-0.022643939351664463,0.022643939351664463,supports_benign
LIGHTGBM_TN_03,lightgbm,LightGBM,TN,False,137718,5,20,Flow IAT Min,7.0,0.019134288412740338,0.019134288412740338,supports_attack
LIGHTGBM_TN_03,lightgbm,LightGBM,TN,False,137718,6,26,Bwd IAT Tot,13380.0,0.018449337660648782,0.018449337660648782,supports_attack
LIGHTGBM_TN_03,lightgbm,LightGBM,TN,False,137718,7,51,ECE Flag Cnt,0.0,0.014347783165979126,0.014347783165979126,supports_attack
LIGHTGBM_TN_03,lightgbm,LightGBM,TN,False,137718,8,37,Fwd Pkts/s,0.960151596,0.011668739187843547,0.011668739187843547,supports_attack
LIGHTGBM_TN_03,lightgbm,LightGBM,TN,False,137718,9,67,Init Bwd Win Byts,211.0,0.00954672865226734,0.00954672865226734,supports_attack
LIGHTGBM_TN_03,lightgbm,LightGBM,TN,False,137718,10,53,Pkt Size Avg,160.0,0.009053213125504273,0.009053213125504273,supports_attack
LIGHTGBM_TN_03,lightgbm,LightGBM,TN,False,137718,11,46,RST Flag Cnt,0.0,0.008904203102676988,0.008904203102676988,supports_attack
LIGHTGBM_TN_03,lightgbm,LightGBM,TN,False,137718,12,42,Pkt Len Std,318.434757,0.008576058397654539,0.008576058397654539,supports_attack
LIGHTGBM_TN_03,lightgbm,LightGBM,TN,False,137718,13,43,Pkt Len Var,101400.6944,0.007907513637560202,0.007907513637560202,supports_attack
LIGHTGBM_TN_03,lightgbm,LightGBM,TN,False,137718,14,47,PSH Flag Cnt,0.0,0.005921133427794686,0.005921133427794686,supports_attack
LIGHTGBM_TN_03,lightgbm,LightGBM,TN,False,137718,15,40,Pkt Len Max,935.0,0.004384102676859127,0.004384102676859127,supports_attack
LIGHTGBM_TN_04,lightgbm,LightGBM,TN,False,137719,1,66,Init Fwd Win Byts,8192.0,-0.13359050183851173,0.13359050183851173,supports_benign
LIGHTGBM_TN_04,lightgbm,LightGBM,TN,False,137719,2,51,ECE Flag Cnt,0.0,0.03636922432187097,0.03636922432187097,supports_attack
LIGHTGBM_TN_04,lightgbm,LightGBM,TN,False,137719,3,69,Fwd Seg Size Min,20.0,0.030432866458955446,0.030432866458955446,supports_attack
LIGHTGBM_TN_04,lightgbm,LightGBM,TN,False,137719,4,46,RST Flag Cnt,0.0,0.02814779043693262,0.02814779043693262,supports_attack
LIGHTGBM_TN_04,lightgbm,LightGBM,TN,False,137719,5,37,Fwd Pkts/s,0.7508615197,0.024218942926391502,0.024218942926391502,supports_attack
LIGHTGBM_TN_04,lightgbm,LightGBM,TN,False,137719,6,13,Bwd Pkt Len Mean,58.0,0.022940771960481877,0.022940771960481877,supports_attack
LIGHTGBM_TN_04,lightgbm,LightGBM,TN,False,137719,7,7,Fwd Pkt Len Max,97.0,-0.020957537268370758,0.020957537268370758,supports_benign
LIGHTGBM_TN_04,lightgbm,LightGBM,TN,False,137719,8,25,Fwd IAT Min,105.0,-0.016644938099319818,0.016644938099319818,supports_benign
LIGHTGBM_TN_04,lightgbm,LightGBM,TN,False,137719,9,76,Idle Max,0.0,0.014934010591233882,0.014934010591233882,supports_attack
LIGHTGBM_TN_04,lightgbm,LightGBM,TN,False,137719,10,55,Bwd Seg Size Avg,58.0,0.014635513452874536,0.014635513452874536,supports_attack
LIGHTGBM_TN_04,lightgbm,LightGBM,TN,False,137719,11,53,Pkt Size Avg,41.125,0.013166781428250476,0.013166781428250476,supports_attack
LIGHTGBM_TN_04,lightgbm,LightGBM,TN,False,137719,12,48,ACK Flag Cnt,0.0,-0.008066218536525135,0.008066218536525135,supports_benign
LIGHTGBM_TN_04,lightgbm,LightGBM,TN,False,137719,13,10,Fwd Pkt Len Std,48.5,-0.00693248998997515,0.00693248998997515,supports_benign
LIGHTGBM_TN_04,lightgbm,LightGBM,TN,False,137719,14,41,Pkt Len Mean,36.5555555556,0.006832974137244433,0.006832974137244433,supports_attack
LIGHTGBM_TN_04,lightgbm,LightGBM,TN,False,137719,15,21,Fwd IAT Tot,58593.0,0.00603764756704996,0.00603764756704996,supports_attack
LIGHTGBM_TN_05,lightgbm,LightGBM,TN,False,137720,1,66,Init Fwd Win Byts,-1.0,-0.09812864794093132,0.09812864794093132,supports_benign
LIGHTGBM_TN_05,lightgbm,LightGBM,TN,False,137720,2,51,ECE Flag Cnt,0.0,0.04209102212524548,0.04209102212524548,supports_attack
LIGHTGBM_TN_05,lightgbm,LightGBM,TN,False,137720,3,46,RST Flag Cnt,0.0,0.03517793661066357,0.03517793661066357,supports_attack
LIGHTGBM_TN_05,lightgbm,LightGBM,TN,False,137720,4,37,Fwd Pkts/s,0.499987125,0.026160390553739386,0.026160390553739386,supports_attack
LIGHTGBM_TN_05,lightgbm,LightGBM,TN,False,137720,5,7,Fwd Pkt Len Max,32.0,-0.02391418933772575,0.02391418933772575,supports_benign
LIGHTGBM_TN_05,lightgbm,LightGBM,TN,False,137720,6,13,Bwd Pkt Len Mean,0.0,0.02002528237524678,0.02002528237524678,supports_attack
LIGHTGBM_TN_05,lightgbm,LightGBM,TN,False,137720,7,0,Dst Port,80.0,0.015613771603683655,0.015613771603683655,supports_attack
LIGHTGBM_TN_05,lightgbm,LightGBM,TN,False,137720,8,39,Pkt Len Min,32.0,0.01333494327634383,0.01333494327634383,supports_attack
LIGHTGBM_TN_05,lightgbm,LightGBM,TN,False,137720,9,55,Bwd Seg Size Avg,0.0,0.013157278514311034,0.013157278514311034,supports_attack
LIGHTGBM_TN_05,lightgbm,LightGBM,TN,False,137720,10,48,ACK Flag Cnt,0.0,-0.010086804326353277,0.010086804326353277,supports_benign
LIGHTGBM_TN_05,lightgbm,LightGBM,TN,False,137720,11,8,Fwd Pkt Len Min,32.0,-0.009390779152873858,0.009390779152873858,supports_benign
LIGHTGBM_TN_05,lightgbm,LightGBM,TN,False,137720,12,11,Bwd Pkt Len Max,0.0,-0.007787107754883467,0.007787107754883467,supports_benign
LIGHTGBM_TN_05,lightgbm,LightGBM,TN,False,137720,13,1,Protocol,17.0,0.007213947106694671,0.007213947106694671,supports_attack
LIGHTGBM_TN_05,lightgbm,LightGBM,TN,False,137720,14,69,Fwd Seg Size Min,8.0,0.007007397546920706,0.007007397546920706,supports_attack
LIGHTGBM_TN_05,lightgbm,LightGBM,TN,False,137720,15,42,Pkt Len Std,0.0,0.006054764160232955,0.006054764160232955,supports_attack
LIGHTGBM_TN_06,lightgbm,LightGBM,TN,False,137721,1,66,Init Fwd Win Byts,-1.0,-0.09667320103355212,0.09667320103355212,supports_benign
LIGHTGBM_TN_06,lightgbm,LightGBM,TN,False,137721,2,51,ECE Flag Cnt,0.0,0.04726884183516022,0.04726884183516022,supports_attack
LIGHTGBM_TN_06,lightgbm,LightGBM,TN,False,137721,3,46,RST Flag Cnt,0.0,0.037368521670631,0.037368521670631,supports_attack
LIGHTGBM_TN_06,lightgbm,LightGBM,TN,False,137721,4,19,Flow IAT Max,1950.0,-0.03380183669511478,0.03380183669511478,supports_benign
LIGHTGBM_TN_06,lightgbm,LightGBM,TN,False,137721,5,0,Dst Port,53.0,0.030975993193065432,0.030975993193065432,supports_attack
LIGHTGBM_TN_06,lightgbm,LightGBM,TN,False,137721,6,37,Fwd Pkts/s,512.8205128205,0.021898945606367865,0.021898945606367865,supports_attack
LIGHTGBM_TN_06,lightgbm,LightGBM,TN,False,137721,7,7,Fwd Pkt Len Max,34.0,-0.020140531238688544,0.020140531238688544,supports_benign
LIGHTGBM_TN_06,lightgbm,LightGBM,TN,False,137721,8,53,Pkt Size Avg,129.0,0.01793180340745751,0.01793180340745751,supports_attack
LIGHTGBM_TN_06,lightgbm,LightGBM,TN,False,137721,9,25,Fwd IAT Min,0.0,-0.017854478349523868,0.017854478349523868,supports_benign
LIGHTGBM_TN_06,lightgbm,LightGBM,TN,False,137721,10,2,Flow Duration,1950.0,-0.016695401042488654,0.016695401042488654,supports_benign
LIGHTGBM_TN_06,lightgbm,LightGBM,TN,False,137721,11,42,Pkt Len Std,90.0666419936,0.015637287609229188,0.015637287609229188,supports_attack
LIGHTGBM_TN_06,lightgbm,LightGBM,TN,False,137721,12,55,Bwd Seg Size Avg,190.0,0.013649544429541444,0.013649544429541444,supports_attack
LIGHTGBM_TN_06,lightgbm,LightGBM,TN,False,137721,13,13,Bwd Pkt Len Mean,190.0,0.011391171140864853,0.011391171140864853,supports_attack
LIGHTGBM_TN_06,lightgbm,LightGBM,TN,False,137721,14,48,ACK Flag Cnt,0.0,-0.008609835114508255,0.008609835114508255,supports_benign
LIGHTGBM_TN_06,lightgbm,LightGBM,TN,False,137721,15,39,Pkt Len Min,34.0,0.007499979475441417,0.007499979475441417,supports_attack
LIGHTGBM_TN_07,lightgbm,LightGBM,TN,False,137722,1,66,Init Fwd Win Byts,-1.0,-0.10100594065715926,0.10100594065715926,supports_benign
LIGHTGBM_TN_07,lightgbm,LightGBM,TN,False,137722,2,51,ECE Flag Cnt,0.0,0.03977642968090115,0.03977642968090115,supports_attack
LIGHTGBM_TN_07,lightgbm,LightGBM,TN,False,137722,3,46,RST Flag Cnt,0.0,0.03772506884636056,0.03772506884636056,supports_attack
LIGHTGBM_TN_07,lightgbm,LightGBM,TN,False,137722,4,19,Flow IAT Max,359.0,-0.033558708194000746,0.033558708194000746,supports_benign
LIGHTGBM_TN_07,lightgbm,LightGBM,TN,False,137722,5,13,Bwd Pkt Len Mean,51.0,0.02476061912824403,0.02476061912824403,supports_attack
LIGHTGBM_TN_07,lightgbm,LightGBM,TN,False,137722,6,37,Fwd Pkts/s,2785.51532,0.023578826100566632,0.023578826100566632,supports_attack
LIGHTGBM_TN_07,lightgbm,LightGBM,TN,False,137722,7,7,Fwd Pkt Len Max,35.0,-0.02203061326432072,0.02203061326432072,supports_benign
LIGHTGBM_TN_07,lightgbm,LightGBM,TN,False,137722,8,55,Bwd Seg Size Avg,51.0,0.014525446120039323,0.014525446120039323,supports_attack
LIGHTGBM_TN_07,lightgbm,LightGBM,TN,False,137722,9,2,Flow Duration,359.0,-0.013676020986971515,0.013676020986971515,supports_benign
LIGHTGBM_TN_07,lightgbm,LightGBM,TN,False,137722,10,8,Fwd Pkt Len Min,35.0,-0.01036723666830091,0.01036723666830091,supports_benign
LIGHTGBM_TN_07,lightgbm,LightGBM,TN,False,137722,11,48,ACK Flag Cnt,0.0,-0.009534050378867827,0.009534050378867827,supports_benign
LIGHTGBM_TN_07,lightgbm,LightGBM,TN,False,137722,12,39,Pkt Len Min,35.0,0.00699902984058179,0.00699902984058179,supports_attack
LIGHTGBM_TN_07,lightgbm,LightGBM,TN,False,137722,13,40,Pkt Len Max,51.0,-0.005470672675001062,0.005470672675001062,supports_benign
LIGHTGBM_TN_07,lightgbm,LightGBM,TN,False,137722,14,1,Protocol,17.0,-0.004757091942096149,0.004757091942096149,supports_benign
LIGHTGBM_TN_07,lightgbm,LightGBM,TN,False,137722,15,69,Fwd Seg Size Min,8.0,0.003932989710458852,0.003932989710458852,supports_attack
LIGHTGBM_TN_08,lightgbm,LightGBM,TN,False,137723,1,69,Fwd Seg Size Min,20.0,0.020928577808567172,0.020928577808567172,supports_attack
LIGHTGBM_TN_08,lightgbm,LightGBM,TN,False,137723,2,66,Init Fwd Win Byts,65535.0,-0.0139708712329027,0.0139708712329027,supports_benign
LIGHTGBM_TN_08,lightgbm,LightGBM,TN,False,137723,3,10,Fwd Pkt Len Std,418.1447118,-0.01097427072750755,0.01097427072750755,supports_benign
LIGHTGBM_TN_08,lightgbm,LightGBM,TN,False,137723,4,37,Fwd Pkts/s,3748.125937,0.010875016994087163,0.010875016994087163,supports_attack
LIGHTGBM_TN_08,lightgbm,LightGBM,TN,False,137723,5,38,Bwd Pkts/s,1499.250375,-0.009723283043179671,0.009723283043179671,supports_benign
LIGHTGBM_TN_08,lightgbm,LightGBM,TN,False,137723,6,43,Pkt Len Var,109478.0,0.0054534049662167475,0.0054534049662167475,supports_attack
LIGHTGBM_TN_08,lightgbm,LightGBM,TN,False,137723,7,53,Pkt Size Avg,172.5714286,0.0051035314875457075,0.0051035314875457075,supports_attack
LIGHTGBM_TN_08,lightgbm,LightGBM,TN,False,137723,8,19,Flow IAT Max,761.0,-0.004417919847162564,0.004417919847162564,supports_benign
LIGHTGBM_TN_08,lightgbm,LightGBM,TN,False,137723,9,42,Pkt Len Std,330.8745986,0.0026157683723875653,0.0026157683723875653,supports_attack
LIGHTGBM_TN_08,lightgbm,LightGBM,TN,False,137723,10,40,Pkt Len Max,935.0,0.0024356832202780078,0.0024356832202780078,supports_attack
LIGHTGBM_TN_08,lightgbm,LightGBM,TN,False,137723,11,0,Dst Port,56276.0,-0.0021223111600948397,0.0021223111600948397,supports_benign
LIGHTGBM_TN_08,lightgbm,LightGBM,TN,False,137723,12,7,Fwd Pkt Len Max,935.0,0.0013063041760137265,0.0013063041760137265,supports_attack
LIGHTGBM_TN_08,lightgbm,LightGBM,TN,False,137723,13,47,PSH Flag Cnt,1.0,-0.0011795843730245778,0.0011795843730245778,supports_benign
LIGHTGBM_TN_08,lightgbm,LightGBM,TN,False,137723,14,54,Fwd Seg Size Avg,187.0,-0.0005926726062762289,0.0005926726062762289,supports_benign
LIGHTGBM_TN_08,lightgbm,LightGBM,TN,False,137723,15,51,ECE Flag Cnt,1.0,0.0005713842684144178,0.0005713842684144178,supports_attack
LIGHTGBM_TP_01,lightgbm,LightGBM,TP,True,137724,1,7,Fwd Pkt Len Max,661.0,-0.12157790365315138,0.12157790365315138,supports_benign
LIGHTGBM_TP_01,lightgbm,LightGBM,TP,True,137724,2,66,Init Fwd Win Byts,8192.0,-0.10088055303012144,0.10088055303012144,supports_benign
LIGHTGBM_TP_01,lightgbm,LightGBM,TP,True,137724,3,51,ECE Flag Cnt,0.0,0.03571457410319333,0.03571457410319333,supports_attack
LIGHTGBM_TP_01,lightgbm,LightGBM,TP,True,137724,4,46,RST Flag Cnt,0.0,0.02452731224012348,0.02452731224012348,supports_attack
LIGHTGBM_TP_01,lightgbm,LightGBM,TP,True,137724,5,69,Fwd Seg Size Min,20.0,0.02051466818392154,0.02051466818392154,supports_attack
LIGHTGBM_TP_01,lightgbm,LightGBM,TP,True,137724,6,10,Fwd Pkt Len Std,222.7920235,-0.01896894847128793,0.01896894847128793,supports_benign
LIGHTGBM_TP_01,lightgbm,LightGBM,TP,True,137724,7,19,Flow IAT Max,989753.0,-0.01828855800984361,0.01828855800984361,supports_benign
LIGHTGBM_TP_01,lightgbm,LightGBM,TP,True,137724,8,0,Dst Port,3389.0,0.016465997108281925,0.016465997108281925,supports_attack
LIGHTGBM_TP_01,lightgbm,LightGBM,TP,True,137724,9,37,Fwd Pkts/s,5.671663166,0.016147768911542498,0.016147768911542498,supports_attack
LIGHTGBM_TP_01,lightgbm,LightGBM,TP,True,137724,10,53,Pkt Size Avg,180.8666667,0.009909451787953192,0.009909451787953192,supports_attack
LIGHTGBM_TP_01,lightgbm,LightGBM,TP,True,137724,11,42,Pkt Len Std,317.7627981,0.00403188771393571,0.00403188771393571,supports_attack
LIGHTGBM_TP_01,lightgbm,LightGBM,TP,True,137724,12,41,Pkt Len Mean,169.5625,0.003918384433838271,0.003918384433838271,supports_attack
LIGHTGBM_TP_01,lightgbm,LightGBM,TP,True,137724,13,11,Bwd Pkt Len Max,1173.0,-0.003534251797948495,0.003534251797948495,supports_benign
LIGHTGBM_TP_01,lightgbm,LightGBM,TP,True,137724,14,40,Pkt Len Max,1173.0,0.0034751608141370344,0.0034751608141370344,supports_attack
LIGHTGBM_TP_01,lightgbm,LightGBM,TP,True,137724,15,67,Init Bwd Win Byts,62868.0,-0.0025895092004768134,0.0025895092004768134,supports_benign
LIGHTGBM_TP_02,lightgbm,LightGBM,TP,True,137725,1,66,Init Fwd Win Byts,-1.0,-0.09971508276111853,0.09971508276111853,supports_benign
LIGHTGBM_TP_02,lightgbm,LightGBM,TP,True,137725,2,51,ECE Flag Cnt,0.0,0.045320419929477884,0.045320419929477884,supports_attack
LIGHTGBM_TP_02,lightgbm,LightGBM,TP,True,137725,3,46,RST Flag Cnt,0.0,0.041617267394593066,0.041617267394593066,supports_attack
LIGHTGBM_TP_02,lightgbm,LightGBM,TP,True,137725,4,19,Flow IAT Max,2202.0,-0.029637518326779827,0.029637518326779827,supports_benign
LIGHTGBM_TP_02,lightgbm,LightGBM,TP,True,137725,5,0,Dst Port,53.0,0.024588938365517066,0.024588938365517066,supports_attack
LIGHTGBM_TP_02,lightgbm,LightGBM,TP,True,137725,6,37,Fwd Pkts/s,454.1326067,0.024548034551130644,0.024548034551130644,supports_attack
LIGHTGBM_TP_02,lightgbm,LightGBM,TP,True,137725,7,7,Fwd Pkt Len Max,40.0,-0.02262752780858444,0.02262752780858444,supports_benign
LIGHTGBM_TP_02,lightgbm,LightGBM,TP,True,137725,8,13,Bwd Pkt Len Mean,139.0,0.022085359434825744,0.022085359434825744,supports_attack
LIGHTGBM_TP_02,lightgbm,LightGBM,TP,True,137725,9,55,Bwd Seg Size Avg,139.0,0.02125848887069068,0.02125848887069068,supports_attack
LIGHTGBM_TP_02,lightgbm,LightGBM,TP,True,137725,10,2,Flow Duration,2202.0,-0.013793376373530087,0.013793376373530087,supports_benign
LIGHTGBM_TP_02,lightgbm,LightGBM,TP,True,137725,11,42,Pkt Len Std,57.15767665,0.010268200193066708,0.010268200193066708,supports_attack
LIGHTGBM_TP_02,lightgbm,LightGBM,TP,True,137725,12,48,ACK Flag Cnt,0.0,-0.009035833810482095,0.009035833810482095,supports_benign
LIGHTGBM_TP_02,lightgbm,LightGBM,TP,True,137725,13,39,Pkt Len Min,40.0,0.008434213294879093,0.008434213294879093,supports_attack
LIGHTGBM_TP_02,lightgbm,LightGBM,TP,True,137725,14,8,Fwd Pkt Len Min,40.0,-0.006439408951698525,0.006439408951698525,supports_benign
LIGHTGBM_TP_02,lightgbm,LightGBM,TP,True,137725,15,69,Fwd Seg Size Min,8.0,0.006277422572622985,0.006277422572622985,supports_attack
LIGHTGBM_TP_03,lightgbm,LightGBM,TP,False,137726,1,66,Init Fwd Win Byts,26883.0,-0.1375663306042164,0.1375663306042164,supports_benign
LIGHTGBM_TP_03,lightgbm,LightGBM,TP,False,137726,2,69,Fwd Seg Size Min,40.0,0.13123555794066416,0.13123555794066416,supports_attack
LIGHTGBM_TP_03,lightgbm,LightGBM,TP,False,137726,3,0,Dst Port,80.0,-0.039014962791373495,0.039014962791373495,supports_benign
LIGHTGBM_TP_03,lightgbm,LightGBM,TP,False,137726,4,19,Flow IAT Max,2015928.0,-0.03164951396345968,0.03164951396345968,supports_benign
LIGHTGBM_TP_03,lightgbm,LightGBM,TP,False,137726,5,37,Fwd Pkts/s,0.9909211801,0.029393557795117584,0.029393557795117584,supports_attack
LIGHTGBM_TP_03,lightgbm,LightGBM,TP,False,137726,6,51,ECE Flag Cnt,0.0,0.0196175422767617,0.0196175422767617,supports_attack
LIGHTGBM_TP_03,lightgbm,LightGBM,TP,False,137726,7,46,RST Flag Cnt,0.0,0.01278140312520169,0.01278140312520169,supports_attack
LIGHTGBM_TP_03,lightgbm,LightGBM,TP,False,137726,8,42,Pkt Len Std,0.0,0.007378239104504298,0.007378239104504298,supports_attack
LIGHTGBM_TP_03,lightgbm,LightGBM,TP,False,137726,9,16,Flow Pkts/s,0.9909211801,0.0069001930178529645,0.0069001930178529645,supports_attack
LIGHTGBM_TP_03,lightgbm,LightGBM,TP,False,137726,10,55,Bwd Seg Size Avg,0.0,0.006262697010870521,0.006262697010870521,supports_attack
LIGHTGBM_TP_03,lightgbm,LightGBM,TP,False,137726,11,40,Pkt Len Max,0.0,-0.005845207795166348,0.005845207795166348,supports_benign
LIGHTGBM_TP_03,lightgbm,LightGBM,TP,False,137726,12,53,Pkt Size Avg,0.0,0.004664957256172637,0.004664957256172637,supports_attack
LIGHTGBM_TP_03,lightgbm,LightGBM,TP,False,137726,13,10,Fwd Pkt Len Std,0.0,-0.003930595677212221,0.003930595677212221,supports_benign
LIGHTGBM_TP_03,lightgbm,LightGBM,TP,False,137726,14,41,Pkt Len Mean,0.0,0.0038082622521600287,0.0038082622521600287,supports_attack
LIGHTGBM_TP_03,lightgbm,LightGBM,TP,False,137726,15,7,Fwd Pkt Len Max,0.0,-0.003624655269540845,0.003624655269540845,supports_benign
LIGHTGBM_TP_04,lightgbm,LightGBM,TP,False,137727,1,66,Init Fwd Win Byts,32738.0,-0.12098608798931691,0.12098608798931691,supports_benign
LIGHTGBM_TP_04,lightgbm,LightGBM,TP,False,137727,2,37,Fwd Pkts/s,110.6929378,0.022707659803653003,0.022707659803653003,supports_attack
LIGHTGBM_TP_04,lightgbm,LightGBM,TP,False,137727,3,69,Fwd Seg Size Min,20.0,0.022504377147272523,0.022504377147272523,supports_attack
LIGHTGBM_TP_04,lightgbm,LightGBM,TP,False,137727,4,51,ECE Flag Cnt,0.0,0.022121751686960577,0.022121751686960577,supports_attack
LIGHTGBM_TP_04,lightgbm,LightGBM,TP,False,137727,5,46,RST Flag Cnt,0.0,0.016752728106000887,0.016752728106000887,supports_attack
LIGHTGBM_TP_04,lightgbm,LightGBM,TP,False,137727,6,19,Flow IAT Max,18068.0,-0.015534520112849665,0.015534520112849665,supports_benign
LIGHTGBM_TP_04,lightgbm,LightGBM,TP,False,137727,7,13,Bwd Pkt Len Mean,0.0,0.012478613425697742,0.012478613425697742,supports_attack
LIGHTGBM_TP_04,lightgbm,LightGBM,TP,False,137727,8,25,Fwd IAT Min,18068.0,-0.012176784137002992,0.012176784137002992,supports_benign
LIGHTGBM_TP_04,lightgbm,LightGBM,TP,False,137727,9,0,Dst Port,80.0,-0.010327574122572993,0.010327574122572993,supports_benign
LIGHTGBM_TP_04,lightgbm,LightGBM,TP,False,137727,10,53,Pkt Size Avg,0.0,0.009256031852979364,0.009256031852979364,supports_attack
LIGHTGBM_TP_04,lightgbm,LightGBM,TP,False,137727,11,55,Bwd Seg Size Avg,0.0,0.008817857898893076,0.008817857898893076,supports_attack
LIGHTGBM_TP_04,lightgbm,LightGBM,TP,False,137727,12,7,Fwd Pkt Len Max,0.0,-0.005859373727103988,0.005859373727103988,supports_benign
LIGHTGBM_TP_04,lightgbm,LightGBM,TP,False,137727,13,40,Pkt Len Max,0.0,-0.005616079132042265,0.005616079132042265,supports_benign
LIGHTGBM_TP_04,lightgbm,LightGBM,TP,False,137727,14,42,Pkt Len Std,0.0,0.004648247844702823,0.004648247844702823,supports_attack
LIGHTGBM_TP_04,lightgbm,LightGBM,TP,False,137727,15,48,ACK Flag Cnt,1.0,0.0019059586085735877,0.0019059586085735877,supports_attack
LIGHTGBM_TP_05,lightgbm,LightGBM,TP,False,137728,1,66,Init Fwd Win Byts,8192.0,-0.141661780314289,0.141661780314289,supports_benign
LIGHTGBM_TP_05,lightgbm,LightGBM,TP,False,137728,2,7,Fwd Pkt Len Max,326.0,-0.05928920170409477,0.05928920170409477,supports_benign
LIGHTGBM_TP_05,lightgbm,LightGBM,TP,False,137728,3,19,Flow IAT Max,10257.0,-0.027693107125559287,0.027693107125559287,supports_benign
LIGHTGBM_TP_05,lightgbm,LightGBM,TP,False,137728,4,10,Fwd Pkt Len Std,188.2161878,-0.021648897648820366,0.021648897648820366,supports_benign
LIGHTGBM_TP_05,lightgbm,LightGBM,TP,False,137728,5,13,Bwd Pkt Len Mean,32.25,0.021522261772285372,0.021522261772285372,supports_attack
LIGHTGBM_TP_05,lightgbm,LightGBM,TP,False,137728,6,20,Flow IAT Min,2.0,0.018885468170857303,0.018885468170857303,supports_attack
LIGHTGBM_TP_05,lightgbm,LightGBM,TP,False,137728,7,37,Fwd Pkts/s,273.3236152,0.015842724318264348,0.015842724318264348,supports_attack
LIGHTGBM_TP_05,lightgbm,LightGBM,TP,False,137728,8,2,Flow Duration,10976.0,-0.014629240275077934,0.014629240275077934,supports_benign
LIGHTGBM_TP_05,lightgbm,LightGBM,TP,False,137728,9,53,Pkt Size Avg,65.0,0.013528010273273912,0.013528010273273912,supports_attack
LIGHTGBM_TP_05,lightgbm,LightGBM,TP,False,137728,10,55,Bwd Seg Size Avg,32.25,0.012357293818743956,0.012357293818743956,supports_attack
LIGHTGBM_TP_05,lightgbm,LightGBM,TP,False,137728,11,76,Idle Max,0.0,0.011634563567731612,0.011634563567731612,supports_attack
LIGHTGBM_TP_05,lightgbm,LightGBM,TP,False,137728,12,48,ACK Flag Cnt,0.0,-0.010981845997079503,0.010981845997079503,supports_benign
LIGHTGBM_TP_05,lightgbm,LightGBM,TP,False,137728,13,24,Fwd IAT Max,385.0,-0.009939868372556048,0.009939868372556048,supports_benign
LIGHTGBM_TP_05,lightgbm,LightGBM,TP,False,137728,14,38,Bwd Pkts/s,364.4314869,-0.0085839639617036,0.0085839639617036,supports_benign
LIGHTGBM_TP_05,lightgbm,LightGBM,TP,False,137728,15,47,PSH Flag Cnt,1.0,0.00495081430272735,0.00495081430272735,supports_attack
LIGHTGBM_TP_06,lightgbm,LightGBM,TP,False,137729,1,69,Fwd Seg Size Min,40.0,0.14005355068402842,0.14005355068402842,supports_attack
LIGHTGBM_TP_06,lightgbm,LightGBM,TP,False,137729,2,66,Init Fwd Win Byts,26883.0,-0.12718716650006517,0.12718716650006517,supports_benign
LIGHTGBM_TP_06,lightgbm,LightGBM,TP,False,137729,3,0,Dst Port,21.0,-0.055199319659008594,0.055199319659008594,supports_benign
LIGHTGBM_TP_06,lightgbm,LightGBM,TP,False,137729,4,19,Flow IAT Max,3.0,-0.02968600451683811,0.02968600451683811,supports_benign
LIGHTGBM_TP_06,lightgbm,LightGBM,TP,False,137729,5,51,ECE Flag Cnt,0.0,0.021020099967273307,0.021020099967273307,supports_attack
LIGHTGBM_TP_06,lightgbm,LightGBM,TP,False,137729,6,20,Flow IAT Min,3.0,0.018749686231122994,0.018749686231122994,supports_attack
LIGHTGBM_TP_06,lightgbm,LightGBM,TP,False,137729,7,24,Fwd IAT Max,0.0,0.01089302297829633,0.01089302297829633,supports_attack
LIGHTGBM_TP_06,lightgbm,LightGBM,TP,False,137729,8,7,Fwd Pkt Len Max,0.0,-0.009930552034483972,0.009930552034483972,supports_benign
LIGHTGBM_TP_06,lightgbm,LightGBM,TP,False,137729,9,46,RST Flag Cnt,0.0,0.008854748707061216,0.008854748707061216,supports_attack
LIGHTGBM_TP_06,lightgbm,LightGBM,TP,False,137729,10,53,Pkt Size Avg,0.0,0.0063482576356550064,0.0063482576356550064,supports_attack
LIGHTGBM_TP_06,lightgbm,LightGBM,TP,False,137729,11,52,Down/Up Ratio,1.0,-0.005828420063173559,0.005828420063173559,supports_benign
LIGHTGBM_TP_06,lightgbm,LightGBM,TP,False,137729,12,43,Pkt Len Var,0.0,0.005796290906672418,0.005796290906672418,supports_attack
LIGHTGBM_TP_06,lightgbm,LightGBM,TP,False,137729,13,16,Flow Pkts/s,666666.6667,0.005357184979144766,0.005357184979144766,supports_attack
LIGHTGBM_TP_06,lightgbm,LightGBM,TP,False,137729,14,37,Fwd Pkts/s,333333.3333,0.005076682823322073,0.005076682823322073,supports_attack
LIGHTGBM_TP_06,lightgbm,LightGBM,TP,False,137729,15,40,Pkt Len Max,0.0,-0.004419837935010726,0.004419837935010726,supports_benign
LIGHTGBM_TP_07,lightgbm,LightGBM,TP,False,137730,1,69,Fwd Seg Size Min,40.0,0.14344636678353528,0.14344636678353528,supports_attack
LIGHTGBM_TP_07,lightgbm,LightGBM,TP,False,137730,2,66,Init Fwd Win Byts,26883.0,-0.1245901566871563,0.1245901566871563,supports_benign
LIGHTGBM_TP_07,lightgbm,LightGBM,TP,False,137730,3,0,Dst Port,21.0,-0.05817861882521487,0.05817861882521487,supports_benign
LIGHTGBM_TP_07,lightgbm,LightGBM,TP,False,137730,4,19,Flow IAT Max,2.0,-0.024731224020431805,0.024731224020431805,supports_benign
LIGHTGBM_TP_07,lightgbm,LightGBM,TP,False,137730,5,51,ECE Flag Cnt,0.0,0.022246013466888277,0.022246013466888277,supports_attack
LIGHTGBM_TP_07,lightgbm,LightGBM,TP,False,137730,6,20,Flow IAT Min,2.0,0.017021978829833303,0.017021978829833303,supports_attack
LIGHTGBM_TP_07,lightgbm,LightGBM,TP,False,137730,7,46,RST Flag Cnt,0.0,0.013067205608234626,0.013067205608234626,supports_attack
LIGHTGBM_TP_07,lightgbm,LightGBM,TP,False,137730,8,10,Fwd Pkt Len Std,0.0,-0.007412600220618134,0.007412600220618134,supports_benign
LIGHTGBM_TP_07,lightgbm,LightGBM,TP,False,137730,9,40,Pkt Len Max,0.0,-0.007136655985988069,0.007136655985988069,supports_benign
LIGHTGBM_TP_07,lightgbm,LightGBM,TP,False,137730,10,53,Pkt Size Avg,0.0,0.0052182808034455415,0.0052182808034455415,supports_attack
LIGHTGBM_TP_07,lightgbm,LightGBM,TP,False,137730,11,7,Fwd Pkt Len Max,0.0,-0.004634855681757806,0.004634855681757806,supports_benign
LIGHTGBM_TP_07,lightgbm,LightGBM,TP,False,137730,12,9,Fwd Pkt Len Mean,0.0,0.004466422775337053,0.004466422775337053,supports_attack
LIGHTGBM_TP_07,lightgbm,LightGBM,TP,False,137730,13,47,PSH Flag Cnt,1.0,0.003952752777579622,0.003952752777579622,supports_attack
LIGHTGBM_TP_07,lightgbm,LightGBM,TP,False,137730,14,16,Flow Pkts/s,1000000.0,-0.003849820950459273,0.003849820950459273,supports_benign
LIGHTGBM_TP_07,lightgbm,LightGBM,TP,False,137730,15,38,Bwd Pkts/s,500000.0,0.001640047393305072,0.001640047393305072,supports_attack
LIGHTGBM_TP_08,lightgbm,LightGBM,TP,False,137731,1,66,Init Fwd Win Byts,26883.0,-0.13296415140344392,0.13296415140344392,supports_benign
LIGHTGBM_TP_08,lightgbm,LightGBM,TP,False,137731,2,69,Fwd Seg Size Min,32.0,0.09447976516383105,0.09447976516383105,supports_attack
LIGHTGBM_TP_08,lightgbm,LightGBM,TP,False,137731,3,7,Fwd Pkt Len Max,470.0,-0.05020562555929024,0.05020562555929024,supports_benign
LIGHTGBM_TP_08,lightgbm,LightGBM,TP,False,137731,4,51,ECE Flag Cnt,0.0,0.027195317810901905,0.027195317810901905,supports_attack
LIGHTGBM_TP_08,lightgbm,LightGBM,TP,False,137731,5,37,Fwd Pkts/s,0.7169314988,0.020944894711881233,0.020944894711881233,supports_attack
LIGHTGBM_TP_08,lightgbm,LightGBM,TP,False,137731,6,0,Dst Port,80.0,-0.020315699116119534,0.020315699116119534,supports_benign
LIGHTGBM_TP_08,lightgbm,LightGBM,TP,False,137731,7,46,RST Flag Cnt,0.0,0.01677081568442557,0.01677081568442557,supports_attack
LIGHTGBM_TP_08,lightgbm,LightGBM,TP,False,137731,8,10,Fwd Pkt Len Std,210.190389885,-0.011601876684764229,0.011601876684764229,supports_benign
LIGHTGBM_TP_08,lightgbm,LightGBM,TP,False,137731,9,40,Pkt Len Max,972.0,-0.010301924288608665,0.010301924288608665,supports_benign
LIGHTGBM_TP_08,lightgbm,LightGBM,TP,False,137731,10,43,Pkt Len Var,116830.444444444,0.00782438616447833,0.00782438616447833,supports_attack
LIGHTGBM_TP_08,lightgbm,LightGBM,TP,False,137731,11,11,Bwd Pkt Len Max,972.0,-0.007141809682550229,0.007141809682550229,supports_benign
LIGHTGBM_TP_08,lightgbm,LightGBM,TP,False,137731,12,53,Pkt Size Avg,180.25,0.006318165408493976,0.006318165408493976,supports_attack
LIGHTGBM_TP_08,lightgbm,LightGBM,TP,False,137731,13,13,Bwd Pkt Len Mean,324.0,0.004220421834330842,0.004220421834330842,supports_attack
LIGHTGBM_TP_08,lightgbm,LightGBM,TP,False,137731,14,28,Bwd IAT Std,4927827.15808905,0.004061601299308433,0.004061601299308433,supports_attack
LIGHTGBM_TP_08,lightgbm,LightGBM,TP,False,137731,15,14,Bwd Pkt Len Std,561.1844616523,-0.001524626816457778,0.001524626816457778,supports_benign
XGBOOST_FN_01,xgboost,XGBoost,FN,True,137732,1,20,Flow IAT Min,16.0,0.046074484594145364,0.046074484594145364,supports_attack
XGBOOST_FN_01,xgboost,XGBoost,FN,True,137732,2,66,Init Fwd Win Byts,172.0,-0.03649513179853067,0.03649513179853067,supports_benign
XGBOOST_FN_01,xgboost,XGBoost,FN,True,137732,3,53,Pkt Size Avg,0.0,0.031172507941841728,0.031172507941841728,supports_attack
XGBOOST_FN_01,xgboost,XGBoost,FN,True,137732,4,18,Flow IAT Std,0.0,-0.02687540098665649,0.02687540098665649,supports_benign
XGBOOST_FN_01,xgboost,XGBoost,FN,True,137732,5,48,ACK Flag Cnt,1.0,-0.024390191113805228,0.024390191113805228,supports_benign
XGBOOST_FN_01,xgboost,XGBoost,FN,True,137732,6,23,Fwd IAT Std,0.0,0.023084273377856374,0.023084273377856374,supports_attack
XGBOOST_FN_01,xgboost,XGBoost,FN,True,137732,7,0,Dst Port,54660.0,0.020113380087475607,0.020113380087475607,supports_attack
XGBOOST_FN_01,xgboost,XGBoost,FN,True,137732,8,11,Bwd Pkt Len Max,0.0,-0.01999638181540923,0.01999638181540923,supports_benign
XGBOOST_FN_01,xgboost,XGBoost,FN,True,137732,9,41,Pkt Len Mean,0.0,0.016546222779300738,0.016546222779300738,supports_attack
XGBOOST_FN_01,xgboost,XGBoost,FN,True,137732,10,13,Bwd Pkt Len Mean,0.0,-0.01357945869642706,0.01357945869642706,supports_benign
XGBOOST_FN_01,xgboost,XGBoost,FN,True,137732,11,7,Fwd Pkt Len Max,0.0,-0.013172264849433736,0.013172264849433736,supports_benign
XGBOOST_FN_01,xgboost,XGBoost,FN,True,137732,12,24,Fwd IAT Max,0.0,-0.009800550474605445,0.009800550474605445,supports_benign
XGBOOST_FN_01,xgboost,XGBoost,FN,True,137732,13,42,Pkt Len Std,0.0,-0.008043723189645163,0.008043723189645163,supports_benign
XGBOOST_FN_01,xgboost,XGBoost,FN,True,137732,14,14,Bwd Pkt Len Std,0.0,-0.006463755931031552,0.006463755931031552,supports_benign
XGBOOST_FN_01,xgboost,XGBoost,FN,True,137732,15,49,URG Flag Cnt,1.0,-0.0018786037069856674,0.0018786037069856674,supports_benign
XGBOOST_FN_02,xgboost,XGBoost,FN,True,137733,1,66,Init Fwd Win Byts,251.0,-0.06053343685582279,0.06053343685582279,supports_benign
XGBOOST_FN_02,xgboost,XGBoost,FN,True,137733,2,67,Init Bwd Win Byts,243.0,0.0336187776917949,0.0336187776917949,supports_attack
XGBOOST_FN_02,xgboost,XGBoost,FN,True,137733,3,0,Dst Port,443.0,-0.03157981456856394,0.03157981456856394,supports_benign
XGBOOST_FN_02,xgboost,XGBoost,FN,True,137733,4,53,Pkt Size Avg,168.5384615,0.027170829317966678,0.027170829317966678,supports_attack
XGBOOST_FN_02,xgboost,XGBoost,FN,True,137733,5,2,Flow Duration,114916782.0,-0.026446716785612903,0.026446716785612903,supports_benign
XGBOOST_FN_02,xgboost,XGBoost,FN,True,137733,6,21,Fwd IAT Tot,115000000.0,0.020657533420314886,0.020657533420314886,supports_attack
XGBOOST_FN_02,xgboost,XGBoost,FN,True,137733,7,22,Fwd IAT Mean,16400000.0,-0.020392841400250373,0.020392841400250373,supports_benign
XGBOOST_FN_02,xgboost,XGBoost,FN,True,137733,8,31,Fwd PSH Flags,1.0,0.014921128300619698,0.014921128300619698,supports_attack
XGBOOST_FN_02,xgboost,XGBoost,FN,True,137733,9,24,Fwd IAT Max,40300000.0,-0.013188841175197552,0.013188841175197552,supports_benign
XGBOOST_FN_02,xgboost,XGBoost,FN,True,137733,10,18,Flow IAT Std,15200000.0,-0.010924828496948216,0.010924828496948216,supports_benign
XGBOOST_FN_02,xgboost,XGBoost,FN,True,137733,11,28,Bwd IAT Std,11200000.0,0.006045784010130734,0.006045784010130734,supports_attack
XGBOOST_FN_02,xgboost,XGBoost,FN,True,137733,12,26,Bwd IAT Tot,115000000.0,-0.003295729675373204,0.003295729675373204,supports_benign
XGBOOST_FN_02,xgboost,XGBoost,FN,True,137733,13,45,SYN Flag Cnt,1.0,0.0030629466728293113,0.0030629466728293113,supports_attack
XGBOOST_FN_02,xgboost,XGBoost,FN,True,137733,14,75,Idle Std,11200000.0,0.0027216687761682703,0.0027216687761682703,supports_attack
XGBOOST_FN_02,xgboost,XGBoost,FN,True,137733,15,23,Fwd IAT Std,17200000.0,0.001693854688947647,0.001693854688947647,supports_attack
XGBOOST_FN_03,xgboost,XGBoost,FN,False,137734,1,20,Flow IAT Min,31.0,0.048475366469890833,0.048475366469890833,supports_attack
XGBOOST_FN_03,xgboost,XGBoost,FN,False,137734,2,66,Init Fwd Win Byts,256.0,-0.0396824558953248,0.0396824558953248,supports_benign
XGBOOST_FN_03,xgboost,XGBoost,FN,False,137734,3,53,Pkt Size Avg,0.0,0.03187571792806329,0.03187571792806329,supports_attack
XGBOOST_FN_03,xgboost,XGBoost,FN,False,137734,4,30,Bwd IAT Min,0.0,0.026680458754719756,0.026680458754719756,supports_attack
XGBOOST_FN_03,xgboost,XGBoost,FN,False,137734,5,23,Fwd IAT Std,0.0,0.025133518529586396,0.025133518529586396,supports_attack
XGBOOST_FN_03,xgboost,XGBoost,FN,False,137734,6,18,Flow IAT Std,0.0,-0.02337954480378871,0.02337954480378871,supports_benign
XGBOOST_FN_03,xgboost,XGBoost,FN,False,137734,7,0,Dst Port,61734.0,0.02282569616232692,0.02282569616232692,supports_attack
XGBOOST_FN_03,xgboost,XGBoost,FN,False,137734,8,11,Bwd Pkt Len Max,0.0,-0.02165637083745277,0.02165637083745277,supports_benign
XGBOOST_FN_03,xgboost,XGBoost,FN,False,137734,9,48,ACK Flag Cnt,1.0,-0.020645054931823517,0.020645054931823517,supports_benign
XGBOOST_FN_03,xgboost,XGBoost,FN,False,137734,10,29,Bwd IAT Max,0.0,0.01613566849705649,0.01613566849705649,supports_attack
XGBOOST_FN_03,xgboost,XGBoost,FN,False,137734,11,7,Fwd Pkt Len Max,0.0,-0.016133098641885172,0.016133098641885172,supports_benign
XGBOOST_FN_03,xgboost,XGBoost,FN,False,137734,12,41,Pkt Len Mean,0.0,0.014648885172319416,0.014648885172319416,supports_attack
XGBOOST_FN_03,xgboost,XGBoost,FN,False,137734,13,13,Bwd Pkt Len Mean,0.0,-0.01083668606619102,0.01083668606619102,supports_benign
XGBOOST_FN_03,xgboost,XGBoost,FN,False,137734,14,42,Pkt Len Std,0.0,-0.0064973903153890174,0.0064973903153890174,supports_benign
XGBOOST_FN_03,xgboost,XGBoost,FN,False,137734,15,67,Init Bwd Win Byts,-1.0,0.005969772260995984,0.005969772260995984,supports_attack
XGBOOST_FN_04,xgboost,XGBoost,FN,False,137735,1,7,Fwd Pkt Len Max,661.0,-0.0765064519634425,0.0765064519634425,supports_benign
XGBOOST_FN_04,xgboost,XGBoost,FN,False,137735,2,66,Init Fwd Win Byts,8192.0,-0.07222432533736059,0.07222432533736059,supports_benign
XGBOOST_FN_04,xgboost,XGBoost,FN,False,137735,3,46,RST Flag Cnt,1.0,0.06571682796918582,0.06571682796918582,supports_attack
XGBOOST_FN_04,xgboost,XGBoost,FN,False,137735,4,11,Bwd Pkt Len Max,1173.0,-0.028975355519429796,0.028975355519429796,supports_benign
XGBOOST_FN_04,xgboost,XGBoost,FN,False,137735,5,23,Fwd IAT Std,389067.1125,0.023347585234185998,0.023347585234185998,supports_attack
XGBOOST_FN_04,xgboost,XGBoost,FN,False,137735,6,18,Flow IAT Std,245626.7304,-0.021705331368351694,0.021705331368351694,supports_benign
XGBOOST_FN_04,xgboost,XGBoost,FN,False,137735,7,51,ECE Flag Cnt,1.0,0.016583671074819263,0.016583671074819263,supports_attack
XGBOOST_FN_04,xgboost,XGBoost,FN,False,137735,8,53,Pkt Size Avg,180.6,0.012699139720388476,0.012699139720388476,supports_attack
XGBOOST_FN_04,xgboost,XGBoost,FN,False,137735,9,0,Dst Port,3389.0,-0.011686192848459452,0.011686192848459452,supports_benign
XGBOOST_FN_04,xgboost,XGBoost,FN,False,137735,10,10,Fwd Pkt Len Std,222.6233206,-0.011466474396897876,0.011466474396897876,supports_benign
XGBOOST_FN_04,xgboost,XGBoost,FN,False,137735,11,42,Pkt Len Std,317.731274,0.00669243484178933,0.00669243484178933,supports_attack
XGBOOST_FN_04,xgboost,XGBoost,FN,False,137735,12,14,Bwd Pkt Len Std,430.0986044,0.005397938829344456,0.005397938829344456,supports_attack
XGBOOST_FN_04,xgboost,XGBoost,FN,False,137735,13,40,Pkt Len Max,1173.0,-0.004871114301995584,0.004871114301995584,supports_benign
XGBOOST_FN_04,xgboost,XGBoost,FN,False,137735,14,41,Pkt Len Mean,169.3125,-0.004679588716560382,0.004679588716560382,supports_benign
XGBOOST_FN_04,xgboost,XGBoost,FN,False,137735,15,67,Init Bwd Win Byts,62872.0,0.003924116984728518,0.003924116984728518,supports_attack
XGBOOST_FN_05,xgboost,XGBoost,FN,False,137736,1,66,Init Fwd Win Byts,-1.0,-0.0499166422691538,0.0499166422691538,supports_benign
XGBOOST_FN_05,xgboost,XGBoost,FN,False,137736,2,0,Dst Port,500.0,0.03746905926931403,0.03746905926931403,supports_attack
XGBOOST_FN_05,xgboost,XGBoost,FN,False,137736,3,7,Fwd Pkt Len Max,500.0,-0.03129933139304463,0.03129933139304463,supports_benign
XGBOOST_FN_05,xgboost,XGBoost,FN,False,137736,4,74,Idle Mean,21369778.0,-0.029249482319223506,0.029249482319223506,supports_benign
XGBOOST_FN_05,xgboost,XGBoost,FN,False,137736,5,24,Fwd IAT Max,41990288.0,-0.016169187374741534,0.016169187374741534,supports_benign
XGBOOST_FN_05,xgboost,XGBoost,FN,False,137736,6,22,Fwd IAT Mean,17895886.8,-0.01540607094842807,0.01540607094842807,supports_benign
XGBOOST_FN_05,xgboost,XGBoost,FN,False,137736,7,21,Fwd IAT Tot,89479434.0,0.01538125508169143,0.01538125508169143,supports_attack
XGBOOST_FN_05,xgboost,XGBoost,FN,False,137736,8,72,Active Max,4000322.0,-0.013061637902557675,0.013061637902557675,supports_benign
XGBOOST_FN_05,xgboost,XGBoost,FN,False,137736,9,75,Idle Std,15281110.9891511,-0.011954293816427777,0.011954293816427777,supports_benign
XGBOOST_FN_05,xgboost,XGBoost,FN,False,137736,10,19,Flow IAT Max,41990288.0,-0.009990426241855846,0.009990426241855846,supports_benign
XGBOOST_FN_05,xgboost,XGBoost,FN,False,137736,11,76,Idle Max,41990288.0,-0.009409828076248761,0.009409828076248761,supports_benign
XGBOOST_FN_05,xgboost,XGBoost,FN,False,137736,12,2,Flow Duration,89479434.0,-0.00876799935555666,0.00876799935555666,supports_benign
XGBOOST_FN_05,xgboost,XGBoost,FN,False,137736,13,53,Pkt Size Avg,583.3333333333,-0.00560638626161649,0.00560638626161649,supports_benign
XGBOOST_FN_05,xgboost,XGBoost,FN,False,137736,14,39,Pkt Len Min,500.0,0.004290500063203362,0.004290500063203362,supports_attack
XGBOOST_FN_05,xgboost,XGBoost,FN,False,137736,15,8,Fwd Pkt Len Min,500.0,0.002609505554184758,0.002609505554184758,supports_attack
XGBOOST_FN_06,xgboost,XGBoost,FN,False,137737,1,66,Init Fwd Win Byts,-1.0,-0.05734960737198017,0.05734960737198017,supports_benign
XGBOOST_FN_06,xgboost,XGBoost,FN,False,137737,2,53,Pkt Size Avg,71.0,0.036619922556430394,0.036619922556430394,supports_attack
XGBOOST_FN_06,xgboost,XGBoost,FN,False,137737,3,18,Flow IAT Std,0.0,-0.02650812020108945,0.02650812020108945,supports_benign
XGBOOST_FN_06,xgboost,XGBoost,FN,False,137737,4,11,Bwd Pkt Len Max,58.0,-0.026290652289605244,0.026290652289605244,supports_benign
XGBOOST_FN_06,xgboost,XGBoost,FN,False,137737,5,25,Fwd IAT Min,0.0,-0.023291652619205468,0.023291652619205468,supports_benign
XGBOOST_FN_06,xgboost,XGBoost,FN,False,137737,6,23,Fwd IAT Std,0.0,0.018208621666947634,0.018208621666947634,supports_attack
XGBOOST_FN_06,xgboost,XGBoost,FN,False,137737,7,7,Fwd Pkt Len Max,42.0,-0.013020448421154102,0.013020448421154102,supports_benign
XGBOOST_FN_06,xgboost,XGBoost,FN,False,137737,8,19,Flow IAT Max,313.0,-0.012878898321073251,0.012878898321073251,supports_benign
XGBOOST_FN_06,xgboost,XGBoost,FN,False,137737,9,12,Bwd Pkt Len Min,58.0,0.01271572701867411,0.01271572701867411,supports_attack
XGBOOST_FN_06,xgboost,XGBoost,FN,False,137737,10,41,Pkt Len Mean,47.33333333,0.012428645987035853,0.012428645987035853,supports_attack
XGBOOST_FN_06,xgboost,XGBoost,FN,False,137737,11,2,Flow Duration,313.0,-0.011948177488625441,0.011948177488625441,supports_benign
XGBOOST_FN_06,xgboost,XGBoost,FN,False,137737,12,69,Fwd Seg Size Min,8.0,0.01060364105737808,0.01060364105737808,supports_attack
XGBOOST_FN_06,xgboost,XGBoost,FN,False,137737,13,0,Dst Port,53.0,0.00799088544039106,0.00799088544039106,supports_attack
XGBOOST_FN_06,xgboost,XGBoost,FN,False,137737,14,8,Fwd Pkt Len Min,42.0,0.006773967685672702,0.006773967685672702,supports_attack
XGBOOST_FN_06,xgboost,XGBoost,FN,False,137737,15,39,Pkt Len Min,42.0,0.004070503458983406,0.004070503458983406,supports_attack
XGBOOST_FN_07,xgboost,XGBoost,FN,True,137738,1,66,Init Fwd Win Byts,8192.0,-0.08823674334092058,0.08823674334092058,supports_benign
XGBOOST_FN_07,xgboost,XGBoost,FN,True,137738,2,46,RST Flag Cnt,1.0,0.04646600365683256,0.04646600365683256,supports_attack
XGBOOST_FN_07,xgboost,XGBoost,FN,True,137738,3,69,Fwd Seg Size Min,28.0,0.03163297797563688,0.03163297797563688,supports_attack
XGBOOST_FN_07,xgboost,XGBoost,FN,True,137738,4,18,Flow IAT Std,2110691.822,-0.02615981729678951,0.02615981729678951,supports_benign
XGBOOST_FN_07,xgboost,XGBoost,FN,True,137738,5,23,Fwd IAT Std,2110691.822,0.01701974080668085,0.01701974080668085,supports_attack
XGBOOST_FN_07,xgboost,XGBoost,FN,True,137738,6,0,Dst Port,443.0,-0.016571688314350606,0.016571688314350606,supports_benign
XGBOOST_FN_07,xgboost,XGBoost,FN,True,137738,7,7,Fwd Pkt Len Max,0.0,-0.016513390471857084,0.016513390471857084,supports_benign
XGBOOST_FN_07,xgboost,XGBoost,FN,True,137738,8,53,Pkt Size Avg,0.0,0.016485608567894314,0.016485608567894314,supports_attack
XGBOOST_FN_07,xgboost,XGBoost,FN,True,137738,9,11,Bwd Pkt Len Max,0.0,-0.014867976334295768,0.014867976334295768,supports_benign
XGBOOST_FN_07,xgboost,XGBoost,FN,True,137738,10,73,Active Min,3014908.0,-0.014509017890297822,0.014509017890297822,supports_benign
XGBOOST_FN_07,xgboost,XGBoost,FN,True,137738,11,72,Active Max,3014908.0,-0.01035728123686015,0.01035728123686015,supports_benign
XGBOOST_FN_07,xgboost,XGBoost,FN,True,137738,12,13,Bwd Pkt Len Mean,0.0,-0.009077567435502898,0.009077567435502898,supports_benign
XGBOOST_FN_07,xgboost,XGBoost,FN,True,137738,13,9,Fwd Pkt Len Mean,0.0,0.0058077296810420485,0.0058077296810420485,supports_attack
XGBOOST_FN_07,xgboost,XGBoost,FN,True,137738,14,40,Pkt Len Max,0.0,0.004791205501223561,0.004791205501223561,supports_attack
XGBOOST_FN_07,xgboost,XGBoost,FN,True,137738,15,51,ECE Flag Cnt,1.0,0.003959510773621277,0.003959510773621277,supports_attack
XGBOOST_FN_08,xgboost,XGBoost,FN,False,137739,1,20,Flow IAT Min,98.0,0.0453573154621756,0.0453573154621756,supports_attack
XGBOOST_FN_08,xgboost,XGBoost,FN,False,137739,2,66,Init Fwd Win Byts,260.0,-0.04232436265779097,0.04232436265779097,supports_benign
XGBOOST_FN_08,xgboost,XGBoost,FN,False,137739,3,53,Pkt Size Avg,0.0,0.031480803309839725,0.031480803309839725,supports_attack
XGBOOST_FN_08,xgboost,XGBoost,FN,False,137739,4,18,Flow IAT Std,0.0,-0.02993202268748381,0.02993202268748381,supports_benign
XGBOOST_FN_08,xgboost,XGBoost,FN,False,137739,5,48,ACK Flag Cnt,1.0,-0.025457997729540556,0.025457997729540556,supports_benign
XGBOOST_FN_08,xgboost,XGBoost,FN,False,137739,6,23,Fwd IAT Std,0.0,0.022772207536348604,0.022772207536348604,supports_attack
XGBOOST_FN_08,xgboost,XGBoost,FN,False,137739,7,11,Bwd Pkt Len Max,0.0,-0.019724072618812406,0.019724072618812406,supports_benign
XGBOOST_FN_08,xgboost,XGBoost,FN,False,137739,8,0,Dst Port,49697.0,0.017031740070162654,0.017031740070162654,supports_attack
XGBOOST_FN_08,xgboost,XGBoost,FN,False,137739,9,13,Bwd Pkt Len Mean,0.0,-0.015692679361417747,0.015692679361417747,supports_benign
XGBOOST_FN_08,xgboost,XGBoost,FN,False,137739,10,29,Bwd IAT Max,0.0,0.01525951420216078,0.01525951420216078,supports_attack
XGBOOST_FN_08,xgboost,XGBoost,FN,False,137739,11,41,Pkt Len Mean,0.0,0.015110305472061134,0.015110305472061134,supports_attack
XGBOOST_FN_08,xgboost,XGBoost,FN,False,137739,12,7,Fwd Pkt Len Max,0.0,-0.011205334414100524,0.011205334414100524,supports_benign
XGBOOST_FN_08,xgboost,XGBoost,FN,False,137739,13,67,Init Bwd Win Byts,-1.0,0.010415858008974661,0.010415858008974661,supports_attack
XGBOOST_FN_08,xgboost,XGBoost,FN,False,137739,14,42,Pkt Len Std,0.0,-0.005099186558764172,0.005099186558764172,supports_benign
XGBOOST_FN_08,xgboost,XGBoost,FN,False,137739,15,43,Pkt Len Var,0.0,-0.0039905260033018496,0.0039905260033018496,supports_benign
XGBOOST_FP_01,xgboost,XGBoost,FP,False,137740,1,20,Flow IAT Min,4.0,0.04354487253306542,0.04354487253306542,supports_attack
XGBOOST_FP_01,xgboost,XGBoost,FP,False,137740,2,66,Init Fwd Win Byts,172.0,-0.0339155716506299,0.0339155716506299,supports_benign
XGBOOST_FP_01,xgboost,XGBoost,FP,False,137740,3,53,Pkt Size Avg,0.0,0.030851844208609154,0.030851844208609154,supports_attack
XGBOOST_FP_01,xgboost,XGBoost,FP,False,137740,4,48,ACK Flag Cnt,1.0,-0.024757756559739445,0.024757756559739445,supports_benign
XGBOOST_FP_01,xgboost,XGBoost,FP,False,137740,5,18,Flow IAT Std,0.0,-0.024702802088218862,0.024702802088218862,supports_benign
XGBOOST_FP_01,xgboost,XGBoost,FP,False,137740,6,23,Fwd IAT Std,0.0,0.022592633215425574,0.022592633215425574,supports_attack
XGBOOST_FP_01,xgboost,XGBoost,FP,False,137740,7,11,Bwd Pkt Len Max,0.0,-0.020052074712019193,0.020052074712019193,supports_benign
XGBOOST_FP_01,xgboost,XGBoost,FP,False,137740,8,41,Pkt Len Mean,0.0,0.014300198848291689,0.014300198848291689,supports_attack
XGBOOST_FP_01,xgboost,XGBoost,FP,False,137740,9,7,Fwd Pkt Len Max,0.0,-0.011003031001527155,0.011003031001527155,supports_benign
XGBOOST_FP_01,xgboost,XGBoost,FP,False,137740,10,42,Pkt Len Std,0.0,-0.01084258454907335,0.01084258454907335,supports_benign
XGBOOST_FP_01,xgboost,XGBoost,FP,False,137740,11,0,Dst Port,51857.0,0.009638834774769041,0.009638834774769041,supports_attack
XGBOOST_FP_01,xgboost,XGBoost,FP,False,137740,12,40,Pkt Len Max,0.0,0.005777446265232235,0.005777446265232235,supports_attack
XGBOOST_FP_01,xgboost,XGBoost,FP,False,137740,13,16,Flow Pkts/s,500000.0,-0.004802768400518292,0.004802768400518292,supports_benign
XGBOOST_FP_01,xgboost,XGBoost,FP,False,137740,14,47,PSH Flag Cnt,0.0,0.003876552961352532,0.003876552961352532,supports_attack
XGBOOST_FP_01,xgboost,XGBoost,FP,False,137740,15,49,URG Flag Cnt,1.0,-0.0026315945101842387,0.0026315945101842387,supports_benign
XGBOOST_FP_02,xgboost,XGBoost,FP,False,137741,1,46,RST Flag Cnt,1.0,0.1119226578775873,0.1119226578775873,supports_attack
XGBOOST_FP_02,xgboost,XGBoost,FP,False,137741,2,66,Init Fwd Win Byts,8192.0,-0.08804131228965788,0.08804131228965788,supports_benign
XGBOOST_FP_02,xgboost,XGBoost,FP,False,137741,3,51,ECE Flag Cnt,1.0,0.044556928520641144,0.044556928520641144,supports_attack
XGBOOST_FP_02,xgboost,XGBoost,FP,False,137741,4,0,Dst Port,3389.0,0.03113751033203755,0.03113751033203755,supports_attack
XGBOOST_FP_02,xgboost,XGBoost,FP,False,137741,5,18,Flow IAT Std,2702282.65904044,-0.024309511181743144,0.024309511181743144,supports_benign
XGBOOST_FP_02,xgboost,XGBoost,FP,False,137741,6,23,Fwd IAT Std,3203204.23690748,0.013355030952067698,0.013355030952067698,supports_attack
XGBOOST_FP_02,xgboost,XGBoost,FP,False,137741,7,10,Fwd Pkt Len Std,49.193495505,0.012664042960854561,0.012664042960854561,supports_attack
XGBOOST_FP_02,xgboost,XGBoost,FP,False,137741,8,11,Bwd Pkt Len Max,1880.0,-0.012261942266807446,0.012261942266807446,supports_benign
XGBOOST_FP_02,xgboost,XGBoost,FP,False,137741,9,9,Fwd Pkt Len Mean,22.0,0.009226551397352768,0.009226551397352768,supports_attack
XGBOOST_FP_02,xgboost,XGBoost,FP,False,137741,10,42,Pkt Len Std,822.8608630868,0.008743863331529777,0.008743863331529777,supports_attack
XGBOOST_FP_02,xgboost,XGBoost,FP,False,137741,11,67,Init Bwd Win Byts,63890.0,0.002883711800017956,0.002883711800017956,supports_attack
XGBOOST_FP_02,xgboost,XGBoost,FP,False,137741,12,43,Pkt Len Var,677100.0,0.0027960520452475542,0.0027960520452475542,supports_attack
XGBOOST_FP_02,xgboost,XGBoost,FP,False,137741,13,53,Pkt Size Avg,483.75,-0.002584586112099354,0.002584586112099354,supports_benign
XGBOOST_FP_02,xgboost,XGBoost,FP,False,137741,14,55,Bwd Seg Size Avg,1253.3333333333,0.0020677378460065045,0.0020677378460065045,supports_attack
XGBOOST_FP_02,xgboost,XGBoost,FP,False,137741,15,14,Bwd Pkt Len Std,1085.4185060765,0.0006019990098218245,0.0006019990098218245,supports_attack
XGBOOST_FP_03,xgboost,XGBoost,FP,False,137742,1,66,Init Fwd Win Byts,8192.0,-0.0966728915541864,0.0966728915541864,supports_benign
XGBOOST_FP_03,xgboost,XGBoost,FP,False,137742,2,46,RST Flag Cnt,1.0,0.05311293548932691,0.05311293548932691,supports_attack
XGBOOST_FP_03,xgboost,XGBoost,FP,False,137742,3,69,Fwd Seg Size Min,28.0,0.02754216278622334,0.02754216278622334,supports_attack
XGBOOST_FP_03,xgboost,XGBoost,FP,False,137742,4,18,Flow IAT Std,196979.2071,-0.027104806138444213,0.027104806138444213,supports_benign
XGBOOST_FP_03,xgboost,XGBoost,FP,False,137742,5,0,Dst Port,443.0,-0.024839763725519857,0.024839763725519857,supports_benign
XGBOOST_FP_03,xgboost,XGBoost,FP,False,137742,6,20,Flow IAT Min,148247.0,0.02466126641232412,0.02466126641232412,supports_attack
XGBOOST_FP_03,xgboost,XGBoost,FP,False,137742,7,23,Fwd IAT Std,95.45941546,0.024546778610873482,0.024546778610873482,supports_attack
XGBOOST_FP_03,xgboost,XGBoost,FP,False,137742,8,11,Bwd Pkt Len Max,0.0,-0.019467725426672758,0.019467725426672758,supports_benign
XGBOOST_FP_03,xgboost,XGBoost,FP,False,137742,9,53,Pkt Size Avg,0.0,0.018387433527839715,0.018387433527839715,supports_attack
XGBOOST_FP_03,xgboost,XGBoost,FP,False,137742,10,7,Fwd Pkt Len Max,0.0,-0.014163864845955951,0.014163864845955951,supports_benign
XGBOOST_FP_03,xgboost,XGBoost,FP,False,137742,11,19,Flow IAT Max,507986.0,-0.012408384289846364,0.012408384289846364,supports_benign
XGBOOST_FP_03,xgboost,XGBoost,FP,False,137742,12,47,PSH Flag Cnt,1.0,0.011645206311353708,0.011645206311353708,supports_attack
XGBOOST_FP_03,xgboost,XGBoost,FP,False,137742,13,51,ECE Flag Cnt,1.0,0.006435107573587914,0.006435107573587914,supports_attack
XGBOOST_FP_03,xgboost,XGBoost,FP,False,137742,14,13,Bwd Pkt Len Mean,0.0,-0.00633631080517669,0.00633631080517669,supports_benign
XGBOOST_FP_03,xgboost,XGBoost,FP,False,137742,15,42,Pkt Len Std,0.0,-0.006271689958953231,0.006271689958953231,supports_benign
XGBOOST_FP_04,xgboost,XGBoost,FP,False,137743,1,46,RST Flag Cnt,1.0,0.09900632791223378,0.09900632791223378,supports_attack
XGBOOST_FP_04,xgboost,XGBoost,FP,False,137743,2,66,Init Fwd Win Byts,8192.0,-0.09357170522501139,0.09357170522501139,supports_benign
XGBOOST_FP_04,xgboost,XGBoost,FP,False,137743,3,30,Bwd IAT Min,17.0,0.03862532811587625,0.03862532811587625,supports_attack
XGBOOST_FP_04,xgboost,XGBoost,FP,False,137743,4,51,ECE Flag Cnt,1.0,0.03376529393765762,0.03376529393765762,supports_attack
XGBOOST_FP_04,xgboost,XGBoost,FP,False,137743,5,11,Bwd Pkt Len Max,1460.0,-0.025758333709666674,0.025758333709666674,supports_benign
XGBOOST_FP_04,xgboost,XGBoost,FP,False,137743,6,20,Flow IAT Min,8.0,0.02222569453698614,0.02222569453698614,supports_attack
XGBOOST_FP_04,xgboost,XGBoost,FP,False,137743,7,0,Dst Port,443.0,0.01845145758878498,0.01845145758878498,supports_attack
XGBOOST_FP_04,xgboost,XGBoost,FP,False,137743,8,23,Fwd IAT Std,7353.4887298479,0.017398918097930028,0.017398918097930028,supports_attack
XGBOOST_FP_04,xgboost,XGBoost,FP,False,137743,9,18,Flow IAT Std,5814.9617474073,-0.016511410820026953,0.016511410820026953,supports_benign
XGBOOST_FP_04,xgboost,XGBoost,FP,False,137743,10,19,Flow IAT Max,16143.0,-0.01606826744655848,0.01606826744655848,supports_benign
XGBOOST_FP_04,xgboost,XGBoost,FP,False,137743,11,42,Pkt Len Std,474.7129550643,0.013842089333370307,0.013842089333370307,supports_attack
XGBOOST_FP_04,xgboost,XGBoost,FP,False,137743,12,2,Flow Duration,56498.0,-0.013831627495075143,0.013831627495075143,supports_benign
XGBOOST_FP_04,xgboost,XGBoost,FP,False,137743,13,14,Bwd Pkt Len Std,655.4329358015,0.009200161438127314,0.009200161438127314,supports_attack
XGBOOST_FP_04,xgboost,XGBoost,FP,False,137743,14,41,Pkt Len Mean,254.4705882353,-0.003488779626239848,0.003488779626239848,supports_benign
XGBOOST_FP_04,xgboost,XGBoost,FP,False,137743,15,40,Pkt Len Max,1460.0,-0.003370315779041514,0.003370315779041514,supports_benign
XGBOOST_FP_05,xgboost,XGBoost,FP,False,137744,1,66,Init Fwd Win Byts,219.0,-0.06974947142626542,0.06974947142626542,supports_benign
XGBOOST_FP_05,xgboost,XGBoost,FP,False,137744,2,7,Fwd Pkt Len Max,976.0,-0.02840401499835596,0.02840401499835596,supports_benign
XGBOOST_FP_05,xgboost,XGBoost,FP,False,137744,3,38,Bwd Pkts/s,0.0,0.02015267969839854,0.02015267969839854,supports_attack
XGBOOST_FP_05,xgboost,XGBoost,FP,False,137744,4,25,Fwd IAT Min,9500002.0,0.018949083275377955,0.018949083275377955,supports_attack
XGBOOST_FP_05,xgboost,XGBoost,FP,False,137744,5,20,Flow IAT Min,9500002.0,0.01743371061845456,0.01743371061845456,supports_attack
XGBOOST_FP_05,xgboost,XGBoost,FP,False,137744,6,31,Fwd PSH Flags,1.0,0.017161632895039074,0.017161632895039074,supports_attack
XGBOOST_FP_05,xgboost,XGBoost,FP,False,137744,7,48,ACK Flag Cnt,1.0,-0.01610184228241495,0.01610184228241495,supports_benign
XGBOOST_FP_05,xgboost,XGBoost,FP,False,137744,8,11,Bwd Pkt Len Max,0.0,-0.011926380297616581,0.011926380297616581,supports_benign
XGBOOST_FP_05,xgboost,XGBoost,FP,False,137744,9,0,Dst Port,53785.0,0.010369840022585205,0.010369840022585205,supports_attack
XGBOOST_FP_05,xgboost,XGBoost,FP,False,137744,10,53,Pkt Size Avg,1464.0,-0.00643233247191244,0.00643233247191244,supports_benign
XGBOOST_FP_05,xgboost,XGBoost,FP,False,137744,11,49,URG Flag Cnt,1.0,-0.004929168213539198,0.004929168213539198,supports_benign
XGBOOST_FP_05,xgboost,XGBoost,FP,False,137744,12,45,SYN Flag Cnt,1.0,0.0026173844534227867,0.0026173844534227867,supports_attack
XGBOOST_FP_05,xgboost,XGBoost,FP,False,137744,13,41,Pkt Len Mean,976.0,-0.002038867103992131,0.002038867103992131,supports_benign
XGBOOST_FP_05,xgboost,XGBoost,FP,False,137744,14,8,Fwd Pkt Len Min,976.0,-0.0013499779393433286,0.0013499779393433286,supports_benign
XGBOOST_FP_05,xgboost,XGBoost,FP,False,137744,15,9,Fwd Pkt Len Mean,976.0,0.00023506609912681171,0.00023506609912681171,supports_attack
XGBOOST_FP_06,xgboost,XGBoost,FP,False,137745,1,66,Init Fwd Win Byts,8192.0,-0.0877161667542828,0.0877161667542828,supports_benign
XGBOOST_FP_06,xgboost,XGBoost,FP,False,137745,2,46,RST Flag Cnt,1.0,0.06366355298231986,0.06366355298231986,supports_attack
XGBOOST_FP_06,xgboost,XGBoost,FP,False,137745,3,53,Pkt Size Avg,35.0,0.030735484682395557,0.030735484682395557,supports_attack
XGBOOST_FP_06,xgboost,XGBoost,FP,False,137745,4,18,Flow IAT Std,91330.4159136067,-0.027347164027988747,0.027347164027988747,supports_benign
XGBOOST_FP_06,xgboost,XGBoost,FP,False,137745,5,23,Fwd IAT Std,128050.48471176,0.024448400915233297,0.024448400915233297,supports_attack
XGBOOST_FP_06,xgboost,XGBoost,FP,False,137745,6,69,Fwd Seg Size Min,20.0,0.020788871136086656,0.020788871136086656,supports_attack
XGBOOST_FP_06,xgboost,XGBoost,FP,False,137745,7,11,Bwd Pkt Len Max,174.0,-0.018318413440442962,0.018318413440442962,supports_benign
XGBOOST_FP_06,xgboost,XGBoost,FP,False,137745,8,20,Flow IAT Min,44.0,0.016427369219489597,0.016427369219489597,supports_attack
XGBOOST_FP_06,xgboost,XGBoost,FP,False,137745,9,19,Flow IAT Max,256445.0,-0.013426639922503578,0.013426639922503578,supports_benign
XGBOOST_FP_06,xgboost,XGBoost,FP,False,137745,10,7,Fwd Pkt Len Max,106.0,-0.012334704117920758,0.012334704117920758,supports_benign
XGBOOST_FP_06,xgboost,XGBoost,FP,False,137745,11,41,Pkt Len Mean,31.1111111111,0.010219089816067332,0.010219089816067332,supports_attack
XGBOOST_FP_06,xgboost,XGBoost,FP,False,137745,12,26,Bwd IAT Tot,344320.0,0.009434471001747026,0.009434471001747026,supports_attack
XGBOOST_FP_06,xgboost,XGBoost,FP,False,137745,13,0,Dst Port,445.0,-0.009165687593352857,0.009165687593352857,supports_benign
XGBOOST_FP_06,xgboost,XGBoost,FP,False,137745,14,2,Flow Duration,453065.0,-0.009062647551941087,0.009062647551941087,supports_benign
XGBOOST_FP_06,xgboost,XGBoost,FP,False,137745,15,51,ECE Flag Cnt,1.0,0.008599552218452343,0.008599552218452343,supports_attack
XGBOOST_FP_07,xgboost,XGBoost,FP,False,137746,1,66,Init Fwd Win Byts,127.0,-0.041706018757322806,0.041706018757322806,supports_benign
XGBOOST_FP_07,xgboost,XGBoost,FP,False,137746,2,20,Flow IAT Min,61.0,0.04127612353213079,0.04127612353213079,supports_attack
XGBOOST_FP_07,xgboost,XGBoost,FP,False,137746,3,53,Pkt Size Avg,0.0,0.03318348686940689,0.03318348686940689,supports_attack
XGBOOST_FP_07,xgboost,XGBoost,FP,False,137746,4,48,ACK Flag Cnt,1.0,-0.024909985186006338,0.024909985186006338,supports_benign
XGBOOST_FP_07,xgboost,XGBoost,FP,False,137746,5,18,Flow IAT Std,0.0,-0.023781894330881383,0.023781894330881383,supports_benign
XGBOOST_FP_07,xgboost,XGBoost,FP,False,137746,6,23,Fwd IAT Std,0.0,0.022126071325031738,0.022126071325031738,supports_attack
XGBOOST_FP_07,xgboost,XGBoost,FP,False,137746,7,0,Dst Port,54515.0,0.021352719710503017,0.021352719710503017,supports_attack
XGBOOST_FP_07,xgboost,XGBoost,FP,False,137746,8,11,Bwd Pkt Len Max,0.0,-0.018123453041041022,0.018123453041041022,supports_benign
XGBOOST_FP_07,xgboost,XGBoost,FP,False,137746,9,29,Bwd IAT Max,0.0,0.016939600068137366,0.016939600068137366,supports_attack
XGBOOST_FP_07,xgboost,XGBoost,FP,False,137746,10,13,Bwd Pkt Len Mean,0.0,-0.016901307142344137,0.016901307142344137,supports_benign
XGBOOST_FP_07,xgboost,XGBoost,FP,False,137746,11,41,Pkt Len Mean,0.0,0.014614352862722654,0.014614352862722654,supports_attack
XGBOOST_FP_07,xgboost,XGBoost,FP,False,137746,12,7,Fwd Pkt Len Max,0.0,-0.014029102310025823,0.014029102310025823,supports_benign
XGBOOST_FP_07,xgboost,XGBoost,FP,False,137746,13,42,Pkt Len Std,0.0,-0.00908587420742208,0.00908587420742208,supports_benign
XGBOOST_FP_07,xgboost,XGBoost,FP,False,137746,14,14,Bwd Pkt Len Std,0.0,-0.00703143838296174,0.00703143838296174,supports_benign
XGBOOST_FP_07,xgboost,XGBoost,FP,False,137746,15,9,Fwd Pkt Len Mean,0.0,0.004617039047700369,0.004617039047700369,supports_attack
XGBOOST_FP_08,xgboost,XGBoost,FP,False,137747,1,66,Init Fwd Win Byts,26883.0,-0.07324909527117635,0.07324909527117635,supports_benign
XGBOOST_FP_08,xgboost,XGBoost,FP,False,137747,2,69,Fwd Seg Size Min,32.0,0.06472905173675755,0.06472905173675755,supports_attack
XGBOOST_FP_08,xgboost,XGBoost,FP,False,137747,3,18,Flow IAT Std,40748.51655,-0.03146715572329933,0.03146715572329933,supports_benign
XGBOOST_FP_08,xgboost,XGBoost,FP,False,137747,4,30,Bwd IAT Min,161.0,0.027647840258000062,0.027647840258000062,supports_attack
XGBOOST_FP_08,xgboost,XGBoost,FP,False,137747,5,0,Dst Port,80.0,-0.024853987588195563,0.024853987588195563,supports_benign
XGBOOST_FP_08,xgboost,XGBoost,FP,False,137747,6,53,Pkt Size Avg,55.5,0.021835334871469863,0.021835334871469863,supports_attack
XGBOOST_FP_08,xgboost,XGBoost,FP,False,137747,7,23,Fwd IAT Std,49817.4413,0.0209256952613161,0.0209256952613161,supports_attack
XGBOOST_FP_08,xgboost,XGBoost,FP,False,137747,8,7,Fwd Pkt Len Max,217.0,-0.02060262273066549,0.02060262273066549,supports_benign
XGBOOST_FP_08,xgboost,XGBoost,FP,False,137747,9,11,Bwd Pkt Len Max,227.0,-0.020307406473054367,0.020307406473054367,supports_benign
XGBOOST_FP_08,xgboost,XGBoost,FP,False,137747,10,47,PSH Flag Cnt,1.0,0.01577932101953118,0.01577932101953118,supports_attack
XGBOOST_FP_08,xgboost,XGBoost,FP,False,137747,11,38,Bwd Pkts/s,23.14386225,0.0138609495187184,0.0138609495187184,supports_attack
XGBOOST_FP_08,xgboost,XGBoost,FP,False,137747,12,29,Bwd IAT Max,84631.0,0.010979181730812868,0.010979181730812868,supports_attack
XGBOOST_FP_08,xgboost,XGBoost,FP,False,137747,13,16,Flow Pkts/s,46.2877245,0.010615995793303317,0.010615995793303317,supports_attack
XGBOOST_FP_08,xgboost,XGBoost,FP,False,137747,14,21,Fwd IAT Tot,172679.0,0.009117314518082892,0.009117314518082892,supports_attack
XGBOOST_FP_08,xgboost,XGBoost,FP,False,137747,15,24,Fwd IAT Max,88483.0,-0.0085826748942086,0.0085826748942086,supports_benign
XGBOOST_TN_01,xgboost,XGBoost,TN,True,137748,1,66,Init Fwd Win Byts,62.0,-0.054224656015101985,0.054224656015101985,supports_benign
XGBOOST_TN_01,xgboost,XGBoost,TN,True,137748,2,53,Pkt Size Avg,46.5,0.03376078061416663,0.03376078061416663,supports_attack
XGBOOST_TN_01,xgboost,XGBoost,TN,True,137748,3,0,Dst Port,51936.0,0.029169185857407614,0.029169185857407614,supports_attack
XGBOOST_TN_01,xgboost,XGBoost,TN,True,137748,4,20,Flow IAT Min,5881086.0,0.026077522065465767,0.026077522065465767,supports_attack
XGBOOST_TN_01,xgboost,XGBoost,TN,True,137748,5,48,ACK Flag Cnt,1.0,-0.024805062483337505,0.024805062483337505,supports_benign
XGBOOST_TN_01,xgboost,XGBoost,TN,True,137748,6,18,Flow IAT Std,0.0,-0.02430555159283809,0.02430555159283809,supports_benign
XGBOOST_TN_01,xgboost,XGBoost,TN,True,137748,7,29,Bwd IAT Max,0.0,0.019838826569466478,0.019838826569466478,supports_attack
XGBOOST_TN_01,xgboost,XGBoost,TN,True,137748,8,23,Fwd IAT Std,0.0,0.019655908521976184,0.019655908521976184,supports_attack
XGBOOST_TN_01,xgboost,XGBoost,TN,True,137748,9,41,Pkt Len Mean,31.0,0.019239883286371107,0.019239883286371107,supports_attack
XGBOOST_TN_01,xgboost,XGBoost,TN,True,137748,10,11,Bwd Pkt Len Max,0.0,-0.014544197993643473,0.014544197993643473,supports_benign
XGBOOST_TN_01,xgboost,XGBoost,TN,True,137748,11,7,Fwd Pkt Len Max,31.0,-0.01366435739476793,0.01366435739476793,supports_benign
XGBOOST_TN_01,xgboost,XGBoost,TN,True,137748,12,8,Fwd Pkt Len Min,31.0,0.011370702508456712,0.011370702508456712,supports_attack
XGBOOST_TN_01,xgboost,XGBoost,TN,True,137748,13,31,Fwd PSH Flags,1.0,0.010558315711840157,0.010558315711840157,supports_attack
XGBOOST_TN_01,xgboost,XGBoost,TN,True,137748,14,49,URG Flag Cnt,1.0,-0.0031889015610679504,0.0031889015610679504,supports_benign
XGBOOST_TN_01,xgboost,XGBoost,TN,True,137748,15,45,SYN Flag Cnt,1.0,0.00024334391681369466,0.00024334391681369466,supports_attack
XGBOOST_TN_02,xgboost,XGBoost,TN,True,137749,1,66,Init Fwd Win Byts,0.0,-0.06927752836660159,0.06927752836660159,supports_benign
XGBOOST_TN_02,xgboost,XGBoost,TN,True,137749,2,18,Flow IAT Std,0.0,-0.03026635911243439,0.03026635911243439,supports_benign
XGBOOST_TN_02,xgboost,XGBoost,TN,True,137749,3,53,Pkt Size Avg,0.0,0.02673994278906642,0.02673994278906642,supports_attack
XGBOOST_TN_02,xgboost,XGBoost,TN,True,137749,4,0,Dst Port,445.0,-0.026650860235724386,0.026650860235724386,supports_benign
XGBOOST_TN_02,xgboost,XGBoost,TN,True,137749,5,11,Bwd Pkt Len Max,0.0,-0.02514118649260546,0.02514118649260546,supports_benign
XGBOOST_TN_02,xgboost,XGBoost,TN,True,137749,6,69,Fwd Seg Size Min,20.0,0.023121856607528624,0.023121856607528624,supports_attack
XGBOOST_TN_02,xgboost,XGBoost,TN,True,137749,7,20,Flow IAT Min,30.0,0.02007546723847524,0.02007546723847524,supports_attack
XGBOOST_TN_02,xgboost,XGBoost,TN,True,137749,8,29,Bwd IAT Max,0.0,0.018933181753696116,0.018933181753696116,supports_attack
XGBOOST_TN_02,xgboost,XGBoost,TN,True,137749,9,23,Fwd IAT Std,0.0,0.01866381064904879,0.01866381064904879,supports_attack
XGBOOST_TN_02,xgboost,XGBoost,TN,True,137749,10,25,Fwd IAT Min,30.0,-0.017968638429516313,0.017968638429516313,supports_benign
XGBOOST_TN_02,xgboost,XGBoost,TN,True,137749,11,13,Bwd Pkt Len Mean,0.0,-0.017509652425781584,0.017509652425781584,supports_benign
XGBOOST_TN_02,xgboost,XGBoost,TN,True,137749,12,7,Fwd Pkt Len Max,0.0,-0.013504519499140846,0.013504519499140846,supports_benign
XGBOOST_TN_02,xgboost,XGBoost,TN,True,137749,13,44,FIN Flag Cnt,1.0,0.010119089642718095,0.010119089642718095,supports_attack
XGBOOST_TN_02,xgboost,XGBoost,TN,True,137749,14,41,Pkt Len Mean,0.0,0.009963757907897735,0.009963757907897735,supports_attack
XGBOOST_TN_02,xgboost,XGBoost,TN,True,137749,15,42,Pkt Len Std,0.0,-0.007324459930433185,0.007324459930433185,supports_benign
XGBOOST_TN_03,xgboost,XGBoost,TN,False,137750,1,20,Flow IAT Min,6.0,0.018400672151354675,0.018400672151354675,supports_attack
XGBOOST_TN_03,xgboost,XGBoost,TN,False,137750,2,69,Fwd Seg Size Min,20.0,0.016915125671658666,0.016915125671658666,supports_attack
XGBOOST_TN_03,xgboost,XGBoost,TN,False,137750,3,66,Init Fwd Win Byts,65535.0,-0.01232481944090318,0.01232481944090318,supports_benign
XGBOOST_TN_03,xgboost,XGBoost,TN,False,137750,4,46,RST Flag Cnt,1.0,0.012253654894593085,0.012253654894593085,supports_attack
XGBOOST_TN_03,xgboost,XGBoost,TN,False,137750,5,42,Pkt Len Std,333.2750901,0.012229644016208822,0.012229644016208822,supports_attack
XGBOOST_TN_03,xgboost,XGBoost,TN,False,137750,6,7,Fwd Pkt Len Max,935.0,-0.011814333046150042,0.011814333046150042,supports_benign
XGBOOST_TN_03,xgboost,XGBoost,TN,False,137750,7,28,Bwd IAT Std,0.0,0.011406635521675429,0.011406635521675429,supports_attack
XGBOOST_TN_03,xgboost,XGBoost,TN,False,137750,8,37,Fwd Pkts/s,595.2380952,0.010662839931511904,0.010662839931511904,supports_attack
XGBOOST_TN_03,xgboost,XGBoost,TN,False,137750,9,10,Fwd Pkt Len Std,418.1447118,-0.005940730988092117,0.005940730988092117,supports_benign
XGBOOST_TN_03,xgboost,XGBoost,TN,False,137750,10,9,Fwd Pkt Len Mean,187.0,0.005707219062815552,0.005707219062815552,supports_attack
XGBOOST_TN_03,xgboost,XGBoost,TN,False,137750,11,41,Pkt Len Mean,156.0,0.005614471989387945,0.005614471989387945,supports_attack
XGBOOST_TN_03,xgboost,XGBoost,TN,False,137750,12,0,Dst Port,57880.0,-0.005380556105629264,0.005380556105629264,supports_benign
XGBOOST_TN_03,xgboost,XGBoost,TN,False,137750,13,53,Pkt Size Avg,178.2857143,0.004754497885546259,0.004754497885546259,supports_attack
XGBOOST_TN_03,xgboost,XGBoost,TN,False,137750,14,40,Pkt Len Max,935.0,-0.0024280154320302904,0.0024280154320302904,supports_benign
XGBOOST_TN_03,xgboost,XGBoost,TN,False,137750,15,51,ECE Flag Cnt,1.0,0.0014314531550371227,0.0014314531550371227,supports_attack
XGBOOST_TN_04,xgboost,XGBoost,TN,False,137751,1,66,Init Fwd Win Byts,8192.0,-0.07574488740014301,0.07574488740014301,supports_benign
XGBOOST_TN_04,xgboost,XGBoost,TN,False,137751,2,11,Bwd Pkt Len Max,231.0,-0.03235111359747614,0.03235111359747614,supports_benign
XGBOOST_TN_04,xgboost,XGBoost,TN,False,137751,3,69,Fwd Seg Size Min,20.0,0.03171654567562555,0.03171654567562555,supports_attack
XGBOOST_TN_04,xgboost,XGBoost,TN,False,137751,4,30,Bwd IAT Min,186.0,0.02919962246137046,0.02919962246137046,supports_attack
XGBOOST_TN_04,xgboost,XGBoost,TN,False,137751,5,53,Pkt Size Avg,41.0,0.028908059781405017,0.028908059781405017,supports_attack
XGBOOST_TN_04,xgboost,XGBoost,TN,False,137751,6,18,Flow IAT Std,1945581.05345213,-0.028864003629563456,0.028864003629563456,supports_benign
XGBOOST_TN_04,xgboost,XGBoost,TN,False,137751,7,20,Flow IAT Min,40.0,0.026407386074161328,0.026407386074161328,supports_attack
XGBOOST_TN_04,xgboost,XGBoost,TN,False,137751,8,23,Fwd IAT Std,35585.3142508723,0.020274823919874466,0.020274823919874466,supports_attack
XGBOOST_TN_04,xgboost,XGBoost,TN,False,137751,9,7,Fwd Pkt Len Max,97.0,-0.019550972488055034,0.019550972488055034,supports_benign
XGBOOST_TN_04,xgboost,XGBoost,TN,False,137751,10,29,Bwd IAT Max,5218938.0,0.012519468491508938,0.012519468491508938,supports_attack
XGBOOST_TN_04,xgboost,XGBoost,TN,False,137751,11,41,Pkt Len Mean,36.4444444444,0.008770217542068501,0.008770217542068501,supports_attack
XGBOOST_TN_04,xgboost,XGBoost,TN,False,137751,12,76,Idle Max,0.0,0.008714661106769099,0.008714661106769099,supports_attack
XGBOOST_TN_04,xgboost,XGBoost,TN,False,137751,13,67,Init Bwd Win Byts,141.0,0.007390114394367246,0.007390114394367246,supports_attack
XGBOOST_TN_04,xgboost,XGBoost,TN,False,137751,14,28,Bwd IAT Std,3012996.20051409,0.005301870677719949,0.005301870677719949,supports_attack
XGBOOST_TN_04,xgboost,XGBoost,TN,False,137751,15,46,RST Flag Cnt,0.0,0.0042979440825315655,0.0042979440825315655,supports_attack
XGBOOST_TN_05,xgboost,XGBoost,TN,False,137752,1,7,Fwd Pkt Len Max,661.0,-0.07353000710823501,0.07353000710823501,supports_benign
XGBOOST_TN_05,xgboost,XGBoost,TN,False,137752,2,66,Init Fwd Win Byts,8192.0,-0.06920823040720632,0.06920823040720632,supports_benign
XGBOOST_TN_05,xgboost,XGBoost,TN,False,137752,3,46,RST Flag Cnt,1.0,0.06698114737851193,0.06698114737851193,supports_attack
XGBOOST_TN_05,xgboost,XGBoost,TN,False,137752,4,11,Bwd Pkt Len Max,1173.0,-0.02430395267446811,0.02430395267446811,supports_benign
XGBOOST_TN_05,xgboost,XGBoost,TN,False,137752,5,53,Pkt Size Avg,180.6,0.0211444062476452,0.0211444062476452,supports_attack
XGBOOST_TN_05,xgboost,XGBoost,TN,False,137752,6,51,ECE Flag Cnt,1.0,0.01674616408698495,0.01674616408698495,supports_attack
XGBOOST_TN_05,xgboost,XGBoost,TN,False,137752,7,19,Flow IAT Max,953136.0,-0.014173222762124783,0.014173222762124783,supports_benign
XGBOOST_TN_05,xgboost,XGBoost,TN,False,137752,8,0,Dst Port,3389.0,-0.013884385055384344,0.013884385055384344,supports_benign
XGBOOST_TN_05,xgboost,XGBoost,TN,False,137752,9,38,Bwd Pkts/s,2.988587013,0.012154236766101568,0.012154236766101568,supports_attack
XGBOOST_TN_05,xgboost,XGBoost,TN,False,137752,10,10,Fwd Pkt Len Std,222.6233206,-0.009338407954901179,0.009338407954901179,supports_benign
XGBOOST_TN_05,xgboost,XGBoost,TN,False,137752,11,14,Bwd Pkt Len Std,430.0986044,0.008479012976498838,0.008479012976498838,supports_attack
XGBOOST_TN_05,xgboost,XGBoost,TN,False,137752,12,42,Pkt Len Std,317.731274,0.0064962394141521804,0.0064962394141521804,supports_attack
XGBOOST_TN_05,xgboost,XGBoost,TN,False,137752,13,40,Pkt Len Max,1173.0,-0.005635095832495952,0.005635095832495952,supports_benign
XGBOOST_TN_05,xgboost,XGBoost,TN,False,137752,14,67,Init Bwd Win Byts,62872.0,0.005568606345272275,0.005568606345272275,supports_attack
XGBOOST_TN_05,xgboost,XGBoost,TN,False,137752,15,54,Fwd Seg Size Avg,141.0,0.0034546952864784753,0.0034546952864784753,supports_attack
XGBOOST_TN_06,xgboost,XGBoost,TN,False,137753,1,66,Init Fwd Win Byts,8192.0,-0.07792834598208447,0.07792834598208447,supports_benign
XGBOOST_TN_06,xgboost,XGBoost,TN,False,137753,2,69,Fwd Seg Size Min,20.0,0.03198209681389499,0.03198209681389499,supports_attack
XGBOOST_TN_06,xgboost,XGBoost,TN,False,137753,3,18,Flow IAT Std,116766.701,-0.0300083556786446,0.0300083556786446,supports_benign
XGBOOST_TN_06,xgboost,XGBoost,TN,False,137753,4,11,Bwd Pkt Len Max,131.0,-0.029757961426603717,0.029757961426603717,supports_benign
XGBOOST_TN_06,xgboost,XGBoost,TN,False,137753,5,53,Pkt Size Avg,45.6,0.029701735108250645,0.029701735108250645,supports_attack
XGBOOST_TN_06,xgboost,XGBoost,TN,False,137753,6,30,Bwd IAT Min,63245.0,0.02910290658327098,0.02910290658327098,supports_attack
XGBOOST_TN_06,xgboost,XGBoost,TN,False,137753,7,23,Fwd IAT Std,157525.831,0.021785638061765,0.021785638061765,supports_attack
XGBOOST_TN_06,xgboost,XGBoost,TN,False,137753,8,7,Fwd Pkt Len Max,103.0,-0.018692879279014585,0.018692879279014585,supports_benign
XGBOOST_TN_06,xgboost,XGBoost,TN,False,137753,9,20,Flow IAT Min,2.0,0.015524690145260096,0.015524690145260096,supports_attack
XGBOOST_TN_06,xgboost,XGBoost,TN,False,137753,10,25,Fwd IAT Min,2.0,-0.013826808975297235,0.013826808975297235,supports_benign
XGBOOST_TN_06,xgboost,XGBoost,TN,False,137753,11,67,Init Bwd Win Byts,0.0,0.010735428626953621,0.010735428626953621,supports_attack
XGBOOST_TN_06,xgboost,XGBoost,TN,False,137753,12,41,Pkt Len Mean,41.45454545,0.00982377050258913,0.00982377050258913,supports_attack
XGBOOST_TN_06,xgboost,XGBoost,TN,False,137753,13,47,PSH Flag Cnt,1.0,-0.006981615713763258,0.006981615713763258,supports_benign
XGBOOST_TN_06,xgboost,XGBoost,TN,False,137753,14,0,Dst Port,445.0,-0.006693274411554547,0.006693274411554547,supports_benign
XGBOOST_TN_06,xgboost,XGBoost,TN,False,137753,15,42,Pkt Len Std,52.11211689,-0.006313591056320723,0.006313591056320723,supports_benign
XGBOOST_TN_07,xgboost,XGBoost,TN,False,137754,1,66,Init Fwd Win Byts,-1.0,-0.05254144645787665,0.05254144645787665,supports_benign
XGBOOST_TN_07,xgboost,XGBoost,TN,False,137754,2,53,Pkt Size Avg,96.0,0.04439037255227559,0.04439037255227559,supports_attack
XGBOOST_TN_07,xgboost,XGBoost,TN,False,137754,3,30,Bwd IAT Min,0.0,0.03371880110868004,0.03371880110868004,supports_attack
XGBOOST_TN_07,xgboost,XGBoost,TN,False,137754,4,18,Flow IAT Std,0.0,-0.029007416310736944,0.029007416310736944,supports_benign
XGBOOST_TN_07,xgboost,XGBoost,TN,False,137754,5,11,Bwd Pkt Len Max,128.0,-0.026309335771763954,0.026309335771763954,supports_benign
XGBOOST_TN_07,xgboost,XGBoost,TN,False,137754,6,29,Bwd IAT Max,0.0,0.024227257952167035,0.024227257952167035,supports_attack
XGBOOST_TN_07,xgboost,XGBoost,TN,False,137754,7,23,Fwd IAT Std,0.0,0.02123193601142289,0.02123193601142289,supports_attack
XGBOOST_TN_07,xgboost,XGBoost,TN,False,137754,8,12,Bwd Pkt Len Min,128.0,0.01887139958374559,0.01887139958374559,supports_attack
XGBOOST_TN_07,xgboost,XGBoost,TN,False,137754,9,25,Fwd IAT Min,0.0,-0.017140433173898656,0.017140433173898656,supports_benign
XGBOOST_TN_07,xgboost,XGBoost,TN,False,137754,10,69,Fwd Seg Size Min,8.0,0.014393037117253506,0.014393037117253506,supports_attack
XGBOOST_TN_07,xgboost,XGBoost,TN,False,137754,11,0,Dst Port,53.0,0.0131905098171667,0.0131905098171667,supports_attack
XGBOOST_TN_07,xgboost,XGBoost,TN,False,137754,12,8,Fwd Pkt Len Min,32.0,0.010864918983518344,0.010864918983518344,supports_attack
XGBOOST_TN_07,xgboost,XGBoost,TN,False,137754,13,7,Fwd Pkt Len Max,32.0,-0.01040171180224883,0.01040171180224883,supports_benign
XGBOOST_TN_07,xgboost,XGBoost,TN,False,137754,14,14,Bwd Pkt Len Std,0.0,-0.006586645430233805,0.006586645430233805,supports_benign
XGBOOST_TN_07,xgboost,XGBoost,TN,False,137754,15,52,Down/Up Ratio,1.0,0.0056379582853639315,0.0056379582853639315,supports_attack
XGBOOST_TN_08,xgboost,XGBoost,TN,False,137755,1,20,Flow IAT Min,6.0,0.01620656071178366,0.01620656071178366,supports_attack
XGBOOST_TN_08,xgboost,XGBoost,TN,False,137755,2,69,Fwd Seg Size Min,20.0,0.01570743381764918,0.01570743381764918,supports_attack
XGBOOST_TN_08,xgboost,XGBoost,TN,False,137755,3,7,Fwd Pkt Len Max,935.0,-0.014962594602905015,0.014962594602905015,supports_benign
XGBOOST_TN_08,xgboost,XGBoost,TN,False,137755,4,66,Init Fwd Win Byts,65535.0,-0.012452995737150908,0.012452995737150908,supports_benign
XGBOOST_TN_08,xgboost,XGBoost,TN,False,137755,5,46,RST Flag Cnt,1.0,0.012271164027062267,0.012271164027062267,supports_attack
XGBOOST_TN_08,xgboost,XGBoost,TN,False,137755,6,42,Pkt Len Std,329.6304208,0.011093725908284315,0.011093725908284315,supports_attack
XGBOOST_TN_08,xgboost,XGBoost,TN,False,137755,7,37,Fwd Pkts/s,3965.107058,0.010666945170898032,0.010666945170898032,supports_attack
XGBOOST_TN_08,xgboost,XGBoost,TN,False,137755,8,23,Fwd IAT Std,469.9740241,0.009167681549275249,0.009167681549275249,supports_attack
XGBOOST_TN_08,xgboost,XGBoost,TN,False,137755,9,10,Fwd Pkt Len Std,418.1447118,-0.008402853131384481,0.008402853131384481,supports_benign
XGBOOST_TN_08,xgboost,XGBoost,TN,False,137755,10,53,Pkt Size Avg,168.8571429,0.006223967970322407,0.006223967970322407,supports_attack
XGBOOST_TN_08,xgboost,XGBoost,TN,False,137755,11,41,Pkt Len Mean,147.75,0.005847701564917085,0.005847701564917085,supports_attack
XGBOOST_TN_08,xgboost,XGBoost,TN,False,137755,12,0,Dst Port,57243.0,-0.005729523678324645,0.005729523678324645,supports_benign
XGBOOST_TN_08,xgboost,XGBoost,TN,False,137755,13,9,Fwd Pkt Len Mean,187.0,0.005514073659232397,0.005514073659232397,supports_attack
XGBOOST_TN_08,xgboost,XGBoost,TN,False,137755,14,40,Pkt Len Max,935.0,-0.003692841896105629,0.003692841896105629,supports_benign
XGBOOST_TN_08,xgboost,XGBoost,TN,False,137755,15,54,Fwd Seg Size Avg,187.0,0.0014196600845860026,0.0014196600845860026,supports_attack
XGBOOST_TP_01,xgboost,XGBoost,TP,False,137756,1,66,Init Fwd Win Byts,8192.0,-0.07077730641326184,0.07077730641326184,supports_benign
XGBOOST_TP_01,xgboost,XGBoost,TP,False,137756,2,7,Fwd Pkt Len Max,677.0,-0.06840106348665166,0.06840106348665166,supports_benign
XGBOOST_TP_01,xgboost,XGBoost,TP,False,137756,3,46,RST Flag Cnt,1.0,0.06501039056043076,0.06501039056043076,supports_attack
XGBOOST_TP_01,xgboost,XGBoost,TP,False,137756,4,11,Bwd Pkt Len Max,1173.0,-0.027966116627819275,0.027966116627819275,supports_benign
XGBOOST_TP_01,xgboost,XGBoost,TP,False,137756,5,18,Flow IAT Std,245486.4762,-0.021346229615442244,0.021346229615442244,supports_benign
XGBOOST_TP_01,xgboost,XGBoost,TP,False,137756,6,51,ECE Flag Cnt,1.0,0.01998149765119962,0.01998149765119962,supports_attack
XGBOOST_TP_01,xgboost,XGBoost,TP,False,137756,7,53,Pkt Size Avg,181.9333333,0.018482697284300822,0.018482697284300822,supports_attack
XGBOOST_TP_01,xgboost,XGBoost,TP,False,137756,8,14,Bwd Pkt Len Std,430.0986044,0.0102299768699123,0.0102299768699123,supports_attack
XGBOOST_TP_01,xgboost,XGBoost,TP,False,137756,9,10,Fwd Pkt Len Std,228.1296624,-0.009643676921489904,0.009643676921489904,supports_benign
XGBOOST_TP_01,xgboost,XGBoost,TP,False,137756,10,0,Dst Port,3389.0,-0.008988498596682519,0.008988498596682519,supports_benign
XGBOOST_TP_01,xgboost,XGBoost,TP,False,137756,11,42,Pkt Len Std,319.4332416,0.008716578981517854,0.008716578981517854,supports_attack
XGBOOST_TP_01,xgboost,XGBoost,TP,False,137756,12,40,Pkt Len Max,1173.0,-0.005485850294419317,0.005485850294419317,supports_benign
XGBOOST_TP_01,xgboost,XGBoost,TP,False,137756,13,13,Bwd Pkt Len Mean,225.8571429,0.004254626794506676,0.004254626794506676,supports_attack
XGBOOST_TP_01,xgboost,XGBoost,TP,False,137756,14,9,Fwd Pkt Len Mean,143.5,0.0041760194520711995,0.0041760194520711995,supports_attack
XGBOOST_TP_01,xgboost,XGBoost,TP,False,137756,15,67,Init Bwd Win Byts,62852.0,0.003957988220055443,0.003957988220055443,supports_attack
XGBOOST_TP_02,xgboost,XGBoost,TP,False,137757,1,20,Flow IAT Min,1.0,0.04220167325577569,0.04220167325577569,supports_attack
XGBOOST_TP_02,xgboost,XGBoost,TP,False,137757,2,53,Pkt Size Avg,0.0,0.03309142768073406,0.03309142768073406,supports_attack
XGBOOST_TP_02,xgboost,XGBoost,TP,False,137757,3,66,Init Fwd Win Byts,2239.0,-0.027001397230954478,0.027001397230954478,supports_benign
XGBOOST_TP_02,xgboost,XGBoost,TP,False,137757,4,18,Flow IAT Std,0.0,-0.024813926929735382,0.024813926929735382,supports_benign
XGBOOST_TP_02,xgboost,XGBoost,TP,False,137757,5,48,ACK Flag Cnt,1.0,-0.022906614920713872,0.022906614920713872,supports_benign
XGBOOST_TP_02,xgboost,XGBoost,TP,False,137757,6,23,Fwd IAT Std,0.0,0.021515208603476877,0.021515208603476877,supports_attack
XGBOOST_TP_02,xgboost,XGBoost,TP,False,137757,7,41,Pkt Len Mean,0.0,0.017079778653360495,0.017079778653360495,supports_attack
XGBOOST_TP_02,xgboost,XGBoost,TP,False,137757,8,11,Bwd Pkt Len Max,0.0,-0.016482148213556348,0.016482148213556348,supports_benign
XGBOOST_TP_02,xgboost,XGBoost,TP,False,137757,9,0,Dst Port,53474.0,0.011571032667772742,0.011571032667772742,supports_attack
XGBOOST_TP_02,xgboost,XGBoost,TP,False,137757,10,38,Bwd Pkts/s,0.0,-0.01125017159710541,0.01125017159710541,supports_benign
XGBOOST_TP_02,xgboost,XGBoost,TP,False,137757,11,42,Pkt Len Std,0.0,-0.010798647526103322,0.010798647526103322,supports_benign
XGBOOST_TP_02,xgboost,XGBoost,TP,False,137757,12,7,Fwd Pkt Len Max,0.0,-0.009835916996895119,0.009835916996895119,supports_benign
XGBOOST_TP_02,xgboost,XGBoost,TP,False,137757,13,40,Pkt Len Max,0.0,0.005469466387548049,0.005469466387548049,supports_attack
XGBOOST_TP_02,xgboost,XGBoost,TP,False,137757,14,37,Fwd Pkts/s,2000000.0,0.0017869429106058936,0.0017869429106058936,supports_attack
XGBOOST_TP_02,xgboost,XGBoost,TP,False,137757,15,16,Flow Pkts/s,2000000.0,-0.0015407897859997161,0.0015407897859997161,supports_benign
XGBOOST_TP_03,xgboost,XGBoost,TP,False,137758,1,66,Init Fwd Win Byts,1024.0,-0.07299907516892802,0.07299907516892802,supports_benign
XGBOOST_TP_03,xgboost,XGBoost,TP,False,137758,2,18,Flow IAT Std,0.0,-0.035395664084945766,0.035395664084945766,supports_benign
XGBOOST_TP_03,xgboost,XGBoost,TP,False,137758,3,20,Flow IAT Min,216.0,0.03475883724927146,0.03475883724927146,supports_attack
XGBOOST_TP_03,xgboost,XGBoost,TP,False,137758,4,69,Fwd Seg Size Min,24.0,0.030616311064267602,0.030616311064267602,supports_attack
XGBOOST_TP_03,xgboost,XGBoost,TP,False,137758,5,11,Bwd Pkt Len Max,0.0,-0.029198953113483497,0.029198953113483497,supports_benign
XGBOOST_TP_03,xgboost,XGBoost,TP,False,137758,6,53,Pkt Size Avg,0.0,0.02748175492375723,0.02748175492375723,supports_attack
XGBOOST_TP_03,xgboost,XGBoost,TP,False,137758,7,23,Fwd IAT Std,0.0,0.01936392272560051,0.01936392272560051,supports_attack
XGBOOST_TP_03,xgboost,XGBoost,TP,False,137758,8,13,Bwd Pkt Len Mean,0.0,-0.015957192009347424,0.015957192009347424,supports_benign
XGBOOST_TP_03,xgboost,XGBoost,TP,False,137758,9,29,Bwd IAT Max,0.0,0.015948618002079553,0.015948618002079553,supports_attack
XGBOOST_TP_03,xgboost,XGBoost,TP,False,137758,10,7,Fwd Pkt Len Max,0.0,-0.014899572771527798,0.014899572771527798,supports_benign
XGBOOST_TP_03,xgboost,XGBoost,TP,False,137758,11,8,Fwd Pkt Len Min,0.0,0.013868377930354503,0.013868377930354503,supports_attack
XGBOOST_TP_03,xgboost,XGBoost,TP,False,137758,12,41,Pkt Len Mean,0.0,0.011251228863147082,0.011251228863147082,supports_attack
XGBOOST_TP_03,xgboost,XGBoost,TP,False,137758,13,19,Flow IAT Max,216.0,-0.00855961939964412,0.00855961939964412,supports_benign
XGBOOST_TP_03,xgboost,XGBoost,TP,False,137758,14,14,Bwd Pkt Len Std,0.0,-0.006582742308217449,0.006582742308217449,supports_benign
XGBOOST_TP_03,xgboost,XGBoost,TP,False,137758,15,42,Pkt Len Std,0.0,-0.004759090177458812,0.004759090177458812,supports_benign
XGBOOST_TP_04,xgboost,XGBoost,TP,False,137759,1,66,Init Fwd Win Byts,32738.0,-0.08555233835515354,0.08555233835515354,supports_benign
XGBOOST_TP_04,xgboost,XGBoost,TP,False,137759,2,18,Flow IAT Std,0.0,-0.02466621588956716,0.02466621588956716,supports_benign
XGBOOST_TP_04,xgboost,XGBoost,TP,False,137759,3,23,Fwd IAT Std,0.0,0.022777978275582197,0.022777978275582197,supports_attack
XGBOOST_TP_04,xgboost,XGBoost,TP,False,137759,4,0,Dst Port,80.0,-0.021232500630784724,0.021232500630784724,supports_benign
XGBOOST_TP_04,xgboost,XGBoost,TP,False,137759,5,25,Fwd IAT Min,26822.0,-0.01785121346457794,0.01785121346457794,supports_benign
XGBOOST_TP_04,xgboost,XGBoost,TP,False,137759,6,53,Pkt Size Avg,0.0,0.014290505241171078,0.014290505241171078,supports_attack
XGBOOST_TP_04,xgboost,XGBoost,TP,False,137759,7,29,Bwd IAT Max,0.0,0.014108635159932117,0.014108635159932117,supports_attack
XGBOOST_TP_04,xgboost,XGBoost,TP,False,137759,8,69,Fwd Seg Size Min,20.0,0.0128902005239309,0.0128902005239309,supports_attack
XGBOOST_TP_04,xgboost,XGBoost,TP,False,137759,9,28,Bwd IAT Std,0.0,0.011840116476546267,0.011840116476546267,supports_attack
XGBOOST_TP_04,xgboost,XGBoost,TP,False,137759,10,19,Flow IAT Max,26822.0,-0.011067616649183484,0.011067616649183484,supports_benign
XGBOOST_TP_04,xgboost,XGBoost,TP,False,137759,11,11,Bwd Pkt Len Max,0.0,-0.011006185850438588,0.011006185850438588,supports_benign
XGBOOST_TP_04,xgboost,XGBoost,TP,False,137759,12,7,Fwd Pkt Len Max,0.0,-0.008633050154263558,0.008633050154263558,supports_benign
XGBOOST_TP_04,xgboost,XGBoost,TP,False,137759,13,48,ACK Flag Cnt,1.0,0.007827818417493068,0.007827818417493068,supports_attack
XGBOOST_TP_04,xgboost,XGBoost,TP,False,137759,14,42,Pkt Len Std,0.0,-0.004128954387753765,0.004128954387753765,supports_benign
XGBOOST_TP_04,xgboost,XGBoost,TP,False,137759,15,14,Bwd Pkt Len Std,0.0,-0.003669299413957368,0.003669299413957368,supports_benign
XGBOOST_TP_05,xgboost,XGBoost,TP,False,137760,1,66,Init Fwd Win Byts,26883.0,-0.06344720233290628,0.06344720233290628,supports_benign
XGBOOST_TP_05,xgboost,XGBoost,TP,False,137760,2,69,Fwd Seg Size Min,32.0,0.057229194181444044,0.057229194181444044,supports_attack
XGBOOST_TP_05,xgboost,XGBoost,TP,False,137760,3,11,Bwd Pkt Len Max,972.0,-0.04359513966911406,0.04359513966911406,supports_benign
XGBOOST_TP_05,xgboost,XGBoost,TP,False,137760,4,7,Fwd Pkt Len Max,420.0,-0.02665728477926231,0.02665728477926231,supports_benign
XGBOOST_TP_05,xgboost,XGBoost,TP,False,137760,5,38,Bwd Pkts/s,0.799526041,0.020515346727960737,0.020515346727960737,supports_attack
XGBOOST_TP_05,xgboost,XGBoost,TP,False,137760,6,53,Pkt Size Avg,174.0,0.01797227588402539,0.01797227588402539,supports_attack
XGBOOST_TP_05,xgboost,XGBoost,TP,False,137760,7,23,Fwd IAT Std,371.2981730811,0.014322871450380322,0.014322871450380322,supports_attack
XGBOOST_TP_05,xgboost,XGBoost,TP,False,137760,8,9,Fwd Pkt Len Mean,105.0,0.01366229967128879,0.01366229967128879,supports_attack
XGBOOST_TP_05,xgboost,XGBoost,TP,False,137760,9,0,Dst Port,80.0,-0.012787920670378854,0.012787920670378854,supports_benign
XGBOOST_TP_05,xgboost,XGBoost,TP,False,137760,10,28,Bwd IAT Std,2887022.17695604,0.01173794043069201,0.01173794043069201,supports_attack
XGBOOST_TP_05,xgboost,XGBoost,TP,False,137760,11,21,Fwd IAT Tot,1955.0,0.01068840972547436,0.01068840972547436,supports_attack
XGBOOST_TP_05,xgboost,XGBoost,TP,False,137760,12,47,PSH Flag Cnt,1.0,0.010113314170055347,0.010113314170055347,supports_attack
XGBOOST_TP_05,xgboost,XGBoost,TP,False,137760,13,67,Init Bwd Win Byts,219.0,0.009752243035491907,0.009752243035491907,supports_attack
XGBOOST_TP_05,xgboost,XGBoost,TP,False,137760,14,40,Pkt Len Max,972.0,-0.006072508523160794,0.006072508523160794,supports_benign
XGBOOST_TP_05,xgboost,XGBoost,TP,False,137760,15,14,Bwd Pkt Len Std,486.0,0.005647767888718944,0.005647767888718944,supports_attack
XGBOOST_TP_06,xgboost,XGBoost,TP,False,137761,1,69,Fwd Seg Size Min,40.0,0.11853309558757354,0.11853309558757354,supports_attack
XGBOOST_TP_06,xgboost,XGBoost,TP,False,137761,2,0,Dst Port,21.0,-0.0636693785041666,0.0636693785041666,supports_benign
XGBOOST_TP_06,xgboost,XGBoost,TP,False,137761,3,66,Init Fwd Win Byts,26883.0,-0.044250728028848565,0.044250728028848565,supports_benign
XGBOOST_TP_06,xgboost,XGBoost,TP,False,137761,4,47,PSH Flag Cnt,1.0,0.0347719081877877,0.0347719081877877,supports_attack
XGBOOST_TP_06,xgboost,XGBoost,TP,False,137761,5,18,Flow IAT Std,0.0,-0.02838218358759469,0.02838218358759469,supports_benign
XGBOOST_TP_06,xgboost,XGBoost,TP,False,137761,6,23,Fwd IAT Std,0.0,0.01863353335380864,0.01863353335380864,supports_attack
XGBOOST_TP_06,xgboost,XGBoost,TP,False,137761,7,11,Bwd Pkt Len Max,0.0,-0.017120601124388176,0.017120601124388176,supports_benign
XGBOOST_TP_06,xgboost,XGBoost,TP,False,137761,8,53,Pkt Size Avg,0.0,0.016289367429704688,0.016289367429704688,supports_attack
XGBOOST_TP_06,xgboost,XGBoost,TP,False,137761,9,16,Flow Pkts/s,666666.6667,0.015524471692915844,0.015524471692915844,supports_attack
XGBOOST_TP_06,xgboost,XGBoost,TP,False,137761,10,21,Fwd IAT Tot,0.0,0.012356394082387732,0.012356394082387732,supports_attack
XGBOOST_TP_06,xgboost,XGBoost,TP,False,137761,11,7,Fwd Pkt Len Max,0.0,-0.008174233735274587,0.008174233735274587,supports_benign
XGBOOST_TP_06,xgboost,XGBoost,TP,False,137761,12,38,Bwd Pkts/s,333333.3333,0.006411186279106058,0.006411186279106058,supports_attack
XGBOOST_TP_06,xgboost,XGBoost,TP,False,137761,13,42,Pkt Len Std,0.0,-0.005311459851541976,0.005311459851541976,supports_benign
XGBOOST_TP_06,xgboost,XGBoost,TP,False,137761,14,52,Down/Up Ratio,1.0,0.004443837089525938,0.004443837089525938,supports_attack
XGBOOST_TP_06,xgboost,XGBoost,TP,False,137761,15,37,Fwd Pkts/s,333333.3333,-0.004258965251173998,0.004258965251173998,supports_benign
XGBOOST_TP_07,xgboost,XGBoost,TP,False,137762,1,69,Fwd Seg Size Min,40.0,0.1279936719250877,0.1279936719250877,supports_attack
XGBOOST_TP_07,xgboost,XGBoost,TP,False,137762,2,0,Dst Port,21.0,-0.0592980481462216,0.0592980481462216,supports_benign
XGBOOST_TP_07,xgboost,XGBoost,TP,False,137762,3,47,PSH Flag Cnt,1.0,0.03768616150292671,0.03768616150292671,supports_attack
XGBOOST_TP_07,xgboost,XGBoost,TP,False,137762,4,66,Init Fwd Win Byts,26883.0,-0.03736426745016474,0.03736426745016474,supports_benign
XGBOOST_TP_07,xgboost,XGBoost,TP,False,137762,5,18,Flow IAT Std,0.0,-0.027029573293195067,0.027029573293195067,supports_benign
XGBOOST_TP_07,xgboost,XGBoost,TP,False,137762,6,23,Fwd IAT Std,0.0,0.018144563297768066,0.018144563297768066,supports_attack
XGBOOST_TP_07,xgboost,XGBoost,TP,False,137762,7,11,Bwd Pkt Len Max,0.0,-0.016254629990115295,0.016254629990115295,supports_benign
XGBOOST_TP_07,xgboost,XGBoost,TP,False,137762,8,53,Pkt Size Avg,0.0,0.014686128117649678,0.014686128117649678,supports_attack
XGBOOST_TP_07,xgboost,XGBoost,TP,False,137762,9,21,Fwd IAT Tot,0.0,0.014417908561978757,0.014417908561978757,supports_attack
XGBOOST_TP_07,xgboost,XGBoost,TP,False,137762,10,7,Fwd Pkt Len Max,0.0,-0.014301063370459803,0.014301063370459803,supports_benign
XGBOOST_TP_07,xgboost,XGBoost,TP,False,137762,11,14,Bwd Pkt Len Std,0.0,-0.008050017719904597,0.008050017719904597,supports_benign
XGBOOST_TP_07,xgboost,XGBoost,TP,False,137762,12,41,Pkt Len Mean,0.0,0.0071442477861463315,0.0071442477861463315,supports_attack
XGBOOST_TP_07,xgboost,XGBoost,TP,False,137762,13,37,Fwd Pkts/s,500000.0,-0.006236405122227881,0.006236405122227881,supports_benign
XGBOOST_TP_07,xgboost,XGBoost,TP,False,137762,14,16,Flow Pkts/s,1000000.0,0.005552026538811656,0.005552026538811656,supports_attack
XGBOOST_TP_07,xgboost,XGBoost,TP,False,137762,15,38,Bwd Pkts/s,500000.0,0.004384554656182165,0.004384554656182165,supports_attack
XGBOOST_TP_08,xgboost,XGBoost,TP,False,137763,1,69,Fwd Seg Size Min,40.0,0.12834059763070413,0.12834059763070413,supports_attack
XGBOOST_TP_08,xgboost,XGBoost,TP,False,137763,2,0,Dst Port,21.0,-0.06525865190655919,0.06525865190655919,supports_benign
XGBOOST_TP_08,xgboost,XGBoost,TP,False,137763,3,66,Init Fwd Win Byts,26883.0,-0.037280154905704604,0.037280154905704604,supports_benign
XGBOOST_TP_08,xgboost,XGBoost,TP,False,137763,4,47,PSH Flag Cnt,1.0,0.033915726327770596,0.033915726327770596,supports_attack
XGBOOST_TP_08,xgboost,XGBoost,TP,False,137763,5,18,Flow IAT Std,0.0,-0.023176717170967916,0.023176717170967916,supports_benign
XGBOOST_TP_08,xgboost,XGBoost,TP,False,137763,6,23,Fwd IAT Std,0.0,0.020713576705870665,0.020713576705870665,supports_attack
XGBOOST_TP_08,xgboost,XGBoost,TP,False,137763,7,53,Pkt Size Avg,0.0,0.017292438709844343,0.017292438709844343,supports_attack
XGBOOST_TP_08,xgboost,XGBoost,TP,False,137763,8,21,Fwd IAT Tot,0.0,0.0168228490070886,0.0168228490070886,supports_attack
XGBOOST_TP_08,xgboost,XGBoost,TP,False,137763,9,11,Bwd Pkt Len Max,0.0,-0.014822816982606369,0.014822816982606369,supports_benign
XGBOOST_TP_08,xgboost,XGBoost,TP,False,137763,10,7,Fwd Pkt Len Max,0.0,-0.00938049997768155,0.00938049997768155,supports_benign
XGBOOST_TP_08,xgboost,XGBoost,TP,False,137763,11,41,Pkt Len Mean,0.0,0.005881455373570568,0.005881455373570568,supports_attack
XGBOOST_TP_08,xgboost,XGBoost,TP,False,137763,12,55,Bwd Seg Size Avg,0.0,-0.00563105184477505,0.00563105184477505,supports_benign
XGBOOST_TP_08,xgboost,XGBoost,TP,False,137763,13,42,Pkt Len Std,0.0,-0.005186626480777459,0.005186626480777459,supports_benign
XGBOOST_TP_08,xgboost,XGBoost,TP,False,137763,14,38,Bwd Pkts/s,500000.0,0.004155918802787449,0.004155918802787449,supports_attack
XGBOOST_TP_08,xgboost,XGBoost,TP,False,137763,15,16,Flow Pkts/s,1000000.0,0.003209958140922645,0.003209958140922645,supports_attack
