disagreement_case_id,model,model_display,original_row_index,y_true,attack_category,rank,feature_index,feature_name,raw_feature_value,shap_value_raw_score,absolute_shap_value,direction
DISAGREE_01,xgboost,XGBoost,110862,0,Benign,1,46,RST Flag Cnt,1.0,1.0782439708709717,1.0782439708709717,supports_attack
DISAGREE_01,xgboost,XGBoost,110862,0,Benign,2,11,Bwd Pkt Len Max,1460.0,-0.7102627158164978,0.7102627158164978,supports_benign
DISAGREE_01,xgboost,XGBoost,110862,0,Benign,3,0,Dst Port,443.0,-0.6073406338691711,0.6073406338691711,supports_benign
DISAGREE_01,xgboost,XGBoost,110862,0,Benign,4,51,ECE Flag Cnt,1.0,0.4656248092651367,0.4656248092651367,supports_attack
DISAGREE_01,xgboost,XGBoost,110862,0,Benign,5,4,Tot Bwd Pkts,7.0,-0.3367618918418884,0.3367618918418884,supports_benign
DISAGREE_01,xgboost,XGBoost,110862,0,Benign,6,69,Fwd Seg Size Min,20.0,-0.20086555182933807,0.20086555182933807,supports_benign
DISAGREE_01,xgboost,XGBoost,110862,0,Benign,7,53,Pkt Size Avg,367.625,0.16589592397212982,0.16589592397212982,supports_attack
DISAGREE_01,xgboost,XGBoost,110862,0,Benign,8,7,Fwd Pkt Len Max,194.0,0.16022199392318726,0.16022199392318726,supports_attack
DISAGREE_01,xgboost,XGBoost,110862,0,Benign,9,73,Active Min,120895.0,0.12401966005563736,0.12401966005563736,supports_attack
DISAGREE_01,xgboost,XGBoost,110862,0,Benign,10,20,Flow IAT Min,1.0,-0.12356217950582504,0.12356217950582504,supports_benign
DISAGREE_01,xgboost,XGBoost,110862,0,Benign,11,19,Flow IAT Max,5859675.0,0.09955747425556183,0.09955747425556183,supports_attack
DISAGREE_01,xgboost,XGBoost,110862,0,Benign,12,13,Bwd Pkt Len Mean,790.1428571429,-0.0981241837143898,0.0981241837143898,supports_benign
DISAGREE_01,xgboost,XGBoost,110862,0,Benign,13,23,Fwd IAT Std,2065771.45350296,0.09798093885183334,0.09798093885183334,supports_attack
DISAGREE_01,xgboost,XGBoost,110862,0,Benign,14,6,TotLen Bwd Pkts,5531.0,0.0832190290093422,0.0832190290093422,supports_attack
DISAGREE_01,xgboost,XGBoost,110862,0,Benign,15,25,Fwd IAT Min,30.0,0.07953473180532455,0.07953473180532455,supports_attack
DISAGREE_01,xgboost,XGBoost,110862,0,Benign,16,15,Flow Byts/s,983.5133598636,0.07568653672933578,0.07568653672933578,supports_attack
DISAGREE_01,xgboost,XGBoost,110862,0,Benign,17,66,Init Fwd Win Byts,8192.0,0.07264061272144318,0.07264061272144318,supports_attack
DISAGREE_01,xgboost,XGBoost,110862,0,Benign,18,22,Fwd IAT Mean,747575.0,-0.06945650279521942,0.06945650279521942,supports_benign
DISAGREE_01,xgboost,XGBoost,110862,0,Benign,19,76,Idle Max,5859675.0,0.06897377222776413,0.06897377222776413,supports_attack
DISAGREE_01,xgboost,XGBoost,110862,0,Benign,20,38,Bwd Pkts/s,1.1704511253,-0.06688538938760757,0.06688538938760757,supports_benign
DISAGREE_01,xgboost,XGBoost,110862,0,Benign,21,40,Pkt Len Max,1460.0,-0.06145023927092552,0.06145023927092552,supports_benign
DISAGREE_01,xgboost,XGBoost,110862,0,Benign,22,70,Active Mean,120895.0,0.059430237859487534,0.059430237859487534,supports_attack
DISAGREE_01,xgboost,XGBoost,110862,0,Benign,23,17,Flow IAT Mean,398706.666666667,-0.0589371994137764,0.0589371994137764,supports_benign
DISAGREE_01,xgboost,XGBoost,110862,0,Benign,24,77,Idle Min,5859675.0,0.058226216584444046,0.058226216584444046,supports_attack
DISAGREE_01,xgboost,XGBoost,110862,0,Benign,25,16,Flow Pkts/s,2.6753168578,-0.05451517179608345,0.05451517179608345,supports_benign
DISAGREE_01,xgboost,XGBoost,110862,0,Benign,26,72,Active Max,120895.0,0.0489276722073555,0.0489276722073555,supports_attack
DISAGREE_01,xgboost,XGBoost,110862,0,Benign,27,9,Fwd Pkt Len Mean,39.0,0.047520384192466736,0.047520384192466736,supports_attack
DISAGREE_01,xgboost,XGBoost,110862,0,Benign,28,21,Fwd IAT Tot,5980600.0,-0.046856533735990524,0.046856533735990524,supports_benign
DISAGREE_01,xgboost,XGBoost,110862,0,Benign,29,42,Pkt Len Std,565.5401179404,0.04378875344991684,0.04378875344991684,supports_attack
DISAGREE_01,xgboost,XGBoost,110862,0,Benign,30,35,Fwd Header Len,192.0,0.04182162880897522,0.04182162880897522,supports_attack
DISAGREE_01,xgboost,XGBoost,110862,0,Benign,31,18,Flow IAT Std,1510819.5003534,-0.033972591161727905,0.033972591161727905,supports_benign
DISAGREE_01,xgboost,XGBoost,110862,0,Benign,32,74,Idle Mean,5859675.0,0.033196821808815,0.033196821808815,supports_attack
DISAGREE_01,xgboost,XGBoost,110862,0,Benign,33,14,Bwd Pkt Len Std,674.2636548046,-0.029544977471232414,0.029544977471232414,supports_benign
DISAGREE_01,xgboost,XGBoost,110862,0,Benign,34,37,Fwd Pkts/s,1.5048657325,-0.028065748512744904,0.028065748512744904,supports_benign
DISAGREE_01,xgboost,XGBoost,110862,0,Benign,35,3,Tot Fwd Pkts,9.0,-0.021103087812662125,0.021103087812662125,supports_benign
DISAGREE_01,xgboost,XGBoost,110862,0,Benign,36,27,Bwd IAT Mean,6875.5,-0.01789453811943531,0.01789453811943531,supports_benign
DISAGREE_01,xgboost,XGBoost,110862,0,Benign,37,31,Fwd PSH Flags,0.0,-0.014377826824784279,0.014377826824784279,supports_benign
DISAGREE_01,xgboost,XGBoost,110862,0,Benign,38,64,Subflow Bwd Pkts,7.0,-0.013823972083628178,0.013823972083628178,supports_benign
DISAGREE_01,xgboost,XGBoost,110862,0,Benign,39,39,Pkt Len Min,0.0,-0.012908890843391418,0.012908890843391418,supports_benign
DISAGREE_01,xgboost,XGBoost,110862,0,Benign,40,10,Fwd Pkt Len Std,71.4002801115,-0.012449437752366066,0.012449437752366066,supports_benign
DISAGREE_01,xgboost,XGBoost,110862,0,Benign,41,12,Bwd Pkt Len Min,0.0,-0.011587865650653839,0.011587865650653839,supports_benign
DISAGREE_01,xgboost,XGBoost,110862,0,Benign,42,47,PSH Flag Cnt,1.0,-0.010619574226439,0.010619574226439,supports_benign
DISAGREE_01,xgboost,XGBoost,110862,0,Benign,43,55,Bwd Seg Size Avg,790.1428571429,0.009829286485910416,0.009829286485910416,supports_attack
DISAGREE_01,xgboost,XGBoost,110862,0,Benign,44,5,TotLen Fwd Pkts,351.0,0.009552745148539543,0.009552745148539543,supports_attack
DISAGREE_01,xgboost,XGBoost,110862,0,Benign,45,52,Down/Up Ratio,0.0,0.00923938862979412,0.00923938862979412,supports_attack
DISAGREE_01,xgboost,XGBoost,110862,0,Benign,46,36,Bwd Header Len,152.0,0.008518949151039124,0.008518949151039124,supports_attack
DISAGREE_01,xgboost,XGBoost,110862,0,Benign,47,26,Bwd IAT Tot,41253.0,-0.008388178423047066,0.008388178423047066,supports_benign
DISAGREE_01,xgboost,XGBoost,110862,0,Benign,48,68,Fwd Act Data Pkts,3.0,0.00803572777658701,0.00803572777658701,supports_attack
DISAGREE_01,xgboost,XGBoost,110862,0,Benign,49,8,Fwd Pkt Len Min,0.0,0.008014721795916557,0.008014721795916557,supports_attack
DISAGREE_01,xgboost,XGBoost,110862,0,Benign,50,29,Bwd IAT Max,22337.0,-0.008006079122424126,0.008006079122424126,supports_benign
DISAGREE_01,xgboost,XGBoost,110862,0,Benign,51,43,Pkt Len Var,319835.625,0.0067398990504443645,0.0067398990504443645,supports_attack
DISAGREE_01,xgboost,XGBoost,110862,0,Benign,52,65,Subflow Bwd Byts,5531.0,0.006012385245412588,0.006012385245412588,supports_attack
DISAGREE_01,xgboost,XGBoost,110862,0,Benign,53,2,Flow Duration,5980600.0,-0.005664931144565344,0.005664931144565344,supports_benign
DISAGREE_01,xgboost,XGBoost,110862,0,Benign,54,30,Bwd IAT Min,1.0,-0.0047506289556622505,0.0047506289556622505,supports_benign
DISAGREE_01,xgboost,XGBoost,110862,0,Benign,55,28,Bwd IAT Std,10205.0134688789,0.0034327004104852676,0.0034327004104852676,supports_attack
DISAGREE_01,xgboost,XGBoost,110862,0,Benign,56,48,ACK Flag Cnt,0.0,0.003426057519391179,0.003426057519391179,supports_attack
DISAGREE_01,xgboost,XGBoost,110862,0,Benign,57,54,Fwd Seg Size Avg,39.0,0.00287811947055161,0.00287811947055161,supports_attack
DISAGREE_01,xgboost,XGBoost,110862,0,Benign,58,49,URG Flag Cnt,0.0,0.0022282127756625414,0.0022282127756625414,supports_attack
DISAGREE_01,xgboost,XGBoost,110862,0,Benign,59,45,SYN Flag Cnt,0.0,-0.0021965117193758488,0.0021965117193758488,supports_benign
DISAGREE_01,xgboost,XGBoost,110862,0,Benign,60,41,Pkt Len Mean,346.0,-0.0018391413614153862,0.0018391413614153862,supports_benign
DISAGREE_01,xgboost,XGBoost,110862,0,Benign,61,71,Active Std,0.0,0.0015832734061405063,0.0015832734061405063,supports_attack
DISAGREE_01,xgboost,XGBoost,110862,0,Benign,62,1,Protocol,6.0,0.001250899164006114,0.001250899164006114,supports_attack
DISAGREE_01,xgboost,XGBoost,110862,0,Benign,63,44,FIN Flag Cnt,0.0,-0.0009783810237422585,0.0009783810237422585,supports_benign
DISAGREE_01,xgboost,XGBoost,110862,0,Benign,64,75,Idle Std,0.0,0.0009552242117933929,0.0009552242117933929,supports_attack
DISAGREE_01,xgboost,XGBoost,110862,0,Benign,65,24,Fwd IAT Max,5859675.0,-0.000726007332559675,0.000726007332559675,supports_benign
DISAGREE_01,xgboost,XGBoost,110862,0,Benign,66,63,Subflow Fwd Byts,351.0,0.0005575403338298202,0.0005575403338298202,supports_attack
DISAGREE_01,xgboost,XGBoost,110862,0,Benign,67,62,Subflow Fwd Pkts,9.0,0.00045368605060502887,0.00045368605060502887,supports_attack
DISAGREE_01,xgboost,XGBoost,110862,0,Benign,68,67,Init Bwd Win Byts,946.0,-0.00038180648698471487,0.00038180648698471487,supports_benign
DISAGREE_01,xgboost,XGBoost,110862,0,Benign,69,33,Fwd URG Flags,0.0,-0.00019710391643457115,0.00019710391643457115,supports_benign
DISAGREE_01,xgboost,XGBoost,110862,0,Benign,70,32,Bwd PSH Flags,0.0,0.0,0.0,supports_benign
DISAGREE_01,xgboost,XGBoost,110862,0,Benign,71,34,Bwd URG Flags,0.0,0.0,0.0,supports_benign
DISAGREE_01,xgboost,XGBoost,110862,0,Benign,72,50,CWE Flag Count,0.0,0.0,0.0,supports_benign
DISAGREE_01,xgboost,XGBoost,110862,0,Benign,73,56,Fwd Byts/b Avg,0.0,0.0,0.0,supports_benign
DISAGREE_01,xgboost,XGBoost,110862,0,Benign,74,57,Fwd Pkts/b Avg,0.0,0.0,0.0,supports_benign
DISAGREE_01,xgboost,XGBoost,110862,0,Benign,75,58,Fwd Blk Rate Avg,0.0,0.0,0.0,supports_benign
DISAGREE_01,xgboost,XGBoost,110862,0,Benign,76,59,Bwd Byts/b Avg,0.0,0.0,0.0,supports_benign
DISAGREE_01,xgboost,XGBoost,110862,0,Benign,77,60,Bwd Pkts/b Avg,0.0,0.0,0.0,supports_benign
DISAGREE_01,xgboost,XGBoost,110862,0,Benign,78,61,Bwd Blk Rate Avg,0.0,0.0,0.0,supports_benign
DISAGREE_01,lightgbm,LightGBM,110862,0,Benign,1,51,ECE Flag Cnt,1.0,0.9687517889708501,0.9687517889708501,supports_attack
DISAGREE_01,lightgbm,LightGBM,110862,0,Benign,2,0,Dst Port,443.0,-0.952412702116928,0.952412702116928,supports_benign
DISAGREE_01,lightgbm,LightGBM,110862,0,Benign,3,46,RST Flag Cnt,1.0,0.7267321918538168,0.7267321918538168,supports_attack
DISAGREE_01,lightgbm,LightGBM,110862,0,Benign,4,69,Fwd Seg Size Min,20.0,-0.43972866549146006,0.43972866549146006,supports_benign
DISAGREE_01,lightgbm,LightGBM,110862,0,Benign,5,7,Fwd Pkt Len Max,194.0,0.3352036291997295,0.3352036291997295,supports_attack
DISAGREE_01,lightgbm,LightGBM,110862,0,Benign,6,10,Fwd Pkt Len Std,71.4002801115,0.29260751190586093,0.29260751190586093,supports_attack
DISAGREE_01,lightgbm,LightGBM,110862,0,Benign,7,64,Subflow Bwd Pkts,7.0,-0.2612467385425511,0.2612467385425511,supports_benign
DISAGREE_01,lightgbm,LightGBM,110862,0,Benign,8,40,Pkt Len Max,1460.0,-0.25223536371932176,0.25223536371932176,supports_benign
DISAGREE_01,lightgbm,LightGBM,110862,0,Benign,9,11,Bwd Pkt Len Max,1460.0,-0.2459001614718136,0.2459001614718136,supports_benign
DISAGREE_01,lightgbm,LightGBM,110862,0,Benign,10,66,Init Fwd Win Byts,8192.0,-0.21632140924775847,0.21632140924775847,supports_benign
DISAGREE_01,lightgbm,LightGBM,110862,0,Benign,11,20,Flow IAT Min,1.0,-0.2090939076644696,0.2090939076644696,supports_benign
DISAGREE_01,lightgbm,LightGBM,110862,0,Benign,12,19,Flow IAT Max,5859675.0,0.20055169814706786,0.20055169814706786,supports_attack
DISAGREE_01,lightgbm,LightGBM,110862,0,Benign,13,13,Bwd Pkt Len Mean,790.1428571429,-0.17224029487339967,0.17224029487339967,supports_benign
DISAGREE_01,lightgbm,LightGBM,110862,0,Benign,14,6,TotLen Bwd Pkts,5531.0,-0.16423331862038554,0.16423331862038554,supports_benign
DISAGREE_01,lightgbm,LightGBM,110862,0,Benign,15,4,Tot Bwd Pkts,7.0,-0.10893494555468712,0.10893494555468712,supports_benign
DISAGREE_01,lightgbm,LightGBM,110862,0,Benign,16,37,Fwd Pkts/s,1.5048657325,-0.10336976691539869,0.10336976691539869,supports_benign
DISAGREE_01,lightgbm,LightGBM,110862,0,Benign,17,17,Flow IAT Mean,398706.666666667,-0.0984324565270306,0.0984324565270306,supports_benign
DISAGREE_01,lightgbm,LightGBM,110862,0,Benign,18,30,Bwd IAT Min,1.0,0.08186524149094747,0.08186524149094747,supports_attack
DISAGREE_01,lightgbm,LightGBM,110862,0,Benign,19,22,Fwd IAT Mean,747575.0,-0.08027546122485384,0.08027546122485384,supports_benign
DISAGREE_01,lightgbm,LightGBM,110862,0,Benign,20,55,Bwd Seg Size Avg,790.1428571429,-0.06728600667354732,0.06728600667354732,supports_benign
DISAGREE_01,lightgbm,LightGBM,110862,0,Benign,21,29,Bwd IAT Max,22337.0,-0.06448995158057615,0.06448995158057615,supports_benign
DISAGREE_01,lightgbm,LightGBM,110862,0,Benign,22,28,Bwd IAT Std,10205.0134688789,-0.0607122977622769,0.0607122977622769,supports_benign
DISAGREE_01,lightgbm,LightGBM,110862,0,Benign,23,65,Subflow Bwd Byts,5531.0,-0.05634660774827066,0.05634660774827066,supports_benign
DISAGREE_01,lightgbm,LightGBM,110862,0,Benign,24,42,Pkt Len Std,565.5401179404,0.053885082047801014,0.053885082047801014,supports_attack
DISAGREE_01,lightgbm,LightGBM,110862,0,Benign,25,67,Init Bwd Win Byts,946.0,-0.05370513216174984,0.05370513216174984,supports_benign
DISAGREE_01,lightgbm,LightGBM,110862,0,Benign,26,36,Bwd Header Len,152.0,-0.05210383433604997,0.05210383433604997,supports_benign
DISAGREE_01,lightgbm,LightGBM,110862,0,Benign,27,41,Pkt Len Mean,346.0,0.049587838003677095,0.049587838003677095,supports_attack
DISAGREE_01,lightgbm,LightGBM,110862,0,Benign,28,26,Bwd IAT Tot,41253.0,0.047697306583389644,0.047697306583389644,supports_attack
DISAGREE_01,lightgbm,LightGBM,110862,0,Benign,29,35,Fwd Header Len,192.0,0.046581258130824844,0.046581258130824844,supports_attack
DISAGREE_01,lightgbm,LightGBM,110862,0,Benign,30,16,Flow Pkts/s,2.6753168578,-0.04427121965073909,0.04427121965073909,supports_benign
DISAGREE_01,lightgbm,LightGBM,110862,0,Benign,31,53,Pkt Size Avg,367.625,0.03988349068154205,0.03988349068154205,supports_attack
DISAGREE_01,lightgbm,LightGBM,110862,0,Benign,32,2,Flow Duration,5980600.0,-0.037885305491647286,0.037885305491647286,supports_benign
DISAGREE_01,lightgbm,LightGBM,110862,0,Benign,33,77,Idle Min,5859675.0,0.036253200847137165,0.036253200847137165,supports_attack
DISAGREE_01,lightgbm,LightGBM,110862,0,Benign,34,76,Idle Max,5859675.0,-0.033451784973288795,0.033451784973288795,supports_benign
DISAGREE_01,lightgbm,LightGBM,110862,0,Benign,35,15,Flow Byts/s,983.5133598636,0.03126603590320345,0.03126603590320345,supports_attack
DISAGREE_01,lightgbm,LightGBM,110862,0,Benign,36,74,Idle Mean,5859675.0,0.02890070517207658,0.02890070517207658,supports_attack
DISAGREE_01,lightgbm,LightGBM,110862,0,Benign,37,25,Fwd IAT Min,30.0,0.028572223897139745,0.028572223897139745,supports_attack
DISAGREE_01,lightgbm,LightGBM,110862,0,Benign,38,70,Active Mean,120895.0,0.028370415238245506,0.028370415238245506,supports_attack
DISAGREE_01,lightgbm,LightGBM,110862,0,Benign,39,63,Subflow Fwd Byts,351.0,-0.02774688122309871,0.02774688122309871,supports_benign
DISAGREE_01,lightgbm,LightGBM,110862,0,Benign,40,54,Fwd Seg Size Avg,39.0,0.026324359045370414,0.026324359045370414,supports_attack
DISAGREE_01,lightgbm,LightGBM,110862,0,Benign,41,18,Flow IAT Std,1510819.5003534,-0.024878024247948365,0.024878024247948365,supports_benign
DISAGREE_01,lightgbm,LightGBM,110862,0,Benign,42,3,Tot Fwd Pkts,9.0,0.024864198899999693,0.024864198899999693,supports_attack
DISAGREE_01,lightgbm,LightGBM,110862,0,Benign,43,14,Bwd Pkt Len Std,674.2636548046,-0.023833340111087477,0.023833340111087477,supports_benign
DISAGREE_01,lightgbm,LightGBM,110862,0,Benign,44,43,Pkt Len Var,319835.625,0.022360368763764325,0.022360368763764325,supports_attack
DISAGREE_01,lightgbm,LightGBM,110862,0,Benign,45,24,Fwd IAT Max,5859675.0,-0.019714327011746042,0.019714327011746042,supports_benign
DISAGREE_01,lightgbm,LightGBM,110862,0,Benign,46,68,Fwd Act Data Pkts,3.0,0.018210952737429627,0.018210952737429627,supports_attack
DISAGREE_01,lightgbm,LightGBM,110862,0,Benign,47,72,Active Max,120895.0,0.01697312194346652,0.01697312194346652,supports_attack
DISAGREE_01,lightgbm,LightGBM,110862,0,Benign,48,47,PSH Flag Cnt,1.0,-0.015185769279599855,0.015185769279599855,supports_benign
DISAGREE_01,lightgbm,LightGBM,110862,0,Benign,49,21,Fwd IAT Tot,5980600.0,0.014711597080124025,0.014711597080124025,supports_attack
DISAGREE_01,lightgbm,LightGBM,110862,0,Benign,50,73,Active Min,120895.0,0.013761103671786137,0.013761103671786137,supports_attack
DISAGREE_01,lightgbm,LightGBM,110862,0,Benign,51,12,Bwd Pkt Len Min,0.0,-0.013282251340955146,0.013282251340955146,supports_benign
DISAGREE_01,lightgbm,LightGBM,110862,0,Benign,52,48,ACK Flag Cnt,0.0,0.009493105071194304,0.009493105071194304,supports_attack
DISAGREE_01,lightgbm,LightGBM,110862,0,Benign,53,38,Bwd Pkts/s,1.1704511253,-0.009491922107024672,0.009491922107024672,supports_benign
DISAGREE_01,lightgbm,LightGBM,110862,0,Benign,54,39,Pkt Len Min,0.0,-0.009278208524924362,0.009278208524924362,supports_benign
DISAGREE_01,lightgbm,LightGBM,110862,0,Benign,55,23,Fwd IAT Std,2065771.45350296,-0.007571157199893871,0.007571157199893871,supports_benign
DISAGREE_01,lightgbm,LightGBM,110862,0,Benign,56,8,Fwd Pkt Len Min,0.0,0.007192252645535267,0.007192252645535267,supports_attack
DISAGREE_01,lightgbm,LightGBM,110862,0,Benign,57,71,Active Std,0.0,0.007086281245653641,0.007086281245653641,supports_attack
DISAGREE_01,lightgbm,LightGBM,110862,0,Benign,58,9,Fwd Pkt Len Mean,39.0,0.006679395956595903,0.006679395956595903,supports_attack
DISAGREE_01,lightgbm,LightGBM,110862,0,Benign,59,5,TotLen Fwd Pkts,351.0,-0.005861066838577883,0.005861066838577883,supports_benign
DISAGREE_01,lightgbm,LightGBM,110862,0,Benign,60,62,Subflow Fwd Pkts,9.0,-0.004781511489728499,0.004781511489728499,supports_benign
DISAGREE_01,lightgbm,LightGBM,110862,0,Benign,61,31,Fwd PSH Flags,0.0,-0.004360996721545442,0.004360996721545442,supports_benign
DISAGREE_01,lightgbm,LightGBM,110862,0,Benign,62,45,SYN Flag Cnt,0.0,-0.0032729527219770727,0.0032729527219770727,supports_benign
DISAGREE_01,lightgbm,LightGBM,110862,0,Benign,63,49,URG Flag Cnt,0.0,0.00302869789051371,0.00302869789051371,supports_attack
DISAGREE_01,lightgbm,LightGBM,110862,0,Benign,64,52,Down/Up Ratio,0.0,0.0018876583935803217,0.0018876583935803217,supports_attack
DISAGREE_01,lightgbm,LightGBM,110862,0,Benign,65,75,Idle Std,0.0,-0.001429052035606386,0.001429052035606386,supports_benign
DISAGREE_01,lightgbm,LightGBM,110862,0,Benign,66,44,FIN Flag Cnt,0.0,-0.0003242704598329325,0.0003242704598329325,supports_benign
DISAGREE_01,lightgbm,LightGBM,110862,0,Benign,67,27,Bwd IAT Mean,6875.5,-0.0002858553232767211,0.0002858553232767211,supports_benign
DISAGREE_01,lightgbm,LightGBM,110862,0,Benign,68,33,Fwd URG Flags,0.0,-9.927716871941122e-06,9.927716871941122e-06,supports_benign
DISAGREE_01,lightgbm,LightGBM,110862,0,Benign,69,1,Protocol,6.0,0.0,0.0,supports_benign
DISAGREE_01,lightgbm,LightGBM,110862,0,Benign,70,32,Bwd PSH Flags,0.0,0.0,0.0,supports_benign
DISAGREE_01,lightgbm,LightGBM,110862,0,Benign,71,34,Bwd URG Flags,0.0,0.0,0.0,supports_benign
DISAGREE_01,lightgbm,LightGBM,110862,0,Benign,72,50,CWE Flag Count,0.0,0.0,0.0,supports_benign
DISAGREE_01,lightgbm,LightGBM,110862,0,Benign,73,56,Fwd Byts/b Avg,0.0,0.0,0.0,supports_benign
DISAGREE_01,lightgbm,LightGBM,110862,0,Benign,74,57,Fwd Pkts/b Avg,0.0,0.0,0.0,supports_benign
DISAGREE_01,lightgbm,LightGBM,110862,0,Benign,75,58,Fwd Blk Rate Avg,0.0,0.0,0.0,supports_benign
DISAGREE_01,lightgbm,LightGBM,110862,0,Benign,76,59,Bwd Byts/b Avg,0.0,0.0,0.0,supports_benign
DISAGREE_01,lightgbm,LightGBM,110862,0,Benign,77,60,Bwd Pkts/b Avg,0.0,0.0,0.0,supports_benign
DISAGREE_01,lightgbm,LightGBM,110862,0,Benign,78,61,Bwd Blk Rate Avg,0.0,0.0,0.0,supports_benign
DISAGREE_02,xgboost,XGBoost,243405,0,Benign,1,0,Dst Port,500.0,-0.7714957594871521,0.7714957594871521,supports_benign
DISAGREE_02,xgboost,XGBoost,243405,0,Benign,2,69,Fwd Seg Size Min,8.0,-0.38826102018356323,0.38826102018356323,supports_benign
DISAGREE_02,xgboost,XGBoost,243405,0,Benign,3,75,Idle Std,15281064.5684944,0.34999555349349976,0.34999555349349976,supports_attack
DISAGREE_02,xgboost,XGBoost,243405,0,Benign,4,66,Init Fwd Win Byts,-1.0,-0.3491399586200714,0.3491399586200714,supports_benign
DISAGREE_02,xgboost,XGBoost,243405,0,Benign,5,77,Idle Min,7200400.0,0.3352864384651184,0.3352864384651184,supports_attack
DISAGREE_02,xgboost,XGBoost,243405,0,Benign,6,53,Pkt Size Avg,583.3333333333,0.23091016709804535,0.23091016709804535,supports_attack
DISAGREE_02,xgboost,XGBoost,243405,0,Benign,7,25,Fwd IAT Min,4000265.0,-0.2064279019832611,0.2064279019832611,supports_benign
DISAGREE_02,xgboost,XGBoost,243405,0,Benign,8,39,Pkt Len Min,500.0,0.2007105052471161,0.2007105052471161,supports_attack
DISAGREE_02,xgboost,XGBoost,243405,0,Benign,9,5,TotLen Fwd Pkts,3000.0,0.16983745992183685,0.16983745992183685,supports_attack
DISAGREE_02,xgboost,XGBoost,243405,0,Benign,10,76,Idle Max,41990301.0,0.15332680940628052,0.15332680940628052,supports_attack
DISAGREE_02,xgboost,XGBoost,243405,0,Benign,11,23,Fwd IAT Std,15345146.3008279,0.14594700932502747,0.14594700932502747,supports_attack
DISAGREE_02,xgboost,XGBoost,243405,0,Benign,12,46,RST Flag Cnt,0.0,-0.12979385256767273,0.12979385256767273,supports_benign
DISAGREE_02,xgboost,XGBoost,243405,0,Benign,13,40,Pkt Len Max,500.0,0.12861382961273193,0.12861382961273193,supports_attack
DISAGREE_02,xgboost,XGBoost,243405,0,Benign,14,7,Fwd Pkt Len Max,500.0,0.11305085569620132,0.11305085569620132,supports_attack
DISAGREE_02,xgboost,XGBoost,243405,0,Benign,15,41,Pkt Len Mean,500.0,0.1030421108007431,0.1030421108007431,supports_attack
DISAGREE_02,xgboost,XGBoost,243405,0,Benign,16,74,Idle Mean,21369823.75,0.09830513596534729,0.09830513596534729,supports_attack
DISAGREE_02,xgboost,XGBoost,243405,0,Benign,17,37,Fwd Pkts/s,0.06705442,-0.08644600212574005,0.08644600212574005,supports_benign
DISAGREE_02,xgboost,XGBoost,243405,0,Benign,18,22,Fwd IAT Mean,17895912.0,-0.07803001254796982,0.07803001254796982,supports_benign
DISAGREE_02,xgboost,XGBoost,243405,0,Benign,19,9,Fwd Pkt Len Mean,500.0,0.07456795126199722,0.07456795126199722,supports_attack
DISAGREE_02,xgboost,XGBoost,243405,0,Benign,20,20,Flow IAT Min,4000265.0,0.07302337139844894,0.07302337139844894,supports_attack
DISAGREE_02,xgboost,XGBoost,243405,0,Benign,21,73,Active Min,4000265.0,0.06714183837175369,0.06714183837175369,supports_attack
DISAGREE_02,xgboost,XGBoost,243405,0,Benign,22,11,Bwd Pkt Len Max,0.0,0.0664079412817955,0.0664079412817955,supports_attack
DISAGREE_02,xgboost,XGBoost,243405,0,Benign,23,13,Bwd Pkt Len Mean,0.0,0.06560193747282028,0.06560193747282028,supports_attack
DISAGREE_02,xgboost,XGBoost,243405,0,Benign,24,72,Active Max,4000265.0,-0.05867503955960274,0.05867503955960274,supports_benign
DISAGREE_02,xgboost,XGBoost,243405,0,Benign,25,15,Flow Byts/s,33.5272100131,-0.05495667830109596,0.05495667830109596,supports_benign
DISAGREE_02,xgboost,XGBoost,243405,0,Benign,26,12,Bwd Pkt Len Min,0.0,-0.05245012417435646,0.05245012417435646,supports_benign
DISAGREE_02,xgboost,XGBoost,243405,0,Benign,27,63,Subflow Fwd Byts,3000.0,0.05214054882526398,0.05214054882526398,supports_attack
DISAGREE_02,xgboost,XGBoost,243405,0,Benign,28,38,Bwd Pkts/s,0.0,-0.051201630383729935,0.051201630383729935,supports_benign
DISAGREE_02,xgboost,XGBoost,243405,0,Benign,29,16,Flow Pkts/s,0.06705442,-0.05053819343447685,0.05053819343447685,supports_benign
DISAGREE_02,xgboost,XGBoost,243405,0,Benign,30,8,Fwd Pkt Len Min,500.0,0.04902045428752899,0.04902045428752899,supports_attack
DISAGREE_02,xgboost,XGBoost,243405,0,Benign,31,36,Bwd Header Len,0.0,0.03832293674349785,0.03832293674349785,supports_attack
DISAGREE_02,xgboost,XGBoost,243405,0,Benign,32,6,TotLen Bwd Pkts,0.0,0.037755612283945084,0.037755612283945084,supports_attack
DISAGREE_02,xgboost,XGBoost,243405,0,Benign,33,42,Pkt Len Std,0.0,0.031774453818798065,0.031774453818798065,supports_attack
DISAGREE_02,xgboost,XGBoost,243405,0,Benign,34,47,PSH Flag Cnt,0.0,-0.031322527676820755,0.031322527676820755,supports_benign
DISAGREE_02,xgboost,XGBoost,243405,0,Benign,35,68,Fwd Act Data Pkts,5.0,0.030146224424242973,0.030146224424242973,supports_attack
DISAGREE_02,xgboost,XGBoost,243405,0,Benign,36,4,Tot Bwd Pkts,0.0,0.02829875238239765,0.02829875238239765,supports_attack
DISAGREE_02,xgboost,XGBoost,243405,0,Benign,37,65,Subflow Bwd Byts,0.0,-0.023821884766221046,0.023821884766221046,supports_benign
DISAGREE_02,xgboost,XGBoost,243405,0,Benign,38,17,Flow IAT Mean,17895912.0,-0.0235908143222332,0.0235908143222332,supports_benign
DISAGREE_02,xgboost,XGBoost,243405,0,Benign,39,3,Tot Fwd Pkts,6.0,-0.021829579025506973,0.021829579025506973,supports_benign
DISAGREE_02,xgboost,XGBoost,243405,0,Benign,40,30,Bwd IAT Min,0.0,-0.021514929831027985,0.021514929831027985,supports_benign
DISAGREE_02,xgboost,XGBoost,243405,0,Benign,41,21,Fwd IAT Tot,89479560.0,-0.01898418553173542,0.01898418553173542,supports_benign
DISAGREE_02,xgboost,XGBoost,243405,0,Benign,42,14,Bwd Pkt Len Std,0.0,0.0186807569116354,0.0186807569116354,supports_attack
DISAGREE_02,xgboost,XGBoost,243405,0,Benign,43,18,Flow IAT Std,15345146.3008279,0.017758019268512726,0.017758019268512726,supports_attack
DISAGREE_02,xgboost,XGBoost,243405,0,Benign,44,71,Active Std,0.0,0.01732739433646202,0.01732739433646202,supports_attack
DISAGREE_02,xgboost,XGBoost,243405,0,Benign,45,29,Bwd IAT Max,0.0,-0.01417431328445673,0.01417431328445673,supports_benign
DISAGREE_02,xgboost,XGBoost,243405,0,Benign,46,27,Bwd IAT Mean,0.0,-0.0125034861266613,0.0125034861266613,supports_benign
DISAGREE_02,xgboost,XGBoost,243405,0,Benign,47,19,Flow IAT Max,41990301.0,-0.011708644218742847,0.011708644218742847,supports_benign
DISAGREE_02,xgboost,XGBoost,243405,0,Benign,48,24,Fwd IAT Max,41990301.0,-0.011368402279913425,0.011368402279913425,supports_benign
DISAGREE_02,xgboost,XGBoost,243405,0,Benign,49,48,ACK Flag Cnt,0.0,0.0088236378505826,0.0088236378505826,supports_attack
DISAGREE_02,xgboost,XGBoost,243405,0,Benign,50,70,Active Mean,4000265.0,0.0075863925740122795,0.0075863925740122795,supports_attack
DISAGREE_02,xgboost,XGBoost,243405,0,Benign,51,35,Fwd Header Len,48.0,0.00752222677692771,0.00752222677692771,supports_attack
DISAGREE_02,xgboost,XGBoost,243405,0,Benign,52,31,Fwd PSH Flags,0.0,-0.007445744704455137,0.007445744704455137,supports_benign
DISAGREE_02,xgboost,XGBoost,243405,0,Benign,53,2,Flow Duration,89479560.0,0.006658145226538181,0.006658145226538181,supports_attack
DISAGREE_02,xgboost,XGBoost,243405,0,Benign,54,1,Protocol,17.0,-0.006614573299884796,0.006614573299884796,supports_benign
DISAGREE_02,xgboost,XGBoost,243405,0,Benign,55,52,Down/Up Ratio,0.0,0.005346101708710194,0.005346101708710194,supports_attack
DISAGREE_02,xgboost,XGBoost,243405,0,Benign,56,26,Bwd IAT Tot,0.0,-0.004910269286483526,0.004910269286483526,supports_benign
DISAGREE_02,xgboost,XGBoost,243405,0,Benign,57,54,Fwd Seg Size Avg,500.0,-0.004339864943176508,0.004339864943176508,supports_benign
DISAGREE_02,xgboost,XGBoost,243405,0,Benign,58,43,Pkt Len Var,0.0,0.003956982865929604,0.003956982865929604,supports_attack
DISAGREE_02,xgboost,XGBoost,243405,0,Benign,59,49,URG Flag Cnt,0.0,0.0028540014754980803,0.0028540014754980803,supports_attack
DISAGREE_02,xgboost,XGBoost,243405,0,Benign,60,67,Init Bwd Win Byts,-1.0,0.0015882537700235844,0.0015882537700235844,supports_attack
DISAGREE_02,xgboost,XGBoost,243405,0,Benign,61,10,Fwd Pkt Len Std,0.0,0.001212053233757615,0.001212053233757615,supports_attack
DISAGREE_02,xgboost,XGBoost,243405,0,Benign,62,44,FIN Flag Cnt,0.0,-0.0010598431108519435,0.0010598431108519435,supports_benign
DISAGREE_02,xgboost,XGBoost,243405,0,Benign,63,51,ECE Flag Cnt,0.0,0.000935159157961607,0.000935159157961607,supports_attack
DISAGREE_02,xgboost,XGBoost,243405,0,Benign,64,28,Bwd IAT Std,0.0,-0.0008748078835196793,0.0008748078835196793,supports_benign
DISAGREE_02,xgboost,XGBoost,243405,0,Benign,65,55,Bwd Seg Size Avg,0.0,-0.000853109871968627,0.000853109871968627,supports_benign
DISAGREE_02,xgboost,XGBoost,243405,0,Benign,66,64,Subflow Bwd Pkts,0.0,0.0008024421986192465,0.0008024421986192465,supports_attack
DISAGREE_02,xgboost,XGBoost,243405,0,Benign,67,45,SYN Flag Cnt,0.0,-0.0007512393640354276,0.0007512393640354276,supports_benign
DISAGREE_02,xgboost,XGBoost,243405,0,Benign,68,33,Fwd URG Flags,0.0,-0.0002725534432101995,0.0002725534432101995,supports_benign
DISAGREE_02,xgboost,XGBoost,243405,0,Benign,69,62,Subflow Fwd Pkts,6.0,-0.00015527268988080323,0.00015527268988080323,supports_benign
DISAGREE_02,xgboost,XGBoost,243405,0,Benign,70,32,Bwd PSH Flags,0.0,0.0,0.0,supports_benign
DISAGREE_02,xgboost,XGBoost,243405,0,Benign,71,34,Bwd URG Flags,0.0,0.0,0.0,supports_benign
DISAGREE_02,xgboost,XGBoost,243405,0,Benign,72,50,CWE Flag Count,0.0,0.0,0.0,supports_benign
DISAGREE_02,xgboost,XGBoost,243405,0,Benign,73,56,Fwd Byts/b Avg,0.0,0.0,0.0,supports_benign
DISAGREE_02,xgboost,XGBoost,243405,0,Benign,74,57,Fwd Pkts/b Avg,0.0,0.0,0.0,supports_benign
DISAGREE_02,xgboost,XGBoost,243405,0,Benign,75,58,Fwd Blk Rate Avg,0.0,0.0,0.0,supports_benign
DISAGREE_02,xgboost,XGBoost,243405,0,Benign,76,59,Bwd Byts/b Avg,0.0,0.0,0.0,supports_benign
DISAGREE_02,xgboost,XGBoost,243405,0,Benign,77,60,Bwd Pkts/b Avg,0.0,0.0,0.0,supports_benign
DISAGREE_02,xgboost,XGBoost,243405,0,Benign,78,61,Bwd Blk Rate Avg,0.0,0.0,0.0,supports_benign
DISAGREE_02,lightgbm,LightGBM,243405,0,Benign,1,0,Dst Port,500.0,-1.055296817975959,1.055296817975959,supports_benign
DISAGREE_02,lightgbm,LightGBM,243405,0,Benign,2,69,Fwd Seg Size Min,8.0,-0.708140126935794,0.708140126935794,supports_benign
DISAGREE_02,lightgbm,LightGBM,243405,0,Benign,3,66,Init Fwd Win Byts,-1.0,-0.6835738381237018,0.6835738381237018,supports_benign
DISAGREE_02,lightgbm,LightGBM,243405,0,Benign,4,23,Fwd IAT Std,15345146.3008279,0.3295706873408579,0.3295706873408579,supports_attack
DISAGREE_02,lightgbm,LightGBM,243405,0,Benign,5,76,Idle Max,41990301.0,0.2677815930565584,0.2677815930565584,supports_attack
DISAGREE_02,lightgbm,LightGBM,243405,0,Benign,6,10,Fwd Pkt Len Std,0.0,0.24031859289089186,0.24031859289089186,supports_attack
DISAGREE_02,lightgbm,LightGBM,243405,0,Benign,7,7,Fwd Pkt Len Max,500.0,0.18305516728922866,0.18305516728922866,supports_attack
DISAGREE_02,lightgbm,LightGBM,243405,0,Benign,8,13,Bwd Pkt Len Mean,0.0,0.1557359552473589,0.1557359552473589,supports_attack
DISAGREE_02,lightgbm,LightGBM,243405,0,Benign,9,39,Pkt Len Min,500.0,0.14769281432100306,0.14769281432100306,supports_attack
DISAGREE_02,lightgbm,LightGBM,243405,0,Benign,10,63,Subflow Fwd Byts,3000.0,0.1325010436418741,0.1325010436418741,supports_attack
DISAGREE_02,lightgbm,LightGBM,243405,0,Benign,11,75,Idle Std,15281064.5684944,0.12817658397230638,0.12817658397230638,supports_attack
DISAGREE_02,lightgbm,LightGBM,243405,0,Benign,12,77,Idle Min,7200400.0,0.12015073194474005,0.12015073194474005,supports_attack
DISAGREE_02,lightgbm,LightGBM,243405,0,Benign,13,37,Fwd Pkts/s,0.06705442,-0.11591823199406974,0.11591823199406974,supports_benign
DISAGREE_02,lightgbm,LightGBM,243405,0,Benign,14,8,Fwd Pkt Len Min,500.0,-0.11409552673368428,0.11409552673368428,supports_benign
DISAGREE_02,lightgbm,LightGBM,243405,0,Benign,15,53,Pkt Size Avg,583.3333333333,0.11385081620238344,0.11385081620238344,supports_attack
DISAGREE_02,lightgbm,LightGBM,243405,0,Benign,16,19,Flow IAT Max,41990301.0,-0.10942914452377057,0.10942914452377057,supports_benign
DISAGREE_02,lightgbm,LightGBM,243405,0,Benign,17,55,Bwd Seg Size Avg,0.0,0.08996965282625415,0.08996965282625415,supports_attack
DISAGREE_02,lightgbm,LightGBM,243405,0,Benign,18,11,Bwd Pkt Len Max,0.0,0.0850357075652649,0.0850357075652649,supports_attack
DISAGREE_02,lightgbm,LightGBM,243405,0,Benign,19,72,Active Max,4000265.0,-0.07390534163891992,0.07390534163891992,supports_benign
DISAGREE_02,lightgbm,LightGBM,243405,0,Benign,20,40,Pkt Len Max,500.0,0.07081160644845796,0.07081160644845796,supports_attack
DISAGREE_02,lightgbm,LightGBM,243405,0,Benign,21,35,Fwd Header Len,48.0,0.05998070712159384,0.05998070712159384,supports_attack
DISAGREE_02,lightgbm,LightGBM,243405,0,Benign,22,25,Fwd IAT Min,4000265.0,-0.056493397002405424,0.056493397002405424,supports_benign
DISAGREE_02,lightgbm,LightGBM,243405,0,Benign,23,51,ECE Flag Cnt,0.0,-0.05517235691693203,0.05517235691693203,supports_benign
DISAGREE_02,lightgbm,LightGBM,243405,0,Benign,24,68,Fwd Act Data Pkts,5.0,0.05172032394973564,0.05172032394973564,supports_attack
DISAGREE_02,lightgbm,LightGBM,243405,0,Benign,25,24,Fwd IAT Max,41990301.0,-0.0513527670541232,0.0513527670541232,supports_benign
DISAGREE_02,lightgbm,LightGBM,243405,0,Benign,26,6,TotLen Bwd Pkts,0.0,0.049776353854592656,0.049776353854592656,supports_attack
DISAGREE_02,lightgbm,LightGBM,243405,0,Benign,27,46,RST Flag Cnt,0.0,-0.04831609380484145,0.04831609380484145,supports_benign
DISAGREE_02,lightgbm,LightGBM,243405,0,Benign,28,18,Flow IAT Std,15345146.3008279,0.043281777007993245,0.043281777007993245,supports_attack
DISAGREE_02,lightgbm,LightGBM,243405,0,Benign,29,54,Fwd Seg Size Avg,500.0,0.03707749566118828,0.03707749566118828,supports_attack
DISAGREE_02,lightgbm,LightGBM,243405,0,Benign,30,17,Flow IAT Mean,17895912.0,-0.03543932564186835,0.03543932564186835,supports_benign
DISAGREE_02,lightgbm,LightGBM,243405,0,Benign,31,73,Active Min,4000265.0,-0.03234840246510581,0.03234840246510581,supports_benign
DISAGREE_02,lightgbm,LightGBM,243405,0,Benign,32,41,Pkt Len Mean,500.0,0.030772799733845165,0.030772799733845165,supports_attack
DISAGREE_02,lightgbm,LightGBM,243405,0,Benign,33,67,Init Bwd Win Byts,-1.0,0.029030615357336288,0.029030615357336288,supports_attack
DISAGREE_02,lightgbm,LightGBM,243405,0,Benign,34,47,PSH Flag Cnt,0.0,-0.028331996109610395,0.028331996109610395,supports_benign
DISAGREE_02,lightgbm,LightGBM,243405,0,Benign,35,36,Bwd Header Len,0.0,0.024330750668021255,0.024330750668021255,supports_attack
DISAGREE_02,lightgbm,LightGBM,243405,0,Benign,36,15,Flow Byts/s,33.5272100131,-0.02276770025287641,0.02276770025287641,supports_benign
DISAGREE_02,lightgbm,LightGBM,243405,0,Benign,37,4,Tot Bwd Pkts,0.0,-0.022472195724752907,0.022472195724752907,supports_benign
DISAGREE_02,lightgbm,LightGBM,243405,0,Benign,38,38,Bwd Pkts/s,0.0,0.022347464813213685,0.022347464813213685,supports_attack
DISAGREE_02,lightgbm,LightGBM,243405,0,Benign,39,22,Fwd IAT Mean,17895912.0,-0.020648050417611426,0.020648050417611426,supports_benign
DISAGREE_02,lightgbm,LightGBM,243405,0,Benign,40,64,Subflow Bwd Pkts,0.0,0.01958881060135658,0.01958881060135658,supports_attack
DISAGREE_02,lightgbm,LightGBM,243405,0,Benign,41,30,Bwd IAT Min,0.0,0.019402413786615242,0.019402413786615242,supports_attack
DISAGREE_02,lightgbm,LightGBM,243405,0,Benign,42,43,Pkt Len Var,0.0,-0.018635117198881324,0.018635117198881324,supports_benign
DISAGREE_02,lightgbm,LightGBM,243405,0,Benign,43,20,Flow IAT Min,4000265.0,-0.017172438748400035,0.017172438748400035,supports_benign
DISAGREE_02,lightgbm,LightGBM,243405,0,Benign,44,65,Subflow Bwd Byts,0.0,0.016725741409041973,0.016725741409041973,supports_attack
DISAGREE_02,lightgbm,LightGBM,243405,0,Benign,45,16,Flow Pkts/s,0.06705442,-0.015888492516515817,0.015888492516515817,supports_benign
DISAGREE_02,lightgbm,LightGBM,243405,0,Benign,46,29,Bwd IAT Max,0.0,0.015845639057069497,0.015845639057069497,supports_attack
DISAGREE_02,lightgbm,LightGBM,243405,0,Benign,47,48,ACK Flag Cnt,0.0,0.014216529720517197,0.014216529720517197,supports_attack
DISAGREE_02,lightgbm,LightGBM,243405,0,Benign,48,74,Idle Mean,21369823.75,0.01160341366051827,0.01160341366051827,supports_attack
DISAGREE_02,lightgbm,LightGBM,243405,0,Benign,49,27,Bwd IAT Mean,0.0,-0.010403642038061153,0.010403642038061153,supports_benign
DISAGREE_02,lightgbm,LightGBM,243405,0,Benign,50,14,Bwd Pkt Len Std,0.0,0.009185457749506258,0.009185457749506258,supports_attack
DISAGREE_02,lightgbm,LightGBM,243405,0,Benign,51,62,Subflow Fwd Pkts,6.0,-0.00892676658515998,0.00892676658515998,supports_benign
DISAGREE_02,lightgbm,LightGBM,243405,0,Benign,52,70,Active Mean,4000265.0,-0.008624770464856088,0.008624770464856088,supports_benign
DISAGREE_02,lightgbm,LightGBM,243405,0,Benign,53,52,Down/Up Ratio,0.0,0.00783338410300766,0.00783338410300766,supports_attack
DISAGREE_02,lightgbm,LightGBM,243405,0,Benign,54,28,Bwd IAT Std,0.0,-0.0074187229909465306,0.0074187229909465306,supports_benign
DISAGREE_02,lightgbm,LightGBM,243405,0,Benign,55,2,Flow Duration,89479560.0,-0.007238825348623953,0.007238825348623953,supports_benign
DISAGREE_02,lightgbm,LightGBM,243405,0,Benign,56,71,Active Std,0.0,0.006976994218907555,0.006976994218907555,supports_attack
DISAGREE_02,lightgbm,LightGBM,243405,0,Benign,57,42,Pkt Len Std,0.0,-0.005707483402140746,0.005707483402140746,supports_benign
DISAGREE_02,lightgbm,LightGBM,243405,0,Benign,58,49,URG Flag Cnt,0.0,0.004360103575429676,0.004360103575429676,supports_attack
DISAGREE_02,lightgbm,LightGBM,243405,0,Benign,59,26,Bwd IAT Tot,0.0,0.003976856924214879,0.003976856924214879,supports_attack
DISAGREE_02,lightgbm,LightGBM,243405,0,Benign,60,9,Fwd Pkt Len Mean,500.0,-0.0038602684968438257,0.0038602684968438257,supports_benign
DISAGREE_02,lightgbm,LightGBM,243405,0,Benign,61,31,Fwd PSH Flags,0.0,-0.003470891743174883,0.003470891743174883,supports_benign
DISAGREE_02,lightgbm,LightGBM,243405,0,Benign,62,21,Fwd IAT Tot,89479560.0,0.00254910821284014,0.00254910821284014,supports_attack
DISAGREE_02,lightgbm,LightGBM,243405,0,Benign,63,12,Bwd Pkt Len Min,0.0,0.002228692403747991,0.002228692403747991,supports_attack
DISAGREE_02,lightgbm,LightGBM,243405,0,Benign,64,45,SYN Flag Cnt,0.0,-0.0009876603258499005,0.0009876603258499005,supports_benign
DISAGREE_02,lightgbm,LightGBM,243405,0,Benign,65,3,Tot Fwd Pkts,6.0,-0.0007378174858830621,0.0007378174858830621,supports_benign
DISAGREE_02,lightgbm,LightGBM,243405,0,Benign,66,5,TotLen Fwd Pkts,3000.0,-0.0004965328693536048,0.0004965328693536048,supports_benign
DISAGREE_02,lightgbm,LightGBM,243405,0,Benign,67,44,FIN Flag Cnt,0.0,-0.00033484475573614846,0.00033484475573614846,supports_benign
DISAGREE_02,lightgbm,LightGBM,243405,0,Benign,68,33,Fwd URG Flags,0.0,-3.24192860830298e-05,3.24192860830298e-05,supports_benign
DISAGREE_02,lightgbm,LightGBM,243405,0,Benign,69,1,Protocol,17.0,0.0,0.0,supports_benign
DISAGREE_02,lightgbm,LightGBM,243405,0,Benign,70,32,Bwd PSH Flags,0.0,0.0,0.0,supports_benign
DISAGREE_02,lightgbm,LightGBM,243405,0,Benign,71,34,Bwd URG Flags,0.0,0.0,0.0,supports_benign
DISAGREE_02,lightgbm,LightGBM,243405,0,Benign,72,50,CWE Flag Count,0.0,0.0,0.0,supports_benign
DISAGREE_02,lightgbm,LightGBM,243405,0,Benign,73,56,Fwd Byts/b Avg,0.0,0.0,0.0,supports_benign
DISAGREE_02,lightgbm,LightGBM,243405,0,Benign,74,57,Fwd Pkts/b Avg,0.0,0.0,0.0,supports_benign
DISAGREE_02,lightgbm,LightGBM,243405,0,Benign,75,58,Fwd Blk Rate Avg,0.0,0.0,0.0,supports_benign
DISAGREE_02,lightgbm,LightGBM,243405,0,Benign,76,59,Bwd Byts/b Avg,0.0,0.0,0.0,supports_benign
DISAGREE_02,lightgbm,LightGBM,243405,0,Benign,77,60,Bwd Pkts/b Avg,0.0,0.0,0.0,supports_benign
DISAGREE_02,lightgbm,LightGBM,243405,0,Benign,78,61,Bwd Blk Rate Avg,0.0,0.0,0.0,supports_benign
DISAGREE_03,xgboost,XGBoost,41236,0,Benign,1,66,Init Fwd Win Byts,-1.0,-0.5225133895874023,0.5225133895874023,supports_benign
DISAGREE_03,xgboost,XGBoost,41236,0,Benign,2,35,Fwd Header Len,8.0,-0.4501429796218872,0.4501429796218872,supports_benign
DISAGREE_03,xgboost,XGBoost,41236,0,Benign,3,39,Pkt Len Min,63.0,0.35634204745292664,0.35634204745292664,supports_attack
DISAGREE_03,xgboost,XGBoost,41236,0,Benign,4,69,Fwd Seg Size Min,8.0,-0.3359566628932953,0.3359566628932953,supports_benign
DISAGREE_03,xgboost,XGBoost,41236,0,Benign,5,12,Bwd Pkt Len Min,145.0,0.2067297101020813,0.2067297101020813,supports_attack
DISAGREE_03,xgboost,XGBoost,41236,0,Benign,6,53,Pkt Size Avg,135.5,0.18870292603969574,0.18870292603969574,supports_attack
DISAGREE_03,xgboost,XGBoost,41236,0,Benign,7,20,Flow IAT Min,712.0,0.17166724801063538,0.17166724801063538,supports_attack
DISAGREE_03,xgboost,XGBoost,41236,0,Benign,8,15,Flow Byts/s,292134.831460674,0.1585695743560791,0.1585695743560791,supports_attack
DISAGREE_03,xgboost,XGBoost,41236,0,Benign,9,46,RST Flag Cnt,0.0,-0.15824854373931885,0.15824854373931885,supports_benign
DISAGREE_03,xgboost,XGBoost,41236,0,Benign,10,11,Bwd Pkt Len Max,145.0,-0.13468259572982788,0.13468259572982788,supports_benign
DISAGREE_03,xgboost,XGBoost,41236,0,Benign,11,5,TotLen Fwd Pkts,63.0,0.13218383491039276,0.13218383491039276,supports_attack
DISAGREE_03,xgboost,XGBoost,41236,0,Benign,12,17,Flow IAT Mean,712.0,0.1147051453590393,0.1147051453590393,supports_attack
DISAGREE_03,xgboost,XGBoost,41236,0,Benign,13,8,Fwd Pkt Len Min,63.0,0.10612325370311737,0.10612325370311737,supports_attack
DISAGREE_03,xgboost,XGBoost,41236,0,Benign,14,42,Pkt Len Std,47.3427220735,0.10475531220436096,0.10475531220436096,supports_attack
DISAGREE_03,xgboost,XGBoost,41236,0,Benign,15,0,Dst Port,53.0,-0.08142713457345963,0.08142713457345963,supports_benign
DISAGREE_03,xgboost,XGBoost,41236,0,Benign,16,4,Tot Bwd Pkts,1.0,0.07224880903959274,0.07224880903959274,supports_attack
DISAGREE_03,xgboost,XGBoost,41236,0,Benign,17,41,Pkt Len Mean,90.3333333333,0.06081269308924675,0.06081269308924675,supports_attack
DISAGREE_03,xgboost,XGBoost,41236,0,Benign,18,51,ECE Flag Cnt,0.0,-0.05427264794707298,0.05427264794707298,supports_benign
DISAGREE_03,xgboost,XGBoost,41236,0,Benign,19,36,Bwd Header Len,8.0,0.052196204662323,0.052196204662323,supports_attack
DISAGREE_03,xgboost,XGBoost,41236,0,Benign,20,40,Pkt Len Max,145.0,0.05087694153189659,0.05087694153189659,supports_attack
DISAGREE_03,xgboost,XGBoost,41236,0,Benign,21,47,PSH Flag Cnt,0.0,-0.04667974263429642,0.04667974263429642,supports_benign
DISAGREE_03,xgboost,XGBoost,41236,0,Benign,22,21,Fwd IAT Tot,0.0,0.045715317130088806,0.045715317130088806,supports_attack
DISAGREE_03,xgboost,XGBoost,41236,0,Benign,23,9,Fwd Pkt Len Mean,63.0,0.04313676804304123,0.04313676804304123,supports_attack
DISAGREE_03,xgboost,XGBoost,41236,0,Benign,24,6,TotLen Bwd Pkts,145.0,0.04232873395085335,0.04232873395085335,supports_attack
DISAGREE_03,xgboost,XGBoost,41236,0,Benign,25,24,Fwd IAT Max,0.0,-0.03615966811776161,0.03615966811776161,supports_benign
DISAGREE_03,xgboost,XGBoost,41236,0,Benign,26,38,Bwd Pkts/s,1404.4943820225,0.034242771565914154,0.034242771565914154,supports_attack
DISAGREE_03,xgboost,XGBoost,41236,0,Benign,27,13,Bwd Pkt Len Mean,145.0,-0.033127084374427795,0.033127084374427795,supports_benign
DISAGREE_03,xgboost,XGBoost,41236,0,Benign,28,37,Fwd Pkts/s,1404.4943820225,0.031148090958595276,0.031148090958595276,supports_attack
DISAGREE_03,xgboost,XGBoost,41236,0,Benign,29,67,Init Bwd Win Byts,-1.0,0.030386965721845627,0.030386965721845627,supports_attack
DISAGREE_03,xgboost,XGBoost,41236,0,Benign,30,29,Bwd IAT Max,0.0,-0.02896396443247795,0.02896396443247795,supports_benign
DISAGREE_03,xgboost,XGBoost,41236,0,Benign,31,77,Idle Min,0.0,-0.025027761235833168,0.025027761235833168,supports_benign
DISAGREE_03,xgboost,XGBoost,41236,0,Benign,32,18,Flow IAT Std,0.0,0.022816797718405724,0.022816797718405724,supports_attack
DISAGREE_03,xgboost,XGBoost,41236,0,Benign,33,2,Flow Duration,712.0,-0.02253652550280094,0.02253652550280094,supports_benign
DISAGREE_03,xgboost,XGBoost,41236,0,Benign,34,30,Bwd IAT Min,0.0,-0.02050684578716755,0.02050684578716755,supports_benign
DISAGREE_03,xgboost,XGBoost,41236,0,Benign,35,19,Flow IAT Max,712.0,0.017822755500674248,0.017822755500674248,supports_attack
DISAGREE_03,xgboost,XGBoost,41236,0,Benign,36,43,Pkt Len Var,2241.3333333333,0.01740344800055027,0.01740344800055027,supports_attack
DISAGREE_03,xgboost,XGBoost,41236,0,Benign,37,3,Tot Fwd Pkts,1.0,0.0168264452368021,0.0168264452368021,supports_attack
DISAGREE_03,xgboost,XGBoost,41236,0,Benign,38,16,Flow Pkts/s,2808.988764045,0.016249194741249084,0.016249194741249084,supports_attack
DISAGREE_03,xgboost,XGBoost,41236,0,Benign,39,23,Fwd IAT Std,0.0,0.014684299007058144,0.014684299007058144,supports_attack
DISAGREE_03,xgboost,XGBoost,41236,0,Benign,40,64,Subflow Bwd Pkts,1.0,0.012437175959348679,0.012437175959348679,supports_attack
DISAGREE_03,xgboost,XGBoost,41236,0,Benign,41,22,Fwd IAT Mean,0.0,0.012123219668865204,0.012123219668865204,supports_attack
DISAGREE_03,xgboost,XGBoost,41236,0,Benign,42,7,Fwd Pkt Len Max,63.0,0.011411303654313087,0.011411303654313087,supports_attack
DISAGREE_03,xgboost,XGBoost,41236,0,Benign,43,14,Bwd Pkt Len Std,0.0,0.011361018754541874,0.011361018754541874,supports_attack
DISAGREE_03,xgboost,XGBoost,41236,0,Benign,44,68,Fwd Act Data Pkts,0.0,0.01104019582271576,0.01104019582271576,supports_attack
DISAGREE_03,xgboost,XGBoost,41236,0,Benign,45,48,ACK Flag Cnt,0.0,0.010934901423752308,0.010934901423752308,supports_attack
DISAGREE_03,xgboost,XGBoost,41236,0,Benign,46,74,Idle Mean,0.0,0.008424597792327404,0.008424597792327404,supports_attack
DISAGREE_03,xgboost,XGBoost,41236,0,Benign,47,72,Active Max,0.0,0.0071718161925673485,0.0071718161925673485,supports_attack
DISAGREE_03,xgboost,XGBoost,41236,0,Benign,48,27,Bwd IAT Mean,0.0,-0.006959000136703253,0.006959000136703253,supports_benign
DISAGREE_03,xgboost,XGBoost,41236,0,Benign,49,65,Subflow Bwd Byts,145.0,0.006207510828971863,0.006207510828971863,supports_attack
DISAGREE_03,xgboost,XGBoost,41236,0,Benign,50,76,Idle Max,0.0,-0.0057881614193320274,0.0057881614193320274,supports_benign
DISAGREE_03,xgboost,XGBoost,41236,0,Benign,51,31,Fwd PSH Flags,0.0,-0.005531606264412403,0.005531606264412403,supports_benign
DISAGREE_03,xgboost,XGBoost,41236,0,Benign,52,26,Bwd IAT Tot,0.0,-0.005274096969515085,0.005274096969515085,supports_benign
DISAGREE_03,xgboost,XGBoost,41236,0,Benign,53,10,Fwd Pkt Len Std,0.0,-0.005261018872261047,0.005261018872261047,supports_benign
DISAGREE_03,xgboost,XGBoost,41236,0,Benign,54,63,Subflow Fwd Byts,63.0,0.00395294139161706,0.00395294139161706,supports_attack
DISAGREE_03,xgboost,XGBoost,41236,0,Benign,55,49,URG Flag Cnt,0.0,0.0034343358129262924,0.0034343358129262924,supports_attack
DISAGREE_03,xgboost,XGBoost,41236,0,Benign,56,25,Fwd IAT Min,0.0,-0.0032452179584652185,0.0032452179584652185,supports_benign
DISAGREE_03,xgboost,XGBoost,41236,0,Benign,57,75,Idle Std,0.0,-0.00304184528067708,0.00304184528067708,supports_benign
DISAGREE_03,xgboost,XGBoost,41236,0,Benign,58,44,FIN Flag Cnt,0.0,-0.002581579377874732,0.002581579377874732,supports_benign
DISAGREE_03,xgboost,XGBoost,41236,0,Benign,59,1,Protocol,17.0,-0.0025615019258111715,0.0025615019258111715,supports_benign
DISAGREE_03,xgboost,XGBoost,41236,0,Benign,60,28,Bwd IAT Std,0.0,-0.0023388525005429983,0.0023388525005429983,supports_benign
DISAGREE_03,xgboost,XGBoost,41236,0,Benign,61,54,Fwd Seg Size Avg,63.0,-0.0018698693020269275,0.0018698693020269275,supports_benign
DISAGREE_03,xgboost,XGBoost,41236,0,Benign,62,55,Bwd Seg Size Avg,145.0,-0.0013197229709476233,0.0013197229709476233,supports_benign
DISAGREE_03,xgboost,XGBoost,41236,0,Benign,63,52,Down/Up Ratio,1.0,0.0011796646285802126,0.0011796646285802126,supports_attack
DISAGREE_03,xgboost,XGBoost,41236,0,Benign,64,73,Active Min,0.0,-0.0010536157060414553,0.0010536157060414553,supports_benign
DISAGREE_03,xgboost,XGBoost,41236,0,Benign,65,45,SYN Flag Cnt,0.0,-0.0005334923043847084,0.0005334923043847084,supports_benign
DISAGREE_03,xgboost,XGBoost,41236,0,Benign,66,70,Active Mean,0.0,0.0004940864164382219,0.0004940864164382219,supports_attack
DISAGREE_03,xgboost,XGBoost,41236,0,Benign,67,71,Active Std,0.0,0.00047977647045627236,0.00047977647045627236,supports_attack
DISAGREE_03,xgboost,XGBoost,41236,0,Benign,68,33,Fwd URG Flags,0.0,-0.00018098371219821274,0.00018098371219821274,supports_benign
DISAGREE_03,xgboost,XGBoost,41236,0,Benign,69,62,Subflow Fwd Pkts,1.0,7.840886246412992e-05,7.840886246412992e-05,supports_attack
DISAGREE_03,xgboost,XGBoost,41236,0,Benign,70,32,Bwd PSH Flags,0.0,0.0,0.0,supports_benign
DISAGREE_03,xgboost,XGBoost,41236,0,Benign,71,34,Bwd URG Flags,0.0,0.0,0.0,supports_benign
DISAGREE_03,xgboost,XGBoost,41236,0,Benign,72,50,CWE Flag Count,0.0,0.0,0.0,supports_benign
DISAGREE_03,xgboost,XGBoost,41236,0,Benign,73,56,Fwd Byts/b Avg,0.0,0.0,0.0,supports_benign
DISAGREE_03,xgboost,XGBoost,41236,0,Benign,74,57,Fwd Pkts/b Avg,0.0,0.0,0.0,supports_benign
DISAGREE_03,xgboost,XGBoost,41236,0,Benign,75,58,Fwd Blk Rate Avg,0.0,0.0,0.0,supports_benign
DISAGREE_03,xgboost,XGBoost,41236,0,Benign,76,59,Bwd Byts/b Avg,0.0,0.0,0.0,supports_benign
DISAGREE_03,xgboost,XGBoost,41236,0,Benign,77,60,Bwd Pkts/b Avg,0.0,0.0,0.0,supports_benign
DISAGREE_03,xgboost,XGBoost,41236,0,Benign,78,61,Bwd Blk Rate Avg,0.0,0.0,0.0,supports_benign
DISAGREE_03,lightgbm,LightGBM,41236,0,Benign,1,66,Init Fwd Win Byts,-1.0,-1.0332311190848822,1.0332311190848822,supports_benign
DISAGREE_03,lightgbm,LightGBM,41236,0,Benign,2,69,Fwd Seg Size Min,8.0,-0.5571539279691121,0.5571539279691121,supports_benign
DISAGREE_03,lightgbm,LightGBM,41236,0,Benign,3,35,Fwd Header Len,8.0,-0.3446855189822548,0.3446855189822548,supports_benign
DISAGREE_03,lightgbm,LightGBM,41236,0,Benign,4,0,Dst Port,53.0,-0.3392446428464678,0.3392446428464678,supports_benign
DISAGREE_03,lightgbm,LightGBM,41236,0,Benign,5,10,Fwd Pkt Len Std,0.0,0.3043428194301901,0.3043428194301901,supports_attack
DISAGREE_03,lightgbm,LightGBM,41236,0,Benign,6,7,Fwd Pkt Len Max,63.0,0.279201381875719,0.279201381875719,supports_attack
DISAGREE_03,lightgbm,LightGBM,41236,0,Benign,7,51,ECE Flag Cnt,0.0,-0.13454556893508912,0.13454556893508912,supports_benign
DISAGREE_03,lightgbm,LightGBM,41236,0,Benign,8,12,Bwd Pkt Len Min,145.0,0.12887940261147565,0.12887940261147565,supports_attack
DISAGREE_03,lightgbm,LightGBM,41236,0,Benign,9,20,Flow IAT Min,712.0,0.11785081777449682,0.11785081777449682,supports_attack
DISAGREE_03,lightgbm,LightGBM,41236,0,Benign,10,41,Pkt Len Mean,90.3333333333,0.10571558690108121,0.10571558690108121,supports_attack
DISAGREE_03,lightgbm,LightGBM,41236,0,Benign,11,53,Pkt Size Avg,135.5,0.1052400876894999,0.1052400876894999,supports_attack
DISAGREE_03,lightgbm,LightGBM,41236,0,Benign,12,46,RST Flag Cnt,0.0,-0.10490006517950891,0.10490006517950891,supports_benign
DISAGREE_03,lightgbm,LightGBM,41236,0,Benign,13,15,Flow Byts/s,292134.831460674,0.10056015740799744,0.10056015740799744,supports_attack
DISAGREE_03,lightgbm,LightGBM,41236,0,Benign,14,8,Fwd Pkt Len Min,63.0,-0.0930970453551324,0.0930970453551324,supports_benign
DISAGREE_03,lightgbm,LightGBM,41236,0,Benign,15,39,Pkt Len Min,63.0,0.08845267232557799,0.08845267232557799,supports_attack
DISAGREE_03,lightgbm,LightGBM,41236,0,Benign,16,38,Bwd Pkts/s,1404.4943820225,0.0752008560044775,0.0752008560044775,supports_attack
DISAGREE_03,lightgbm,LightGBM,41236,0,Benign,17,25,Fwd IAT Min,0.0,-0.07359366444324555,0.07359366444324555,supports_benign
DISAGREE_03,lightgbm,LightGBM,41236,0,Benign,18,65,Subflow Bwd Byts,145.0,0.05417278801604056,0.05417278801604056,supports_attack
DISAGREE_03,lightgbm,LightGBM,41236,0,Benign,19,40,Pkt Len Max,145.0,0.05305244141103625,0.05305244141103625,supports_attack
DISAGREE_03,lightgbm,LightGBM,41236,0,Benign,20,64,Subflow Bwd Pkts,1.0,0.05166856189243547,0.05166856189243547,supports_attack
DISAGREE_03,lightgbm,LightGBM,41236,0,Benign,21,67,Init Bwd Win Byts,-1.0,0.05159861063546634,0.05159861063546634,supports_attack
DISAGREE_03,lightgbm,LightGBM,41236,0,Benign,22,54,Fwd Seg Size Avg,63.0,0.04945510239498563,0.04945510239498563,supports_attack
DISAGREE_03,lightgbm,LightGBM,41236,0,Benign,23,19,Flow IAT Max,712.0,0.04723468755482174,0.04723468755482174,supports_attack
DISAGREE_03,lightgbm,LightGBM,41236,0,Benign,24,16,Flow Pkts/s,2808.988764045,0.04500792318735466,0.04500792318735466,supports_attack
DISAGREE_03,lightgbm,LightGBM,41236,0,Benign,25,6,TotLen Bwd Pkts,145.0,0.043329935937171334,0.043329935937171334,supports_attack
DISAGREE_03,lightgbm,LightGBM,41236,0,Benign,26,2,Flow Duration,712.0,-0.041593415639955854,0.041593415639955854,supports_benign
DISAGREE_03,lightgbm,LightGBM,41236,0,Benign,27,36,Bwd Header Len,8.0,0.04038570455118995,0.04038570455118995,supports_attack
DISAGREE_03,lightgbm,LightGBM,41236,0,Benign,28,13,Bwd Pkt Len Mean,145.0,-0.03655475551330196,0.03655475551330196,supports_benign
DISAGREE_03,lightgbm,LightGBM,41236,0,Benign,29,5,TotLen Fwd Pkts,63.0,0.03602354677302198,0.03602354677302198,supports_attack
DISAGREE_03,lightgbm,LightGBM,41236,0,Benign,30,14,Bwd Pkt Len Std,0.0,0.03169408693302987,0.03169408693302987,supports_attack
DISAGREE_03,lightgbm,LightGBM,41236,0,Benign,31,17,Flow IAT Mean,712.0,0.03131071073486559,0.03131071073486559,supports_attack
DISAGREE_03,lightgbm,LightGBM,41236,0,Benign,32,68,Fwd Act Data Pkts,0.0,0.026442134923059142,0.026442134923059142,supports_attack
DISAGREE_03,lightgbm,LightGBM,41236,0,Benign,33,47,PSH Flag Cnt,0.0,-0.026063197695010788,0.026063197695010788,supports_benign
DISAGREE_03,lightgbm,LightGBM,41236,0,Benign,34,63,Subflow Fwd Byts,63.0,0.02301541305149471,0.02301541305149471,supports_attack
DISAGREE_03,lightgbm,LightGBM,41236,0,Benign,35,30,Bwd IAT Min,0.0,0.019167093708365085,0.019167093708365085,supports_attack
DISAGREE_03,lightgbm,LightGBM,41236,0,Benign,36,76,Idle Max,0.0,-0.018323015463583576,0.018323015463583576,supports_benign
DISAGREE_03,lightgbm,LightGBM,41236,0,Benign,37,18,Flow IAT Std,0.0,0.017055595282679196,0.017055595282679196,supports_attack
DISAGREE_03,lightgbm,LightGBM,41236,0,Benign,38,48,ACK Flag Cnt,0.0,0.016300922795940326,0.016300922795940326,supports_attack
DISAGREE_03,lightgbm,LightGBM,41236,0,Benign,39,43,Pkt Len Var,2241.3333333333,0.016020121382829558,0.016020121382829558,supports_attack
DISAGREE_03,lightgbm,LightGBM,41236,0,Benign,40,22,Fwd IAT Mean,0.0,0.01480388752356324,0.01480388752356324,supports_attack
DISAGREE_03,lightgbm,LightGBM,41236,0,Benign,41,55,Bwd Seg Size Avg,145.0,0.014707810917472433,0.014707810917472433,supports_attack
DISAGREE_03,lightgbm,LightGBM,41236,0,Benign,42,24,Fwd IAT Max,0.0,0.012620028385670888,0.012620028385670888,supports_attack
DISAGREE_03,lightgbm,LightGBM,41236,0,Benign,43,77,Idle Min,0.0,-0.012276588758020434,0.012276588758020434,supports_benign
DISAGREE_03,lightgbm,LightGBM,41236,0,Benign,44,23,Fwd IAT Std,0.0,-0.011851957355927213,0.011851957355927213,supports_benign
DISAGREE_03,lightgbm,LightGBM,41236,0,Benign,45,37,Fwd Pkts/s,1404.4943820225,-0.008751783576967098,0.008751783576967098,supports_benign
DISAGREE_03,lightgbm,LightGBM,41236,0,Benign,46,62,Subflow Fwd Pkts,1.0,-0.008120527249412991,0.008120527249412991,supports_benign
DISAGREE_03,lightgbm,LightGBM,41236,0,Benign,47,27,Bwd IAT Mean,0.0,-0.006650340064897485,0.006650340064897485,supports_benign
DISAGREE_03,lightgbm,LightGBM,41236,0,Benign,48,74,Idle Mean,0.0,0.005871132205087935,0.005871132205087935,supports_attack
DISAGREE_03,lightgbm,LightGBM,41236,0,Benign,49,21,Fwd IAT Tot,0.0,0.00524659114078676,0.00524659114078676,supports_attack
DISAGREE_03,lightgbm,LightGBM,41236,0,Benign,50,75,Idle Std,0.0,0.00512495156693361,0.00512495156693361,supports_attack
DISAGREE_03,lightgbm,LightGBM,41236,0,Benign,51,11,Bwd Pkt Len Max,145.0,0.004927189713007809,0.004927189713007809,supports_attack
DISAGREE_03,lightgbm,LightGBM,41236,0,Benign,52,26,Bwd IAT Tot,0.0,0.004047872821140649,0.004047872821140649,supports_attack
DISAGREE_03,lightgbm,LightGBM,41236,0,Benign,53,29,Bwd IAT Max,0.0,-0.0037395473613376124,0.0037395473613376124,supports_benign
DISAGREE_03,lightgbm,LightGBM,41236,0,Benign,54,4,Tot Bwd Pkts,1.0,0.003383132044799275,0.003383132044799275,supports_attack
DISAGREE_03,lightgbm,LightGBM,41236,0,Benign,55,3,Tot Fwd Pkts,1.0,-0.002752951271756,0.002752951271756,supports_benign
DISAGREE_03,lightgbm,LightGBM,41236,0,Benign,56,49,URG Flag Cnt,0.0,0.002699705391326793,0.002699705391326793,supports_attack
DISAGREE_03,lightgbm,LightGBM,41236,0,Benign,57,73,Active Min,0.0,0.002632244347039886,0.002632244347039886,supports_attack
DISAGREE_03,lightgbm,LightGBM,41236,0,Benign,58,28,Bwd IAT Std,0.0,-0.002264494109186191,0.002264494109186191,supports_benign
DISAGREE_03,lightgbm,LightGBM,41236,0,Benign,59,71,Active Std,0.0,0.0018539570623356094,0.0018539570623356094,supports_attack
DISAGREE_03,lightgbm,LightGBM,41236,0,Benign,60,72,Active Max,0.0,0.001649758993123258,0.001649758993123258,supports_attack
DISAGREE_03,lightgbm,LightGBM,41236,0,Benign,61,70,Active Mean,0.0,-0.0012072033674051979,0.0012072033674051979,supports_benign
DISAGREE_03,lightgbm,LightGBM,41236,0,Benign,62,45,SYN Flag Cnt,0.0,-0.0008506489842342689,0.0008506489842342689,supports_benign
DISAGREE_03,lightgbm,LightGBM,41236,0,Benign,63,42,Pkt Len Std,47.3427220735,0.0007545994057348525,0.0007545994057348525,supports_attack
DISAGREE_03,lightgbm,LightGBM,41236,0,Benign,64,9,Fwd Pkt Len Mean,63.0,0.0007184264169944477,0.0007184264169944477,supports_attack
DISAGREE_03,lightgbm,LightGBM,41236,0,Benign,65,52,Down/Up Ratio,1.0,0.0007167015696096185,0.0007167015696096185,supports_attack
DISAGREE_03,lightgbm,LightGBM,41236,0,Benign,66,44,FIN Flag Cnt,0.0,-0.00025804964879583444,0.00025804964879583444,supports_benign
DISAGREE_03,lightgbm,LightGBM,41236,0,Benign,67,33,Fwd URG Flags,0.0,-1.6156000991453443e-05,1.6156000991453443e-05,supports_benign
DISAGREE_03,lightgbm,LightGBM,41236,0,Benign,68,31,Fwd PSH Flags,0.0,1.5939661800810392e-05,1.5939661800810392e-05,supports_attack
DISAGREE_03,lightgbm,LightGBM,41236,0,Benign,69,1,Protocol,17.0,0.0,0.0,supports_benign
DISAGREE_03,lightgbm,LightGBM,41236,0,Benign,70,32,Bwd PSH Flags,0.0,0.0,0.0,supports_benign
DISAGREE_03,lightgbm,LightGBM,41236,0,Benign,71,34,Bwd URG Flags,0.0,0.0,0.0,supports_benign
DISAGREE_03,lightgbm,LightGBM,41236,0,Benign,72,50,CWE Flag Count,0.0,0.0,0.0,supports_benign
DISAGREE_03,lightgbm,LightGBM,41236,0,Benign,73,56,Fwd Byts/b Avg,0.0,0.0,0.0,supports_benign
DISAGREE_03,lightgbm,LightGBM,41236,0,Benign,74,57,Fwd Pkts/b Avg,0.0,0.0,0.0,supports_benign
DISAGREE_03,lightgbm,LightGBM,41236,0,Benign,75,58,Fwd Blk Rate Avg,0.0,0.0,0.0,supports_benign
DISAGREE_03,lightgbm,LightGBM,41236,0,Benign,76,59,Bwd Byts/b Avg,0.0,0.0,0.0,supports_benign
DISAGREE_03,lightgbm,LightGBM,41236,0,Benign,77,60,Bwd Pkts/b Avg,0.0,0.0,0.0,supports_benign
DISAGREE_03,lightgbm,LightGBM,41236,0,Benign,78,61,Bwd Blk Rate Avg,0.0,0.0,0.0,supports_benign
DISAGREE_04,xgboost,XGBoost,288123,0,Benign,1,69,Fwd Seg Size Min,40.0,2.1140708923339844,2.1140708923339844,supports_attack
DISAGREE_04,xgboost,XGBoost,288123,0,Benign,2,0,Dst Port,22.0,-1.4212043285369873,1.4212043285369873,supports_benign
DISAGREE_04,xgboost,XGBoost,288123,0,Benign,3,66,Init Fwd Win Byts,26883.0,1.413628339767456,1.413628339767456,supports_attack
DISAGREE_04,xgboost,XGBoost,288123,0,Benign,4,25,Fwd IAT Min,1001008.0,-1.2245359420776367,1.2245359420776367,supports_benign
DISAGREE_04,xgboost,XGBoost,288123,0,Benign,5,38,Bwd Pkts/s,0.0,-0.9151132702827454,0.9151132702827454,supports_benign
DISAGREE_04,xgboost,XGBoost,288123,0,Benign,6,2,Flow Duration,3004889.0,-0.6506655216217041,0.6506655216217041,supports_benign
DISAGREE_04,xgboost,XGBoost,288123,0,Benign,7,37,Fwd Pkts/s,0.9983729848,-0.3705805838108063,0.3705805838108063,supports_benign
DISAGREE_04,xgboost,XGBoost,288123,0,Benign,8,21,Fwd IAT Tot,3004889.0,-0.29315364360809326,0.29315364360809326,supports_benign
DISAGREE_04,xgboost,XGBoost,288123,0,Benign,9,16,Flow Pkts/s,0.9983729848,-0.27049583196640015,0.27049583196640015,supports_benign
DISAGREE_04,xgboost,XGBoost,288123,0,Benign,10,13,Bwd Pkt Len Mean,0.0,0.23429088294506073,0.23429088294506073,supports_attack
DISAGREE_04,xgboost,XGBoost,288123,0,Benign,11,20,Flow IAT Min,1001008.0,-0.2223983108997345,0.2223983108997345,supports_benign
DISAGREE_04,xgboost,XGBoost,288123,0,Benign,12,17,Flow IAT Mean,1502444.5,-0.21265313029289246,0.21265313029289246,supports_benign
DISAGREE_04,xgboost,XGBoost,288123,0,Benign,13,22,Fwd IAT Mean,1502444.5,-0.130370631814003,0.130370631814003,supports_benign
DISAGREE_04,xgboost,XGBoost,288123,0,Benign,14,18,Flow IAT Std,709138.298968897,-0.11701394617557526,0.11701394617557526,supports_benign
DISAGREE_04,xgboost,XGBoost,288123,0,Benign,15,46,RST Flag Cnt,0.0,-0.0978698804974556,0.0978698804974556,supports_benign
DISAGREE_04,xgboost,XGBoost,288123,0,Benign,16,7,Fwd Pkt Len Max,0.0,0.08964814245700836,0.08964814245700836,supports_attack
DISAGREE_04,xgboost,XGBoost,288123,0,Benign,17,52,Down/Up Ratio,0.0,-0.08818294107913971,0.08818294107913971,supports_benign
DISAGREE_04,xgboost,XGBoost,288123,0,Benign,18,24,Fwd IAT Max,2003881.0,-0.08538550138473511,0.08538550138473511,supports_benign
DISAGREE_04,xgboost,XGBoost,288123,0,Benign,19,23,Fwd IAT Std,709138.298968897,0.07896560430526733,0.07896560430526733,supports_attack
DISAGREE_04,xgboost,XGBoost,288123,0,Benign,20,53,Pkt Size Avg,0.0,-0.06481455266475677,0.06481455266475677,supports_benign
DISAGREE_04,xgboost,XGBoost,288123,0,Benign,21,15,Flow Byts/s,0.0,-0.060859981924295425,0.060859981924295425,supports_benign
DISAGREE_04,xgboost,XGBoost,288123,0,Benign,22,36,Bwd Header Len,0.0,0.05140014365315437,0.05140014365315437,supports_attack
DISAGREE_04,xgboost,XGBoost,288123,0,Benign,23,19,Flow IAT Max,2003881.0,0.05037783458828926,0.05037783458828926,supports_attack
DISAGREE_04,xgboost,XGBoost,288123,0,Benign,24,10,Fwd Pkt Len Std,0.0,-0.04956653714179993,0.04956653714179993,supports_benign
DISAGREE_04,xgboost,XGBoost,288123,0,Benign,25,77,Idle Min,0.0,-0.04800938069820404,0.04800938069820404,supports_benign
DISAGREE_04,xgboost,XGBoost,288123,0,Benign,26,11,Bwd Pkt Len Max,0.0,0.0477021262049675,0.0477021262049675,supports_attack
DISAGREE_04,xgboost,XGBoost,288123,0,Benign,27,75,Idle Std,0.0,-0.04665187746286392,0.04665187746286392,supports_benign
DISAGREE_04,xgboost,XGBoost,288123,0,Benign,28,67,Init Bwd Win Byts,-1.0,0.03402123600244522,0.03402123600244522,supports_attack
DISAGREE_04,xgboost,XGBoost,288123,0,Benign,29,5,TotLen Fwd Pkts,0.0,0.03250539302825928,0.03250539302825928,supports_attack
DISAGREE_04,xgboost,XGBoost,288123,0,Benign,30,30,Bwd IAT Min,0.0,-0.03198441118001938,0.03198441118001938,supports_benign
DISAGREE_04,xgboost,XGBoost,288123,0,Benign,31,8,Fwd Pkt Len Min,0.0,0.028072094544768333,0.028072094544768333,supports_attack
DISAGREE_04,xgboost,XGBoost,288123,0,Benign,32,42,Pkt Len Std,0.0,0.023562178015708923,0.023562178015708923,supports_attack
DISAGREE_04,xgboost,XGBoost,288123,0,Benign,33,48,ACK Flag Cnt,0.0,-0.019713830202817917,0.019713830202817917,supports_benign
DISAGREE_04,xgboost,XGBoost,288123,0,Benign,34,6,TotLen Bwd Pkts,0.0,0.018551239743828773,0.018551239743828773,supports_attack
DISAGREE_04,xgboost,XGBoost,288123,0,Benign,35,12,Bwd Pkt Len Min,0.0,-0.01847945526242256,0.01847945526242256,supports_benign
DISAGREE_04,xgboost,XGBoost,288123,0,Benign,36,3,Tot Fwd Pkts,3.0,-0.017408574000000954,0.017408574000000954,supports_benign
DISAGREE_04,xgboost,XGBoost,288123,0,Benign,37,9,Fwd Pkt Len Mean,0.0,-0.017127322033047676,0.017127322033047676,supports_benign
DISAGREE_04,xgboost,XGBoost,288123,0,Benign,38,76,Idle Max,0.0,-0.016299353912472725,0.016299353912472725,supports_benign
DISAGREE_04,xgboost,XGBoost,288123,0,Benign,39,40,Pkt Len Max,0.0,0.01562552899122238,0.01562552899122238,supports_attack
DISAGREE_04,xgboost,XGBoost,288123,0,Benign,40,28,Bwd IAT Std,0.0,-0.014660350047051907,0.014660350047051907,supports_benign
DISAGREE_04,xgboost,XGBoost,288123,0,Benign,41,14,Bwd Pkt Len Std,0.0,0.013744804076850414,0.013744804076850414,supports_attack
DISAGREE_04,xgboost,XGBoost,288123,0,Benign,42,31,Fwd PSH Flags,0.0,-0.01363913994282484,0.01363913994282484,supports_benign
DISAGREE_04,xgboost,XGBoost,288123,0,Benign,43,29,Bwd IAT Max,0.0,-0.013602130115032196,0.013602130115032196,supports_benign
DISAGREE_04,xgboost,XGBoost,288123,0,Benign,44,35,Fwd Header Len,120.0,-0.012715531513094902,0.012715531513094902,supports_benign
DISAGREE_04,xgboost,XGBoost,288123,0,Benign,45,73,Active Min,0.0,0.012463298626244068,0.012463298626244068,supports_attack
DISAGREE_04,xgboost,XGBoost,288123,0,Benign,46,51,ECE Flag Cnt,0.0,-0.012015234678983688,0.012015234678983688,supports_benign
DISAGREE_04,xgboost,XGBoost,288123,0,Benign,47,27,Bwd IAT Mean,0.0,-0.011295849457383156,0.011295849457383156,supports_benign
DISAGREE_04,xgboost,XGBoost,288123,0,Benign,48,41,Pkt Len Mean,0.0,0.011224567890167236,0.011224567890167236,supports_attack
DISAGREE_04,xgboost,XGBoost,288123,0,Benign,49,4,Tot Bwd Pkts,0.0,-0.009348277933895588,0.009348277933895588,supports_benign
DISAGREE_04,xgboost,XGBoost,288123,0,Benign,50,55,Bwd Seg Size Avg,0.0,0.0071382662281394005,0.0071382662281394005,supports_attack
DISAGREE_04,xgboost,XGBoost,288123,0,Benign,51,49,URG Flag Cnt,0.0,0.006986750289797783,0.006986750289797783,supports_attack
DISAGREE_04,xgboost,XGBoost,288123,0,Benign,52,26,Bwd IAT Tot,0.0,0.005289524327963591,0.005289524327963591,supports_attack
DISAGREE_04,xgboost,XGBoost,288123,0,Benign,53,43,Pkt Len Var,0.0,0.00472222501412034,0.00472222501412034,supports_attack
DISAGREE_04,xgboost,XGBoost,288123,0,Benign,54,63,Subflow Fwd Byts,0.0,0.0043532331474125385,0.0043532331474125385,supports_attack
DISAGREE_04,xgboost,XGBoost,288123,0,Benign,55,74,Idle Mean,0.0,-0.004309424664825201,0.004309424664825201,supports_benign
DISAGREE_04,xgboost,XGBoost,288123,0,Benign,56,33,Fwd URG Flags,0.0,-0.004194509703665972,0.004194509703665972,supports_benign
DISAGREE_04,xgboost,XGBoost,288123,0,Benign,57,70,Active Mean,0.0,0.00397886335849762,0.00397886335849762,supports_attack
DISAGREE_04,xgboost,XGBoost,288123,0,Benign,58,65,Subflow Bwd Byts,0.0,0.003854930168017745,0.003854930168017745,supports_attack
DISAGREE_04,xgboost,XGBoost,288123,0,Benign,59,39,Pkt Len Min,0.0,0.0026311776600778103,0.0026311776600778103,supports_attack
DISAGREE_04,xgboost,XGBoost,288123,0,Benign,60,71,Active Std,0.0,-0.0021010912023484707,0.0021010912023484707,supports_benign
DISAGREE_04,xgboost,XGBoost,288123,0,Benign,61,1,Protocol,6.0,0.0018901191651821136,0.0018901191651821136,supports_attack
DISAGREE_04,xgboost,XGBoost,288123,0,Benign,62,54,Fwd Seg Size Avg,0.0,-0.0018851666245609522,0.0018851666245609522,supports_benign
DISAGREE_04,xgboost,XGBoost,288123,0,Benign,63,62,Subflow Fwd Pkts,3.0,-0.001695216284133494,0.001695216284133494,supports_benign
DISAGREE_04,xgboost,XGBoost,288123,0,Benign,64,64,Subflow Bwd Pkts,0.0,0.0016875338042154908,0.0016875338042154908,supports_attack
DISAGREE_04,xgboost,XGBoost,288123,0,Benign,65,47,PSH Flag Cnt,1.0,0.0015656413743272424,0.0015656413743272424,supports_attack
DISAGREE_04,xgboost,XGBoost,288123,0,Benign,66,45,SYN Flag Cnt,0.0,-0.0007059226627461612,0.0007059226627461612,supports_benign
DISAGREE_04,xgboost,XGBoost,288123,0,Benign,67,72,Active Max,0.0,0.0005207973881624639,0.0005207973881624639,supports_attack
DISAGREE_04,xgboost,XGBoost,288123,0,Benign,68,44,FIN Flag Cnt,0.0,-0.0004376166616566479,0.0004376166616566479,supports_benign
DISAGREE_04,xgboost,XGBoost,288123,0,Benign,69,68,Fwd Act Data Pkts,0.0,-0.0002995056565850973,0.0002995056565850973,supports_benign
DISAGREE_04,xgboost,XGBoost,288123,0,Benign,70,32,Bwd PSH Flags,0.0,0.0,0.0,supports_benign
DISAGREE_04,xgboost,XGBoost,288123,0,Benign,71,34,Bwd URG Flags,0.0,0.0,0.0,supports_benign
DISAGREE_04,xgboost,XGBoost,288123,0,Benign,72,50,CWE Flag Count,0.0,0.0,0.0,supports_benign
DISAGREE_04,xgboost,XGBoost,288123,0,Benign,73,56,Fwd Byts/b Avg,0.0,0.0,0.0,supports_benign
DISAGREE_04,xgboost,XGBoost,288123,0,Benign,74,57,Fwd Pkts/b Avg,0.0,0.0,0.0,supports_benign
DISAGREE_04,xgboost,XGBoost,288123,0,Benign,75,58,Fwd Blk Rate Avg,0.0,0.0,0.0,supports_benign
DISAGREE_04,xgboost,XGBoost,288123,0,Benign,76,59,Bwd Byts/b Avg,0.0,0.0,0.0,supports_benign
DISAGREE_04,xgboost,XGBoost,288123,0,Benign,77,60,Bwd Pkts/b Avg,0.0,0.0,0.0,supports_benign
DISAGREE_04,xgboost,XGBoost,288123,0,Benign,78,61,Bwd Blk Rate Avg,0.0,0.0,0.0,supports_benign
DISAGREE_04,lightgbm,LightGBM,288123,0,Benign,1,66,Init Fwd Win Byts,26883.0,2.6082851970732723,2.6082851970732723,supports_attack
DISAGREE_04,lightgbm,LightGBM,288123,0,Benign,2,69,Fwd Seg Size Min,40.0,2.2433107805663677,2.2433107805663677,supports_attack
DISAGREE_04,lightgbm,LightGBM,288123,0,Benign,3,0,Dst Port,22.0,-1.779653716433539,1.779653716433539,supports_benign
DISAGREE_04,lightgbm,LightGBM,288123,0,Benign,4,25,Fwd IAT Min,1001008.0,-0.5720629758860666,0.5720629758860666,supports_benign
DISAGREE_04,lightgbm,LightGBM,288123,0,Benign,5,20,Flow IAT Min,1001008.0,-0.3933243510705313,0.3933243510705313,supports_benign
DISAGREE_04,lightgbm,LightGBM,288123,0,Benign,6,17,Flow IAT Mean,1502444.5,-0.30778349271536926,0.30778349271536926,supports_benign
DISAGREE_04,lightgbm,LightGBM,288123,0,Benign,7,37,Fwd Pkts/s,0.9983729848,-0.21939896213139312,0.21939896213139312,supports_benign
DISAGREE_04,lightgbm,LightGBM,288123,0,Benign,8,7,Fwd Pkt Len Max,0.0,0.20840437281888624,0.20840437281888624,supports_attack
DISAGREE_04,lightgbm,LightGBM,288123,0,Benign,9,13,Bwd Pkt Len Mean,0.0,0.19345935078340898,0.19345935078340898,supports_attack
DISAGREE_04,lightgbm,LightGBM,288123,0,Benign,10,24,Fwd IAT Max,2003881.0,-0.17556847008547263,0.17556847008547263,supports_benign
DISAGREE_04,lightgbm,LightGBM,288123,0,Benign,11,10,Fwd Pkt Len Std,0.0,0.17358956982336307,0.17358956982336307,supports_attack
DISAGREE_04,lightgbm,LightGBM,288123,0,Benign,12,22,Fwd IAT Mean,1502444.5,-0.11019606520304961,0.11019606520304961,supports_benign
DISAGREE_04,lightgbm,LightGBM,288123,0,Benign,13,4,Tot Bwd Pkts,0.0,-0.10458112783945887,0.10458112783945887,supports_benign
DISAGREE_04,lightgbm,LightGBM,288123,0,Benign,14,55,Bwd Seg Size Avg,0.0,0.09065408652272795,0.09065408652272795,supports_attack
DISAGREE_04,lightgbm,LightGBM,288123,0,Benign,15,53,Pkt Size Avg,0.0,-0.08823004867306762,0.08823004867306762,supports_benign
DISAGREE_04,lightgbm,LightGBM,288123,0,Benign,16,18,Flow IAT Std,709138.298968897,-0.08081843983026997,0.08081843983026997,supports_benign
DISAGREE_04,lightgbm,LightGBM,288123,0,Benign,17,19,Flow IAT Max,2003881.0,-0.07748412168605602,0.07748412168605602,supports_benign
DISAGREE_04,lightgbm,LightGBM,288123,0,Benign,18,21,Fwd IAT Tot,3004889.0,-0.07255866662391747,0.07255866662391747,supports_benign
DISAGREE_04,lightgbm,LightGBM,288123,0,Benign,19,11,Bwd Pkt Len Max,0.0,0.05648097132216031,0.05648097132216031,supports_attack
DISAGREE_04,lightgbm,LightGBM,288123,0,Benign,20,67,Init Bwd Win Byts,-1.0,0.056037202504323445,0.056037202504323445,supports_attack
DISAGREE_04,lightgbm,LightGBM,288123,0,Benign,21,16,Flow Pkts/s,0.9983729848,-0.05539388998518045,0.05539388998518045,supports_benign
DISAGREE_04,lightgbm,LightGBM,288123,0,Benign,22,51,ECE Flag Cnt,0.0,-0.04797315280017756,0.04797315280017756,supports_benign
DISAGREE_04,lightgbm,LightGBM,288123,0,Benign,23,40,Pkt Len Max,0.0,0.03908737604023579,0.03908737604023579,supports_attack
DISAGREE_04,lightgbm,LightGBM,288123,0,Benign,24,54,Fwd Seg Size Avg,0.0,0.03413753845385707,0.03413753845385707,supports_attack
DISAGREE_04,lightgbm,LightGBM,288123,0,Benign,25,46,RST Flag Cnt,0.0,-0.032114960932673006,0.032114960932673006,supports_benign
DISAGREE_04,lightgbm,LightGBM,288123,0,Benign,26,6,TotLen Bwd Pkts,0.0,0.030733777102874945,0.030733777102874945,supports_attack
DISAGREE_04,lightgbm,LightGBM,288123,0,Benign,27,23,Fwd IAT Std,709138.298968897,0.02983341555635976,0.02983341555635976,supports_attack
DISAGREE_04,lightgbm,LightGBM,288123,0,Benign,28,43,Pkt Len Var,0.0,-0.02920059182198513,0.02920059182198513,supports_benign
DISAGREE_04,lightgbm,LightGBM,288123,0,Benign,29,76,Idle Max,0.0,-0.02551210886675313,0.02551210886675313,supports_benign
DISAGREE_04,lightgbm,LightGBM,288123,0,Benign,30,35,Fwd Header Len,120.0,-0.024295633209337746,0.024295633209337746,supports_benign
DISAGREE_04,lightgbm,LightGBM,288123,0,Benign,31,8,Fwd Pkt Len Min,0.0,0.02190042933866067,0.02190042933866067,supports_attack
DISAGREE_04,lightgbm,LightGBM,288123,0,Benign,32,63,Subflow Fwd Byts,0.0,0.02156615129164207,0.02156615129164207,supports_attack
DISAGREE_04,lightgbm,LightGBM,288123,0,Benign,33,9,Fwd Pkt Len Mean,0.0,-0.020970539312126175,0.020970539312126175,supports_benign
DISAGREE_04,lightgbm,LightGBM,288123,0,Benign,34,30,Bwd IAT Min,0.0,0.01799579693249992,0.01799579693249992,supports_attack
DISAGREE_04,lightgbm,LightGBM,288123,0,Benign,35,65,Subflow Bwd Byts,0.0,0.01691802021784469,0.01691802021784469,supports_attack
DISAGREE_04,lightgbm,LightGBM,288123,0,Benign,36,14,Bwd Pkt Len Std,0.0,0.016380256435233415,0.016380256435233415,supports_attack
DISAGREE_04,lightgbm,LightGBM,288123,0,Benign,37,68,Fwd Act Data Pkts,0.0,0.015763396543539157,0.015763396543539157,supports_attack
DISAGREE_04,lightgbm,LightGBM,288123,0,Benign,38,64,Subflow Bwd Pkts,0.0,0.015366262444635343,0.015366262444635343,supports_attack
DISAGREE_04,lightgbm,LightGBM,288123,0,Benign,39,15,Flow Byts/s,0.0,-0.015036988495628189,0.015036988495628189,supports_benign
DISAGREE_04,lightgbm,LightGBM,288123,0,Benign,40,36,Bwd Header Len,0.0,0.014682241097198189,0.014682241097198189,supports_attack
DISAGREE_04,lightgbm,LightGBM,288123,0,Benign,41,48,ACK Flag Cnt,0.0,-0.014524057340358769,0.014524057340358769,supports_benign
DISAGREE_04,lightgbm,LightGBM,288123,0,Benign,42,41,Pkt Len Mean,0.0,-0.01429450843609942,0.01429450843609942,supports_benign
DISAGREE_04,lightgbm,LightGBM,288123,0,Benign,43,42,Pkt Len Std,0.0,-0.013423035678357958,0.013423035678357958,supports_benign
DISAGREE_04,lightgbm,LightGBM,288123,0,Benign,44,77,Idle Min,0.0,-0.011709316512871302,0.011709316512871302,supports_benign
DISAGREE_04,lightgbm,LightGBM,288123,0,Benign,45,2,Flow Duration,3004889.0,0.010211531163250673,0.010211531163250673,supports_attack
DISAGREE_04,lightgbm,LightGBM,288123,0,Benign,46,26,Bwd IAT Tot,0.0,0.008450530840778838,0.008450530840778838,supports_attack
DISAGREE_04,lightgbm,LightGBM,288123,0,Benign,47,47,PSH Flag Cnt,1.0,0.007984532858598209,0.007984532858598209,supports_attack
DISAGREE_04,lightgbm,LightGBM,288123,0,Benign,48,49,URG Flag Cnt,0.0,0.007925667905346332,0.007925667905346332,supports_attack
DISAGREE_04,lightgbm,LightGBM,288123,0,Benign,49,62,Subflow Fwd Pkts,3.0,-0.007137662577333597,0.007137662577333597,supports_benign
DISAGREE_04,lightgbm,LightGBM,288123,0,Benign,50,39,Pkt Len Min,0.0,0.0057494313629286,0.0057494313629286,supports_attack
DISAGREE_04,lightgbm,LightGBM,288123,0,Benign,51,3,Tot Fwd Pkts,3.0,-0.005027484962743064,0.005027484962743064,supports_benign
DISAGREE_04,lightgbm,LightGBM,288123,0,Benign,52,70,Active Mean,0.0,-0.004696963719776706,0.004696963719776706,supports_benign
DISAGREE_04,lightgbm,LightGBM,288123,0,Benign,53,27,Bwd IAT Mean,0.0,-0.0037195104978625356,0.0037195104978625356,supports_benign
DISAGREE_04,lightgbm,LightGBM,288123,0,Benign,54,28,Bwd IAT Std,0.0,-0.0036290082455189385,0.0036290082455189385,supports_benign
DISAGREE_04,lightgbm,LightGBM,288123,0,Benign,55,31,Fwd PSH Flags,0.0,-0.0032813068020370426,0.0032813068020370426,supports_benign
DISAGREE_04,lightgbm,LightGBM,288123,0,Benign,56,29,Bwd IAT Max,0.0,0.0030561446022231804,0.0030561446022231804,supports_attack
DISAGREE_04,lightgbm,LightGBM,288123,0,Benign,57,71,Active Std,0.0,0.0029200781546340486,0.0029200781546340486,supports_attack
DISAGREE_04,lightgbm,LightGBM,288123,0,Benign,58,73,Active Min,0.0,0.002754247846106542,0.002754247846106542,supports_attack
DISAGREE_04,lightgbm,LightGBM,288123,0,Benign,59,74,Idle Mean,0.0,0.0023300527433913693,0.0023300527433913693,supports_attack
DISAGREE_04,lightgbm,LightGBM,288123,0,Benign,60,12,Bwd Pkt Len Min,0.0,-0.001999116992568741,0.001999116992568741,supports_benign
DISAGREE_04,lightgbm,LightGBM,288123,0,Benign,61,5,TotLen Fwd Pkts,0.0,-0.0018874321451989387,0.0018874321451989387,supports_benign
DISAGREE_04,lightgbm,LightGBM,288123,0,Benign,62,75,Idle Std,0.0,-0.0006552589689106738,0.0006552589689106738,supports_benign
DISAGREE_04,lightgbm,LightGBM,288123,0,Benign,63,45,SYN Flag Cnt,0.0,-0.0005244592946509817,0.0005244592946509817,supports_benign
DISAGREE_04,lightgbm,LightGBM,288123,0,Benign,64,72,Active Max,0.0,0.00030814587130393434,0.00030814587130393434,supports_attack
DISAGREE_04,lightgbm,LightGBM,288123,0,Benign,65,52,Down/Up Ratio,0.0,0.0002320735653722862,0.0002320735653722862,supports_attack
DISAGREE_04,lightgbm,LightGBM,288123,0,Benign,66,44,FIN Flag Cnt,0.0,-0.00021861821429872358,0.00021861821429872358,supports_benign
DISAGREE_04,lightgbm,LightGBM,288123,0,Benign,67,38,Bwd Pkts/s,0.0,-0.00015039574637824615,0.00015039574637824615,supports_benign
DISAGREE_04,lightgbm,LightGBM,288123,0,Benign,68,33,Fwd URG Flags,0.0,-5.1466812345559565e-05,5.1466812345559565e-05,supports_benign
DISAGREE_04,lightgbm,LightGBM,288123,0,Benign,69,1,Protocol,6.0,0.0,0.0,supports_benign
DISAGREE_04,lightgbm,LightGBM,288123,0,Benign,70,32,Bwd PSH Flags,0.0,0.0,0.0,supports_benign
DISAGREE_04,lightgbm,LightGBM,288123,0,Benign,71,34,Bwd URG Flags,0.0,0.0,0.0,supports_benign
DISAGREE_04,lightgbm,LightGBM,288123,0,Benign,72,50,CWE Flag Count,0.0,0.0,0.0,supports_benign
DISAGREE_04,lightgbm,LightGBM,288123,0,Benign,73,56,Fwd Byts/b Avg,0.0,0.0,0.0,supports_benign
DISAGREE_04,lightgbm,LightGBM,288123,0,Benign,74,57,Fwd Pkts/b Avg,0.0,0.0,0.0,supports_benign
DISAGREE_04,lightgbm,LightGBM,288123,0,Benign,75,58,Fwd Blk Rate Avg,0.0,0.0,0.0,supports_benign
DISAGREE_04,lightgbm,LightGBM,288123,0,Benign,76,59,Bwd Byts/b Avg,0.0,0.0,0.0,supports_benign
DISAGREE_04,lightgbm,LightGBM,288123,0,Benign,77,60,Bwd Pkts/b Avg,0.0,0.0,0.0,supports_benign
DISAGREE_04,lightgbm,LightGBM,288123,0,Benign,78,61,Bwd Blk Rate Avg,0.0,0.0,0.0,supports_benign
DISAGREE_05,xgboost,XGBoost,211974,0,Benign,1,0,Dst Port,3389.0,-1.3769375085830688,1.3769375085830688,supports_benign
DISAGREE_05,xgboost,XGBoost,211974,0,Benign,2,66,Init Fwd Win Byts,63817.0,0.9868605732917786,0.9868605732917786,supports_attack
DISAGREE_05,xgboost,XGBoost,211974,0,Benign,3,23,Fwd IAT Std,435072.3362,0.5194278359413147,0.5194278359413147,supports_attack
DISAGREE_05,xgboost,XGBoost,211974,0,Benign,4,67,Init Bwd Win Byts,63817.0,-0.5152668952941895,0.5152668952941895,supports_benign
DISAGREE_05,xgboost,XGBoost,211974,0,Benign,5,28,Bwd IAT Std,430066.1354,0.5032521486282349,0.5032521486282349,supports_attack
DISAGREE_05,xgboost,XGBoost,211974,0,Benign,6,25,Fwd IAT Min,26960.0,0.3025336265563965,0.3025336265563965,supports_attack
DISAGREE_05,xgboost,XGBoost,211974,0,Benign,7,4,Tot Bwd Pkts,112.0,-0.2762131989002228,0.2762131989002228,supports_benign
DISAGREE_05,xgboost,XGBoost,211974,0,Benign,8,69,Fwd Seg Size Min,20.0,-0.22783750295639038,0.22783750295639038,supports_benign
DISAGREE_05,xgboost,XGBoost,211974,0,Benign,9,12,Bwd Pkt Len Min,37.0,0.22552339732646942,0.22552339732646942,supports_attack
DISAGREE_05,xgboost,XGBoost,211974,0,Benign,10,35,Fwd Header Len,2240.0,0.14033979177474976,0.14033979177474976,supports_attack
DISAGREE_05,xgboost,XGBoost,211974,0,Benign,11,48,ACK Flag Cnt,1.0,0.12367820739746094,0.12367820739746094,supports_attack
DISAGREE_05,xgboost,XGBoost,211974,0,Benign,12,9,Fwd Pkt Len Mean,0.455357143,-0.11889742314815521,0.11889742314815521,supports_benign
DISAGREE_05,xgboost,XGBoost,211974,0,Benign,13,19,Flow IAT Max,1933539.0,0.11808138340711594,0.11808138340711594,supports_attack
DISAGREE_05,xgboost,XGBoost,211974,0,Benign,14,26,Bwd IAT Tot,117000000.0,0.10938851535320282,0.10938851535320282,supports_attack
DISAGREE_05,xgboost,XGBoost,211974,0,Benign,15,15,Flow Byts/s,47.36181491,-0.10855944454669952,0.10855944454669952,supports_benign
DISAGREE_05,xgboost,XGBoost,211974,0,Benign,16,30,Bwd IAT Min,15456.0,-0.09791267663240433,0.09791267663240433,supports_benign
DISAGREE_05,xgboost,XGBoost,211974,0,Benign,17,29,Bwd IAT Max,2015629.0,0.09632119536399841,0.09632119536399841,supports_attack
DISAGREE_05,xgboost,XGBoost,211974,0,Benign,18,46,RST Flag Cnt,0.0,-0.09515327960252762,0.09515327960252762,supports_benign
DISAGREE_05,xgboost,XGBoost,211974,0,Benign,19,53,Pkt Size Avg,25.45535714,-0.08554542064666748,0.08554542064666748,supports_benign
DISAGREE_05,xgboost,XGBoost,211974,0,Benign,20,16,Flow Pkts/s,1.877375073,-0.08470866829156876,0.08470866829156876,supports_benign
DISAGREE_05,xgboost,XGBoost,211974,0,Benign,21,11,Bwd Pkt Len Max,51.0,0.07431352883577347,0.07431352883577347,supports_attack
DISAGREE_05,xgboost,XGBoost,211974,0,Benign,22,38,Bwd Pkts/s,0.938687537,-0.07036416977643967,0.07036416977643967,supports_benign
DISAGREE_05,xgboost,XGBoost,211974,0,Benign,23,31,Fwd PSH Flags,1.0,0.06596097350120544,0.06596097350120544,supports_attack
DISAGREE_05,xgboost,XGBoost,211974,0,Benign,24,22,Fwd IAT Mean,1074914.676,-0.06275629997253418,0.06275629997253418,supports_benign
DISAGREE_05,xgboost,XGBoost,211974,0,Benign,25,21,Fwd IAT Tot,119000000.0,0.061684202402830124,0.061684202402830124,supports_attack
DISAGREE_05,xgboost,XGBoost,211974,0,Benign,26,36,Bwd Header Len,2240.0,0.06005916744470596,0.06005916744470596,supports_attack
DISAGREE_05,xgboost,XGBoost,211974,0,Benign,27,10,Fwd Pkt Len Std,4.819047031,0.05701209604740143,0.05701209604740143,supports_attack
DISAGREE_05,xgboost,XGBoost,211974,0,Benign,28,27,Bwd IAT Mean,1056009.018,0.05696321278810501,0.05696321278810501,supports_attack
DISAGREE_05,xgboost,XGBoost,211974,0,Benign,29,3,Tot Fwd Pkts,112.0,0.056587040424346924,0.056587040424346924,supports_attack
DISAGREE_05,xgboost,XGBoost,211974,0,Benign,30,14,Bwd Pkt Len Std,3.621756082,0.05181087180972099,0.05181087180972099,supports_attack
DISAGREE_05,xgboost,XGBoost,211974,0,Benign,31,47,PSH Flag Cnt,0.0,-0.05154149606823921,0.05154149606823921,supports_benign
DISAGREE_05,xgboost,XGBoost,211974,0,Benign,32,73,Active Min,0.0,0.048133235424757004,0.048133235424757004,supports_attack
DISAGREE_05,xgboost,XGBoost,211974,0,Benign,33,40,Pkt Len Max,51.0,0.04273243248462677,0.04273243248462677,supports_attack
DISAGREE_05,xgboost,XGBoost,211974,0,Benign,34,41,Pkt Len Mean,25.34222222,0.042337097227573395,0.042337097227573395,supports_attack
DISAGREE_05,xgboost,XGBoost,211974,0,Benign,35,13,Bwd Pkt Len Mean,50.0,0.041950587183237076,0.041950587183237076,supports_attack
DISAGREE_05,xgboost,XGBoost,211974,0,Benign,36,17,Flow IAT Mean,535047.2152,-0.03968936204910278,0.03968936204910278,supports_benign
DISAGREE_05,xgboost,XGBoost,211974,0,Benign,37,68,Fwd Act Data Pkts,0.0,0.03599224612116814,0.03599224612116814,supports_attack
DISAGREE_05,xgboost,XGBoost,211974,0,Benign,38,8,Fwd Pkt Len Min,0.0,0.031541962176561356,0.031541962176561356,supports_attack
DISAGREE_05,xgboost,XGBoost,211974,0,Benign,39,62,Subflow Fwd Pkts,112.0,0.030397621914744377,0.030397621914744377,supports_attack
DISAGREE_05,xgboost,XGBoost,211974,0,Benign,40,37,Fwd Pkts/s,0.938687537,0.03008454293012619,0.03008454293012619,supports_attack
DISAGREE_05,xgboost,XGBoost,211974,0,Benign,41,7,Fwd Pkt Len Max,51.0,0.027820352464914322,0.027820352464914322,supports_attack
DISAGREE_05,xgboost,XGBoost,211974,0,Benign,42,70,Active Mean,0.0,0.02706100046634674,0.02706100046634674,supports_attack
DISAGREE_05,xgboost,XGBoost,211974,0,Benign,43,74,Idle Mean,0.0,0.026079753413796425,0.026079753413796425,supports_attack
DISAGREE_05,xgboost,XGBoost,211974,0,Benign,44,20,Flow IAT Min,4112.0,0.0193503275513649,0.0193503275513649,supports_attack
DISAGREE_05,xgboost,XGBoost,211974,0,Benign,45,42,Pkt Len Std,25.19182202,0.01912183128297329,0.01912183128297329,supports_attack
DISAGREE_05,xgboost,XGBoost,211974,0,Benign,46,51,ECE Flag Cnt,0.0,-0.016518836840987206,0.016518836840987206,supports_benign
DISAGREE_05,xgboost,XGBoost,211974,0,Benign,47,72,Active Max,0.0,-0.01628519967198372,0.01628519967198372,supports_benign
DISAGREE_05,xgboost,XGBoost,211974,0,Benign,48,65,Subflow Bwd Byts,5600.0,0.015558499842882156,0.015558499842882156,supports_attack
DISAGREE_05,xgboost,XGBoost,211974,0,Benign,49,76,Idle Max,0.0,0.01545077282935381,0.01545077282935381,supports_attack
DISAGREE_05,xgboost,XGBoost,211974,0,Benign,50,54,Fwd Seg Size Avg,0.455357143,-0.01496096421033144,0.01496096421033144,supports_benign
DISAGREE_05,xgboost,XGBoost,211974,0,Benign,51,18,Flow IAT Std,544152.2634,0.012409856542944908,0.012409856542944908,supports_attack
DISAGREE_05,xgboost,XGBoost,211974,0,Benign,52,45,SYN Flag Cnt,1.0,0.012109789997339249,0.012109789997339249,supports_attack
DISAGREE_05,xgboost,XGBoost,211974,0,Benign,53,2,Flow Duration,119315529.0,0.011711163446307182,0.011711163446307182,supports_attack
DISAGREE_05,xgboost,XGBoost,211974,0,Benign,54,77,Idle Min,0.0,-0.011006887070834637,0.011006887070834637,supports_benign
DISAGREE_05,xgboost,XGBoost,211974,0,Benign,55,75,Idle Std,0.0,-0.009212259203195572,0.009212259203195572,supports_benign
DISAGREE_05,xgboost,XGBoost,211974,0,Benign,56,64,Subflow Bwd Pkts,112.0,-0.008940997533500195,0.008940997533500195,supports_benign
DISAGREE_05,xgboost,XGBoost,211974,0,Benign,57,71,Active Std,0.0,0.006467923987656832,0.006467923987656832,supports_attack
DISAGREE_05,xgboost,XGBoost,211974,0,Benign,58,5,TotLen Fwd Pkts,51.0,0.006407448556274176,0.006407448556274176,supports_attack
DISAGREE_05,xgboost,XGBoost,211974,0,Benign,59,6,TotLen Bwd Pkts,5600.0,0.0053217546083033085,0.0053217546083033085,supports_attack
DISAGREE_05,xgboost,XGBoost,211974,0,Benign,60,63,Subflow Fwd Byts,51.0,0.005150835961103439,0.005150835961103439,supports_attack
DISAGREE_05,xgboost,XGBoost,211974,0,Benign,61,43,Pkt Len Var,634.6278968,0.004773859400302172,0.004773859400302172,supports_attack
DISAGREE_05,xgboost,XGBoost,211974,0,Benign,62,24,Fwd IAT Max,2022359.0,0.0039869616739451885,0.0039869616739451885,supports_attack
DISAGREE_05,xgboost,XGBoost,211974,0,Benign,63,49,URG Flag Cnt,0.0,0.003472305601462722,0.003472305601462722,supports_attack
DISAGREE_05,xgboost,XGBoost,211974,0,Benign,64,55,Bwd Seg Size Avg,50.0,0.002675494644790888,0.002675494644790888,supports_attack
DISAGREE_05,xgboost,XGBoost,211974,0,Benign,65,52,Down/Up Ratio,1.0,-0.0019367330241948366,0.0019367330241948366,supports_benign
DISAGREE_05,xgboost,XGBoost,211974,0,Benign,66,1,Protocol,6.0,0.001403728500008583,0.001403728500008583,supports_attack
DISAGREE_05,xgboost,XGBoost,211974,0,Benign,67,44,FIN Flag Cnt,0.0,-0.001187966438010335,0.001187966438010335,supports_benign
DISAGREE_05,xgboost,XGBoost,211974,0,Benign,68,33,Fwd URG Flags,0.0,-0.0009243855020031333,0.0009243855020031333,supports_benign
DISAGREE_05,xgboost,XGBoost,211974,0,Benign,69,39,Pkt Len Min,0.0,-0.0005263139610178769,0.0005263139610178769,supports_benign
DISAGREE_05,xgboost,XGBoost,211974,0,Benign,70,32,Bwd PSH Flags,0.0,0.0,0.0,supports_benign
DISAGREE_05,xgboost,XGBoost,211974,0,Benign,71,34,Bwd URG Flags,0.0,0.0,0.0,supports_benign
DISAGREE_05,xgboost,XGBoost,211974,0,Benign,72,50,CWE Flag Count,0.0,0.0,0.0,supports_benign
DISAGREE_05,xgboost,XGBoost,211974,0,Benign,73,56,Fwd Byts/b Avg,0.0,0.0,0.0,supports_benign
DISAGREE_05,xgboost,XGBoost,211974,0,Benign,74,57,Fwd Pkts/b Avg,0.0,0.0,0.0,supports_benign
DISAGREE_05,xgboost,XGBoost,211974,0,Benign,75,58,Fwd Blk Rate Avg,0.0,0.0,0.0,supports_benign
DISAGREE_05,xgboost,XGBoost,211974,0,Benign,76,59,Bwd Byts/b Avg,0.0,0.0,0.0,supports_benign
DISAGREE_05,xgboost,XGBoost,211974,0,Benign,77,60,Bwd Pkts/b Avg,0.0,0.0,0.0,supports_benign
DISAGREE_05,xgboost,XGBoost,211974,0,Benign,78,61,Bwd Blk Rate Avg,0.0,0.0,0.0,supports_benign
DISAGREE_05,lightgbm,LightGBM,211974,0,Benign,1,0,Dst Port,3389.0,-1.666679014592688,1.666679014592688,supports_benign
DISAGREE_05,lightgbm,LightGBM,211974,0,Benign,2,67,Init Bwd Win Byts,63817.0,-0.4992757610210688,0.4992757610210688,supports_benign
DISAGREE_05,lightgbm,LightGBM,211974,0,Benign,3,69,Fwd Seg Size Min,20.0,-0.40085289917268646,0.40085289917268646,supports_benign
DISAGREE_05,lightgbm,LightGBM,211974,0,Benign,4,10,Fwd Pkt Len Std,4.819047031,0.350943596619261,0.350943596619261,supports_attack
DISAGREE_05,lightgbm,LightGBM,211974,0,Benign,5,66,Init Fwd Win Byts,63817.0,0.34808375359545846,0.34808375359545846,supports_attack
DISAGREE_05,lightgbm,LightGBM,211974,0,Benign,6,6,TotLen Bwd Pkts,5600.0,-0.29400996321013795,0.29400996321013795,supports_benign
DISAGREE_05,lightgbm,LightGBM,211974,0,Benign,7,7,Fwd Pkt Len Max,51.0,0.2165016430451757,0.2165016430451757,supports_attack
DISAGREE_05,lightgbm,LightGBM,211974,0,Benign,8,21,Fwd IAT Tot,119000000.0,0.2048366771268136,0.2048366771268136,supports_attack
DISAGREE_05,lightgbm,LightGBM,211974,0,Benign,9,28,Bwd IAT Std,430066.1354,0.1808756594265349,0.1808756594265349,supports_attack
DISAGREE_05,lightgbm,LightGBM,211974,0,Benign,10,25,Fwd IAT Min,26960.0,0.1800338120202154,0.1800338120202154,supports_attack
DISAGREE_05,lightgbm,LightGBM,211974,0,Benign,11,18,Flow IAT Std,544152.2634,-0.16300695704430393,0.16300695704430393,supports_benign
DISAGREE_05,lightgbm,LightGBM,211974,0,Benign,12,23,Fwd IAT Std,435072.3362,0.14426356864523246,0.14426356864523246,supports_attack
DISAGREE_05,lightgbm,LightGBM,211974,0,Benign,13,65,Subflow Bwd Byts,5600.0,-0.13973153079580666,0.13973153079580666,supports_benign
DISAGREE_05,lightgbm,LightGBM,211974,0,Benign,14,64,Subflow Bwd Pkts,112.0,-0.138858396243858,0.138858396243858,supports_benign
DISAGREE_05,lightgbm,LightGBM,211974,0,Benign,15,26,Bwd IAT Tot,117000000.0,0.13286803055119956,0.13286803055119956,supports_attack
DISAGREE_05,lightgbm,LightGBM,211974,0,Benign,16,30,Bwd IAT Min,15456.0,-0.12641206001583855,0.12641206001583855,supports_benign
DISAGREE_05,lightgbm,LightGBM,211974,0,Benign,17,15,Flow Byts/s,47.36181491,-0.12339232083869887,0.12339232083869887,supports_benign
DISAGREE_05,lightgbm,LightGBM,211974,0,Benign,18,37,Fwd Pkts/s,0.938687537,-0.1149188269591372,0.1149188269591372,supports_benign
DISAGREE_05,lightgbm,LightGBM,211974,0,Benign,19,4,Tot Bwd Pkts,112.0,-0.10257610693749857,0.10257610693749857,supports_benign
DISAGREE_05,lightgbm,LightGBM,211974,0,Benign,20,16,Flow Pkts/s,1.877375073,-0.09965607655674519,0.09965607655674519,supports_benign
DISAGREE_05,lightgbm,LightGBM,211974,0,Benign,21,43,Pkt Len Var,634.6278968,-0.09435347740720372,0.09435347740720372,supports_benign
DISAGREE_05,lightgbm,LightGBM,211974,0,Benign,22,35,Fwd Header Len,2240.0,0.09400017934361768,0.09400017934361768,supports_attack
DISAGREE_05,lightgbm,LightGBM,211974,0,Benign,23,17,Flow IAT Mean,535047.2152,-0.0872688907082296,0.0872688907082296,supports_benign
DISAGREE_05,lightgbm,LightGBM,211974,0,Benign,24,31,Fwd PSH Flags,1.0,0.08350926264544989,0.08350926264544989,supports_attack
DISAGREE_05,lightgbm,LightGBM,211974,0,Benign,25,19,Flow IAT Max,1933539.0,0.07811178777240371,0.07811178777240371,supports_attack
DISAGREE_05,lightgbm,LightGBM,211974,0,Benign,26,20,Flow IAT Min,4112.0,-0.07717321613265966,0.07717321613265966,supports_benign
DISAGREE_05,lightgbm,LightGBM,211974,0,Benign,27,38,Bwd Pkts/s,0.938687537,-0.07592575308072724,0.07592575308072724,supports_benign
DISAGREE_05,lightgbm,LightGBM,211974,0,Benign,28,53,Pkt Size Avg,25.45535714,-0.07240456035733825,0.07240456035733825,supports_benign
DISAGREE_05,lightgbm,LightGBM,211974,0,Benign,29,36,Bwd Header Len,2240.0,-0.0676580823554059,0.0676580823554059,supports_benign
DISAGREE_05,lightgbm,LightGBM,211974,0,Benign,30,11,Bwd Pkt Len Max,51.0,0.057040390453093406,0.057040390453093406,supports_attack
DISAGREE_05,lightgbm,LightGBM,211974,0,Benign,31,2,Flow Duration,119315529.0,0.05406761086777341,0.05406761086777341,supports_attack
DISAGREE_05,lightgbm,LightGBM,211974,0,Benign,32,27,Bwd IAT Mean,1056009.018,0.051491441342259636,0.051491441342259636,supports_attack
DISAGREE_05,lightgbm,LightGBM,211974,0,Benign,33,51,ECE Flag Cnt,0.0,-0.05079185812239835,0.05079185812239835,supports_benign
DISAGREE_05,lightgbm,LightGBM,211974,0,Benign,34,14,Bwd Pkt Len Std,3.621756082,0.05062274047772767,0.05062274047772767,supports_attack
DISAGREE_05,lightgbm,LightGBM,211974,0,Benign,35,45,SYN Flag Cnt,1.0,0.04842316889046974,0.04842316889046974,supports_attack
DISAGREE_05,lightgbm,LightGBM,211974,0,Benign,36,46,RST Flag Cnt,0.0,-0.0472547070320456,0.0472547070320456,supports_benign
DISAGREE_05,lightgbm,LightGBM,211974,0,Benign,37,29,Bwd IAT Max,2015629.0,0.041305482528105834,0.041305482528105834,supports_attack
DISAGREE_05,lightgbm,LightGBM,211974,0,Benign,38,12,Bwd Pkt Len Min,37.0,0.038321055340178406,0.038321055340178406,supports_attack
DISAGREE_05,lightgbm,LightGBM,211974,0,Benign,39,13,Bwd Pkt Len Mean,50.0,-0.03690819286095157,0.03690819286095157,supports_benign
DISAGREE_05,lightgbm,LightGBM,211974,0,Benign,40,76,Idle Max,0.0,-0.034530710637458925,0.034530710637458925,supports_benign
DISAGREE_05,lightgbm,LightGBM,211974,0,Benign,41,42,Pkt Len Std,25.19182202,-0.026861467923499284,0.026861467923499284,supports_benign
DISAGREE_05,lightgbm,LightGBM,211974,0,Benign,42,47,PSH Flag Cnt,0.0,0.02651581378375016,0.02651581378375016,supports_attack
DISAGREE_05,lightgbm,LightGBM,211974,0,Benign,43,9,Fwd Pkt Len Mean,0.455357143,-0.026501521201946873,0.026501521201946873,supports_benign
DISAGREE_05,lightgbm,LightGBM,211974,0,Benign,44,68,Fwd Act Data Pkts,0.0,0.02569655989746901,0.02569655989746901,supports_attack
DISAGREE_05,lightgbm,LightGBM,211974,0,Benign,45,73,Active Min,0.0,0.02291808966780482,0.02291808966780482,supports_attack
DISAGREE_05,lightgbm,LightGBM,211974,0,Benign,46,54,Fwd Seg Size Avg,0.455357143,0.0221417604888784,0.0221417604888784,supports_attack
DISAGREE_05,lightgbm,LightGBM,211974,0,Benign,47,55,Bwd Seg Size Avg,50.0,-0.019856524026246544,0.019856524026246544,supports_benign
DISAGREE_05,lightgbm,LightGBM,211974,0,Benign,48,48,ACK Flag Cnt,1.0,0.019510101669163726,0.019510101669163726,supports_attack
DISAGREE_05,lightgbm,LightGBM,211974,0,Benign,49,77,Idle Min,0.0,-0.01705690642567043,0.01705690642567043,supports_benign
DISAGREE_05,lightgbm,LightGBM,211974,0,Benign,50,70,Active Mean,0.0,-0.01675325178592661,0.01675325178592661,supports_benign
DISAGREE_05,lightgbm,LightGBM,211974,0,Benign,51,74,Idle Mean,0.0,0.01333496015292429,0.01333496015292429,supports_attack
DISAGREE_05,lightgbm,LightGBM,211974,0,Benign,52,72,Active Max,0.0,-0.012135085493945201,0.012135085493945201,supports_benign
DISAGREE_05,lightgbm,LightGBM,211974,0,Benign,53,22,Fwd IAT Mean,1074914.676,-0.011707005198471097,0.011707005198471097,supports_benign
DISAGREE_05,lightgbm,LightGBM,211974,0,Benign,54,8,Fwd Pkt Len Min,0.0,0.011671573033110604,0.011671573033110604,supports_attack
DISAGREE_05,lightgbm,LightGBM,211974,0,Benign,55,3,Tot Fwd Pkts,112.0,0.010637617361736323,0.010637617361736323,supports_attack
DISAGREE_05,lightgbm,LightGBM,211974,0,Benign,56,75,Idle Std,0.0,-0.010035644660684231,0.010035644660684231,supports_benign
DISAGREE_05,lightgbm,LightGBM,211974,0,Benign,57,24,Fwd IAT Max,2022359.0,0.008524406954849002,0.008524406954849002,supports_attack
DISAGREE_05,lightgbm,LightGBM,211974,0,Benign,58,62,Subflow Fwd Pkts,112.0,0.005809913371739859,0.005809913371739859,supports_attack
DISAGREE_05,lightgbm,LightGBM,211974,0,Benign,59,5,TotLen Fwd Pkts,51.0,0.005467035512128444,0.005467035512128444,supports_attack
DISAGREE_05,lightgbm,LightGBM,211974,0,Benign,60,71,Active Std,0.0,0.00499487042427578,0.00499487042427578,supports_attack
DISAGREE_05,lightgbm,LightGBM,211974,0,Benign,61,41,Pkt Len Mean,25.34222222,-0.003355971052623705,0.003355971052623705,supports_benign
DISAGREE_05,lightgbm,LightGBM,211974,0,Benign,62,40,Pkt Len Max,51.0,-0.0029614389705505196,0.0029614389705505196,supports_benign
DISAGREE_05,lightgbm,LightGBM,211974,0,Benign,63,49,URG Flag Cnt,0.0,0.002314474422415691,0.002314474422415691,supports_attack
DISAGREE_05,lightgbm,LightGBM,211974,0,Benign,64,39,Pkt Len Min,0.0,0.0011092776927430807,0.0011092776927430807,supports_attack
DISAGREE_05,lightgbm,LightGBM,211974,0,Benign,65,52,Down/Up Ratio,1.0,0.0010783499781754722,0.0010783499781754722,supports_attack
DISAGREE_05,lightgbm,LightGBM,211974,0,Benign,66,63,Subflow Fwd Byts,51.0,0.0005910275710608088,0.0005910275710608088,supports_attack
DISAGREE_05,lightgbm,LightGBM,211974,0,Benign,67,44,FIN Flag Cnt,0.0,-0.00018776622819142907,0.00018776622819142907,supports_benign
DISAGREE_05,lightgbm,LightGBM,211974,0,Benign,68,33,Fwd URG Flags,0.0,-9.927716871941117e-06,9.927716871941117e-06,supports_benign
DISAGREE_05,lightgbm,LightGBM,211974,0,Benign,69,1,Protocol,6.0,0.0,0.0,supports_benign
DISAGREE_05,lightgbm,LightGBM,211974,0,Benign,70,32,Bwd PSH Flags,0.0,0.0,0.0,supports_benign
DISAGREE_05,lightgbm,LightGBM,211974,0,Benign,71,34,Bwd URG Flags,0.0,0.0,0.0,supports_benign
DISAGREE_05,lightgbm,LightGBM,211974,0,Benign,72,50,CWE Flag Count,0.0,0.0,0.0,supports_benign
DISAGREE_05,lightgbm,LightGBM,211974,0,Benign,73,56,Fwd Byts/b Avg,0.0,0.0,0.0,supports_benign
DISAGREE_05,lightgbm,LightGBM,211974,0,Benign,74,57,Fwd Pkts/b Avg,0.0,0.0,0.0,supports_benign
DISAGREE_05,lightgbm,LightGBM,211974,0,Benign,75,58,Fwd Blk Rate Avg,0.0,0.0,0.0,supports_benign
DISAGREE_05,lightgbm,LightGBM,211974,0,Benign,76,59,Bwd Byts/b Avg,0.0,0.0,0.0,supports_benign
DISAGREE_05,lightgbm,LightGBM,211974,0,Benign,77,60,Bwd Pkts/b Avg,0.0,0.0,0.0,supports_benign
DISAGREE_05,lightgbm,LightGBM,211974,0,Benign,78,61,Bwd Blk Rate Avg,0.0,0.0,0.0,supports_benign
DISAGREE_06,xgboost,XGBoost,77342,0,Benign,1,0,Dst Port,443.0,-1.0631239414215088,1.0631239414215088,supports_benign
DISAGREE_06,xgboost,XGBoost,77342,0,Benign,2,69,Fwd Seg Size Min,20.0,-0.36852890253067017,0.36852890253067017,supports_benign
DISAGREE_06,xgboost,XGBoost,77342,0,Benign,3,21,Fwd IAT Tot,288414.0,-0.3226358890533447,0.3226358890533447,supports_benign
DISAGREE_06,xgboost,XGBoost,77342,0,Benign,4,25,Fwd IAT Min,288414.0,-0.2840803563594818,0.2840803563594818,supports_benign
DISAGREE_06,xgboost,XGBoost,77342,0,Benign,5,66,Init Fwd Win Byts,2048.0,0.265261173248291,0.265261173248291,supports_attack
DISAGREE_06,xgboost,XGBoost,77342,0,Benign,6,22,Fwd IAT Mean,288414.0,-0.24470824003219604,0.24470824003219604,supports_benign
DISAGREE_06,xgboost,XGBoost,77342,0,Benign,7,13,Bwd Pkt Len Mean,0.0,0.18684430420398712,0.18684430420398712,supports_attack
DISAGREE_06,xgboost,XGBoost,77342,0,Benign,8,46,RST Flag Cnt,0.0,-0.1706087440252304,0.1706087440252304,supports_benign
DISAGREE_06,xgboost,XGBoost,77342,0,Benign,9,17,Flow IAT Mean,288414.0,-0.143360897898674,0.143360897898674,supports_benign
DISAGREE_06,xgboost,XGBoost,77342,0,Benign,10,11,Bwd Pkt Len Max,0.0,0.08962956070899963,0.08962956070899963,supports_attack
DISAGREE_06,xgboost,XGBoost,77342,0,Benign,11,53,Pkt Size Avg,0.0,-0.0786416158080101,0.0786416158080101,supports_benign
DISAGREE_06,xgboost,XGBoost,77342,0,Benign,12,4,Tot Bwd Pkts,0.0,0.07478535175323486,0.07478535175323486,supports_attack
DISAGREE_06,xgboost,XGBoost,77342,0,Benign,13,19,Flow IAT Max,288414.0,0.07051654160022736,0.07051654160022736,supports_attack
DISAGREE_06,xgboost,XGBoost,77342,0,Benign,14,37,Fwd Pkts/s,6.934476135,-0.07010732591152191,0.07010732591152191,supports_benign
DISAGREE_06,xgboost,XGBoost,77342,0,Benign,15,7,Fwd Pkt Len Max,0.0,0.06457411497831345,0.06457411497831345,supports_attack
DISAGREE_06,xgboost,XGBoost,77342,0,Benign,16,24,Fwd IAT Max,288414.0,-0.06161293759942055,0.06161293759942055,supports_benign
DISAGREE_06,xgboost,XGBoost,77342,0,Benign,17,38,Bwd Pkts/s,0.0,0.052357304841279984,0.052357304841279984,supports_attack
DISAGREE_06,xgboost,XGBoost,77342,0,Benign,18,42,Pkt Len Std,0.0,0.04838603362441063,0.04838603362441063,supports_attack
DISAGREE_06,xgboost,XGBoost,77342,0,Benign,19,77,Idle Min,0.0,-0.04559076204895973,0.04559076204895973,supports_benign
DISAGREE_06,xgboost,XGBoost,77342,0,Benign,20,36,Bwd Header Len,0.0,0.039903007447719574,0.039903007447719574,supports_attack
DISAGREE_06,xgboost,XGBoost,77342,0,Benign,21,29,Bwd IAT Max,0.0,-0.03758877143263817,0.03758877143263817,supports_benign
DISAGREE_06,xgboost,XGBoost,77342,0,Benign,22,5,TotLen Fwd Pkts,0.0,0.03681714087724686,0.03681714087724686,supports_attack
DISAGREE_06,xgboost,XGBoost,77342,0,Benign,23,6,TotLen Bwd Pkts,0.0,0.03605854511260986,0.03605854511260986,supports_attack
DISAGREE_06,xgboost,XGBoost,77342,0,Benign,24,15,Flow Byts/s,0.0,-0.033084336668252945,0.033084336668252945,supports_benign
DISAGREE_06,xgboost,XGBoost,77342,0,Benign,25,9,Fwd Pkt Len Mean,0.0,-0.031012343242764473,0.031012343242764473,supports_benign
DISAGREE_06,xgboost,XGBoost,77342,0,Benign,26,40,Pkt Len Max,0.0,0.030823128297924995,0.030823128297924995,supports_attack
DISAGREE_06,xgboost,XGBoost,77342,0,Benign,27,68,Fwd Act Data Pkts,0.0,0.03036549873650074,0.03036549873650074,supports_attack
DISAGREE_06,xgboost,XGBoost,77342,0,Benign,28,16,Flow Pkts/s,6.934476135,-0.030092155560851097,0.030092155560851097,supports_benign
DISAGREE_06,xgboost,XGBoost,77342,0,Benign,29,12,Bwd Pkt Len Min,0.0,-0.029653005301952362,0.029653005301952362,supports_benign
DISAGREE_06,xgboost,XGBoost,77342,0,Benign,30,8,Fwd Pkt Len Min,0.0,0.028734562918543816,0.028734562918543816,supports_attack
DISAGREE_06,xgboost,XGBoost,77342,0,Benign,31,18,Flow IAT Std,0.0,0.028026653453707695,0.028026653453707695,supports_attack
DISAGREE_06,xgboost,XGBoost,77342,0,Benign,32,30,Bwd IAT Min,0.0,-0.027526095509529114,0.027526095509529114,supports_benign
DISAGREE_06,xgboost,XGBoost,77342,0,Benign,33,23,Fwd IAT Std,0.0,-0.026270419359207153,0.026270419359207153,supports_benign
DISAGREE_06,xgboost,XGBoost,77342,0,Benign,34,51,ECE Flag Cnt,0.0,-0.025477150455117226,0.025477150455117226,supports_benign
DISAGREE_06,xgboost,XGBoost,77342,0,Benign,35,35,Fwd Header Len,40.0,-0.018869109451770782,0.018869109451770782,supports_benign
DISAGREE_06,xgboost,XGBoost,77342,0,Benign,36,14,Bwd Pkt Len Std,0.0,0.016621911898255348,0.016621911898255348,supports_attack
DISAGREE_06,xgboost,XGBoost,77342,0,Benign,37,67,Init Bwd Win Byts,-1.0,0.015533855184912682,0.015533855184912682,supports_attack
DISAGREE_06,xgboost,XGBoost,77342,0,Benign,38,75,Idle Std,0.0,-0.015403000637888908,0.015403000637888908,supports_benign
DISAGREE_06,xgboost,XGBoost,77342,0,Benign,39,3,Tot Fwd Pkts,2.0,0.013400012627243996,0.013400012627243996,supports_attack
DISAGREE_06,xgboost,XGBoost,77342,0,Benign,40,2,Flow Duration,288414.0,-0.01255387905985117,0.01255387905985117,supports_benign
DISAGREE_06,xgboost,XGBoost,77342,0,Benign,41,76,Idle Max,0.0,-0.012296442873775959,0.012296442873775959,supports_benign
DISAGREE_06,xgboost,XGBoost,77342,0,Benign,42,27,Bwd IAT Mean,0.0,-0.011313101276755333,0.011313101276755333,supports_benign
DISAGREE_06,xgboost,XGBoost,77342,0,Benign,43,55,Bwd Seg Size Avg,0.0,0.010260488837957382,0.010260488837957382,supports_attack
DISAGREE_06,xgboost,XGBoost,77342,0,Benign,44,63,Subflow Fwd Byts,0.0,0.008112275041639805,0.008112275041639805,supports_attack
DISAGREE_06,xgboost,XGBoost,77342,0,Benign,45,28,Bwd IAT Std,0.0,-0.007884948514401913,0.007884948514401913,supports_benign
DISAGREE_06,xgboost,XGBoost,77342,0,Benign,46,31,Fwd PSH Flags,0.0,-0.007811862975358963,0.007811862975358963,supports_benign
DISAGREE_06,xgboost,XGBoost,77342,0,Benign,47,20,Flow IAT Min,288414.0,-0.006911833770573139,0.006911833770573139,supports_benign
DISAGREE_06,xgboost,XGBoost,77342,0,Benign,48,52,Down/Up Ratio,0.0,-0.005269439425319433,0.005269439425319433,supports_benign
DISAGREE_06,xgboost,XGBoost,77342,0,Benign,49,41,Pkt Len Mean,0.0,0.004120148252695799,0.004120148252695799,supports_attack
DISAGREE_06,xgboost,XGBoost,77342,0,Benign,50,73,Active Min,0.0,-0.003986665979027748,0.003986665979027748,supports_benign
DISAGREE_06,xgboost,XGBoost,77342,0,Benign,51,74,Idle Mean,0.0,-0.003831787034869194,0.003831787034869194,supports_benign
DISAGREE_06,xgboost,XGBoost,77342,0,Benign,52,72,Active Max,0.0,0.0037947380915284157,0.0037947380915284157,supports_attack
DISAGREE_06,xgboost,XGBoost,77342,0,Benign,53,48,ACK Flag Cnt,1.0,-0.003631012747064233,0.003631012747064233,supports_benign
DISAGREE_06,xgboost,XGBoost,77342,0,Benign,54,65,Subflow Bwd Byts,0.0,0.0035636082757264376,0.0035636082757264376,supports_attack
DISAGREE_06,xgboost,XGBoost,77342,0,Benign,55,49,URG Flag Cnt,0.0,0.0031223762780427933,0.0031223762780427933,supports_attack
DISAGREE_06,xgboost,XGBoost,77342,0,Benign,56,47,PSH Flag Cnt,0.0,-0.002594806021079421,0.002594806021079421,supports_benign
DISAGREE_06,xgboost,XGBoost,77342,0,Benign,57,10,Fwd Pkt Len Std,0.0,0.002580939792096615,0.002580939792096615,supports_attack
DISAGREE_06,xgboost,XGBoost,77342,0,Benign,58,64,Subflow Bwd Pkts,0.0,0.0023911804892122746,0.0023911804892122746,supports_attack
DISAGREE_06,xgboost,XGBoost,77342,0,Benign,59,70,Active Mean,0.0,0.002308015478774905,0.002308015478774905,supports_attack
DISAGREE_06,xgboost,XGBoost,77342,0,Benign,60,43,Pkt Len Var,0.0,0.0022320596035569906,0.0022320596035569906,supports_attack
DISAGREE_06,xgboost,XGBoost,77342,0,Benign,61,71,Active Std,0.0,-0.0014553579967468977,0.0014553579967468977,supports_benign
DISAGREE_06,xgboost,XGBoost,77342,0,Benign,62,44,FIN Flag Cnt,0.0,-0.0013304847525432706,0.0013304847525432706,supports_benign
DISAGREE_06,xgboost,XGBoost,77342,0,Benign,63,26,Bwd IAT Tot,0.0,-0.0012316311476752162,0.0012316311476752162,supports_benign
DISAGREE_06,xgboost,XGBoost,77342,0,Benign,64,1,Protocol,6.0,-0.0010163018014281988,0.0010163018014281988,supports_benign
DISAGREE_06,xgboost,XGBoost,77342,0,Benign,65,39,Pkt Len Min,0.0,0.00084774533752352,0.00084774533752352,supports_attack
DISAGREE_06,xgboost,XGBoost,77342,0,Benign,66,45,SYN Flag Cnt,0.0,-0.0007977578788995743,0.0007977578788995743,supports_benign
DISAGREE_06,xgboost,XGBoost,77342,0,Benign,67,33,Fwd URG Flags,0.0,-0.0006653714226558805,0.0006653714226558805,supports_benign
DISAGREE_06,xgboost,XGBoost,77342,0,Benign,68,62,Subflow Fwd Pkts,2.0,-0.0005806550034321845,0.0005806550034321845,supports_benign
DISAGREE_06,xgboost,XGBoost,77342,0,Benign,69,54,Fwd Seg Size Avg,0.0,-0.0005328909028321505,0.0005328909028321505,supports_benign
DISAGREE_06,xgboost,XGBoost,77342,0,Benign,70,32,Bwd PSH Flags,0.0,0.0,0.0,supports_benign
DISAGREE_06,xgboost,XGBoost,77342,0,Benign,71,34,Bwd URG Flags,0.0,0.0,0.0,supports_benign
DISAGREE_06,xgboost,XGBoost,77342,0,Benign,72,50,CWE Flag Count,0.0,0.0,0.0,supports_benign
DISAGREE_06,xgboost,XGBoost,77342,0,Benign,73,56,Fwd Byts/b Avg,0.0,0.0,0.0,supports_benign
DISAGREE_06,xgboost,XGBoost,77342,0,Benign,74,57,Fwd Pkts/b Avg,0.0,0.0,0.0,supports_benign
DISAGREE_06,xgboost,XGBoost,77342,0,Benign,75,58,Fwd Blk Rate Avg,0.0,0.0,0.0,supports_benign
DISAGREE_06,xgboost,XGBoost,77342,0,Benign,76,59,Bwd Byts/b Avg,0.0,0.0,0.0,supports_benign
DISAGREE_06,xgboost,XGBoost,77342,0,Benign,77,60,Bwd Pkts/b Avg,0.0,0.0,0.0,supports_benign
DISAGREE_06,xgboost,XGBoost,77342,0,Benign,78,61,Bwd Blk Rate Avg,0.0,0.0,0.0,supports_benign
DISAGREE_06,lightgbm,LightGBM,77342,0,Benign,1,0,Dst Port,443.0,-1.3456756882560121,1.3456756882560121,supports_benign
DISAGREE_06,lightgbm,LightGBM,77342,0,Benign,2,66,Init Fwd Win Byts,2048.0,1.1795078035281348,1.1795078035281348,supports_attack
DISAGREE_06,lightgbm,LightGBM,77342,0,Benign,3,69,Fwd Seg Size Min,20.0,-0.4983095965609396,0.4983095965609396,supports_benign
DISAGREE_06,lightgbm,LightGBM,77342,0,Benign,4,13,Bwd Pkt Len Mean,0.0,0.3903726013762676,0.3903726013762676,supports_attack
DISAGREE_06,lightgbm,LightGBM,77342,0,Benign,5,55,Bwd Seg Size Avg,0.0,0.34402860918695105,0.34402860918695105,supports_attack
DISAGREE_06,lightgbm,LightGBM,77342,0,Benign,6,22,Fwd IAT Mean,288414.0,-0.31808751463454965,0.31808751463454965,supports_benign
DISAGREE_06,lightgbm,LightGBM,77342,0,Benign,7,7,Fwd Pkt Len Max,0.0,0.3156629083425561,0.3156629083425561,supports_attack
DISAGREE_06,lightgbm,LightGBM,77342,0,Benign,8,10,Fwd Pkt Len Std,0.0,0.3125758575502898,0.3125758575502898,supports_attack
DISAGREE_06,lightgbm,LightGBM,77342,0,Benign,9,25,Fwd IAT Min,288414.0,-0.30311755412982655,0.30311755412982655,supports_benign
DISAGREE_06,lightgbm,LightGBM,77342,0,Benign,10,37,Fwd Pkts/s,6.934476135,-0.2603357163546168,0.2603357163546168,supports_benign
DISAGREE_06,lightgbm,LightGBM,77342,0,Benign,11,20,Flow IAT Min,288414.0,0.20444189936538384,0.20444189936538384,supports_attack
DISAGREE_06,lightgbm,LightGBM,77342,0,Benign,12,11,Bwd Pkt Len Max,0.0,0.10370324594651019,0.10370324594651019,supports_attack
DISAGREE_06,lightgbm,LightGBM,77342,0,Benign,13,21,Fwd IAT Tot,288414.0,-0.08204698319348483,0.08204698319348483,supports_benign
DISAGREE_06,lightgbm,LightGBM,77342,0,Benign,14,19,Flow IAT Max,288414.0,0.07398735808546757,0.07398735808546757,supports_attack
DISAGREE_06,lightgbm,LightGBM,77342,0,Benign,15,46,RST Flag Cnt,0.0,-0.07004024092072597,0.07004024092072597,supports_benign
DISAGREE_06,lightgbm,LightGBM,77342,0,Benign,16,51,ECE Flag Cnt,0.0,-0.06643000254464093,0.06643000254464093,supports_benign
DISAGREE_06,lightgbm,LightGBM,77342,0,Benign,17,40,Pkt Len Max,0.0,0.06075064156741549,0.06075064156741549,supports_attack
DISAGREE_06,lightgbm,LightGBM,77342,0,Benign,18,6,TotLen Bwd Pkts,0.0,0.05718851183852636,0.05718851183852636,supports_attack
DISAGREE_06,lightgbm,LightGBM,77342,0,Benign,19,53,Pkt Size Avg,0.0,-0.054880661104611275,0.054880661104611275,supports_benign
DISAGREE_06,lightgbm,LightGBM,77342,0,Benign,20,16,Flow Pkts/s,6.934476135,-0.044054311983919264,0.044054311983919264,supports_benign
DISAGREE_06,lightgbm,LightGBM,77342,0,Benign,21,65,Subflow Bwd Byts,0.0,0.04393118120124631,0.04393118120124631,supports_attack
DISAGREE_06,lightgbm,LightGBM,77342,0,Benign,22,18,Flow IAT Std,0.0,0.043445312668118234,0.043445312668118234,supports_attack
DISAGREE_06,lightgbm,LightGBM,77342,0,Benign,23,68,Fwd Act Data Pkts,0.0,0.035321653809605016,0.035321653809605016,supports_attack
DISAGREE_06,lightgbm,LightGBM,77342,0,Benign,24,63,Subflow Fwd Byts,0.0,0.03314126007288436,0.03314126007288436,supports_attack
DISAGREE_06,lightgbm,LightGBM,77342,0,Benign,25,35,Fwd Header Len,40.0,0.03184663454640291,0.03184663454640291,supports_attack
DISAGREE_06,lightgbm,LightGBM,77342,0,Benign,26,76,Idle Max,0.0,-0.029372394676430432,0.029372394676430432,supports_benign
DISAGREE_06,lightgbm,LightGBM,77342,0,Benign,27,17,Flow IAT Mean,288414.0,-0.028913494860622696,0.028913494860622696,supports_benign
DISAGREE_06,lightgbm,LightGBM,77342,0,Benign,28,15,Flow Byts/s,0.0,0.0276856281122875,0.0276856281122875,supports_attack
DISAGREE_06,lightgbm,LightGBM,77342,0,Benign,29,67,Init Bwd Win Byts,-1.0,0.02767674635861394,0.02767674635861394,supports_attack
DISAGREE_06,lightgbm,LightGBM,77342,0,Benign,30,5,TotLen Fwd Pkts,0.0,0.022267647558509327,0.022267647558509327,supports_attack
DISAGREE_06,lightgbm,LightGBM,77342,0,Benign,31,38,Bwd Pkts/s,0.0,0.021832190174108573,0.021832190174108573,supports_attack
DISAGREE_06,lightgbm,LightGBM,77342,0,Benign,32,14,Bwd Pkt Len Std,0.0,0.021484697128212996,0.021484697128212996,supports_attack
DISAGREE_06,lightgbm,LightGBM,77342,0,Benign,33,64,Subflow Bwd Pkts,0.0,0.02049943040103831,0.02049943040103831,supports_attack
DISAGREE_06,lightgbm,LightGBM,77342,0,Benign,34,4,Tot Bwd Pkts,0.0,-0.02010829975042119,0.02010829975042119,supports_benign
DISAGREE_06,lightgbm,LightGBM,77342,0,Benign,35,2,Flow Duration,288414.0,0.020012052493662766,0.020012052493662766,supports_attack
DISAGREE_06,lightgbm,LightGBM,77342,0,Benign,36,8,Fwd Pkt Len Min,0.0,0.01987849654899903,0.01987849654899903,supports_attack
DISAGREE_06,lightgbm,LightGBM,77342,0,Benign,37,36,Bwd Header Len,0.0,0.017148415751009116,0.017148415751009116,supports_attack
DISAGREE_06,lightgbm,LightGBM,77342,0,Benign,38,24,Fwd IAT Max,288414.0,-0.01676927498544682,0.01676927498544682,supports_benign
DISAGREE_06,lightgbm,LightGBM,77342,0,Benign,39,54,Fwd Seg Size Avg,0.0,0.015794114996607884,0.015794114996607884,supports_attack
DISAGREE_06,lightgbm,LightGBM,77342,0,Benign,40,77,Idle Min,0.0,-0.015562571762710633,0.015562571762710633,supports_benign
DISAGREE_06,lightgbm,LightGBM,77342,0,Benign,41,30,Bwd IAT Min,0.0,0.014918707748477485,0.014918707748477485,supports_attack
DISAGREE_06,lightgbm,LightGBM,77342,0,Benign,42,47,PSH Flag Cnt,0.0,-0.013858787104971333,0.013858787104971333,supports_benign
DISAGREE_06,lightgbm,LightGBM,77342,0,Benign,43,27,Bwd IAT Mean,0.0,-0.0102322209526665,0.0102322209526665,supports_benign
DISAGREE_06,lightgbm,LightGBM,77342,0,Benign,44,23,Fwd IAT Std,0.0,-0.00956101189424219,0.00956101189424219,supports_benign
DISAGREE_06,lightgbm,LightGBM,77342,0,Benign,45,28,Bwd IAT Std,0.0,0.00773541001116939,0.00773541001116939,supports_attack
DISAGREE_06,lightgbm,LightGBM,77342,0,Benign,46,41,Pkt Len Mean,0.0,0.007252841777840229,0.007252841777840229,supports_attack
DISAGREE_06,lightgbm,LightGBM,77342,0,Benign,47,75,Idle Std,0.0,-0.00678245240233403,0.00678245240233403,supports_benign
DISAGREE_06,lightgbm,LightGBM,77342,0,Benign,48,26,Bwd IAT Tot,0.0,0.006138696611257159,0.006138696611257159,supports_attack
DISAGREE_06,lightgbm,LightGBM,77342,0,Benign,49,3,Tot Fwd Pkts,2.0,-0.005913989512084334,0.005913989512084334,supports_benign
DISAGREE_06,lightgbm,LightGBM,77342,0,Benign,50,9,Fwd Pkt Len Mean,0.0,-0.005353731239767507,0.005353731239767507,supports_benign
DISAGREE_06,lightgbm,LightGBM,77342,0,Benign,51,12,Bwd Pkt Len Min,0.0,-0.003952521706275011,0.003952521706275011,supports_benign
DISAGREE_06,lightgbm,LightGBM,77342,0,Benign,52,62,Subflow Fwd Pkts,2.0,-0.003880448396784482,0.003880448396784482,supports_benign
DISAGREE_06,lightgbm,LightGBM,77342,0,Benign,53,48,ACK Flag Cnt,1.0,0.0037635113702916877,0.0037635113702916877,supports_attack
DISAGREE_06,lightgbm,LightGBM,77342,0,Benign,54,49,URG Flag Cnt,0.0,0.003394325136322736,0.003394325136322736,supports_attack
DISAGREE_06,lightgbm,LightGBM,77342,0,Benign,55,43,Pkt Len Var,0.0,-0.003265068032016881,0.003265068032016881,supports_benign
DISAGREE_06,lightgbm,LightGBM,77342,0,Benign,56,73,Active Min,0.0,0.003219551248241249,0.003219551248241249,supports_attack
DISAGREE_06,lightgbm,LightGBM,77342,0,Benign,57,31,Fwd PSH Flags,0.0,-0.0029329913621082538,0.0029329913621082538,supports_benign
DISAGREE_06,lightgbm,LightGBM,77342,0,Benign,58,29,Bwd IAT Max,0.0,0.0028161735123855723,0.0028161735123855723,supports_attack
DISAGREE_06,lightgbm,LightGBM,77342,0,Benign,59,74,Idle Mean,0.0,0.002706046330671857,0.002706046330671857,supports_attack
DISAGREE_06,lightgbm,LightGBM,77342,0,Benign,60,72,Active Max,0.0,0.0020327858051638983,0.0020327858051638983,supports_attack
DISAGREE_06,lightgbm,LightGBM,77342,0,Benign,61,71,Active Std,0.0,0.0017288117355554672,0.0017288117355554672,supports_attack
DISAGREE_06,lightgbm,LightGBM,77342,0,Benign,62,39,Pkt Len Min,0.0,0.0017113519766537636,0.0017113519766537636,supports_attack
DISAGREE_06,lightgbm,LightGBM,77342,0,Benign,63,70,Active Mean,0.0,0.0014055618934183832,0.0014055618934183832,supports_attack
DISAGREE_06,lightgbm,LightGBM,77342,0,Benign,64,45,SYN Flag Cnt,0.0,-0.0011988890059984993,0.0011988890059984993,supports_benign
DISAGREE_06,lightgbm,LightGBM,77342,0,Benign,65,42,Pkt Len Std,0.0,0.000611286039950535,0.000611286039950535,supports_attack
DISAGREE_06,lightgbm,LightGBM,77342,0,Benign,66,44,FIN Flag Cnt,0.0,-0.00043388865924335116,0.00043388865924335116,supports_benign
DISAGREE_06,lightgbm,LightGBM,77342,0,Benign,67,52,Down/Up Ratio,0.0,0.00042088919596212796,0.00042088919596212796,supports_attack
DISAGREE_06,lightgbm,LightGBM,77342,0,Benign,68,33,Fwd URG Flags,0.0,-1.6012070302196714e-05,1.6012070302196714e-05,supports_benign
DISAGREE_06,lightgbm,LightGBM,77342,0,Benign,69,1,Protocol,6.0,0.0,0.0,supports_benign
DISAGREE_06,lightgbm,LightGBM,77342,0,Benign,70,32,Bwd PSH Flags,0.0,0.0,0.0,supports_benign
DISAGREE_06,lightgbm,LightGBM,77342,0,Benign,71,34,Bwd URG Flags,0.0,0.0,0.0,supports_benign
DISAGREE_06,lightgbm,LightGBM,77342,0,Benign,72,50,CWE Flag Count,0.0,0.0,0.0,supports_benign
DISAGREE_06,lightgbm,LightGBM,77342,0,Benign,73,56,Fwd Byts/b Avg,0.0,0.0,0.0,supports_benign
DISAGREE_06,lightgbm,LightGBM,77342,0,Benign,74,57,Fwd Pkts/b Avg,0.0,0.0,0.0,supports_benign
DISAGREE_06,lightgbm,LightGBM,77342,0,Benign,75,58,Fwd Blk Rate Avg,0.0,0.0,0.0,supports_benign
DISAGREE_06,lightgbm,LightGBM,77342,0,Benign,76,59,Bwd Byts/b Avg,0.0,0.0,0.0,supports_benign
DISAGREE_06,lightgbm,LightGBM,77342,0,Benign,77,60,Bwd Pkts/b Avg,0.0,0.0,0.0,supports_benign
DISAGREE_06,lightgbm,LightGBM,77342,0,Benign,78,61,Bwd Blk Rate Avg,0.0,0.0,0.0,supports_benign
DISAGREE_07,xgboost,XGBoost,45470,1,Infilteration,1,66,Init Fwd Win Byts,-1.0,-0.4962038993835449,0.4962038993835449,supports_benign
DISAGREE_07,xgboost,XGBoost,45470,1,Infilteration,2,35,Fwd Header Len,16.0,-0.4725067615509033,0.4725067615509033,supports_benign
DISAGREE_07,xgboost,XGBoost,45470,1,Infilteration,3,12,Bwd Pkt Len Min,207.0,0.38391417264938354,0.38391417264938354,supports_attack
DISAGREE_07,xgboost,XGBoost,45470,1,Infilteration,4,25,Fwd IAT Min,24896.0,0.3302626311779022,0.3302626311779022,supports_attack
DISAGREE_07,xgboost,XGBoost,45470,1,Infilteration,5,53,Pkt Size Avg,135.0,0.3082122206687927,0.3082122206687927,supports_attack
DISAGREE_07,xgboost,XGBoost,45470,1,Infilteration,6,69,Fwd Seg Size Min,8.0,-0.3060361444950104,0.3060361444950104,supports_benign
DISAGREE_07,xgboost,XGBoost,45470,1,Infilteration,7,46,RST Flag Cnt,0.0,-0.2025129199028015,0.2025129199028015,supports_benign
DISAGREE_07,xgboost,XGBoost,45470,1,Infilteration,8,8,Fwd Pkt Len Min,42.0,0.15674033761024475,0.15674033761024475,supports_attack
DISAGREE_07,xgboost,XGBoost,45470,1,Infilteration,9,21,Fwd IAT Tot,24896.0,0.12001321464776993,0.12001321464776993,supports_attack
DISAGREE_07,xgboost,XGBoost,45470,1,Infilteration,10,24,Fwd IAT Max,24896.0,0.11478564888238907,0.11478564888238907,supports_attack
DISAGREE_07,xgboost,XGBoost,45470,1,Infilteration,11,39,Pkt Len Min,42.0,0.09615513682365417,0.09615513682365417,supports_attack
DISAGREE_07,xgboost,XGBoost,45470,1,Infilteration,12,7,Fwd Pkt Len Max,42.0,0.09611672163009644,0.09611672163009644,supports_attack
DISAGREE_07,xgboost,XGBoost,45470,1,Infilteration,13,41,Pkt Len Mean,108.0,0.08477196097373962,0.08477196097373962,supports_attack
DISAGREE_07,xgboost,XGBoost,45470,1,Infilteration,14,4,Tot Bwd Pkts,2.0,0.08357159793376923,0.08357159793376923,supports_attack
DISAGREE_07,xgboost,XGBoost,45470,1,Infilteration,15,11,Bwd Pkt Len Max,207.0,-0.08103066682815552,0.08103066682815552,supports_benign
DISAGREE_07,xgboost,XGBoost,45470,1,Infilteration,16,0,Dst Port,53.0,-0.06882424652576447,0.06882424652576447,supports_benign
DISAGREE_07,xgboost,XGBoost,45470,1,Infilteration,17,15,Flow Byts/s,4228.652945,0.06679444015026093,0.06679444015026093,supports_attack
DISAGREE_07,xgboost,XGBoost,45470,1,Infilteration,18,18,Flow IAT Std,48070.50609,0.06659789383411407,0.06659789383411407,supports_attack
DISAGREE_07,xgboost,XGBoost,45470,1,Infilteration,19,36,Bwd Header Len,16.0,0.06457462906837463,0.06457462906837463,supports_attack
DISAGREE_07,xgboost,XGBoost,45470,1,Infilteration,20,9,Fwd Pkt Len Mean,42.0,0.055032119154930115,0.055032119154930115,supports_attack
DISAGREE_07,xgboost,XGBoost,45470,1,Infilteration,21,29,Bwd IAT Max,2.0,-0.04662367329001427,0.04662367329001427,supports_benign
DISAGREE_07,xgboost,XGBoost,45470,1,Infilteration,22,2,Flow Duration,117768.0,0.04640578851103783,0.04640578851103783,supports_attack
DISAGREE_07,xgboost,XGBoost,45470,1,Infilteration,23,22,Fwd IAT Mean,24896.0,0.0402892641723156,0.0402892641723156,supports_attack
DISAGREE_07,xgboost,XGBoost,45470,1,Infilteration,24,37,Fwd Pkts/s,16.98254195,-0.039646923542022705,0.039646923542022705,supports_benign
DISAGREE_07,xgboost,XGBoost,45470,1,Infilteration,25,47,PSH Flag Cnt,0.0,-0.033053766936063766,0.033053766936063766,supports_benign
DISAGREE_07,xgboost,XGBoost,45470,1,Infilteration,26,51,ECE Flag Cnt,0.0,-0.030438274145126343,0.030438274145126343,supports_benign
DISAGREE_07,xgboost,XGBoost,45470,1,Infilteration,27,30,Bwd IAT Min,2.0,-0.02975544147193432,0.02975544147193432,supports_benign
DISAGREE_07,xgboost,XGBoost,45470,1,Infilteration,28,5,TotLen Fwd Pkts,84.0,0.029181569814682007,0.029181569814682007,supports_attack
DISAGREE_07,xgboost,XGBoost,45470,1,Infilteration,29,38,Bwd Pkts/s,16.98254195,-0.02898658998310566,0.02898658998310566,supports_benign
DISAGREE_07,xgboost,XGBoost,45470,1,Infilteration,30,77,Idle Min,0.0,-0.02371544949710369,0.02371544949710369,supports_benign
DISAGREE_07,xgboost,XGBoost,45470,1,Infilteration,31,67,Init Bwd Win Byts,-1.0,0.019611645489931107,0.019611645489931107,supports_attack
DISAGREE_07,xgboost,XGBoost,45470,1,Infilteration,32,14,Bwd Pkt Len Std,0.0,0.01959306187927723,0.01959306187927723,supports_attack
DISAGREE_07,xgboost,XGBoost,45470,1,Infilteration,33,40,Pkt Len Max,207.0,0.019421163946390152,0.019421163946390152,supports_attack
DISAGREE_07,xgboost,XGBoost,45470,1,Infilteration,34,3,Tot Fwd Pkts,2.0,0.018032902851700783,0.018032902851700783,supports_attack
DISAGREE_07,xgboost,XGBoost,45470,1,Infilteration,35,26,Bwd IAT Tot,2.0,0.017264366149902344,0.017264366149902344,supports_attack
DISAGREE_07,xgboost,XGBoost,45470,1,Infilteration,36,13,Bwd Pkt Len Mean,207.0,-0.015727346763014793,0.015727346763014793,supports_benign
DISAGREE_07,xgboost,XGBoost,45470,1,Infilteration,37,31,Fwd PSH Flags,0.0,-0.013242723420262337,0.013242723420262337,supports_benign
DISAGREE_07,xgboost,XGBoost,45470,1,Infilteration,38,64,Subflow Bwd Pkts,2.0,0.011593692004680634,0.011593692004680634,supports_attack
DISAGREE_07,xgboost,XGBoost,45470,1,Infilteration,39,27,Bwd IAT Mean,2.0,-0.01149998139590025,0.01149998139590025,supports_benign
DISAGREE_07,xgboost,XGBoost,45470,1,Infilteration,40,72,Active Max,0.0,0.008631451055407524,0.008631451055407524,supports_attack
DISAGREE_07,xgboost,XGBoost,45470,1,Infilteration,41,16,Flow Pkts/s,33.96508389,-0.008458361029624939,0.008458361029624939,supports_benign
DISAGREE_07,xgboost,XGBoost,45470,1,Infilteration,42,6,TotLen Bwd Pkts,414.0,0.0076290760189294815,0.0076290760189294815,supports_attack
DISAGREE_07,xgboost,XGBoost,45470,1,Infilteration,43,76,Idle Max,0.0,-0.007211662363260984,0.007211662363260984,supports_benign
DISAGREE_07,xgboost,XGBoost,45470,1,Infilteration,44,65,Subflow Bwd Byts,414.0,-0.007203633897006512,0.007203633897006512,supports_benign
DISAGREE_07,xgboost,XGBoost,45470,1,Infilteration,45,19,Flow IAT Max,92870.0,-0.007186635863035917,0.007186635863035917,supports_benign
DISAGREE_07,xgboost,XGBoost,45470,1,Infilteration,46,55,Bwd Seg Size Avg,207.0,-0.006785137578845024,0.006785137578845024,supports_benign
DISAGREE_07,xgboost,XGBoost,45470,1,Infilteration,47,28,Bwd IAT Std,0.0,-0.00674640666693449,0.00674640666693449,supports_benign
DISAGREE_07,xgboost,XGBoost,45470,1,Infilteration,48,10,Fwd Pkt Len Std,0.0,0.005906636826694012,0.005906636826694012,supports_attack
DISAGREE_07,xgboost,XGBoost,45470,1,Infilteration,49,74,Idle Mean,0.0,0.005875037983059883,0.005875037983059883,supports_attack
DISAGREE_07,xgboost,XGBoost,45470,1,Infilteration,50,20,Flow IAT Min,2.0,-0.005822127219289541,0.005822127219289541,supports_benign
DISAGREE_07,xgboost,XGBoost,45470,1,Infilteration,51,23,Fwd IAT Std,0.0,0.005528900306671858,0.005528900306671858,supports_attack
DISAGREE_07,xgboost,XGBoost,45470,1,Infilteration,52,70,Active Mean,0.0,0.004833391401916742,0.004833391401916742,supports_attack
DISAGREE_07,xgboost,XGBoost,45470,1,Infilteration,53,75,Idle Std,0.0,-0.004225469194352627,0.004225469194352627,supports_benign
DISAGREE_07,xgboost,XGBoost,45470,1,Infilteration,54,42,Pkt Len Std,90.37422199,0.004210480488836765,0.004210480488836765,supports_attack
DISAGREE_07,xgboost,XGBoost,45470,1,Infilteration,55,63,Subflow Fwd Byts,84.0,0.003476332174614072,0.003476332174614072,supports_attack
DISAGREE_07,xgboost,XGBoost,45470,1,Infilteration,56,44,FIN Flag Cnt,0.0,-0.0033579592127352953,0.0033579592127352953,supports_benign
DISAGREE_07,xgboost,XGBoost,45470,1,Infilteration,57,48,ACK Flag Cnt,0.0,0.003048224840313196,0.003048224840313196,supports_attack
DISAGREE_07,xgboost,XGBoost,45470,1,Infilteration,58,17,Flow IAT Mean,39256.0,-0.0028956050518900156,0.0028956050518900156,supports_benign
DISAGREE_07,xgboost,XGBoost,45470,1,Infilteration,59,49,URG Flag Cnt,0.0,0.0028250159230083227,0.0028250159230083227,supports_attack
DISAGREE_07,xgboost,XGBoost,45470,1,Infilteration,60,43,Pkt Len Var,8167.5,0.0027693831361830235,0.0027693831361830235,supports_attack
DISAGREE_07,xgboost,XGBoost,45470,1,Infilteration,61,1,Protocol,17.0,-0.002533623017370701,0.002533623017370701,supports_benign
DISAGREE_07,xgboost,XGBoost,45470,1,Infilteration,62,73,Active Min,0.0,-0.002405332401394844,0.002405332401394844,supports_benign
DISAGREE_07,xgboost,XGBoost,45470,1,Infilteration,63,45,SYN Flag Cnt,0.0,-0.0023221150040626526,0.0023221150040626526,supports_benign
DISAGREE_07,xgboost,XGBoost,45470,1,Infilteration,64,68,Fwd Act Data Pkts,1.0,0.0017421799711883068,0.0017421799711883068,supports_attack
DISAGREE_07,xgboost,XGBoost,45470,1,Infilteration,65,54,Fwd Seg Size Avg,42.0,-0.001625745790079236,0.001625745790079236,supports_benign
DISAGREE_07,xgboost,XGBoost,45470,1,Infilteration,66,52,Down/Up Ratio,1.0,-0.0007542914245277643,0.0007542914245277643,supports_benign
DISAGREE_07,xgboost,XGBoost,45470,1,Infilteration,67,71,Active Std,0.0,-0.0005010883323848248,0.0005010883323848248,supports_benign
DISAGREE_07,xgboost,XGBoost,45470,1,Infilteration,68,33,Fwd URG Flags,0.0,-0.00012910379155073315,0.00012910379155073315,supports_benign
DISAGREE_07,xgboost,XGBoost,45470,1,Infilteration,69,62,Subflow Fwd Pkts,2.0,1.647904355195351e-06,1.647904355195351e-06,supports_attack
DISAGREE_07,xgboost,XGBoost,45470,1,Infilteration,70,32,Bwd PSH Flags,0.0,0.0,0.0,supports_benign
DISAGREE_07,xgboost,XGBoost,45470,1,Infilteration,71,34,Bwd URG Flags,0.0,0.0,0.0,supports_benign
DISAGREE_07,xgboost,XGBoost,45470,1,Infilteration,72,50,CWE Flag Count,0.0,0.0,0.0,supports_benign
DISAGREE_07,xgboost,XGBoost,45470,1,Infilteration,73,56,Fwd Byts/b Avg,0.0,0.0,0.0,supports_benign
DISAGREE_07,xgboost,XGBoost,45470,1,Infilteration,74,57,Fwd Pkts/b Avg,0.0,0.0,0.0,supports_benign
DISAGREE_07,xgboost,XGBoost,45470,1,Infilteration,75,58,Fwd Blk Rate Avg,0.0,0.0,0.0,supports_benign
DISAGREE_07,xgboost,XGBoost,45470,1,Infilteration,76,59,Bwd Byts/b Avg,0.0,0.0,0.0,supports_benign
DISAGREE_07,xgboost,XGBoost,45470,1,Infilteration,77,60,Bwd Pkts/b Avg,0.0,0.0,0.0,supports_benign
DISAGREE_07,xgboost,XGBoost,45470,1,Infilteration,78,61,Bwd Blk Rate Avg,0.0,0.0,0.0,supports_benign
DISAGREE_07,lightgbm,LightGBM,45470,1,Infilteration,1,66,Init Fwd Win Byts,-1.0,-0.9985148124916088,0.9985148124916088,supports_benign
DISAGREE_07,lightgbm,LightGBM,45470,1,Infilteration,2,69,Fwd Seg Size Min,8.0,-0.5650742556721381,0.5650742556721381,supports_benign
DISAGREE_07,lightgbm,LightGBM,45470,1,Infilteration,3,0,Dst Port,53.0,-0.4219360790071311,0.4219360790071311,supports_benign
DISAGREE_07,lightgbm,LightGBM,45470,1,Infilteration,4,7,Fwd Pkt Len Max,42.0,0.37401378842308486,0.37401378842308486,supports_attack
DISAGREE_07,lightgbm,LightGBM,45470,1,Infilteration,5,35,Fwd Header Len,16.0,-0.3256763467650011,0.3256763467650011,supports_benign
DISAGREE_07,lightgbm,LightGBM,45470,1,Infilteration,6,10,Fwd Pkt Len Std,0.0,0.2895568618941807,0.2895568618941807,supports_attack
DISAGREE_07,lightgbm,LightGBM,45470,1,Infilteration,7,25,Fwd IAT Min,24896.0,0.18737545211785203,0.18737545211785203,supports_attack
DISAGREE_07,lightgbm,LightGBM,45470,1,Infilteration,8,12,Bwd Pkt Len Min,207.0,0.17474457458258041,0.17474457458258041,supports_attack
DISAGREE_07,lightgbm,LightGBM,45470,1,Infilteration,9,39,Pkt Len Min,42.0,0.1345528172148244,0.1345528172148244,supports_attack
DISAGREE_07,lightgbm,LightGBM,45470,1,Infilteration,10,53,Pkt Size Avg,135.0,0.11674100179156387,0.11674100179156387,supports_attack
DISAGREE_07,lightgbm,LightGBM,45470,1,Infilteration,11,51,ECE Flag Cnt,0.0,-0.08835449046019193,0.08835449046019193,supports_benign
DISAGREE_07,lightgbm,LightGBM,45470,1,Infilteration,12,21,Fwd IAT Tot,24896.0,0.08024650615405414,0.08024650615405414,supports_attack
DISAGREE_07,lightgbm,LightGBM,45470,1,Infilteration,13,46,RST Flag Cnt,0.0,-0.07973523892843838,0.07973523892843838,supports_benign
DISAGREE_07,lightgbm,LightGBM,45470,1,Infilteration,14,54,Fwd Seg Size Avg,42.0,0.07531782049859172,0.07531782049859172,supports_attack
DISAGREE_07,lightgbm,LightGBM,45470,1,Infilteration,15,13,Bwd Pkt Len Mean,207.0,-0.07424816902381978,0.07424816902381978,supports_benign
DISAGREE_07,lightgbm,LightGBM,45470,1,Infilteration,16,37,Fwd Pkts/s,16.98254195,-0.07087432643584099,0.07087432643584099,supports_benign
DISAGREE_07,lightgbm,LightGBM,45470,1,Infilteration,17,65,Subflow Bwd Byts,414.0,-0.06877273372574322,0.06877273372574322,supports_benign
DISAGREE_07,lightgbm,LightGBM,45470,1,Infilteration,18,64,Subflow Bwd Pkts,2.0,0.06469286542451894,0.06469286542451894,supports_attack
DISAGREE_07,lightgbm,LightGBM,45470,1,Infilteration,19,55,Bwd Seg Size Avg,207.0,0.0634863734235581,0.0634863734235581,supports_attack
DISAGREE_07,lightgbm,LightGBM,45470,1,Infilteration,20,36,Bwd Header Len,16.0,0.06168491908220411,0.06168491908220411,supports_attack
DISAGREE_07,lightgbm,LightGBM,45470,1,Infilteration,21,6,TotLen Bwd Pkts,414.0,-0.05625335015552282,0.05625335015552282,supports_benign
DISAGREE_07,lightgbm,LightGBM,45470,1,Infilteration,22,15,Flow Byts/s,4228.652945,0.05617896163917146,0.05617896163917146,supports_attack
DISAGREE_07,lightgbm,LightGBM,45470,1,Infilteration,23,9,Fwd Pkt Len Mean,42.0,0.05276673371320123,0.05276673371320123,supports_attack
DISAGREE_07,lightgbm,LightGBM,45470,1,Infilteration,24,24,Fwd IAT Max,24896.0,0.05084392854306621,0.05084392854306621,supports_attack
DISAGREE_07,lightgbm,LightGBM,45470,1,Infilteration,25,41,Pkt Len Mean,108.0,0.04887281213590103,0.04887281213590103,supports_attack
DISAGREE_07,lightgbm,LightGBM,45470,1,Infilteration,26,67,Init Bwd Win Byts,-1.0,0.047205640228808514,0.047205640228808514,supports_attack
DISAGREE_07,lightgbm,LightGBM,45470,1,Infilteration,27,8,Fwd Pkt Len Min,42.0,0.037304685904710845,0.037304685904710845,supports_attack
DISAGREE_07,lightgbm,LightGBM,45470,1,Infilteration,28,11,Bwd Pkt Len Max,207.0,-0.035110744793811065,0.035110744793811065,supports_benign
DISAGREE_07,lightgbm,LightGBM,45470,1,Infilteration,29,22,Fwd IAT Mean,24896.0,-0.033671601492481364,0.033671601492481364,supports_benign
DISAGREE_07,lightgbm,LightGBM,45470,1,Infilteration,30,68,Fwd Act Data Pkts,1.0,0.03267166683821977,0.03267166683821977,supports_attack
DISAGREE_07,lightgbm,LightGBM,45470,1,Infilteration,31,19,Flow IAT Max,92870.0,0.030029484420770573,0.030029484420770573,supports_attack
DISAGREE_07,lightgbm,LightGBM,45470,1,Infilteration,32,63,Subflow Fwd Byts,84.0,0.028939775379828905,0.028939775379828905,supports_attack
DISAGREE_07,lightgbm,LightGBM,45470,1,Infilteration,33,17,Flow IAT Mean,39256.0,-0.02865971067218944,0.02865971067218944,supports_benign
DISAGREE_07,lightgbm,LightGBM,45470,1,Infilteration,34,76,Idle Max,0.0,-0.02664087877482144,0.02664087877482144,supports_benign
DISAGREE_07,lightgbm,LightGBM,45470,1,Infilteration,35,14,Bwd Pkt Len Std,0.0,0.02344502247309067,0.02344502247309067,supports_attack
DISAGREE_07,lightgbm,LightGBM,45470,1,Infilteration,36,43,Pkt Len Var,8167.5,-0.022920010554984323,0.022920010554984323,supports_benign
DISAGREE_07,lightgbm,LightGBM,45470,1,Infilteration,37,2,Flow Duration,117768.0,-0.020729499189511967,0.020729499189511967,supports_benign
DISAGREE_07,lightgbm,LightGBM,45470,1,Infilteration,38,26,Bwd IAT Tot,2.0,0.019710232243701897,0.019710232243701897,supports_attack
DISAGREE_07,lightgbm,LightGBM,45470,1,Infilteration,39,30,Bwd IAT Min,2.0,0.018741529707883696,0.018741529707883696,supports_attack
DISAGREE_07,lightgbm,LightGBM,45470,1,Infilteration,40,16,Flow Pkts/s,33.96508389,0.01808842074273238,0.01808842074273238,supports_attack
DISAGREE_07,lightgbm,LightGBM,45470,1,Infilteration,41,47,PSH Flag Cnt,0.0,-0.017684024814915104,0.017684024814915104,supports_benign
DISAGREE_07,lightgbm,LightGBM,45470,1,Infilteration,42,4,Tot Bwd Pkts,2.0,0.01552966692455102,0.01552966692455102,supports_attack
DISAGREE_07,lightgbm,LightGBM,45470,1,Infilteration,43,5,TotLen Fwd Pkts,84.0,0.013362937039548427,0.013362937039548427,supports_attack
DISAGREE_07,lightgbm,LightGBM,45470,1,Infilteration,44,77,Idle Min,0.0,-0.013323187385152757,0.013323187385152757,supports_benign
DISAGREE_07,lightgbm,LightGBM,45470,1,Infilteration,45,20,Flow IAT Min,2.0,0.010709733098482874,0.010709733098482874,supports_attack
DISAGREE_07,lightgbm,LightGBM,45470,1,Infilteration,46,40,Pkt Len Max,207.0,0.01069642792356353,0.01069642792356353,supports_attack
DISAGREE_07,lightgbm,LightGBM,45470,1,Infilteration,47,48,ACK Flag Cnt,0.0,0.008429145035458673,0.008429145035458673,supports_attack
DISAGREE_07,lightgbm,LightGBM,45470,1,Infilteration,48,18,Flow IAT Std,48070.50609,0.008136137491097753,0.008136137491097753,supports_attack
DISAGREE_07,lightgbm,LightGBM,45470,1,Infilteration,49,27,Bwd IAT Mean,2.0,-0.00805437860922272,0.00805437860922272,supports_benign
DISAGREE_07,lightgbm,LightGBM,45470,1,Infilteration,50,28,Bwd IAT Std,0.0,-0.006170499655785802,0.006170499655785802,supports_benign
DISAGREE_07,lightgbm,LightGBM,45470,1,Infilteration,51,74,Idle Mean,0.0,0.00587950281165213,0.00587950281165213,supports_attack
DISAGREE_07,lightgbm,LightGBM,45470,1,Infilteration,52,38,Bwd Pkts/s,16.98254195,0.00553792975139964,0.00553792975139964,supports_attack
DISAGREE_07,lightgbm,LightGBM,45470,1,Infilteration,53,23,Fwd IAT Std,0.0,-0.0050215350882793185,0.0050215350882793185,supports_benign
DISAGREE_07,lightgbm,LightGBM,45470,1,Infilteration,54,29,Bwd IAT Max,2.0,0.005019283412916228,0.005019283412916228,supports_attack
DISAGREE_07,lightgbm,LightGBM,45470,1,Infilteration,55,31,Fwd PSH Flags,0.0,-0.003938943041381685,0.003938943041381685,supports_benign
DISAGREE_07,lightgbm,LightGBM,45470,1,Infilteration,56,49,URG Flag Cnt,0.0,0.003511470669830187,0.003511470669830187,supports_attack
DISAGREE_07,lightgbm,LightGBM,45470,1,Infilteration,57,62,Subflow Fwd Pkts,2.0,-0.0033825290174254647,0.0033825290174254647,supports_benign
DISAGREE_07,lightgbm,LightGBM,45470,1,Infilteration,58,45,SYN Flag Cnt,0.0,-0.0030156105619278833,0.0030156105619278833,supports_benign
DISAGREE_07,lightgbm,LightGBM,45470,1,Infilteration,59,73,Active Min,0.0,0.0029565417470572325,0.0029565417470572325,supports_attack
DISAGREE_07,lightgbm,LightGBM,45470,1,Infilteration,60,72,Active Max,0.0,0.0025162769238018983,0.0025162769238018983,supports_attack
DISAGREE_07,lightgbm,LightGBM,45470,1,Infilteration,61,3,Tot Fwd Pkts,2.0,-0.0020316253261052288,0.0020316253261052288,supports_benign
DISAGREE_07,lightgbm,LightGBM,45470,1,Infilteration,62,71,Active Std,0.0,0.0018106362662913434,0.0018106362662913434,supports_attack
DISAGREE_07,lightgbm,LightGBM,45470,1,Infilteration,63,70,Active Mean,0.0,-0.0012961366267625189,0.0012961366267625189,supports_benign
DISAGREE_07,lightgbm,LightGBM,45470,1,Infilteration,64,52,Down/Up Ratio,1.0,0.0007482276314580721,0.0007482276314580721,supports_attack
DISAGREE_07,lightgbm,LightGBM,45470,1,Infilteration,65,42,Pkt Len Std,90.37422199,-0.0005105428755783484,0.0005105428755783484,supports_benign
DISAGREE_07,lightgbm,LightGBM,45470,1,Infilteration,66,75,Idle Std,0.0,0.0004711549882254319,0.0004711549882254319,supports_attack
DISAGREE_07,lightgbm,LightGBM,45470,1,Infilteration,67,44,FIN Flag Cnt,0.0,-0.00028824109080023463,0.00028824109080023463,supports_benign
DISAGREE_07,lightgbm,LightGBM,45470,1,Infilteration,68,33,Fwd URG Flags,0.0,-1.6156000991453443e-05,1.6156000991453443e-05,supports_benign
DISAGREE_07,lightgbm,LightGBM,45470,1,Infilteration,69,1,Protocol,17.0,0.0,0.0,supports_benign
DISAGREE_07,lightgbm,LightGBM,45470,1,Infilteration,70,32,Bwd PSH Flags,0.0,0.0,0.0,supports_benign
DISAGREE_07,lightgbm,LightGBM,45470,1,Infilteration,71,34,Bwd URG Flags,0.0,0.0,0.0,supports_benign
DISAGREE_07,lightgbm,LightGBM,45470,1,Infilteration,72,50,CWE Flag Count,0.0,0.0,0.0,supports_benign
DISAGREE_07,lightgbm,LightGBM,45470,1,Infilteration,73,56,Fwd Byts/b Avg,0.0,0.0,0.0,supports_benign
DISAGREE_07,lightgbm,LightGBM,45470,1,Infilteration,74,57,Fwd Pkts/b Avg,0.0,0.0,0.0,supports_benign
DISAGREE_07,lightgbm,LightGBM,45470,1,Infilteration,75,58,Fwd Blk Rate Avg,0.0,0.0,0.0,supports_benign
DISAGREE_07,lightgbm,LightGBM,45470,1,Infilteration,76,59,Bwd Byts/b Avg,0.0,0.0,0.0,supports_benign
DISAGREE_07,lightgbm,LightGBM,45470,1,Infilteration,77,60,Bwd Pkts/b Avg,0.0,0.0,0.0,supports_benign
DISAGREE_07,lightgbm,LightGBM,45470,1,Infilteration,78,61,Bwd Blk Rate Avg,0.0,0.0,0.0,supports_benign
DISAGREE_08,xgboost,XGBoost,139680,1,Infilteration,1,0,Dst Port,3389.0,-0.5981654524803162,0.5981654524803162,supports_benign
DISAGREE_08,xgboost,XGBoost,139680,1,Infilteration,2,30,Bwd IAT Min,289734.0,0.3781479001045227,0.3781479001045227,supports_attack
DISAGREE_08,xgboost,XGBoost,139680,1,Infilteration,3,20,Flow IAT Min,55.0,0.3686501085758209,0.3686501085758209,supports_attack
DISAGREE_08,xgboost,XGBoost,139680,1,Infilteration,4,11,Bwd Pkt Len Max,1173.0,-0.34689098596572876,0.34689098596572876,supports_benign
DISAGREE_08,xgboost,XGBoost,139680,1,Infilteration,5,29,Bwd IAT Max,1120632.0,0.309920072555542,0.309920072555542,supports_attack
DISAGREE_08,xgboost,XGBoost,139680,1,Infilteration,6,28,Bwd IAT Std,377136.3093,0.2445487380027771,0.2445487380027771,supports_attack
DISAGREE_08,xgboost,XGBoost,139680,1,Infilteration,7,69,Fwd Seg Size Min,20.0,-0.24020332098007202,0.24020332098007202,supports_benign
DISAGREE_08,xgboost,XGBoost,139680,1,Infilteration,8,10,Fwd Pkt Len Std,218.6910556,0.23205043375492096,0.23205043375492096,supports_attack
DISAGREE_08,xgboost,XGBoost,139680,1,Infilteration,9,7,Fwd Pkt Len Max,677.0,0.20908400416374207,0.20908400416374207,supports_attack
DISAGREE_08,xgboost,XGBoost,139680,1,Infilteration,10,4,Tot Bwd Pkts,7.0,-0.20195554196834564,0.20195554196834564,supports_benign
DISAGREE_08,xgboost,XGBoost,139680,1,Infilteration,11,46,RST Flag Cnt,0.0,-0.18309634923934937,0.18309634923934937,supports_benign
DISAGREE_08,xgboost,XGBoost,139680,1,Infilteration,12,19,Flow IAT Max,937935.0,0.16377900540828705,0.16377900540828705,supports_attack
DISAGREE_08,xgboost,XGBoost,139680,1,Infilteration,13,13,Bwd Pkt Len Mean,225.8571429,-0.16168907284736633,0.16168907284736633,supports_benign
DISAGREE_08,xgboost,XGBoost,139680,1,Infilteration,14,9,Fwd Pkt Len Mean,127.5555556,0.14770010113716125,0.14770010113716125,supports_attack
DISAGREE_08,xgboost,XGBoost,139680,1,Infilteration,15,53,Pkt Size Avg,170.5625,0.1340627670288086,0.1340627670288086,supports_attack
DISAGREE_08,xgboost,XGBoost,139680,1,Infilteration,16,35,Fwd Header Len,192.0,0.1189846396446228,0.1189846396446228,supports_attack
DISAGREE_08,xgboost,XGBoost,139680,1,Infilteration,17,21,Fwd IAT Tot,3598898.0,-0.09425729513168335,0.09425729513168335,supports_benign
DISAGREE_08,xgboost,XGBoost,139680,1,Infilteration,18,6,TotLen Bwd Pkts,1581.0,-0.08096984773874283,0.08096984773874283,supports_benign
DISAGREE_08,xgboost,XGBoost,139680,1,Infilteration,19,14,Bwd Pkt Len Std,430.0986044,-0.08000199496746063,0.08000199496746063,supports_benign
DISAGREE_08,xgboost,XGBoost,139680,1,Infilteration,20,17,Flow IAT Mean,239926.5333,-0.07572522014379501,0.07572522014379501,supports_benign
DISAGREE_08,xgboost,XGBoost,139680,1,Infilteration,21,37,Fwd Pkts/s,2.500765512,-0.05809357762336731,0.05809357762336731,supports_benign
DISAGREE_08,xgboost,XGBoost,139680,1,Infilteration,22,22,Fwd IAT Mean,449862.25,-0.05804278329014778,0.05804278329014778,supports_benign
DISAGREE_08,xgboost,XGBoost,139680,1,Infilteration,23,15,Flow Byts/s,758.2876758,0.0468362420797348,0.0468362420797348,supports_attack
DISAGREE_08,xgboost,XGBoost,139680,1,Infilteration,24,47,PSH Flag Cnt,1.0,-0.045641105622053146,0.045641105622053146,supports_benign
DISAGREE_08,xgboost,XGBoost,139680,1,Infilteration,25,18,Flow IAT Std,277740.4302,-0.04340190440416336,0.04340190440416336,supports_benign
DISAGREE_08,xgboost,XGBoost,139680,1,Infilteration,26,66,Init Fwd Win Byts,8192.0,0.04090607166290283,0.04090607166290283,supports_attack
DISAGREE_08,xgboost,XGBoost,139680,1,Infilteration,27,23,Fwd IAT Std,389091.2953,0.03963502496480942,0.03963502496480942,supports_attack
DISAGREE_08,xgboost,XGBoost,139680,1,Infilteration,28,27,Bwd IAT Mean,548971.5,0.03813440725207329,0.03813440725207329,supports_attack
DISAGREE_08,xgboost,XGBoost,139680,1,Infilteration,29,54,Fwd Seg Size Avg,127.5555556,0.03758065029978752,0.03758065029978752,supports_attack
DISAGREE_08,xgboost,XGBoost,139680,1,Infilteration,30,5,TotLen Fwd Pkts,1148.0,0.037039682269096375,0.037039682269096375,supports_attack
DISAGREE_08,xgboost,XGBoost,139680,1,Infilteration,31,42,Pkt Len Std,312.044091,0.03630993887782097,0.03630993887782097,supports_attack
DISAGREE_08,xgboost,XGBoost,139680,1,Infilteration,32,51,ECE Flag Cnt,0.0,-0.03144938871264458,0.03144938871264458,supports_benign
DISAGREE_08,xgboost,XGBoost,139680,1,Infilteration,33,38,Bwd Pkts/s,1.945039843,-0.030697857961058617,0.030697857961058617,supports_benign
DISAGREE_08,xgboost,XGBoost,139680,1,Infilteration,34,77,Idle Min,0.0,-0.02461468055844307,0.02461468055844307,supports_benign
DISAGREE_08,xgboost,XGBoost,139680,1,Infilteration,35,25,Fwd IAT Min,1105.0,0.023212382569909096,0.023212382569909096,supports_attack
DISAGREE_08,xgboost,XGBoost,139680,1,Infilteration,36,16,Flow Pkts/s,4.445805355,-0.01983979344367981,0.01983979344367981,supports_benign
DISAGREE_08,xgboost,XGBoost,139680,1,Infilteration,37,3,Tot Fwd Pkts,9.0,0.017341047525405884,0.017341047525405884,supports_attack
DISAGREE_08,xgboost,XGBoost,139680,1,Infilteration,38,64,Subflow Bwd Pkts,7.0,-0.015584231354296207,0.015584231354296207,supports_benign
DISAGREE_08,xgboost,XGBoost,139680,1,Infilteration,39,63,Subflow Fwd Byts,1148.0,-0.01528235338628292,0.01528235338628292,supports_benign
DISAGREE_08,xgboost,XGBoost,139680,1,Infilteration,40,55,Bwd Seg Size Avg,225.8571429,-0.015079215168952942,0.015079215168952942,supports_benign
DISAGREE_08,xgboost,XGBoost,139680,1,Infilteration,41,2,Flow Duration,3598898.0,0.014892695471644402,0.014892695471644402,supports_attack
DISAGREE_08,xgboost,XGBoost,139680,1,Infilteration,42,41,Pkt Len Mean,160.5294118,-0.013836472295224667,0.013836472295224667,supports_benign
DISAGREE_08,xgboost,XGBoost,139680,1,Infilteration,43,24,Fwd IAT Max,1306791.0,-0.01363690011203289,0.01363690011203289,supports_benign
DISAGREE_08,xgboost,XGBoost,139680,1,Infilteration,44,68,Fwd Act Data Pkts,5.0,0.013188009150326252,0.013188009150326252,supports_attack
DISAGREE_08,xgboost,XGBoost,139680,1,Infilteration,45,40,Pkt Len Max,1173.0,0.012350738979876041,0.012350738979876041,supports_attack
DISAGREE_08,xgboost,XGBoost,139680,1,Infilteration,46,39,Pkt Len Min,0.0,-0.011288481764495373,0.011288481764495373,supports_benign
DISAGREE_08,xgboost,XGBoost,139680,1,Infilteration,47,65,Subflow Bwd Byts,1581.0,-0.010125041007995605,0.010125041007995605,supports_benign
DISAGREE_08,xgboost,XGBoost,139680,1,Infilteration,48,75,Idle Std,0.0,-0.009460743516683578,0.009460743516683578,supports_benign
DISAGREE_08,xgboost,XGBoost,139680,1,Infilteration,49,8,Fwd Pkt Len Min,0.0,0.009322520345449448,0.009322520345449448,supports_attack
DISAGREE_08,xgboost,XGBoost,139680,1,Infilteration,50,52,Down/Up Ratio,0.0,-0.00867838878184557,0.00867838878184557,supports_benign
DISAGREE_08,xgboost,XGBoost,139680,1,Infilteration,51,76,Idle Max,0.0,-0.008489877916872501,0.008489877916872501,supports_benign
DISAGREE_08,xgboost,XGBoost,139680,1,Infilteration,52,12,Bwd Pkt Len Min,0.0,-0.008293034508824348,0.008293034508824348,supports_benign
DISAGREE_08,xgboost,XGBoost,139680,1,Infilteration,53,74,Idle Mean,0.0,0.007236294914036989,0.007236294914036989,supports_attack
DISAGREE_08,xgboost,XGBoost,139680,1,Infilteration,54,31,Fwd PSH Flags,0.0,-0.0064668552950024605,0.0064668552950024605,supports_benign
DISAGREE_08,xgboost,XGBoost,139680,1,Infilteration,55,43,Pkt Len Var,97371.51471,0.005453411024063826,0.005453411024063826,supports_attack
DISAGREE_08,xgboost,XGBoost,139680,1,Infilteration,56,72,Active Max,0.0,0.00510164350271225,0.00510164350271225,supports_attack
DISAGREE_08,xgboost,XGBoost,139680,1,Infilteration,57,36,Bwd Header Len,152.0,-0.003921430557966232,0.003921430557966232,supports_benign
DISAGREE_08,xgboost,XGBoost,139680,1,Infilteration,58,73,Active Min,0.0,0.002500250469893217,0.002500250469893217,supports_attack
DISAGREE_08,xgboost,XGBoost,139680,1,Infilteration,59,67,Init Bwd Win Byts,62852.0,0.0023339411709457636,0.0023339411709457636,supports_attack
DISAGREE_08,xgboost,XGBoost,139680,1,Infilteration,60,49,URG Flag Cnt,0.0,0.0019978871569037437,0.0019978871569037437,supports_attack
DISAGREE_08,xgboost,XGBoost,139680,1,Infilteration,61,71,Active Std,0.0,-0.0016885650111362338,0.0016885650111362338,supports_benign
DISAGREE_08,xgboost,XGBoost,139680,1,Infilteration,62,44,FIN Flag Cnt,0.0,-0.001249735476449132,0.001249735476449132,supports_benign
DISAGREE_08,xgboost,XGBoost,139680,1,Infilteration,63,1,Protocol,6.0,0.0011958919931203127,0.0011958919931203127,supports_attack
DISAGREE_08,xgboost,XGBoost,139680,1,Infilteration,64,45,SYN Flag Cnt,0.0,-0.0009409708436578512,0.0009409708436578512,supports_benign
DISAGREE_08,xgboost,XGBoost,139680,1,Infilteration,65,70,Active Mean,0.0,-0.0009398082620464265,0.0009398082620464265,supports_benign
DISAGREE_08,xgboost,XGBoost,139680,1,Infilteration,66,48,ACK Flag Cnt,0.0,0.0009189714910462499,0.0009189714910462499,supports_attack
DISAGREE_08,xgboost,XGBoost,139680,1,Infilteration,67,26,Bwd IAT Tot,3293829.0,0.0006305393180809915,0.0006305393180809915,supports_attack
DISAGREE_08,xgboost,XGBoost,139680,1,Infilteration,68,33,Fwd URG Flags,0.0,-0.00019738715491257608,0.00019738715491257608,supports_benign
DISAGREE_08,xgboost,XGBoost,139680,1,Infilteration,69,62,Subflow Fwd Pkts,9.0,-9.967389632947743e-05,9.967389632947743e-05,supports_benign
DISAGREE_08,xgboost,XGBoost,139680,1,Infilteration,70,32,Bwd PSH Flags,0.0,0.0,0.0,supports_benign
DISAGREE_08,xgboost,XGBoost,139680,1,Infilteration,71,34,Bwd URG Flags,0.0,0.0,0.0,supports_benign
DISAGREE_08,xgboost,XGBoost,139680,1,Infilteration,72,50,CWE Flag Count,0.0,0.0,0.0,supports_benign
DISAGREE_08,xgboost,XGBoost,139680,1,Infilteration,73,56,Fwd Byts/b Avg,0.0,0.0,0.0,supports_benign
DISAGREE_08,xgboost,XGBoost,139680,1,Infilteration,74,57,Fwd Pkts/b Avg,0.0,0.0,0.0,supports_benign
DISAGREE_08,xgboost,XGBoost,139680,1,Infilteration,75,58,Fwd Blk Rate Avg,0.0,0.0,0.0,supports_benign
DISAGREE_08,xgboost,XGBoost,139680,1,Infilteration,76,59,Bwd Byts/b Avg,0.0,0.0,0.0,supports_benign
DISAGREE_08,xgboost,XGBoost,139680,1,Infilteration,77,60,Bwd Pkts/b Avg,0.0,0.0,0.0,supports_benign
DISAGREE_08,xgboost,XGBoost,139680,1,Infilteration,78,61,Bwd Blk Rate Avg,0.0,0.0,0.0,supports_benign
DISAGREE_08,lightgbm,LightGBM,139680,1,Infilteration,1,0,Dst Port,3389.0,-0.7107065814535757,0.7107065814535757,supports_benign
DISAGREE_08,lightgbm,LightGBM,139680,1,Infilteration,2,10,Fwd Pkt Len Std,218.6910556,0.5047246766535155,0.5047246766535155,supports_attack
DISAGREE_08,lightgbm,LightGBM,139680,1,Infilteration,3,69,Fwd Seg Size Min,20.0,-0.4192050057468095,0.4192050057468095,supports_benign
DISAGREE_08,lightgbm,LightGBM,139680,1,Infilteration,4,7,Fwd Pkt Len Max,677.0,0.3819759944349207,0.3819759944349207,supports_attack
DISAGREE_08,lightgbm,LightGBM,139680,1,Infilteration,5,29,Bwd IAT Max,1120632.0,0.2826049288620786,0.2826049288620786,supports_attack
DISAGREE_08,lightgbm,LightGBM,139680,1,Infilteration,6,20,Flow IAT Min,55.0,0.26127653234546283,0.26127653234546283,supports_attack
DISAGREE_08,lightgbm,LightGBM,139680,1,Infilteration,7,66,Init Fwd Win Byts,8192.0,-0.2510934864027209,0.2510934864027209,supports_benign
DISAGREE_08,lightgbm,LightGBM,139680,1,Infilteration,8,13,Bwd Pkt Len Mean,225.8571429,-0.19130566840373076,0.19130566840373076,supports_benign
DISAGREE_08,lightgbm,LightGBM,139680,1,Infilteration,9,67,Init Bwd Win Byts,62852.0,-0.1743573031900399,0.1743573031900399,supports_benign
DISAGREE_08,lightgbm,LightGBM,139680,1,Infilteration,10,37,Fwd Pkts/s,2.500765512,-0.1642803605231154,0.1642803605231154,supports_benign
DISAGREE_08,lightgbm,LightGBM,139680,1,Infilteration,11,65,Subflow Bwd Byts,1581.0,-0.14373316436230354,0.14373316436230354,supports_benign
DISAGREE_08,lightgbm,LightGBM,139680,1,Infilteration,12,11,Bwd Pkt Len Max,1173.0,-0.13183616185689045,0.13183616185689045,supports_benign
DISAGREE_08,lightgbm,LightGBM,139680,1,Infilteration,13,54,Fwd Seg Size Avg,127.5555556,0.12497010987757028,0.12497010987757028,supports_attack
DISAGREE_08,lightgbm,LightGBM,139680,1,Infilteration,14,6,TotLen Bwd Pkts,1581.0,-0.12392606014501467,0.12392606014501467,supports_benign
DISAGREE_08,lightgbm,LightGBM,139680,1,Infilteration,15,53,Pkt Size Avg,170.5625,0.11422750777630118,0.11422750777630118,supports_attack
DISAGREE_08,lightgbm,LightGBM,139680,1,Infilteration,16,35,Fwd Header Len,192.0,0.11287787598698314,0.11287787598698314,supports_attack
DISAGREE_08,lightgbm,LightGBM,139680,1,Infilteration,17,51,ECE Flag Cnt,0.0,-0.1039011541607504,0.1039011541607504,supports_benign
DISAGREE_08,lightgbm,LightGBM,139680,1,Infilteration,18,4,Tot Bwd Pkts,7.0,-0.10227004553742604,0.10227004553742604,supports_benign
DISAGREE_08,lightgbm,LightGBM,139680,1,Infilteration,19,18,Flow IAT Std,277740.4302,-0.09853924956551972,0.09853924956551972,supports_benign
DISAGREE_08,lightgbm,LightGBM,139680,1,Infilteration,20,64,Subflow Bwd Pkts,7.0,-0.09791197366480664,0.09791197366480664,supports_benign
DISAGREE_08,lightgbm,LightGBM,139680,1,Infilteration,21,23,Fwd IAT Std,389091.2953,0.09578106912595,0.09578106912595,supports_attack
DISAGREE_08,lightgbm,LightGBM,139680,1,Infilteration,22,17,Flow IAT Mean,239926.5333,-0.0902228587512482,0.0902228587512482,supports_benign
DISAGREE_08,lightgbm,LightGBM,139680,1,Infilteration,23,40,Pkt Len Max,1173.0,-0.07941689203891349,0.07941689203891349,supports_benign
DISAGREE_08,lightgbm,LightGBM,139680,1,Infilteration,24,9,Fwd Pkt Len Mean,127.5555556,0.07918193864985716,0.07918193864985716,supports_attack
DISAGREE_08,lightgbm,LightGBM,139680,1,Infilteration,25,46,RST Flag Cnt,0.0,-0.07667770399096634,0.07667770399096634,supports_benign
DISAGREE_08,lightgbm,LightGBM,139680,1,Infilteration,26,30,Bwd IAT Min,289734.0,0.0680579804512931,0.0680579804512931,supports_attack
DISAGREE_08,lightgbm,LightGBM,139680,1,Infilteration,27,28,Bwd IAT Std,377136.3093,0.06588653305025598,0.06588653305025598,supports_attack
DISAGREE_08,lightgbm,LightGBM,139680,1,Infilteration,28,22,Fwd IAT Mean,449862.25,-0.05909246541586741,0.05909246541586741,supports_benign
DISAGREE_08,lightgbm,LightGBM,139680,1,Infilteration,29,24,Fwd IAT Max,1306791.0,0.05112151514435453,0.05112151514435453,supports_attack
DISAGREE_08,lightgbm,LightGBM,139680,1,Infilteration,30,68,Fwd Act Data Pkts,5.0,0.050803070093134325,0.050803070093134325,supports_attack
DISAGREE_08,lightgbm,LightGBM,139680,1,Infilteration,31,19,Flow IAT Max,937935.0,0.0495298416539551,0.0495298416539551,supports_attack
DISAGREE_08,lightgbm,LightGBM,139680,1,Infilteration,32,76,Idle Max,0.0,-0.039272605188466314,0.039272605188466314,supports_benign
DISAGREE_08,lightgbm,LightGBM,139680,1,Infilteration,33,2,Flow Duration,3598898.0,-0.038245898337785564,0.038245898337785564,supports_benign
DISAGREE_08,lightgbm,LightGBM,139680,1,Infilteration,34,16,Flow Pkts/s,4.445805355,-0.03552235382658198,0.03552235382658198,supports_benign
DISAGREE_08,lightgbm,LightGBM,139680,1,Infilteration,35,63,Subflow Fwd Byts,1148.0,0.035280453676993534,0.035280453676993534,supports_attack
DISAGREE_08,lightgbm,LightGBM,139680,1,Infilteration,36,55,Bwd Seg Size Avg,225.8571429,-0.03404827840220578,0.03404827840220578,supports_benign
DISAGREE_08,lightgbm,LightGBM,139680,1,Infilteration,37,5,TotLen Fwd Pkts,1148.0,0.033578992272287556,0.033578992272287556,supports_attack
DISAGREE_08,lightgbm,LightGBM,139680,1,Infilteration,38,41,Pkt Len Mean,160.5294118,0.030801834949739836,0.030801834949739836,supports_attack
DISAGREE_08,lightgbm,LightGBM,139680,1,Infilteration,39,26,Bwd IAT Tot,3293829.0,0.02730818841427293,0.02730818841427293,supports_attack
DISAGREE_08,lightgbm,LightGBM,139680,1,Infilteration,40,42,Pkt Len Std,312.044091,0.027087561622917866,0.027087561622917866,supports_attack
DISAGREE_08,lightgbm,LightGBM,139680,1,Infilteration,41,27,Bwd IAT Mean,548971.5,0.0259524614449731,0.0259524614449731,supports_attack
DISAGREE_08,lightgbm,LightGBM,139680,1,Infilteration,42,36,Bwd Header Len,152.0,-0.01913196207832633,0.01913196207832633,supports_benign
DISAGREE_08,lightgbm,LightGBM,139680,1,Infilteration,43,38,Bwd Pkts/s,1.945039843,-0.016982369671373586,0.016982369671373586,supports_benign
DISAGREE_08,lightgbm,LightGBM,139680,1,Infilteration,44,14,Bwd Pkt Len Std,430.0986044,-0.01593121619157808,0.01593121619157808,supports_benign
DISAGREE_08,lightgbm,LightGBM,139680,1,Infilteration,45,77,Idle Min,0.0,-0.015742969002696967,0.015742969002696967,supports_benign
DISAGREE_08,lightgbm,LightGBM,139680,1,Infilteration,46,12,Bwd Pkt Len Min,0.0,-0.015011434311460962,0.015011434311460962,supports_benign
DISAGREE_08,lightgbm,LightGBM,139680,1,Infilteration,47,62,Subflow Fwd Pkts,9.0,-0.014869316481604005,0.014869316481604005,supports_benign
DISAGREE_08,lightgbm,LightGBM,139680,1,Infilteration,48,3,Tot Fwd Pkts,9.0,0.011651970891837496,0.011651970891837496,supports_attack
DISAGREE_08,lightgbm,LightGBM,139680,1,Infilteration,49,48,ACK Flag Cnt,0.0,0.010346065641106537,0.010346065641106537,supports_attack
DISAGREE_08,lightgbm,LightGBM,139680,1,Infilteration,50,8,Fwd Pkt Len Min,0.0,0.010047370957663804,0.010047370957663804,supports_attack
DISAGREE_08,lightgbm,LightGBM,139680,1,Infilteration,51,25,Fwd IAT Min,1105.0,0.009177107523154503,0.009177107523154503,supports_attack
DISAGREE_08,lightgbm,LightGBM,139680,1,Infilteration,52,21,Fwd IAT Tot,3598898.0,-0.008745031970187483,0.008745031970187483,supports_benign
DISAGREE_08,lightgbm,LightGBM,139680,1,Infilteration,53,15,Flow Byts/s,758.2876758,-0.005369072634949307,0.005369072634949307,supports_benign
DISAGREE_08,lightgbm,LightGBM,139680,1,Infilteration,54,39,Pkt Len Min,0.0,-0.0038579836311882854,0.0038579836311882854,supports_benign
DISAGREE_08,lightgbm,LightGBM,139680,1,Infilteration,55,31,Fwd PSH Flags,0.0,-0.003285963105713297,0.003285963105713297,supports_benign
DISAGREE_08,lightgbm,LightGBM,139680,1,Infilteration,56,49,URG Flag Cnt,0.0,0.0031842121095809373,0.0031842121095809373,supports_attack
DISAGREE_08,lightgbm,LightGBM,139680,1,Infilteration,57,47,PSH Flag Cnt,1.0,-0.0027376921902276504,0.0027376921902276504,supports_benign
DISAGREE_08,lightgbm,LightGBM,139680,1,Infilteration,58,74,Idle Mean,0.0,-0.0023486191897985767,0.0023486191897985767,supports_benign
DISAGREE_08,lightgbm,LightGBM,139680,1,Infilteration,59,72,Active Max,0.0,0.0023176469441022166,0.0023176469441022166,supports_attack
DISAGREE_08,lightgbm,LightGBM,139680,1,Infilteration,60,75,Idle Std,0.0,-0.0021979997248915747,0.0021979997248915747,supports_benign
DISAGREE_08,lightgbm,LightGBM,139680,1,Infilteration,61,52,Down/Up Ratio,0.0,-0.0021022244461273766,0.0021022244461273766,supports_benign
DISAGREE_08,lightgbm,LightGBM,139680,1,Infilteration,62,73,Active Min,0.0,0.0020278536202463604,0.0020278536202463604,supports_attack
DISAGREE_08,lightgbm,LightGBM,139680,1,Infilteration,63,45,SYN Flag Cnt,0.0,-0.0012828006328977242,0.0012828006328977242,supports_benign
DISAGREE_08,lightgbm,LightGBM,139680,1,Infilteration,64,70,Active Mean,0.0,0.0009051595960339213,0.0009051595960339213,supports_attack
DISAGREE_08,lightgbm,LightGBM,139680,1,Infilteration,65,43,Pkt Len Var,97371.51471,0.0007425960670442776,0.0007425960670442776,supports_attack
DISAGREE_08,lightgbm,LightGBM,139680,1,Infilteration,66,71,Active Std,0.0,0.000476607251543612,0.000476607251543612,supports_attack
DISAGREE_08,lightgbm,LightGBM,139680,1,Infilteration,67,44,FIN Flag Cnt,0.0,-0.0003525102607662318,0.0003525102607662318,supports_benign
DISAGREE_08,lightgbm,LightGBM,139680,1,Infilteration,68,33,Fwd URG Flags,0.0,-9.927716871941122e-06,9.927716871941122e-06,supports_benign
DISAGREE_08,lightgbm,LightGBM,139680,1,Infilteration,69,1,Protocol,6.0,0.0,0.0,supports_benign
DISAGREE_08,lightgbm,LightGBM,139680,1,Infilteration,70,32,Bwd PSH Flags,0.0,0.0,0.0,supports_benign
DISAGREE_08,lightgbm,LightGBM,139680,1,Infilteration,71,34,Bwd URG Flags,0.0,0.0,0.0,supports_benign
DISAGREE_08,lightgbm,LightGBM,139680,1,Infilteration,72,50,CWE Flag Count,0.0,0.0,0.0,supports_benign
DISAGREE_08,lightgbm,LightGBM,139680,1,Infilteration,73,56,Fwd Byts/b Avg,0.0,0.0,0.0,supports_benign
DISAGREE_08,lightgbm,LightGBM,139680,1,Infilteration,74,57,Fwd Pkts/b Avg,0.0,0.0,0.0,supports_benign
DISAGREE_08,lightgbm,LightGBM,139680,1,Infilteration,75,58,Fwd Blk Rate Avg,0.0,0.0,0.0,supports_benign
DISAGREE_08,lightgbm,LightGBM,139680,1,Infilteration,76,59,Bwd Byts/b Avg,0.0,0.0,0.0,supports_benign
DISAGREE_08,lightgbm,LightGBM,139680,1,Infilteration,77,60,Bwd Pkts/b Avg,0.0,0.0,0.0,supports_benign
DISAGREE_08,lightgbm,LightGBM,139680,1,Infilteration,78,61,Bwd Blk Rate Avg,0.0,0.0,0.0,supports_benign
DISAGREE_09,xgboost,XGBoost,247974,1,Brute Force -Web,1,0,Dst Port,500.0,-0.7627243995666504,0.7627243995666504,supports_benign
DISAGREE_09,xgboost,XGBoost,247974,1,Brute Force -Web,2,69,Fwd Seg Size Min,8.0,-0.3881976008415222,0.3881976008415222,supports_benign
DISAGREE_09,xgboost,XGBoost,247974,1,Brute Force -Web,3,75,Idle Std,15281005.6764957,0.37781190872192383,0.37781190872192383,supports_attack
DISAGREE_09,xgboost,XGBoost,247974,1,Brute Force -Web,4,77,Idle Min,7200399.0,0.35355761647224426,0.35355761647224426,supports_attack
DISAGREE_09,xgboost,XGBoost,247974,1,Brute Force -Web,5,66,Init Fwd Win Byts,-1.0,-0.34398987889289856,0.34398987889289856,supports_benign
DISAGREE_09,xgboost,XGBoost,247974,1,Brute Force -Web,6,53,Pkt Size Avg,583.3333333333,0.25148090720176697,0.25148090720176697,supports_attack
DISAGREE_09,xgboost,XGBoost,247974,1,Brute Force -Web,7,39,Pkt Len Min,500.0,0.20766253769397736,0.20766253769397736,supports_attack
DISAGREE_09,xgboost,XGBoost,247974,1,Brute Force -Web,8,25,Fwd IAT Min,4000257.0,-0.2040226012468338,0.2040226012468338,supports_benign
DISAGREE_09,xgboost,XGBoost,247974,1,Brute Force -Web,9,5,TotLen Fwd Pkts,3000.0,0.16916558146476746,0.16916558146476746,supports_attack
DISAGREE_09,xgboost,XGBoost,247974,1,Brute Force -Web,10,23,Fwd IAT Std,15345099.8260594,0.15967100858688354,0.15967100858688354,supports_attack
DISAGREE_09,xgboost,XGBoost,247974,1,Brute Force -Web,11,76,Idle Max,41990219.0,0.1465906947851181,0.1465906947851181,supports_attack
DISAGREE_09,xgboost,XGBoost,247974,1,Brute Force -Web,12,40,Pkt Len Max,500.0,0.12818557024002075,0.12818557024002075,supports_attack
DISAGREE_09,xgboost,XGBoost,247974,1,Brute Force -Web,13,46,RST Flag Cnt,0.0,-0.11833642423152924,0.11833642423152924,supports_benign
DISAGREE_09,xgboost,XGBoost,247974,1,Brute Force -Web,14,7,Fwd Pkt Len Max,500.0,0.11303520947694778,0.11303520947694778,supports_attack
DISAGREE_09,xgboost,XGBoost,247974,1,Brute Force -Web,15,74,Idle Mean,21369804.75,0.10616808384656906,0.10616808384656906,supports_attack
DISAGREE_09,xgboost,XGBoost,247974,1,Brute Force -Web,16,41,Pkt Len Mean,500.0,0.10341764986515045,0.10341764986515045,supports_attack
DISAGREE_09,xgboost,XGBoost,247974,1,Brute Force -Web,17,37,Fwd Pkts/s,0.067054483,-0.08729204535484314,0.08729204535484314,supports_benign
DISAGREE_09,xgboost,XGBoost,247974,1,Brute Force -Web,18,22,Fwd IAT Mean,17895895.2,-0.07803968340158463,0.07803968340158463,supports_benign
DISAGREE_09,xgboost,XGBoost,247974,1,Brute Force -Web,19,20,Flow IAT Min,4000257.0,0.07643044739961624,0.07643044739961624,supports_attack
DISAGREE_09,xgboost,XGBoost,247974,1,Brute Force -Web,20,9,Fwd Pkt Len Mean,500.0,0.07480009645223618,0.07480009645223618,supports_attack
DISAGREE_09,xgboost,XGBoost,247974,1,Brute Force -Web,21,11,Bwd Pkt Len Max,0.0,0.06640806049108505,0.06640806049108505,supports_attack
DISAGREE_09,xgboost,XGBoost,247974,1,Brute Force -Web,22,13,Bwd Pkt Len Mean,0.0,0.06504426896572113,0.06504426896572113,supports_attack
DISAGREE_09,xgboost,XGBoost,247974,1,Brute Force -Web,23,73,Active Min,4000257.0,0.0640609934926033,0.0640609934926033,supports_attack
DISAGREE_09,xgboost,XGBoost,247974,1,Brute Force -Web,24,15,Flow Byts/s,33.5272414872,-0.06392142176628113,0.06392142176628113,supports_benign
DISAGREE_09,xgboost,XGBoost,247974,1,Brute Force -Web,25,8,Fwd Pkt Len Min,500.0,0.059510499238967896,0.059510499238967896,supports_attack
DISAGREE_09,xgboost,XGBoost,247974,1,Brute Force -Web,26,72,Active Max,4000257.0,-0.05937708541750908,0.05937708541750908,supports_benign
DISAGREE_09,xgboost,XGBoost,247974,1,Brute Force -Web,27,12,Bwd Pkt Len Min,0.0,-0.05245949327945709,0.05245949327945709,supports_benign
DISAGREE_09,xgboost,XGBoost,247974,1,Brute Force -Web,28,63,Subflow Fwd Byts,3000.0,0.05214054882526398,0.05214054882526398,supports_attack
DISAGREE_09,xgboost,XGBoost,247974,1,Brute Force -Web,29,16,Flow Pkts/s,0.067054483,-0.0516967847943306,0.0516967847943306,supports_benign
DISAGREE_09,xgboost,XGBoost,247974,1,Brute Force -Web,30,38,Bwd Pkts/s,0.0,-0.051157306879758835,0.051157306879758835,supports_benign
DISAGREE_09,xgboost,XGBoost,247974,1,Brute Force -Web,31,36,Bwd Header Len,0.0,0.03832293674349785,0.03832293674349785,supports_attack
DISAGREE_09,xgboost,XGBoost,247974,1,Brute Force -Web,32,6,TotLen Bwd Pkts,0.0,0.037755612283945084,0.037755612283945084,supports_attack
DISAGREE_09,xgboost,XGBoost,247974,1,Brute Force -Web,33,47,PSH Flag Cnt,0.0,-0.031322527676820755,0.031322527676820755,supports_benign
DISAGREE_09,xgboost,XGBoost,247974,1,Brute Force -Web,34,42,Pkt Len Std,0.0,0.031199002638459206,0.031199002638459206,supports_attack
DISAGREE_09,xgboost,XGBoost,247974,1,Brute Force -Web,35,68,Fwd Act Data Pkts,5.0,0.030146224424242973,0.030146224424242973,supports_attack
DISAGREE_09,xgboost,XGBoost,247974,1,Brute Force -Web,36,4,Tot Bwd Pkts,0.0,0.02829875238239765,0.02829875238239765,supports_attack
DISAGREE_09,xgboost,XGBoost,247974,1,Brute Force -Web,37,65,Subflow Bwd Byts,0.0,-0.023821884766221046,0.023821884766221046,supports_benign
DISAGREE_09,xgboost,XGBoost,247974,1,Brute Force -Web,38,3,Tot Fwd Pkts,6.0,-0.021829579025506973,0.021829579025506973,supports_benign
DISAGREE_09,xgboost,XGBoost,247974,1,Brute Force -Web,39,30,Bwd IAT Min,0.0,-0.021708134561777115,0.021708134561777115,supports_benign
DISAGREE_09,xgboost,XGBoost,247974,1,Brute Force -Web,40,17,Flow IAT Mean,17895895.2,-0.019838551059365273,0.019838551059365273,supports_benign
DISAGREE_09,xgboost,XGBoost,247974,1,Brute Force -Web,41,14,Bwd Pkt Len Std,0.0,0.0186807569116354,0.0186807569116354,supports_attack
DISAGREE_09,xgboost,XGBoost,247974,1,Brute Force -Web,42,21,Fwd IAT Tot,89479476.0,-0.018428361043334007,0.018428361043334007,supports_benign
DISAGREE_09,xgboost,XGBoost,247974,1,Brute Force -Web,43,71,Active Std,0.0,0.01732739433646202,0.01732739433646202,supports_attack
DISAGREE_09,xgboost,XGBoost,247974,1,Brute Force -Web,44,18,Flow IAT Std,15345099.8260594,0.016378117725253105,0.016378117725253105,supports_attack
DISAGREE_09,xgboost,XGBoost,247974,1,Brute Force -Web,45,29,Bwd IAT Max,0.0,-0.01417431328445673,0.01417431328445673,supports_benign
DISAGREE_09,xgboost,XGBoost,247974,1,Brute Force -Web,46,70,Active Mean,4000257.0,-0.014172762632369995,0.014172762632369995,supports_benign
DISAGREE_09,xgboost,XGBoost,247974,1,Brute Force -Web,47,19,Flow IAT Max,41990219.0,-0.011708644218742847,0.011708644218742847,supports_benign
DISAGREE_09,xgboost,XGBoost,247974,1,Brute Force -Web,48,24,Fwd IAT Max,41990219.0,-0.011226688511669636,0.011226688511669636,supports_benign
DISAGREE_09,xgboost,XGBoost,247974,1,Brute Force -Web,49,27,Bwd IAT Mean,0.0,-0.00965956598520279,0.00965956598520279,supports_benign
DISAGREE_09,xgboost,XGBoost,247974,1,Brute Force -Web,50,48,ACK Flag Cnt,0.0,0.0088236378505826,0.0088236378505826,supports_attack
DISAGREE_09,xgboost,XGBoost,247974,1,Brute Force -Web,51,35,Fwd Header Len,48.0,0.00752222677692771,0.00752222677692771,supports_attack
DISAGREE_09,xgboost,XGBoost,247974,1,Brute Force -Web,52,31,Fwd PSH Flags,0.0,-0.007483930792659521,0.007483930792659521,supports_benign
DISAGREE_09,xgboost,XGBoost,247974,1,Brute Force -Web,53,1,Protocol,17.0,-0.006614573299884796,0.006614573299884796,supports_benign
DISAGREE_09,xgboost,XGBoost,247974,1,Brute Force -Web,54,52,Down/Up Ratio,0.0,0.005346101708710194,0.005346101708710194,supports_attack
DISAGREE_09,xgboost,XGBoost,247974,1,Brute Force -Web,55,2,Flow Duration,89479476.0,0.004385776352137327,0.004385776352137327,supports_attack
DISAGREE_09,xgboost,XGBoost,247974,1,Brute Force -Web,56,54,Fwd Seg Size Avg,500.0,-0.004339864943176508,0.004339864943176508,supports_benign
DISAGREE_09,xgboost,XGBoost,247974,1,Brute Force -Web,57,43,Pkt Len Var,0.0,0.003956982865929604,0.003956982865929604,supports_attack
DISAGREE_09,xgboost,XGBoost,247974,1,Brute Force -Web,58,49,URG Flag Cnt,0.0,0.0028540014754980803,0.0028540014754980803,supports_attack
DISAGREE_09,xgboost,XGBoost,247974,1,Brute Force -Web,59,67,Init Bwd Win Byts,-1.0,0.0016478681936860085,0.0016478681936860085,supports_attack
DISAGREE_09,xgboost,XGBoost,247974,1,Brute Force -Web,60,10,Fwd Pkt Len Std,0.0,0.0012021420989185572,0.0012021420989185572,supports_attack
DISAGREE_09,xgboost,XGBoost,247974,1,Brute Force -Web,61,26,Bwd IAT Tot,0.0,-0.0010646912269294262,0.0010646912269294262,supports_benign
DISAGREE_09,xgboost,XGBoost,247974,1,Brute Force -Web,62,44,FIN Flag Cnt,0.0,-0.0010598431108519435,0.0010598431108519435,supports_benign
DISAGREE_09,xgboost,XGBoost,247974,1,Brute Force -Web,63,51,ECE Flag Cnt,0.0,0.0009393184445798397,0.0009393184445798397,supports_attack
DISAGREE_09,xgboost,XGBoost,247974,1,Brute Force -Web,64,28,Bwd IAT Std,0.0,-0.0008748078835196793,0.0008748078835196793,supports_benign
DISAGREE_09,xgboost,XGBoost,247974,1,Brute Force -Web,65,55,Bwd Seg Size Avg,0.0,-0.000853109871968627,0.000853109871968627,supports_benign
DISAGREE_09,xgboost,XGBoost,247974,1,Brute Force -Web,66,64,Subflow Bwd Pkts,0.0,0.0008024421986192465,0.0008024421986192465,supports_attack
DISAGREE_09,xgboost,XGBoost,247974,1,Brute Force -Web,67,45,SYN Flag Cnt,0.0,-0.0007512393640354276,0.0007512393640354276,supports_benign
DISAGREE_09,xgboost,XGBoost,247974,1,Brute Force -Web,68,33,Fwd URG Flags,0.0,-0.0002725534432101995,0.0002725534432101995,supports_benign
DISAGREE_09,xgboost,XGBoost,247974,1,Brute Force -Web,69,62,Subflow Fwd Pkts,6.0,-0.00015527268988080323,0.00015527268988080323,supports_benign
DISAGREE_09,xgboost,XGBoost,247974,1,Brute Force -Web,70,32,Bwd PSH Flags,0.0,0.0,0.0,supports_benign
DISAGREE_09,xgboost,XGBoost,247974,1,Brute Force -Web,71,34,Bwd URG Flags,0.0,0.0,0.0,supports_benign
DISAGREE_09,xgboost,XGBoost,247974,1,Brute Force -Web,72,50,CWE Flag Count,0.0,0.0,0.0,supports_benign
DISAGREE_09,xgboost,XGBoost,247974,1,Brute Force -Web,73,56,Fwd Byts/b Avg,0.0,0.0,0.0,supports_benign
DISAGREE_09,xgboost,XGBoost,247974,1,Brute Force -Web,74,57,Fwd Pkts/b Avg,0.0,0.0,0.0,supports_benign
DISAGREE_09,xgboost,XGBoost,247974,1,Brute Force -Web,75,58,Fwd Blk Rate Avg,0.0,0.0,0.0,supports_benign
DISAGREE_09,xgboost,XGBoost,247974,1,Brute Force -Web,76,59,Bwd Byts/b Avg,0.0,0.0,0.0,supports_benign
DISAGREE_09,xgboost,XGBoost,247974,1,Brute Force -Web,77,60,Bwd Pkts/b Avg,0.0,0.0,0.0,supports_benign
DISAGREE_09,xgboost,XGBoost,247974,1,Brute Force -Web,78,61,Bwd Blk Rate Avg,0.0,0.0,0.0,supports_benign
DISAGREE_09,lightgbm,LightGBM,247974,1,Brute Force -Web,1,0,Dst Port,500.0,-1.055296817975959,1.055296817975959,supports_benign
DISAGREE_09,lightgbm,LightGBM,247974,1,Brute Force -Web,2,69,Fwd Seg Size Min,8.0,-0.708140126935794,0.708140126935794,supports_benign
DISAGREE_09,lightgbm,LightGBM,247974,1,Brute Force -Web,3,66,Init Fwd Win Byts,-1.0,-0.6894179810830007,0.6894179810830007,supports_benign
DISAGREE_09,lightgbm,LightGBM,247974,1,Brute Force -Web,4,23,Fwd IAT Std,15345099.8260594,0.32958919283056554,0.32958919283056554,supports_attack
DISAGREE_09,lightgbm,LightGBM,247974,1,Brute Force -Web,5,76,Idle Max,41990219.0,0.2689067795639431,0.2689067795639431,supports_attack
DISAGREE_09,lightgbm,LightGBM,247974,1,Brute Force -Web,6,10,Fwd Pkt Len Std,0.0,0.24217181138808455,0.24217181138808455,supports_attack
DISAGREE_09,lightgbm,LightGBM,247974,1,Brute Force -Web,7,7,Fwd Pkt Len Max,500.0,0.18306276096860166,0.18306276096860166,supports_attack
DISAGREE_09,lightgbm,LightGBM,247974,1,Brute Force -Web,8,75,Idle Std,15281005.6764957,0.17837191013074669,0.17837191013074669,supports_attack
DISAGREE_09,lightgbm,LightGBM,247974,1,Brute Force -Web,9,63,Subflow Fwd Byts,3000.0,0.15723739230838593,0.15723739230838593,supports_attack
DISAGREE_09,lightgbm,LightGBM,247974,1,Brute Force -Web,10,13,Bwd Pkt Len Mean,0.0,0.1557359552473589,0.1557359552473589,supports_attack
DISAGREE_09,lightgbm,LightGBM,247974,1,Brute Force -Web,11,39,Pkt Len Min,500.0,0.15548156554650253,0.15548156554650253,supports_attack
DISAGREE_09,lightgbm,LightGBM,247974,1,Brute Force -Web,12,77,Idle Min,7200399.0,0.1358993188934327,0.1358993188934327,supports_attack
DISAGREE_09,lightgbm,LightGBM,247974,1,Brute Force -Web,13,53,Pkt Size Avg,583.3333333333,0.12761182376227395,0.12761182376227395,supports_attack
DISAGREE_09,lightgbm,LightGBM,247974,1,Brute Force -Web,14,37,Fwd Pkts/s,0.067054483,-0.11591823199406974,0.11591823199406974,supports_benign
DISAGREE_09,lightgbm,LightGBM,247974,1,Brute Force -Web,15,8,Fwd Pkt Len Min,500.0,-0.11409552673368428,0.11409552673368428,supports_benign
DISAGREE_09,lightgbm,LightGBM,247974,1,Brute Force -Web,16,19,Flow IAT Max,41990219.0,-0.10942914452377057,0.10942914452377057,supports_benign
DISAGREE_09,lightgbm,LightGBM,247974,1,Brute Force -Web,17,55,Bwd Seg Size Avg,0.0,0.09244685650989153,0.09244685650989153,supports_attack
DISAGREE_09,lightgbm,LightGBM,247974,1,Brute Force -Web,18,11,Bwd Pkt Len Max,0.0,0.08618827123721491,0.08618827123721491,supports_attack
DISAGREE_09,lightgbm,LightGBM,247974,1,Brute Force -Web,19,40,Pkt Len Max,500.0,0.0797695438037383,0.0797695438037383,supports_attack
DISAGREE_09,lightgbm,LightGBM,247974,1,Brute Force -Web,20,72,Active Max,4000257.0,-0.0733382119221857,0.0733382119221857,supports_benign
DISAGREE_09,lightgbm,LightGBM,247974,1,Brute Force -Web,21,54,Fwd Seg Size Avg,500.0,0.06073462672564308,0.06073462672564308,supports_attack
DISAGREE_09,lightgbm,LightGBM,247974,1,Brute Force -Web,22,51,ECE Flag Cnt,0.0,-0.05517235691693203,0.05517235691693203,supports_benign
DISAGREE_09,lightgbm,LightGBM,247974,1,Brute Force -Web,23,35,Fwd Header Len,48.0,0.0549060109868333,0.0549060109868333,supports_attack
DISAGREE_09,lightgbm,LightGBM,247974,1,Brute Force -Web,24,68,Fwd Act Data Pkts,5.0,0.05172032394973564,0.05172032394973564,supports_attack
DISAGREE_09,lightgbm,LightGBM,247974,1,Brute Force -Web,25,6,TotLen Bwd Pkts,0.0,0.049776353854592656,0.049776353854592656,supports_attack
DISAGREE_09,lightgbm,LightGBM,247974,1,Brute Force -Web,26,46,RST Flag Cnt,0.0,-0.04831609380484145,0.04831609380484145,supports_benign
DISAGREE_09,lightgbm,LightGBM,247974,1,Brute Force -Web,27,24,Fwd IAT Max,41990219.0,-0.0449184346478477,0.0449184346478477,supports_benign
DISAGREE_09,lightgbm,LightGBM,247974,1,Brute Force -Web,28,18,Flow IAT Std,15345099.8260594,0.043281777007993245,0.043281777007993245,supports_attack
DISAGREE_09,lightgbm,LightGBM,247974,1,Brute Force -Web,29,41,Pkt Len Mean,500.0,0.040322225055083386,0.040322225055083386,supports_attack
DISAGREE_09,lightgbm,LightGBM,247974,1,Brute Force -Web,30,25,Fwd IAT Min,4000257.0,-0.036805380010432605,0.036805380010432605,supports_benign
DISAGREE_09,lightgbm,LightGBM,247974,1,Brute Force -Web,31,17,Flow IAT Mean,17895895.2,-0.033120192414084565,0.033120192414084565,supports_benign
DISAGREE_09,lightgbm,LightGBM,247974,1,Brute Force -Web,32,15,Flow Byts/s,33.5272414872,-0.031646023688444214,0.031646023688444214,supports_benign
DISAGREE_09,lightgbm,LightGBM,247974,1,Brute Force -Web,33,67,Init Bwd Win Byts,-1.0,0.029030615357336288,0.029030615357336288,supports_attack
DISAGREE_09,lightgbm,LightGBM,247974,1,Brute Force -Web,34,47,PSH Flag Cnt,0.0,-0.028331996109610395,0.028331996109610395,supports_benign
DISAGREE_09,lightgbm,LightGBM,247974,1,Brute Force -Web,35,73,Active Min,4000257.0,-0.02812587372949783,0.02812587372949783,supports_benign
DISAGREE_09,lightgbm,LightGBM,247974,1,Brute Force -Web,36,74,Idle Mean,21369804.75,0.025652109237446975,0.025652109237446975,supports_attack
DISAGREE_09,lightgbm,LightGBM,247974,1,Brute Force -Web,37,36,Bwd Header Len,0.0,0.024330750668021255,0.024330750668021255,supports_attack
DISAGREE_09,lightgbm,LightGBM,247974,1,Brute Force -Web,38,4,Tot Bwd Pkts,0.0,-0.022472195724752907,0.022472195724752907,supports_benign
DISAGREE_09,lightgbm,LightGBM,247974,1,Brute Force -Web,39,22,Fwd IAT Mean,17895895.2,-0.020648050417611426,0.020648050417611426,supports_benign
DISAGREE_09,lightgbm,LightGBM,247974,1,Brute Force -Web,40,64,Subflow Bwd Pkts,0.0,0.01958881060135658,0.01958881060135658,supports_attack
DISAGREE_09,lightgbm,LightGBM,247974,1,Brute Force -Web,41,30,Bwd IAT Min,0.0,0.019402413786615242,0.019402413786615242,supports_attack
DISAGREE_09,lightgbm,LightGBM,247974,1,Brute Force -Web,42,43,Pkt Len Var,0.0,-0.018635117198881324,0.018635117198881324,supports_benign
DISAGREE_09,lightgbm,LightGBM,247974,1,Brute Force -Web,43,38,Bwd Pkts/s,0.0,0.01805333958765229,0.01805333958765229,supports_attack
DISAGREE_09,lightgbm,LightGBM,247974,1,Brute Force -Web,44,65,Subflow Bwd Byts,0.0,0.016725741409041973,0.016725741409041973,supports_attack
DISAGREE_09,lightgbm,LightGBM,247974,1,Brute Force -Web,45,16,Flow Pkts/s,0.067054483,-0.015888492516515817,0.015888492516515817,supports_benign
DISAGREE_09,lightgbm,LightGBM,247974,1,Brute Force -Web,46,29,Bwd IAT Max,0.0,0.015845639057069497,0.015845639057069497,supports_attack
DISAGREE_09,lightgbm,LightGBM,247974,1,Brute Force -Web,47,48,ACK Flag Cnt,0.0,0.014216529720517197,0.014216529720517197,supports_attack
DISAGREE_09,lightgbm,LightGBM,247974,1,Brute Force -Web,48,27,Bwd IAT Mean,0.0,-0.010403642038061153,0.010403642038061153,supports_benign
DISAGREE_09,lightgbm,LightGBM,247974,1,Brute Force -Web,49,14,Bwd Pkt Len Std,0.0,0.009187339705554229,0.009187339705554229,supports_attack
DISAGREE_09,lightgbm,LightGBM,247974,1,Brute Force -Web,50,62,Subflow Fwd Pkts,6.0,-0.00892676658515998,0.00892676658515998,supports_benign
DISAGREE_09,lightgbm,LightGBM,247974,1,Brute Force -Web,51,52,Down/Up Ratio,0.0,0.00783338410300766,0.00783338410300766,supports_attack
DISAGREE_09,lightgbm,LightGBM,247974,1,Brute Force -Web,52,28,Bwd IAT Std,0.0,-0.0074187229909465306,0.0074187229909465306,supports_benign
DISAGREE_09,lightgbm,LightGBM,247974,1,Brute Force -Web,53,71,Active Std,0.0,0.006976994218907555,0.006976994218907555,supports_attack
DISAGREE_09,lightgbm,LightGBM,247974,1,Brute Force -Web,54,42,Pkt Len Std,0.0,-0.005707483402140746,0.005707483402140746,supports_benign
DISAGREE_09,lightgbm,LightGBM,247974,1,Brute Force -Web,55,2,Flow Duration,89479476.0,-0.005061769065226502,0.005061769065226502,supports_benign
DISAGREE_09,lightgbm,LightGBM,247974,1,Brute Force -Web,56,49,URG Flag Cnt,0.0,0.004360103575429676,0.004360103575429676,supports_attack
DISAGREE_09,lightgbm,LightGBM,247974,1,Brute Force -Web,57,26,Bwd IAT Tot,0.0,0.003976856924214879,0.003976856924214879,supports_attack
DISAGREE_09,lightgbm,LightGBM,247974,1,Brute Force -Web,58,31,Fwd PSH Flags,0.0,-0.003470891743174883,0.003470891743174883,supports_benign
DISAGREE_09,lightgbm,LightGBM,247974,1,Brute Force -Web,59,20,Flow IAT Min,4000257.0,-0.003163856947778241,0.003163856947778241,supports_benign
DISAGREE_09,lightgbm,LightGBM,247974,1,Brute Force -Web,60,21,Fwd IAT Tot,89479476.0,0.0027356231994439986,0.0027356231994439986,supports_attack
DISAGREE_09,lightgbm,LightGBM,247974,1,Brute Force -Web,61,70,Active Mean,4000257.0,-0.002396382972213393,0.002396382972213393,supports_benign
DISAGREE_09,lightgbm,LightGBM,247974,1,Brute Force -Web,62,12,Bwd Pkt Len Min,0.0,0.002228692403747991,0.002228692403747991,supports_attack
DISAGREE_09,lightgbm,LightGBM,247974,1,Brute Force -Web,63,45,SYN Flag Cnt,0.0,-0.0009876603258499005,0.0009876603258499005,supports_benign
DISAGREE_09,lightgbm,LightGBM,247974,1,Brute Force -Web,64,3,Tot Fwd Pkts,6.0,-0.0007378174858830621,0.0007378174858830621,supports_benign
DISAGREE_09,lightgbm,LightGBM,247974,1,Brute Force -Web,65,9,Fwd Pkt Len Mean,500.0,0.0005557490593538337,0.0005557490593538337,supports_attack
DISAGREE_09,lightgbm,LightGBM,247974,1,Brute Force -Web,66,5,TotLen Fwd Pkts,3000.0,-0.0004965328693536048,0.0004965328693536048,supports_benign
DISAGREE_09,lightgbm,LightGBM,247974,1,Brute Force -Web,67,44,FIN Flag Cnt,0.0,-0.00033484475573614846,0.00033484475573614846,supports_benign
DISAGREE_09,lightgbm,LightGBM,247974,1,Brute Force -Web,68,33,Fwd URG Flags,0.0,-3.24192860830298e-05,3.24192860830298e-05,supports_benign
DISAGREE_09,lightgbm,LightGBM,247974,1,Brute Force -Web,69,1,Protocol,17.0,0.0,0.0,supports_benign
DISAGREE_09,lightgbm,LightGBM,247974,1,Brute Force -Web,70,32,Bwd PSH Flags,0.0,0.0,0.0,supports_benign
DISAGREE_09,lightgbm,LightGBM,247974,1,Brute Force -Web,71,34,Bwd URG Flags,0.0,0.0,0.0,supports_benign
DISAGREE_09,lightgbm,LightGBM,247974,1,Brute Force -Web,72,50,CWE Flag Count,0.0,0.0,0.0,supports_benign
DISAGREE_09,lightgbm,LightGBM,247974,1,Brute Force -Web,73,56,Fwd Byts/b Avg,0.0,0.0,0.0,supports_benign
DISAGREE_09,lightgbm,LightGBM,247974,1,Brute Force -Web,74,57,Fwd Pkts/b Avg,0.0,0.0,0.0,supports_benign
DISAGREE_09,lightgbm,LightGBM,247974,1,Brute Force -Web,75,58,Fwd Blk Rate Avg,0.0,0.0,0.0,supports_benign
DISAGREE_09,lightgbm,LightGBM,247974,1,Brute Force -Web,76,59,Bwd Byts/b Avg,0.0,0.0,0.0,supports_benign
DISAGREE_09,lightgbm,LightGBM,247974,1,Brute Force -Web,77,60,Bwd Pkts/b Avg,0.0,0.0,0.0,supports_benign
DISAGREE_09,lightgbm,LightGBM,247974,1,Brute Force -Web,78,61,Bwd Blk Rate Avg,0.0,0.0,0.0,supports_benign
DISAGREE_10,xgboost,XGBoost,218195,1,Infilteration,1,69,Fwd Seg Size Min,40.0,2.712975025177002,2.712975025177002,supports_attack
DISAGREE_10,xgboost,XGBoost,218195,1,Infilteration,2,66,Init Fwd Win Byts,26883.0,1.4727321863174438,1.4727321863174438,supports_attack
DISAGREE_10,xgboost,XGBoost,218195,1,Infilteration,3,0,Dst Port,22.0,-1.444118618965149,1.444118618965149,supports_benign
DISAGREE_10,xgboost,XGBoost,218195,1,Infilteration,4,25,Fwd IAT Min,1024357.0,-0.8920665979385376,0.8920665979385376,supports_benign
DISAGREE_10,xgboost,XGBoost,218195,1,Infilteration,5,38,Bwd Pkts/s,0.0,-0.721831202507019,0.721831202507019,supports_benign
DISAGREE_10,xgboost,XGBoost,218195,1,Infilteration,6,2,Flow Duration,3032368.0,-0.44550153613090515,0.44550153613090515,supports_benign
DISAGREE_10,xgboost,XGBoost,218195,1,Infilteration,7,21,Fwd IAT Tot,3032368.0,-0.23943839967250824,0.23943839967250824,supports_benign
DISAGREE_10,xgboost,XGBoost,218195,1,Infilteration,8,16,Flow Pkts/s,0.989325834,-0.23938842117786407,0.23938842117786407,supports_benign
DISAGREE_10,xgboost,XGBoost,218195,1,Infilteration,9,13,Bwd Pkt Len Mean,0.0,0.2342914193868637,0.2342914193868637,supports_attack
DISAGREE_10,xgboost,XGBoost,218195,1,Infilteration,10,17,Flow IAT Mean,1516184.0,-0.166816845536232,0.166816845536232,supports_benign
DISAGREE_10,xgboost,XGBoost,218195,1,Infilteration,11,37,Fwd Pkts/s,0.989325834,0.16532903909683228,0.16532903909683228,supports_attack
DISAGREE_10,xgboost,XGBoost,218195,1,Infilteration,12,23,Fwd IAT Std,695548.4137,0.11339985579252243,0.11339985579252243,supports_attack
DISAGREE_10,xgboost,XGBoost,218195,1,Infilteration,13,18,Flow IAT Std,695548.4137,-0.10775893181562424,0.10775893181562424,supports_benign
DISAGREE_10,xgboost,XGBoost,218195,1,Infilteration,14,20,Flow IAT Min,1024357.0,-0.10626854747533798,0.10626854747533798,supports_benign
DISAGREE_10,xgboost,XGBoost,218195,1,Infilteration,15,46,RST Flag Cnt,0.0,-0.0978502705693245,0.0978502705693245,supports_benign
DISAGREE_10,xgboost,XGBoost,218195,1,Infilteration,16,7,Fwd Pkt Len Max,0.0,0.09487636387348175,0.09487636387348175,supports_attack
DISAGREE_10,xgboost,XGBoost,218195,1,Infilteration,17,22,Fwd IAT Mean,1516184.0,-0.08706007152795792,0.08706007152795792,supports_benign
DISAGREE_10,xgboost,XGBoost,218195,1,Infilteration,18,52,Down/Up Ratio,0.0,-0.0847531408071518,0.0847531408071518,supports_benign
DISAGREE_10,xgboost,XGBoost,218195,1,Infilteration,19,53,Pkt Size Avg,0.0,-0.06249425187706947,0.06249425187706947,supports_benign
DISAGREE_10,xgboost,XGBoost,218195,1,Infilteration,20,15,Flow Byts/s,0.0,-0.06068794056773186,0.06068794056773186,supports_benign
DISAGREE_10,xgboost,XGBoost,218195,1,Infilteration,21,19,Flow IAT Max,2008011.0,0.057977426797151566,0.057977426797151566,supports_attack
DISAGREE_10,xgboost,XGBoost,218195,1,Infilteration,22,24,Fwd IAT Max,2008011.0,-0.05544750764966011,0.05544750764966011,supports_benign
DISAGREE_10,xgboost,XGBoost,218195,1,Infilteration,23,36,Bwd Header Len,0.0,0.051406215876340866,0.051406215876340866,supports_attack
DISAGREE_10,xgboost,XGBoost,218195,1,Infilteration,24,11,Bwd Pkt Len Max,0.0,0.047681719064712524,0.047681719064712524,supports_attack
DISAGREE_10,xgboost,XGBoost,218195,1,Infilteration,25,77,Idle Min,0.0,-0.04669695720076561,0.04669695720076561,supports_benign
DISAGREE_10,xgboost,XGBoost,218195,1,Infilteration,26,75,Idle Std,0.0,-0.046182941645383835,0.046182941645383835,supports_benign
DISAGREE_10,xgboost,XGBoost,218195,1,Infilteration,27,10,Fwd Pkt Len Std,0.0,-0.041261959820985794,0.041261959820985794,supports_benign
DISAGREE_10,xgboost,XGBoost,218195,1,Infilteration,28,67,Init Bwd Win Byts,-1.0,0.034776996821165085,0.034776996821165085,supports_attack
DISAGREE_10,xgboost,XGBoost,218195,1,Infilteration,29,5,TotLen Fwd Pkts,0.0,0.0314532034099102,0.0314532034099102,supports_attack
DISAGREE_10,xgboost,XGBoost,218195,1,Infilteration,30,8,Fwd Pkt Len Min,0.0,0.030192425474524498,0.030192425474524498,supports_attack
DISAGREE_10,xgboost,XGBoost,218195,1,Infilteration,31,30,Bwd IAT Min,0.0,-0.029361892491579056,0.029361892491579056,supports_benign
DISAGREE_10,xgboost,XGBoost,218195,1,Infilteration,32,42,Pkt Len Std,0.0,0.023553425446152687,0.023553425446152687,supports_attack
DISAGREE_10,xgboost,XGBoost,218195,1,Infilteration,33,40,Pkt Len Max,0.0,0.018941005691885948,0.018941005691885948,supports_attack
DISAGREE_10,xgboost,XGBoost,218195,1,Infilteration,34,6,TotLen Bwd Pkts,0.0,0.0185780581086874,0.0185780581086874,supports_attack
DISAGREE_10,xgboost,XGBoost,218195,1,Infilteration,35,76,Idle Max,0.0,-0.01645340770483017,0.01645340770483017,supports_benign
DISAGREE_10,xgboost,XGBoost,218195,1,Infilteration,36,73,Active Min,0.0,0.01632816344499588,0.01632816344499588,supports_attack
DISAGREE_10,xgboost,XGBoost,218195,1,Infilteration,37,48,ACK Flag Cnt,0.0,-0.015134293586015701,0.015134293586015701,supports_benign
DISAGREE_10,xgboost,XGBoost,218195,1,Infilteration,38,28,Bwd IAT Std,0.0,-0.014749997295439243,0.014749997295439243,supports_benign
DISAGREE_10,xgboost,XGBoost,218195,1,Infilteration,39,9,Fwd Pkt Len Mean,0.0,-0.0144437151029706,0.0144437151029706,supports_benign
DISAGREE_10,xgboost,XGBoost,218195,1,Infilteration,40,12,Bwd Pkt Len Min,0.0,-0.01442013494670391,0.01442013494670391,supports_benign
DISAGREE_10,xgboost,XGBoost,218195,1,Infilteration,41,35,Fwd Header Len,120.0,-0.01409386657178402,0.01409386657178402,supports_benign
DISAGREE_10,xgboost,XGBoost,218195,1,Infilteration,42,14,Bwd Pkt Len Std,0.0,0.013720803894102573,0.013720803894102573,supports_attack
DISAGREE_10,xgboost,XGBoost,218195,1,Infilteration,43,31,Fwd PSH Flags,0.0,-0.013498927466571331,0.013498927466571331,supports_benign
DISAGREE_10,xgboost,XGBoost,218195,1,Infilteration,44,29,Bwd IAT Max,0.0,-0.012339155189692974,0.012339155189692974,supports_benign
DISAGREE_10,xgboost,XGBoost,218195,1,Infilteration,45,51,ECE Flag Cnt,0.0,-0.012015234678983688,0.012015234678983688,supports_benign
DISAGREE_10,xgboost,XGBoost,218195,1,Infilteration,46,27,Bwd IAT Mean,0.0,-0.011590920388698578,0.011590920388698578,supports_benign
DISAGREE_10,xgboost,XGBoost,218195,1,Infilteration,47,41,Pkt Len Mean,0.0,0.011203594505786896,0.011203594505786896,supports_attack
DISAGREE_10,xgboost,XGBoost,218195,1,Infilteration,48,4,Tot Bwd Pkts,0.0,-0.008969641290605068,0.008969641290605068,supports_benign
DISAGREE_10,xgboost,XGBoost,218195,1,Infilteration,49,70,Active Mean,0.0,0.008465989492833614,0.008465989492833614,supports_attack
DISAGREE_10,xgboost,XGBoost,218195,1,Infilteration,50,55,Bwd Seg Size Avg,0.0,0.0071382662281394005,0.0071382662281394005,supports_attack
DISAGREE_10,xgboost,XGBoost,218195,1,Infilteration,51,49,URG Flag Cnt,0.0,0.00694615300744772,0.00694615300744772,supports_attack
DISAGREE_10,xgboost,XGBoost,218195,1,Infilteration,52,3,Tot Fwd Pkts,3.0,-0.006039960775524378,0.006039960775524378,supports_benign
DISAGREE_10,xgboost,XGBoost,218195,1,Infilteration,53,26,Bwd IAT Tot,0.0,0.005518502555787563,0.005518502555787563,supports_attack
DISAGREE_10,xgboost,XGBoost,218195,1,Infilteration,54,43,Pkt Len Var,0.0,0.00472222501412034,0.00472222501412034,supports_attack
DISAGREE_10,xgboost,XGBoost,218195,1,Infilteration,55,63,Subflow Fwd Byts,0.0,0.0043532331474125385,0.0043532331474125385,supports_attack
DISAGREE_10,xgboost,XGBoost,218195,1,Infilteration,56,74,Idle Mean,0.0,-0.004085326101630926,0.004085326101630926,supports_benign
DISAGREE_10,xgboost,XGBoost,218195,1,Infilteration,57,65,Subflow Bwd Byts,0.0,0.003854930168017745,0.003854930168017745,supports_attack
DISAGREE_10,xgboost,XGBoost,218195,1,Infilteration,58,72,Active Max,0.0,0.002708258805796504,0.002708258805796504,supports_attack
DISAGREE_10,xgboost,XGBoost,218195,1,Infilteration,59,39,Pkt Len Min,0.0,0.0026311776600778103,0.0026311776600778103,supports_attack
DISAGREE_10,xgboost,XGBoost,218195,1,Infilteration,60,47,PSH Flag Cnt,1.0,0.002355027012526989,0.002355027012526989,supports_attack
DISAGREE_10,xgboost,XGBoost,218195,1,Infilteration,61,1,Protocol,6.0,0.0018901191651821136,0.0018901191651821136,supports_attack
DISAGREE_10,xgboost,XGBoost,218195,1,Infilteration,62,54,Fwd Seg Size Avg,0.0,-0.0018851666245609522,0.0018851666245609522,supports_benign
DISAGREE_10,xgboost,XGBoost,218195,1,Infilteration,63,62,Subflow Fwd Pkts,3.0,-0.001695216284133494,0.001695216284133494,supports_benign
DISAGREE_10,xgboost,XGBoost,218195,1,Infilteration,64,64,Subflow Bwd Pkts,0.0,0.0016875338042154908,0.0016875338042154908,supports_attack
DISAGREE_10,xgboost,XGBoost,218195,1,Infilteration,65,71,Active Std,0.0,-0.001467411988414824,0.001467411988414824,supports_benign
DISAGREE_10,xgboost,XGBoost,218195,1,Infilteration,66,33,Fwd URG Flags,0.0,-0.0012633113656193018,0.0012633113656193018,supports_benign
DISAGREE_10,xgboost,XGBoost,218195,1,Infilteration,67,45,SYN Flag Cnt,0.0,-0.0007059226627461612,0.0007059226627461612,supports_benign
DISAGREE_10,xgboost,XGBoost,218195,1,Infilteration,68,44,FIN Flag Cnt,0.0,-0.0004376166616566479,0.0004376166616566479,supports_benign
DISAGREE_10,xgboost,XGBoost,218195,1,Infilteration,69,68,Fwd Act Data Pkts,0.0,-0.00024635239969938993,0.00024635239969938993,supports_benign
DISAGREE_10,xgboost,XGBoost,218195,1,Infilteration,70,32,Bwd PSH Flags,0.0,0.0,0.0,supports_benign
DISAGREE_10,xgboost,XGBoost,218195,1,Infilteration,71,34,Bwd URG Flags,0.0,0.0,0.0,supports_benign
DISAGREE_10,xgboost,XGBoost,218195,1,Infilteration,72,50,CWE Flag Count,0.0,0.0,0.0,supports_benign
DISAGREE_10,xgboost,XGBoost,218195,1,Infilteration,73,56,Fwd Byts/b Avg,0.0,0.0,0.0,supports_benign
DISAGREE_10,xgboost,XGBoost,218195,1,Infilteration,74,57,Fwd Pkts/b Avg,0.0,0.0,0.0,supports_benign
DISAGREE_10,xgboost,XGBoost,218195,1,Infilteration,75,58,Fwd Blk Rate Avg,0.0,0.0,0.0,supports_benign
DISAGREE_10,xgboost,XGBoost,218195,1,Infilteration,76,59,Bwd Byts/b Avg,0.0,0.0,0.0,supports_benign
DISAGREE_10,xgboost,XGBoost,218195,1,Infilteration,77,60,Bwd Pkts/b Avg,0.0,0.0,0.0,supports_benign
DISAGREE_10,xgboost,XGBoost,218195,1,Infilteration,78,61,Bwd Blk Rate Avg,0.0,0.0,0.0,supports_benign
DISAGREE_10,lightgbm,LightGBM,218195,1,Infilteration,1,66,Init Fwd Win Byts,26883.0,2.573432696058315,2.573432696058315,supports_attack
DISAGREE_10,lightgbm,LightGBM,218195,1,Infilteration,2,69,Fwd Seg Size Min,40.0,2.293591333718126,2.293591333718126,supports_attack
DISAGREE_10,lightgbm,LightGBM,218195,1,Infilteration,3,0,Dst Port,22.0,-1.7506726779808364,1.7506726779808364,supports_benign
DISAGREE_10,lightgbm,LightGBM,218195,1,Infilteration,4,17,Flow IAT Mean,1516184.0,-0.29421458440767634,0.29421458440767634,supports_benign
DISAGREE_10,lightgbm,LightGBM,218195,1,Infilteration,5,20,Flow IAT Min,1024357.0,-0.2799253831364804,0.2799253831364804,supports_benign
DISAGREE_10,lightgbm,LightGBM,218195,1,Infilteration,6,7,Fwd Pkt Len Max,0.0,0.21612966222749916,0.21612966222749916,supports_attack
DISAGREE_10,lightgbm,LightGBM,218195,1,Infilteration,7,37,Fwd Pkts/s,0.989325834,-0.2006041431806078,0.2006041431806078,supports_benign
DISAGREE_10,lightgbm,LightGBM,218195,1,Infilteration,8,13,Bwd Pkt Len Mean,0.0,0.193100651417256,0.193100651417256,supports_attack
DISAGREE_10,lightgbm,LightGBM,218195,1,Infilteration,9,10,Fwd Pkt Len Std,0.0,0.18304127409434603,0.18304127409434603,supports_attack
DISAGREE_10,lightgbm,LightGBM,218195,1,Infilteration,10,24,Fwd IAT Max,2008011.0,-0.17146469179233415,0.17146469179233415,supports_benign
DISAGREE_10,lightgbm,LightGBM,218195,1,Infilteration,11,25,Fwd IAT Min,1024357.0,-0.13375123704158878,0.13375123704158878,supports_benign
DISAGREE_10,lightgbm,LightGBM,218195,1,Infilteration,12,22,Fwd IAT Mean,1516184.0,-0.10637322382972768,0.10637322382972768,supports_benign
DISAGREE_10,lightgbm,LightGBM,218195,1,Infilteration,13,4,Tot Bwd Pkts,0.0,-0.10458112783945887,0.10458112783945887,supports_benign
DISAGREE_10,lightgbm,LightGBM,218195,1,Infilteration,14,55,Bwd Seg Size Avg,0.0,0.09065408652272795,0.09065408652272795,supports_attack
DISAGREE_10,lightgbm,LightGBM,218195,1,Infilteration,15,53,Pkt Size Avg,0.0,-0.08823241056014929,0.08823241056014929,supports_benign
DISAGREE_10,lightgbm,LightGBM,218195,1,Infilteration,16,19,Flow IAT Max,2008011.0,-0.0753945673431944,0.0753945673431944,supports_benign
DISAGREE_10,lightgbm,LightGBM,218195,1,Infilteration,17,21,Fwd IAT Tot,3032368.0,-0.06918123664442065,0.06918123664442065,supports_benign
DISAGREE_10,lightgbm,LightGBM,218195,1,Infilteration,18,18,Flow IAT Std,695548.4137,-0.06526982674926292,0.06526982674926292,supports_benign
DISAGREE_10,lightgbm,LightGBM,218195,1,Infilteration,19,67,Init Bwd Win Byts,-1.0,0.06100350682509738,0.06100350682509738,supports_attack
DISAGREE_10,lightgbm,LightGBM,218195,1,Infilteration,20,11,Bwd Pkt Len Max,0.0,0.056485994004733676,0.056485994004733676,supports_attack
DISAGREE_10,lightgbm,LightGBM,218195,1,Infilteration,21,16,Flow Pkts/s,0.989325834,-0.051962341074497195,0.051962341074497195,supports_benign
DISAGREE_10,lightgbm,LightGBM,218195,1,Infilteration,22,51,ECE Flag Cnt,0.0,-0.04797315280017756,0.04797315280017756,supports_benign
DISAGREE_10,lightgbm,LightGBM,218195,1,Infilteration,23,40,Pkt Len Max,0.0,0.04020645394959247,0.04020645394959247,supports_attack
DISAGREE_10,lightgbm,LightGBM,218195,1,Infilteration,24,54,Fwd Seg Size Avg,0.0,0.03415263107391518,0.03415263107391518,supports_attack
DISAGREE_10,lightgbm,LightGBM,218195,1,Infilteration,25,46,RST Flag Cnt,0.0,-0.032114960932673006,0.032114960932673006,supports_benign
DISAGREE_10,lightgbm,LightGBM,218195,1,Infilteration,26,6,TotLen Bwd Pkts,0.0,0.030795037406196563,0.030795037406196563,supports_attack
DISAGREE_10,lightgbm,LightGBM,218195,1,Infilteration,27,43,Pkt Len Var,0.0,-0.028538927603971333,0.028538927603971333,supports_benign
DISAGREE_10,lightgbm,LightGBM,218195,1,Infilteration,28,23,Fwd IAT Std,695548.4137,0.02760173881586389,0.02760173881586389,supports_attack
DISAGREE_10,lightgbm,LightGBM,218195,1,Infilteration,29,35,Fwd Header Len,120.0,-0.024295633209337746,0.024295633209337746,supports_benign
DISAGREE_10,lightgbm,LightGBM,218195,1,Infilteration,30,76,Idle Max,0.0,-0.024005149881344067,0.024005149881344067,supports_benign
DISAGREE_10,lightgbm,LightGBM,218195,1,Infilteration,31,63,Subflow Fwd Byts,0.0,0.0222431029954578,0.0222431029954578,supports_attack
DISAGREE_10,lightgbm,LightGBM,218195,1,Infilteration,32,8,Fwd Pkt Len Min,0.0,0.021905346258904113,0.021905346258904113,supports_attack
DISAGREE_10,lightgbm,LightGBM,218195,1,Infilteration,33,9,Fwd Pkt Len Mean,0.0,-0.020970539312126175,0.020970539312126175,supports_benign
DISAGREE_10,lightgbm,LightGBM,218195,1,Infilteration,34,65,Subflow Bwd Byts,0.0,0.019650908382309693,0.019650908382309693,supports_attack
DISAGREE_10,lightgbm,LightGBM,218195,1,Infilteration,35,30,Bwd IAT Min,0.0,0.01799579693249992,0.01799579693249992,supports_attack
DISAGREE_10,lightgbm,LightGBM,218195,1,Infilteration,36,2,Flow Duration,3032368.0,0.017164034639530455,0.017164034639530455,supports_attack
DISAGREE_10,lightgbm,LightGBM,218195,1,Infilteration,37,14,Bwd Pkt Len Std,0.0,0.016380256435233415,0.016380256435233415,supports_attack
DISAGREE_10,lightgbm,LightGBM,218195,1,Infilteration,38,68,Fwd Act Data Pkts,0.0,0.016314394956942174,0.016314394956942174,supports_attack
DISAGREE_10,lightgbm,LightGBM,218195,1,Infilteration,39,64,Subflow Bwd Pkts,0.0,0.015366262444635343,0.015366262444635343,supports_attack
DISAGREE_10,lightgbm,LightGBM,218195,1,Infilteration,40,36,Bwd Header Len,0.0,0.014682241097198189,0.014682241097198189,supports_attack
DISAGREE_10,lightgbm,LightGBM,218195,1,Infilteration,41,48,ACK Flag Cnt,0.0,-0.014524057340358769,0.014524057340358769,supports_benign
DISAGREE_10,lightgbm,LightGBM,218195,1,Infilteration,42,41,Pkt Len Mean,0.0,-0.01410213612314124,0.01410213612314124,supports_benign
DISAGREE_10,lightgbm,LightGBM,218195,1,Infilteration,43,77,Idle Min,0.0,-0.012893361284014887,0.012893361284014887,supports_benign
DISAGREE_10,lightgbm,LightGBM,218195,1,Infilteration,44,42,Pkt Len Std,0.0,-0.012808105411447258,0.012808105411447258,supports_benign
DISAGREE_10,lightgbm,LightGBM,218195,1,Infilteration,45,26,Bwd IAT Tot,0.0,0.009983870498276533,0.009983870498276533,supports_attack
DISAGREE_10,lightgbm,LightGBM,218195,1,Infilteration,46,15,Flow Byts/s,0.0,-0.009232419567994588,0.009232419567994588,supports_benign
DISAGREE_10,lightgbm,LightGBM,218195,1,Infilteration,47,49,URG Flag Cnt,0.0,0.008328437929266885,0.008328437929266885,supports_attack
DISAGREE_10,lightgbm,LightGBM,218195,1,Infilteration,48,39,Pkt Len Min,0.0,0.00827409469804586,0.00827409469804586,supports_attack
DISAGREE_10,lightgbm,LightGBM,218195,1,Infilteration,49,47,PSH Flag Cnt,1.0,0.007984532858598209,0.007984532858598209,supports_attack
DISAGREE_10,lightgbm,LightGBM,218195,1,Infilteration,50,62,Subflow Fwd Pkts,3.0,-0.007137662577333597,0.007137662577333597,supports_benign
DISAGREE_10,lightgbm,LightGBM,218195,1,Infilteration,51,73,Active Min,0.0,0.006207597521976733,0.006207597521976733,supports_attack
DISAGREE_10,lightgbm,LightGBM,218195,1,Infilteration,52,3,Tot Fwd Pkts,3.0,-0.005027484962743064,0.005027484962743064,supports_benign
DISAGREE_10,lightgbm,LightGBM,218195,1,Infilteration,53,71,Active Std,0.0,0.004710747723135752,0.004710747723135752,supports_attack
DISAGREE_10,lightgbm,LightGBM,218195,1,Infilteration,54,70,Active Mean,0.0,-0.0037387136380308147,0.0037387136380308147,supports_benign
DISAGREE_10,lightgbm,LightGBM,218195,1,Infilteration,55,27,Bwd IAT Mean,0.0,-0.0037195104978625356,0.0037195104978625356,supports_benign
DISAGREE_10,lightgbm,LightGBM,218195,1,Infilteration,56,28,Bwd IAT Std,0.0,-0.0035711697525595836,0.0035711697525595836,supports_benign
DISAGREE_10,lightgbm,LightGBM,218195,1,Infilteration,57,31,Fwd PSH Flags,0.0,-0.0032813068020370426,0.0032813068020370426,supports_benign
DISAGREE_10,lightgbm,LightGBM,218195,1,Infilteration,58,29,Bwd IAT Max,0.0,0.0030571388020255623,0.0030571388020255623,supports_attack
DISAGREE_10,lightgbm,LightGBM,218195,1,Infilteration,59,5,TotLen Fwd Pkts,0.0,-0.0018942728867386773,0.0018942728867386773,supports_benign
DISAGREE_10,lightgbm,LightGBM,218195,1,Infilteration,60,12,Bwd Pkt Len Min,0.0,-0.0016662813545096054,0.0016662813545096054,supports_benign
DISAGREE_10,lightgbm,LightGBM,218195,1,Infilteration,61,74,Idle Mean,0.0,0.001302852079684134,0.001302852079684134,supports_attack
DISAGREE_10,lightgbm,LightGBM,218195,1,Infilteration,62,72,Active Max,0.0,0.0009017931688152782,0.0009017931688152782,supports_attack
DISAGREE_10,lightgbm,LightGBM,218195,1,Infilteration,63,75,Idle Std,0.0,-0.0005899649410940047,0.0005899649410940047,supports_benign
DISAGREE_10,lightgbm,LightGBM,218195,1,Infilteration,64,45,SYN Flag Cnt,0.0,-0.0005244592946509817,0.0005244592946509817,supports_benign
DISAGREE_10,lightgbm,LightGBM,218195,1,Infilteration,65,52,Down/Up Ratio,0.0,0.0002320735653722862,0.0002320735653722862,supports_attack
DISAGREE_10,lightgbm,LightGBM,218195,1,Infilteration,66,44,FIN Flag Cnt,0.0,-0.00021861821429872364,0.00021861821429872364,supports_benign
DISAGREE_10,lightgbm,LightGBM,218195,1,Infilteration,67,38,Bwd Pkts/s,0.0,0.00019301577121483082,0.00019301577121483082,supports_attack
DISAGREE_10,lightgbm,LightGBM,218195,1,Infilteration,68,33,Fwd URG Flags,0.0,-5.1466812345559565e-05,5.1466812345559565e-05,supports_benign
DISAGREE_10,lightgbm,LightGBM,218195,1,Infilteration,69,1,Protocol,6.0,0.0,0.0,supports_benign
DISAGREE_10,lightgbm,LightGBM,218195,1,Infilteration,70,32,Bwd PSH Flags,0.0,0.0,0.0,supports_benign
DISAGREE_10,lightgbm,LightGBM,218195,1,Infilteration,71,34,Bwd URG Flags,0.0,0.0,0.0,supports_benign
DISAGREE_10,lightgbm,LightGBM,218195,1,Infilteration,72,50,CWE Flag Count,0.0,0.0,0.0,supports_benign
DISAGREE_10,lightgbm,LightGBM,218195,1,Infilteration,73,56,Fwd Byts/b Avg,0.0,0.0,0.0,supports_benign
DISAGREE_10,lightgbm,LightGBM,218195,1,Infilteration,74,57,Fwd Pkts/b Avg,0.0,0.0,0.0,supports_benign
DISAGREE_10,lightgbm,LightGBM,218195,1,Infilteration,75,58,Fwd Blk Rate Avg,0.0,0.0,0.0,supports_benign
DISAGREE_10,lightgbm,LightGBM,218195,1,Infilteration,76,59,Bwd Byts/b Avg,0.0,0.0,0.0,supports_benign
DISAGREE_10,lightgbm,LightGBM,218195,1,Infilteration,77,60,Bwd Pkts/b Avg,0.0,0.0,0.0,supports_benign
DISAGREE_10,lightgbm,LightGBM,218195,1,Infilteration,78,61,Bwd Blk Rate Avg,0.0,0.0,0.0,supports_benign
DISAGREE_11,xgboost,XGBoost,22327,1,Infilteration,1,46,RST Flag Cnt,1.0,0.735022783279419,0.735022783279419,supports_attack
DISAGREE_11,xgboost,XGBoost,22327,1,Infilteration,2,66,Init Fwd Win Byts,8192.0,-0.53570157289505,0.53570157289505,supports_benign
DISAGREE_11,xgboost,XGBoost,22327,1,Infilteration,3,4,Tot Bwd Pkts,15.0,-0.3774902820587158,0.3774902820587158,supports_benign
DISAGREE_11,xgboost,XGBoost,22327,1,Infilteration,4,5,TotLen Fwd Pkts,2904.0,0.3149859309196472,0.3149859309196472,supports_attack
DISAGREE_11,xgboost,XGBoost,22327,1,Infilteration,5,7,Fwd Pkt Len Max,536.0,0.2988291084766388,0.2988291084766388,supports_attack
DISAGREE_11,xgboost,XGBoost,22327,1,Infilteration,6,69,Fwd Seg Size Min,20.0,-0.25558578968048096,0.25558578968048096,supports_benign
DISAGREE_11,xgboost,XGBoost,22327,1,Infilteration,7,13,Bwd Pkt Len Mean,215.1333333,-0.22486716508865356,0.22486716508865356,supports_benign
DISAGREE_11,xgboost,XGBoost,22327,1,Infilteration,8,9,Fwd Pkt Len Mean,242.0,0.2149195373058319,0.2149195373058319,supports_attack
DISAGREE_11,xgboost,XGBoost,22327,1,Infilteration,9,51,ECE Flag Cnt,1.0,0.18188202381134033,0.18188202381134033,supports_attack
DISAGREE_11,xgboost,XGBoost,22327,1,Infilteration,10,0,Dst Port,80.0,0.18126308917999268,0.18126308917999268,supports_attack
DISAGREE_11,xgboost,XGBoost,22327,1,Infilteration,11,19,Flow IAT Max,5526575.0,0.13735070824623108,0.13735070824623108,supports_attack
DISAGREE_11,xgboost,XGBoost,22327,1,Infilteration,12,23,Fwd IAT Std,1651323.47,0.13343176245689392,0.13343176245689392,supports_attack
DISAGREE_11,xgboost,XGBoost,22327,1,Infilteration,13,37,Fwd Pkts/s,1.928564989,-0.13195666670799255,0.13195666670799255,supports_benign
DISAGREE_11,xgboost,XGBoost,22327,1,Infilteration,14,67,Init Bwd Win Byts,19296.0,-0.12596938014030457,0.12596938014030457,supports_benign
DISAGREE_11,xgboost,XGBoost,22327,1,Infilteration,15,22,Fwd IAT Mean,565658.4545,-0.11185573041439056,0.11185573041439056,supports_benign
DISAGREE_11,xgboost,XGBoost,22327,1,Infilteration,16,25,Fwd IAT Min,2.0,0.1087125614285469,0.1087125614285469,supports_attack
DISAGREE_11,xgboost,XGBoost,22327,1,Infilteration,17,53,Pkt Size Avg,227.0740741,0.10854138433933258,0.10854138433933258,supports_attack
DISAGREE_11,xgboost,XGBoost,22327,1,Infilteration,18,68,Fwd Act Data Pkts,6.0,-0.10600471496582031,0.10600471496582031,supports_benign
DISAGREE_11,xgboost,XGBoost,22327,1,Infilteration,19,6,TotLen Bwd Pkts,3227.0,-0.09247062355279922,0.09247062355279922,supports_benign
DISAGREE_11,xgboost,XGBoost,22327,1,Infilteration,20,42,Pkt Len Std,252.4225561,0.08304417878389359,0.08304417878389359,supports_attack
DISAGREE_11,xgboost,XGBoost,22327,1,Infilteration,21,11,Bwd Pkt Len Max,535.0,-0.07641004770994186,0.07641004770994186,supports_benign
DISAGREE_11,xgboost,XGBoost,22327,1,Infilteration,22,20,Flow IAT Min,0.0,0.06895143538713455,0.06895143538713455,supports_attack
DISAGREE_11,xgboost,XGBoost,22327,1,Infilteration,23,35,Fwd Header Len,252.0,0.0663597583770752,0.0663597583770752,supports_attack
DISAGREE_11,xgboost,XGBoost,22327,1,Infilteration,24,16,Flow Pkts/s,4.339271224,-0.05982959270477295,0.05982959270477295,supports_benign
DISAGREE_11,xgboost,XGBoost,22327,1,Infilteration,25,3,Tot Fwd Pkts,12.0,0.05453377589583397,0.05453377589583397,supports_attack
DISAGREE_11,xgboost,XGBoost,22327,1,Infilteration,26,15,Flow Byts/s,985.3359954,0.05209076404571533,0.05209076404571533,supports_attack
DISAGREE_11,xgboost,XGBoost,22327,1,Infilteration,27,17,Flow IAT Mean,239317.0385,-0.05171111598610878,0.05171111598610878,supports_benign
DISAGREE_11,xgboost,XGBoost,22327,1,Infilteration,28,18,Flow IAT Std,1082492.294,-0.04972221329808235,0.04972221329808235,supports_benign
DISAGREE_11,xgboost,XGBoost,22327,1,Infilteration,29,40,Pkt Len Max,536.0,0.043414633721113205,0.043414633721113205,supports_attack
DISAGREE_11,xgboost,XGBoost,22327,1,Infilteration,30,10,Fwd Pkt Len Std,258.5585919,0.04150477051734924,0.04150477051734924,supports_attack
DISAGREE_11,xgboost,XGBoost,22327,1,Infilteration,31,24,Fwd IAT Max,5526575.0,-0.038572046905756,0.038572046905756,supports_benign
DISAGREE_11,xgboost,XGBoost,22327,1,Infilteration,32,77,Idle Min,0.0,-0.036054402589797974,0.036054402589797974,supports_benign
DISAGREE_11,xgboost,XGBoost,22327,1,Infilteration,33,41,Pkt Len Mean,218.9642857,0.03557499498128891,0.03557499498128891,supports_attack
DISAGREE_11,xgboost,XGBoost,22327,1,Infilteration,34,38,Bwd Pkts/s,2.410706236,-0.033434558659791946,0.033434558659791946,supports_benign
DISAGREE_11,xgboost,XGBoost,22327,1,Infilteration,35,26,Bwd IAT Tot,684319.0,0.03332437574863434,0.03332437574863434,supports_attack
DISAGREE_11,xgboost,XGBoost,22327,1,Infilteration,36,76,Idle Max,0.0,0.03182462975382805,0.03182462975382805,supports_attack
DISAGREE_11,xgboost,XGBoost,22327,1,Infilteration,37,63,Subflow Fwd Byts,2904.0,0.031405434012413025,0.031405434012413025,supports_attack
DISAGREE_11,xgboost,XGBoost,22327,1,Infilteration,38,54,Fwd Seg Size Avg,242.0,0.029990999028086662,0.029990999028086662,supports_attack
DISAGREE_11,xgboost,XGBoost,22327,1,Infilteration,39,75,Idle Std,0.0,-0.02729058638215065,0.02729058638215065,supports_benign
DISAGREE_11,xgboost,XGBoost,22327,1,Infilteration,40,14,Bwd Pkt Len Std,257.7999963,-0.02694780007004738,0.02694780007004738,supports_benign
DISAGREE_11,xgboost,XGBoost,22327,1,Infilteration,41,43,Pkt Len Var,63717.14683,0.025308530777692795,0.025308530777692795,supports_attack
DISAGREE_11,xgboost,XGBoost,22327,1,Infilteration,42,52,Down/Up Ratio,1.0,0.02496272139251232,0.02496272139251232,supports_attack
DISAGREE_11,xgboost,XGBoost,22327,1,Infilteration,43,36,Bwd Header Len,304.0,0.02326803095638752,0.02326803095638752,supports_attack
DISAGREE_11,xgboost,XGBoost,22327,1,Infilteration,44,2,Flow Duration,6222243.0,-0.022684283554553986,0.022684283554553986,supports_benign
DISAGREE_11,xgboost,XGBoost,22327,1,Infilteration,45,47,PSH Flag Cnt,1.0,-0.021726323291659355,0.021726323291659355,supports_benign
DISAGREE_11,xgboost,XGBoost,22327,1,Infilteration,46,64,Subflow Bwd Pkts,15.0,-0.020367547869682312,0.020367547869682312,supports_benign
DISAGREE_11,xgboost,XGBoost,22327,1,Infilteration,47,29,Bwd IAT Max,483757.0,0.01865098439157009,0.01865098439157009,supports_attack
DISAGREE_11,xgboost,XGBoost,22327,1,Infilteration,48,28,Bwd IAT Std,129665.1496,0.01791691593825817,0.01791691593825817,supports_attack
DISAGREE_11,xgboost,XGBoost,22327,1,Infilteration,49,8,Fwd Pkt Len Min,0.0,0.01481044664978981,0.01481044664978981,supports_attack
DISAGREE_11,xgboost,XGBoost,22327,1,Infilteration,50,27,Bwd IAT Mean,48879.92857,0.014193111099302769,0.014193111099302769,supports_attack
DISAGREE_11,xgboost,XGBoost,22327,1,Infilteration,51,30,Bwd IAT Min,0.0,-0.012300007976591587,0.012300007976591587,supports_benign
DISAGREE_11,xgboost,XGBoost,22327,1,Infilteration,52,72,Active Max,0.0,0.011520519852638245,0.011520519852638245,supports_attack
DISAGREE_11,xgboost,XGBoost,22327,1,Infilteration,53,74,Idle Mean,0.0,0.010415442287921906,0.010415442287921906,supports_attack
DISAGREE_11,xgboost,XGBoost,22327,1,Infilteration,54,55,Bwd Seg Size Avg,215.1333333,-0.009673227556049824,0.009673227556049824,supports_benign
DISAGREE_11,xgboost,XGBoost,22327,1,Infilteration,55,70,Active Mean,0.0,0.008816096000373363,0.008816096000373363,supports_attack
DISAGREE_11,xgboost,XGBoost,22327,1,Infilteration,56,31,Fwd PSH Flags,0.0,-0.007319132797420025,0.007319132797420025,supports_benign
DISAGREE_11,xgboost,XGBoost,22327,1,Infilteration,57,12,Bwd Pkt Len Min,0.0,-0.005908660124987364,0.005908660124987364,supports_benign
DISAGREE_11,xgboost,XGBoost,22327,1,Infilteration,58,39,Pkt Len Min,0.0,-0.005566759966313839,0.005566759966313839,supports_benign
DISAGREE_11,xgboost,XGBoost,22327,1,Infilteration,59,21,Fwd IAT Tot,6222243.0,-0.005209481809288263,0.005209481809288263,supports_benign
DISAGREE_11,xgboost,XGBoost,22327,1,Infilteration,60,65,Subflow Bwd Byts,3227.0,0.004115744959563017,0.004115744959563017,supports_attack
DISAGREE_11,xgboost,XGBoost,22327,1,Infilteration,61,44,FIN Flag Cnt,0.0,-0.0023866950068622828,0.0023866950068622828,supports_benign
DISAGREE_11,xgboost,XGBoost,22327,1,Infilteration,62,62,Subflow Fwd Pkts,12.0,-0.0023816104512661695,0.0023816104512661695,supports_benign
DISAGREE_11,xgboost,XGBoost,22327,1,Infilteration,63,49,URG Flag Cnt,0.0,0.002283648354932666,0.002283648354932666,supports_attack
DISAGREE_11,xgboost,XGBoost,22327,1,Infilteration,64,48,ACK Flag Cnt,0.0,0.0018915310502052307,0.0018915310502052307,supports_attack
DISAGREE_11,xgboost,XGBoost,22327,1,Infilteration,65,71,Active Std,0.0,-0.0015992758562788367,0.0015992758562788367,supports_benign
DISAGREE_11,xgboost,XGBoost,22327,1,Infilteration,66,73,Active Min,0.0,-0.0014441754901781678,0.0014441754901781678,supports_benign
DISAGREE_11,xgboost,XGBoost,22327,1,Infilteration,67,1,Protocol,6.0,0.0009389416663907468,0.0009389416663907468,supports_attack
DISAGREE_11,xgboost,XGBoost,22327,1,Infilteration,68,45,SYN Flag Cnt,0.0,-0.00039290651329793036,0.00039290651329793036,supports_benign
DISAGREE_11,xgboost,XGBoost,22327,1,Infilteration,69,33,Fwd URG Flags,0.0,-0.0001788924855645746,0.0001788924855645746,supports_benign
DISAGREE_11,xgboost,XGBoost,22327,1,Infilteration,70,32,Bwd PSH Flags,0.0,0.0,0.0,supports_benign
DISAGREE_11,xgboost,XGBoost,22327,1,Infilteration,71,34,Bwd URG Flags,0.0,0.0,0.0,supports_benign
DISAGREE_11,xgboost,XGBoost,22327,1,Infilteration,72,50,CWE Flag Count,0.0,0.0,0.0,supports_benign
DISAGREE_11,xgboost,XGBoost,22327,1,Infilteration,73,56,Fwd Byts/b Avg,0.0,0.0,0.0,supports_benign
DISAGREE_11,xgboost,XGBoost,22327,1,Infilteration,74,57,Fwd Pkts/b Avg,0.0,0.0,0.0,supports_benign
DISAGREE_11,xgboost,XGBoost,22327,1,Infilteration,75,58,Fwd Blk Rate Avg,0.0,0.0,0.0,supports_benign
DISAGREE_11,xgboost,XGBoost,22327,1,Infilteration,76,59,Bwd Byts/b Avg,0.0,0.0,0.0,supports_benign
DISAGREE_11,xgboost,XGBoost,22327,1,Infilteration,77,60,Bwd Pkts/b Avg,0.0,0.0,0.0,supports_benign
DISAGREE_11,xgboost,XGBoost,22327,1,Infilteration,78,61,Bwd Blk Rate Avg,0.0,0.0,0.0,supports_benign
DISAGREE_11,lightgbm,LightGBM,22327,1,Infilteration,1,66,Init Fwd Win Byts,8192.0,-0.8530571519499595,0.8530571519499595,supports_benign
DISAGREE_11,lightgbm,LightGBM,22327,1,Infilteration,2,46,RST Flag Cnt,1.0,0.5319034286325508,0.5319034286325508,supports_attack
DISAGREE_11,lightgbm,LightGBM,22327,1,Infilteration,3,51,ECE Flag Cnt,1.0,0.5060516541784092,0.5060516541784092,supports_attack
DISAGREE_11,lightgbm,LightGBM,22327,1,Infilteration,4,69,Fwd Seg Size Min,20.0,-0.47078976179453363,0.47078976179453363,supports_benign
DISAGREE_11,lightgbm,LightGBM,22327,1,Infilteration,5,10,Fwd Pkt Len Std,258.5585919,0.454623666895223,0.454623666895223,supports_attack
DISAGREE_11,lightgbm,LightGBM,22327,1,Infilteration,6,7,Fwd Pkt Len Max,536.0,0.4164644253657901,0.4164644253657901,supports_attack
DISAGREE_11,lightgbm,LightGBM,22327,1,Infilteration,7,64,Subflow Bwd Pkts,15.0,-0.4061728208073016,0.4061728208073016,supports_benign
DISAGREE_11,lightgbm,LightGBM,22327,1,Infilteration,8,63,Subflow Fwd Byts,2904.0,0.2784641563810013,0.2784641563810013,supports_attack
DISAGREE_11,lightgbm,LightGBM,22327,1,Infilteration,9,6,TotLen Bwd Pkts,3227.0,-0.22445640144932205,0.22445640144932205,supports_benign
DISAGREE_11,lightgbm,LightGBM,22327,1,Infilteration,10,13,Bwd Pkt Len Mean,215.1333333,-0.21989834203682612,0.21989834203682612,supports_benign
DISAGREE_11,lightgbm,LightGBM,22327,1,Infilteration,11,65,Subflow Bwd Byts,3227.0,-0.20980422677148308,0.20980422677148308,supports_benign
DISAGREE_11,lightgbm,LightGBM,22327,1,Infilteration,12,67,Init Bwd Win Byts,19296.0,-0.1990406888538154,0.1990406888538154,supports_benign
DISAGREE_11,lightgbm,LightGBM,22327,1,Infilteration,13,37,Fwd Pkts/s,1.928564989,-0.18917458498560452,0.18917458498560452,supports_benign
DISAGREE_11,lightgbm,LightGBM,22327,1,Infilteration,14,19,Flow IAT Max,5526575.0,0.1549420328803985,0.1549420328803985,supports_attack
DISAGREE_11,lightgbm,LightGBM,22327,1,Infilteration,15,22,Fwd IAT Mean,565658.4545,-0.13295863101242106,0.13295863101242106,supports_benign
DISAGREE_11,lightgbm,LightGBM,22327,1,Infilteration,16,68,Fwd Act Data Pkts,6.0,-0.12524828238851365,0.12524828238851365,supports_benign
DISAGREE_11,lightgbm,LightGBM,22327,1,Infilteration,17,54,Fwd Seg Size Avg,242.0,-0.10882728738227214,0.10882728738227214,supports_benign
DISAGREE_11,lightgbm,LightGBM,22327,1,Infilteration,18,28,Bwd IAT Std,129665.1496,-0.10519229851990954,0.10519229851990954,supports_benign
DISAGREE_11,lightgbm,LightGBM,22327,1,Infilteration,19,20,Flow IAT Min,0.0,-0.1017339727390692,0.1017339727390692,supports_benign
DISAGREE_11,lightgbm,LightGBM,22327,1,Infilteration,20,16,Flow Pkts/s,4.339271224,-0.09653779989149086,0.09653779989149086,supports_benign
DISAGREE_11,lightgbm,LightGBM,22327,1,Infilteration,21,23,Fwd IAT Std,1651323.47,0.0959341542880115,0.0959341542880115,supports_attack
DISAGREE_11,lightgbm,LightGBM,22327,1,Infilteration,22,0,Dst Port,80.0,-0.09551417061009272,0.09551417061009272,supports_benign
DISAGREE_11,lightgbm,LightGBM,22327,1,Infilteration,23,4,Tot Bwd Pkts,15.0,-0.07683429474588396,0.07683429474588396,supports_benign
DISAGREE_11,lightgbm,LightGBM,22327,1,Infilteration,24,55,Bwd Seg Size Avg,215.1333333,-0.07471165386778096,0.07471165386778096,supports_benign
DISAGREE_11,lightgbm,LightGBM,22327,1,Infilteration,25,15,Flow Byts/s,985.3359954,0.06680231969749126,0.06680231969749126,supports_attack
DISAGREE_11,lightgbm,LightGBM,22327,1,Infilteration,26,41,Pkt Len Mean,218.9642857,0.06659703508061345,0.06659703508061345,supports_attack
DISAGREE_11,lightgbm,LightGBM,22327,1,Infilteration,27,53,Pkt Size Avg,227.0740741,0.06456631852519802,0.06456631852519802,supports_attack
DISAGREE_11,lightgbm,LightGBM,22327,1,Infilteration,28,9,Fwd Pkt Len Mean,242.0,-0.06377562302421608,0.06377562302421608,supports_benign
DISAGREE_11,lightgbm,LightGBM,22327,1,Infilteration,29,17,Flow IAT Mean,239317.0385,-0.06271193969660589,0.06271193969660589,supports_benign
DISAGREE_11,lightgbm,LightGBM,22327,1,Infilteration,30,30,Bwd IAT Min,0.0,0.06029326470366198,0.06029326470366198,supports_attack
DISAGREE_11,lightgbm,LightGBM,22327,1,Infilteration,31,35,Fwd Header Len,252.0,0.055020655190105516,0.055020655190105516,supports_attack
DISAGREE_11,lightgbm,LightGBM,22327,1,Infilteration,32,25,Fwd IAT Min,2.0,-0.05359841703198814,0.05359841703198814,supports_benign
DISAGREE_11,lightgbm,LightGBM,22327,1,Infilteration,33,76,Idle Max,0.0,-0.04512393326444942,0.04512393326444942,supports_benign
DISAGREE_11,lightgbm,LightGBM,22327,1,Infilteration,34,29,Bwd IAT Max,483757.0,0.04160001445658152,0.04160001445658152,supports_attack
DISAGREE_11,lightgbm,LightGBM,22327,1,Infilteration,35,27,Bwd IAT Mean,48879.92857,0.035323380759421624,0.035323380759421624,supports_attack
DISAGREE_11,lightgbm,LightGBM,22327,1,Infilteration,36,11,Bwd Pkt Len Max,535.0,-0.033619554757726926,0.033619554757726926,supports_benign
DISAGREE_11,lightgbm,LightGBM,22327,1,Infilteration,37,40,Pkt Len Max,536.0,0.025155744387975156,0.025155744387975156,supports_attack
DISAGREE_11,lightgbm,LightGBM,22327,1,Infilteration,38,38,Bwd Pkts/s,2.410706236,-0.01978312606108808,0.01978312606108808,supports_benign
DISAGREE_11,lightgbm,LightGBM,22327,1,Infilteration,39,62,Subflow Fwd Pkts,12.0,0.019279920714059727,0.019279920714059727,supports_attack
DISAGREE_11,lightgbm,LightGBM,22327,1,Infilteration,40,2,Flow Duration,6222243.0,-0.018439555403735253,0.018439555403735253,supports_benign
DISAGREE_11,lightgbm,LightGBM,22327,1,Infilteration,41,36,Bwd Header Len,304.0,-0.01810026044887657,0.01810026044887657,supports_benign
DISAGREE_11,lightgbm,LightGBM,22327,1,Infilteration,42,5,TotLen Fwd Pkts,2904.0,0.01744086215122381,0.01744086215122381,supports_attack
DISAGREE_11,lightgbm,LightGBM,22327,1,Infilteration,43,24,Fwd IAT Max,5526575.0,-0.015295684956801356,0.015295684956801356,supports_benign
DISAGREE_11,lightgbm,LightGBM,22327,1,Infilteration,44,77,Idle Min,0.0,-0.015160491727229771,0.015160491727229771,supports_benign
DISAGREE_11,lightgbm,LightGBM,22327,1,Infilteration,45,3,Tot Fwd Pkts,12.0,0.010796144726888472,0.010796144726888472,supports_attack
DISAGREE_11,lightgbm,LightGBM,22327,1,Infilteration,46,48,ACK Flag Cnt,0.0,0.010194449455148783,0.010194449455148783,supports_attack
DISAGREE_11,lightgbm,LightGBM,22327,1,Infilteration,47,75,Idle Std,0.0,-0.008499503975183842,0.008499503975183842,supports_benign
DISAGREE_11,lightgbm,LightGBM,22327,1,Infilteration,48,73,Active Min,0.0,0.008441656534461455,0.008441656534461455,supports_attack
DISAGREE_11,lightgbm,LightGBM,22327,1,Infilteration,49,14,Bwd Pkt Len Std,257.7999963,0.008007689118425185,0.008007689118425185,supports_attack
DISAGREE_11,lightgbm,LightGBM,22327,1,Infilteration,50,71,Active Std,0.0,0.00797186430328591,0.00797186430328591,supports_attack
DISAGREE_11,lightgbm,LightGBM,22327,1,Infilteration,51,26,Bwd IAT Tot,684319.0,0.006745379996447595,0.006745379996447595,supports_attack
DISAGREE_11,lightgbm,LightGBM,22327,1,Infilteration,52,21,Fwd IAT Tot,6222243.0,0.006452245287613412,0.006452245287613412,supports_attack
DISAGREE_11,lightgbm,LightGBM,22327,1,Infilteration,53,72,Active Max,0.0,-0.0064136295603723185,0.0064136295603723185,supports_benign
DISAGREE_11,lightgbm,LightGBM,22327,1,Infilteration,54,8,Fwd Pkt Len Min,0.0,0.006390802193696906,0.006390802193696906,supports_attack
DISAGREE_11,lightgbm,LightGBM,22327,1,Infilteration,55,43,Pkt Len Var,63717.14683,-0.005509006393447752,0.005509006393447752,supports_benign
DISAGREE_11,lightgbm,LightGBM,22327,1,Infilteration,56,42,Pkt Len Std,252.4225561,-0.004311669820254166,0.004311669820254166,supports_benign
DISAGREE_11,lightgbm,LightGBM,22327,1,Infilteration,57,39,Pkt Len Min,0.0,-0.004132228246277586,0.004132228246277586,supports_benign
DISAGREE_11,lightgbm,LightGBM,22327,1,Infilteration,58,47,PSH Flag Cnt,1.0,-0.004055165922985902,0.004055165922985902,supports_benign
DISAGREE_11,lightgbm,LightGBM,22327,1,Infilteration,59,52,Down/Up Ratio,1.0,-0.003900032062591474,0.003900032062591474,supports_benign
DISAGREE_11,lightgbm,LightGBM,22327,1,Infilteration,60,74,Idle Mean,0.0,-0.0037715745867527087,0.0037715745867527087,supports_benign
DISAGREE_11,lightgbm,LightGBM,22327,1,Infilteration,61,12,Bwd Pkt Len Min,0.0,-0.003417050179794963,0.003417050179794963,supports_benign
DISAGREE_11,lightgbm,LightGBM,22327,1,Infilteration,62,31,Fwd PSH Flags,0.0,-0.0033946522370656347,0.0033946522370656347,supports_benign
DISAGREE_11,lightgbm,LightGBM,22327,1,Infilteration,63,70,Active Mean,0.0,0.0031716905957456403,0.0031716905957456403,supports_attack
DISAGREE_11,lightgbm,LightGBM,22327,1,Infilteration,64,49,URG Flag Cnt,0.0,0.003137609921447962,0.003137609921447962,supports_attack
DISAGREE_11,lightgbm,LightGBM,22327,1,Infilteration,65,18,Flow IAT Std,1082492.294,-0.0025944035827161647,0.0025944035827161647,supports_benign
DISAGREE_11,lightgbm,LightGBM,22327,1,Infilteration,66,45,SYN Flag Cnt,0.0,-0.002564958688374252,0.002564958688374252,supports_benign
DISAGREE_11,lightgbm,LightGBM,22327,1,Infilteration,67,44,FIN Flag Cnt,0.0,-0.00036155241275367625,0.00036155241275367625,supports_benign
DISAGREE_11,lightgbm,LightGBM,22327,1,Infilteration,68,33,Fwd URG Flags,0.0,-9.927716871941122e-06,9.927716871941122e-06,supports_benign
DISAGREE_11,lightgbm,LightGBM,22327,1,Infilteration,69,1,Protocol,6.0,0.0,0.0,supports_benign
DISAGREE_11,lightgbm,LightGBM,22327,1,Infilteration,70,32,Bwd PSH Flags,0.0,0.0,0.0,supports_benign
DISAGREE_11,lightgbm,LightGBM,22327,1,Infilteration,71,34,Bwd URG Flags,0.0,0.0,0.0,supports_benign
DISAGREE_11,lightgbm,LightGBM,22327,1,Infilteration,72,50,CWE Flag Count,0.0,0.0,0.0,supports_benign
DISAGREE_11,lightgbm,LightGBM,22327,1,Infilteration,73,56,Fwd Byts/b Avg,0.0,0.0,0.0,supports_benign
DISAGREE_11,lightgbm,LightGBM,22327,1,Infilteration,74,57,Fwd Pkts/b Avg,0.0,0.0,0.0,supports_benign
DISAGREE_11,lightgbm,LightGBM,22327,1,Infilteration,75,58,Fwd Blk Rate Avg,0.0,0.0,0.0,supports_benign
DISAGREE_11,lightgbm,LightGBM,22327,1,Infilteration,76,59,Bwd Byts/b Avg,0.0,0.0,0.0,supports_benign
DISAGREE_11,lightgbm,LightGBM,22327,1,Infilteration,77,60,Bwd Pkts/b Avg,0.0,0.0,0.0,supports_benign
DISAGREE_11,lightgbm,LightGBM,22327,1,Infilteration,78,61,Bwd Blk Rate Avg,0.0,0.0,0.0,supports_benign
DISAGREE_12,xgboost,XGBoost,207990,1,Infilteration,1,46,RST Flag Cnt,1.0,0.9881187677383423,0.9881187677383423,supports_attack
DISAGREE_12,xgboost,XGBoost,207990,1,Infilteration,2,11,Bwd Pkt Len Max,1460.0,-0.7444115877151489,0.7444115877151489,supports_benign
DISAGREE_12,xgboost,XGBoost,207990,1,Infilteration,3,77,Idle Min,58000000.0,0.6909158825874329,0.6909158825874329,supports_attack
DISAGREE_12,xgboost,XGBoost,207990,1,Infilteration,4,0,Dst Port,443.0,-0.6054620146751404,0.6054620146751404,supports_benign
DISAGREE_12,xgboost,XGBoost,207990,1,Infilteration,5,51,ECE Flag Cnt,1.0,0.4136396646499634,0.4136396646499634,supports_attack
DISAGREE_12,xgboost,XGBoost,207990,1,Infilteration,6,29,Bwd IAT Max,58800000.0,0.3038959801197052,0.3038959801197052,supports_attack
DISAGREE_12,xgboost,XGBoost,207990,1,Infilteration,7,13,Bwd Pkt Len Mean,589.2307692,-0.3006603717803955,0.3006603717803955,supports_benign
DISAGREE_12,xgboost,XGBoost,207990,1,Infilteration,8,4,Tot Bwd Pkts,13.0,-0.24788028001785278,0.24788028001785278,supports_benign
DISAGREE_12,xgboost,XGBoost,207990,1,Infilteration,9,26,Bwd IAT Tot,117000000.0,0.20611275732517242,0.20611275732517242,supports_attack
DISAGREE_12,xgboost,XGBoost,207990,1,Infilteration,10,69,Fwd Seg Size Min,20.0,-0.18298442661762238,0.18298442661762238,supports_benign
DISAGREE_12,xgboost,XGBoost,207990,1,Infilteration,11,74,Idle Mean,58400000.0,-0.16935467720031738,0.16935467720031738,supports_benign
DISAGREE_12,xgboost,XGBoost,207990,1,Infilteration,12,28,Bwd IAT Std,22700000.0,0.12057498842477798,0.12057498842477798,supports_attack
DISAGREE_12,xgboost,XGBoost,207990,1,Infilteration,13,22,Fwd IAT Mean,10600000.0,-0.12006992846727371,0.12006992846727371,supports_benign
DISAGREE_12,xgboost,XGBoost,207990,1,Infilteration,14,67,Init Bwd Win Byts,62.0,0.11794335395097733,0.11794335395097733,supports_attack
DISAGREE_12,xgboost,XGBoost,207990,1,Infilteration,15,37,Fwd Pkts/s,0.102450445,-0.11512453109025955,0.11512453109025955,supports_benign
DISAGREE_12,xgboost,XGBoost,207990,1,Infilteration,16,27,Bwd IAT Mean,9755652.667,0.1040332019329071,0.1040332019329071,supports_attack
DISAGREE_12,xgboost,XGBoost,207990,1,Infilteration,17,21,Fwd IAT Tot,117000000.0,-0.10349603742361069,0.10349603742361069,supports_benign
DISAGREE_12,xgboost,XGBoost,207990,1,Infilteration,18,68,Fwd Act Data Pkts,6.0,-0.10165639966726303,0.10165639966726303,supports_benign
DISAGREE_12,xgboost,XGBoost,207990,1,Infilteration,19,42,Pkt Len Std,566.9737167,0.09808097034692764,0.09808097034692764,supports_attack
DISAGREE_12,xgboost,XGBoost,207990,1,Infilteration,20,40,Pkt Len Max,1460.0,-0.09283424913883209,0.09283424913883209,supports_benign
DISAGREE_12,xgboost,XGBoost,207990,1,Infilteration,21,20,Flow IAT Min,3.0,0.08899685740470886,0.08899685740470886,supports_attack
DISAGREE_12,xgboost,XGBoost,207990,1,Infilteration,22,18,Flow IAT Std,16500000.0,-0.08542609959840775,0.08542609959840775,supports_benign
DISAGREE_12,xgboost,XGBoost,207990,1,Infilteration,23,25,Fwd IAT Min,50.0,-0.08531394600868225,0.08531394600868225,supports_benign
DISAGREE_12,xgboost,XGBoost,207990,1,Infilteration,24,38,Bwd Pkts/s,0.110987982,-0.0827876403927803,0.0827876403927803,supports_benign
DISAGREE_12,xgboost,XGBoost,207990,1,Infilteration,25,53,Pkt Size Avg,330.04,0.08075084537267685,0.08075084537267685,supports_attack
DISAGREE_12,xgboost,XGBoost,207990,1,Infilteration,26,17,Flow IAT Mean,4880408.292,-0.07515422999858856,0.07515422999858856,supports_benign
DISAGREE_12,xgboost,XGBoost,207990,1,Infilteration,27,24,Fwd IAT Max,58800000.0,-0.06884153932332993,0.06884153932332993,supports_benign
DISAGREE_12,xgboost,XGBoost,207990,1,Infilteration,28,75,Idle Std,529592.5735,-0.06619305908679962,0.06619305908679962,supports_benign
DISAGREE_12,xgboost,XGBoost,207990,1,Infilteration,29,7,Fwd Pkt Len Max,191.0,-0.06582033634185791,0.06582033634185791,supports_benign
DISAGREE_12,xgboost,XGBoost,207990,1,Infilteration,30,70,Active Mean,114031.5,0.05235665291547775,0.05235665291547775,supports_attack
DISAGREE_12,xgboost,XGBoost,207990,1,Infilteration,31,6,TotLen Bwd Pkts,7660.0,0.04684564098715782,0.04684564098715782,supports_attack
DISAGREE_12,xgboost,XGBoost,207990,1,Infilteration,32,16,Flow Pkts/s,0.213438427,-0.04167508706450462,0.04167508706450462,supports_benign
DISAGREE_12,xgboost,XGBoost,207990,1,Infilteration,33,15,Flow Byts/s,70.4432183,-0.040332842618227005,0.040332842618227005,supports_benign
DISAGREE_12,xgboost,XGBoost,207990,1,Infilteration,34,14,Bwd Pkt Len Std,710.5901484,-0.0390825979411602,0.0390825979411602,supports_benign
DISAGREE_12,xgboost,XGBoost,207990,1,Infilteration,35,10,Fwd Pkt Len Std,69.43162104,-0.03794044628739357,0.03794044628739357,supports_benign
DISAGREE_12,xgboost,XGBoost,207990,1,Infilteration,36,41,Pkt Len Mean,317.3461538,-0.034769073128700256,0.034769073128700256,supports_benign
DISAGREE_12,xgboost,XGBoost,207990,1,Infilteration,37,3,Tot Fwd Pkts,12.0,0.03248729556798935,0.03248729556798935,supports_attack
DISAGREE_12,xgboost,XGBoost,207990,1,Infilteration,38,76,Idle Max,58800000.0,-0.028234194964170456,0.028234194964170456,supports_benign
DISAGREE_12,xgboost,XGBoost,207990,1,Infilteration,39,35,Fwd Header Len,252.0,0.02768673561513424,0.02768673561513424,supports_attack
DISAGREE_12,xgboost,XGBoost,207990,1,Infilteration,40,52,Down/Up Ratio,1.0,-0.026504024863243103,0.026504024863243103,supports_benign
DISAGREE_12,xgboost,XGBoost,207990,1,Infilteration,41,47,PSH Flag Cnt,1.0,-0.0237283892929554,0.0237283892929554,supports_benign
DISAGREE_12,xgboost,XGBoost,207990,1,Infilteration,42,9,Fwd Pkt Len Mean,49.25,-0.02359464205801487,0.02359464205801487,supports_benign
DISAGREE_12,xgboost,XGBoost,207990,1,Infilteration,43,30,Bwd IAT Min,9.0,0.02200273424386978,0.02200273424386978,supports_attack
DISAGREE_12,xgboost,XGBoost,207990,1,Infilteration,44,63,Subflow Fwd Byts,591.0,-0.02168765664100647,0.02168765664100647,supports_benign
DISAGREE_12,xgboost,XGBoost,207990,1,Infilteration,45,31,Fwd PSH Flags,0.0,-0.019707823172211647,0.019707823172211647,supports_benign
DISAGREE_12,xgboost,XGBoost,207990,1,Infilteration,46,8,Fwd Pkt Len Min,0.0,0.01836147904396057,0.01836147904396057,supports_attack
DISAGREE_12,xgboost,XGBoost,207990,1,Infilteration,47,73,Active Min,62178.0,-0.01796693541109562,0.01796693541109562,supports_benign
DISAGREE_12,xgboost,XGBoost,207990,1,Infilteration,48,2,Flow Duration,117129799.0,-0.016039405018091202,0.016039405018091202,supports_benign
DISAGREE_12,xgboost,XGBoost,207990,1,Infilteration,49,12,Bwd Pkt Len Min,0.0,-0.01457955501973629,0.01457955501973629,supports_benign
DISAGREE_12,xgboost,XGBoost,207990,1,Infilteration,50,64,Subflow Bwd Pkts,13.0,-0.014492373913526535,0.014492373913526535,supports_benign
DISAGREE_12,xgboost,XGBoost,207990,1,Infilteration,51,54,Fwd Seg Size Avg,49.25,-0.012358881533145905,0.012358881533145905,supports_benign
DISAGREE_12,xgboost,XGBoost,207990,1,Infilteration,52,72,Active Max,165885.0,0.011605003848671913,0.011605003848671913,supports_attack
DISAGREE_12,xgboost,XGBoost,207990,1,Infilteration,53,66,Init Fwd Win Byts,8192.0,0.010876117274165154,0.010876117274165154,supports_attack
DISAGREE_12,xgboost,XGBoost,207990,1,Infilteration,54,43,Pkt Len Var,321459.1954,0.00928149651736021,0.00928149651736021,supports_attack
DISAGREE_12,xgboost,XGBoost,207990,1,Infilteration,55,71,Active Std,73331.92296,0.009014660492539406,0.009014660492539406,supports_attack
DISAGREE_12,xgboost,XGBoost,207990,1,Infilteration,56,39,Pkt Len Min,0.0,-0.00835172738879919,0.00835172738879919,supports_benign
DISAGREE_12,xgboost,XGBoost,207990,1,Infilteration,57,55,Bwd Seg Size Avg,589.2307692,-0.008101941086351871,0.008101941086351871,supports_benign
DISAGREE_12,xgboost,XGBoost,207990,1,Infilteration,58,65,Subflow Bwd Byts,7660.0,0.0045472863130271435,0.0045472863130271435,supports_attack
DISAGREE_12,xgboost,XGBoost,207990,1,Infilteration,59,23,Fwd IAT Std,23600000.0,0.004339330364018679,0.004339330364018679,supports_attack
DISAGREE_12,xgboost,XGBoost,207990,1,Infilteration,60,36,Bwd Header Len,272.0,-0.002948352601379156,0.002948352601379156,supports_benign
DISAGREE_12,xgboost,XGBoost,207990,1,Infilteration,61,45,SYN Flag Cnt,0.0,-0.002897010650485754,0.002897010650485754,supports_benign
DISAGREE_12,xgboost,XGBoost,207990,1,Infilteration,62,44,FIN Flag Cnt,0.0,-0.0027074813842773438,0.0027074813842773438,supports_benign
DISAGREE_12,xgboost,XGBoost,207990,1,Infilteration,63,5,TotLen Fwd Pkts,591.0,0.002670888090506196,0.002670888090506196,supports_attack
DISAGREE_12,xgboost,XGBoost,207990,1,Infilteration,64,19,Flow IAT Max,58800000.0,-0.0025028379168361425,0.0025028379168361425,supports_benign
DISAGREE_12,xgboost,XGBoost,207990,1,Infilteration,65,49,URG Flag Cnt,0.0,0.0018958819564431906,0.0018958819564431906,supports_attack
DISAGREE_12,xgboost,XGBoost,207990,1,Infilteration,66,1,Protocol,6.0,0.001169824623502791,0.001169824623502791,supports_attack
DISAGREE_12,xgboost,XGBoost,207990,1,Infilteration,67,62,Subflow Fwd Pkts,12.0,-0.0008404823602177203,0.0008404823602177203,supports_benign
DISAGREE_12,xgboost,XGBoost,207990,1,Infilteration,68,33,Fwd URG Flags,0.0,-0.00019658301607705653,0.00019658301607705653,supports_benign
DISAGREE_12,xgboost,XGBoost,207990,1,Infilteration,69,48,ACK Flag Cnt,0.0,5.478840466821566e-05,5.478840466821566e-05,supports_attack
DISAGREE_12,xgboost,XGBoost,207990,1,Infilteration,70,32,Bwd PSH Flags,0.0,0.0,0.0,supports_benign
DISAGREE_12,xgboost,XGBoost,207990,1,Infilteration,71,34,Bwd URG Flags,0.0,0.0,0.0,supports_benign
DISAGREE_12,xgboost,XGBoost,207990,1,Infilteration,72,50,CWE Flag Count,0.0,0.0,0.0,supports_benign
DISAGREE_12,xgboost,XGBoost,207990,1,Infilteration,73,56,Fwd Byts/b Avg,0.0,0.0,0.0,supports_benign
DISAGREE_12,xgboost,XGBoost,207990,1,Infilteration,74,57,Fwd Pkts/b Avg,0.0,0.0,0.0,supports_benign
DISAGREE_12,xgboost,XGBoost,207990,1,Infilteration,75,58,Fwd Blk Rate Avg,0.0,0.0,0.0,supports_benign
DISAGREE_12,xgboost,XGBoost,207990,1,Infilteration,76,59,Bwd Byts/b Avg,0.0,0.0,0.0,supports_benign
DISAGREE_12,xgboost,XGBoost,207990,1,Infilteration,77,60,Bwd Pkts/b Avg,0.0,0.0,0.0,supports_benign
DISAGREE_12,xgboost,XGBoost,207990,1,Infilteration,78,61,Bwd Blk Rate Avg,0.0,0.0,0.0,supports_benign
DISAGREE_12,lightgbm,LightGBM,207990,1,Infilteration,1,51,ECE Flag Cnt,1.0,0.8980067268676324,0.8980067268676324,supports_attack
DISAGREE_12,lightgbm,LightGBM,207990,1,Infilteration,2,0,Dst Port,443.0,-0.8949389344953053,0.8949389344953053,supports_benign
DISAGREE_12,lightgbm,LightGBM,207990,1,Infilteration,3,46,RST Flag Cnt,1.0,0.7805143549727438,0.7805143549727438,supports_attack
DISAGREE_12,lightgbm,LightGBM,207990,1,Infilteration,4,77,Idle Min,58000000.0,0.43973284277077385,0.43973284277077385,supports_attack
DISAGREE_12,lightgbm,LightGBM,207990,1,Infilteration,5,76,Idle Max,58800000.0,0.43512099690540756,0.43512099690540756,supports_attack
DISAGREE_12,lightgbm,LightGBM,207990,1,Infilteration,6,69,Fwd Seg Size Min,20.0,-0.3735918732447141,0.3735918732447141,supports_benign
DISAGREE_12,lightgbm,LightGBM,207990,1,Infilteration,7,26,Bwd IAT Tot,117000000.0,0.30315402975625,0.30315402975625,supports_attack
DISAGREE_12,lightgbm,LightGBM,207990,1,Infilteration,8,40,Pkt Len Max,1460.0,-0.2683742888551915,0.2683742888551915,supports_benign
DISAGREE_12,lightgbm,LightGBM,207990,1,Infilteration,9,11,Bwd Pkt Len Max,1460.0,-0.26045514023661887,0.26045514023661887,supports_benign
DISAGREE_12,lightgbm,LightGBM,207990,1,Infilteration,10,10,Fwd Pkt Len Std,69.43162104,0.25999092357163456,0.25999092357163456,supports_attack
DISAGREE_12,lightgbm,LightGBM,207990,1,Infilteration,11,21,Fwd IAT Tot,117000000.0,0.23375654183245204,0.23375654183245204,supports_attack
DISAGREE_12,lightgbm,LightGBM,207990,1,Infilteration,12,64,Subflow Bwd Pkts,13.0,-0.22964967382168874,0.22964967382168874,supports_benign
DISAGREE_12,lightgbm,LightGBM,207990,1,Infilteration,13,70,Active Mean,114031.5,0.22040554608236315,0.22040554608236315,supports_attack
DISAGREE_12,lightgbm,LightGBM,207990,1,Infilteration,14,19,Flow IAT Max,58800000.0,-0.2116165069340884,0.2116165069340884,supports_benign
DISAGREE_12,lightgbm,LightGBM,207990,1,Infilteration,15,13,Bwd Pkt Len Mean,589.2307692,-0.17515452678779045,0.17515452678779045,supports_benign
DISAGREE_12,lightgbm,LightGBM,207990,1,Infilteration,16,66,Init Fwd Win Byts,8192.0,-0.1749807441560836,0.1749807441560836,supports_benign
DISAGREE_12,lightgbm,LightGBM,207990,1,Infilteration,17,6,TotLen Bwd Pkts,7660.0,-0.16267693377948966,0.16267693377948966,supports_benign
DISAGREE_12,lightgbm,LightGBM,207990,1,Infilteration,18,27,Bwd IAT Mean,9755652.667,0.15296416617441946,0.15296416617441946,supports_attack
DISAGREE_12,lightgbm,LightGBM,207990,1,Infilteration,19,68,Fwd Act Data Pkts,6.0,-0.14507339749534434,0.14507339749534434,supports_benign
DISAGREE_12,lightgbm,LightGBM,207990,1,Infilteration,20,67,Init Bwd Win Byts,62.0,0.1445679975384413,0.1445679975384413,supports_attack
DISAGREE_12,lightgbm,LightGBM,207990,1,Infilteration,21,7,Fwd Pkt Len Max,191.0,0.1307351587560111,0.1307351587560111,supports_attack
DISAGREE_12,lightgbm,LightGBM,207990,1,Infilteration,22,28,Bwd IAT Std,22700000.0,0.11852546744607498,0.11852546744607498,supports_attack
DISAGREE_12,lightgbm,LightGBM,207990,1,Infilteration,23,24,Fwd IAT Max,58800000.0,-0.11415563219816448,0.11415563219816448,supports_benign
DISAGREE_12,lightgbm,LightGBM,207990,1,Infilteration,24,37,Fwd Pkts/s,0.102450445,-0.1059458006587606,0.1059458006587606,supports_benign
DISAGREE_12,lightgbm,LightGBM,207990,1,Infilteration,25,17,Flow IAT Mean,4880408.292,-0.09797076475347685,0.09797076475347685,supports_benign
DISAGREE_12,lightgbm,LightGBM,207990,1,Infilteration,26,4,Tot Bwd Pkts,13.0,-0.09449599050277424,0.09449599050277424,supports_benign
DISAGREE_12,lightgbm,LightGBM,207990,1,Infilteration,27,30,Bwd IAT Min,9.0,0.09402641570746606,0.09402641570746606,supports_attack
DISAGREE_12,lightgbm,LightGBM,207990,1,Infilteration,28,42,Pkt Len Std,566.9737167,0.08077382588118548,0.08077382588118548,supports_attack
DISAGREE_12,lightgbm,LightGBM,207990,1,Infilteration,29,55,Bwd Seg Size Avg,589.2307692,-0.07490476051429773,0.07490476051429773,supports_benign
DISAGREE_12,lightgbm,LightGBM,207990,1,Infilteration,30,23,Fwd IAT Std,23600000.0,0.062023852194510745,0.062023852194510745,supports_attack
DISAGREE_12,lightgbm,LightGBM,207990,1,Infilteration,31,75,Idle Std,529592.5735,-0.05695207990362026,0.05695207990362026,supports_benign
DISAGREE_12,lightgbm,LightGBM,207990,1,Infilteration,32,2,Flow Duration,117129799.0,-0.056493732747202347,0.056493732747202347,supports_benign
DISAGREE_12,lightgbm,LightGBM,207990,1,Infilteration,33,74,Idle Mean,58400000.0,-0.053852775240614846,0.053852775240614846,supports_benign
DISAGREE_12,lightgbm,LightGBM,207990,1,Infilteration,34,20,Flow IAT Min,3.0,0.04949474467039666,0.04949474467039666,supports_attack
DISAGREE_12,lightgbm,LightGBM,207990,1,Infilteration,35,73,Active Min,62178.0,0.04844833078128733,0.04844833078128733,supports_attack
DISAGREE_12,lightgbm,LightGBM,207990,1,Infilteration,36,22,Fwd IAT Mean,10600000.0,-0.04719022282864624,0.04719022282864624,supports_benign
DISAGREE_12,lightgbm,LightGBM,207990,1,Infilteration,37,65,Subflow Bwd Byts,7660.0,-0.04312068376710995,0.04312068376710995,supports_benign
DISAGREE_12,lightgbm,LightGBM,207990,1,Infilteration,38,72,Active Max,165885.0,0.03612419614020501,0.03612419614020501,supports_attack
DISAGREE_12,lightgbm,LightGBM,207990,1,Infilteration,39,38,Bwd Pkts/s,0.110987982,0.031125131085074056,0.031125131085074056,supports_attack
DISAGREE_12,lightgbm,LightGBM,207990,1,Infilteration,40,14,Bwd Pkt Len Std,710.5901484,-0.030543307578610443,0.030543307578610443,supports_benign
DISAGREE_12,lightgbm,LightGBM,207990,1,Infilteration,41,43,Pkt Len Var,321459.1954,0.029770481475903603,0.029770481475903603,supports_attack
DISAGREE_12,lightgbm,LightGBM,207990,1,Infilteration,42,36,Bwd Header Len,272.0,-0.02905863485360759,0.02905863485360759,supports_benign
DISAGREE_12,lightgbm,LightGBM,207990,1,Infilteration,43,15,Flow Byts/s,70.4432183,-0.027804563978108036,0.027804563978108036,supports_benign
DISAGREE_12,lightgbm,LightGBM,207990,1,Infilteration,44,41,Pkt Len Mean,317.3461538,0.02775271745578168,0.02775271745578168,supports_attack
DISAGREE_12,lightgbm,LightGBM,207990,1,Infilteration,45,3,Tot Fwd Pkts,12.0,0.021762416285384556,0.021762416285384556,supports_attack
DISAGREE_12,lightgbm,LightGBM,207990,1,Infilteration,46,5,TotLen Fwd Pkts,591.0,-0.020656809177779747,0.020656809177779747,supports_benign
DISAGREE_12,lightgbm,LightGBM,207990,1,Infilteration,47,16,Flow Pkts/s,0.213438427,-0.01821357969538687,0.01821357969538687,supports_benign
DISAGREE_12,lightgbm,LightGBM,207990,1,Infilteration,48,53,Pkt Size Avg,330.04,0.01790529310560071,0.01790529310560071,supports_attack
DISAGREE_12,lightgbm,LightGBM,207990,1,Infilteration,49,29,Bwd IAT Max,58800000.0,0.014977334392690327,0.014977334392690327,supports_attack
DISAGREE_12,lightgbm,LightGBM,207990,1,Infilteration,50,12,Bwd Pkt Len Min,0.0,-0.013375291108979498,0.013375291108979498,supports_benign
DISAGREE_12,lightgbm,LightGBM,207990,1,Infilteration,51,47,PSH Flag Cnt,1.0,-0.012233220358266295,0.012233220358266295,supports_benign
DISAGREE_12,lightgbm,LightGBM,207990,1,Infilteration,52,48,ACK Flag Cnt,0.0,0.01198832782868862,0.01198832782868862,supports_attack
DISAGREE_12,lightgbm,LightGBM,207990,1,Infilteration,53,25,Fwd IAT Min,50.0,0.009839740540895956,0.009839740540895956,supports_attack
DISAGREE_12,lightgbm,LightGBM,207990,1,Infilteration,54,8,Fwd Pkt Len Min,0.0,0.0096584136933663,0.0096584136933663,supports_attack
DISAGREE_12,lightgbm,LightGBM,207990,1,Infilteration,55,9,Fwd Pkt Len Mean,49.25,-0.009265002294555881,0.009265002294555881,supports_benign
DISAGREE_12,lightgbm,LightGBM,207990,1,Infilteration,56,18,Flow IAT Std,16500000.0,-0.008652192984743593,0.008652192984743593,supports_benign
DISAGREE_12,lightgbm,LightGBM,207990,1,Infilteration,57,71,Active Std,73331.92296,0.004460122763264585,0.004460122763264585,supports_attack
DISAGREE_12,lightgbm,LightGBM,207990,1,Infilteration,58,52,Down/Up Ratio,1.0,-0.004372068257437525,0.004372068257437525,supports_benign
DISAGREE_12,lightgbm,LightGBM,207990,1,Infilteration,59,31,Fwd PSH Flags,0.0,-0.0035620617703500256,0.0035620617703500256,supports_benign
DISAGREE_12,lightgbm,LightGBM,207990,1,Infilteration,60,49,URG Flag Cnt,0.0,0.003174945675310255,0.003174945675310255,supports_attack
DISAGREE_12,lightgbm,LightGBM,207990,1,Infilteration,61,62,Subflow Fwd Pkts,12.0,0.0023893258593020144,0.0023893258593020144,supports_attack
DISAGREE_12,lightgbm,LightGBM,207990,1,Infilteration,62,54,Fwd Seg Size Avg,49.25,0.0021276738440229813,0.0021276738440229813,supports_attack
DISAGREE_12,lightgbm,LightGBM,207990,1,Infilteration,63,45,SYN Flag Cnt,0.0,-0.0018233446114059686,0.0018233446114059686,supports_benign
DISAGREE_12,lightgbm,LightGBM,207990,1,Infilteration,64,35,Fwd Header Len,252.0,-0.0018039806502203222,0.0018039806502203222,supports_benign
DISAGREE_12,lightgbm,LightGBM,207990,1,Infilteration,65,63,Subflow Fwd Byts,591.0,0.0012914517518150357,0.0012914517518150357,supports_attack
DISAGREE_12,lightgbm,LightGBM,207990,1,Infilteration,66,44,FIN Flag Cnt,0.0,-0.00026072551208925745,0.00026072551208925745,supports_benign
DISAGREE_12,lightgbm,LightGBM,207990,1,Infilteration,67,39,Pkt Len Min,0.0,-1.4016752483668691e-05,1.4016752483668691e-05,supports_benign
DISAGREE_12,lightgbm,LightGBM,207990,1,Infilteration,68,33,Fwd URG Flags,0.0,-9.927716871941122e-06,9.927716871941122e-06,supports_benign
DISAGREE_12,lightgbm,LightGBM,207990,1,Infilteration,69,1,Protocol,6.0,0.0,0.0,supports_benign
DISAGREE_12,lightgbm,LightGBM,207990,1,Infilteration,70,32,Bwd PSH Flags,0.0,0.0,0.0,supports_benign
DISAGREE_12,lightgbm,LightGBM,207990,1,Infilteration,71,34,Bwd URG Flags,0.0,0.0,0.0,supports_benign
DISAGREE_12,lightgbm,LightGBM,207990,1,Infilteration,72,50,CWE Flag Count,0.0,0.0,0.0,supports_benign
DISAGREE_12,lightgbm,LightGBM,207990,1,Infilteration,73,56,Fwd Byts/b Avg,0.0,0.0,0.0,supports_benign
DISAGREE_12,lightgbm,LightGBM,207990,1,Infilteration,74,57,Fwd Pkts/b Avg,0.0,0.0,0.0,supports_benign
DISAGREE_12,lightgbm,LightGBM,207990,1,Infilteration,75,58,Fwd Blk Rate Avg,0.0,0.0,0.0,supports_benign
DISAGREE_12,lightgbm,LightGBM,207990,1,Infilteration,76,59,Bwd Byts/b Avg,0.0,0.0,0.0,supports_benign
DISAGREE_12,lightgbm,LightGBM,207990,1,Infilteration,77,60,Bwd Pkts/b Avg,0.0,0.0,0.0,supports_benign
DISAGREE_12,lightgbm,LightGBM,207990,1,Infilteration,78,61,Bwd Blk Rate Avg,0.0,0.0,0.0,supports_benign
