split,family,subset,component,feature,mean_abs_shap,normalized_importance_share,rank
CHRONOLOGICAL_NATURAL,PRIMARY,BEHAVIOR_ONLY,LightGBM,TotLen Fwd Pkts,1.986739853314256,0.2007735480148804,1
CHRONOLOGICAL_NATURAL,PRIMARY,BEHAVIOR_ONLY,LightGBM,Bwd Pkt Len Min,1.2130620246510555,0.1225881517628079,2
CHRONOLOGICAL_NATURAL,PRIMARY,BEHAVIOR_ONLY,LightGBM,Pkt Len Max,0.4564282559657191,0.0461251734652681,3
CHRONOLOGICAL_NATURAL,PRIMARY,BEHAVIOR_ONLY,LightGBM,ACK Flag Cnt,0.4452003516849983,0.0449905175235497,4
CHRONOLOGICAL_NATURAL,PRIMARY,BEHAVIOR_ONLY,LightGBM,Bwd Pkt Len Std,0.3669455443183054,0.0370823380515256,5
CHRONOLOGICAL_NATURAL,PRIMARY,BEHAVIOR_ONLY,LightGBM,Tot Bwd Pkts,0.3309882839325065,0.0334486128144199,6
CHRONOLOGICAL_NATURAL,PRIMARY,BEHAVIOR_ONLY,LightGBM,Fwd IAT Tot,0.328569549979893,0.0332041833303281,7
CHRONOLOGICAL_NATURAL,PRIMARY,BEHAVIOR_ONLY,LightGBM,Flow IAT Min,0.3193669205729699,0.0322741951620171,8
CHRONOLOGICAL_NATURAL,PRIMARY,BEHAVIOR_ONLY,LightGBM,Fwd Pkt Len Std,0.3107521505628175,0.0314036141760943,9
CHRONOLOGICAL_NATURAL,PRIMARY,BEHAVIOR_ONLY,LightGBM,Fwd Pkt Len Mean,0.3042640794147465,0.0307479505460533,10
CHRONOLOGICAL_NATURAL,PRIMARY,BEHAVIOR_ONLY,LightGBM,Bwd Pkts/s,0.273238595060402,0.0276126147534428,11
CHRONOLOGICAL_NATURAL,PRIMARY,BEHAVIOR_ONLY,LightGBM,Fwd IAT Min,0.2676601539131568,0.0270488754094838,12
CHRONOLOGICAL_NATURAL,PRIMARY,BEHAVIOR_ONLY,LightGBM,Fwd IAT Mean,0.2077012565447255,0.0209896218340154,13
CHRONOLOGICAL_NATURAL,PRIMARY,BEHAVIOR_ONLY,LightGBM,Fwd Pkts/s,0.193110626820407,0.0195151396602995,14
CHRONOLOGICAL_NATURAL,PRIMARY,BEHAVIOR_ONLY,LightGBM,Bwd Pkt Len Max,0.1908612477661272,0.0192878246382523,15
CHRONOLOGICAL_NATURAL,PRIMARY,BEHAVIOR_ONLY,LightGBM,Bwd IAT Min,0.1872378976596461,0.0189216605149702,16
CHRONOLOGICAL_NATURAL,PRIMARY,BEHAVIOR_ONLY,LightGBM,Tot Fwd Pkts,0.1834307510748892,0.0185369225099621,17
CHRONOLOGICAL_NATURAL,PRIMARY,BEHAVIOR_ONLY,LightGBM,Fwd Pkt Len Max,0.1772180469237946,0.0179090865841355,18
CHRONOLOGICAL_NATURAL,PRIMARY,BEHAVIOR_ONLY,LightGBM,Flow Pkts/s,0.1709338328465409,0.0172740240948667,19
CHRONOLOGICAL_NATURAL,PRIMARY,BEHAVIOR_ONLY,LightGBM,PSH Flag Cnt,0.1527004397835798,0.0154314159589833,20
CHRONOLOGICAL_NATURAL,PRIMARY,BEHAVIOR_ONLY,XGBoost,Fwd Pkt Len Max,3.776364448302612,0.2440819478871028,1
CHRONOLOGICAL_NATURAL,PRIMARY,BEHAVIOR_ONLY,XGBoost,Bwd Pkt Len Min,1.0886177508347723,0.0703618373612375,2
CHRONOLOGICAL_NATURAL,PRIMARY,BEHAVIOR_ONLY,XGBoost,ACK Flag Cnt,0.9313446018173244,0.0601966276501431,3
CHRONOLOGICAL_NATURAL,PRIMARY,BEHAVIOR_ONLY,XGBoost,Fwd Pkt Len Mean,0.927542454952636,0.0599508792787689,4
CHRONOLOGICAL_NATURAL,PRIMARY,BEHAVIOR_ONLY,XGBoost,Pkt Len Max,0.8450756289949583,0.0546207095371106,5
CHRONOLOGICAL_NATURAL,PRIMARY,BEHAVIOR_ONLY,XGBoost,Flow IAT Min,0.603565238905698,0.039010900882531,6
CHRONOLOGICAL_NATURAL,PRIMARY,BEHAVIOR_ONLY,XGBoost,Bwd Pkt Len Std,0.5211297634851187,0.0336827574548758,7
CHRONOLOGICAL_NATURAL,PRIMARY,BEHAVIOR_ONLY,XGBoost,Bwd Pkts/s,0.5016405046522326,0.032423086593144,8
CHRONOLOGICAL_NATURAL,PRIMARY,BEHAVIOR_ONLY,XGBoost,Tot Bwd Pkts,0.4281865327055566,0.0276754546317087,9
CHRONOLOGICAL_NATURAL,PRIMARY,BEHAVIOR_ONLY,XGBoost,Fwd IAT Tot,0.3771804364517797,0.0243787210938918,10
CHRONOLOGICAL_NATURAL,PRIMARY,BEHAVIOR_ONLY,XGBoost,Bwd IAT Min,0.3763310239236103,0.0243238200727447,11
CHRONOLOGICAL_NATURAL,PRIMARY,BEHAVIOR_ONLY,XGBoost,Fwd Pkts/s,0.369344725733751,0.023872266920488,12
CHRONOLOGICAL_NATURAL,PRIMARY,BEHAVIOR_ONLY,XGBoost,Fwd Pkt Len Std,0.3513436370485462,0.0227087826089174,13
CHRONOLOGICAL_NATURAL,PRIMARY,BEHAVIOR_ONLY,XGBoost,PSH Flag Cnt,0.3455152345551643,0.0223320690122479,14
CHRONOLOGICAL_NATURAL,PRIMARY,BEHAVIOR_ONLY,XGBoost,Down/Up Ratio,0.2883015706022077,0.0186341148728712,15
CHRONOLOGICAL_NATURAL,PRIMARY,BEHAVIOR_ONLY,XGBoost,Fwd IAT Min,0.2769000887591814,0.017897190263199,16
CHRONOLOGICAL_NATURAL,PRIMARY,BEHAVIOR_ONLY,XGBoost,Tot Fwd Pkts,0.2648676080697216,0.0171194816058904,17
CHRONOLOGICAL_NATURAL,PRIMARY,BEHAVIOR_ONLY,XGBoost,Flow Duration,0.2573366650184267,0.0166327258187966,18
CHRONOLOGICAL_NATURAL,PRIMARY,BEHAVIOR_ONLY,XGBoost,Bwd Pkt Len Max,0.2563987646424793,0.0165721054645328,19
CHRONOLOGICAL_NATURAL,PRIMARY,BEHAVIOR_ONLY,XGBoost,Flow IAT Mean,0.2287206531570147,0.0147831554154333,20
CHRONOLOGICAL_NATURAL,FULL,FULL,LightGBM,Dst Port,1.6844645122562742,0.2156687043584775,1
CHRONOLOGICAL_NATURAL,FULL,FULL,LightGBM,Fwd Header Len,1.0942981547222868,0.1401073536982431,2
CHRONOLOGICAL_NATURAL,FULL,FULL,LightGBM,Init Fwd Win Byts,0.984267505178674,0.1260196911478418,3
CHRONOLOGICAL_NATURAL,FULL,FULL,LightGBM,Bwd Pkt Len Min,0.4118738273249666,0.0527338474939794,4
CHRONOLOGICAL_NATURAL,FULL,FULL,LightGBM,TotLen Fwd Pkts,0.2905422473620491,0.0371992817860209,5
CHRONOLOGICAL_NATURAL,FULL,FULL,LightGBM,Fwd IAT Min,0.2713685824996333,0.0347444010636351,6
CHRONOLOGICAL_NATURAL,FULL,FULL,LightGBM,Flow IAT Std,0.2116614854228181,0.0270998634827784,7
CHRONOLOGICAL_NATURAL,FULL,FULL,LightGBM,Flow Pkts/s,0.2030261630008502,0.0259942487399846,8
CHRONOLOGICAL_NATURAL,FULL,FULL,LightGBM,Init Bwd Win Byts,0.1804625243003844,0.0231053361575378,9
CHRONOLOGICAL_NATURAL,FULL,FULL,LightGBM,Fwd Seg Size Min,0.1736282893921867,0.0222303218267471,10
CHRONOLOGICAL_NATURAL,FULL,FULL,LightGBM,Flow IAT Min,0.1690575023034153,0.0216451057404709,11
CHRONOLOGICAL_NATURAL,FULL,FULL,LightGBM,Fwd Pkt Len Std,0.1463156127076162,0.0187333709855369,12
CHRONOLOGICAL_NATURAL,FULL,FULL,LightGBM,Fwd IAT Tot,0.1340956324342122,0.017168798212602,13
CHRONOLOGICAL_NATURAL,FULL,FULL,LightGBM,Bwd Pkt Len Max,0.1337046299086631,0.0171187366010498,14
CHRONOLOGICAL_NATURAL,FULL,FULL,LightGBM,Fwd IAT Mean,0.12161794244658,0.0155712298379411,15
CHRONOLOGICAL_NATURAL,FULL,FULL,LightGBM,Fwd IAT Std,0.1201126999627864,0.0153785076441144,16
CHRONOLOGICAL_NATURAL,FULL,FULL,LightGBM,Tot Bwd Pkts,0.1058167946302644,0.0135481459129749,17
CHRONOLOGICAL_NATURAL,FULL,FULL,LightGBM,Fwd Pkt Len Max,0.105158934362545,0.0134639174412229,18
CHRONOLOGICAL_NATURAL,FULL,FULL,LightGBM,Flow Duration,0.0974056415918223,0.0124712324697039,19
CHRONOLOGICAL_NATURAL,FULL,FULL,LightGBM,Fwd Pkt Len Mean,0.0853616570219555,0.0109291931280633,20
CHRONOLOGICAL_NATURAL,FULL,FULL,XGBoost,Dst Port,3.836267881103605,0.2337901210569573,1
CHRONOLOGICAL_NATURAL,FULL,FULL,XGBoost,Fwd Header Len,2.6428823748664,0.1610627332368575,2
CHRONOLOGICAL_NATURAL,FULL,FULL,XGBoost,Init Fwd Win Byts,2.35442262761537,0.1434833979766522,3
CHRONOLOGICAL_NATURAL,FULL,FULL,XGBoost,Fwd Pkt Len Max,0.7081375801280141,0.0431553728034974,4
CHRONOLOGICAL_NATURAL,FULL,FULL,XGBoost,Init Bwd Win Byts,0.6113092195704579,0.0372544516900361,5
CHRONOLOGICAL_NATURAL,FULL,FULL,XGBoost,Pkt Len Std,0.4280661071531707,0.0260872363748827,6
CHRONOLOGICAL_NATURAL,FULL,FULL,XGBoost,Flow IAT Min,0.3926616213327972,0.0239296135804278,7
CHRONOLOGICAL_NATURAL,FULL,FULL,XGBoost,Fwd Pkt Len Mean,0.3564586198078003,0.0217233275828192,8
CHRONOLOGICAL_NATURAL,FULL,FULL,XGBoost,Fwd Seg Size Min,0.3414879678114317,0.020810985001173,9
CHRONOLOGICAL_NATURAL,FULL,FULL,XGBoost,RST Flag Cnt,0.3001495339766145,0.018291735107767,10
CHRONOLOGICAL_NATURAL,FULL,FULL,XGBoost,Bwd Pkt Len Min,0.2540423068679869,0.0154818650618239,11
CHRONOLOGICAL_NATURAL,FULL,FULL,XGBoost,Fwd IAT Tot,0.2328533398310552,0.0141905654648805,12
CHRONOLOGICAL_NATURAL,FULL,FULL,XGBoost,Flow IAT Max,0.2156796527324826,0.0131439653550324,13
CHRONOLOGICAL_NATURAL,FULL,FULL,XGBoost,PSH Flag Cnt,0.2116573570789129,0.0128988383157016,14
CHRONOLOGICAL_NATURAL,FULL,FULL,XGBoost,Idle Min,0.2108720977781573,0.0128509829852933,15
CHRONOLOGICAL_NATURAL,FULL,FULL,XGBoost,TotLen Fwd Pkts,0.2100520894718007,0.0128010099784147,16
CHRONOLOGICAL_NATURAL,FULL,FULL,XGBoost,Fwd IAT Min,0.2022623949260334,0.0123262898370444,17
CHRONOLOGICAL_NATURAL,FULL,FULL,XGBoost,Bwd Pkts/s,0.1942454967365774,0.0118377234344096,18
CHRONOLOGICAL_NATURAL,FULL,FULL,XGBoost,Fwd IAT Std,0.1868628349036909,0.0113878087107442,19
CHRONOLOGICAL_NATURAL,FULL,FULL,XGBoost,Fwd IAT Mean,0.1826882606084458,0.0111334014951653,20
CHRONOLOGICAL_NATURAL,PRIMARY,NO_DST_PORT,LightGBM,TotLen Fwd Pkts,1.4327967446396055,0.1628235011935922,1
CHRONOLOGICAL_NATURAL,PRIMARY,NO_DST_PORT,LightGBM,Init Fwd Win Byts,1.383704499900314,0.1572446420847835,2
CHRONOLOGICAL_NATURAL,PRIMARY,NO_DST_PORT,LightGBM,Fwd Header Len,0.632651744289419,0.0718947557822284,3
CHRONOLOGICAL_NATURAL,PRIMARY,NO_DST_PORT,LightGBM,Init Bwd Win Byts,0.4176067434781172,0.0474569699781559,4
CHRONOLOGICAL_NATURAL,PRIMARY,NO_DST_PORT,LightGBM,Fwd IAT Tot,0.404365747973275,0.0459522588211458,5
CHRONOLOGICAL_NATURAL,PRIMARY,NO_DST_PORT,LightGBM,Fwd Pkt Len Std,0.3477857856404024,0.0395224929810809,6
CHRONOLOGICAL_NATURAL,PRIMARY,NO_DST_PORT,LightGBM,TotLen Bwd Pkts,0.3439240212055702,0.0390836407793177,7
CHRONOLOGICAL_NATURAL,PRIMARY,NO_DST_PORT,LightGBM,Bwd Pkt Len Min,0.3237576213336285,0.0367919243541485,8
CHRONOLOGICAL_NATURAL,PRIMARY,NO_DST_PORT,LightGBM,Fwd Pkt Len Max,0.234817510217119,0.0266847403849528,9
CHRONOLOGICAL_NATURAL,PRIMARY,NO_DST_PORT,LightGBM,Flow Duration,0.2323770187578115,0.0264074021194073,10
CHRONOLOGICAL_NATURAL,PRIMARY,NO_DST_PORT,LightGBM,Fwd IAT Min,0.2310973906084041,0.0262619847485961,11
CHRONOLOGICAL_NATURAL,PRIMARY,NO_DST_PORT,LightGBM,Fwd Seg Size Min,0.2295676409364904,0.0260881434843257,12
CHRONOLOGICAL_NATURAL,PRIMARY,NO_DST_PORT,LightGBM,Flow IAT Min,0.1852959190260287,0.0210570902017865,13
CHRONOLOGICAL_NATURAL,PRIMARY,NO_DST_PORT,LightGBM,Fwd IAT Std,0.1849144835310388,0.0210137437445824,14
CHRONOLOGICAL_NATURAL,PRIMARY,NO_DST_PORT,LightGBM,Fwd IAT Max,0.1721435276008426,0.0195624480420181,15
CHRONOLOGICAL_NATURAL,PRIMARY,NO_DST_PORT,LightGBM,Bwd IAT Min,0.1633681668077915,0.0185652131069813,16
CHRONOLOGICAL_NATURAL,PRIMARY,NO_DST_PORT,LightGBM,ECE Flag Cnt,0.1427281803238352,0.0162196781408536,17
CHRONOLOGICAL_NATURAL,PRIMARY,NO_DST_PORT,LightGBM,Bwd Pkt Len Std,0.1279358782457494,0.0145386759860971,18
CHRONOLOGICAL_NATURAL,PRIMARY,NO_DST_PORT,LightGBM,Fwd Pkt Len Mean,0.1177483788654238,0.0133809651497779,19
CHRONOLOGICAL_NATURAL,PRIMARY,NO_DST_PORT,LightGBM,Bwd Header Len,0.101836317379916,0.0115727131615102,20
CHRONOLOGICAL_NATURAL,PRIMARY,NO_DST_PORT,XGBoost,Init Fwd Win Byts,3.400143335914053,0.2146062827371407,1
CHRONOLOGICAL_NATURAL,PRIMARY,NO_DST_PORT,XGBoost,Fwd Pkt Len Max,2.550252541190386,0.1609638664714368,2
CHRONOLOGICAL_NATURAL,PRIMARY,NO_DST_PORT,XGBoost,Fwd Header Len,1.4690957795453083,0.0927246745461939,3
CHRONOLOGICAL_NATURAL,PRIMARY,NO_DST_PORT,XGBoost,Pkt Len Std,0.9519498922023456,0.0600840633863005,4
CHRONOLOGICAL_NATURAL,PRIMARY,NO_DST_PORT,XGBoost,Init Bwd Win Byts,0.6896385865092816,0.0435278042309549,5
CHRONOLOGICAL_NATURAL,PRIMARY,NO_DST_PORT,XGBoost,Flow IAT Min,0.6199944601205177,0.0391320874619292,6
CHRONOLOGICAL_NATURAL,PRIMARY,NO_DST_PORT,XGBoost,Fwd Seg Size Min,0.5975715823329986,0.0377168264053082,7
CHRONOLOGICAL_NATURAL,PRIMARY,NO_DST_PORT,XGBoost,Fwd IAT Tot,0.4791383352173259,0.030241694799084,8
CHRONOLOGICAL_NATURAL,PRIMARY,NO_DST_PORT,XGBoost,Flow IAT Mean,0.286793690929457,0.018101509801877,9
CHRONOLOGICAL_NATURAL,PRIMARY,NO_DST_PORT,XGBoost,Bwd Pkts/s,0.2695438386940572,0.0170127537406538,10
CHRONOLOGICAL_NATURAL,PRIMARY,NO_DST_PORT,XGBoost,Bwd IAT Min,0.2610089835627197,0.0164740607055427,11
CHRONOLOGICAL_NATURAL,PRIMARY,NO_DST_PORT,XGBoost,Fwd Pkt Len Std,0.2602804952162784,0.0164280808274606,12
CHRONOLOGICAL_NATURAL,PRIMARY,NO_DST_PORT,XGBoost,PSH Flag Cnt,0.2421853999738581,0.0152859757036169,13
CHRONOLOGICAL_NATURAL,PRIMARY,NO_DST_PORT,XGBoost,Tot Bwd Pkts,0.2283027632062465,0.0144097476223422,14
CHRONOLOGICAL_NATURAL,PRIMARY,NO_DST_PORT,XGBoost,Pkt Len Max,0.2106987593486323,0.0132986386319451,15
CHRONOLOGICAL_NATURAL,PRIMARY,NO_DST_PORT,XGBoost,Fwd IAT Min,0.2082849149310612,0.0131462844143775,16
CHRONOLOGICAL_NATURAL,PRIMARY,NO_DST_PORT,XGBoost,ECE Flag Cnt,0.1979985267169773,0.0124970401563197,17
CHRONOLOGICAL_NATURAL,PRIMARY,NO_DST_PORT,XGBoost,Tot Fwd Pkts,0.1971366848254649,0.0124426434246611,18
CHRONOLOGICAL_NATURAL,PRIMARY,NO_DST_PORT,XGBoost,Flow Duration,0.1837694612007879,0.0115989465892049,19
CHRONOLOGICAL_NATURAL,PRIMARY,NO_DST_PORT,XGBoost,Fwd Pkt Len Mean,0.1777433913669083,0.0112186001394234,20
CHRONOLOGICAL_NATURAL,PRIMARY,NO_FWD_SEG_SIZE_MIN,LightGBM,Dst Port,1.7214111840672417,0.2213914341550871,1
CHRONOLOGICAL_NATURAL,PRIMARY,NO_FWD_SEG_SIZE_MIN,LightGBM,Fwd Header Len,1.2705554484088173,0.1634066837140987,2
CHRONOLOGICAL_NATURAL,PRIMARY,NO_FWD_SEG_SIZE_MIN,LightGBM,Init Fwd Win Byts,0.9659273773605777,0.1242283362294961,3
CHRONOLOGICAL_NATURAL,PRIMARY,NO_FWD_SEG_SIZE_MIN,LightGBM,Bwd Pkt Len Min,0.4075875011434666,0.0524200041553322,4
CHRONOLOGICAL_NATURAL,PRIMARY,NO_FWD_SEG_SIZE_MIN,LightGBM,TotLen Fwd Pkts,0.3201247500271012,0.041171382045738,5
CHRONOLOGICAL_NATURAL,PRIMARY,NO_FWD_SEG_SIZE_MIN,LightGBM,Fwd IAT Min,0.2306343293499825,0.0296619804801935,6
CHRONOLOGICAL_NATURAL,PRIMARY,NO_FWD_SEG_SIZE_MIN,LightGBM,Flow IAT Std,0.2089254415545292,0.0268699910662572,7
CHRONOLOGICAL_NATURAL,PRIMARY,NO_FWD_SEG_SIZE_MIN,LightGBM,Fwd Pkt Len Std,0.1842873310168807,0.0237012730532177,8
CHRONOLOGICAL_NATURAL,PRIMARY,NO_FWD_SEG_SIZE_MIN,LightGBM,Flow IAT Min,0.1709686713413823,0.0219883544932166,9
CHRONOLOGICAL_NATURAL,PRIMARY,NO_FWD_SEG_SIZE_MIN,LightGBM,Init Bwd Win Byts,0.1684972307269746,0.0216705014508308,10
CHRONOLOGICAL_NATURAL,PRIMARY,NO_FWD_SEG_SIZE_MIN,LightGBM,Flow Pkts/s,0.151688823869721,0.0195087650020194,11
CHRONOLOGICAL_NATURAL,PRIMARY,NO_FWD_SEG_SIZE_MIN,LightGBM,Bwd Pkts/s,0.1452554763438639,0.0186813694045293,12
CHRONOLOGICAL_NATURAL,PRIMARY,NO_FWD_SEG_SIZE_MIN,LightGBM,Bwd Pkt Len Max,0.1392575238614592,0.0179099701511933,13
CHRONOLOGICAL_NATURAL,PRIMARY,NO_FWD_SEG_SIZE_MIN,LightGBM,Fwd IAT Tot,0.1173361862719316,0.0150906574776945,14
CHRONOLOGICAL_NATURAL,PRIMARY,NO_FWD_SEG_SIZE_MIN,LightGBM,Fwd IAT Mean,0.1092240013305056,0.0140473458767613,15
CHRONOLOGICAL_NATURAL,PRIMARY,NO_FWD_SEG_SIZE_MIN,LightGBM,Fwd IAT Std,0.105786264531507,0.0136052170656891,16
CHRONOLOGICAL_NATURAL,PRIMARY,NO_FWD_SEG_SIZE_MIN,LightGBM,Fwd Pkt Len Max,0.0981944035901384,0.0126288245586157,17
CHRONOLOGICAL_NATURAL,PRIMARY,NO_FWD_SEG_SIZE_MIN,LightGBM,Tot Bwd Pkts,0.0974379211373225,0.0125315330243837,18
CHRONOLOGICAL_NATURAL,PRIMARY,NO_FWD_SEG_SIZE_MIN,LightGBM,Fwd Pkt Len Mean,0.09159456063646,0.011780015912409,19
CHRONOLOGICAL_NATURAL,PRIMARY,NO_FWD_SEG_SIZE_MIN,LightGBM,Idle Mean,0.0861495787946355,0.0110797344514383,20
CHRONOLOGICAL_NATURAL,PRIMARY,NO_FWD_SEG_SIZE_MIN,XGBoost,Dst Port,4.011732826395519,0.2432212302655848,1
CHRONOLOGICAL_NATURAL,PRIMARY,NO_FWD_SEG_SIZE_MIN,XGBoost,Fwd Header Len,3.018133329604636,0.1829818019540348,2
CHRONOLOGICAL_NATURAL,PRIMARY,NO_FWD_SEG_SIZE_MIN,XGBoost,Init Fwd Win Byts,2.1756371068969367,0.1319033835626521,3
CHRONOLOGICAL_NATURAL,PRIMARY,NO_FWD_SEG_SIZE_MIN,XGBoost,Init Bwd Win Byts,0.7080963242691941,0.0429300919548106,4
CHRONOLOGICAL_NATURAL,PRIMARY,NO_FWD_SEG_SIZE_MIN,XGBoost,Fwd Pkt Len Max,0.5982923079371453,0.0362729517373303,5
CHRONOLOGICAL_NATURAL,PRIMARY,NO_FWD_SEG_SIZE_MIN,XGBoost,Flow IAT Min,0.4537378005564678,0.0275089770044582,6
CHRONOLOGICAL_NATURAL,PRIMARY,NO_FWD_SEG_SIZE_MIN,XGBoost,Fwd Pkt Len Mean,0.3759967501856503,0.0227957334432418,7
CHRONOLOGICAL_NATURAL,PRIMARY,NO_FWD_SEG_SIZE_MIN,XGBoost,Bwd Pkt Len Min,0.3395611841877922,0.0205867370890693,8
CHRONOLOGICAL_NATURAL,PRIMARY,NO_FWD_SEG_SIZE_MIN,XGBoost,Pkt Len Std,0.3358723966041114,0.0203630952133222,9
CHRONOLOGICAL_NATURAL,PRIMARY,NO_FWD_SEG_SIZE_MIN,XGBoost,TotLen Bwd Pkts,0.2967937375801528,0.017993854803692,10
CHRONOLOGICAL_NATURAL,PRIMARY,NO_FWD_SEG_SIZE_MIN,XGBoost,TotLen Fwd Pkts,0.2603854907169472,0.0157865147396632,11
CHRONOLOGICAL_NATURAL,PRIMARY,NO_FWD_SEG_SIZE_MIN,XGBoost,Flow IAT Max,0.2575173002758995,0.0156126235963853,12
CHRONOLOGICAL_NATURAL,PRIMARY,NO_FWD_SEG_SIZE_MIN,XGBoost,Bwd Pkts/s,0.230939107556804,0.014001254890862,13
CHRONOLOGICAL_NATURAL,PRIMARY,NO_FWD_SEG_SIZE_MIN,XGBoost,Idle Min,0.218046508744359,0.0132196091830892,14
CHRONOLOGICAL_NATURAL,PRIMARY,NO_FWD_SEG_SIZE_MIN,XGBoost,RST Flag Cnt,0.2108430102691054,0.0127828792618342,15
CHRONOLOGICAL_NATURAL,PRIMARY,NO_FWD_SEG_SIZE_MIN,XGBoost,Fwd IAT Min,0.2084224884850206,0.0126361291387113,16
CHRONOLOGICAL_NATURAL,PRIMARY,NO_FWD_SEG_SIZE_MIN,XGBoost,PSH Flag Cnt,0.1981851037817541,0.0120154623570534,17
CHRONOLOGICAL_NATURAL,PRIMARY,NO_FWD_SEG_SIZE_MIN,XGBoost,Fwd IAT Tot,0.1793718808373436,0.0108748641597623,18
CHRONOLOGICAL_NATURAL,PRIMARY,NO_FWD_SEG_SIZE_MIN,XGBoost,Flow IAT Std,0.1578575607467908,0.0095705052636956,19
CHRONOLOGICAL_NATURAL,PRIMARY,NO_FWD_SEG_SIZE_MIN,XGBoost,Fwd IAT Std,0.1567313682303822,0.0095022270554473,20
CHRONOLOGICAL_NATURAL,PRIMARY,NO_INIT_FWD_WIN_BYTS,LightGBM,Dst Port,1.6871000342346452,0.2270977303674457,1
CHRONOLOGICAL_NATURAL,PRIMARY,NO_INIT_FWD_WIN_BYTS,LightGBM,Fwd Header Len,1.2004307821919542,0.1615879915636908,2
CHRONOLOGICAL_NATURAL,PRIMARY,NO_INIT_FWD_WIN_BYTS,LightGBM,Bwd Pkt Len Min,0.575963281368767,0.077529459616881,3
CHRONOLOGICAL_NATURAL,PRIMARY,NO_INIT_FWD_WIN_BYTS,LightGBM,Fwd Seg Size Min,0.4029652702620798,0.0542424849958215,4
CHRONOLOGICAL_NATURAL,PRIMARY,NO_INIT_FWD_WIN_BYTS,LightGBM,TotLen Fwd Pkts,0.251880252885732,0.0339051820247739,5
CHRONOLOGICAL_NATURAL,PRIMARY,NO_INIT_FWD_WIN_BYTS,LightGBM,Pkt Len Std,0.2321395278851501,0.0312479158565151,6
CHRONOLOGICAL_NATURAL,PRIMARY,NO_INIT_FWD_WIN_BYTS,LightGBM,Init Bwd Win Byts,0.1992058636421509,0.0268147700735138,7
CHRONOLOGICAL_NATURAL,PRIMARY,NO_INIT_FWD_WIN_BYTS,LightGBM,Flow IAT Min,0.1871291569229216,0.025189144662692,8
CHRONOLOGICAL_NATURAL,PRIMARY,NO_INIT_FWD_WIN_BYTS,LightGBM,Tot Bwd Pkts,0.1869156839490292,0.0251604094206304,9
CHRONOLOGICAL_NATURAL,PRIMARY,NO_INIT_FWD_WIN_BYTS,LightGBM,Bwd Pkt Len Std,0.1662475004334951,0.0223782996038139,10
CHRONOLOGICAL_NATURAL,PRIMARY,NO_INIT_FWD_WIN_BYTS,LightGBM,Fwd IAT Tot,0.1397560291095007,0.0188123266978252,11
CHRONOLOGICAL_NATURAL,PRIMARY,NO_INIT_FWD_WIN_BYTS,LightGBM,Bwd Pkt Len Max,0.1285836768637635,0.0173084349389565,12
CHRONOLOGICAL_NATURAL,PRIMARY,NO_INIT_FWD_WIN_BYTS,LightGBM,TotLen Bwd Pkts,0.1238409040697575,0.0166700181792438,13
CHRONOLOGICAL_NATURAL,PRIMARY,NO_INIT_FWD_WIN_BYTS,LightGBM,Flow IAT Max,0.1164327752228115,0.0156728222730898,14
CHRONOLOGICAL_NATURAL,PRIMARY,NO_INIT_FWD_WIN_BYTS,LightGBM,Bwd Pkts/s,0.1142329952226092,0.0153767135449668,15
CHRONOLOGICAL_NATURAL,PRIMARY,NO_INIT_FWD_WIN_BYTS,LightGBM,Idle Min,0.1135394926337345,0.0152833623146061,16
CHRONOLOGICAL_NATURAL,PRIMARY,NO_INIT_FWD_WIN_BYTS,LightGBM,Flow IAT Std,0.1040471819855421,0.0140056181616785,17
CHRONOLOGICAL_NATURAL,PRIMARY,NO_INIT_FWD_WIN_BYTS,LightGBM,Fwd IAT Min,0.0980484870279495,0.0131981438078214,18
CHRONOLOGICAL_NATURAL,PRIMARY,NO_INIT_FWD_WIN_BYTS,LightGBM,PSH Flag Cnt,0.0935529462522383,0.0125930065390041,19
CHRONOLOGICAL_NATURAL,PRIMARY,NO_INIT_FWD_WIN_BYTS,LightGBM,Flow Duration,0.0923187780859191,0.0124268772142602,20
CHRONOLOGICAL_NATURAL,PRIMARY,NO_INIT_FWD_WIN_BYTS,XGBoost,Dst Port,4.688595921853184,0.3020173625466086,1
CHRONOLOGICAL_NATURAL,PRIMARY,NO_INIT_FWD_WIN_BYTS,XGBoost,Fwd Header Len,2.7062982254927017,0.1743270407497203,2
CHRONOLOGICAL_NATURAL,PRIMARY,NO_INIT_FWD_WIN_BYTS,XGBoost,Pkt Len Std,1.0615443171924592,0.0683797068991364,3
CHRONOLOGICAL_NATURAL,PRIMARY,NO_INIT_FWD_WIN_BYTS,XGBoost,Init Bwd Win Byts,0.5100494206164032,0.0328549918462808,4
CHRONOLOGICAL_NATURAL,PRIMARY,NO_INIT_FWD_WIN_BYTS,XGBoost,PSH Flag Cnt,0.4451103173383511,0.0286719193390584,5
CHRONOLOGICAL_NATURAL,PRIMARY,NO_INIT_FWD_WIN_BYTS,XGBoost,Fwd Seg Size Min,0.430405456698034,0.0277247011737001,6
CHRONOLOGICAL_NATURAL,PRIMARY,NO_INIT_FWD_WIN_BYTS,XGBoost,Flow IAT Min,0.4220187646463484,0.0271844698003512,7
CHRONOLOGICAL_NATURAL,PRIMARY,NO_INIT_FWD_WIN_BYTS,XGBoost,Bwd Pkts/s,0.406772457496589,0.0262023741899183,8
CHRONOLOGICAL_NATURAL,PRIMARY,NO_INIT_FWD_WIN_BYTS,XGBoost,Fwd Pkt Len Max,0.4037802099482884,0.0260096276347263,9
CHRONOLOGICAL_NATURAL,PRIMARY,NO_INIT_FWD_WIN_BYTS,XGBoost,Tot Bwd Pkts,0.389632875561039,0.0250983226961226,10
CHRONOLOGICAL_NATURAL,PRIMARY,NO_INIT_FWD_WIN_BYTS,XGBoost,Fwd Pkt Len Std,0.3108210864703635,0.0200216368235347,11
CHRONOLOGICAL_NATURAL,PRIMARY,NO_INIT_FWD_WIN_BYTS,XGBoost,Flow IAT Max,0.2487188116430901,0.0160212995020655,12
CHRONOLOGICAL_NATURAL,PRIMARY,NO_INIT_FWD_WIN_BYTS,XGBoost,Fwd Pkts/s,0.2429299360873585,0.0156484072851645,13
CHRONOLOGICAL_NATURAL,PRIMARY,NO_INIT_FWD_WIN_BYTS,XGBoost,Bwd Pkt Len Std,0.2248132291845977,0.0144814139831187,14
CHRONOLOGICAL_NATURAL,PRIMARY,NO_INIT_FWD_WIN_BYTS,XGBoost,Flow IAT Std,0.2019077861202269,0.0130059527538797,15
CHRONOLOGICAL_NATURAL,PRIMARY,NO_INIT_FWD_WIN_BYTS,XGBoost,Fwd IAT Min,0.1711658688579627,0.011025702605237,16
CHRONOLOGICAL_NATURAL,PRIMARY,NO_INIT_FWD_WIN_BYTS,XGBoost,TotLen Fwd Pkts,0.1683143733878736,0.0108420226388795,17
CHRONOLOGICAL_NATURAL,PRIMARY,NO_INIT_FWD_WIN_BYTS,XGBoost,Fwd IAT Tot,0.1601908046356424,0.010318740434589,18
CHRONOLOGICAL_NATURAL,PRIMARY,NO_INIT_FWD_WIN_BYTS,XGBoost,Idle Min,0.1599301736031891,0.0103019518056836,19
CHRONOLOGICAL_NATURAL,PRIMARY,NO_INIT_FWD_WIN_BYTS,XGBoost,Bwd Pkt Len Min,0.1558922774461913,0.0100418494705923,20
CHRONOLOGICAL_NATURAL,PRIMARY,NO_PORTS,LightGBM,TotLen Fwd Pkts,1.432804199165984,0.1628349329003792,1
CHRONOLOGICAL_NATURAL,PRIMARY,NO_PORTS,LightGBM,Init Fwd Win Byts,1.3834070150078424,0.1572210554616191,2
CHRONOLOGICAL_NATURAL,PRIMARY,NO_PORTS,LightGBM,Fwd Header Len,0.6326859565401093,0.0719033175225124,3
CHRONOLOGICAL_NATURAL,PRIMARY,NO_PORTS,LightGBM,Init Bwd Win Byts,0.4175241308820712,0.0474506662362141,4
CHRONOLOGICAL_NATURAL,PRIMARY,NO_PORTS,LightGBM,Fwd IAT Tot,0.4043882731932802,0.045957805937097,5
CHRONOLOGICAL_NATURAL,PRIMARY,NO_PORTS,LightGBM,Fwd Pkt Len Std,0.3477789862249668,0.039524289445179,6
CHRONOLOGICAL_NATURAL,PRIMARY,NO_PORTS,LightGBM,TotLen Bwd Pkts,0.3439238096353476,0.0390861574089558,7
CHRONOLOGICAL_NATURAL,PRIMARY,NO_PORTS,LightGBM,Bwd Pkt Len Min,0.323757897176707,0.0367943474017064,8
CHRONOLOGICAL_NATURAL,PRIMARY,NO_PORTS,LightGBM,Fwd Pkt Len Max,0.2348171875040181,0.0266864383795981,9
CHRONOLOGICAL_NATURAL,PRIMARY,NO_PORTS,LightGBM,Flow Duration,0.2323715288207163,0.0264084948421459,10
CHRONOLOGICAL_NATURAL,PRIMARY,NO_PORTS,LightGBM,Fwd IAT Min,0.2311095885318199,0.0262650782033711,11
CHRONOLOGICAL_NATURAL,PRIMARY,NO_PORTS,LightGBM,Fwd Seg Size Min,0.2295681057032924,0.0260898921918446,12
CHRONOLOGICAL_NATURAL,PRIMARY,NO_PORTS,LightGBM,Flow IAT Min,0.185546325350096,0.0210869171488202,13
CHRONOLOGICAL_NATURAL,PRIMARY,NO_PORTS,LightGBM,Fwd IAT Std,0.1849580768632297,0.0210200640484849,14
CHRONOLOGICAL_NATURAL,PRIMARY,NO_PORTS,LightGBM,Fwd IAT Max,0.1722101684217057,0.0195712932974611,15
CHRONOLOGICAL_NATURAL,PRIMARY,NO_PORTS,LightGBM,Bwd IAT Min,0.1633687814234913,0.0185664898083043,16
CHRONOLOGICAL_NATURAL,PRIMARY,NO_PORTS,LightGBM,ECE Flag Cnt,0.1427281691126982,0.0162207312443588,17
CHRONOLOGICAL_NATURAL,PRIMARY,NO_PORTS,LightGBM,Bwd Pkt Len Std,0.1279376321982688,0.014539820421077,18
CHRONOLOGICAL_NATURAL,PRIMARY,NO_PORTS,LightGBM,Fwd Pkt Len Mean,0.1141748102390105,0.0129757070610239,19
CHRONOLOGICAL_NATURAL,PRIMARY,NO_PORTS,LightGBM,Bwd Header Len,0.1018242889377979,0.0115720984531357,20
CHRONOLOGICAL_NATURAL,PRIMARY,NO_PORTS,XGBoost,Init Fwd Win Byts,3.400143335914053,0.2146062827371407,1
CHRONOLOGICAL_NATURAL,PRIMARY,NO_PORTS,XGBoost,Fwd Pkt Len Max,2.550252541190386,0.1609638664714368,2
CHRONOLOGICAL_NATURAL,PRIMARY,NO_PORTS,XGBoost,Fwd Header Len,1.4690957795453083,0.0927246745461939,3
CHRONOLOGICAL_NATURAL,PRIMARY,NO_PORTS,XGBoost,Pkt Len Std,0.9519498922023456,0.0600840633863005,4
CHRONOLOGICAL_NATURAL,PRIMARY,NO_PORTS,XGBoost,Init Bwd Win Byts,0.6896385865092816,0.0435278042309549,5
CHRONOLOGICAL_NATURAL,PRIMARY,NO_PORTS,XGBoost,Flow IAT Min,0.6199944601205177,0.0391320874619292,6
CHRONOLOGICAL_NATURAL,PRIMARY,NO_PORTS,XGBoost,Fwd Seg Size Min,0.5975715823329986,0.0377168264053082,7
CHRONOLOGICAL_NATURAL,PRIMARY,NO_PORTS,XGBoost,Fwd IAT Tot,0.4791383352173259,0.030241694799084,8
CHRONOLOGICAL_NATURAL,PRIMARY,NO_PORTS,XGBoost,Flow IAT Mean,0.286793690929457,0.018101509801877,9
CHRONOLOGICAL_NATURAL,PRIMARY,NO_PORTS,XGBoost,Bwd Pkts/s,0.2695438386940572,0.0170127537406538,10
CHRONOLOGICAL_NATURAL,PRIMARY,NO_PORTS,XGBoost,Bwd IAT Min,0.2610089835627197,0.0164740607055427,11
CHRONOLOGICAL_NATURAL,PRIMARY,NO_PORTS,XGBoost,Fwd Pkt Len Std,0.2602804952162784,0.0164280808274606,12
CHRONOLOGICAL_NATURAL,PRIMARY,NO_PORTS,XGBoost,PSH Flag Cnt,0.2421853999738581,0.0152859757036169,13
CHRONOLOGICAL_NATURAL,PRIMARY,NO_PORTS,XGBoost,Tot Bwd Pkts,0.2283027632062465,0.0144097476223422,14
CHRONOLOGICAL_NATURAL,PRIMARY,NO_PORTS,XGBoost,Pkt Len Max,0.2106987593486323,0.0132986386319451,15
CHRONOLOGICAL_NATURAL,PRIMARY,NO_PORTS,XGBoost,Fwd IAT Min,0.2082849149310612,0.0131462844143775,16
CHRONOLOGICAL_NATURAL,PRIMARY,NO_PORTS,XGBoost,ECE Flag Cnt,0.1979985267169773,0.0124970401563197,17
CHRONOLOGICAL_NATURAL,PRIMARY,NO_PORTS,XGBoost,Tot Fwd Pkts,0.1971366848254649,0.0124426434246611,18
CHRONOLOGICAL_NATURAL,PRIMARY,NO_PORTS,XGBoost,Flow Duration,0.1837694612007879,0.0115989465892049,19
CHRONOLOGICAL_NATURAL,PRIMARY,NO_PORTS,XGBoost,Fwd Pkt Len Mean,0.1777433913669083,0.0112186001394234,20
CHRONOLOGICAL_NATURAL,PRIMARY,NO_SUSPICIOUS_GROUP,LightGBM,Fwd Header Len,1.5555054655085463,0.175475416368567,1
CHRONOLOGICAL_NATURAL,PRIMARY,NO_SUSPICIOUS_GROUP,LightGBM,TotLen Fwd Pkts,1.3091731729714893,0.1476868533860307,2
CHRONOLOGICAL_NATURAL,PRIMARY,NO_SUSPICIOUS_GROUP,LightGBM,Fwd Pkt Len Std,0.6012819437197172,0.0678301695292493,3
CHRONOLOGICAL_NATURAL,PRIMARY,NO_SUSPICIOUS_GROUP,LightGBM,Bwd Pkt Len Min,0.5715662355043997,0.064477962553837,4
CHRONOLOGICAL_NATURAL,PRIMARY,NO_SUSPICIOUS_GROUP,LightGBM,Init Bwd Win Byts,0.4734863487387933,0.0534136433667939,5
CHRONOLOGICAL_NATURAL,PRIMARY,NO_SUSPICIOUS_GROUP,LightGBM,Flow IAT Min,0.3384919354159407,0.0381850238533848,6
CHRONOLOGICAL_NATURAL,PRIMARY,NO_SUSPICIOUS_GROUP,LightGBM,Bwd Pkt Len Std,0.3107026451317323,0.0350501346541275,7
CHRONOLOGICAL_NATURAL,PRIMARY,NO_SUSPICIOUS_GROUP,LightGBM,Bwd Pkts/s,0.2283541305835332,0.0257604598840334,8
CHRONOLOGICAL_NATURAL,PRIMARY,NO_SUSPICIOUS_GROUP,LightGBM,Fwd IAT Mean,0.2258847903350189,0.0254818954444529,9
CHRONOLOGICAL_NATURAL,PRIMARY,NO_SUSPICIOUS_GROUP,LightGBM,ACK Flag Cnt,0.2170120258979024,0.0244809654776564,10
CHRONOLOGICAL_NATURAL,PRIMARY,NO_SUSPICIOUS_GROUP,LightGBM,Fwd Pkt Len Max,0.2146355624189919,0.0242128783974801,11
CHRONOLOGICAL_NATURAL,PRIMARY,NO_SUSPICIOUS_GROUP,LightGBM,Fwd IAT Tot,0.2035374773576904,0.0229609116637027,12
CHRONOLOGICAL_NATURAL,PRIMARY,NO_SUSPICIOUS_GROUP,LightGBM,Pkt Len Max,0.1831291709753334,0.0206586657769288,13
CHRONOLOGICAL_NATURAL,PRIMARY,NO_SUSPICIOUS_GROUP,LightGBM,Fwd IAT Min,0.1791098993900487,0.0202052547343031,14
CHRONOLOGICAL_NATURAL,PRIMARY,NO_SUSPICIOUS_GROUP,LightGBM,TotLen Bwd Pkts,0.1689848923253393,0.0190630602066653,15
CHRONOLOGICAL_NATURAL,PRIMARY,NO_SUSPICIOUS_GROUP,LightGBM,Flow Duration,0.1509250617173131,0.0170257441278991,16
CHRONOLOGICAL_NATURAL,PRIMARY,NO_SUSPICIOUS_GROUP,LightGBM,Tot Bwd Pkts,0.1473507630100005,0.0166225301451786,17
CHRONOLOGICAL_NATURAL,PRIMARY,NO_SUSPICIOUS_GROUP,LightGBM,Fwd IAT Std,0.1403157042974578,0.0158289103963999,18
CHRONOLOGICAL_NATURAL,PRIMARY,NO_SUSPICIOUS_GROUP,LightGBM,PSH Flag Cnt,0.1184350428194845,0.0133605692247334,19
CHRONOLOGICAL_NATURAL,PRIMARY,NO_SUSPICIOUS_GROUP,LightGBM,Bwd IAT Min,0.1155020815304565,0.0130297040398805,20
CHRONOLOGICAL_NATURAL,PRIMARY,NO_SUSPICIOUS_GROUP,XGBoost,Fwd Header Len,3.0936719966390984,0.2193757330307241,1
CHRONOLOGICAL_NATURAL,PRIMARY,NO_SUSPICIOUS_GROUP,XGBoost,Fwd Pkt Len Max,1.5476057827174663,0.1097424527859014,2
CHRONOLOGICAL_NATURAL,PRIMARY,NO_SUSPICIOUS_GROUP,XGBoost,Init Bwd Win Byts,0.9524318297550082,0.0675380037189745,3
CHRONOLOGICAL_NATURAL,PRIMARY,NO_SUSPICIOUS_GROUP,XGBoost,Flow IAT Min,0.8509082853920176,0.0603388559138083,4
CHRONOLOGICAL_NATURAL,PRIMARY,NO_SUSPICIOUS_GROUP,XGBoost,Pkt Len Std,0.7229773152875482,0.0512671280853608,5
CHRONOLOGICAL_NATURAL,PRIMARY,NO_SUSPICIOUS_GROUP,XGBoost,Fwd Pkt Len Std,0.630557522957999,0.0447135374943518,6
CHRONOLOGICAL_NATURAL,PRIMARY,NO_SUSPICIOUS_GROUP,XGBoost,Tot Bwd Pkts,0.4265983828584314,0.0302505673035018,7
CHRONOLOGICAL_NATURAL,PRIMARY,NO_SUSPICIOUS_GROUP,XGBoost,Bwd Pkt Len Std,0.4226340687248855,0.0299694533651284,8
CHRONOLOGICAL_NATURAL,PRIMARY,NO_SUSPICIOUS_GROUP,XGBoost,Fwd IAT Tot,0.3985096360143041,0.028258762924906,9
CHRONOLOGICAL_NATURAL,PRIMARY,NO_SUSPICIOUS_GROUP,XGBoost,Fwd IAT Min,0.3740403279048307,0.0265236169853552,10
CHRONOLOGICAL_NATURAL,PRIMARY,NO_SUSPICIOUS_GROUP,XGBoost,ACK Flag Cnt,0.370415697650623,0.0262665904098663,11
CHRONOLOGICAL_NATURAL,PRIMARY,NO_SUSPICIOUS_GROUP,XGBoost,Bwd Pkts/s,0.2884690243069192,0.0204556603714736,12
CHRONOLOGICAL_NATURAL,PRIMARY,NO_SUSPICIOUS_GROUP,XGBoost,PSH Flag Cnt,0.2817988682526462,0.0199826721634719,13
CHRONOLOGICAL_NATURAL,PRIMARY,NO_SUSPICIOUS_GROUP,XGBoost,Bwd IAT Min,0.2720064398282382,0.0192882801380441,14
CHRONOLOGICAL_NATURAL,PRIMARY,NO_SUSPICIOUS_GROUP,XGBoost,Tot Fwd Pkts,0.2401943037693155,0.0170324460758743,15
CHRONOLOGICAL_NATURAL,PRIMARY,NO_SUSPICIOUS_GROUP,XGBoost,Pkt Len Max,0.230251996446267,0.0163274259705173,16
CHRONOLOGICAL_NATURAL,PRIMARY,NO_SUSPICIOUS_GROUP,XGBoost,Flow IAT Max,0.2281923888496996,0.0161813768978479,17
CHRONOLOGICAL_NATURAL,PRIMARY,NO_SUSPICIOUS_GROUP,XGBoost,Fwd IAT Max,0.2108291500205872,0.0149501302595287,18
CHRONOLOGICAL_NATURAL,PRIMARY,NO_SUSPICIOUS_GROUP,XGBoost,TotLen Fwd Pkts,0.2017236333695618,0.0143044479143698,19
CHRONOLOGICAL_NATURAL,PRIMARY,NO_SUSPICIOUS_GROUP,XGBoost,Bwd Header Len,0.1891505186734255,0.013412874322877,20
CHRONOLOGICAL_NATURAL,PLACEBO,PLACEBO_ACTIVITY,LightGBM,Dst Port,1.7077680339156054,0.218507230161608,1
CHRONOLOGICAL_NATURAL,PLACEBO,PLACEBO_ACTIVITY,LightGBM,Fwd Header Len,1.1613208725522703,0.1485898565558925,2
CHRONOLOGICAL_NATURAL,PLACEBO,PLACEBO_ACTIVITY,LightGBM,Init Fwd Win Byts,0.9090110057161274,0.1163070587461671,3
CHRONOLOGICAL_NATURAL,PLACEBO,PLACEBO_ACTIVITY,LightGBM,Bwd Pkt Len Min,0.3836896352122616,0.0490927091776752,4
CHRONOLOGICAL_NATURAL,PLACEBO,PLACEBO_ACTIVITY,LightGBM,TotLen Fwd Pkts,0.3046891198893345,0.0389846714104069,5
CHRONOLOGICAL_NATURAL,PLACEBO,PLACEBO_ACTIVITY,LightGBM,Fwd IAT Min,0.2754968244730201,0.0352495460966645,6
CHRONOLOGICAL_NATURAL,PLACEBO,PLACEBO_ACTIVITY,LightGBM,Flow Pkts/s,0.2094088557287874,0.0267936558876182,7
CHRONOLOGICAL_NATURAL,PLACEBO,PLACEBO_ACTIVITY,LightGBM,Flow IAT Std,0.2026063215099391,0.0259232783651909,8
CHRONOLOGICAL_NATURAL,PLACEBO,PLACEBO_ACTIVITY,LightGBM,Flow IAT Min,0.1778881110079615,0.0227606077892843,9
CHRONOLOGICAL_NATURAL,PLACEBO,PLACEBO_ACTIVITY,LightGBM,Fwd Seg Size Min,0.1749120498755449,0.022379823712102,10
CHRONOLOGICAL_NATURAL,PLACEBO,PLACEBO_ACTIVITY,LightGBM,Init Bwd Win Byts,0.174825645986299,0.0223687684199667,11
CHRONOLOGICAL_NATURAL,PLACEBO,PLACEBO_ACTIVITY,LightGBM,Fwd IAT Tot,0.152652542929145,0.0195317418233288,12
CHRONOLOGICAL_NATURAL,PLACEBO,PLACEBO_ACTIVITY,LightGBM,Fwd Pkt Len Std,0.1354806839435754,0.0173346194570906,13
CHRONOLOGICAL_NATURAL,PLACEBO,PLACEBO_ACTIVITY,LightGBM,Fwd Pkt Len Max,0.133243625567319,0.0170483900513411,14
CHRONOLOGICAL_NATURAL,PLACEBO,PLACEBO_ACTIVITY,LightGBM,Bwd Pkt Len Max,0.1180337217001711,0.0151022979012177,15
CHRONOLOGICAL_NATURAL,PLACEBO,PLACEBO_ACTIVITY,LightGBM,Fwd IAT Mean,0.1157257766809777,0.0148069986196444,16
CHRONOLOGICAL_NATURAL,PLACEBO,PLACEBO_ACTIVITY,LightGBM,Fwd IAT Std,0.1080667638503744,0.0138270355062992,17
CHRONOLOGICAL_NATURAL,PLACEBO,PLACEBO_ACTIVITY,LightGBM,Bwd Pkts/s,0.1050299571058864,0.0134384790881581,18
CHRONOLOGICAL_NATURAL,PLACEBO,PLACEBO_ACTIVITY,LightGBM,Tot Bwd Pkts,0.0999647950659129,0.0127903966169476,19
CHRONOLOGICAL_NATURAL,PLACEBO,PLACEBO_ACTIVITY,LightGBM,Fwd Pkt Len Mean,0.0858650749754036,0.0109863513825563,20
CHRONOLOGICAL_NATURAL,PLACEBO,PLACEBO_ACTIVITY,XGBoost,Dst Port,3.903485897315573,0.2371229778063596,1
CHRONOLOGICAL_NATURAL,PLACEBO,PLACEBO_ACTIVITY,XGBoost,Fwd Header Len,2.700457625508588,0.1640432604203462,2
CHRONOLOGICAL_NATURAL,PLACEBO,PLACEBO_ACTIVITY,XGBoost,Init Fwd Win Byts,2.321729927536845,0.1410368907591759,3
CHRONOLOGICAL_NATURAL,PLACEBO,PLACEBO_ACTIVITY,XGBoost,Fwd Pkt Len Max,0.696072979708761,0.0422839743913499,4
CHRONOLOGICAL_NATURAL,PLACEBO,PLACEBO_ACTIVITY,XGBoost,Init Bwd Win Byts,0.5911587712285109,0.035910806873019,5
CHRONOLOGICAL_NATURAL,PLACEBO,PLACEBO_ACTIVITY,XGBoost,Flow IAT Min,0.3696008484447142,0.0224519457962531,6
CHRONOLOGICAL_NATURAL,PLACEBO,PLACEBO_ACTIVITY,XGBoost,Fwd Pkt Len Mean,0.3568101640969515,0.0216749569097789,7
CHRONOLOGICAL_NATURAL,PLACEBO,PLACEBO_ACTIVITY,XGBoost,RST Flag Cnt,0.3135748180001974,0.019048562378675,8
CHRONOLOGICAL_NATURAL,PLACEBO,PLACEBO_ACTIVITY,XGBoost,Pkt Len Std,0.3092816294140648,0.0187877663392867,9
CHRONOLOGICAL_NATURAL,PLACEBO,PLACEBO_ACTIVITY,XGBoost,Fwd Seg Size Min,0.306169800940156,0.0185987337531402,10
CHRONOLOGICAL_NATURAL,PLACEBO,PLACEBO_ACTIVITY,XGBoost,Bwd Pkt Len Min,0.2970300937833264,0.0180435288326367,11
CHRONOLOGICAL_NATURAL,PLACEBO,PLACEBO_ACTIVITY,XGBoost,PSH Flag Cnt,0.2717433250948204,0.0165074469693354,12
CHRONOLOGICAL_NATURAL,PLACEBO,PLACEBO_ACTIVITY,XGBoost,Flow IAT Max,0.2677781644857605,0.0162665774706784,13
CHRONOLOGICAL_NATURAL,PLACEBO,PLACEBO_ACTIVITY,XGBoost,Fwd IAT Min,0.2429596197970997,0.0147589385611995,14
CHRONOLOGICAL_NATURAL,PLACEBO,PLACEBO_ACTIVITY,XGBoost,Fwd IAT Tot,0.2420967646856792,0.014706523161524,15
CHRONOLOGICAL_NATURAL,PLACEBO,PLACEBO_ACTIVITY,XGBoost,Idle Min,0.2273130860645033,0.0138084669139028,16
CHRONOLOGICAL_NATURAL,PLACEBO,PLACEBO_ACTIVITY,XGBoost,Fwd IAT Mean,0.2022843844801769,0.0122880617154663,17
CHRONOLOGICAL_NATURAL,PLACEBO,PLACEBO_ACTIVITY,XGBoost,Fwd IAT Std,0.2022381123525556,0.012285250847186,18
CHRONOLOGICAL_NATURAL,PLACEBO,PLACEBO_ACTIVITY,XGBoost,Tot Bwd Pkts,0.1982504099628189,0.0120430120149899,19
CHRONOLOGICAL_NATURAL,PLACEBO,PLACEBO_ACTIVITY,XGBoost,TotLen Fwd Pkts,0.1919920320463832,0.0116628376665176,20
CHRONOLOGICAL_NATURAL,PLACEBO,PLACEBO_COUNTS,LightGBM,Dst Port,1.7054110833174982,0.2213073892623912,1
CHRONOLOGICAL_NATURAL,PLACEBO,PLACEBO_COUNTS,LightGBM,Fwd Header Len,1.0776457814226903,0.1398436874072343,2
CHRONOLOGICAL_NATURAL,PLACEBO,PLACEBO_COUNTS,LightGBM,Init Fwd Win Byts,0.9751645664842888,0.1265449289153304,3
CHRONOLOGICAL_NATURAL,PLACEBO,PLACEBO_COUNTS,LightGBM,Bwd Pkt Len Min,0.3911926561301289,0.0507641977196307,4
CHRONOLOGICAL_NATURAL,PLACEBO,PLACEBO_COUNTS,LightGBM,TotLen Fwd Pkts,0.3105085952725528,0.0402940072546179,5
CHRONOLOGICAL_NATURAL,PLACEBO,PLACEBO_COUNTS,LightGBM,Fwd IAT Min,0.2762393554918382,0.0358469645081126,6
CHRONOLOGICAL_NATURAL,PLACEBO,PLACEBO_COUNTS,LightGBM,Flow IAT Std,0.2010787464679304,0.0260935400574544,7
CHRONOLOGICAL_NATURAL,PLACEBO,PLACEBO_COUNTS,LightGBM,Flow Pkts/s,0.1944426345862571,0.0252323866324811,8
CHRONOLOGICAL_NATURAL,PLACEBO,PLACEBO_COUNTS,LightGBM,Init Bwd Win Byts,0.179787693695443,0.0233306476675673,9
CHRONOLOGICAL_NATURAL,PLACEBO,PLACEBO_COUNTS,LightGBM,Flow IAT Min,0.1728383022728769,0.0224288406559119,10
CHRONOLOGICAL_NATURAL,PLACEBO,PLACEBO_COUNTS,LightGBM,Fwd Seg Size Min,0.1700225178369784,0.0220634425953914,11
CHRONOLOGICAL_NATURAL,PLACEBO,PLACEBO_COUNTS,LightGBM,Fwd Pkt Len Std,0.1471214025061629,0.0190916159814816,12
CHRONOLOGICAL_NATURAL,PLACEBO,PLACEBO_COUNTS,LightGBM,Fwd IAT Tot,0.1311477660604415,0.0170187528381552,13
CHRONOLOGICAL_NATURAL,PLACEBO,PLACEBO_COUNTS,LightGBM,Bwd Pkt Len Max,0.1227122748833563,0.015924097978803,14
CHRONOLOGICAL_NATURAL,PLACEBO,PLACEBO_COUNTS,LightGBM,Fwd IAT Std,0.1179598719394567,0.0153073892576474,15
CHRONOLOGICAL_NATURAL,PLACEBO,PLACEBO_COUNTS,LightGBM,Fwd IAT Mean,0.1092886062267961,0.0141821384631373,16
CHRONOLOGICAL_NATURAL,PLACEBO,PLACEBO_COUNTS,LightGBM,Fwd Pkt Len Max,0.1030702439642264,0.0133751954736851,17
CHRONOLOGICAL_NATURAL,PLACEBO,PLACEBO_COUNTS,LightGBM,Bwd Pkts/s,0.09905968483173,0.0128547541679041,18
CHRONOLOGICAL_NATURAL,PLACEBO,PLACEBO_COUNTS,LightGBM,Fwd Pkt Len Mean,0.0849422488012542,0.0110227660088346,19
CHRONOLOGICAL_NATURAL,PLACEBO,PLACEBO_COUNTS,LightGBM,Fwd Pkts/s,0.0836462859633179,0.0108545918043567,20
CHRONOLOGICAL_NATURAL,PLACEBO,PLACEBO_COUNTS,XGBoost,Dst Port,3.805936232789606,0.228858159598576,1
CHRONOLOGICAL_NATURAL,PLACEBO,PLACEBO_COUNTS,XGBoost,Fwd Header Len,2.6065401070198044,0.1567361971735389,2
CHRONOLOGICAL_NATURAL,PLACEBO,PLACEBO_COUNTS,XGBoost,Init Fwd Win Byts,2.381420991156669,0.1431993580370794,3
CHRONOLOGICAL_NATURAL,PLACEBO,PLACEBO_COUNTS,XGBoost,Fwd Pkt Len Max,0.7187357412435115,0.0432189424409101,4
CHRONOLOGICAL_NATURAL,PLACEBO,PLACEBO_COUNTS,XGBoost,Init Bwd Win Byts,0.6446041382526979,0.0387612686411222,5
CHRONOLOGICAL_NATURAL,PLACEBO,PLACEBO_COUNTS,XGBoost,Flow IAT Min,0.3955922937149764,0.0237877144422439,6
CHRONOLOGICAL_NATURAL,PLACEBO,PLACEBO_COUNTS,XGBoost,Fwd Seg Size Min,0.377581164171407,0.0227046710837871,7
CHRONOLOGICAL_NATURAL,PLACEBO,PLACEBO_COUNTS,XGBoost,Fwd Pkt Len Mean,0.3641042289953446,0.0218942774269385,8
CHRONOLOGICAL_NATURAL,PLACEBO,PLACEBO_COUNTS,XGBoost,Pkt Len Std,0.3289244804167421,0.0197788524638307,9
CHRONOLOGICAL_NATURAL,PLACEBO,PLACEBO_COUNTS,XGBoost,RST Flag Cnt,0.3059077143679373,0.0183948106944342,10
CHRONOLOGICAL_NATURAL,PLACEBO,PLACEBO_COUNTS,XGBoost,Flow IAT Max,0.2774601917124731,0.01668420723661,11
CHRONOLOGICAL_NATURAL,PLACEBO,PLACEBO_COUNTS,XGBoost,Fwd IAT Tot,0.2707039089719648,0.0162779391492997,12
CHRONOLOGICAL_NATURAL,PLACEBO,PLACEBO_COUNTS,XGBoost,Bwd Pkts/s,0.2694051449643914,0.016199842007796,13
CHRONOLOGICAL_NATURAL,PLACEBO,PLACEBO_COUNTS,XGBoost,PSH Flag Cnt,0.2652595278762746,0.0159505581945222,14
CHRONOLOGICAL_NATURAL,PLACEBO,PLACEBO_COUNTS,XGBoost,Bwd Pkt Len Min,0.2243747069854289,0.0134920764196612,15
CHRONOLOGICAL_NATURAL,PLACEBO,PLACEBO_COUNTS,XGBoost,Fwd IAT Min,0.2144115598216682,0.012892973496164,16
CHRONOLOGICAL_NATURAL,PLACEBO,PLACEBO_COUNTS,XGBoost,TotLen Fwd Pkts,0.2050357708588359,0.0123291895345905,17
CHRONOLOGICAL_NATURAL,PLACEBO,PLACEBO_COUNTS,XGBoost,Idle Min,0.2044396109291701,0.0122933413080347,18
CHRONOLOGICAL_NATURAL,PLACEBO,PLACEBO_COUNTS,XGBoost,Fwd IAT Std,0.1903104612919502,0.0114437287594039,19
CHRONOLOGICAL_NATURAL,PLACEBO,PLACEBO_COUNTS,XGBoost,Fwd IAT Mean,0.1858388434520864,0.0111748419030129,20
CHRONOLOGICAL_NATURAL,PLACEBO,PLACEBO_IAT,LightGBM,Dst Port,1.7255365989131897,0.2245768151952001,1
CHRONOLOGICAL_NATURAL,PLACEBO,PLACEBO_IAT,LightGBM,Fwd Header Len,1.193858553866623,0.1553794639822658,2
CHRONOLOGICAL_NATURAL,PLACEBO,PLACEBO_IAT,LightGBM,Init Fwd Win Byts,0.8516893280073419,0.1108464908481791,3
CHRONOLOGICAL_NATURAL,PLACEBO,PLACEBO_IAT,LightGBM,TotLen Fwd Pkts,0.3990840745795995,0.0519403822096034,4
CHRONOLOGICAL_NATURAL,PLACEBO,PLACEBO_IAT,LightGBM,Bwd Pkt Len Min,0.3186757513204983,0.0414753215646488,5
CHRONOLOGICAL_NATURAL,PLACEBO,PLACEBO_IAT,LightGBM,Fwd IAT Min,0.2728943384923797,0.0355169177298352,6
CHRONOLOGICAL_NATURAL,PLACEBO,PLACEBO_IAT,LightGBM,Flow IAT Min,0.2151457904839334,0.0280010035486742,7
CHRONOLOGICAL_NATURAL,PLACEBO,PLACEBO_IAT,LightGBM,Flow Pkts/s,0.2120189094647358,0.027594043197194,8
CHRONOLOGICAL_NATURAL,PLACEBO,PLACEBO_IAT,LightGBM,Fwd Seg Size Min,0.1801308698214224,0.0234438476056174,9
CHRONOLOGICAL_NATURAL,PLACEBO,PLACEBO_IAT,LightGBM,Init Bwd Win Byts,0.1774147753172001,0.0230903506969389,10
CHRONOLOGICAL_NATURAL,PLACEBO,PLACEBO_IAT,LightGBM,Fwd Pkt Len Std,0.1398407638934655,0.0182001317210185,11
CHRONOLOGICAL_NATURAL,PLACEBO,PLACEBO_IAT,LightGBM,Fwd IAT Tot,0.1348714469634975,0.01755338022903,12
CHRONOLOGICAL_NATURAL,PLACEBO,PLACEBO_IAT,LightGBM,Flow Duration,0.1337359874263007,0.0174056013370568,13
CHRONOLOGICAL_NATURAL,PLACEBO,PLACEBO_IAT,LightGBM,Bwd IAT Max,0.1285966520401441,0.0167367221177056,14
CHRONOLOGICAL_NATURAL,PLACEBO,PLACEBO_IAT,LightGBM,Fwd IAT Std,0.112916083516063,0.0146959122375754,15
CHRONOLOGICAL_NATURAL,PLACEBO,PLACEBO_IAT,LightGBM,Bwd Pkt Len Max,0.1031086043365682,0.013419478900484,16
CHRONOLOGICAL_NATURAL,PLACEBO,PLACEBO_IAT,LightGBM,Fwd IAT Mean,0.1029560881413204,0.0133996290743974,17
CHRONOLOGICAL_NATURAL,PLACEBO,PLACEBO_IAT,LightGBM,Bwd Pkts/s,0.0988064636623714,0.0128595597125969,18
CHRONOLOGICAL_NATURAL,PLACEBO,PLACEBO_IAT,LightGBM,Tot Bwd Pkts,0.0906583990232022,0.0117990974727222,19
CHRONOLOGICAL_NATURAL,PLACEBO,PLACEBO_IAT,LightGBM,Fwd Pkt Len Mean,0.0904625645157491,0.0117736098128158,20
CHRONOLOGICAL_NATURAL,PLACEBO,PLACEBO_IAT,XGBoost,Dst Port,3.879586678064987,0.2392073127037073,1
CHRONOLOGICAL_NATURAL,PLACEBO,PLACEBO_IAT,XGBoost,Fwd Header Len,2.619041474175686,0.1614846953772913,2
CHRONOLOGICAL_NATURAL,PLACEBO,PLACEBO_IAT,XGBoost,Init Fwd Win Byts,2.289181922117248,0.1411462357512513,3
CHRONOLOGICAL_NATURAL,PLACEBO,PLACEBO_IAT,XGBoost,Init Bwd Win Byts,0.6968906217925483,0.0429688383636156,4
CHRONOLOGICAL_NATURAL,PLACEBO,PLACEBO_IAT,XGBoost,Fwd Pkt Len Max,0.6317996106997132,0.0389554608735037,5
CHRONOLOGICAL_NATURAL,PLACEBO,PLACEBO_IAT,XGBoost,Flow IAT Min,0.4333824746248312,0.0267214695096321,6
CHRONOLOGICAL_NATURAL,PLACEBO,PLACEBO_IAT,XGBoost,Fwd Pkt Len Mean,0.407162758444529,0.0251048158895943,7
CHRONOLOGICAL_NATURAL,PLACEBO,PLACEBO_IAT,XGBoost,Pkt Len Std,0.3404094608369516,0.0209889452415428,8
CHRONOLOGICAL_NATURAL,PLACEBO,PLACEBO_IAT,XGBoost,Bwd Pkts/s,0.3327484303337987,0.0205165819020248,9
CHRONOLOGICAL_NATURAL,PLACEBO,PLACEBO_IAT,XGBoost,RST Flag Cnt,0.3286367502451874,0.0202630641883325,10
CHRONOLOGICAL_NATURAL,PLACEBO,PLACEBO_IAT,XGBoost,Fwd Seg Size Min,0.3125573965027928,0.0192716444011481,11
CHRONOLOGICAL_NATURAL,PLACEBO,PLACEBO_IAT,XGBoost,Tot Bwd Pkts,0.2708278312053531,0.016698685474484,12
CHRONOLOGICAL_NATURAL,PLACEBO,PLACEBO_IAT,XGBoost,Bwd Pkt Len Min,0.2643991473855451,0.0163023060896767,13
CHRONOLOGICAL_NATURAL,PLACEBO,PLACEBO_IAT,XGBoost,TotLen Fwd Pkts,0.2146754627698508,0.0132364462541699,14
CHRONOLOGICAL_NATURAL,PLACEBO,PLACEBO_IAT,XGBoost,Fwd IAT Std,0.2038762959625804,0.0125705919027227,15
CHRONOLOGICAL_NATURAL,PLACEBO,PLACEBO_IAT,XGBoost,Idle Min,0.1981087671519024,0.0122149779721089,16
CHRONOLOGICAL_NATURAL,PLACEBO,PLACEBO_IAT,XGBoost,Fwd IAT Min,0.1817438650500727,0.0112059518620413,17
CHRONOLOGICAL_NATURAL,PLACEBO,PLACEBO_IAT,XGBoost,PSH Flag Cnt,0.1812087949633423,0.0111729605441057,18
CHRONOLOGICAL_NATURAL,PLACEBO,PLACEBO_IAT,XGBoost,Fwd IAT Mean,0.1706259295465075,0.0105204428902589,19
CHRONOLOGICAL_NATURAL,PLACEBO,PLACEBO_IAT,XGBoost,Bwd Header Len,0.1680454789499228,0.010361337628798,20
CHRONOLOGICAL_NATURAL,PLACEBO,PLACEBO_PACKET_SIZE,LightGBM,Dst Port,1.701885656329766,0.2190217906832714,1
CHRONOLOGICAL_NATURAL,PLACEBO,PLACEBO_PACKET_SIZE,LightGBM,Fwd Header Len,1.0975464212926624,0.1412471993376719,2
CHRONOLOGICAL_NATURAL,PLACEBO,PLACEBO_PACKET_SIZE,LightGBM,Init Fwd Win Byts,0.9997110861498976,0.1286564179209712,3
CHRONOLOGICAL_NATURAL,PLACEBO,PLACEBO_PACKET_SIZE,LightGBM,Bwd Pkt Len Min,0.3583225505235092,0.0461138187315735,4
CHRONOLOGICAL_NATURAL,PLACEBO,PLACEBO_PACKET_SIZE,LightGBM,TotLen Fwd Pkts,0.3127922069028422,0.0402543549343824,5
CHRONOLOGICAL_NATURAL,PLACEBO,PLACEBO_PACKET_SIZE,LightGBM,Fwd IAT Min,0.2710648140998214,0.034884306565815,6
CHRONOLOGICAL_NATURAL,PLACEBO,PLACEBO_PACKET_SIZE,LightGBM,Flow IAT Std,0.2044946944479252,0.0263171582630311,7
CHRONOLOGICAL_NATURAL,PLACEBO,PLACEBO_PACKET_SIZE,LightGBM,Flow Pkts/s,0.2020417418168374,0.0260014789600627,8
CHRONOLOGICAL_NATURAL,PLACEBO,PLACEBO_PACKET_SIZE,LightGBM,Flow IAT Min,0.1704111951963701,0.0219308300681473,9
CHRONOLOGICAL_NATURAL,PLACEBO,PLACEBO_PACKET_SIZE,LightGBM,Init Bwd Win Byts,0.1691874069947767,0.0217733363597227,10
CHRONOLOGICAL_NATURAL,PLACEBO,PLACEBO_PACKET_SIZE,LightGBM,Fwd Seg Size Min,0.1678030003843896,0.0215951720901591,11
CHRONOLOGICAL_NATURAL,PLACEBO,PLACEBO_PACKET_SIZE,LightGBM,Fwd IAT Tot,0.1565548093286705,0.020147601897762,12
CHRONOLOGICAL_NATURAL,PLACEBO,PLACEBO_PACKET_SIZE,LightGBM,Fwd Pkt Len Std,0.1509491755030897,0.0194261927044786,13
CHRONOLOGICAL_NATURAL,PLACEBO,PLACEBO_PACKET_SIZE,LightGBM,Bwd Pkt Len Max,0.1312075774601818,0.0168855753967144,14
CHRONOLOGICAL_NATURAL,PLACEBO,PLACEBO_PACKET_SIZE,LightGBM,Fwd IAT Std,0.1169472192386685,0.0150503585701054,15
CHRONOLOGICAL_NATURAL,PLACEBO,PLACEBO_PACKET_SIZE,LightGBM,Tot Bwd Pkts,0.1062099474983564,0.0136685404233519,16
CHRONOLOGICAL_NATURAL,PLACEBO,PLACEBO_PACKET_SIZE,LightGBM,Fwd IAT Mean,0.104786662631063,0.0134853727709731,17
CHRONOLOGICAL_NATURAL,PLACEBO,PLACEBO_PACKET_SIZE,LightGBM,Fwd Pkt Len Max,0.1045794404561701,0.0134587046034347,18
CHRONOLOGICAL_NATURAL,PLACEBO,PLACEBO_PACKET_SIZE,LightGBM,Fwd Pkt Len Mean,0.0895608904162805,0.0115259133427711,19
CHRONOLOGICAL_NATURAL,PLACEBO,PLACEBO_PACKET_SIZE,LightGBM,Flow Duration,0.0892384968823549,0.0114844233585042,20
CHRONOLOGICAL_NATURAL,PLACEBO,PLACEBO_PACKET_SIZE,XGBoost,Dst Port,3.824978912100196,0.2363728362434286,1
CHRONOLOGICAL_NATURAL,PLACEBO,PLACEBO_PACKET_SIZE,XGBoost,Fwd Header Len,2.598992100653518,0.1606103323242703,2
CHRONOLOGICAL_NATURAL,PLACEBO,PLACEBO_PACKET_SIZE,XGBoost,Init Fwd Win Byts,2.380561243105866,0.1471119255335062,3
CHRONOLOGICAL_NATURAL,PLACEBO,PLACEBO_PACKET_SIZE,XGBoost,Fwd Pkt Len Max,0.6782271445989608,0.0419125117994739,4
CHRONOLOGICAL_NATURAL,PLACEBO,PLACEBO_PACKET_SIZE,XGBoost,Init Bwd Win Byts,0.6430982181295287,0.0397416438876277,5
CHRONOLOGICAL_NATURAL,PLACEBO,PLACEBO_PACKET_SIZE,XGBoost,Flow IAT Min,0.4170749563623219,0.0257740480737279,6
CHRONOLOGICAL_NATURAL,PLACEBO,PLACEBO_PACKET_SIZE,XGBoost,Fwd Seg Size Min,0.347947527057305,0.0215021692209182,7
CHRONOLOGICAL_NATURAL,PLACEBO,PLACEBO_PACKET_SIZE,XGBoost,Fwd Pkt Len Mean,0.3251023028377676,0.0200903992301592,8
CHRONOLOGICAL_NATURAL,PLACEBO,PLACEBO_PACKET_SIZE,XGBoost,RST Flag Cnt,0.3142634609922766,0.0194205895795732,9
CHRONOLOGICAL_NATURAL,PLACEBO,PLACEBO_PACKET_SIZE,XGBoost,Bwd Pkt Len Min,0.2488979304749518,0.0153811853904262,10
CHRONOLOGICAL_NATURAL,PLACEBO,PLACEBO_PACKET_SIZE,XGBoost,PSH Flag Cnt,0.229534152566985,0.0141845588966135,11
CHRONOLOGICAL_NATURAL,PLACEBO,PLACEBO_PACKET_SIZE,XGBoost,Fwd IAT Tot,0.2183409607241977,0.0134928514223248,12
CHRONOLOGICAL_NATURAL,PLACEBO,PLACEBO_PACKET_SIZE,XGBoost,Flow IAT Max,0.2147312759467517,0.0132697831523036,13
CHRONOLOGICAL_NATURAL,PLACEBO,PLACEBO_PACKET_SIZE,XGBoost,TotLen Fwd Pkts,0.2130462476514978,0.0131656531880731,14
CHRONOLOGICAL_NATURAL,PLACEBO,PLACEBO_PACKET_SIZE,XGBoost,Fwd IAT Min,0.2123989243996329,0.013125650449097,15
CHRONOLOGICAL_NATURAL,PLACEBO,PLACEBO_PACKET_SIZE,XGBoost,Fwd IAT Mean,0.2104816673703957,0.0130071694084893,16
CHRONOLOGICAL_NATURAL,PLACEBO,PLACEBO_PACKET_SIZE,XGBoost,Idle Min,0.2025649890743196,0.0125179411681582,17
CHRONOLOGICAL_NATURAL,PLACEBO,PLACEBO_PACKET_SIZE,XGBoost,Bwd Pkts/s,0.1934160500230907,0.0119525627120009,18
CHRONOLOGICAL_NATURAL,PLACEBO,PLACEBO_PACKET_SIZE,XGBoost,Tot Bwd Pkts,0.182086494514074,0.0112524283503259,19
CHRONOLOGICAL_NATURAL,PLACEBO,PLACEBO_PACKET_SIZE,XGBoost,Fwd IAT Std,0.1805357593452558,0.0111565973200014,20
CHRONOLOGICAL_NATURAL,PLACEBO,PLACEBO_VOLUME_DIRECTION,LightGBM,Dst Port,1.6964079601061133,0.2163484864676021,1
CHRONOLOGICAL_NATURAL,PLACEBO,PLACEBO_VOLUME_DIRECTION,LightGBM,Fwd Header Len,1.1124908798565432,0.1418796207787888,2
CHRONOLOGICAL_NATURAL,PLACEBO,PLACEBO_VOLUME_DIRECTION,LightGBM,Init Fwd Win Byts,0.97591296980006,0.1244613907182672,3
CHRONOLOGICAL_NATURAL,PLACEBO,PLACEBO_VOLUME_DIRECTION,LightGBM,Bwd Pkt Len Min,0.3903517810815691,0.049782846469105,4
CHRONOLOGICAL_NATURAL,PLACEBO,PLACEBO_VOLUME_DIRECTION,LightGBM,Subflow Fwd Byts,0.3125326020044485,0.0398583106219416,5
CHRONOLOGICAL_NATURAL,PLACEBO,PLACEBO_VOLUME_DIRECTION,LightGBM,Fwd IAT Min,0.2760921670708993,0.0352109421059384,6
CHRONOLOGICAL_NATURAL,PLACEBO,PLACEBO_VOLUME_DIRECTION,LightGBM,Flow Pkts/s,0.2031372063745414,0.025906756026799,7
CHRONOLOGICAL_NATURAL,PLACEBO,PLACEBO_VOLUME_DIRECTION,LightGBM,Flow IAT Std,0.2010702103980451,0.0256431452317744,8
CHRONOLOGICAL_NATURAL,PLACEBO,PLACEBO_VOLUME_DIRECTION,LightGBM,Init Bwd Win Byts,0.1935188621587537,0.0246800969551923,9
CHRONOLOGICAL_NATURAL,PLACEBO,PLACEBO_VOLUME_DIRECTION,LightGBM,Flow IAT Min,0.1672343411332903,0.0213279455416672,10
CHRONOLOGICAL_NATURAL,PLACEBO,PLACEBO_VOLUME_DIRECTION,LightGBM,Fwd Seg Size Min,0.162520710550518,0.0207268007307891,11
CHRONOLOGICAL_NATURAL,PLACEBO,PLACEBO_VOLUME_DIRECTION,LightGBM,Fwd Pkt Len Std,0.1552311082484424,0.0197971337744361,12
CHRONOLOGICAL_NATURAL,PLACEBO,PLACEBO_VOLUME_DIRECTION,LightGBM,Fwd IAT Tot,0.1441995496434307,0.0183902428238515,13
CHRONOLOGICAL_NATURAL,PLACEBO,PLACEBO_VOLUME_DIRECTION,LightGBM,Bwd Pkt Len Max,0.1374635276451175,0.0175311757843073,14
CHRONOLOGICAL_NATURAL,PLACEBO,PLACEBO_VOLUME_DIRECTION,LightGBM,Fwd IAT Mean,0.133815689433449,0.0170659549798,15
CHRONOLOGICAL_NATURAL,PLACEBO,PLACEBO_VOLUME_DIRECTION,LightGBM,Fwd IAT Std,0.1184309318781042,0.0151038862498457,16
CHRONOLOGICAL_NATURAL,PLACEBO,PLACEBO_VOLUME_DIRECTION,LightGBM,Fwd Pkt Len Max,0.1094474873184456,0.0139581980195062,17
CHRONOLOGICAL_NATURAL,PLACEBO,PLACEBO_VOLUME_DIRECTION,LightGBM,Flow Duration,0.0943788377726616,0.0120364435836586,18
CHRONOLOGICAL_NATURAL,PLACEBO,PLACEBO_VOLUME_DIRECTION,LightGBM,Tot Bwd Pkts,0.0889047329279225,0.0113383129890284,19
CHRONOLOGICAL_NATURAL,PLACEBO,PLACEBO_VOLUME_DIRECTION,LightGBM,Fwd Pkt Len Mean,0.0886592916481954,0.0113070110553931,20
CHRONOLOGICAL_NATURAL,PLACEBO,PLACEBO_VOLUME_DIRECTION,XGBoost,Dst Port,3.835914383006189,0.2351382416206927,1
CHRONOLOGICAL_NATURAL,PLACEBO,PLACEBO_VOLUME_DIRECTION,XGBoost,Fwd Header Len,2.6054839467575306,0.1597139176321704,2
CHRONOLOGICAL_NATURAL,PLACEBO,PLACEBO_VOLUME_DIRECTION,XGBoost,Init Fwd Win Byts,2.3793644320268648,0.1458529865004843,3
CHRONOLOGICAL_NATURAL,PLACEBO,PLACEBO_VOLUME_DIRECTION,XGBoost,Fwd Pkt Len Max,0.6994526514440775,0.0428758439672469,4
CHRONOLOGICAL_NATURAL,PLACEBO,PLACEBO_VOLUME_DIRECTION,XGBoost,Init Bwd Win Byts,0.600158218961861,0.0367891809384711,5
CHRONOLOGICAL_NATURAL,PLACEBO,PLACEBO_VOLUME_DIRECTION,XGBoost,Pkt Len Std,0.4789004239485919,0.0293561827389968,6
CHRONOLOGICAL_NATURAL,PLACEBO,PLACEBO_VOLUME_DIRECTION,XGBoost,Flow IAT Min,0.3766401013159193,0.0230877132033011,7
CHRONOLOGICAL_NATURAL,PLACEBO,PLACEBO_VOLUME_DIRECTION,XGBoost,Fwd Pkt Len Mean,0.3691063125448767,0.022625898452635,8
CHRONOLOGICAL_NATURAL,PLACEBO,PLACEBO_VOLUME_DIRECTION,XGBoost,Fwd Seg Size Min,0.3301383717262186,0.0202371973063655,9
CHRONOLOGICAL_NATURAL,PLACEBO,PLACEBO_VOLUME_DIRECTION,XGBoost,RST Flag Cnt,0.3249447967275977,0.0199188356405496,10
CHRONOLOGICAL_NATURAL,PLACEBO,PLACEBO_VOLUME_DIRECTION,XGBoost,Fwd IAT Tot,0.2450750858480343,0.0150228912841859,11
CHRONOLOGICAL_NATURAL,PLACEBO,PLACEBO_VOLUME_DIRECTION,XGBoost,Idle Min,0.2379514172770083,0.014586216547883,12
CHRONOLOGICAL_NATURAL,PLACEBO,PLACEBO_VOLUME_DIRECTION,XGBoost,Flow IAT Max,0.2341287518550641,0.0143518904561427,13
CHRONOLOGICAL_NATURAL,PLACEBO,PLACEBO_VOLUME_DIRECTION,XGBoost,Fwd IAT Min,0.2320462230517412,0.0142242332375387,14
CHRONOLOGICAL_NATURAL,PLACEBO,PLACEBO_VOLUME_DIRECTION,XGBoost,Subflow Fwd Byts,0.225726365592773,0.0138368314287865,15
CHRONOLOGICAL_NATURAL,PLACEBO,PLACEBO_VOLUME_DIRECTION,XGBoost,Bwd Pkt Len Min,0.2253062309496104,0.0138110775376999,16
CHRONOLOGICAL_NATURAL,PLACEBO,PLACEBO_VOLUME_DIRECTION,XGBoost,Fwd IAT Std,0.1937126398536726,0.0118744176660164,17
CHRONOLOGICAL_NATURAL,PLACEBO,PLACEBO_VOLUME_DIRECTION,XGBoost,Bwd Pkts/s,0.1855128440728818,0.0113717772603583,18
CHRONOLOGICAL_NATURAL,PLACEBO,PLACEBO_VOLUME_DIRECTION,XGBoost,Tot Bwd Pkts,0.1817868316979846,0.0111433759169989,19
CHRONOLOGICAL_NATURAL,PLACEBO,PLACEBO_VOLUME_DIRECTION,XGBoost,Fwd IAT Mean,0.17798234769447,0.0109101643305194,20
RANDOM_NATURAL,PRIMARY,BEHAVIOR_ONLY,LightGBM,TotLen Fwd Pkts,1.1929260188939987,0.1254422657267767,1
RANDOM_NATURAL,PRIMARY,BEHAVIOR_ONLY,LightGBM,Fwd Pkt Len Mean,0.9907444272545658,0.1041818383894549,2
RANDOM_NATURAL,PRIMARY,BEHAVIOR_ONLY,LightGBM,Fwd IAT Tot,0.6232180117486655,0.0655345580507757,3
RANDOM_NATURAL,PRIMARY,BEHAVIOR_ONLY,LightGBM,Bwd Pkt Len Std,0.5310262107312361,0.0558401191518903,4
RANDOM_NATURAL,PRIMARY,BEHAVIOR_ONLY,LightGBM,Pkt Len Std,0.4881297229432939,0.0513293342963219,5
RANDOM_NATURAL,PRIMARY,BEHAVIOR_ONLY,LightGBM,Flow IAT Min,0.3391159692315365,0.0356597767596481,6
RANDOM_NATURAL,PRIMARY,BEHAVIOR_ONLY,LightGBM,Flow Duration,0.3283921489342198,0.0345321122657599,7
RANDOM_NATURAL,PRIMARY,BEHAVIOR_ONLY,LightGBM,Fwd Pkt Len Max,0.3249072730050022,0.0341656597570427,8
RANDOM_NATURAL,PRIMARY,BEHAVIOR_ONLY,LightGBM,Pkt Len Max,0.2988472483152354,0.0314253150162926,9
RANDOM_NATURAL,PRIMARY,BEHAVIOR_ONLY,LightGBM,TotLen Bwd Pkts,0.2902458161025834,0.0305208304731097,10
RANDOM_NATURAL,PRIMARY,BEHAVIOR_ONLY,LightGBM,Fwd Pkt Len Std,0.2759539325917369,0.0290179659025423,11
RANDOM_NATURAL,PRIMARY,BEHAVIOR_ONLY,LightGBM,ACK Flag Cnt,0.2708882240304844,0.0284852807658528,12
RANDOM_NATURAL,PRIMARY,BEHAVIOR_ONLY,LightGBM,Pkt Len Var,0.248711798225719,0.0261533162897567,13
RANDOM_NATURAL,PRIMARY,BEHAVIOR_ONLY,LightGBM,Fwd IAT Std,0.2394831174179584,0.0251828733520899,14
RANDOM_NATURAL,PRIMARY,BEHAVIOR_ONLY,LightGBM,Bwd Pkt Len Mean,0.1945535247933356,0.0204582971355034,15
RANDOM_NATURAL,PRIMARY,BEHAVIOR_ONLY,LightGBM,Bwd IAT Min,0.193019581185286,0.0202969951279663,16
RANDOM_NATURAL,PRIMARY,BEHAVIOR_ONLY,LightGBM,Fwd Act Data Pkts,0.1913895096400746,0.0201255847767044,17
RANDOM_NATURAL,PRIMARY,BEHAVIOR_ONLY,LightGBM,Fwd IAT Max,0.1812136447303507,0.0190555405914088,18
RANDOM_NATURAL,PRIMARY,BEHAVIOR_ONLY,LightGBM,Fwd IAT Min,0.1731938844034765,0.0182122218188654,19
RANDOM_NATURAL,PRIMARY,BEHAVIOR_ONLY,LightGBM,Flow IAT Mean,0.1716044806832915,0.0180450878971831,20
RANDOM_NATURAL,PRIMARY,BEHAVIOR_ONLY,XGBoost,Fwd Pkt Len Max,1.600616806856915,0.1998087113579248,1
RANDOM_NATURAL,PRIMARY,BEHAVIOR_ONLY,XGBoost,Bwd Pkt Len Std,0.7149503508585272,0.0892489118432134,2
RANDOM_NATURAL,PRIMARY,BEHAVIOR_ONLY,XGBoost,Fwd IAT Tot,0.4934736134414328,0.0616014566187706,3
RANDOM_NATURAL,PRIMARY,BEHAVIOR_ONLY,XGBoost,Flow IAT Min,0.392420654765889,0.0489867812227806,4
RANDOM_NATURAL,PRIMARY,BEHAVIOR_ONLY,XGBoost,ACK Flag Cnt,0.3421460264581139,0.0427108826734577,5
RANDOM_NATURAL,PRIMARY,BEHAVIOR_ONLY,XGBoost,Pkt Len Max,0.3341550795833464,0.0417133542264634,6
RANDOM_NATURAL,PRIMARY,BEHAVIOR_ONLY,XGBoost,Fwd Pkt Len Std,0.2786533271498643,0.0347849416393075,7
RANDOM_NATURAL,PRIMARY,BEHAVIOR_ONLY,XGBoost,Fwd Pkt Len Mean,0.2769793744790775,0.0345759782418277,8
RANDOM_NATURAL,PRIMARY,BEHAVIOR_ONLY,XGBoost,Fwd IAT Max,0.2729908593821746,0.0340780826441246,9
RANDOM_NATURAL,PRIMARY,BEHAVIOR_ONLY,XGBoost,Flow IAT Mean,0.2304534880965104,0.0287680438486229,10
RANDOM_NATURAL,PRIMARY,BEHAVIOR_ONLY,XGBoost,Fwd IAT Min,0.1836352254959158,0.0229236114534569,11
RANDOM_NATURAL,PRIMARY,BEHAVIOR_ONLY,XGBoost,Idle Min,0.181787069829693,0.0226929018916962,12
RANDOM_NATURAL,PRIMARY,BEHAVIOR_ONLY,XGBoost,Bwd Pkt Len Max,0.1706141027821461,0.0212981544804162,13
RANDOM_NATURAL,PRIMARY,BEHAVIOR_ONLY,XGBoost,Fwd Act Data Pkts,0.1695198524273204,0.0211615566686451,14
RANDOM_NATURAL,PRIMARY,BEHAVIOR_ONLY,XGBoost,Bwd IAT Min,0.1637829120878421,0.0204454010894597,15
RANDOM_NATURAL,PRIMARY,BEHAVIOR_ONLY,XGBoost,Flow IAT Max,0.1603922181972855,0.0200221329006097,16
RANDOM_NATURAL,PRIMARY,BEHAVIOR_ONLY,XGBoost,Flow Duration,0.1582047999313203,0.0197490724010254,17
RANDOM_NATURAL,PRIMARY,BEHAVIOR_ONLY,XGBoost,TotLen Fwd Pkts,0.1258634998622699,0.015711832842654,18
RANDOM_NATURAL,PRIMARY,BEHAVIOR_ONLY,XGBoost,Bwd Pkts/s,0.1247849243946617,0.0155771917634389,19
RANDOM_NATURAL,PRIMARY,BEHAVIOR_ONLY,XGBoost,Idle Max,0.1204830965754241,0.0150401846113439,20
RANDOM_NATURAL,FULL,FULL,LightGBM,Dst Port,2.411959723271799,0.2028546251407763,1
RANDOM_NATURAL,FULL,FULL,LightGBM,Init Fwd Win Byts,1.8414010048956595,0.1548685523136593,2
RANDOM_NATURAL,FULL,FULL,LightGBM,TotLen Fwd Pkts,1.554870298432396,0.1307702730222943,3
RANDOM_NATURAL,FULL,FULL,LightGBM,Pkt Len Std,0.6923468732884291,0.0582289016243603,4
RANDOM_NATURAL,FULL,FULL,LightGBM,Fwd IAT Tot,0.6897297362565985,0.0580087908379273,5
RANDOM_NATURAL,FULL,FULL,LightGBM,Fwd Seg Size Min,0.6199237135163606,0.0521378492799435,6
RANDOM_NATURAL,FULL,FULL,LightGBM,Fwd Pkt Len Mean,0.5686281029512181,0.0478237010161225,7
RANDOM_NATURAL,FULL,FULL,LightGBM,Pkt Len Var,0.3528208958191716,0.0296735264161646,8
RANDOM_NATURAL,FULL,FULL,LightGBM,Flow IAT Min,0.2497979323240223,0.0210089187782097,9
RANDOM_NATURAL,FULL,FULL,LightGBM,ECE Flag Cnt,0.2169206293254238,0.018243817474456,10
RANDOM_NATURAL,FULL,FULL,LightGBM,Fwd Pkt Len Max,0.207348887981784,0.0174387990558338,11
RANDOM_NATURAL,FULL,FULL,LightGBM,Bwd Pkt Len Std,0.1896963480781741,0.0159541559540527,12
RANDOM_NATURAL,FULL,FULL,LightGBM,Fwd Pkt Len Std,0.1342263463208685,0.0112889261392809,13
RANDOM_NATURAL,FULL,FULL,LightGBM,Fwd IAT Std,0.1340331386473228,0.0112726766680259,14
RANDOM_NATURAL,FULL,FULL,LightGBM,Init Bwd Win Byts,0.1270492239073841,0.0106853039217416,15
RANDOM_NATURAL,FULL,FULL,LightGBM,Fwd Header Len,0.1041602435308852,0.0087602570441631,16
RANDOM_NATURAL,FULL,FULL,LightGBM,Pkt Len Mean,0.0978772228870811,0.0082318320521729,17
RANDOM_NATURAL,FULL,FULL,LightGBM,Bwd Pkt Len Mean,0.0952737013781557,0.0080128663809624,18
RANDOM_NATURAL,FULL,FULL,LightGBM,Fwd IAT Max,0.0878493225785246,0.0073884489979642,19
RANDOM_NATURAL,FULL,FULL,LightGBM,Fwd IAT Min,0.0857606336495385,0.0072127826277355,20
RANDOM_NATURAL,FULL,FULL,XGBoost,Init Fwd Win Byts,2.074423953705095,0.2075762001034511,1
RANDOM_NATURAL,FULL,FULL,XGBoost,Dst Port,1.8324095765490085,0.1833591519485947,2
RANDOM_NATURAL,FULL,FULL,XGBoost,Fwd Pkt Len Max,1.1182896749240343,0.1119010995418995,3
RANDOM_NATURAL,FULL,FULL,XGBoost,Fwd Header Len,0.755969810443608,0.0756457426962004,4
RANDOM_NATURAL,FULL,FULL,XGBoost,Fwd Seg Size Min,0.6845547141143062,0.0684996266384961,5
RANDOM_NATURAL,FULL,FULL,XGBoost,Fwd IAT Tot,0.2384017684108917,0.0238555542594312,6
RANDOM_NATURAL,FULL,FULL,XGBoost,Flow IAT Min,0.2309622299182607,0.0231111205441989,7
RANDOM_NATURAL,FULL,FULL,XGBoost,ECE Flag Cnt,0.2170634680327028,0.0217203478561021,8
RANDOM_NATURAL,FULL,FULL,XGBoost,Flow IAT Max,0.1912776735335937,0.0191401051679026,9
RANDOM_NATURAL,FULL,FULL,XGBoost,Fwd Pkts/s,0.1545064995631648,0.0154606159523583,10
RANDOM_NATURAL,FULL,FULL,XGBoost,RST Flag Cnt,0.1508579289332032,0.0150955235488389,11
RANDOM_NATURAL,FULL,FULL,XGBoost,Fwd IAT Std,0.1273033978290745,0.012738551121346,12
RANDOM_NATURAL,FULL,FULL,XGBoost,Pkt Len Max,0.1223083583177518,0.0122387249795995,13
RANDOM_NATURAL,FULL,FULL,XGBoost,Idle Max,0.1221024737234518,0.0122181232401777,14
RANDOM_NATURAL,FULL,FULL,XGBoost,Fwd IAT Min,0.1208005661491784,0.012087848506958,15
RANDOM_NATURAL,FULL,FULL,XGBoost,Fwd IAT Max,0.1086283341427275,0.0108698401716011,16
RANDOM_NATURAL,FULL,FULL,XGBoost,TotLen Fwd Pkts,0.105745563150206,0.0105813771275222,17
RANDOM_NATURAL,FULL,FULL,XGBoost,Bwd Pkt Len Std,0.1055098303442931,0.0105577886416663,18
RANDOM_NATURAL,FULL,FULL,XGBoost,Flow IAT Std,0.1005758082407279,0.0100640681764474,19
RANDOM_NATURAL,FULL,FULL,XGBoost,Flow IAT Mean,0.0996309912720345,0.009969525536885,20
RANDOM_NATURAL,PRIMARY,NO_DST_PORT,LightGBM,Init Fwd Win Byts,2.269983483365488,0.190281523903267,1
RANDOM_NATURAL,PRIMARY,NO_DST_PORT,LightGBM,TotLen Fwd Pkts,1.5906533814899717,0.1333366307066929,2
RANDOM_NATURAL,PRIMARY,NO_DST_PORT,LightGBM,Fwd Pkt Len Mean,0.8057450201388365,0.0675416325418261,3
RANDOM_NATURAL,PRIMARY,NO_DST_PORT,LightGBM,Fwd IAT Tot,0.7571215462727846,0.063465766451829,4
RANDOM_NATURAL,PRIMARY,NO_DST_PORT,LightGBM,Pkt Len Std,0.6834815933606468,0.0572928922600258,5
RANDOM_NATURAL,PRIMARY,NO_DST_PORT,LightGBM,Fwd Seg Size Min,0.6657714990113044,0.0558083423652982,6
RANDOM_NATURAL,PRIMARY,NO_DST_PORT,LightGBM,Init Bwd Win Byts,0.5842617052517751,0.0489757782152678,7
RANDOM_NATURAL,PRIMARY,NO_DST_PORT,LightGBM,Fwd IAT Max,0.3804293897784895,0.0318895201463391,8
RANDOM_NATURAL,PRIMARY,NO_DST_PORT,LightGBM,Pkt Len Var,0.3687452710719279,0.0309100980803887,9
RANDOM_NATURAL,PRIMARY,NO_DST_PORT,LightGBM,Flow Duration,0.3129152454135324,0.0262301422834912,10
RANDOM_NATURAL,PRIMARY,NO_DST_PORT,LightGBM,Bwd Pkt Len Std,0.2756254311800494,0.0231043210031103,11
RANDOM_NATURAL,PRIMARY,NO_DST_PORT,LightGBM,Fwd Header Len,0.2450842897374397,0.0205442076903786,12
RANDOM_NATURAL,PRIMARY,NO_DST_PORT,LightGBM,Fwd Pkt Len Std,0.2098580027975973,0.0175913617293899,13
RANDOM_NATURAL,PRIMARY,NO_DST_PORT,LightGBM,Fwd Pkt Len Max,0.2081542142856045,0.0174485415384737,14
RANDOM_NATURAL,PRIMARY,NO_DST_PORT,LightGBM,Flow IAT Min,0.1891616145355837,0.015856485539035,15
RANDOM_NATURAL,PRIMARY,NO_DST_PORT,LightGBM,ECE Flag Cnt,0.1814434826443686,0.0152095125946462,16
RANDOM_NATURAL,PRIMARY,NO_DST_PORT,LightGBM,Fwd IAT Std,0.1808681653674486,0.0151612865837601,17
RANDOM_NATURAL,PRIMARY,NO_DST_PORT,LightGBM,Pkt Len Mean,0.147994738211254,0.0124056692583293,18
RANDOM_NATURAL,PRIMARY,NO_DST_PORT,LightGBM,Bwd IAT Min,0.1273809806414287,0.0106777195915134,19
RANDOM_NATURAL,PRIMARY,NO_DST_PORT,LightGBM,Bwd Pkt Len Mean,0.1263846971873213,0.0105942060614475,20
RANDOM_NATURAL,PRIMARY,NO_DST_PORT,XGBoost,Init Fwd Win Byts,2.1413371520636137,0.214879613361259,1
RANDOM_NATURAL,PRIMARY,NO_DST_PORT,XGBoost,Fwd Pkt Len Max,1.7521026718030916,0.1758205821644907,2
RANDOM_NATURAL,PRIMARY,NO_DST_PORT,XGBoost,Fwd Seg Size Min,0.8684571959628724,0.0871482317996794,3
RANDOM_NATURAL,PRIMARY,NO_DST_PORT,XGBoost,Fwd IAT Max,0.5119840827483917,0.0513767491691215,4
RANDOM_NATURAL,PRIMARY,NO_DST_PORT,XGBoost,Init Bwd Win Byts,0.4066174857282661,0.0408033868160437,5
RANDOM_NATURAL,PRIMARY,NO_DST_PORT,XGBoost,Fwd IAT Tot,0.3783257800243195,0.0379643613140876,6
RANDOM_NATURAL,PRIMARY,NO_DST_PORT,XGBoost,Fwd Header Len,0.2958184416101085,0.0296848874531748,7
RANDOM_NATURAL,PRIMARY,NO_DST_PORT,XGBoost,Flow IAT Mean,0.2757638534439727,0.0276724429639426,8
RANDOM_NATURAL,PRIMARY,NO_DST_PORT,XGBoost,Flow IAT Min,0.2653303374114621,0.0266254570239173,9
RANDOM_NATURAL,PRIMARY,NO_DST_PORT,XGBoost,Fwd Pkt Len Mean,0.247504062911091,0.0248366200961968,10
RANDOM_NATURAL,PRIMARY,NO_DST_PORT,XGBoost,ECE Flag Cnt,0.2166687817310681,0.021742351035641,11
RANDOM_NATURAL,PRIMARY,NO_DST_PORT,XGBoost,Bwd Pkt Len Std,0.1939717171397474,0.019464738442445,12
RANDOM_NATURAL,PRIMARY,NO_DST_PORT,XGBoost,Flow Duration,0.1823768341546878,0.0183012112648599,13
RANDOM_NATURAL,PRIMARY,NO_DST_PORT,XGBoost,Fwd Pkts/s,0.1558784191460101,0.0156421394945581,14
RANDOM_NATURAL,PRIMARY,NO_DST_PORT,XGBoost,Flow IAT Max,0.128872226571095,0.0129321130920063,15
RANDOM_NATURAL,PRIMARY,NO_DST_PORT,XGBoost,Fwd Pkt Len Std,0.1142631936538382,0.01146612099365,16
RANDOM_NATURAL,PRIMARY,NO_DST_PORT,XGBoost,Bwd IAT Min,0.1105671738715929,0.0110952315701797,17
RANDOM_NATURAL,PRIMARY,NO_DST_PORT,XGBoost,PSH Flag Cnt,0.106390755001828,0.0106761348991558,18
RANDOM_NATURAL,PRIMARY,NO_DST_PORT,XGBoost,Pkt Len Max,0.102266501767456,0.0102622729626776,19
RANDOM_NATURAL,PRIMARY,NO_DST_PORT,XGBoost,Fwd IAT Std,0.1016734878259012,0.010202765002263,20
RANDOM_NATURAL,PRIMARY,NO_FWD_SEG_SIZE_MIN,LightGBM,Dst Port,2.3691901765237557,0.2018808419622125,1
RANDOM_NATURAL,PRIMARY,NO_FWD_SEG_SIZE_MIN,LightGBM,Init Fwd Win Byts,1.953191745776769,0.1664332386898634,2
RANDOM_NATURAL,PRIMARY,NO_FWD_SEG_SIZE_MIN,LightGBM,TotLen Fwd Pkts,1.618969860557914,0.1379538889699597,3
RANDOM_NATURAL,PRIMARY,NO_FWD_SEG_SIZE_MIN,LightGBM,Fwd Pkt Len Mean,0.7631941742878763,0.065032467217115,4
RANDOM_NATURAL,PRIMARY,NO_FWD_SEG_SIZE_MIN,LightGBM,Fwd IAT Tot,0.6594319001967696,0.0561907898097899,5
RANDOM_NATURAL,PRIMARY,NO_FWD_SEG_SIZE_MIN,LightGBM,Pkt Len Std,0.5726656256932118,0.0487973569295287,6
RANDOM_NATURAL,PRIMARY,NO_FWD_SEG_SIZE_MIN,LightGBM,Fwd Header Len,0.4061555911111927,0.0346088859871505,7
RANDOM_NATURAL,PRIMARY,NO_FWD_SEG_SIZE_MIN,LightGBM,Pkt Len Var,0.3325628043193604,0.0283379779329562,8
RANDOM_NATURAL,PRIMARY,NO_FWD_SEG_SIZE_MIN,LightGBM,Flow IAT Min,0.2113071152091157,0.0180056707788712,9
RANDOM_NATURAL,PRIMARY,NO_FWD_SEG_SIZE_MIN,LightGBM,Fwd Pkt Len Max,0.1826927648756993,0.015567416055906,10
RANDOM_NATURAL,PRIMARY,NO_FWD_SEG_SIZE_MIN,LightGBM,Bwd Pkt Len Std,0.1731412313045187,0.0147535212244621,11
RANDOM_NATURAL,PRIMARY,NO_FWD_SEG_SIZE_MIN,LightGBM,ECE Flag Cnt,0.1670989679546103,0.0142386544887631,12
RANDOM_NATURAL,PRIMARY,NO_FWD_SEG_SIZE_MIN,LightGBM,Fwd Pkt Len Std,0.1592623784412095,0.0135708915946087,13
RANDOM_NATURAL,PRIMARY,NO_FWD_SEG_SIZE_MIN,LightGBM,Bwd Pkts/s,0.126917126078893,0.0108147233287223,14
RANDOM_NATURAL,PRIMARY,NO_FWD_SEG_SIZE_MIN,LightGBM,Fwd IAT Std,0.1238063861144053,0.0105496543573163,15
RANDOM_NATURAL,PRIMARY,NO_FWD_SEG_SIZE_MIN,LightGBM,Fwd IAT Min,0.1224153915125114,0.0104311264467341,16
RANDOM_NATURAL,PRIMARY,NO_FWD_SEG_SIZE_MIN,LightGBM,Init Bwd Win Byts,0.1210017968999754,0.0103106727687644,17
RANDOM_NATURAL,PRIMARY,NO_FWD_SEG_SIZE_MIN,LightGBM,Pkt Len Max,0.0883958837062391,0.0075322933572152,18
RANDOM_NATURAL,PRIMARY,NO_FWD_SEG_SIZE_MIN,LightGBM,Bwd Pkt Len Mean,0.0873215395097879,0.0074407475146374,19
RANDOM_NATURAL,PRIMARY,NO_FWD_SEG_SIZE_MIN,LightGBM,Flow IAT Max,0.0828957893899281,0.0070636253361964,20
RANDOM_NATURAL,PRIMARY,NO_FWD_SEG_SIZE_MIN,XGBoost,Init Fwd Win Byts,2.210221280377056,0.2240871713360221,1
RANDOM_NATURAL,PRIMARY,NO_FWD_SEG_SIZE_MIN,XGBoost,Dst Port,1.886428821047023,0.1912589034357045,2
RANDOM_NATURAL,PRIMARY,NO_FWD_SEG_SIZE_MIN,XGBoost,Fwd Header Len,1.1200454015858456,0.1135577727160755,3
RANDOM_NATURAL,PRIMARY,NO_FWD_SEG_SIZE_MIN,XGBoost,Fwd Pkt Len Max,1.044768876378238,0.1059257298289941,4
RANDOM_NATURAL,PRIMARY,NO_FWD_SEG_SIZE_MIN,XGBoost,Flow IAT Min,0.2480611941301409,0.0251501203994272,5
RANDOM_NATURAL,PRIMARY,NO_FWD_SEG_SIZE_MIN,XGBoost,TotLen Fwd Pkts,0.2373525680235208,0.0240644075097575,6
RANDOM_NATURAL,PRIMARY,NO_FWD_SEG_SIZE_MIN,XGBoost,Fwd IAT Tot,0.2318679331979496,0.0235083381628622,7
RANDOM_NATURAL,PRIMARY,NO_FWD_SEG_SIZE_MIN,XGBoost,Fwd Pkt Len Mean,0.1836600780683133,0.0186206999937401,8
RANDOM_NATURAL,PRIMARY,NO_FWD_SEG_SIZE_MIN,XGBoost,Fwd IAT Max,0.1676894617059151,0.0170014909684193,9
RANDOM_NATURAL,PRIMARY,NO_FWD_SEG_SIZE_MIN,XGBoost,Flow IAT Max,0.1663886857072648,0.0168696095062927,10
RANDOM_NATURAL,PRIMARY,NO_FWD_SEG_SIZE_MIN,XGBoost,ECE Flag Cnt,0.1649203434198454,0.0167207390413026,11
RANDOM_NATURAL,PRIMARY,NO_FWD_SEG_SIZE_MIN,XGBoost,Fwd IAT Std,0.1339643765065237,0.0135822138976145,12
RANDOM_NATURAL,PRIMARY,NO_FWD_SEG_SIZE_MIN,XGBoost,Idle Max,0.1328407806962263,0.0134682961604676,13
RANDOM_NATURAL,PRIMARY,NO_FWD_SEG_SIZE_MIN,XGBoost,RST Flag Cnt,0.110221681060642,0.0111750189666832,14
RANDOM_NATURAL,PRIMARY,NO_FWD_SEG_SIZE_MIN,XGBoost,Flow IAT Std,0.1101187850295675,0.011164586671623,15
RANDOM_NATURAL,PRIMARY,NO_FWD_SEG_SIZE_MIN,XGBoost,Flow IAT Mean,0.095392385903843,0.0096715247988833,16
RANDOM_NATURAL,PRIMARY,NO_FWD_SEG_SIZE_MIN,XGBoost,Pkt Len Max,0.094009183067923,0.0095312863469069,17
RANDOM_NATURAL,PRIMARY,NO_FWD_SEG_SIZE_MIN,XGBoost,Fwd IAT Min,0.0918186113374547,0.0093091913797435,18
RANDOM_NATURAL,PRIMARY,NO_FWD_SEG_SIZE_MIN,XGBoost,Init Bwd Win Byts,0.0900552148310234,0.0091304063238858,19
RANDOM_NATURAL,PRIMARY,NO_FWD_SEG_SIZE_MIN,XGBoost,Bwd Pkt Len Std,0.0878218034276616,0.0089039679811496,20
RANDOM_NATURAL,PRIMARY,NO_INIT_FWD_WIN_BYTS,LightGBM,Dst Port,1.8947894413279105,0.1741867131518261,1
RANDOM_NATURAL,PRIMARY,NO_INIT_FWD_WIN_BYTS,LightGBM,TotLen Fwd Pkts,0.898676361437255,0.0826147107281181,2
RANDOM_NATURAL,PRIMARY,NO_INIT_FWD_WIN_BYTS,LightGBM,Fwd Seg Size Min,0.8879489912681103,0.0816285508362746,3
RANDOM_NATURAL,PRIMARY,NO_INIT_FWD_WIN_BYTS,LightGBM,Fwd Pkt Len Mean,0.743271638945752,0.0683284595866215,4
RANDOM_NATURAL,PRIMARY,NO_INIT_FWD_WIN_BYTS,LightGBM,Fwd Header Len,0.717624057340156,0.0659706947380687,5
RANDOM_NATURAL,PRIMARY,NO_INIT_FWD_WIN_BYTS,LightGBM,Pkt Len Std,0.5843224448537088,0.0537163675656627,6
RANDOM_NATURAL,PRIMARY,NO_INIT_FWD_WIN_BYTS,LightGBM,Pkt Len Var,0.4722882737175594,0.0434171419075238,7
RANDOM_NATURAL,PRIMARY,NO_INIT_FWD_WIN_BYTS,LightGBM,Fwd IAT Tot,0.4601273135973063,0.0422991930600609,8
RANDOM_NATURAL,PRIMARY,NO_INIT_FWD_WIN_BYTS,LightGBM,Bwd Pkt Len Std,0.4098431479610083,0.0376766036869481,9
RANDOM_NATURAL,PRIMARY,NO_INIT_FWD_WIN_BYTS,LightGBM,TotLen Bwd Pkts,0.3320100298651732,0.0305214577273158,10
RANDOM_NATURAL,PRIMARY,NO_INIT_FWD_WIN_BYTS,LightGBM,Flow IAT Min,0.2623021906994317,0.0241132631699896,11
RANDOM_NATURAL,PRIMARY,NO_INIT_FWD_WIN_BYTS,LightGBM,Fwd Pkts/s,0.2054189655516293,0.0188840267145515,12
RANDOM_NATURAL,PRIMARY,NO_INIT_FWD_WIN_BYTS,LightGBM,Flow IAT Max,0.2052123873528499,0.0188650361203096,13
RANDOM_NATURAL,PRIMARY,NO_INIT_FWD_WIN_BYTS,LightGBM,Fwd IAT Min,0.1826533933164366,0.0167912030402283,14
RANDOM_NATURAL,PRIMARY,NO_INIT_FWD_WIN_BYTS,LightGBM,ECE Flag Cnt,0.1781817349549483,0.0163801265082736,15
RANDOM_NATURAL,PRIMARY,NO_INIT_FWD_WIN_BYTS,LightGBM,Bwd Pkt Len Mean,0.1778729168163901,0.0163517370654448,16
RANDOM_NATURAL,PRIMARY,NO_INIT_FWD_WIN_BYTS,LightGBM,Fwd Pkt Len Max,0.1559687248173728,0.0143380994942531,17
RANDOM_NATURAL,PRIMARY,NO_INIT_FWD_WIN_BYTS,LightGBM,Idle Min,0.1544160931249164,0.0141953671117806,18
RANDOM_NATURAL,PRIMARY,NO_INIT_FWD_WIN_BYTS,LightGBM,Fwd Pkt Len Std,0.1470405364024954,0.0135173371654859,19
RANDOM_NATURAL,PRIMARY,NO_INIT_FWD_WIN_BYTS,LightGBM,RST Flag Cnt,0.1328554493986258,0.0122133117011868,20
RANDOM_NATURAL,PRIMARY,NO_INIT_FWD_WIN_BYTS,XGBoost,Dst Port,1.8003680985428392,0.1998517302109326,1
RANDOM_NATURAL,PRIMARY,NO_INIT_FWD_WIN_BYTS,XGBoost,Fwd Seg Size Min,1.0440354284070432,0.1158942368160913,2
RANDOM_NATURAL,PRIMARY,NO_INIT_FWD_WIN_BYTS,XGBoost,Fwd Header Len,0.8885761709903134,0.0986373205237029,3
RANDOM_NATURAL,PRIMARY,NO_INIT_FWD_WIN_BYTS,XGBoost,Fwd Pkt Len Max,0.8137890875022044,0.0903355026651077,4
RANDOM_NATURAL,PRIMARY,NO_INIT_FWD_WIN_BYTS,XGBoost,Bwd Pkt Len Std,0.6619408897838671,0.0734794358041233,5
RANDOM_NATURAL,PRIMARY,NO_INIT_FWD_WIN_BYTS,XGBoost,Flow IAT Min,0.3423340751824696,0.0380011494820141,6
RANDOM_NATURAL,PRIMARY,NO_INIT_FWD_WIN_BYTS,XGBoost,Fwd IAT Tot,0.259748844194907,0.0288336901629491,7
RANDOM_NATURAL,PRIMARY,NO_INIT_FWD_WIN_BYTS,XGBoost,ECE Flag Cnt,0.2136355998498154,0.0237148415922235,8
RANDOM_NATURAL,PRIMARY,NO_INIT_FWD_WIN_BYTS,XGBoost,Flow IAT Max,0.193199922134597,0.021446357967833,9
RANDOM_NATURAL,PRIMARY,NO_INIT_FWD_WIN_BYTS,XGBoost,Fwd Pkts/s,0.1897516582957294,0.0210635798598565,10
RANDOM_NATURAL,PRIMARY,NO_INIT_FWD_WIN_BYTS,XGBoost,Fwd IAT Max,0.1620690305377647,0.0179906410210201,11
RANDOM_NATURAL,PRIMARY,NO_INIT_FWD_WIN_BYTS,XGBoost,Fwd IAT Min,0.1504794920333559,0.0167041322652123,12
RANDOM_NATURAL,PRIMARY,NO_INIT_FWD_WIN_BYTS,XGBoost,Flow IAT Std,0.1317845946525707,0.0146288857694042,13
RANDOM_NATURAL,PRIMARY,NO_INIT_FWD_WIN_BYTS,XGBoost,Idle Min,0.1309490700397087,0.0145361374921772,14
RANDOM_NATURAL,PRIMARY,NO_INIT_FWD_WIN_BYTS,XGBoost,Idle Max,0.1207837636579759,0.0134077271020143,15
RANDOM_NATURAL,PRIMARY,NO_INIT_FWD_WIN_BYTS,XGBoost,TotLen Bwd Pkts,0.120205614421796,0.0133435490457245,16
RANDOM_NATURAL,PRIMARY,NO_INIT_FWD_WIN_BYTS,XGBoost,PSH Flag Cnt,0.1170719735050574,0.0129956959819111,17
RANDOM_NATURAL,PRIMARY,NO_INIT_FWD_WIN_BYTS,XGBoost,Init Bwd Win Byts,0.1108706515460915,0.0123073117986446,18
RANDOM_NATURAL,PRIMARY,NO_INIT_FWD_WIN_BYTS,XGBoost,Flow Duration,0.1087136961803975,0.0120678767285773,19
RANDOM_NATURAL,PRIMARY,NO_INIT_FWD_WIN_BYTS,XGBoost,ACK Flag Cnt,0.103819588288042,0.0115246012001351,20
RANDOM_NATURAL,PRIMARY,NO_PORTS,LightGBM,Init Fwd Win Byts,2.280775283025421,0.1899938303026037,1
RANDOM_NATURAL,PRIMARY,NO_PORTS,LightGBM,TotLen Fwd Pkts,1.600080446564582,0.1332903837996026,2
RANDOM_NATURAL,PRIMARY,NO_PORTS,LightGBM,Fwd Pkt Len Mean,0.8012514035419818,0.0667460860029767,3
RANDOM_NATURAL,PRIMARY,NO_PORTS,LightGBM,Fwd IAT Tot,0.7588698482956032,0.0632156049093901,4
RANDOM_NATURAL,PRIMARY,NO_PORTS,LightGBM,Pkt Len Std,0.6806619427397715,0.056700706380331,5
RANDOM_NATURAL,PRIMARY,NO_PORTS,LightGBM,Fwd Seg Size Min,0.6656409410988914,0.0554494223726637,6
RANDOM_NATURAL,PRIMARY,NO_PORTS,LightGBM,Init Bwd Win Byts,0.5894081828590116,0.0490990581608442,7
RANDOM_NATURAL,PRIMARY,NO_PORTS,LightGBM,Fwd IAT Max,0.3779982667755257,0.0314881255891035,8
RANDOM_NATURAL,PRIMARY,NO_PORTS,LightGBM,Pkt Len Var,0.3579641622871772,0.0298192385765369,9
RANDOM_NATURAL,PRIMARY,NO_PORTS,LightGBM,Flow Duration,0.310738793153953,0.0258852566380911,10
RANDOM_NATURAL,PRIMARY,NO_PORTS,LightGBM,Bwd Pkt Len Std,0.280580816414204,0.0233730277667921,11
RANDOM_NATURAL,PRIMARY,NO_PORTS,LightGBM,Fwd Header Len,0.2434672589107757,0.0202813830095415,12
RANDOM_NATURAL,PRIMARY,NO_PORTS,LightGBM,Fwd Pkt Len Max,0.2138979335025072,0.0178181901489415,13
RANDOM_NATURAL,PRIMARY,NO_PORTS,LightGBM,Fwd Pkt Len Std,0.2098820906990554,0.0174836612009126,14
RANDOM_NATURAL,PRIMARY,NO_PORTS,LightGBM,ECE Flag Cnt,0.1990912556314011,0.0165847598045647,15
RANDOM_NATURAL,PRIMARY,NO_PORTS,LightGBM,Flow IAT Min,0.184953430516099,0.0154070464341174,16
RANDOM_NATURAL,PRIMARY,NO_PORTS,LightGBM,Fwd IAT Std,0.1819027823331053,0.0151529204193775,17
RANDOM_NATURAL,PRIMARY,NO_PORTS,LightGBM,Pkt Len Mean,0.1387713472636594,0.0115599726106736,18
RANDOM_NATURAL,PRIMARY,NO_PORTS,LightGBM,Bwd IAT Min,0.1299631426295488,0.0108262288924833,19
RANDOM_NATURAL,PRIMARY,NO_PORTS,LightGBM,Flow IAT Mean,0.1289847879229028,0.0107447296937267,20
RANDOM_NATURAL,PRIMARY,NO_PORTS,XGBoost,Init Fwd Win Byts,2.151089241043851,0.2148804862274772,1
RANDOM_NATURAL,PRIMARY,NO_PORTS,XGBoost,Fwd Pkt Len Max,1.7316944478355814,0.1729855451128384,2
RANDOM_NATURAL,PRIMARY,NO_PORTS,XGBoost,Fwd Seg Size Min,0.8579589867432136,0.0857047865411443,3
RANDOM_NATURAL,PRIMARY,NO_PORTS,XGBoost,Fwd IAT Max,0.490065651609315,0.0489545219658547,4
RANDOM_NATURAL,PRIMARY,NO_PORTS,XGBoost,Init Bwd Win Byts,0.4042793911209504,0.0403850061067956,5
RANDOM_NATURAL,PRIMARY,NO_PORTS,XGBoost,Fwd IAT Tot,0.3929299527137351,0.0392512675352764,6
RANDOM_NATURAL,PRIMARY,NO_PORTS,XGBoost,Fwd Header Len,0.295598295004724,0.0295284380334704,7
RANDOM_NATURAL,PRIMARY,NO_PORTS,XGBoost,Flow IAT Mean,0.282369491544459,0.0282069625383998,8
RANDOM_NATURAL,PRIMARY,NO_PORTS,XGBoost,Flow IAT Min,0.2578103936471336,0.0257536608358054,9
RANDOM_NATURAL,PRIMARY,NO_PORTS,XGBoost,Fwd Pkt Len Mean,0.241544815437097,0.0241288303602238,10
RANDOM_NATURAL,PRIMARY,NO_PORTS,XGBoost,ECE Flag Cnt,0.2098727745201438,0.0209649897244216,11
RANDOM_NATURAL,PRIMARY,NO_PORTS,XGBoost,Flow Duration,0.1878211799625998,0.0187621720680435,12
RANDOM_NATURAL,PRIMARY,NO_PORTS,XGBoost,Bwd Pkt Len Std,0.1867808273465932,0.018658247288118,13
RANDOM_NATURAL,PRIMARY,NO_PORTS,XGBoost,Flow IAT Max,0.1496342775399676,0.0149475371363405,14
RANDOM_NATURAL,PRIMARY,NO_PORTS,XGBoost,Fwd Pkts/s,0.1442578489774674,0.0144104652373073,15
RANDOM_NATURAL,PRIMARY,NO_PORTS,XGBoost,Idle Max,0.116918402133396,0.011679423903014,16
RANDOM_NATURAL,PRIMARY,NO_PORTS,XGBoost,Bwd IAT Min,0.1116896052857077,0.0111570994975092,17
RANDOM_NATURAL,PRIMARY,NO_PORTS,XGBoost,Fwd Pkt Len Std,0.1112487529742578,0.011113061083281,18
RANDOM_NATURAL,PRIMARY,NO_PORTS,XGBoost,Pkt Len Max,0.1099636799242231,0.0109846902483754,19
RANDOM_NATURAL,PRIMARY,NO_PORTS,XGBoost,PSH Flag Cnt,0.1079962076039984,0.0107881519547787,20
RANDOM_NATURAL,PRIMARY,NO_SUSPICIOUS_GROUP,LightGBM,TotLen Fwd Pkts,1.316523246397442,0.128368869127405,1
RANDOM_NATURAL,PRIMARY,NO_SUSPICIOUS_GROUP,LightGBM,Fwd Pkt Len Mean,0.8879936817016036,0.0865846805396274,2
RANDOM_NATURAL,PRIMARY,NO_SUSPICIOUS_GROUP,LightGBM,Fwd Header Len,0.8067812082320452,0.0786659799721637,3
RANDOM_NATURAL,PRIMARY,NO_SUSPICIOUS_GROUP,LightGBM,Fwd IAT Tot,0.5528948334068771,0.053910544082713,4
RANDOM_NATURAL,PRIMARY,NO_SUSPICIOUS_GROUP,LightGBM,Pkt Len Std,0.5219251393915167,0.050890814192753,5
RANDOM_NATURAL,PRIMARY,NO_SUSPICIOUS_GROUP,LightGBM,Bwd Pkt Len Std,0.4281103699578931,0.041743314600477,6
RANDOM_NATURAL,PRIMARY,NO_SUSPICIOUS_GROUP,LightGBM,Flow Duration,0.4054914158569397,0.0395378316614332,7
RANDOM_NATURAL,PRIMARY,NO_SUSPICIOUS_GROUP,LightGBM,Pkt Len Var,0.3800623843472178,0.0370583494138993,8
RANDOM_NATURAL,PRIMARY,NO_SUSPICIOUS_GROUP,LightGBM,TotLen Bwd Pkts,0.3682666640223698,0.0359081963248541,9
RANDOM_NATURAL,PRIMARY,NO_SUSPICIOUS_GROUP,LightGBM,Init Bwd Win Byts,0.3332965979953238,0.0324984063029258,10
RANDOM_NATURAL,PRIMARY,NO_SUSPICIOUS_GROUP,LightGBM,Fwd Pkt Len Std,0.3106861104409391,0.0302937489026725,11
RANDOM_NATURAL,PRIMARY,NO_SUSPICIOUS_GROUP,LightGBM,Flow IAT Min,0.2938146613537319,0.0286486819843391,12
RANDOM_NATURAL,PRIMARY,NO_SUSPICIOUS_GROUP,LightGBM,Fwd IAT Max,0.2523034236130801,0.0246010887045181,13
RANDOM_NATURAL,PRIMARY,NO_SUSPICIOUS_GROUP,LightGBM,Pkt Len Max,0.217836290495644,0.0212403376410969,14
RANDOM_NATURAL,PRIMARY,NO_SUSPICIOUS_GROUP,LightGBM,Fwd Pkt Len Max,0.2021827937606833,0.01971402834177,15
RANDOM_NATURAL,PRIMARY,NO_SUSPICIOUS_GROUP,LightGBM,ACK Flag Cnt,0.1818419798913441,0.0177306776636234,16
RANDOM_NATURAL,PRIMARY,NO_SUSPICIOUS_GROUP,LightGBM,Bwd Pkt Len Mean,0.177517805116508,0.0173090448308771,17
RANDOM_NATURAL,PRIMARY,NO_SUSPICIOUS_GROUP,LightGBM,Fwd IAT Min,0.1503685047248187,0.0146618261065453,18
RANDOM_NATURAL,PRIMARY,NO_SUSPICIOUS_GROUP,LightGBM,Flow IAT Max,0.1476719109162529,0.0143988921259652,19
RANDOM_NATURAL,PRIMARY,NO_SUSPICIOUS_GROUP,LightGBM,Fwd IAT Mean,0.1460164421161661,0.0142374740436606,20
RANDOM_NATURAL,PRIMARY,NO_SUSPICIOUS_GROUP,XGBoost,Fwd Pkt Len Max,1.47609897276829,0.1734437079845743,1
RANDOM_NATURAL,PRIMARY,NO_SUSPICIOUS_GROUP,XGBoost,Fwd Header Len,0.9277188803248224,0.1090082748781189,2
RANDOM_NATURAL,PRIMARY,NO_SUSPICIOUS_GROUP,XGBoost,Bwd Pkt Len Std,0.6494971587706357,0.0763168307958088,3
RANDOM_NATURAL,PRIMARY,NO_SUSPICIOUS_GROUP,XGBoost,Fwd IAT Tot,0.5898846360476673,0.0693122754278204,4
RANDOM_NATURAL,PRIMARY,NO_SUSPICIOUS_GROUP,XGBoost,Flow IAT Min,0.3826878707725438,0.0449663637276514,5
RANDOM_NATURAL,PRIMARY,NO_SUSPICIOUS_GROUP,XGBoost,Pkt Len Max,0.3637730531110894,0.0427438460160496,6
RANDOM_NATURAL,PRIMARY,NO_SUSPICIOUS_GROUP,XGBoost,Init Bwd Win Byts,0.3025041940219234,0.0355446687925333,7
RANDOM_NATURAL,PRIMARY,NO_SUSPICIOUS_GROUP,XGBoost,Fwd IAT Max,0.2947264951549208,0.0346307782228851,8
RANDOM_NATURAL,PRIMARY,NO_SUSPICIOUS_GROUP,XGBoost,ACK Flag Cnt,0.2499277301139765,0.0293668602436868,9
RANDOM_NATURAL,PRIMARY,NO_SUSPICIOUS_GROUP,XGBoost,Idle Min,0.207420842062158,0.0243722410381968,10
RANDOM_NATURAL,PRIMARY,NO_SUSPICIOUS_GROUP,XGBoost,Fwd Pkt Len Mean,0.1942387186668537,0.0228233229758097,11
RANDOM_NATURAL,PRIMARY,NO_SUSPICIOUS_GROUP,XGBoost,Flow Duration,0.1930586252086504,0.0226846603326298,12
RANDOM_NATURAL,PRIMARY,NO_SUSPICIOUS_GROUP,XGBoost,TotLen Fwd Pkts,0.1903487089374917,0.022366241354588,13
RANDOM_NATURAL,PRIMARY,NO_SUSPICIOUS_GROUP,XGBoost,Flow IAT Max,0.1720168599689586,0.0202122232853574,14
RANDOM_NATURAL,PRIMARY,NO_SUSPICIOUS_GROUP,XGBoost,Bwd Pkt Len Max,0.12916293706391,0.0151768269959086,15
RANDOM_NATURAL,PRIMARY,NO_SUSPICIOUS_GROUP,XGBoost,Idle Max,0.1268149254977877,0.0149009323303529,16
RANDOM_NATURAL,PRIMARY,NO_SUSPICIOUS_GROUP,XGBoost,Fwd IAT Min,0.1208306325037214,0.0141977694762996,17
RANDOM_NATURAL,PRIMARY,NO_SUSPICIOUS_GROUP,XGBoost,RST Flag Cnt,0.1146210765868425,0.0134681379115941,18
RANDOM_NATURAL,PRIMARY,NO_SUSPICIOUS_GROUP,XGBoost,Bwd Pkts/s,0.1115460339596844,0.0131068160725411,19
RANDOM_NATURAL,PRIMARY,NO_SUSPICIOUS_GROUP,XGBoost,Tot Bwd Pkts,0.1114486936996807,0.0130953784549134,20
RANDOM_NATURAL,PLACEBO,PLACEBO_ACTIVITY,LightGBM,Dst Port,2.365849689499713,0.1978986636612524,1
RANDOM_NATURAL,PLACEBO,PLACEBO_ACTIVITY,LightGBM,Init Fwd Win Byts,1.8190333084034331,0.1521585511057844,2
RANDOM_NATURAL,PLACEBO,PLACEBO_ACTIVITY,LightGBM,TotLen Fwd Pkts,1.5832224224671057,0.1324334352581062,3
RANDOM_NATURAL,PLACEBO,PLACEBO_ACTIVITY,LightGBM,Pkt Len Std,0.7209034272137874,0.0603021508541372,4
RANDOM_NATURAL,PLACEBO,PLACEBO_ACTIVITY,LightGBM,Fwd IAT Tot,0.6886777536888415,0.0576065367775222,5
RANDOM_NATURAL,PLACEBO,PLACEBO_ACTIVITY,LightGBM,Fwd Seg Size Min,0.6286507157477117,0.0525853933613465,6
RANDOM_NATURAL,PLACEBO,PLACEBO_ACTIVITY,LightGBM,Fwd Pkt Len Mean,0.589414805813223,0.0493033868255845,7
RANDOM_NATURAL,PLACEBO,PLACEBO_ACTIVITY,LightGBM,Pkt Len Var,0.4275403963039412,0.0357629115092446,8
RANDOM_NATURAL,PLACEBO,PLACEBO_ACTIVITY,LightGBM,Flow IAT Min,0.261765386307363,0.0218961586498561,9
RANDOM_NATURAL,PLACEBO,PLACEBO_ACTIVITY,LightGBM,ECE Flag Cnt,0.2367337617807517,0.0198023125931634,10
RANDOM_NATURAL,PLACEBO,PLACEBO_ACTIVITY,LightGBM,Bwd Pkt Len Std,0.1917845954694704,0.0160424034217693,11
RANDOM_NATURAL,PLACEBO,PLACEBO_ACTIVITY,LightGBM,Fwd Pkt Len Max,0.1443626750129361,0.0120756532396887,12
RANDOM_NATURAL,PLACEBO,PLACEBO_ACTIVITY,LightGBM,Fwd IAT Std,0.1352339003619955,0.0113120492320867,13
RANDOM_NATURAL,PLACEBO,PLACEBO_ACTIVITY,LightGBM,Fwd Pkt Len Std,0.123437803144705,0.0103253289488494,14
RANDOM_NATURAL,PLACEBO,PLACEBO_ACTIVITY,LightGBM,Bwd Pkt Len Mean,0.1153095091038305,0.009645413172427,15
RANDOM_NATURAL,PLACEBO,PLACEBO_ACTIVITY,LightGBM,Fwd IAT Max,0.1047045294025668,0.0087583275218257,16
RANDOM_NATURAL,PLACEBO,PLACEBO_ACTIVITY,LightGBM,Idle Max,0.1044293357513549,0.0087353081152824,17
RANDOM_NATURAL,PLACEBO,PLACEBO_ACTIVITY,LightGBM,Init Bwd Win Byts,0.1016286933364767,0.0085010398970785,18
RANDOM_NATURAL,PLACEBO,PLACEBO_ACTIVITY,LightGBM,Fwd Pkts/s,0.0971359810151926,0.0081252333661131,19
RANDOM_NATURAL,PLACEBO,PLACEBO_ACTIVITY,LightGBM,Fwd Header Len,0.0967313819389689,0.0080913894508134,20
RANDOM_NATURAL,PLACEBO,PLACEBO_ACTIVITY,XGBoost,Init Fwd Win Byts,2.08242485048892,0.2061687652480587,1
RANDOM_NATURAL,PLACEBO,PLACEBO_ACTIVITY,XGBoost,Dst Port,1.8432362033154812,0.18248808931033,2
RANDOM_NATURAL,PLACEBO,PLACEBO_ACTIVITY,XGBoost,Fwd Pkt Len Max,1.1163297404814512,0.1105213108414023,3
RANDOM_NATURAL,PLACEBO,PLACEBO_ACTIVITY,XGBoost,Fwd Header Len,0.7551248423524201,0.0747605160010367,4
RANDOM_NATURAL,PLACEBO,PLACEBO_ACTIVITY,XGBoost,Fwd Seg Size Min,0.6835529651814141,0.0676746009730022,5
RANDOM_NATURAL,PLACEBO,PLACEBO_ACTIVITY,XGBoost,Flow IAT Min,0.2366586255862639,0.023430193224484,6
RANDOM_NATURAL,PLACEBO,PLACEBO_ACTIVITY,XGBoost,ECE Flag Cnt,0.2299109889693092,0.0227621489926196,7
RANDOM_NATURAL,PLACEBO,PLACEBO_ACTIVITY,XGBoost,Fwd IAT Tot,0.2257617237266851,0.0223513543886474,8
RANDOM_NATURAL,PLACEBO,PLACEBO_ACTIVITY,XGBoost,Flow IAT Max,0.1860500609426177,0.0184197337684765,9
RANDOM_NATURAL,PLACEBO,PLACEBO_ACTIVITY,XGBoost,TotLen Fwd Pkts,0.1687844385557415,0.0167103649776144,10
RANDOM_NATURAL,PLACEBO,PLACEBO_ACTIVITY,XGBoost,Fwd Pkts/s,0.1674791929540428,0.0165811402067976,11
RANDOM_NATURAL,PLACEBO,PLACEBO_ACTIVITY,XGBoost,Idle Max,0.1515297773325117,0.0150020813877736,12
RANDOM_NATURAL,PLACEBO,PLACEBO_ACTIVITY,XGBoost,Pkt Len Max,0.146594435112091,0.0145134618770038,13
RANDOM_NATURAL,PLACEBO,PLACEBO_ACTIVITY,XGBoost,RST Flag Cnt,0.1345970352992415,0.0133256691434405,14
RANDOM_NATURAL,PLACEBO,PLACEBO_ACTIVITY,XGBoost,Fwd IAT Max,0.1266999587821796,0.0125438255565231,15
RANDOM_NATURAL,PLACEBO,PLACEBO_ACTIVITY,XGBoost,Fwd IAT Min,0.1235298975198529,0.0122299762399146,16
RANDOM_NATURAL,PLACEBO,PLACEBO_ACTIVITY,XGBoost,Fwd IAT Std,0.1195922497165407,0.0118401326470474,17
RANDOM_NATURAL,PLACEBO,PLACEBO_ACTIVITY,XGBoost,Flow IAT Std,0.1024200579156609,0.0101400138747618,18
RANDOM_NATURAL,PLACEBO,PLACEBO_ACTIVITY,XGBoost,Bwd Pkt Len Std,0.0994496978919647,0.0098459358155781,19
RANDOM_NATURAL,PLACEBO,PLACEBO_ACTIVITY,XGBoost,Flow IAT Mean,0.093510991209514,0.0092579790287563,20
RANDOM_NATURAL,PLACEBO,PLACEBO_COUNTS,LightGBM,Dst Port,2.359605440237258,0.1983406137746824,1
RANDOM_NATURAL,PLACEBO,PLACEBO_COUNTS,LightGBM,Init Fwd Win Byts,1.8222385401266497,0.1531713329395697,2
RANDOM_NATURAL,PLACEBO,PLACEBO_COUNTS,LightGBM,TotLen Fwd Pkts,1.5853338426745875,0.1332579091537596,3
RANDOM_NATURAL,PLACEBO,PLACEBO_COUNTS,LightGBM,Fwd IAT Tot,0.7013458276653654,0.0589528060731518,4
RANDOM_NATURAL,PLACEBO,PLACEBO_COUNTS,LightGBM,Pkt Len Std,0.6867648795600029,0.0577271798954365,5
RANDOM_NATURAL,PLACEBO,PLACEBO_COUNTS,LightGBM,Fwd Seg Size Min,0.6417816234099444,0.053946036454146,6
RANDOM_NATURAL,PLACEBO,PLACEBO_COUNTS,LightGBM,Fwd Pkt Len Mean,0.6017324022611864,0.0505796316440927,7
RANDOM_NATURAL,PLACEBO,PLACEBO_COUNTS,LightGBM,Pkt Len Var,0.3786256565718242,0.0318260179582171,8
RANDOM_NATURAL,PLACEBO,PLACEBO_COUNTS,LightGBM,Flow IAT Min,0.2516706217786766,0.0211545984516884,9
RANDOM_NATURAL,PLACEBO,PLACEBO_COUNTS,LightGBM,ECE Flag Cnt,0.2391678868020653,0.0201036599825544,10
RANDOM_NATURAL,PLACEBO,PLACEBO_COUNTS,LightGBM,Bwd Pkt Len Std,0.2065310656204067,0.0173603169496726,11
RANDOM_NATURAL,PLACEBO,PLACEBO_COUNTS,LightGBM,Fwd Pkt Len Max,0.1691011533209222,0.0142140825613226,12
RANDOM_NATURAL,PLACEBO,PLACEBO_COUNTS,LightGBM,Fwd Header Len,0.1407515903173542,0.0118311122432823,13
RANDOM_NATURAL,PLACEBO,PLACEBO_COUNTS,LightGBM,Fwd IAT Std,0.1263611888616499,0.0106215027854818,14
RANDOM_NATURAL,PLACEBO,PLACEBO_COUNTS,LightGBM,Fwd Pkt Len Std,0.1229999222441844,0.0103389658525693,15
RANDOM_NATURAL,PLACEBO,PLACEBO_COUNTS,LightGBM,Init Bwd Win Byts,0.1114317216718646,0.0093665812484925,16
RANDOM_NATURAL,PLACEBO,PLACEBO_COUNTS,LightGBM,Fwd IAT Max,0.0973793996833487,0.0081853896303372,17
RANDOM_NATURAL,PLACEBO,PLACEBO_COUNTS,LightGBM,Bwd Pkt Len Mean,0.0946005752980809,0.0079518108612992,18
RANDOM_NATURAL,PLACEBO,PLACEBO_COUNTS,LightGBM,Fwd IAT Min,0.0911953288406605,0.0076655771287855,19
RANDOM_NATURAL,PLACEBO,PLACEBO_COUNTS,LightGBM,Idle Max,0.0908514509073433,0.007636671889293,20
RANDOM_NATURAL,PLACEBO,PLACEBO_COUNTS,XGBoost,Init Fwd Win Byts,2.113091592613174,0.2099195495957398,1
RANDOM_NATURAL,PLACEBO,PLACEBO_COUNTS,XGBoost,Dst Port,1.824737883017445,0.181273805580574,2
RANDOM_NATURAL,PLACEBO,PLACEBO_COUNTS,XGBoost,Fwd Pkt Len Max,1.0958622838518597,0.1088655682741402,3
RANDOM_NATURAL,PLACEBO,PLACEBO_COUNTS,XGBoost,Fwd Header Len,0.7322124929359183,0.0727397322779559,4
RANDOM_NATURAL,PLACEBO,PLACEBO_COUNTS,XGBoost,Fwd Seg Size Min,0.7159635916614207,0.071125527740447,5
RANDOM_NATURAL,PLACEBO,PLACEBO_COUNTS,XGBoost,Fwd IAT Tot,0.2379937732023681,0.0236428680384123,6
RANDOM_NATURAL,PLACEBO,PLACEBO_COUNTS,XGBoost,Flow IAT Max,0.2317341252242593,0.0230210197054834,7
RANDOM_NATURAL,PLACEBO,PLACEBO_COUNTS,XGBoost,ECE Flag Cnt,0.2229465027952566,0.0221480363720765,8
RANDOM_NATURAL,PLACEBO,PLACEBO_COUNTS,XGBoost,Flow IAT Min,0.2223340040762908,0.0220871892911157,9
RANDOM_NATURAL,PLACEBO,PLACEBO_COUNTS,XGBoost,TotLen Fwd Pkts,0.175754718243306,0.0174598921418901,10
RANDOM_NATURAL,PLACEBO,PLACEBO_COUNTS,XGBoost,Fwd Pkts/s,0.1585023650374401,0.0157460023005306,11
RANDOM_NATURAL,PLACEBO,PLACEBO_COUNTS,XGBoost,Fwd IAT Std,0.1425462954119437,0.0141608883561983,12
RANDOM_NATURAL,PLACEBO,PLACEBO_COUNTS,XGBoost,Pkt Len Max,0.1407100868753579,0.0139784750285833,13
RANDOM_NATURAL,PLACEBO,PLACEBO_COUNTS,XGBoost,RST Flag Cnt,0.1406139119826257,0.0139689207857689,14
RANDOM_NATURAL,PLACEBO,PLACEBO_COUNTS,XGBoost,Fwd IAT Max,0.1261547579079284,0.012532513996065,15
RANDOM_NATURAL,PLACEBO,PLACEBO_COUNTS,XGBoost,Idle Max,0.1245416448921896,0.01237226350863,16
RANDOM_NATURAL,PLACEBO,PLACEBO_COUNTS,XGBoost,Bwd Pkt Len Std,0.1107194592757761,0.0109991346820476,17
RANDOM_NATURAL,PLACEBO,PLACEBO_COUNTS,XGBoost,Fwd IAT Min,0.1106645499425096,0.0109936798581544,18
RANDOM_NATURAL,PLACEBO,PLACEBO_COUNTS,XGBoost,Flow IAT Std,0.1066705963789398,0.0105969110024636,19
RANDOM_NATURAL,PLACEBO,PLACEBO_COUNTS,XGBoost,Flow IAT Mean,0.1023010764427366,0.0101628324891782,20
RANDOM_NATURAL,PLACEBO,PLACEBO_IAT,LightGBM,Dst Port,2.3772547369971373,0.1968111741963787,1
RANDOM_NATURAL,PLACEBO,PLACEBO_IAT,LightGBM,Init Fwd Win Byts,1.843235146396074,0.1526000843899811,2
RANDOM_NATURAL,PLACEBO,PLACEBO_IAT,LightGBM,TotLen Fwd Pkts,1.5347126475047368,0.1270577332368584,3
RANDOM_NATURAL,PLACEBO,PLACEBO_IAT,LightGBM,Pkt Len Std,0.8068000464074724,0.0667943834558184,4
RANDOM_NATURAL,PLACEBO,PLACEBO_IAT,LightGBM,Fwd IAT Tot,0.6673845301006657,0.0552522752254667,5
RANDOM_NATURAL,PLACEBO,PLACEBO_IAT,LightGBM,Fwd Seg Size Min,0.6352635966887444,0.0525930067328233,6
RANDOM_NATURAL,PLACEBO,PLACEBO_IAT,LightGBM,Fwd Pkt Len Mean,0.6024006006167273,0.0498723034174038,7
RANDOM_NATURAL,PLACEBO,PLACEBO_IAT,LightGBM,Pkt Len Var,0.5209296274383596,0.0431273813673545,8
RANDOM_NATURAL,PLACEBO,PLACEBO_IAT,LightGBM,Flow IAT Min,0.2706325341335601,0.0224054687912192,9
RANDOM_NATURAL,PLACEBO,PLACEBO_IAT,LightGBM,ECE Flag Cnt,0.2159795777283051,0.017880790658909,10
RANDOM_NATURAL,PLACEBO,PLACEBO_IAT,LightGBM,Bwd Pkt Len Std,0.1890478026755201,0.0156511287767219,11
RANDOM_NATURAL,PLACEBO,PLACEBO_IAT,LightGBM,Fwd Pkt Len Std,0.1444389232393563,0.0119579924019024,12
RANDOM_NATURAL,PLACEBO,PLACEBO_IAT,LightGBM,Fwd IAT Std,0.1395190060804892,0.0115506760727282,13
RANDOM_NATURAL,PLACEBO,PLACEBO_IAT,LightGBM,Fwd IAT Max,0.1360876606878187,0.011266597507106,14
RANDOM_NATURAL,PLACEBO,PLACEBO_IAT,LightGBM,Fwd Pkt Len Max,0.1216804165383326,0.0100738323423698,15
RANDOM_NATURAL,PLACEBO,PLACEBO_IAT,LightGBM,Fwd Header Len,0.1198556095071755,0.0099227579081098,16
RANDOM_NATURAL,PLACEBO,PLACEBO_IAT,LightGBM,Init Bwd Win Byts,0.117810275085081,0.0097534261730744,17
RANDOM_NATURAL,PLACEBO,PLACEBO_IAT,LightGBM,Bwd Pkt Len Mean,0.1021993908313153,0.0084610125278677,18
RANDOM_NATURAL,PLACEBO,PLACEBO_IAT,LightGBM,Fwd IAT Min,0.0999394291280864,0.0082739119578156,19
RANDOM_NATURAL,PLACEBO,PLACEBO_IAT,LightGBM,Pkt Len Max,0.0825483241227335,0.0068341151436973,20
RANDOM_NATURAL,PLACEBO,PLACEBO_IAT,XGBoost,Init Fwd Win Byts,2.1091262620924507,0.2120283647362998,1
RANDOM_NATURAL,PLACEBO,PLACEBO_IAT,XGBoost,Dst Port,1.81479956223575,0.1824399944284284,2
RANDOM_NATURAL,PLACEBO,PLACEBO_IAT,XGBoost,Fwd Pkt Len Max,1.1498254998609423,0.1155908135275628,3
RANDOM_NATURAL,PLACEBO,PLACEBO_IAT,XGBoost,Fwd Header Len,0.7278599138942503,0.0731710329883214,4
RANDOM_NATURAL,PLACEBO,PLACEBO_IAT,XGBoost,Fwd Seg Size Min,0.6633372995142097,0.0666846387589222,5
RANDOM_NATURAL,PLACEBO,PLACEBO_IAT,XGBoost,Flow IAT Min,0.2697607313939603,0.0271187779392519,6
RANDOM_NATURAL,PLACEBO,PLACEBO_IAT,XGBoost,ECE Flag Cnt,0.2527063314467668,0.025404316080162,7
RANDOM_NATURAL,PLACEBO,PLACEBO_IAT,XGBoost,Fwd IAT Tot,0.2460694710202011,0.0247371191045615,8
RANDOM_NATURAL,PLACEBO,PLACEBO_IAT,XGBoost,Fwd Pkts/s,0.1746332574122156,0.0175557076231893,9
RANDOM_NATURAL,PLACEBO,PLACEBO_IAT,XGBoost,Fwd IAT Std,0.1607673917320906,0.0161617859416617,10
RANDOM_NATURAL,PLACEBO,PLACEBO_IAT,XGBoost,Fwd IAT Max,0.150433989735796,0.0151229793197843,11
RANDOM_NATURAL,PLACEBO,PLACEBO_IAT,XGBoost,Pkt Len Max,0.1352047941751814,0.0135920034417622,12
RANDOM_NATURAL,PLACEBO,PLACEBO_IAT,XGBoost,TotLen Fwd Pkts,0.1310952433564758,0.013178874386593,13
RANDOM_NATURAL,PLACEBO,PLACEBO_IAT,XGBoost,Idle Max,0.1290732196779979,0.0129756023579282,14
RANDOM_NATURAL,PLACEBO,PLACEBO_IAT,XGBoost,Fwd IAT Min,0.1179382842434559,0.0118562183769578,15
RANDOM_NATURAL,PLACEBO,PLACEBO_IAT,XGBoost,RST Flag Cnt,0.1164417146649211,0.0117057697261805,16
RANDOM_NATURAL,PLACEBO,PLACEBO_IAT,XGBoost,Flow Pkts/s,0.1162276201269327,0.0116842470152814,17
RANDOM_NATURAL,PLACEBO,PLACEBO_IAT,XGBoost,Init Bwd Win Byts,0.114644285993278,0.0115250760101008,18
RANDOM_NATURAL,PLACEBO,PLACEBO_IAT,XGBoost,Bwd Pkt Len Max,0.0954076456978509,0.0095912356999369,19
RANDOM_NATURAL,PLACEBO,PLACEBO_IAT,XGBoost,Bwd Pkt Len Std,0.0797798662558489,0.0080201905808742,20
RANDOM_NATURAL,PLACEBO,PLACEBO_PACKET_SIZE,LightGBM,Dst Port,2.4482495127702117,0.2268519372807666,1
RANDOM_NATURAL,PLACEBO,PLACEBO_PACKET_SIZE,LightGBM,Init Fwd Win Byts,1.810791053984156,0.1677857818266999,2
RANDOM_NATURAL,PLACEBO,PLACEBO_PACKET_SIZE,LightGBM,TotLen Fwd Pkts,1.5944890988519729,0.1477434955713942,3
RANDOM_NATURAL,PLACEBO,PLACEBO_PACKET_SIZE,LightGBM,Fwd Seg Size Min,0.7143560140776454,0.0661913930162764,4
RANDOM_NATURAL,PLACEBO,PLACEBO_PACKET_SIZE,LightGBM,Fwd IAT Tot,0.6781676136573981,0.0628382181459846,5
RANDOM_NATURAL,PLACEBO,PLACEBO_PACKET_SIZE,LightGBM,Fwd Pkt Len Mean,0.398835965527645,0.0369556742338799,6
RANDOM_NATURAL,PLACEBO,PLACEBO_PACKET_SIZE,LightGBM,Flow IAT Min,0.2464802048364589,0.0228385675875181,7
RANDOM_NATURAL,PLACEBO,PLACEBO_PACKET_SIZE,LightGBM,Bwd Pkt Len Std,0.2075330450451031,0.0192297692995301,8
RANDOM_NATURAL,PLACEBO,PLACEBO_PACKET_SIZE,LightGBM,ECE Flag Cnt,0.2002881181895183,0.0185584628480944,9
RANDOM_NATURAL,PLACEBO,PLACEBO_PACKET_SIZE,LightGBM,Bwd Pkt Len Mean,0.1644582855025362,0.015238512444718,10
RANDOM_NATURAL,PLACEBO,PLACEBO_PACKET_SIZE,LightGBM,Fwd Pkt Len Std,0.1401226111856343,0.0129835973165714,11
RANDOM_NATURAL,PLACEBO,PLACEBO_PACKET_SIZE,LightGBM,Fwd IAT Std,0.1316413431802849,0.0121977329397687,12
RANDOM_NATURAL,PLACEBO,PLACEBO_PACKET_SIZE,LightGBM,Fwd Header Len,0.1210175752465144,0.0112133470246786,13
RANDOM_NATURAL,PLACEBO,PLACEBO_PACKET_SIZE,LightGBM,Init Bwd Win Byts,0.1126690279693733,0.0104397803953702,14
RANDOM_NATURAL,PLACEBO,PLACEBO_PACKET_SIZE,LightGBM,PSH Flag Cnt,0.096132024664829,0.0089074810047703,15
RANDOM_NATURAL,PLACEBO,PLACEBO_PACKET_SIZE,LightGBM,Idle Max,0.0942416585724983,0.0087323218929321,16
RANDOM_NATURAL,PLACEBO,PLACEBO_PACKET_SIZE,LightGBM,Fwd Pkts/s,0.0931600650013157,0.0086321026972605,17
RANDOM_NATURAL,PLACEBO,PLACEBO_PACKET_SIZE,LightGBM,Fwd IAT Max,0.080910395180808,0.0074970626144025,18
RANDOM_NATURAL,PLACEBO,PLACEBO_PACKET_SIZE,LightGBM,Tot Fwd Pkts,0.0799993337678533,0.0074126447291205,19
RANDOM_NATURAL,PLACEBO,PLACEBO_PACKET_SIZE,LightGBM,Fwd IAT Min,0.0798091552722291,0.0073950230120789,20
RANDOM_NATURAL,PLACEBO,PLACEBO_PACKET_SIZE,XGBoost,Init Fwd Win Byts,2.104589162264205,0.2092683194032103,1
RANDOM_NATURAL,PLACEBO,PLACEBO_PACKET_SIZE,XGBoost,Dst Port,1.8068107179423796,0.1796589325855526,2
RANDOM_NATURAL,PLACEBO,PLACEBO_PACKET_SIZE,XGBoost,Fwd Pkt Len Max,1.1150201803438249,0.1108712348352974,3
RANDOM_NATURAL,PLACEBO,PLACEBO_PACKET_SIZE,XGBoost,Fwd Header Len,0.7596953487449472,0.075539764121589,4
RANDOM_NATURAL,PLACEBO,PLACEBO_PACKET_SIZE,XGBoost,Fwd Seg Size Min,0.6981299601056671,0.0694180536970771,5
RANDOM_NATURAL,PLACEBO,PLACEBO_PACKET_SIZE,XGBoost,Fwd IAT Tot,0.2397050344612995,0.0238348988076312,6
RANDOM_NATURAL,PLACEBO,PLACEBO_PACKET_SIZE,XGBoost,Flow IAT Min,0.2302314695977868,0.0228929016552693,7
RANDOM_NATURAL,PLACEBO,PLACEBO_PACKET_SIZE,XGBoost,ECE Flag Cnt,0.2099525654763914,0.0208764833153318,8
RANDOM_NATURAL,PLACEBO,PLACEBO_PACKET_SIZE,XGBoost,Flow IAT Max,0.1825547893828916,0.0181522050280181,9
RANDOM_NATURAL,PLACEBO,PLACEBO_PACKET_SIZE,XGBoost,Fwd Pkts/s,0.175568123773334,0.0174574909258266,10
RANDOM_NATURAL,PLACEBO,PLACEBO_PACKET_SIZE,XGBoost,RST Flag Cnt,0.1458992601893842,0.0145073886768268,11
RANDOM_NATURAL,PLACEBO,PLACEBO_PACKET_SIZE,XGBoost,Pkt Len Max,0.1432801949769594,0.0142469637990221,12
RANDOM_NATURAL,PLACEBO,PLACEBO_PACKET_SIZE,XGBoost,Fwd IAT Max,0.1377218464438599,0.0136942733846481,13
RANDOM_NATURAL,PLACEBO,PLACEBO_PACKET_SIZE,XGBoost,Fwd IAT Std,0.1341300927795295,0.0133371299257147,14
RANDOM_NATURAL,PLACEBO,PLACEBO_PACKET_SIZE,XGBoost,Idle Max,0.126980905005685,0.0126262555482562,15
RANDOM_NATURAL,PLACEBO,PLACEBO_PACKET_SIZE,XGBoost,Fwd IAT Min,0.1267269495962398,0.0126010036735954,16
RANDOM_NATURAL,PLACEBO,PLACEBO_PACKET_SIZE,XGBoost,TotLen Fwd Pkts,0.1239764888926924,0.0123275135790267,17
RANDOM_NATURAL,PLACEBO,PLACEBO_PACKET_SIZE,XGBoost,Bwd Pkt Len Std,0.1070943287104761,0.0106488480453568,18
RANDOM_NATURAL,PLACEBO,PLACEBO_PACKET_SIZE,XGBoost,Flow IAT Std,0.1050562032024601,0.0104461884919186,19
RANDOM_NATURAL,PLACEBO,PLACEBO_PACKET_SIZE,XGBoost,Bwd Pkt Len Max,0.0963540393979987,0.0095808950526176,20
RANDOM_NATURAL,PLACEBO,PLACEBO_VOLUME_DIRECTION,LightGBM,Dst Port,2.3708680767827564,0.2014248627121752,1
RANDOM_NATURAL,PLACEBO,PLACEBO_VOLUME_DIRECTION,LightGBM,Init Fwd Win Byts,1.8387635039181007,0.1562181759347207,2
RANDOM_NATURAL,PLACEBO,PLACEBO_VOLUME_DIRECTION,LightGBM,Subflow Fwd Byts,1.5718495737144382,0.133541628777278,3
RANDOM_NATURAL,PLACEBO,PLACEBO_VOLUME_DIRECTION,LightGBM,Fwd IAT Tot,0.6847284305948977,0.0581733464963003,4
RANDOM_NATURAL,PLACEBO,PLACEBO_VOLUME_DIRECTION,LightGBM,Pkt Len Std,0.630037471471836,0.0535268969359736,5
RANDOM_NATURAL,PLACEBO,PLACEBO_VOLUME_DIRECTION,LightGBM,Fwd Seg Size Min,0.6260515493156136,0.0531882598641935,6
RANDOM_NATURAL,PLACEBO,PLACEBO_VOLUME_DIRECTION,LightGBM,Fwd Pkt Len Mean,0.5888763364498559,0.0500299178960726,7
RANDOM_NATURAL,PLACEBO,PLACEBO_VOLUME_DIRECTION,LightGBM,Pkt Len Var,0.3128283823944807,0.0265773598258516,8
RANDOM_NATURAL,PLACEBO,PLACEBO_VOLUME_DIRECTION,LightGBM,Flow IAT Min,0.2567211974764529,0.0218105901645821,9
RANDOM_NATURAL,PLACEBO,PLACEBO_VOLUME_DIRECTION,LightGBM,ECE Flag Cnt,0.23723181617241,0.0201548059427796,10
RANDOM_NATURAL,PLACEBO,PLACEBO_VOLUME_DIRECTION,LightGBM,Bwd Pkt Len Std,0.1895527572897623,0.0161040753332911,11
RANDOM_NATURAL,PLACEBO,PLACEBO_VOLUME_DIRECTION,LightGBM,Fwd Pkt Len Max,0.1639639911825087,0.0139300978983586,12
RANDOM_NATURAL,PLACEBO,PLACEBO_VOLUME_DIRECTION,LightGBM,Fwd Pkt Len Std,0.1309607245137828,0.0111261972836849,13
RANDOM_NATURAL,PLACEBO,PLACEBO_VOLUME_DIRECTION,LightGBM,Fwd IAT Std,0.1256316011687621,0.0106734441555549,14
RANDOM_NATURAL,PLACEBO,PLACEBO_VOLUME_DIRECTION,LightGBM,Init Bwd Win Byts,0.1165413354187008,0.0099011508556223,15
RANDOM_NATURAL,PLACEBO,PLACEBO_VOLUME_DIRECTION,LightGBM,Fwd IAT Max,0.1159459260467949,0.0098505659023016,16
RANDOM_NATURAL,PLACEBO,PLACEBO_VOLUME_DIRECTION,LightGBM,Idle Max,0.1015030687904376,0.0086235256597331,17
RANDOM_NATURAL,PLACEBO,PLACEBO_VOLUME_DIRECTION,LightGBM,Fwd IAT Min,0.1003716105859188,0.0085273989221295,18
RANDOM_NATURAL,PLACEBO,PLACEBO_VOLUME_DIRECTION,LightGBM,Fwd Header Len,0.0964837454718982,0.0081970926075336,19
RANDOM_NATURAL,PLACEBO,PLACEBO_VOLUME_DIRECTION,LightGBM,Fwd Pkts/s,0.0868561648288734,0.0073791499610144,20
RANDOM_NATURAL,PLACEBO,PLACEBO_VOLUME_DIRECTION,XGBoost,Init Fwd Win Byts,2.09391603196282,0.209209871567176,1
RANDOM_NATURAL,PLACEBO,PLACEBO_VOLUME_DIRECTION,XGBoost,Dst Port,1.849685118092969,0.1848079770578011,2
RANDOM_NATURAL,PLACEBO,PLACEBO_VOLUME_DIRECTION,XGBoost,Fwd Pkt Len Max,1.112559089629189,0.1111593496106102,3
RANDOM_NATURAL,PLACEBO,PLACEBO_VOLUME_DIRECTION,XGBoost,Fwd Header Len,0.7385647306684705,0.0737923728022443,4
RANDOM_NATURAL,PLACEBO,PLACEBO_VOLUME_DIRECTION,XGBoost,Fwd Seg Size Min,0.6742302989390039,0.067364513234804,5
RANDOM_NATURAL,PLACEBO,PLACEBO_VOLUME_DIRECTION,XGBoost,Flow IAT Min,0.2403009735358151,0.0240092415567253,6
RANDOM_NATURAL,PLACEBO,PLACEBO_VOLUME_DIRECTION,XGBoost,Fwd IAT Tot,0.2392168723260547,0.0239009255252333,7
RANDOM_NATURAL,PLACEBO,PLACEBO_VOLUME_DIRECTION,XGBoost,ECE Flag Cnt,0.2042850687040714,0.0204107769052266,8
RANDOM_NATURAL,PLACEBO,PLACEBO_VOLUME_DIRECTION,XGBoost,Flow IAT Max,0.1917908929717668,0.0191624437054263,9
RANDOM_NATURAL,PLACEBO,PLACEBO_VOLUME_DIRECTION,XGBoost,Fwd Pkts/s,0.1488618609146136,0.0148732663238666,10
RANDOM_NATURAL,PLACEBO,PLACEBO_VOLUME_DIRECTION,XGBoost,Pkt Len Max,0.1431981380301003,0.0143073855917007,11
RANDOM_NATURAL,PLACEBO,PLACEBO_VOLUME_DIRECTION,XGBoost,RST Flag Cnt,0.1415969233896583,0.0141474030975773,12
RANDOM_NATURAL,PLACEBO,PLACEBO_VOLUME_DIRECTION,XGBoost,Fwd IAT Std,0.1363643135884527,0.0136245962573024,13
RANDOM_NATURAL,PLACEBO,PLACEBO_VOLUME_DIRECTION,XGBoost,Fwd IAT Max,0.1217885999303602,0.0121682899222528,14
RANDOM_NATURAL,PLACEBO,PLACEBO_VOLUME_DIRECTION,XGBoost,Idle Max,0.1209997911853293,0.0120894775087081,15
RANDOM_NATURAL,PLACEBO,PLACEBO_VOLUME_DIRECTION,XGBoost,Subflow Fwd Byts,0.1184306749106159,0.0118327888556439,16
RANDOM_NATURAL,PLACEBO,PLACEBO_VOLUME_DIRECTION,XGBoost,Fwd IAT Min,0.1161173743402039,0.0116016595706847,17
RANDOM_NATURAL,PLACEBO,PLACEBO_VOLUME_DIRECTION,XGBoost,Flow IAT Std,0.1156225739131049,0.0115522224718591,18
RANDOM_NATURAL,PLACEBO,PLACEBO_VOLUME_DIRECTION,XGBoost,Bwd Pkt Len Std,0.0987298294631789,0.0098644141534552,19
RANDOM_NATURAL,PLACEBO,PLACEBO_VOLUME_DIRECTION,XGBoost,Bwd Pkt Len Max,0.0975210205613006,0.0097436381761711,20
