cell_id,source_stage,family,direction,bridge,variant,identity_duplicate_of,operating_point,threshold,tpr,fpr,frozen_f1,frozen_precision,observed_prevalence,projection_prevalence,projected_ppv,projected_npv,lr_plus,lr_plus_status,lr_minus,lr_minus_status,tp_per_day,fn_per_day,fp_per_day,tn_per_day,total_alerts_per_day,false_alert_fraction,false_alert_processing_hours_per_day,total_alert_processing_hours_per_day,analyst_days_required,aci_1,aci_3,aci_10,capacity_exceeded_1,capacity_exceeded_3,capacity_exceeded_10,model_relative_cost,ignore_relative_cost,model_minus_ignore,model_to_ignore_cost_ratio,relative_savings_vs_ignore,preferred_under_frozen_cost_model,cost_break_even_prevalence,cost_break_even_percent
STAGE22_RANDOM,Stage22R-2A,STAGE22_RANDOM,IDS2018_RANDOM_VALIDATION,FULL_70_FEATURE,RANDOM_NATURAL,,STANDARD,0.5,0.9684581453125792,3.456562464705885e-05,0.983867395346681,0.9997749303854448,0.13684738945373795,0.1,0.9996788805731186,0.9965074688587382,28017.955850683124,FINITE,0.031542944989017524,FINITE,107606.46059028657,3504.65052082453,34.56562464705885,999965.4343753529,107641.02621493363,0.0003211194268813406,1.152187488235295,3588.0342071644545,448.5042758955568,448.5042758955568,149.50142529851894,44.85042758955568,True,True,True,350499.61770710006,11111111.11111111,-10760611.49340401,0.03154496559363901,0.968455034406361,MODEL_LOWER_RELATIVE_COST,3.569138478251155e-07,3.569138478251155e-05
STAGE22_RANDOM,Stage22R-2A,STAGE22_RANDOM,IDS2018_RANDOM_VALIDATION,FULL_70_FEATURE,RANDOM_NATURAL,,STANDARD,0.5,0.9684581453125792,3.456562464705885e-05,0.983867395346681,0.9997749303854448,0.13684738945373795,0.03,0.9988473083781341,0.9990253957803588,28017.955850683124,FINITE,0.031542944989017524,FINITE,29952.313772554,975.521278992395,34.56562464705885,999965.4343753529,29986.879397201057,0.0011526916218659673,1.152187488235295,999.5626465733686,124.94533082167108,124.94533082167108,41.64844360722369,12.494533082167107,True,True,True,97586.69352388656,3092783.5051546395,-2995196.811630753,0.03155303090605665,0.9684469690939433,MODEL_LOWER_RELATIVE_COST,3.569138478251155e-07,3.569138478251155e-05
STAGE22_RANDOM,Stage22R-2A,STAGE22_RANDOM,IDS2018_RANDOM_VALIDATION,FULL_70_FEATURE,RANDOM_NATURAL,,STANDARD,0.5,0.9684581453125792,3.456562464705885e-05,0.983867395346681,0.9997749303854448,0.13684738945373795,0.01,0.9964789929419905,0.9996814858776204,28017.955850683124,FINITE,0.031542944989017524,FINITE,9782.40550820787,318.60459280222994,34.56562464705885,999965.4343753529,9816.97113285493,0.0035210070580096145,1.152187488235295,327.2323710951643,40.90404638689554,40.90404638689554,13.63468212896518,4.090404638689554,True,True,True,31895.024904870053,1010101.0101010101,-978205.98519614,0.03157607465582135,0.9684239253441786,MODEL_LOWER_RELATIVE_COST,3.569138478251155e-07,3.569138478251155e-05
STAGE22_RANDOM,Stage22R-2A,STAGE22_RANDOM,IDS2018_RANDOM_VALIDATION,FULL_70_FEATURE,RANDOM_NATURAL,,STANDARD,0.5,0.9684581453125792,3.456562464705885e-05,0.983867395346681,0.9997749303854448,0.13684738945373795,0.003,0.9882776034072802,0.9999050954320378,28017.955850683124,FINITE,0.031542944989017524,FINITE,2914.1167862966277,94.91029494710361,34.56562464705885,999965.4343753529,2948.6824109436866,0.011722396592719722,1.152187488235295,98.28941369812289,12.28617671226536,12.28617671226536,4.095392237421787,1.228617671226536,True,True,True,9525.59511935742,300902.7081243731,-291377.1130050157,0.031656727779997826,0.9683432722200023,MODEL_LOWER_RELATIVE_COST,3.569138478251155e-07,3.569138478251155e-05
STAGE22_RANDOM,Stage22R-2A,STAGE22_RANDOM,IDS2018_RANDOM_VALIDATION,FULL_70_FEATURE,RANDOM_NATURAL,,STANDARD,0.5,0.9684581453125792,3.456562464705885e-05,0.983867395346681,0.9997749303854448,0.13684738945373795,0.001,0.9655718537416295,0.9999684264774102,28017.955850683124,FINITE,0.031542944989017524,FINITE,969.4275728854647,31.573428115536302,34.56562464705885,999965.4343753529,1003.9931975325235,0.03442814625837056,1.152187488235295,33.46643991775078,4.183304989718848,4.183304989718848,1.3944349965729492,0.4183304989718848,True,True,False,3191.9084362006893,100100.1001001001,-96908.19166389942,0.03188716527764489,0.9681128347223552,MODEL_LOWER_RELATIVE_COST,3.569138478251155e-07,3.569138478251155e-05
STAGE22_RANDOM,Stage22R-2A,STAGE22_RANDOM,IDS2018_RANDOM_VALIDATION,FULL_70_FEATURE,RANDOM_NATURAL,,STANDARD,0.5,0.9684581453125792,3.456562464705885e-05,0.983867395346681,0.9997749303854448,0.13684738945373795,0.0001,0.7369857797327997,0.9999968453999917,28017.955850683124,FINITE,0.031542944989017524,FINITE,96.85550008126604,3.15450091883396,34.56562464705885,999965.4343753529,131.42112472832488,0.26301422026720034,1.152187488235295,4.38070415761083,0.5475880197013537,0.5475880197013537,0.18252933990045123,0.05475880197013537,False,False,False,350.0157165304548,10001.00010001,-9650.984383479545,0.03499807149588018,0.9650019285041198,MODEL_LOWER_RELATIVE_COST,3.569138478251155e-07,3.569138478251155e-05
STAGE22_RANDOM,Stage22R-2A,STAGE22_RANDOM,IDS2018_RANDOM_VALIDATION,FULL_70_FEATURE,RANDOM_NATURAL,,BALANCED,0.46,0.968640673325559,5.98869543303694e-05,0.983881786895567,0.9996101915293835,0.13684738945373795,0.1,0.9994438775249933,0.9965275218109085,16174.485481128395,FINITE,0.031361204801480656,FINITE,107626.74148061767,3484.369630493441,59.8869543303694,999940.1130456696,107686.62843494804,0.0005561224750066928,1.9962318110123134,3589.5542811649348,448.69428514561685,448.69428514561685,149.5647617152056,44.86942851456168,True,True,True,348496.85000367445,11111111.11111111,-10762614.261107435,0.0313647165003307,0.9686352834996693,MODEL_LOWER_RELATIVE_COST,6.182573058719209e-07,6.182573058719209e-05
STAGE22_RANDOM,Stage22R-2A,STAGE22_RANDOM,IDS2018_RANDOM_VALIDATION,FULL_70_FEATURE,RANDOM_NATURAL,,BALANCED,0.46,0.968640673325559,5.98869543303694e-05,0.983881786895567,0.9996101915293835,0.13684738945373795,0.03,0.9980049549696649,0.9990310056915714,16174.485481128395,FINITE,0.031361204801480656,FINITE,29957.958968831725,969.8760827146692,59.8869543303694,999940.1130456696,30017.845923162095,0.001995045030335104,1.9962318110123134,1000.5948641054032,125.0743580131754,125.0743580131754,41.691452671058464,12.50743580131754,True,True,True,97047.49522579729,3092783.5051546395,-2995736.009928842,0.031378690123007785,0.9686213098769921,MODEL_LOWER_RELATIVE_COST,6.182573058719209e-07,6.182573058719209e-05
STAGE22_RANDOM,Stage22R-2A,STAGE22_RANDOM,IDS2018_RANDOM_VALIDATION,FULL_70_FEATURE,RANDOM_NATURAL,,BALANCED,0.46,0.968640673325559,5.98869543303694e-05,0.983881786895567,0.9996101915293835,0.13684738945373795,0.01,0.9939164845714948,0.9996833204712129,16174.485481128395,FINITE,0.031361204801480656,FINITE,9784.249225510697,316.7608754994037,59.8869543303694,999940.1130456696,9844.136179841067,0.006083515428505203,1.9962318110123134,328.13787266136893,41.017234082671116,41.017234082671116,13.67241136089037,4.1017234082671115,True,True,True,31735.97450427074,1010101.0101010101,-978365.0355967394,0.03141861475922803,0.968581385240772,MODEL_LOWER_RELATIVE_COST,6.182573058719209e-07,6.182573058719209e-05
STAGE22_RANDOM,Stage22R-2A,STAGE22_RANDOM,IDS2018_RANDOM_VALIDATION,FULL_70_FEATURE,RANDOM_NATURAL,,BALANCED,0.46,0.968640673325559,5.98869543303694e-05,0.983881786895567,0.9996101915293835,0.13684738945373795,0.003,0.9798669060908226,0.9999056421896885,16174.485481128395,FINITE,0.031361204801480656,FINITE,2914.6660180307695,94.36106321296178,59.8869543303694,999940.1130456696,2974.552972361139,0.02013309390917734,1.9962318110123134,99.15176574537129,12.393970718171412,12.393970718171412,4.1313235727238045,1.2393970718171412,True,True,True,9495.993275626548,300902.7081243731,-291406.71484874655,0.03155835098599889,0.9684416490140011,MODEL_LOWER_RELATIVE_COST,6.182573058719209e-07,6.182573058719209e-05
STAGE22_RANDOM,Stage22R-2A,STAGE22_RANDOM,IDS2018_RANDOM_VALIDATION,FULL_70_FEATURE,RANDOM_NATURAL,,BALANCED,0.46,0.968640673325559,5.98869543303694e-05,0.983881786895567,0.9996101915293835,0.13684738945373795,0.001,0.9418289315178459,0.9999686083880653,16174.485481128395,FINITE,0.031361204801480656,FINITE,969.6102836091682,31.3907173918328,59.8869543303694,999940.1130456696,1029.4972379395376,0.058171068482154156,1.9962318110123134,34.31657459798459,4.289571824748074,4.289571824748074,1.4298572749160245,0.42895718247480735,True,True,False,3198.9586935136495,100100.1001001001,-96901.14140658645,0.03195759734820136,0.9680424026517986,MODEL_LOWER_RELATIVE_COST,6.182573058719209e-07,6.182573058719209e-05
STAGE22_RANDOM,Stage22R-2A,STAGE22_RANDOM,IDS2018_RANDOM_VALIDATION,FULL_70_FEATURE,RANDOM_NATURAL,,BALANCED,0.46,0.968640673325559,5.98869543303694e-05,0.983881786895567,0.9996101915293835,0.13684738945373795,0.0001,0.6179721647233618,0.9999968635757136,16174.485481128395,FINITE,0.031361204801480656,FINITE,96.8737547080267,3.136246292073304,59.8869543303694,999940.1130456696,156.7607090383961,0.38202783527663825,1.9962318110123134,5.225356967946537,0.6531696209933171,0.6531696209933171,0.21772320699777237,0.0653169620993317,False,False,False,373.51158353769983,10001.00010001,-9627.4885164723,0.03734742323793461,0.9626525767620654,MODEL_LOWER_RELATIVE_COST,6.182573058719209e-07,6.182573058719209e-05
STAGE22_RANDOM,Stage22R-2A,STAGE22_RANDOM,IDS2018_RANDOM_VALIDATION,FULL_70_FEATURE,RANDOM_NATURAL,,SECURITY,0.1,0.9847006033564873,0.006817064646962385,0.971249465522113,0.9581608639666885,0.13684738945373795,0.1,0.9413476063745647,0.9982913235170366,144.4464229623024,FINITE,0.015404409498915039,FINITE,109411.17815072082,1699.9329603902947,6817.064646962385,993182.9353530376,116228.24279768321,0.05865239362543533,227.23548823207952,3874.2747599227737,484.2843449903467,484.2843449903467,161.42811499678223,48.42843449903467,True,True,True,176810.36068599185,11111111.11111111,-10934300.750425119,0.01591293246173927,0.9840870675382608,MODEL_LOWER_RELATIVE_COST,6.922502852372038e-05,0.006922502852372037
STAGE22_RANDOM,Stage22R-2A,STAGE22_RANDOM,IDS2018_RANDOM_VALIDATION,FULL_70_FEATURE,RANDOM_NATURAL,,SECURITY,0.1,0.9847006033564873,0.006817064646962385,0.971249465522113,0.9581608639666885,0.13684738945373795,0.03,0.8170982129918709,0.9995238018366782,144.4464229623024,FINITE,0.015404409498915039,FINITE,30454.65783576765,473.17721577874187,6817.064646962385,993182.9353530376,37271.72248273004,0.18290178700812906,227.23548823207952,1242.3907494243347,155.29884367804183,155.29884367804183,51.766281226013945,15.529884367804183,True,True,True,54134.78622483657,3092783.5051546395,-3038648.718929803,0.017503580879363823,0.9824964191206362,MODEL_LOWER_RELATIVE_COST,6.922502852372038e-05,0.006922502852372037
STAGE22_RANDOM,Stage22R-2A,STAGE22_RANDOM,IDS2018_RANDOM_VALIDATION,FULL_70_FEATURE,RANDOM_NATURAL,,SECURITY,0.1,0.9847006033564873,0.006817064646962385,0.971249465522113,0.9581608639666885,0.13684738945373795,0.01,0.5933396810873244,0.9998444241116745,144.4464229623024,FINITE,0.015404409498915039,FINITE,9946.470740974619,154.53936003548134,6817.064646962385,993182.9353530376,16763.535387937005,0.40666031891267557,227.23548823207952,558.7845129312335,69.84806411640419,69.84806411640419,23.282688038801396,6.9848064116404185,True,True,True,22271.00065051052,1010101.0101010101,-987830.0094504996,0.022048290644005413,0.9779517093559945,MODEL_LOWER_RELATIVE_COST,6.922502852372038e-05,0.006922502852372037
STAGE22_RANDOM,Stage22R-2A,STAGE22_RANDOM,IDS2018_RANDOM_VALIDATION,FULL_70_FEATURE,RANDOM_NATURAL,,SECURITY,0.1,0.9847006033564873,0.006817064646962385,0.971249465522113,0.9581608639666885,0.13684738945373795,0.003,0.3029625756021735,0.999953649863082,144.4464229623024,FINITE,0.015404409498915039,FINITE,2962.990782416712,46.03629882701902,6817.064646962385,993182.9353530376,9780.055429379097,0.6970374243978265,227.23548823207952,326.0018476459699,40.75023095574624,40.75023095574624,13.58341031858208,4.075023095574624,True,True,True,11420.694529664288,300902.7081243731,-289482.0135947088,0.03795477482025098,0.962045225179749,MODEL_LOWER_RELATIVE_COST,6.922502852372038e-05,0.006922502852372037
STAGE22_RANDOM,Stage22R-2A,STAGE22_RANDOM,IDS2018_RANDOM_VALIDATION,FULL_70_FEATURE,RANDOM_NATURAL,,SECURITY,0.1,0.9847006033564873,0.006817064646962385,0.971249465522113,0.9581608639666885,0.13684738945373795,0.001,0.1263254841342615,0.9999845804084393,144.4464229623024,FINITE,0.015404409498915039,FINITE,985.6862896461334,15.31471135486752,6817.064646962385,993182.9353530376,7802.750936608519,0.8736745158657385,227.23548823207952,260.0916978869506,32.51146223586883,32.51146223586883,10.837154078622943,3.2511462235868827,True,True,True,8348.535782449137,100100.1001001001,-91751.56431765096,0.08340187246666687,0.9165981275333331,MODEL_LOWER_RELATIVE_COST,6.922502852372038e-05,0.006922502852372037
STAGE22_RANDOM,Stage22R-2A,STAGE22_RANDOM,IDS2018_RANDOM_VALIDATION,FULL_70_FEATURE,RANDOM_NATURAL,,SECURITY,0.1,0.9847006033564873,0.006817064646962385,0.971249465522113,0.9581608639666885,0.13684738945373795,0.0001,0.014240369292562213,0.999998459407364,144.4464229623024,FINITE,0.015404409498915039,FINITE,98.47990832648138,1.530092673618627,6817.064646962385,993182.9353530376,6915.544555288867,0.9857596307074378,227.23548823207952,230.51815184296223,28.81476898037028,28.81476898037028,9.604922993456759,2.881476898037028,True,True,True,6970.073914324248,10001.00010001,-3030.926185685752,0.6969376906932816,0.30306230930671835,MODEL_LOWER_RELATIVE_COST,6.922502852372038e-05,0.006922502852372037
STAGE22_CHRONOLOGICAL,Stage22R-2C,STAGE22_CHRONOLOGICAL,IDS2018_FORWARD_TEMPORAL_VALIDATION,FULL_70_FEATURE,CHRONOLOGICAL_NATURAL,,STANDARD,0.5,3.2125417630429196e-05,5.8322860303579896e-05,6.421679590296842e-05,0.06060606060606061,0.10484691299808009,0.1,0.05767256828058657,0.899997642098817,0.55082033808375,FINITE,1.000026198970672,FINITE,3.5694908478254663,111107.54162026329,58.322860303579894,999941.6771396964,61.89235115140536,0.9423274317194135,1.944095343452663,2.063078371713512,0.257884796464189,0.257884796464189,0.08596159882139633,0.025788479646418897,False,False,False,11110812.484886633,11111111.11111111,-298.6262244768441,0.9999731236397971,2.6876360202915968e-05,MODEL_LOWER_RELATIVE_COST,0.017831022380837145,1.7831022380837145
STAGE22_CHRONOLOGICAL,Stage22R-2C,STAGE22_CHRONOLOGICAL,IDS2018_FORWARD_TEMPORAL_VALIDATION,FULL_70_FEATURE,CHRONOLOGICAL_NATURAL,,STANDARD,0.5,3.2125417630429196e-05,5.8322860303579896e-05,6.421679590296842e-05,0.06060606060606061,0.10484691299808009,0.03,0.01675032733357292,0.9699992376105526,0.55082033808375,FINITE,1.000026198970672,FINITE,0.9935696174359546,30926.841481928957,58.322860303579894,999941.6771396964,59.316429921015846,0.9832496726664272,1.944095343452663,1.977214330700528,0.247151791337566,0.247151791337566,0.08238393044585535,0.024715179133756603,False,False,False,3092742.4710531994,3092783.5051546395,-41.03410144010559,0.999986732307201,1.3267692798967471e-05,MODEL_LOWER_RELATIVE_COST,0.017831022380837145,1.7831022380837145
STAGE22_CHRONOLOGICAL,Stage22R-2C,STAGE22_CHRONOLOGICAL,IDS2018_FORWARD_TEMPORAL_VALIDATION,FULL_70_FEATURE,CHRONOLOGICAL_NATURAL,,STANDARD,0.5,3.2125417630429196e-05,5.8322860303579896e-05,6.421679590296842e-05,0.06060606060606061,0.10484691299808009,0.01,0.005533056746424725,0.9899997406302582,0.55082033808375,FINITE,1.000026198970672,FINITE,0.3244991679841333,10100.685601842117,58.322860303579894,999941.6771396964,58.64735947156403,0.9944669432535752,1.944095343452663,1.9549119823854677,0.24436399779818346,0.24436399779818346,0.08145466593272782,0.024436399779818346,False,False,False,1010126.8830445153,1010101.0101010101,25.872943505179137,1.0000256142140702,-2.5614214070127346e-05,IGNORE_LOWER_RELATIVE_COST,0.017831022380837145,1.7831022380837145
STAGE22_CHRONOLOGICAL,Stage22R-2C,STAGE22_CHRONOLOGICAL,IDS2018_FORWARD_TEMPORAL_VALIDATION,FULL_70_FEATURE,CHRONOLOGICAL_NATURAL,,STANDARD,0.5,3.2125417630429196e-05,5.8322860303579896e-05,6.421679590296842e-05,0.06060606060606061,0.10484691299808009,0.003,0.0016546907745793541,0.9969999216388848,0.55082033808375,FINITE,1.000026198970672,FINITE,0.09666625164622626,3008.930414992085,58.322860303579894,999941.6771396964,58.41952655522612,0.9983453092254206,1.944095343452663,1.9473175518408707,0.24341469398010884,0.24341469398010884,0.08113823132670295,0.024341469398010882,False,False,False,300951.36435951205,300902.7081243731,48.656235138943885,1.0001617008881118,-0.00016170088811175685,IGNORE_LOWER_RELATIVE_COST,0.017831022380837145,1.7831022380837145
STAGE22_CHRONOLOGICAL,Stage22R-2C,STAGE22_CHRONOLOGICAL,IDS2018_FORWARD_TEMPORAL_VALIDATION,FULL_70_FEATURE,CHRONOLOGICAL_NATURAL,,STANDARD,0.5,3.2125417630429196e-05,5.8322860303579896e-05,6.421679590296842e-05,0.06060606060606061,0.10484691299808009,0.001,0.000551067866561745,0.998999973827229,0.55082033808375,FINITE,1.000026198970672,FINITE,0.03215757520563483,1000.9688434257954,58.322860303579894,999941.6771396964,58.35501787878553,0.9994489321334382,1.944095343452663,1.9451672626261844,0.24314590782827306,0.24314590782827306,0.08104863594275769,0.024314590782827303,False,False,False,100155.20720288312,100100.1001001001,55.10710278301849,1.0005505199568023,-0.0005505199568023548,IGNORE_LOWER_RELATIVE_COST,0.017831022380837145,1.7831022380837145
STAGE22_CHRONOLOGICAL,Stage22R-2C,STAGE22_CHRONOLOGICAL,IDS2018_FORWARD_TEMPORAL_VALIDATION,FULL_70_FEATURE,CHRONOLOGICAL_NATURAL,,STANDARD,0.5,3.2125417630429196e-05,5.8322860303579896e-05,6.421679590296842e-05,0.06060606060606061,0.10484691299808009,0.0001,5.508450809244717e-05,0.999899997380365,0.55082033808375,FINITE,1.000026198970672,FINITE,0.003212863049347854,100.00678813705066,58.322860303579894,999941.6771396964,58.32607316662924,0.9999449154919076,1.944095343452663,1.9442024388876413,0.24302530486095517,0.24302530486095517,0.08100843495365173,0.024302530486095517,False,False,False,10059.001674008647,10001.00010001,58.00157399864656,1.0057995773841246,-0.005799577384124671,IGNORE_LOWER_RELATIVE_COST,0.017831022380837145,1.7831022380837145
STAGE22_CHRONOLOGICAL,Stage22R-2C,STAGE22_CHRONOLOGICAL,IDS2018_FORWARD_TEMPORAL_VALIDATION,FULL_70_FEATURE,CHRONOLOGICAL_NATURAL,,BALANCED,0.07,8.031354407607299e-05,0.0006754163499672639,0.00015969338869370808,0.013736263736263736,0.10484691299808009,0.1,0.013039901385800969,0.8999464077396714,0.11890968301250869,FINITE,1.000595505019718,FINITE,8.923727119563665,111102.18738399154,675.416349967264,999324.5836500328,684.3400770868276,0.9869600986141991,22.513878332242133,22.811335902894253,2.8514169878617817,2.8514169878617817,0.9504723292872606,0.2851416987861782,True,False,False,11110894.154749122,11111111.11111111,-216.95636198855937,0.9999804739274211,1.9526072578970346e-05,MODEL_LOWER_RELATIVE_COST,0.07757369164447991,7.757369164447992
STAGE22_CHRONOLOGICAL,Stage22R-2C,STAGE22_CHRONOLOGICAL,IDS2018_FORWARD_TEMPORAL_VALIDATION,FULL_70_FEATURE,CHRONOLOGICAL_NATURAL,,BALANCED,0.07,8.031354407607299e-05,0.0006754163499672639,0.00015969338869370808,0.013736263736263736,0.10484691299808009,0.03,0.0036641437373871252,0.9699826711135094,0.11890968301250869,FINITE,1.000595505019718,FINITE,2.4839240435898864,30925.351127502803,675.416349967264,999324.5836500328,677.9002740108539,0.9963358562626128,22.513878332242133,22.596675800361798,2.8245844750452247,2.8245844750452247,0.9415281583484082,0.2824584475045224,True,False,False,3093210.5291002477,3092783.5051546395,427.0239456081763,1.0001380710757466,-0.00013807107574664366,IGNORE_LOWER_RELATIVE_COST,0.07757369164447991,7.757369164447992
STAGE22_CHRONOLOGICAL,Stage22R-2C,STAGE22_CHRONOLOGICAL,IDS2018_FORWARD_TEMPORAL_VALIDATION,FULL_70_FEATURE,CHRONOLOGICAL_NATURAL,,BALANCED,0.07,8.031354407607299e-05,0.0006754163499672639,0.00015969338869370808,0.013736263736263736,0.10484691299808009,0.01,0.0011996669797194918,0.9899941045354126,0.11890968301250869,FINITE,1.000595505019718,FINITE,0.8112479199603332,10100.19885309014,675.416349967264,999324.5836500328,676.2275978872243,0.9988003330202805,22.513878332242133,22.540919929574144,2.817614991196768,2.817614991196768,0.9392049970655894,0.2817614991196768,True,False,False,1010695.3016589812,1010101.0101010101,594.2915579711553,1.0005883486423914,-0.0005883486423914437,IGNORE_LOWER_RELATIVE_COST,0.07757369164447991,7.757369164447992
STAGE22_CHRONOLOGICAL,Stage22R-2C,STAGE22_CHRONOLOGICAL,IDS2018_FORWARD_TEMPORAL_VALIDATION,FULL_70_FEATURE,CHRONOLOGICAL_NATURAL,,BALANCED,0.07,8.031354407607299e-05,0.0006754163499672639,0.00015969338869370808,0.013736263736263736,0.10484691299808009,0.003,0.00035767447959935165,0.996998218847668,0.11890968301250869,FINITE,1.000595505019718,FINITE,0.24166562911556566,3008.7854156146154,675.416349967264,999324.5836500328,675.6580155963795,0.9996423255204007,22.513878332242133,22.52193385321265,2.8152417316515814,2.8152417316515814,0.9384139105505271,0.28152417316515815,True,False,False,301553.95791142876,300902.7081243731,651.2497870556545,1.0021643201256483,-0.0021643201256482916,IGNORE_LOWER_RELATIVE_COST,0.07757369164447991,7.757369164447992
STAGE22_CHRONOLOGICAL,Stage22R-2C,STAGE22_CHRONOLOGICAL,IDS2018_FORWARD_TEMPORAL_VALIDATION,FULL_70_FEATURE,CHRONOLOGICAL_NATURAL,,BALANCED,0.07,8.031354407607299e-05,0.0006754163499672639,0.00015969338869370808,0.013736263736263736,0.10484691299808009,0.001,0.00011901454557619656,0.9989994050908395,0.11890968301250869,FINITE,1.000595505019718,FINITE,0.08039393801408708,1000.9206070629868,675.416349967264,999324.5836500328,675.4967439052781,0.9998809854544237,22.513878332242133,22.516558130175937,2.814569766271992,2.814569766271992,0.938189922090664,0.2814569766271992,True,False,False,100767.47705626594,100100.1001001001,667.376956165841,1.0066670957920967,-0.0066670957920967515,IGNORE_LOWER_RELATIVE_COST,0.07757369164447991,7.757369164447992
STAGE22_CHRONOLOGICAL,Stage22R-2C,STAGE22_CHRONOLOGICAL,IDS2018_FORWARD_TEMPORAL_VALIDATION,FULL_70_FEATURE,CHRONOLOGICAL_NATURAL,,BALANCED,0.07,8.031354407607299e-05,0.0006754163499672639,0.00015969338869370808,0.013736263736263736,0.10484691299808009,0.0001,1.1892016095273969e-05,0.9998999404554566,0.11890968301250869,FINITE,1.000595505019718,FINITE,0.008032157623369635,100.00196884247663,675.416349967264,999324.5836500328,675.4243821248873,0.9999881079839048,22.513878332242133,22.514146070829575,2.814268258853697,2.814268258853697,0.938089419617899,0.2814268258853697,True,False,False,10675.613234214927,10001.00010001,674.6131342049266,1.0674545672891507,-0.06745456728915061,IGNORE_LOWER_RELATIVE_COST,0.07757369164447991,7.757369164447992
STAGE22_CHRONOLOGICAL,Stage22R-2C,STAGE22_CHRONOLOGICAL,IDS2018_FORWARD_TEMPORAL_VALIDATION,FULL_70_FEATURE,CHRONOLOGICAL_NATURAL,,SECURITY,0.07,8.031354407607299e-05,0.0006754163499672639,0.00015969338869370808,0.013736263736263736,0.10484691299808009,0.1,0.013039901385800969,0.8999464077396714,0.11890968301250869,FINITE,1.000595505019718,FINITE,8.923727119563665,111102.18738399154,675.416349967264,999324.5836500328,684.3400770868276,0.9869600986141991,22.513878332242133,22.811335902894253,2.8514169878617817,2.8514169878617817,0.9504723292872606,0.2851416987861782,True,False,False,11110894.154749122,11111111.11111111,-216.95636198855937,0.9999804739274211,1.9526072578970346e-05,MODEL_LOWER_RELATIVE_COST,0.07757369164447991,7.757369164447992
STAGE22_CHRONOLOGICAL,Stage22R-2C,STAGE22_CHRONOLOGICAL,IDS2018_FORWARD_TEMPORAL_VALIDATION,FULL_70_FEATURE,CHRONOLOGICAL_NATURAL,,SECURITY,0.07,8.031354407607299e-05,0.0006754163499672639,0.00015969338869370808,0.013736263736263736,0.10484691299808009,0.03,0.0036641437373871252,0.9699826711135094,0.11890968301250869,FINITE,1.000595505019718,FINITE,2.4839240435898864,30925.351127502803,675.416349967264,999324.5836500328,677.9002740108539,0.9963358562626128,22.513878332242133,22.596675800361798,2.8245844750452247,2.8245844750452247,0.9415281583484082,0.2824584475045224,True,False,False,3093210.5291002477,3092783.5051546395,427.0239456081763,1.0001380710757466,-0.00013807107574664366,IGNORE_LOWER_RELATIVE_COST,0.07757369164447991,7.757369164447992
STAGE22_CHRONOLOGICAL,Stage22R-2C,STAGE22_CHRONOLOGICAL,IDS2018_FORWARD_TEMPORAL_VALIDATION,FULL_70_FEATURE,CHRONOLOGICAL_NATURAL,,SECURITY,0.07,8.031354407607299e-05,0.0006754163499672639,0.00015969338869370808,0.013736263736263736,0.10484691299808009,0.01,0.0011996669797194918,0.9899941045354126,0.11890968301250869,FINITE,1.000595505019718,FINITE,0.8112479199603332,10100.19885309014,675.416349967264,999324.5836500328,676.2275978872243,0.9988003330202805,22.513878332242133,22.540919929574144,2.817614991196768,2.817614991196768,0.9392049970655894,0.2817614991196768,True,False,False,1010695.3016589812,1010101.0101010101,594.2915579711553,1.0005883486423914,-0.0005883486423914437,IGNORE_LOWER_RELATIVE_COST,0.07757369164447991,7.757369164447992
STAGE22_CHRONOLOGICAL,Stage22R-2C,STAGE22_CHRONOLOGICAL,IDS2018_FORWARD_TEMPORAL_VALIDATION,FULL_70_FEATURE,CHRONOLOGICAL_NATURAL,,SECURITY,0.07,8.031354407607299e-05,0.0006754163499672639,0.00015969338869370808,0.013736263736263736,0.10484691299808009,0.003,0.00035767447959935165,0.996998218847668,0.11890968301250869,FINITE,1.000595505019718,FINITE,0.24166562911556566,3008.7854156146154,675.416349967264,999324.5836500328,675.6580155963795,0.9996423255204007,22.513878332242133,22.52193385321265,2.8152417316515814,2.8152417316515814,0.9384139105505271,0.28152417316515815,True,False,False,301553.95791142876,300902.7081243731,651.2497870556545,1.0021643201256483,-0.0021643201256482916,IGNORE_LOWER_RELATIVE_COST,0.07757369164447991,7.757369164447992
STAGE22_CHRONOLOGICAL,Stage22R-2C,STAGE22_CHRONOLOGICAL,IDS2018_FORWARD_TEMPORAL_VALIDATION,FULL_70_FEATURE,CHRONOLOGICAL_NATURAL,,SECURITY,0.07,8.031354407607299e-05,0.0006754163499672639,0.00015969338869370808,0.013736263736263736,0.10484691299808009,0.001,0.00011901454557619656,0.9989994050908395,0.11890968301250869,FINITE,1.000595505019718,FINITE,0.08039393801408708,1000.9206070629868,675.416349967264,999324.5836500328,675.4967439052781,0.9998809854544237,22.513878332242133,22.516558130175937,2.814569766271992,2.814569766271992,0.938189922090664,0.2814569766271992,True,False,False,100767.47705626594,100100.1001001001,667.376956165841,1.0066670957920967,-0.0066670957920967515,IGNORE_LOWER_RELATIVE_COST,0.07757369164447991,7.757369164447992
STAGE22_CHRONOLOGICAL,Stage22R-2C,STAGE22_CHRONOLOGICAL,IDS2018_FORWARD_TEMPORAL_VALIDATION,FULL_70_FEATURE,CHRONOLOGICAL_NATURAL,,SECURITY,0.07,8.031354407607299e-05,0.0006754163499672639,0.00015969338869370808,0.013736263736263736,0.10484691299808009,0.0001,1.1892016095273969e-05,0.9998999404554566,0.11890968301250869,FINITE,1.000595505019718,FINITE,0.008032157623369635,100.00196884247663,675.416349967264,999324.5836500328,675.4243821248873,0.9999881079839048,22.513878332242133,22.514146070829575,2.814268258853697,2.814268258853697,0.938089419617899,0.2814268258853697,True,False,False,10675.613234214927,10001.00010001,674.6131342049266,1.0674545672891507,-0.06745456728915061,IGNORE_LOWER_RELATIVE_COST,0.07757369164447991,7.757369164447992
STAGE24_2018_TO_2017_BRIDGE62_PUBLISHED,Stage24-2A,STAGE24_2018_TO_2017,IDS2018_TO_CICIDS2017,bridge62,PUBLISHED,,STANDARD,0.5,0.21292361103639226,0.004106291988419324,0.34631246755216444,0.9271179823534005,0.19699633629757277,0.1,0.8521026390333877,0.9192752080742229,51.853012800084656,FINITE,0.790321680548719,FINITE,23658.179004043584,87452.93210706752,4106.291988419323,995893.7080115807,27764.470992462906,0.14789736096661232,136.87639961397744,925.4823664154302,115.68529580192877,115.68529580192877,38.56176526730959,11.568529580192877,True,True,True,8749399.502695171,11111111.11111111,-2361711.608415939,0.7874459552425654,0.21255404475743453,MODEL_LOWER_RELATIVE_COST,0.0001928156398963324,0.019281563989633238
STAGE24_2018_TO_2017_BRIDGE62_PUBLISHED,Stage24-2A,STAGE24_2018_TO_2017,IDS2018_TO_CICIDS2017,bridge62,PUBLISHED,,STANDARD,0.5,0.21292361103639226,0.004106291988419324,0.34631246755216444,0.9271179823534005,0.19699633629757277,0.03,0.6159313853330602,0.9761402634999822,51.853012800084656,FINITE,0.790321680548719,FINITE,6585.266320713163,24342.56873083323,4106.291988419323,995893.7080115807,10691.558309132486,0.3840686146669398,136.87639961397744,356.3852769710829,44.54815962138536,44.54815962138536,14.849386540461786,4.454815962138536,True,True,True,2438363.1650717426,3092783.5051546395,-654420.3400828969,0.7884040900398633,0.21159590996013664,MODEL_LOWER_RELATIVE_COST,0.0001928156398963324,0.019281563989633238
STAGE24_2018_TO_2017_BRIDGE62_PUBLISHED,Stage24-2A,STAGE24_2018_TO_2017,IDS2018_TO_CICIDS2017,bridge62,PUBLISHED,,STANDARD,0.5,0.21292361103639226,0.004106291988419324,0.34631246755216444,0.9271179823534005,0.19699633629757277,0.01,0.3437320331732583,0.9920801770428328,51.853012800084656,FINITE,0.790321680548719,FINITE,2150.743545822144,7950.266555187957,4106.291988419323,995893.7080115807,6257.035534241468,0.6562679668267417,136.87639961397744,208.56785114138225,26.07098139267278,26.07098139267278,8.690327130890928,2.6070981392672783,True,True,True,799132.9475072151,1010101.0101010101,-210968.062593795,0.7911416180321429,0.20885838196785705,MODEL_LOWER_RELATIVE_COST,0.0001928156398963324,0.019281563989633238
STAGE24_2018_TO_2017_BRIDGE62_PUBLISHED,Stage24-2A,STAGE24_2018_TO_2017,IDS2018_TO_CICIDS2017,bridge62,PUBLISHED,,STANDARD,0.5,0.21292361103639226,0.004106291988419324,0.34631246755216444,0.9271179823534005,0.19699633629757277,0.003,0.13496839052702161,0.9976275425997119,51.853012800084656,FINITE,0.790321680548719,FINITE,640.6929118447109,2368.33416939902,4106.291988419323,995893.7080115807,4746.984900264034,0.8650316094729784,136.87639961397744,158.23283000880113,19.77910375110014,19.77910375110014,6.593034583700047,1.9779103751100142,True,True,True,240939.7089283213,300902.7081243731,-59962.999196051795,0.8007229660051212,0.1992770339948788,MODEL_LOWER_RELATIVE_COST,0.0001928156398963324,0.019281563989633238
STAGE24_2018_TO_2017_BRIDGE62_PUBLISHED,Stage24-2A,STAGE24_2018_TO_2017,IDS2018_TO_CICIDS2017,bridge62,PUBLISHED,,STANDARD,0.5,0.21292361103639226,0.004106291988419324,0.34631246755216444,0.9271179823534005,0.19699633629757277,0.001,0.0493437352022411,0.9992095125713757,51.853012800084656,FINITE,0.790321680548719,FINITE,213.13674778417644,787.8642532168245,4106.291988419323,995893.7080115807,4319.4287362035,0.9506562647977588,136.87639961397744,143.98095787345,17.99761973418125,17.99761973418125,5.999206578060417,1.7997619734181252,True,True,True,82892.71731010178,100100.1001001001,-17207.382789998315,0.8280982459279168,0.17190175407208316,MODEL_LOWER_RELATIVE_COST,0.0001928156398963324,0.019281563989633238
STAGE24_2018_TO_2017_BRIDGE62_PUBLISHED,Stage24-2A,STAGE24_2018_TO_2017,IDS2018_TO_CICIDS2017,bridge62,PUBLISHED,,STANDARD,0.5,0.21292361103639226,0.004106291988419324,0.34631246755216444,0.9271179823534005,0.19699633629757277,0.0001,0.005159065875707084,0.9999209661747771,51.853012800084656,FINITE,0.790321680548719,FINITE,21.294490552694494,78.7155104474055,4106.291988419323,995893.7080115807,4127.586478972018,0.9948409341242929,136.87639961397744,137.58621596573394,17.198276995716743,17.198276995716743,5.732758998572248,1.7198276995716741,True,True,True,11977.843033159874,10001.00010001,1976.8429331498737,1.197664524885656,-0.1976645248856559,IGNORE_LOWER_RELATIVE_COST,0.0001928156398963324,0.019281563989633238
STAGE24_2018_TO_2017_BRIDGE62_PUBLISHED,Stage24-2A,STAGE24_2018_TO_2017,IDS2018_TO_CICIDS2017,bridge62,PUBLISHED,,BALANCED,0.05000000074505806,0.44136423465782954,0.012905300565703971,0.590861186931795,0.8935054091338125,0.19699633629757277,0.1,0.7916677710192311,0.9408380755392419,34.20022899976166,FINITE,0.5659393831841308,FINITE,49040.47051753661,62070.6405935745,12905.300565703972,987094.6994342961,61945.77108324059,0.20833222898076892,430.1766855234657,2064.8590361080196,258.10737951350245,258.10737951350245,86.03579317116748,25.810737951350244,True,True,True,6219969.359923153,11111111.11111111,-4891141.751187957,0.5597972423930838,0.4402027576069162,MODEL_LOWER_RELATIVE_COST,0.00029231023271050505,0.029231023271050507
STAGE24_2018_TO_2017_BRIDGE62_PUBLISHED,Stage24-2A,STAGE24_2018_TO_2017,IDS2018_TO_CICIDS2017,bridge62,PUBLISHED,,BALANCED,0.05000000074505806,0.44136423465782954,0.012905300565703971,0.590861186931795,0.8935054091338125,0.19699633629757277,0.03,0.5140297287636717,0.9827978147705376,34.20022899976166,FINITE,0.5659393831841308,FINITE,13650.440247149369,17277.394804397027,12905.300565703972,987094.6994342961,26555.740812853343,0.4859702712363283,430.1766855234657,885.1913604284448,110.6489200535556,110.6489200535556,36.8829733511852,11.06489200535556,True,True,True,1740644.7810054068,3092783.5051546395,-1352138.7241492327,0.5628084791917481,0.43719152080825185,MODEL_LOWER_RELATIVE_COST,0.00029231023271050505,0.029231023271050507
STAGE24_2018_TO_2017_BRIDGE62_PUBLISHED,Stage24-2A,STAGE24_2018_TO_2017,IDS2018_TO_CICIDS2017,bridge62,PUBLISHED,,BALANCED,0.05000000074505806,0.44136423465782954,0.012905300565703971,0.590861186931795,0.8935054091338125,0.19699633629757277,0.01,0.2567580345512984,0.9943159338756792,34.20022899976166,FINITE,0.5659393831841308,FINITE,4458.2245925033285,5642.785508506773,12905.300565703972,987094.6994342961,17363.5251582073,0.7432419654487017,430.1766855234657,578.7841719402434,72.34802149253042,72.34802149253042,24.116007164176803,7.234802149253041,True,True,True,577183.8514163813,1010101.0101010101,-432917.1586846288,0.5714120129022175,0.4285879870977825,MODEL_LOWER_RELATIVE_COST,0.00029231023271050505,0.029231023271050507
STAGE24_2018_TO_2017_BRIDGE62_PUBLISHED,Stage24-2A,STAGE24_2018_TO_2017,IDS2018_TO_CICIDS2017,bridge62,PUBLISHED,,BALANCED,0.05000000074505806,0.44136423465782954,0.012905300565703971,0.590861186931795,0.8935054091338125,0.19699633629757277,0.003,0.0933072234424238,0.998299968099762,34.20022899976166,FINITE,0.5659393831841308,FINITE,1328.076934777822,1680.9501464659093,12905.300565703972,987094.6994342961,14233.377500481794,0.9066927765575762,430.1766855234657,474.4459166827265,59.30573958534081,59.30573958534081,19.76857986178027,5.930573958534081,True,True,True,181000.3152122949,300902.7081243731,-119902.39291207821,0.6015243808888601,0.39847561911113993,MODEL_LOWER_RELATIVE_COST,0.00029231023271050505,0.029231023271050507
STAGE24_2018_TO_2017_BRIDGE62_PUBLISHED,Stage24-2A,STAGE24_2018_TO_2017,IDS2018_TO_CICIDS2017,bridge62,PUBLISHED,,BALANCED,0.05000000074505806,0.44136423465782954,0.012905300565703971,0.590861186931795,0.8935054091338125,0.19699633629757277,0.001,0.03310125960083343,0.999433814858144,34.20022899976166,FINITE,0.5659393831841308,FINITE,441.8060406985281,559.194960302473,12905.300565703972,987094.6994342961,13347.1066064025,0.9668987403991666,430.1766855234657,444.90355354675,55.61294419334375,55.61294419334375,18.537648064447918,5.5612944193343745,True,True,True,68824.79659595127,100100.1001001001,-31275.303504148833,0.6875597179935532,0.31244028200644686,MODEL_LOWER_RELATIVE_COST,0.00029231023271050505,0.029231023271050507
STAGE24_2018_TO_2017_BRIDGE62_PUBLISHED,Stage24-2A,STAGE24_2018_TO_2017,IDS2018_TO_CICIDS2017,bridge62,PUBLISHED,,BALANCED,0.05000000074505806,0.44136423465782954,0.012905300565703971,0.590861186931795,0.8935054091338125,0.19699633629757277,0.0001,0.003408705918268231,0.999943403605055,34.20022899976166,FINITE,0.5659393831841308,FINITE,44.140837549537906,55.869163450562105,12905.300565703972,987094.6994342961,12949.44140325351,0.9965912940817317,430.1766855234657,431.648046775117,53.956005846889624,53.956005846889624,17.985335282296543,5.395600584688962,True,True,True,18492.216910760184,10001.00010001,8491.216810750184,1.849036768906911,-0.8490367689069109,IGNORE_LOWER_RELATIVE_COST,0.00029231023271050505,0.029231023271050507
STAGE24_2018_TO_2017_BRIDGE62_PUBLISHED,Stage24-2A,STAGE24_2018_TO_2017,IDS2018_TO_CICIDS2017,bridge62,PUBLISHED,,SECURITY,0.05000000074505806,0.44136423465782954,0.012905300565703971,0.590861186931795,0.8935054091338125,0.19699633629757277,0.1,0.7916677710192311,0.9408380755392419,34.20022899976166,FINITE,0.5659393831841308,FINITE,49040.47051753661,62070.6405935745,12905.300565703972,987094.6994342961,61945.77108324059,0.20833222898076892,430.1766855234657,2064.8590361080196,258.10737951350245,258.10737951350245,86.03579317116748,25.810737951350244,True,True,True,6219969.359923153,11111111.11111111,-4891141.751187957,0.5597972423930838,0.4402027576069162,MODEL_LOWER_RELATIVE_COST,0.00029231023271050505,0.029231023271050507
STAGE24_2018_TO_2017_BRIDGE62_PUBLISHED,Stage24-2A,STAGE24_2018_TO_2017,IDS2018_TO_CICIDS2017,bridge62,PUBLISHED,,SECURITY,0.05000000074505806,0.44136423465782954,0.012905300565703971,0.590861186931795,0.8935054091338125,0.19699633629757277,0.03,0.5140297287636717,0.9827978147705376,34.20022899976166,FINITE,0.5659393831841308,FINITE,13650.440247149369,17277.394804397027,12905.300565703972,987094.6994342961,26555.740812853343,0.4859702712363283,430.1766855234657,885.1913604284448,110.6489200535556,110.6489200535556,36.8829733511852,11.06489200535556,True,True,True,1740644.7810054068,3092783.5051546395,-1352138.7241492327,0.5628084791917481,0.43719152080825185,MODEL_LOWER_RELATIVE_COST,0.00029231023271050505,0.029231023271050507
STAGE24_2018_TO_2017_BRIDGE62_PUBLISHED,Stage24-2A,STAGE24_2018_TO_2017,IDS2018_TO_CICIDS2017,bridge62,PUBLISHED,,SECURITY,0.05000000074505806,0.44136423465782954,0.012905300565703971,0.590861186931795,0.8935054091338125,0.19699633629757277,0.01,0.2567580345512984,0.9943159338756792,34.20022899976166,FINITE,0.5659393831841308,FINITE,4458.2245925033285,5642.785508506773,12905.300565703972,987094.6994342961,17363.5251582073,0.7432419654487017,430.1766855234657,578.7841719402434,72.34802149253042,72.34802149253042,24.116007164176803,7.234802149253041,True,True,True,577183.8514163813,1010101.0101010101,-432917.1586846288,0.5714120129022175,0.4285879870977825,MODEL_LOWER_RELATIVE_COST,0.00029231023271050505,0.029231023271050507
STAGE24_2018_TO_2017_BRIDGE62_PUBLISHED,Stage24-2A,STAGE24_2018_TO_2017,IDS2018_TO_CICIDS2017,bridge62,PUBLISHED,,SECURITY,0.05000000074505806,0.44136423465782954,0.012905300565703971,0.590861186931795,0.8935054091338125,0.19699633629757277,0.003,0.0933072234424238,0.998299968099762,34.20022899976166,FINITE,0.5659393831841308,FINITE,1328.076934777822,1680.9501464659093,12905.300565703972,987094.6994342961,14233.377500481794,0.9066927765575762,430.1766855234657,474.4459166827265,59.30573958534081,59.30573958534081,19.76857986178027,5.930573958534081,True,True,True,181000.3152122949,300902.7081243731,-119902.39291207821,0.6015243808888601,0.39847561911113993,MODEL_LOWER_RELATIVE_COST,0.00029231023271050505,0.029231023271050507
STAGE24_2018_TO_2017_BRIDGE62_PUBLISHED,Stage24-2A,STAGE24_2018_TO_2017,IDS2018_TO_CICIDS2017,bridge62,PUBLISHED,,SECURITY,0.05000000074505806,0.44136423465782954,0.012905300565703971,0.590861186931795,0.8935054091338125,0.19699633629757277,0.001,0.03310125960083343,0.999433814858144,34.20022899976166,FINITE,0.5659393831841308,FINITE,441.8060406985281,559.194960302473,12905.300565703972,987094.6994342961,13347.1066064025,0.9668987403991666,430.1766855234657,444.90355354675,55.61294419334375,55.61294419334375,18.537648064447918,5.5612944193343745,True,True,True,68824.79659595127,100100.1001001001,-31275.303504148833,0.6875597179935532,0.31244028200644686,MODEL_LOWER_RELATIVE_COST,0.00029231023271050505,0.029231023271050507
STAGE24_2018_TO_2017_BRIDGE62_PUBLISHED,Stage24-2A,STAGE24_2018_TO_2017,IDS2018_TO_CICIDS2017,bridge62,PUBLISHED,,SECURITY,0.05000000074505806,0.44136423465782954,0.012905300565703971,0.590861186931795,0.8935054091338125,0.19699633629757277,0.0001,0.003408705918268231,0.999943403605055,34.20022899976166,FINITE,0.5659393831841308,FINITE,44.140837549537906,55.869163450562105,12905.300565703972,987094.6994342961,12949.44140325351,0.9965912940817317,430.1766855234657,431.648046775117,53.956005846889624,53.956005846889624,17.985335282296543,5.395600584688962,True,True,True,18492.216910760184,10001.00010001,8491.216810750184,1.849036768906911,-0.8490367689069109,IGNORE_LOWER_RELATIVE_COST,0.00029231023271050505,0.029231023271050507
STAGE24_2018_TO_2017_BRIDGE62_FLAG_CORRECTED,Stage24-2B,STAGE24_2018_TO_2017,IDS2018_TO_CICIDS2017,bridge62,FLAG_CORRECTED,STAGE24_2018_TO_2017_BRIDGE62_PUBLISHED,STANDARD,0.5,0.21292361103639226,0.004106291988419324,0.34631246755216444,0.9271179823534005,0.19699633629757277,0.1,0.8521026390333877,0.9192752080742229,51.853012800084656,FINITE,0.790321680548719,FINITE,23658.179004043584,87452.93210706752,4106.291988419323,995893.7080115807,27764.470992462906,0.14789736096661232,136.87639961397744,925.4823664154302,115.68529580192877,115.68529580192877,38.56176526730959,11.568529580192877,True,True,True,8749399.502695171,11111111.11111111,-2361711.608415939,0.7874459552425654,0.21255404475743453,MODEL_LOWER_RELATIVE_COST,0.0001928156398963324,0.019281563989633238
STAGE24_2018_TO_2017_BRIDGE62_FLAG_CORRECTED,Stage24-2B,STAGE24_2018_TO_2017,IDS2018_TO_CICIDS2017,bridge62,FLAG_CORRECTED,STAGE24_2018_TO_2017_BRIDGE62_PUBLISHED,STANDARD,0.5,0.21292361103639226,0.004106291988419324,0.34631246755216444,0.9271179823534005,0.19699633629757277,0.03,0.6159313853330602,0.9761402634999822,51.853012800084656,FINITE,0.790321680548719,FINITE,6585.266320713163,24342.56873083323,4106.291988419323,995893.7080115807,10691.558309132486,0.3840686146669398,136.87639961397744,356.3852769710829,44.54815962138536,44.54815962138536,14.849386540461786,4.454815962138536,True,True,True,2438363.1650717426,3092783.5051546395,-654420.3400828969,0.7884040900398633,0.21159590996013664,MODEL_LOWER_RELATIVE_COST,0.0001928156398963324,0.019281563989633238
STAGE24_2018_TO_2017_BRIDGE62_FLAG_CORRECTED,Stage24-2B,STAGE24_2018_TO_2017,IDS2018_TO_CICIDS2017,bridge62,FLAG_CORRECTED,STAGE24_2018_TO_2017_BRIDGE62_PUBLISHED,STANDARD,0.5,0.21292361103639226,0.004106291988419324,0.34631246755216444,0.9271179823534005,0.19699633629757277,0.01,0.3437320331732583,0.9920801770428328,51.853012800084656,FINITE,0.790321680548719,FINITE,2150.743545822144,7950.266555187957,4106.291988419323,995893.7080115807,6257.035534241468,0.6562679668267417,136.87639961397744,208.56785114138225,26.07098139267278,26.07098139267278,8.690327130890928,2.6070981392672783,True,True,True,799132.9475072151,1010101.0101010101,-210968.062593795,0.7911416180321429,0.20885838196785705,MODEL_LOWER_RELATIVE_COST,0.0001928156398963324,0.019281563989633238
STAGE24_2018_TO_2017_BRIDGE62_FLAG_CORRECTED,Stage24-2B,STAGE24_2018_TO_2017,IDS2018_TO_CICIDS2017,bridge62,FLAG_CORRECTED,STAGE24_2018_TO_2017_BRIDGE62_PUBLISHED,STANDARD,0.5,0.21292361103639226,0.004106291988419324,0.34631246755216444,0.9271179823534005,0.19699633629757277,0.003,0.13496839052702161,0.9976275425997119,51.853012800084656,FINITE,0.790321680548719,FINITE,640.6929118447109,2368.33416939902,4106.291988419323,995893.7080115807,4746.984900264034,0.8650316094729784,136.87639961397744,158.23283000880113,19.77910375110014,19.77910375110014,6.593034583700047,1.9779103751100142,True,True,True,240939.7089283213,300902.7081243731,-59962.999196051795,0.8007229660051212,0.1992770339948788,MODEL_LOWER_RELATIVE_COST,0.0001928156398963324,0.019281563989633238
STAGE24_2018_TO_2017_BRIDGE62_FLAG_CORRECTED,Stage24-2B,STAGE24_2018_TO_2017,IDS2018_TO_CICIDS2017,bridge62,FLAG_CORRECTED,STAGE24_2018_TO_2017_BRIDGE62_PUBLISHED,STANDARD,0.5,0.21292361103639226,0.004106291988419324,0.34631246755216444,0.9271179823534005,0.19699633629757277,0.001,0.0493437352022411,0.9992095125713757,51.853012800084656,FINITE,0.790321680548719,FINITE,213.13674778417644,787.8642532168245,4106.291988419323,995893.7080115807,4319.4287362035,0.9506562647977588,136.87639961397744,143.98095787345,17.99761973418125,17.99761973418125,5.999206578060417,1.7997619734181252,True,True,True,82892.71731010178,100100.1001001001,-17207.382789998315,0.8280982459279168,0.17190175407208316,MODEL_LOWER_RELATIVE_COST,0.0001928156398963324,0.019281563989633238
STAGE24_2018_TO_2017_BRIDGE62_FLAG_CORRECTED,Stage24-2B,STAGE24_2018_TO_2017,IDS2018_TO_CICIDS2017,bridge62,FLAG_CORRECTED,STAGE24_2018_TO_2017_BRIDGE62_PUBLISHED,STANDARD,0.5,0.21292361103639226,0.004106291988419324,0.34631246755216444,0.9271179823534005,0.19699633629757277,0.0001,0.005159065875707084,0.9999209661747771,51.853012800084656,FINITE,0.790321680548719,FINITE,21.294490552694494,78.7155104474055,4106.291988419323,995893.7080115807,4127.586478972018,0.9948409341242929,136.87639961397744,137.58621596573394,17.198276995716743,17.198276995716743,5.732758998572248,1.7198276995716741,True,True,True,11977.843033159874,10001.00010001,1976.8429331498737,1.197664524885656,-0.1976645248856559,IGNORE_LOWER_RELATIVE_COST,0.0001928156398963324,0.019281563989633238
STAGE24_2018_TO_2017_BRIDGE62_FLAG_CORRECTED,Stage24-2B,STAGE24_2018_TO_2017,IDS2018_TO_CICIDS2017,bridge62,FLAG_CORRECTED,STAGE24_2018_TO_2017_BRIDGE62_PUBLISHED,BALANCED,0.05000000074505806,0.44136423465782954,0.012905300565703971,0.590861186931795,0.8935054091338125,0.19699633629757277,0.1,0.7916677710192311,0.9408380755392419,34.20022899976166,FINITE,0.5659393831841308,FINITE,49040.47051753661,62070.6405935745,12905.300565703972,987094.6994342961,61945.77108324059,0.20833222898076892,430.1766855234657,2064.8590361080196,258.10737951350245,258.10737951350245,86.03579317116748,25.810737951350244,True,True,True,6219969.359923153,11111111.11111111,-4891141.751187957,0.5597972423930838,0.4402027576069162,MODEL_LOWER_RELATIVE_COST,0.00029231023271050505,0.029231023271050507
STAGE24_2018_TO_2017_BRIDGE62_FLAG_CORRECTED,Stage24-2B,STAGE24_2018_TO_2017,IDS2018_TO_CICIDS2017,bridge62,FLAG_CORRECTED,STAGE24_2018_TO_2017_BRIDGE62_PUBLISHED,BALANCED,0.05000000074505806,0.44136423465782954,0.012905300565703971,0.590861186931795,0.8935054091338125,0.19699633629757277,0.03,0.5140297287636717,0.9827978147705376,34.20022899976166,FINITE,0.5659393831841308,FINITE,13650.440247149369,17277.394804397027,12905.300565703972,987094.6994342961,26555.740812853343,0.4859702712363283,430.1766855234657,885.1913604284448,110.6489200535556,110.6489200535556,36.8829733511852,11.06489200535556,True,True,True,1740644.7810054068,3092783.5051546395,-1352138.7241492327,0.5628084791917481,0.43719152080825185,MODEL_LOWER_RELATIVE_COST,0.00029231023271050505,0.029231023271050507
STAGE24_2018_TO_2017_BRIDGE62_FLAG_CORRECTED,Stage24-2B,STAGE24_2018_TO_2017,IDS2018_TO_CICIDS2017,bridge62,FLAG_CORRECTED,STAGE24_2018_TO_2017_BRIDGE62_PUBLISHED,BALANCED,0.05000000074505806,0.44136423465782954,0.012905300565703971,0.590861186931795,0.8935054091338125,0.19699633629757277,0.01,0.2567580345512984,0.9943159338756792,34.20022899976166,FINITE,0.5659393831841308,FINITE,4458.2245925033285,5642.785508506773,12905.300565703972,987094.6994342961,17363.5251582073,0.7432419654487017,430.1766855234657,578.7841719402434,72.34802149253042,72.34802149253042,24.116007164176803,7.234802149253041,True,True,True,577183.8514163813,1010101.0101010101,-432917.1586846288,0.5714120129022175,0.4285879870977825,MODEL_LOWER_RELATIVE_COST,0.00029231023271050505,0.029231023271050507
STAGE24_2018_TO_2017_BRIDGE62_FLAG_CORRECTED,Stage24-2B,STAGE24_2018_TO_2017,IDS2018_TO_CICIDS2017,bridge62,FLAG_CORRECTED,STAGE24_2018_TO_2017_BRIDGE62_PUBLISHED,BALANCED,0.05000000074505806,0.44136423465782954,0.012905300565703971,0.590861186931795,0.8935054091338125,0.19699633629757277,0.003,0.0933072234424238,0.998299968099762,34.20022899976166,FINITE,0.5659393831841308,FINITE,1328.076934777822,1680.9501464659093,12905.300565703972,987094.6994342961,14233.377500481794,0.9066927765575762,430.1766855234657,474.4459166827265,59.30573958534081,59.30573958534081,19.76857986178027,5.930573958534081,True,True,True,181000.3152122949,300902.7081243731,-119902.39291207821,0.6015243808888601,0.39847561911113993,MODEL_LOWER_RELATIVE_COST,0.00029231023271050505,0.029231023271050507
STAGE24_2018_TO_2017_BRIDGE62_FLAG_CORRECTED,Stage24-2B,STAGE24_2018_TO_2017,IDS2018_TO_CICIDS2017,bridge62,FLAG_CORRECTED,STAGE24_2018_TO_2017_BRIDGE62_PUBLISHED,BALANCED,0.05000000074505806,0.44136423465782954,0.012905300565703971,0.590861186931795,0.8935054091338125,0.19699633629757277,0.001,0.03310125960083343,0.999433814858144,34.20022899976166,FINITE,0.5659393831841308,FINITE,441.8060406985281,559.194960302473,12905.300565703972,987094.6994342961,13347.1066064025,0.9668987403991666,430.1766855234657,444.90355354675,55.61294419334375,55.61294419334375,18.537648064447918,5.5612944193343745,True,True,True,68824.79659595127,100100.1001001001,-31275.303504148833,0.6875597179935532,0.31244028200644686,MODEL_LOWER_RELATIVE_COST,0.00029231023271050505,0.029231023271050507
STAGE24_2018_TO_2017_BRIDGE62_FLAG_CORRECTED,Stage24-2B,STAGE24_2018_TO_2017,IDS2018_TO_CICIDS2017,bridge62,FLAG_CORRECTED,STAGE24_2018_TO_2017_BRIDGE62_PUBLISHED,BALANCED,0.05000000074505806,0.44136423465782954,0.012905300565703971,0.590861186931795,0.8935054091338125,0.19699633629757277,0.0001,0.003408705918268231,0.999943403605055,34.20022899976166,FINITE,0.5659393831841308,FINITE,44.140837549537906,55.869163450562105,12905.300565703972,987094.6994342961,12949.44140325351,0.9965912940817317,430.1766855234657,431.648046775117,53.956005846889624,53.956005846889624,17.985335282296543,5.395600584688962,True,True,True,18492.216910760184,10001.00010001,8491.216810750184,1.849036768906911,-0.8490367689069109,IGNORE_LOWER_RELATIVE_COST,0.00029231023271050505,0.029231023271050507
STAGE24_2018_TO_2017_BRIDGE62_FLAG_CORRECTED,Stage24-2B,STAGE24_2018_TO_2017,IDS2018_TO_CICIDS2017,bridge62,FLAG_CORRECTED,STAGE24_2018_TO_2017_BRIDGE62_PUBLISHED,SECURITY,0.05000000074505806,0.44136423465782954,0.012905300565703971,0.590861186931795,0.8935054091338125,0.19699633629757277,0.1,0.7916677710192311,0.9408380755392419,34.20022899976166,FINITE,0.5659393831841308,FINITE,49040.47051753661,62070.6405935745,12905.300565703972,987094.6994342961,61945.77108324059,0.20833222898076892,430.1766855234657,2064.8590361080196,258.10737951350245,258.10737951350245,86.03579317116748,25.810737951350244,True,True,True,6219969.359923153,11111111.11111111,-4891141.751187957,0.5597972423930838,0.4402027576069162,MODEL_LOWER_RELATIVE_COST,0.00029231023271050505,0.029231023271050507
STAGE24_2018_TO_2017_BRIDGE62_FLAG_CORRECTED,Stage24-2B,STAGE24_2018_TO_2017,IDS2018_TO_CICIDS2017,bridge62,FLAG_CORRECTED,STAGE24_2018_TO_2017_BRIDGE62_PUBLISHED,SECURITY,0.05000000074505806,0.44136423465782954,0.012905300565703971,0.590861186931795,0.8935054091338125,0.19699633629757277,0.03,0.5140297287636717,0.9827978147705376,34.20022899976166,FINITE,0.5659393831841308,FINITE,13650.440247149369,17277.394804397027,12905.300565703972,987094.6994342961,26555.740812853343,0.4859702712363283,430.1766855234657,885.1913604284448,110.6489200535556,110.6489200535556,36.8829733511852,11.06489200535556,True,True,True,1740644.7810054068,3092783.5051546395,-1352138.7241492327,0.5628084791917481,0.43719152080825185,MODEL_LOWER_RELATIVE_COST,0.00029231023271050505,0.029231023271050507
STAGE24_2018_TO_2017_BRIDGE62_FLAG_CORRECTED,Stage24-2B,STAGE24_2018_TO_2017,IDS2018_TO_CICIDS2017,bridge62,FLAG_CORRECTED,STAGE24_2018_TO_2017_BRIDGE62_PUBLISHED,SECURITY,0.05000000074505806,0.44136423465782954,0.012905300565703971,0.590861186931795,0.8935054091338125,0.19699633629757277,0.01,0.2567580345512984,0.9943159338756792,34.20022899976166,FINITE,0.5659393831841308,FINITE,4458.2245925033285,5642.785508506773,12905.300565703972,987094.6994342961,17363.5251582073,0.7432419654487017,430.1766855234657,578.7841719402434,72.34802149253042,72.34802149253042,24.116007164176803,7.234802149253041,True,True,True,577183.8514163813,1010101.0101010101,-432917.1586846288,0.5714120129022175,0.4285879870977825,MODEL_LOWER_RELATIVE_COST,0.00029231023271050505,0.029231023271050507
STAGE24_2018_TO_2017_BRIDGE62_FLAG_CORRECTED,Stage24-2B,STAGE24_2018_TO_2017,IDS2018_TO_CICIDS2017,bridge62,FLAG_CORRECTED,STAGE24_2018_TO_2017_BRIDGE62_PUBLISHED,SECURITY,0.05000000074505806,0.44136423465782954,0.012905300565703971,0.590861186931795,0.8935054091338125,0.19699633629757277,0.003,0.0933072234424238,0.998299968099762,34.20022899976166,FINITE,0.5659393831841308,FINITE,1328.076934777822,1680.9501464659093,12905.300565703972,987094.6994342961,14233.377500481794,0.9066927765575762,430.1766855234657,474.4459166827265,59.30573958534081,59.30573958534081,19.76857986178027,5.930573958534081,True,True,True,181000.3152122949,300902.7081243731,-119902.39291207821,0.6015243808888601,0.39847561911113993,MODEL_LOWER_RELATIVE_COST,0.00029231023271050505,0.029231023271050507
STAGE24_2018_TO_2017_BRIDGE62_FLAG_CORRECTED,Stage24-2B,STAGE24_2018_TO_2017,IDS2018_TO_CICIDS2017,bridge62,FLAG_CORRECTED,STAGE24_2018_TO_2017_BRIDGE62_PUBLISHED,SECURITY,0.05000000074505806,0.44136423465782954,0.012905300565703971,0.590861186931795,0.8935054091338125,0.19699633629757277,0.001,0.03310125960083343,0.999433814858144,34.20022899976166,FINITE,0.5659393831841308,FINITE,441.8060406985281,559.194960302473,12905.300565703972,987094.6994342961,13347.1066064025,0.9668987403991666,430.1766855234657,444.90355354675,55.61294419334375,55.61294419334375,18.537648064447918,5.5612944193343745,True,True,True,68824.79659595127,100100.1001001001,-31275.303504148833,0.6875597179935532,0.31244028200644686,MODEL_LOWER_RELATIVE_COST,0.00029231023271050505,0.029231023271050507
STAGE24_2018_TO_2017_BRIDGE62_FLAG_CORRECTED,Stage24-2B,STAGE24_2018_TO_2017,IDS2018_TO_CICIDS2017,bridge62,FLAG_CORRECTED,STAGE24_2018_TO_2017_BRIDGE62_PUBLISHED,SECURITY,0.05000000074505806,0.44136423465782954,0.012905300565703971,0.590861186931795,0.8935054091338125,0.19699633629757277,0.0001,0.003408705918268231,0.999943403605055,34.20022899976166,FINITE,0.5659393831841308,FINITE,44.140837549537906,55.869163450562105,12905.300565703972,987094.6994342961,12949.44140325351,0.9965912940817317,430.1766855234657,431.648046775117,53.956005846889624,53.956005846889624,17.985335282296543,5.395600584688962,True,True,True,18492.216910760184,10001.00010001,8491.216810750184,1.849036768906911,-0.8490367689069109,IGNORE_LOWER_RELATIVE_COST,0.00029231023271050505,0.029231023271050507
STAGE24_2018_TO_2017_BRIDGE70_PUBLISHED,Stage24-2C,STAGE24_2018_TO_2017,IDS2018_TO_CICIDS2017,bridge70,PUBLISHED,,STANDARD,0.5,0.22783809083181802,0.0035533019488389627,0.3667938843146991,0.9402279286612891,0.19699633629757277,0.1,0.8769148360537293,0.9207240794908508,64.12010409255083,FINITE,0.7749154176318385,FINITE,25315.343425757557,85795.76768535355,3553.3019488389627,996446.698051161,28868.64537459652,0.12308516394627073,118.44339829463209,962.2881791532174,120.28602239415217,120.28602239415217,40.09534079805072,12.028602239415216,True,True,True,8583130.070484195,11111111.11111111,-2527981.040626915,0.7724817063435776,0.2275182936564224,MODEL_LOWER_RELATIVE_COST,0.00015593300746196,0.015593300746196
STAGE24_2018_TO_2017_BRIDGE70_PUBLISHED,Stage24-2C,STAGE24_2018_TO_2017,IDS2018_TO_CICIDS2017,bridge70,PUBLISHED,,STANDARD,0.5,0.22783809083181802,0.0035533019488389627,0.3667938843146991,0.9402279286612891,0.19699633629757277,0.03,0.6647778016394843,0.9765944908937761,64.12010409255083,FINITE,0.7749154176318385,FINITE,7046.538891705713,23881.29615984068,3553.3019488389627,996446.698051161,10599.840840544675,0.3352221983605157,118.44339829463209,353.32802801815586,44.16600350226948,44.16600350226948,14.72200116742316,4.416600350226948,True,True,True,2391682.9179329067,3092783.5051546395,-701100.5872217328,0.7733108101316397,0.22668918986836026,MODEL_LOWER_RELATIVE_COST,0.00015593300746196,0.015593300746196
STAGE24_2018_TO_2017_BRIDGE70_PUBLISHED,Stage24-2C,STAGE24_2018_TO_2017,IDS2018_TO_CICIDS2017,bridge70,PUBLISHED,,STANDARD,0.5,0.22783809083181802,0.0035533019488389627,0.3667938843146991,0.9402279286612891,0.19699633629757277,0.01,0.3930852328059481,0.9922333643242067,64.12010409255083,FINITE,0.7749154176318385,FINITE,2301.3948568870505,7799.61524412305,3553.3019488389627,996446.698051161,5854.696805726013,0.6069147671940519,118.44339829463209,195.15656019086708,24.394570023858385,24.394570023858385,8.13152334128613,2.4394570023858386,True,True,True,783514.826361144,1010101.0101010101,-226586.18373986613,0.7756796780975326,0.22432032190246748,MODEL_LOWER_RELATIVE_COST,0.00015593300746196,0.015593300746196
STAGE24_2018_TO_2017_BRIDGE70_PUBLISHED,Stage24-2C,STAGE24_2018_TO_2017,IDS2018_TO_CICIDS2017,bridge70,PUBLISHED,,STANDARD,0.5,0.22783809083181802,0.0035533019488389627,0.3667938843146991,0.9402279286612891,0.19699633629757277,0.003,0.16173426193217938,0.9976736828927609,64.12010409255083,FINITE,0.7749154176318385,FINITE,685.5709854518095,2323.4560957919216,3553.3019488389627,996446.698051161,4238.872934290772,0.8382657380678207,118.44339829463209,141.29576447635907,17.661970559544883,17.661970559544883,5.8873235198482945,1.7661970559544882,True,True,True,235898.9115280311,300902.7081243731,-65003.796596342,0.7839707159781567,0.21602928402184327,MODEL_LOWER_RELATIVE_COST,0.00015593300746196,0.015593300746196
STAGE24_2018_TO_2017_BRIDGE70_PUBLISHED,Stage24-2C,STAGE24_2018_TO_2017,IDS2018_TO_CICIDS2017,bridge70,PUBLISHED,,STANDARD,0.5,0.22783809083181802,0.0035533019488389627,0.3667938843146991,0.9402279286612891,0.19699633629757277,0.001,0.0603131328677882,0.9992249101215865,64.12010409255083,FINITE,0.7749154176318385,FINITE,228.06615698880682,772.9348440121942,3553.3019488389627,996446.698051161,3781.36810582777,0.9396868671322117,118.44339829463209,126.04560352759232,15.75570044094904,15.75570044094904,5.251900146983013,1.575570044094904,True,True,True,80846.78635005839,100100.1001001001,-19253.313750041707,0.8076593956370833,0.19234060436291667,MODEL_LOWER_RELATIVE_COST,0.00015593300746196,0.015593300746196
STAGE24_2018_TO_2017_BRIDGE70_PUBLISHED,Stage24-2C,STAGE24_2018_TO_2017,IDS2018_TO_CICIDS2017,bridge70,PUBLISHED,,STANDARD,0.5,0.22783809083181802,0.0035533019488389627,0.3667938843146991,0.9402279286612891,0.19699633629757277,0.0001,0.006371791594385717,0.9999225067139824,64.12010409255083,FINITE,0.7749154176318385,FINITE,22.786087691950996,77.22391330814901,3553.3019488389627,996446.698051161,3576.0880365309135,0.9936282084056144,118.44339829463209,119.20293455103045,14.900366818878807,14.900366818878807,4.9667889396262686,1.4900366818878807,True,True,True,11275.693279653864,10001.00010001,1274.693179643864,1.12745657103259,-0.12745657103258998,IGNORE_LOWER_RELATIVE_COST,0.00015593300746196,0.015593300746196
STAGE24_2018_TO_2017_BRIDGE70_PUBLISHED,Stage24-2C,STAGE24_2018_TO_2017,IDS2018_TO_CICIDS2017,bridge70,PUBLISHED,,BALANCED,0.07000000029802322,0.4403044225189457,0.012365068450664447,0.5907322019952195,0.8972851290559529,0.19699633629757277,0.1,0.7982457835107124,0.9407629876597102,35.6087331239388,FINITE,0.5667028976010816,FINITE,48922.71361321619,62188.397497894926,12365.068450664447,987634.9315493356,61287.78206388064,0.2017542164892875,412.1689483554816,2042.9260687960211,255.36575859950264,255.36575859950264,85.12191953316756,25.536575859950265,True,True,True,6231204.818240156,11111111.11111111,-4879906.292870954,0.5608084336416141,0.43919156635838585,MODEL_LOWER_RELATIVE_COST,0.0002807511419680212,0.02807511419680212
STAGE24_2018_TO_2017_BRIDGE70_PUBLISHED,Stage24-2C,STAGE24_2018_TO_2017,IDS2018_TO_CICIDS2017,bridge70,PUBLISHED,,BALANCED,0.07000000029802322,0.4403044225189457,0.012365068450664447,0.5907322019952195,0.8972851290559529,0.19699633629757277,0.03,0.5241043580317455,0.9827750068837847,35.6087331239388,FINITE,0.5667028976010816,FINITE,13617.662552132342,17310.172499414053,12365.068450664447,987634.9315493356,25982.73100279679,0.47589564196825446,412.1689483554816,866.0910334265596,108.26137917831996,108.26137917831996,36.08712639277332,10.826137917831996,True,True,True,1743382.3183920698,3092783.5051546395,-1349401.1867625697,0.5636936162801025,0.4363063837198975,MODEL_LOWER_RELATIVE_COST,0.0002807511419680212,0.02807511419680212
STAGE24_2018_TO_2017_BRIDGE70_PUBLISHED,Stage24-2C,STAGE24_2018_TO_2017,IDS2018_TO_CICIDS2017,bridge70,PUBLISHED,,BALANCED,0.07000000029802322,0.4403044225189457,0.012365068450664447,0.5907322019952195,0.8972851290559529,0.19699633629757277,0.01,0.26453508845635326,0.9943083090922082,35.6087331239388,FINITE,0.5667028976010816,FINITE,4447.5194193832895,5653.490681626811,12365.068450664447,987634.9315493356,16812.587870047737,0.7354649115436467,412.1689483554816,560.4195956682579,70.05244945853224,70.05244945853224,23.35081648617741,7.0052449458532235,True,True,True,577714.1366133455,1010101.0101010101,-432386.8734876646,0.571936995247212,0.42806300475278797,MODEL_LOWER_RELATIVE_COST,0.0002807511419680212,0.02807511419680212
STAGE24_2018_TO_2017_BRIDGE70_PUBLISHED,Stage24-2C,STAGE24_2018_TO_2017,IDS2018_TO_CICIDS2017,bridge70,PUBLISHED,,BALANCED,0.07000000029802322,0.4403044225189457,0.012365068450664447,0.5907322019952195,0.8972851290559529,0.19699633629757277,0.003,0.09677809734232691,0.9982976784742433,35.6087331239388,FINITE,0.5667028976010816,FINITE,1324.8879313508896,1684.1391498928415,12365.068450664447,987634.9315493356,13689.956382015336,0.9032219026576731,412.1689483554816,456.3318794005112,57.0414849250639,57.0414849250639,19.013828308354633,5.70414849250639,True,True,True,180778.98343994858,300902.7081243731,-120123.72468442452,0.6007888216320958,0.3992111783679042,MODEL_LOWER_RELATIVE_COST,0.0002807511419680212,0.02807511419680212
STAGE24_2018_TO_2017_BRIDGE70_PUBLISHED,Stage24-2C,STAGE24_2018_TO_2017,IDS2018_TO_CICIDS2017,bridge70,PUBLISHED,,BALANCED,0.07000000029802322,0.4403044225189457,0.012365068450664447,0.5907322019952195,0.8972851290559529,0.19699633629757277,0.001,0.03441758413967797,0.999433051445233,35.6087331239388,FINITE,0.5667028976010816,FINITE,440.7451676866323,560.2558333143687,12365.068450664447,987634.9315493356,12805.81361835108,0.965582415860322,412.1689483554816,426.860453945036,53.3575567431295,53.3575567431295,17.785852247709833,5.33575567431295,True,True,True,68390.65178210131,100100.1001001001,-31709.448317998787,0.6832226113031921,0.3167773886968079,MODEL_LOWER_RELATIVE_COST,0.0002807511419680212,0.02807511419680212
STAGE24_2018_TO_2017_BRIDGE70_PUBLISHED,Stage24-2C,STAGE24_2018_TO_2017,IDS2018_TO_CICIDS2017,bridge70,PUBLISHED,,BALANCED,0.07000000029802322,0.4403044225189457,0.012365068450664447,0.5907322019952195,0.8972851290559529,0.19699633629757277,0.0001,0.0035485920847511923,0.9999433272546262,35.6087331239388,FINITE,0.5667028976010816,FINITE,44.03484573646821,55.9751552636318,12365.068450664447,987634.9315493356,12409.103296400915,0.9964514079152488,412.1689483554816,413.6367765466972,51.70459706833715,51.70459706833715,17.234865689445716,5.170459706833714,True,True,True,17962.583977027625,10001.00010001,7961.583877017625,1.7960787718629925,-0.7960787718629924,IGNORE_LOWER_RELATIVE_COST,0.0002807511419680212,0.02807511419680212
STAGE24_2018_TO_2017_BRIDGE70_PUBLISHED,Stage24-2C,STAGE24_2018_TO_2017,IDS2018_TO_CICIDS2017,bridge70,PUBLISHED,,SECURITY,0.07000000029802322,0.4403044225189457,0.012365068450664447,0.5907322019952195,0.8972851290559529,0.19699633629757277,0.1,0.7982457835107124,0.9407629876597102,35.6087331239388,FINITE,0.5667028976010816,FINITE,48922.71361321619,62188.397497894926,12365.068450664447,987634.9315493356,61287.78206388064,0.2017542164892875,412.1689483554816,2042.9260687960211,255.36575859950264,255.36575859950264,85.12191953316756,25.536575859950265,True,True,True,6231204.818240156,11111111.11111111,-4879906.292870954,0.5608084336416141,0.43919156635838585,MODEL_LOWER_RELATIVE_COST,0.0002807511419680212,0.02807511419680212
STAGE24_2018_TO_2017_BRIDGE70_PUBLISHED,Stage24-2C,STAGE24_2018_TO_2017,IDS2018_TO_CICIDS2017,bridge70,PUBLISHED,,SECURITY,0.07000000029802322,0.4403044225189457,0.012365068450664447,0.5907322019952195,0.8972851290559529,0.19699633629757277,0.03,0.5241043580317455,0.9827750068837847,35.6087331239388,FINITE,0.5667028976010816,FINITE,13617.662552132342,17310.172499414053,12365.068450664447,987634.9315493356,25982.73100279679,0.47589564196825446,412.1689483554816,866.0910334265596,108.26137917831996,108.26137917831996,36.08712639277332,10.826137917831996,True,True,True,1743382.3183920698,3092783.5051546395,-1349401.1867625697,0.5636936162801025,0.4363063837198975,MODEL_LOWER_RELATIVE_COST,0.0002807511419680212,0.02807511419680212
STAGE24_2018_TO_2017_BRIDGE70_PUBLISHED,Stage24-2C,STAGE24_2018_TO_2017,IDS2018_TO_CICIDS2017,bridge70,PUBLISHED,,SECURITY,0.07000000029802322,0.4403044225189457,0.012365068450664447,0.5907322019952195,0.8972851290559529,0.19699633629757277,0.01,0.26453508845635326,0.9943083090922082,35.6087331239388,FINITE,0.5667028976010816,FINITE,4447.5194193832895,5653.490681626811,12365.068450664447,987634.9315493356,16812.587870047737,0.7354649115436467,412.1689483554816,560.4195956682579,70.05244945853224,70.05244945853224,23.35081648617741,7.0052449458532235,True,True,True,577714.1366133455,1010101.0101010101,-432386.8734876646,0.571936995247212,0.42806300475278797,MODEL_LOWER_RELATIVE_COST,0.0002807511419680212,0.02807511419680212
STAGE24_2018_TO_2017_BRIDGE70_PUBLISHED,Stage24-2C,STAGE24_2018_TO_2017,IDS2018_TO_CICIDS2017,bridge70,PUBLISHED,,SECURITY,0.07000000029802322,0.4403044225189457,0.012365068450664447,0.5907322019952195,0.8972851290559529,0.19699633629757277,0.003,0.09677809734232691,0.9982976784742433,35.6087331239388,FINITE,0.5667028976010816,FINITE,1324.8879313508896,1684.1391498928415,12365.068450664447,987634.9315493356,13689.956382015336,0.9032219026576731,412.1689483554816,456.3318794005112,57.0414849250639,57.0414849250639,19.013828308354633,5.70414849250639,True,True,True,180778.98343994858,300902.7081243731,-120123.72468442452,0.6007888216320958,0.3992111783679042,MODEL_LOWER_RELATIVE_COST,0.0002807511419680212,0.02807511419680212
STAGE24_2018_TO_2017_BRIDGE70_PUBLISHED,Stage24-2C,STAGE24_2018_TO_2017,IDS2018_TO_CICIDS2017,bridge70,PUBLISHED,,SECURITY,0.07000000029802322,0.4403044225189457,0.012365068450664447,0.5907322019952195,0.8972851290559529,0.19699633629757277,0.001,0.03441758413967797,0.999433051445233,35.6087331239388,FINITE,0.5667028976010816,FINITE,440.7451676866323,560.2558333143687,12365.068450664447,987634.9315493356,12805.81361835108,0.965582415860322,412.1689483554816,426.860453945036,53.3575567431295,53.3575567431295,17.785852247709833,5.33575567431295,True,True,True,68390.65178210131,100100.1001001001,-31709.448317998787,0.6832226113031921,0.3167773886968079,MODEL_LOWER_RELATIVE_COST,0.0002807511419680212,0.02807511419680212
STAGE24_2018_TO_2017_BRIDGE70_PUBLISHED,Stage24-2C,STAGE24_2018_TO_2017,IDS2018_TO_CICIDS2017,bridge70,PUBLISHED,,SECURITY,0.07000000029802322,0.4403044225189457,0.012365068450664447,0.5907322019952195,0.8972851290559529,0.19699633629757277,0.0001,0.0035485920847511923,0.9999433272546262,35.6087331239388,FINITE,0.5667028976010816,FINITE,44.03484573646821,55.9751552636318,12365.068450664447,987634.9315493356,12409.103296400915,0.9964514079152488,412.1689483554816,413.6367765466972,51.70459706833715,51.70459706833715,17.234865689445716,5.170459706833714,True,True,True,17962.583977027625,10001.00010001,7961.583877017625,1.7960787718629925,-0.7960787718629924,IGNORE_LOWER_RELATIVE_COST,0.0002807511419680212,0.02807511419680212
STAGE24_2018_TO_2017_BRIDGE70_FLAG_CORRECTED,Stage24-2D,STAGE24_2018_TO_2017,IDS2018_TO_CICIDS2017,bridge70,FLAG_CORRECTED,,STANDARD,0.5,0.1450436298296769,0.003555501591001176,0.2501751439428033,0.9091552857865453,0.19699633629757277,0.1,0.8192558403044616,0.912963440365612,40.79414004391847,FINITE,0.8580070154789486,FINITE,16115.958869964099,94995.152241147,3555.5015910011757,996444.4984089988,19671.460460965274,0.18074415969553834,118.51671970003919,655.7153486988425,81.96441858735531,81.96441858735531,27.32147286245177,8.19644185873553,True,True,True,9503070.725705702,11111111.11111111,-1608040.3854054082,0.8552763653135133,0.14472363468648675,MODEL_LOWER_RELATIVE_COST,0.00024507317123303573,0.024507317123303573
STAGE24_2018_TO_2017_BRIDGE70_FLAG_CORRECTED,Stage24-2D,STAGE24_2018_TO_2017,IDS2018_TO_CICIDS2017,bridge70,FLAG_CORRECTED,,STANDARD,0.5,0.1450436298296769,0.003555501591001176,0.2501751439428033,0.9091552857865453,0.19699633629757277,0.03,0.5578497131094446,0.9741496725814012,40.79414004391847,FINITE,0.8580070154789486,FINITE,4485.885458649801,26441.94959289659,3555.5015910011757,996444.4984089988,8041.387049650977,0.4421502868905553,118.51671970003919,268.0462349883659,33.505779373545735,33.505779373545735,11.168593124515246,3.350577937354574,True,True,True,2647750.4608806605,3092783.5051546395,-445033.04427397903,0.8561059823514134,0.14389401764858653,MODEL_LOWER_RELATIVE_COST,0.00024507317123303573,0.024507317123303573
STAGE24_2018_TO_2017_BRIDGE70_FLAG_CORRECTED,Stage24-2D,STAGE24_2018_TO_2017,IDS2018_TO_CICIDS2017,bridge70,FLAG_CORRECTED,,STANDARD,0.5,0.1450436298296769,0.003555501591001176,0.2501751439428033,0.9091552857865453,0.19699633629757277,0.01,0.29181580881074387,0.9914077294237812,40.79414004391847,FINITE,0.8580070154789486,FINITE,1465.0871699967363,8635.922931013365,3555.5015910011757,996444.4984089988,5020.588760997912,0.7081841911892561,118.51671970003919,167.35295869993038,20.919119837491298,20.919119837491298,6.973039945830433,2.09191198374913,True,True,True,867147.7946923376,1010101.0101010101,-142953.21540867246,0.8584763167454142,0.14152368325458575,MODEL_LOWER_RELATIVE_COST,0.00024507317123303573,0.024507317123303573
STAGE24_2018_TO_2017_BRIDGE70_FLAG_CORRECTED,Stage24-2D,STAGE24_2018_TO_2017,IDS2018_TO_CICIDS2017,bridge70,FLAG_CORRECTED,,STANDARD,0.5,0.1450436298296769,0.003555501591001176,0.2501751439428033,0.9091552857865453,0.19699633629757277,0.003,0.10933030386286624,0.9974248820074954,40.79414004391847,FINITE,0.8580070154789486,FINITE,436.44021011938884,2572.5868711243425,3555.5015910011757,996444.4984089988,3991.9418011205644,0.8906696961371338,118.51671970003919,133.06472670401882,16.633090838002353,16.633090838002353,5.544363612667451,1.6633090838002351,True,True,True,260814.18870343541,300902.7081243731,-40088.51942093769,0.866772487124417,0.13322751287558293,MODEL_LOWER_RELATIVE_COST,0.00024507317123303573,0.024507317123303573
STAGE24_2018_TO_2017_BRIDGE70_FLAG_CORRECTED,Stage24-2D,STAGE24_2018_TO_2017,IDS2018_TO_CICIDS2017,bridge70,FLAG_CORRECTED,,STANDARD,0.5,0.1450436298296769,0.003555501591001176,0.2501751439428033,0.9091552857865453,0.19699633629757277,0.001,0.03923290050682091,0.9991418711362426,40.79414004391847,FINITE,0.8580070154789486,FINITE,145.18881864832522,855.8121823526758,3555.5015910011757,996444.4984089988,3700.690409649501,0.9607670994931791,118.51671970003919,123.3563469883167,15.419543373539588,15.419543373539588,5.139847791179863,1.5419543373539588,True,True,True,89136.71982626875,100100.1001001001,-10963.380273831353,0.8904758310644247,0.10952416893557522,MODEL_LOWER_RELATIVE_COST,0.00024507317123303573,0.024507317123303573
STAGE24_2018_TO_2017_BRIDGE70_FLAG_CORRECTED,Stage24-2D,STAGE24_2018_TO_2017,IDS2018_TO_CICIDS2017,bridge70,FLAG_CORRECTED,,STANDARD,0.5,0.1450436298296769,0.003555501591001176,0.2501751439428033,0.9091552857865453,0.19699633629757277,0.0001,0.004063244671642243,0.999914198080125,40.79414004391847,FINITE,0.8580070154789486,FINITE,14.50581356432412,85.50418743577589,3555.5015910011757,996444.4984089988,3570.0074045654997,0.9959367553283578,118.51671970003919,119.00024681884999,14.875030852356248,14.875030852356248,4.9583436174520825,1.4875030852356248,True,True,True,12105.920334578765,10001.00010001,2104.9202345687645,1.2104709742545308,-0.2104709742545308,IGNORE_LOWER_RELATIVE_COST,0.00024507317123303573,0.024507317123303573
STAGE24_2018_TO_2017_BRIDGE70_FLAG_CORRECTED,Stage24-2D,STAGE24_2018_TO_2017,IDS2018_TO_CICIDS2017,bridge70,FLAG_CORRECTED,,BALANCED,0.07000000029802322,0.4469466292235576,0.01571292382155271,0.5915919871920399,0.8746574020459371,0.19699633629757277,0.1,0.7596444236877319,0.9412372823704043,28.444523393571156,FINITE,0.5618821827100533,FINITE,49660.736580395285,61450.374530715824,15712.923821552711,984287.0761784472,65373.660401948,0.2403555763122681,523.7641273850903,2179.1220133982665,272.3902516747833,272.3902516747833,90.79675055826111,27.239025167478335,True,True,True,6160750.376893135,11111111.11111111,-4950360.734217975,0.5544675339203822,0.44553246607961783,MODEL_LOWER_RELATIVE_COST,0.00035143797215241143,0.03514379721524114
STAGE24_2018_TO_2017_BRIDGE70_FLAG_CORRECTED,Stage24-2D,STAGE24_2018_TO_2017,IDS2018_TO_CICIDS2017,bridge70,FLAG_CORRECTED,,BALANCED,0.07000000029802322,0.4469466292235576,0.01571292382155271,0.5915919871920399,0.8746574020459371,0.19699633629757277,0.03,0.4680080036613012,0.9829190302025528,28.444523393571156,FINITE,0.5618821827100533,FINITE,13823.091625470854,17104.74342607554,15712.923821552711,984287.0761784472,29536.015447023565,0.5319919963386988,523.7641273850903,984.5338482341189,123.06673102926486,123.06673102926486,41.02224367642162,12.306673102926485,True,True,True,1726187.2664291067,3092783.5051546395,-1366596.2387255328,0.5581338828120778,0.44186611718792224,MODEL_LOWER_RELATIVE_COST,0.00035143797215241143,0.03514379721524114
STAGE24_2018_TO_2017_BRIDGE70_FLAG_CORRECTED,Stage24-2D,STAGE24_2018_TO_2017,IDS2018_TO_CICIDS2017,bridge70,FLAG_CORRECTED,,BALANCED,0.07000000029802322,0.4469466292235576,0.01571292382155271,0.5915919871920399,0.8746574020459371,0.19699633629757277,0.01,0.2231914140847736,0.9943564527870322,28.444523393571156,FINITE,0.5618821827100533,FINITE,4514.612416399572,5586.39768461053,15712.923821552711,984287.0761784472,20227.536237952285,0.7768085859152263,523.7641273850903,674.2512079317428,84.28140099146785,84.28140099146785,28.093800330489284,8.428140099146786,True,True,True,574352.6922826057,1010101.0101010101,-435748.3178184044,0.5686091653597797,0.4313908346402204,MODEL_LOWER_RELATIVE_COST,0.00035143797215241143,0.03514379721524114
STAGE24_2018_TO_2017_BRIDGE70_FLAG_CORRECTED,Stage24-2D,STAGE24_2018_TO_2017,IDS2018_TO_CICIDS2017,bridge70,FLAG_CORRECTED,,BALANCED,0.07000000029802322,0.4469466292235576,0.01571292382155271,0.5915919871920399,0.8746574020459371,0.19699633629757277,0.003,0.0788422095846714,0.9983121350006816,28.444523393571156,FINITE,0.5618821827100533,FINITE,1344.8745112042857,1664.1525700394457,15712.923821552711,984287.0761784472,17057.798332756996,0.9211577904153286,523.7641273850903,568.5932777585665,71.07415971982081,71.07415971982081,23.691386573273608,7.107415971982082,True,True,True,182128.1808254973,300902.7081243731,-118774.52729887582,0.605272654276736,0.394727345723264,MODEL_LOWER_RELATIVE_COST,0.00035143797215241143,0.03514379721524114
STAGE24_2018_TO_2017_BRIDGE70_FLAG_CORRECTED,Stage24-2D,STAGE24_2018_TO_2017,IDS2018_TO_CICIDS2017,bridge70,FLAG_CORRECTED,,BALANCED,0.07000000029802322,0.4469466292235576,0.01571292382155271,0.5915919871920399,0.8746574020459371,0.19699633629757277,0.001,0.027684729195520022,0.9994378715387955,28.444523393571156,FINITE,0.5618821827100533,FINITE,447.3940232468044,553.6069777541967,15712.923821552711,984287.0761784472,16160.317844799516,0.97231527080448,523.7641273850903,538.6772614933172,67.33465768666466,67.33465768666466,22.444885895554883,6.733465768666465,True,True,True,71073.62159697239,100100.1001001001,-29026.478503127713,0.7100254797537542,0.28997452024624587,MODEL_LOWER_RELATIVE_COST,0.00035143797215241143,0.03514379721524114
STAGE24_2018_TO_2017_BRIDGE70_FLAG_CORRECTED,Stage24-2D,STAGE24_2018_TO_2017,IDS2018_TO_CICIDS2017,bridge70,FLAG_CORRECTED,,BALANCED,0.07000000029802322,0.4469466292235576,0.01571292382155271,0.5915919871920399,0.8746574020459371,0.19699633629757277,0.0001,0.0028366672413107225,0.9999438093199152,28.444523393571156,FINITE,0.5618821827100533,FINITE,44.69913283563932,55.310868164460686,15712.923821552711,984287.0761784472,15757.622954388351,0.9971633327586893,523.7641273850903,525.2540984796117,65.65676230995146,65.65676230995146,21.88558743665049,6.565676230995146,True,True,True,21244.01063799878,10001.00010001,11243.010537988781,2.1241886236934984,-1.1241886236934984,IGNORE_LOWER_RELATIVE_COST,0.00035143797215241143,0.03514379721524114
STAGE24_2018_TO_2017_BRIDGE70_FLAG_CORRECTED,Stage24-2D,STAGE24_2018_TO_2017,IDS2018_TO_CICIDS2017,bridge70,FLAG_CORRECTED,,SECURITY,0.07000000029802322,0.4469466292235576,0.01571292382155271,0.5915919871920399,0.8746574020459371,0.19699633629757277,0.1,0.7596444236877319,0.9412372823704043,28.444523393571156,FINITE,0.5618821827100533,FINITE,49660.736580395285,61450.374530715824,15712.923821552711,984287.0761784472,65373.660401948,0.2403555763122681,523.7641273850903,2179.1220133982665,272.3902516747833,272.3902516747833,90.79675055826111,27.239025167478335,True,True,True,6160750.376893135,11111111.11111111,-4950360.734217975,0.5544675339203822,0.44553246607961783,MODEL_LOWER_RELATIVE_COST,0.00035143797215241143,0.03514379721524114
STAGE24_2018_TO_2017_BRIDGE70_FLAG_CORRECTED,Stage24-2D,STAGE24_2018_TO_2017,IDS2018_TO_CICIDS2017,bridge70,FLAG_CORRECTED,,SECURITY,0.07000000029802322,0.4469466292235576,0.01571292382155271,0.5915919871920399,0.8746574020459371,0.19699633629757277,0.03,0.4680080036613012,0.9829190302025528,28.444523393571156,FINITE,0.5618821827100533,FINITE,13823.091625470854,17104.74342607554,15712.923821552711,984287.0761784472,29536.015447023565,0.5319919963386988,523.7641273850903,984.5338482341189,123.06673102926486,123.06673102926486,41.02224367642162,12.306673102926485,True,True,True,1726187.2664291067,3092783.5051546395,-1366596.2387255328,0.5581338828120778,0.44186611718792224,MODEL_LOWER_RELATIVE_COST,0.00035143797215241143,0.03514379721524114
STAGE24_2018_TO_2017_BRIDGE70_FLAG_CORRECTED,Stage24-2D,STAGE24_2018_TO_2017,IDS2018_TO_CICIDS2017,bridge70,FLAG_CORRECTED,,SECURITY,0.07000000029802322,0.4469466292235576,0.01571292382155271,0.5915919871920399,0.8746574020459371,0.19699633629757277,0.01,0.2231914140847736,0.9943564527870322,28.444523393571156,FINITE,0.5618821827100533,FINITE,4514.612416399572,5586.39768461053,15712.923821552711,984287.0761784472,20227.536237952285,0.7768085859152263,523.7641273850903,674.2512079317428,84.28140099146785,84.28140099146785,28.093800330489284,8.428140099146786,True,True,True,574352.6922826057,1010101.0101010101,-435748.3178184044,0.5686091653597797,0.4313908346402204,MODEL_LOWER_RELATIVE_COST,0.00035143797215241143,0.03514379721524114
STAGE24_2018_TO_2017_BRIDGE70_FLAG_CORRECTED,Stage24-2D,STAGE24_2018_TO_2017,IDS2018_TO_CICIDS2017,bridge70,FLAG_CORRECTED,,SECURITY,0.07000000029802322,0.4469466292235576,0.01571292382155271,0.5915919871920399,0.8746574020459371,0.19699633629757277,0.003,0.0788422095846714,0.9983121350006816,28.444523393571156,FINITE,0.5618821827100533,FINITE,1344.8745112042857,1664.1525700394457,15712.923821552711,984287.0761784472,17057.798332756996,0.9211577904153286,523.7641273850903,568.5932777585665,71.07415971982081,71.07415971982081,23.691386573273608,7.107415971982082,True,True,True,182128.1808254973,300902.7081243731,-118774.52729887582,0.605272654276736,0.394727345723264,MODEL_LOWER_RELATIVE_COST,0.00035143797215241143,0.03514379721524114
STAGE24_2018_TO_2017_BRIDGE70_FLAG_CORRECTED,Stage24-2D,STAGE24_2018_TO_2017,IDS2018_TO_CICIDS2017,bridge70,FLAG_CORRECTED,,SECURITY,0.07000000029802322,0.4469466292235576,0.01571292382155271,0.5915919871920399,0.8746574020459371,0.19699633629757277,0.001,0.027684729195520022,0.9994378715387955,28.444523393571156,FINITE,0.5618821827100533,FINITE,447.3940232468044,553.6069777541967,15712.923821552711,984287.0761784472,16160.317844799516,0.97231527080448,523.7641273850903,538.6772614933172,67.33465768666466,67.33465768666466,22.444885895554883,6.733465768666465,True,True,True,71073.62159697239,100100.1001001001,-29026.478503127713,0.7100254797537542,0.28997452024624587,MODEL_LOWER_RELATIVE_COST,0.00035143797215241143,0.03514379721524114
STAGE24_2018_TO_2017_BRIDGE70_FLAG_CORRECTED,Stage24-2D,STAGE24_2018_TO_2017,IDS2018_TO_CICIDS2017,bridge70,FLAG_CORRECTED,,SECURITY,0.07000000029802322,0.4469466292235576,0.01571292382155271,0.5915919871920399,0.8746574020459371,0.19699633629757277,0.0001,0.0028366672413107225,0.9999438093199152,28.444523393571156,FINITE,0.5618821827100533,FINITE,44.69913283563932,55.310868164460686,15712.923821552711,984287.0761784472,15757.622954388351,0.9971633327586893,523.7641273850903,525.2540984796117,65.65676230995146,65.65676230995146,21.88558743665049,6.565676230995146,True,True,True,21244.01063799878,10001.00010001,11243.010537988781,2.1241886236934984,-1.1241886236934984,IGNORE_LOWER_RELATIVE_COST,0.00035143797215241143,0.03514379721524114
STAGE24_2017_TO_2018_BRIDGE62,Stage24-5A,STAGE24_2017_TO_2018,CICIDS2017_TO_IDS2018,bridge62,FLAG_CORRECTED_SOURCE_SEMANTICS,,STANDARD,0.5,0.00038550501156515033,0.0014975805419886966,0.0007609867461475046,0.02926829268292683,0.10484691299808009,0.1,0.027806731279303,0.8998997742519921,0.2574185499587374,FINITE,1.0011137434509443,FINITE,42.833890173905594,111068.2772209372,1497.5805419886967,998502.4194580113,1540.4144321626022,0.9721932687206971,49.919351399623224,51.34714773875341,6.418393467344176,6.418393467344176,2.1394644891147254,0.6418393467344176,True,True,False,11108325.302635709,11111111.11111111,-2785.8084754012525,0.9997492772372139,0.00025072276278611275,MODEL_LOWER_RELATIVE_COST,0.037394563696284334,3.7394563696284333
STAGE24_2017_TO_2018_BRIDGE62,Stage24-5A,STAGE24_2017_TO_2018,CICIDS2017_TO_IDS2018,bridge62,FLAG_CORRECTED_SOURCE_SEMANTICS,,STANDARD,0.5,0.00038550501156515033,0.0014975805419886966,0.0007609867461475046,0.02926829268292683,0.10484691299808009,0.03,0.007898515225440541,0.9699675911484319,0.2574185499587374,FINITE,1.0011137434509443,FINITE,11.922835409231455,30915.91221613716,1497.5805419886967,998502.4194580113,1509.5033773979283,0.9921014847745594,49.919351399623224,50.31677924659761,6.2895974058247015,6.2895974058247015,2.096532468608234,0.6289597405824701,True,True,False,3093088.8021557047,3092783.5051546395,305.2970010652207,1.0000987126970111,-9.8712697011088e-05,IGNORE_LOWER_RELATIVE_COST,0.037394563696284334,3.7394563696284333
STAGE24_2017_TO_2018_BRIDGE62,Stage24-5A,STAGE24_2017_TO_2018,CICIDS2017_TO_IDS2018,bridge62,FLAG_CORRECTED_SOURCE_SEMANTICS,,STANDARD,0.5,0.00038550501156515033,0.0014975805419886966,0.0007609867461475046,0.02926829268292683,0.10484691299808009,0.01,0.0025934439331521827,0.9899889740626363,0.2574185499587374,FINITE,1.0011137434509443,FINITE,3.893990015809599,10097.116110994291,1497.5805419886967,998502.4194580113,1501.4745320045063,0.9974065560668478,49.919351399623224,50.049151066816876,6.2561438833521095,6.2561438833521095,2.0853812944507033,0.625614388335211,True,True,False,1011209.1916414179,1010101.0101010101,1108.1815404078225,1.0010970997250037,-0.0010970997250037444,IGNORE_LOWER_RELATIVE_COST,0.037394563696284334,3.7394563696284333
STAGE24_2017_TO_2018_BRIDGE62,Stage24-5A,STAGE24_2017_TO_2018,CICIDS2017_TO_IDS2018,bridge62,FLAG_CORRECTED_SOURCE_SEMANTICS,,STANDARD,0.5,0.00038550501156515033,0.0014975805419886966,0.0007609867461475046,0.02926829268292683,0.10484691299808009,0.003,0.0007739798791791632,0.9969966688044686,0.2574185499587374,FINITE,1.0011137434509443,FINITE,1.159995019754715,3007.8670862239765,1497.5805419886967,998502.4194580113,1498.7405370084514,0.9992260201208208,49.919351399623224,49.95801790028171,6.244752237535214,6.244752237535214,2.0815840791784046,0.6244752237535214,True,True,False,302284.28916438634,300902.7081243731,1381.5810400132323,1.0045914543229773,-0.004591454322977309,IGNORE_LOWER_RELATIVE_COST,0.037394563696284334,3.7394563696284333
STAGE24_2017_TO_2018_BRIDGE62,Stage24-5A,STAGE24_2017_TO_2018,CICIDS2017_TO_IDS2018,bridge62,FLAG_CORRECTED_SOURCE_SEMANTICS,,STANDARD,0.5,0.00038550501156515033,0.0014975805419886966,0.0007609867461475046,0.02926829268292683,0.10484691299808009,0.001,0.00025760984625191203,0.9989988873715318,0.2574185499587374,FINITE,1.0011137434509443,FINITE,0.3858909024676179,1000.6151100985334,1497.5805419886967,998502.4194580113,1497.9664328911642,0.9997423901537481,49.919351399623224,49.932214429705475,6.241526803713184,6.241526803713184,2.0805089345710615,0.6241526803713184,True,True,False,101559.09155184204,100100.1001001001,1458.9914517419384,1.014575324602902,-0.014575324602901965,IGNORE_LOWER_RELATIVE_COST,0.037394563696284334,3.7394563696284333
STAGE24_2017_TO_2018_BRIDGE62,Stage24-5A,STAGE24_2017_TO_2018,CICIDS2017_TO_IDS2018,bridge62,FLAG_CORRECTED_SOURCE_SEMANTICS,,STANDARD,0.5,0.00038550501156515033,0.0014975805419886966,0.0007609867461475046,0.02926829268292683,0.10484691299808009,0.0001,2.5743766680232833e-05,0.9998998886368047,0.2574185499587374,FINITE,1.0011137434509443,FINITE,0.038554356592174245,99.97144664350782,1497.5805419886967,998502.4194580113,1497.6190963452889,0.9999742562333198,49.919351399623224,49.920636544842964,6.2400795681053705,6.2400795681053705,2.08002652270179,0.624007956810537,True,True,False,11494.725206339479,10001.00010001,1493.7251063294789,1.1493575733818846,-0.1493575733818846,IGNORE_LOWER_RELATIVE_COST,0.037394563696284334,3.7394563696284333
STAGE24_2017_TO_2018_BRIDGE62,Stage24-5A,STAGE24_2017_TO_2018,CICIDS2017_TO_IDS2018,bridge62,FLAG_CORRECTED_SOURCE_SEMANTICS,,BALANCED,0.17000000178813934,0.0006103829349781547,0.0020055538414069734,0.0011994949494949494,0.034420289855072464,0.10484691299808009,0.1,0.03271012399558687,0.899874199870757,0.3043463218867999,FINITE,1.0013979746197978,FINITE,67.82032610868386,111043.29078500242,2005.5538414069733,997994.446158593,2073.374167515657,0.9672898760044132,66.85179471356578,69.1124722505219,8.639059031315238,8.639059031315238,2.8796863437717457,0.8639059031315238,True,True,False,11106334.63234165,11111111.11111111,-4776.478769460693,0.9995701169107485,0.0004298830892514624,MODEL_LOWER_RELATIVE_COST,0.031812047107715576,3.1812047107715578
STAGE24_2017_TO_2018_BRIDGE62,Stage24-5A,STAGE24_2017_TO_2018,CICIDS2017_TO_IDS2018,bridge62,FLAG_CORRECTED_SOURCE_SEMANTICS,,BALANCED,0.17000000178813934,0.0006103829349781547,0.0020055538414069734,0.0011994949494949494,0.034420289855072464,0.10484691299808009,0.03,0.00932499874690455,0.9699593206446251,0.3043463218867999,FINITE,1.0013979746197978,FINITE,18.877822731283135,30908.95722881511,2005.5538414069733,997994.446158593,2024.4316641382566,0.9906750012530954,66.85179471356578,67.48105547127521,8.435131933909402,8.435131933909402,2.8117106446364675,0.8435131933909402,True,True,False,3092901.276722918,3092783.5051546395,117.77156827831641,1.0000380794737433,-3.80794737433223e-05,IGNORE_LOWER_RELATIVE_COST,0.031812047107715576,3.1812047107715578
STAGE24_2017_TO_2018_BRIDGE62,Stage24-5A,STAGE24_2017_TO_2018,CICIDS2017_TO_IDS2018,bridge62,FLAG_CORRECTED_SOURCE_SEMANTICS,,BALANCED,0.17000000178813934,0.0006103829349781547,0.0020055538414069734,0.0011994949494949494,0.034420289855072464,0.10484691299808009,0.01,0.0030647834979980284,0.9899861602447403,0.3043463218867999,FINITE,1.0013979746197978,FINITE,6.165484191698532,10094.844616818402,2005.5538414069733,997994.446158593,2011.719325598672,0.9969352165020019,66.85179471356578,67.05731085328907,8.382163856661133,8.382163856661133,2.7940546188870443,0.8382163856661133,True,True,False,1011490.0155232472,1010101.0101010101,1389.0054222370964,1.0013751153680148,-0.0013751153680147254,IGNORE_LOWER_RELATIVE_COST,0.031812047107715576,3.1812047107715578
STAGE24_2017_TO_2018_BRIDGE62,Stage24-5A,STAGE24_2017_TO_2018,CICIDS2017_TO_IDS2018,bridge62,FLAG_CORRECTED_SOURCE_SEMANTICS,,BALANCED,0.17000000178813934,0.0006103829349781547,0.0020055538414069734,0.0011994949494949494,0.034420289855072464,0.10484691299808009,0.003,0.0009149484273767653,0.9969958186754483,0.3043463218867999,FINITE,1.0013979746197978,FINITE,1.836658781278299,3007.1904224624527,2005.5538414069733,997994.446158593,2007.3905001882517,0.9990850515726232,66.85179471356578,66.91301667294172,8.364127084117715,8.364127084117715,2.7880423613725718,0.8364127084117715,True,True,False,302724.5960876522,300902.7081243731,1821.8879632790922,1.006054740997964,-0.006054740997964183,IGNORE_LOWER_RELATIVE_COST,0.031812047107715576,3.1812047107715578
STAGE24_2017_TO_2018_BRIDGE62,Stage24-5A,STAGE24_2017_TO_2018,CICIDS2017_TO_IDS2018,bridge62,FLAG_CORRECTED_SOURCE_SEMANTICS,,BALANCED,0.17000000178813934,0.0006103829349781547,0.0020055538414069734,0.0011994949494949494,0.034420289855072464,0.10484691299808009,0.001,0.0003045581889111154,0.9989986034253072,0.3043463218867999,FINITE,1.0013979746197978,FINITE,0.6109939289070617,1000.3900070720939,2005.5538414069733,997994.446158593,2006.1648353358803,0.9996954418110889,66.85179471356578,66.87216117786268,8.359020147232835,8.359020147232835,2.7863400490776113,0.8359020147232834,True,True,False,102044.55454861636,100100.1001001001,1944.4544485162623,1.0194250999406775,-0.01942509994067746,IGNORE_LOWER_RELATIVE_COST,0.031812047107715576,3.1812047107715578
STAGE24_2017_TO_2018_BRIDGE62,Stage24-5A,STAGE24_2017_TO_2018,CICIDS2017_TO_IDS2018,bridge62,FLAG_CORRECTED_SOURCE_SEMANTICS,,BALANCED,0.17000000178813934,0.0006103829349781547,0.0020055538414069734,0.0011994949494949494,0.034420289855072464,0.10484691299808009,0.0001,3.0436749532356193e-05,0.9998998602165373,0.3043463218867999,FINITE,1.0013979746197978,FINITE,0.06104439793760923,99.9489566021624,2005.5538414069733,997994.446158593,2005.614885804911,0.9999695632504676,66.85179471356578,66.85382952683037,8.356728690853796,8.356728690853796,2.7855762302845983,0.8356728690853795,True,True,False,12000.449501623214,10001.00010001,1999.449401613214,1.1999249456673053,-0.1999249456673053,IGNORE_LOWER_RELATIVE_COST,0.031812047107715576,3.1812047107715578
STAGE24_2017_TO_2018_BRIDGE62,Stage24-5A,STAGE24_2017_TO_2018,CICIDS2017_TO_IDS2018,bridge62,FLAG_CORRECTED_SOURCE_SEMANTICS,,SECURITY,0.05000000074505806,0.0013492675404780262,0.0030290259706052783,0.002627052384675528,0.049586776859504134,0.10484691299808009,0.1,0.04715987068752882,0.8998483879716755,0.44544601253729343,FINITE,1.0016848619206418,FINITE,149.91861560866957,110961.19249550244,3029.0259706052784,996970.9740293947,3178.944586213948,0.9528401293124712,100.96753235350928,105.96481954046493,13.245602442558116,13.245602442558116,4.415200814186038,1.3245602442558115,True,True,True,11099148.27552085,11111111.11111111,-11962.835590260103,0.9989233447968766,0.0010766552031234093,MODEL_LOWER_RELATIVE_COST,0.021956499178222948,2.1956499178222946
STAGE24_2017_TO_2018_BRIDGE62,Stage24-5A,STAGE24_2017_TO_2018,CICIDS2017_TO_IDS2018,bridge62,FLAG_CORRECTED_SOURCE_SEMANTICS,,SECURITY,0.05000000074505806,0.0013492675404780262,0.0030290259706052783,0.002627052384675528,0.049586776859504134,0.10484691299808009,0.03,0.013589463104684202,0.9699509729962212,0.44544601253729343,FINITE,1.0016848619206418,FINITE,41.72992393231009,30886.105127614082,3029.0259706052784,996970.9740293947,3070.7558945375886,0.9864105368953158,100.96753235350928,102.35852981791962,12.794816227239952,12.794816227239952,4.264938742413317,1.2794816227239953,True,True,True,3091639.5387320137,3092783.5051546395,-1143.9664226258174,0.999630117523351,0.00036988247664901424,MODEL_LOWER_RELATIVE_COST,0.021956499178222948,2.1956499178222946
STAGE24_2017_TO_2018_BRIDGE62,Stage24-5A,STAGE24_2017_TO_2018,CICIDS2017_TO_IDS2018,bridge62,FLAG_CORRECTED_SOURCE_SEMANTICS,,SECURITY,0.05000000074505806,0.0013492675404780262,0.0030290259706052783,0.002627052384675528,0.049586776859504134,0.10484691299808009,0.01,0.004479300263595129,0.989983320148018,0.44544601253729343,FINITE,1.0016848619206418,FINITE,13.628965055333598,10087.381135954767,3029.0259706052784,996970.9740293947,3042.654935660612,0.9955206997364049,100.96753235350928,101.42183118868707,12.677728898585883,12.677728898585883,4.225909632861961,1.2677728898585883,True,True,True,1011767.139566082,1010101.0101010101,1666.12946507195,1.0016494681704213,-0.0016494681704212306,IGNORE_LOWER_RELATIVE_COST,0.021956499178222948,2.1956499178222946
STAGE24_2017_TO_2018_BRIDGE62,Stage24-5A,STAGE24_2017_TO_2018,CICIDS2017_TO_IDS2018,bridge62,FLAG_CORRECTED_SOURCE_SEMANTICS,,SECURITY,0.05000000074505806,0.0013492675404780262,0.0030290259706052783,0.002627052384675528,0.049586776859504134,0.10484691299808009,0.003,0.0013385649572153853,0.9969949606034674,0.44544601253729343,FINITE,1.0016848619206418,FINITE,4.059982569141503,3004.9670986745896,3029.0259706052784,996970.9740293947,3033.08595317442,0.9986614350427846,100.96753235350928,101.102865105814,12.63785813822675,12.63785813822675,4.212619379408917,1.263785813822675,True,True,True,303525.7358380642,300902.7081243731,2623.0277136911172,1.0087171954351668,-0.008717195435166813,IGNORE_LOWER_RELATIVE_COST,0.021956499178222948,2.1956499178222946
STAGE24_2017_TO_2018_BRIDGE62,Stage24-5A,STAGE24_2017_TO_2018,CICIDS2017_TO_IDS2018,bridge62,FLAG_CORRECTED_SOURCE_SEMANTICS,,SECURITY,0.05000000074505806,0.0013492675404780262,0.0030290259706052783,0.002627052384675528,0.049586776859504134,0.10484691299808009,0.001,0.0004456931734638227,0.9989983168257772,0.44544601253729343,FINITE,1.0016848619206418,FINITE,1.3506181586366628,999.6503828423644,3029.0259706052784,996970.9740293947,3030.376588763915,0.9995543068265361,100.96753235350928,101.01255295879717,12.626569119849647,12.626569119849647,4.208856373283216,1.2626569119849647,True,True,True,102994.06425484171,100100.1001001001,2893.9641547416104,1.0289107019058688,-0.02891070190586869,IGNORE_LOWER_RELATIVE_COST,0.021956499178222948,2.1956499178222946
STAGE24_2017_TO_2018_BRIDGE62,Stage24-5A,STAGE24_2017_TO_2018,CICIDS2017_TO_IDS2018,bridge62,FLAG_CORRECTED_SOURCE_SEMANTICS,,SECURITY,0.05000000074505806,0.0013492675404780262,0.0030290259706052783,0.002627052384675528,0.049586776859504134,0.10484691299808009,0.0001,4.454707162934953e-05,0.9998998315306848,0.44544601253729343,FINITE,1.0016848619206418,FINITE,0.13494024807260988,99.8750607520274,3029.0259706052784,996970.9740293947,3029.160910853351,0.9999554529283706,100.96753235350928,100.97203036177838,12.621503795222297,12.621503795222297,4.2071679317407655,1.2621503795222297,True,True,True,13016.532045808019,10001.00010001,3015.5319457980186,1.3015230392603439,-0.3015230392603439,IGNORE_LOWER_RELATIVE_COST,0.021956499178222948,2.1956499178222946
STAGE24_2017_TO_2018_BRIDGE70,Stage24-5B,STAGE24_2017_TO_2018,CICIDS2017_TO_IDS2018,bridge70,FLAG_CORRECTED_SOURCE_SEMANTICS,,STANDARD,0.5,0.00038550501156515033,0.0013395444043918995,0.000762001524003048,0.03260869565217391,0.10484691299808009,0.1,0.030985650123622206,0.8999140294952619,0.2877881541673525,FINITE,1.0009553190851617,FINITE,42.833890173905594,111068.2772209372,1339.5444043918994,998660.4555956081,1382.378294565805,0.9690143498763779,44.65148014639665,46.07927648552683,5.759909560690854,5.759909560690854,1.919969853563618,0.5759909560690853,True,True,False,11108167.266498111,11111111.11111111,-2943.844612998888,0.9997350539848301,0.00026494601516989996,MODEL_LOWER_RELATIVE_COST,0.033580919388687805,3.3580919388687804
STAGE24_2017_TO_2018_BRIDGE70,Stage24-5B,STAGE24_2017_TO_2018,CICIDS2017_TO_IDS2018,bridge70,FLAG_CORRECTED_SOURCE_SEMANTICS,,STANDARD,0.5,0.00038550501156515033,0.0013395444043918995,0.000762001524003048,0.03260869565217391,0.10484691299808009,0.03,0.008822141638435796,0.9699722010113289,0.2877881541673525,FINITE,1.0009553190851617,FINITE,11.922835409231455,30915.91221613716,1339.5444043918994,998660.4555956081,1351.467239801131,0.9911778583615641,44.65148014639665,45.04890799337103,5.631113499171379,5.631113499171379,1.8770378330571265,0.563111349917138,True,True,False,3092930.766018108,3092783.5051546395,147.26086346851662,1.0000476143458548,-4.761434585482037e-05,IGNORE_LOWER_RELATIVE_COST,0.033580919388687805,3.3580919388687804
STAGE24_2017_TO_2018_BRIDGE70,Stage24-5B,STAGE24_2017_TO_2018,CICIDS2017_TO_IDS2018,bridge70,FLAG_CORRECTED_SOURCE_SEMANTICS,,STANDARD,0.5,0.00038550501156515033,0.0013395444043918995,0.000762001524003048,0.03260869565217391,0.10484691299808009,0.01,0.0028985251813696817,0.9899905424314068,0.2877881541673525,FINITE,1.0009553190851617,FINITE,3.893990015809599,10097.116110994291,1339.5444043918994,998660.4555956081,1343.438394407709,0.9971014748186303,44.65148014639665,44.7812798135903,5.597659976698788,5.597659976698788,1.8658866588995957,0.5597659976698788,True,True,False,1011051.1555038211,1010101.0101010101,950.145402811002,1.000940643948783,-0.000940643948782892,IGNORE_LOWER_RELATIVE_COST,0.033580919388687805,3.3580919388687804
STAGE24_2017_TO_2018_BRIDGE70,Stage24-5B,STAGE24_2017_TO_2018,CICIDS2017_TO_IDS2018,bridge70,FLAG_CORRECTED_SOURCE_SEMANTICS,,STANDARD,0.5,0.00038550501156515033,0.0013395444043918995,0.000762001524003048,0.03260869565217391,0.10484691299808009,0.003,0.0008652131075752116,0.9969971426488053,0.2877881541673525,FINITE,1.0009553190851617,FINITE,1.159995019754715,3007.8670862239765,1339.5444043918994,998660.4555956081,1340.704399411654,0.9991347868924249,44.65148014639665,44.69014664705514,5.586268330881892,5.586268330881892,1.8620894436272974,0.5586268330881892,True,True,False,302126.2530267895,300902.7081243731,1223.5449024164118,1.0040662475590305,-0.004066247559030542,IGNORE_LOWER_RELATIVE_COST,0.033580919388687805,3.3580919388687804
STAGE24_2017_TO_2018_BRIDGE70,Stage24-5B,STAGE24_2017_TO_2018,CICIDS2017_TO_IDS2018,bridge70,FLAG_CORRECTED_SOURCE_SEMANTICS,,STANDARD,0.5,0.00038550501156515033,0.0013395444043918995,0.000762001524003048,0.03260869565217391,0.10484691299808009,0.001,0.00028799326638319063,0.9989990456371457,0.2877881541673525,FINITE,1.0009553190851617,FINITE,0.3858909024676179,1000.6151100985334,1339.5444043918994,998660.4555956081,1339.930295294367,0.9997120067336169,44.65148014639665,44.6643431764789,5.583042897059863,5.583042897059863,1.861014299019954,0.5583042897059862,True,True,False,101401.05541424523,100100.1001001001,1300.9553141451324,1.01299654358831,-0.012996543588309874,IGNORE_LOWER_RELATIVE_COST,0.033580919388687805,3.3580919388687804
STAGE24_2017_TO_2018_BRIDGE70,Stage24-5B,STAGE24_2017_TO_2018,CICIDS2017_TO_IDS2018,bridge70,FLAG_CORRECTED_SOURCE_SEMANTICS,,STANDARD,0.5,0.00038550501156515033,0.0013395444043918995,0.000762001524003048,0.03260869565217391,0.10484691299808009,0.0001,2.878086522404984e-05,0.9998999044776538,0.2877881541673525,FINITE,1.0009553190851617,FINITE,0.038554356592174245,99.97144664350782,1339.5444043918994,998660.4555956081,1339.5829587484916,0.9999712191347759,44.65148014639665,44.65276529161638,5.581595661452048,5.581595661452048,1.8605318871506829,0.5581595661452048,True,True,False,11336.689068742682,10001.00010001,1335.688968732682,1.1335555399835808,-0.13355553998358088,IGNORE_LOWER_RELATIVE_COST,0.033580919388687805,3.3580919388687804
STAGE24_2017_TO_2018_BRIDGE70,Stage24-5B,STAGE24_2017_TO_2018,CICIDS2017_TO_IDS2018,bridge70,FLAG_CORRECTED_SOURCE_SEMANTICS,,BALANCED,0.18000000715255737,0.0006103829349781547,0.001962282041826898,0.0011999305303377172,0.03515263644773358,0.10484691299808009,0.1,0.03340734298913733,0.8998781063694905,0.31105769811249157,FINITE,1.0013545571299796,FINITE,67.82032610868386,111043.29078500242,1962.282041826898,998037.7179581731,2030.102367935582,0.9665926570108626,65.40940139422993,67.67007893118607,8.458759866398259,8.458759866398259,2.8195866221327526,0.8458759866398258,True,True,False,11106291.36054207,11111111.11111111,-4819.750569039956,0.9995662224487865,0.0004337775512135961,MODEL_LOWER_RELATIVE_COST,0.031147049451828505,3.1147049451828503
STAGE24_2017_TO_2018_BRIDGE70,Stage24-5B,STAGE24_2017_TO_2018,CICIDS2017_TO_IDS2018,bridge70,FLAG_CORRECTED_SOURCE_SEMANTICS,,BALANCED,0.18000000715255737,0.0006103829349781547,0.001962282041826898,0.0011999305303377172,0.03515263644773358,0.10484691299808009,0.03,0.00952867210213401,0.9699605839892547,0.31105769811249157,FINITE,1.0013545571299796,FINITE,18.877822731283135,30908.95722881511,1962.282041826898,998037.7179581731,1981.1598645581812,0.990471327897866,65.40940139422993,66.03866215193938,8.254832768992422,8.254832768992422,2.751610922997474,0.8254832768992422,True,True,False,3092858.0049233376,3092783.5051546395,74.49976869812235,1.0000240882585458,-2.4088258545726224e-05,IGNORE_LOWER_RELATIVE_COST,0.031147049451828505,3.1147049451828503
STAGE24_2017_TO_2018_BRIDGE70,Stage24-5B,STAGE24_2017_TO_2018,CICIDS2017_TO_IDS2018,bridge70,FLAG_CORRECTED_SOURCE_SEMANTICS,,BALANCED,0.18000000715255737,0.0006103829349781547,0.001962282041826898,0.0011999305303377172,0.03515263644773358,0.10484691299808009,0.01,0.0031321557268884424,0.9899865900660584,0.31105769811249157,FINITE,1.0013545571299796,FINITE,6.165484191698532,10094.844616818402,1962.282041826898,998037.7179581731,1968.4475260185966,0.9968678442731115,65.40940139422993,65.61491753395322,8.201864691744152,8.201864691744152,2.7339548972480507,0.8201864691744153,True,True,False,1011446.7437236671,1010101.0101010101,1345.7336226570187,1.0013322762864305,-0.0013322762864304484,IGNORE_LOWER_RELATIVE_COST,0.031147049451828505,3.1147049451828503
STAGE24_2017_TO_2018_BRIDGE70,Stage24-5B,STAGE24_2017_TO_2018,CICIDS2017_TO_IDS2018,bridge70,FLAG_CORRECTED_SOURCE_SEMANTICS,,BALANCED,0.18000000715255737,0.0006103829349781547,0.001962282041826898,0.0011999305303377172,0.03515263644773358,0.10484691299808009,0.003,0.0009351057961566121,0.9969959485360881,0.31105769811249157,FINITE,1.0013545571299796,FINITE,1.836658781278299,3007.1904224624527,1962.282041826898,998037.7179581731,1964.1187006081764,0.9990648942038434,65.40940139422993,65.47062335360587,8.183827919200734,8.183827919200734,2.727942639733578,0.8183827919200735,True,True,False,302681.3242880722,300902.7081243731,1778.6161636990728,1.0059109343840267,-0.005910934384026585,IGNORE_LOWER_RELATIVE_COST,0.031147049451828505,3.1147049451828503
STAGE24_2017_TO_2018_BRIDGE70,Stage24-5B,STAGE24_2017_TO_2018,CICIDS2017_TO_IDS2018,bridge70,FLAG_CORRECTED_SOURCE_SEMANTICS,,BALANCED,0.18000000715255737,0.0006103829349781547,0.001962282041826898,0.0011999305303377172,0.03515263644773358,0.10484691299808009,0.001,0.00031127214666172614,0.9989986467992601,0.31105769811249157,FINITE,1.0013545571299796,FINITE,0.6109939289070617,1000.3900070720939,1962.282041826898,998037.7179581731,1962.893035755805,0.9996887278533383,65.40940139422993,65.42976785852683,8.178720982315854,8.178720982315854,2.7262403274386178,0.8178720982315854,True,True,False,102001.28274903628,100100.1001001001,1901.1826489361847,1.0189928146628724,-0.018992814662872486,IGNORE_LOWER_RELATIVE_COST,0.031147049451828505,3.1147049451828503
STAGE24_2017_TO_2018_BRIDGE70,Stage24-5B,STAGE24_2017_TO_2018,CICIDS2017_TO_IDS2018,bridge70,FLAG_CORRECTED_SOURCE_SEMANTICS,,BALANCED,0.18000000715255737,0.0006103829349781547,0.001962282041826898,0.0011999305303377172,0.03515263644773358,0.10484691299808009,0.0001,3.110791296696579e-05,0.999899864557851,0.31105769811249157,FINITE,1.0013545571299796,FINITE,0.06104439793760923,99.9489566021624,1962.282041826898,998037.7179581731,1962.3430862248356,0.999968892087033,65.40940139422993,65.41143620749452,8.176429525936815,8.176429525936815,2.725476508645605,0.8176429525936815,True,True,False,11957.177702043138,10001.00010001,1956.177602033138,1.1955981984272934,-0.1955981984272935,IGNORE_LOWER_RELATIVE_COST,0.031147049451828505,3.1147049451828503
STAGE24_2017_TO_2018_BRIDGE70,Stage24-5B,STAGE24_2017_TO_2018,CICIDS2017_TO_IDS2018,bridge70,FLAG_CORRECTED_SOURCE_SEMANTICS,,SECURITY,0.05000000074505806,0.0008191981495759444,0.002502238845282621,0.0016028411144459985,0.036929761042722664,0.10484691299808009,0.1,0.03509944485599657,0.8998481719806921,0.32738607312421375,FINITE,1.0016872626298012,FINITE,91.02201661954938,111020.08909449156,2502.2388452826212,997497.7611547173,2593.2608619021707,0.9649005551440034,83.4079615094207,86.44202873007235,10.805253591259044,10.805253591259044,3.6017511970863483,1.0805253591259045,True,True,True,11104511.14829444,11111111.11111111,-6599.962816670537,0.9994060033464996,0.0005939966535003484,MODEL_LOWER_RELATIVE_COST,0.029639634817760687,2.9639634817760685
STAGE24_2017_TO_2018_BRIDGE70,Stage24-5B,STAGE24_2017_TO_2018,CICIDS2017_TO_IDS2018,bridge70,FLAG_CORRECTED_SOURCE_SEMANTICS,,SECURITY,0.05000000074505806,0.0008191981495759444,0.002502238845282621,0.0016028411144459985,0.036929761042722664,0.10484691299808009,0.03,0.010023847578185441,0.9699509031426516,0.32738607312421375,FINITE,1.0016872626298012,FINITE,25.336025244616838,30902.499026301775,2502.2388452826212,997497.7611547173,2527.574870527238,0.9899761524218146,83.4079615094207,84.25249568424127,10.531561960530158,10.531561960530158,3.510520653510053,1.0531561960530158,True,True,True,3092752.14147546,3092783.5051546395,-31.363679179456085,0.9999898590770653,1.01409229346908e-05,MODEL_LOWER_RELATIVE_COST,0.029639634817760687,2.9639634817760685
STAGE24_2017_TO_2018_BRIDGE70,Stage24-5B,STAGE24_2017_TO_2018,CICIDS2017_TO_IDS2018,bridge70,FLAG_CORRECTED_SOURCE_SEMANTICS,,SECURITY,0.05000000074505806,0.0008191981495759444,0.002502238845282621,0.0016028411144459985,0.036929761042722664,0.10484691299808009,0.01,0.003296030290006768,0.9899832963817989,0.32738607312421375,FINITE,1.0016872626298012,FINITE,8.274728783595398,10092.735372226505,2502.2388452826212,997497.7611547173,2510.5135740662167,0.9967039697099932,83.4079615094207,83.68378580220723,10.460473225275903,10.460473225275903,3.486824408425301,1.0460473225275904,True,True,True,1011775.7760679331,1010101.0101010101,1674.765966922976,1.0016580183072537,-0.0016580183072537464,IGNORE_LOWER_RELATIVE_COST,0.029639634817760687,2.9639634817760685
STAGE24_2017_TO_2018_BRIDGE70,Stage24-5B,STAGE24_2017_TO_2018,CICIDS2017_TO_IDS2018,bridge70,FLAG_CORRECTED_SOURCE_SEMANTICS,,SECURITY,0.05000000074505806,0.0008191981495759444,0.002502238845282621,0.0016028411144459985,0.036929761042722664,0.10484691299808009,0.003,0.0009841440663879556,0.9969949534230189,0.32738607312421375,FINITE,1.0016872626298012,FINITE,2.4649894169787694,3006.5620918267523,2502.2388452826212,997497.7611547173,2504.7038346996,0.999015855933612,83.4079615094207,83.49012782332001,10.436265977915001,10.436265977915001,3.4787553259716666,1.0436265977915,True,True,True,303158.4480279579,300902.7081243731,2255.739903584763,1.0074965756129133,-0.0074965756129133625,IGNORE_LOWER_RELATIVE_COST,0.029639634817760687,2.9639634817760685
STAGE24_2017_TO_2018_BRIDGE70,Stage24-5B,STAGE24_2017_TO_2018,CICIDS2017_TO_IDS2018,bridge70,FLAG_CORRECTED_SOURCE_SEMANTICS,,SECURITY,0.05000000074505806,0.0008191981495759444,0.002502238845282621,0.0016028411144459985,0.036929761042722664,0.10484691299808009,0.001,0.00032760642576871985,0.9989983144274768,0.32738607312421375,FINITE,1.0016872626298012,FINITE,0.8200181677436881,1000.1809828332573,2502.2388452826212,997497.7611547173,2503.058863450365,0.9996723935742312,83.4079615094207,83.4352954483455,10.429411931043187,10.429411931043187,3.4764706436810626,1.0429411931043189,True,True,True,102520.33712860836,100100.1001001001,2420.237028508258,1.0241781679147974,-0.0241781679147975,IGNORE_LOWER_RELATIVE_COST,0.029639634817760687,2.9639634817760685
STAGE24_2017_TO_2018_BRIDGE70,Stage24-5B,STAGE24_2017_TO_2018,CICIDS2017_TO_IDS2018,bridge70,FLAG_CORRECTED_SOURCE_SEMANTICS,,SECURITY,0.05000000074505806,0.0008191981495759444,0.002502238845282621,0.0016028411144459985,0.036929761042722664,0.10484691299808009,0.0001,3.274080950486639e-05,0.9998998312906381,0.32738607312421375,FINITE,1.0016872626298012,FINITE,0.08192800775837028,99.92807299234163,2502.2388452826212,997497.7611547173,2502.3207732903797,0.9999672591904951,83.4079615094207,83.41069244301266,10.426336555376583,10.426336555376583,3.475445518458861,1.0426336555376583,True,True,True,12495.046144516784,10001.00010001,2494.046044506784,1.2493796639902333,-0.24937966399023334,IGNORE_LOWER_RELATIVE_COST,0.029639634817760687,2.9639634817760685
