worker_execution_index,pair_block_execution_index,batch_size,pair_rep,variant,iteration_index,elapsed_ns,elapsed_seconds,flows,flows_per_second
1,1,256,5,V2_ORIGINAL,1,12406690,0.01240669,256,20634.028898924695
1,1,256,5,V2_ORIGINAL,2,11407830,0.01140783,256,22440.72711462215
1,1,256,5,V2_ORIGINAL,3,12472971,0.012472971,256,20524.380277962646
1,1,256,5,V2_ORIGINAL,4,11449739,0.011449739,256,22358.588261269535
1,1,256,5,V2_ORIGINAL,5,12476379,0.012476379,256,20518.7739166949
1,1,256,5,V2_ORIGINAL,6,11311100,0.0113111,256,22632.63519905226
1,1,256,5,V2_ORIGINAL,7,12721820,0.01272182,256,20122.906942560105
1,1,256,5,V2_ORIGINAL,8,11507670,0.01150767,256,22246.03242880618
1,1,256,5,V2_ORIGINAL,9,12639810,0.01263981,256,20253.468999929588
1,1,256,5,V2_ORIGINAL,10,11413220,0.01141322,256,22430.129271143465
1,1,256,5,V2_ORIGINAL,11,12772970,0.01277297,256,20042.323750858257
1,1,256,5,V2_ORIGINAL,12,11667050,0.01166705,256,21942.136186953856
1,1,256,5,V2_ORIGINAL,13,13129950,0.01312995,256,19497.408596376987
1,1,256,5,V2_ORIGINAL,14,11551850,0.01155185,256,22160.952574695828
1,1,256,5,V2_ORIGINAL,15,13628000,0.013628,256,18784.854710889347
1,1,256,5,V2_ORIGINAL,16,11826000,0.011826,256,21647.217994249957
1,1,256,5,V2_ORIGINAL,17,12896550,0.01289655,256,19850.27003345856
1,1,256,5,V2_ORIGINAL,18,11540660,0.01154066,256,22182.440172399154
1,1,256,5,V2_ORIGINAL,19,13408760,0.01340876,256,19091.996575373112
1,1,256,5,V2_ORIGINAL,20,12233160,0.01223316,256,20926.727027194935
1,1,256,5,V2_ORIGINAL,21,13466280,0.01346628,256,19010.44683461208
1,1,256,5,V2_ORIGINAL,22,12711110,0.01271111,256,20139.86190033758
1,1,256,5,V2_ORIGINAL,23,13074490,0.01307449,256,19580.11364114394
1,1,256,5,V2_ORIGINAL,24,11576130,0.01157613,256,22114.471762151945
1,1,256,5,V2_ORIGINAL,25,12819150,0.01281915,256,19970.122824056198
1,1,256,5,V2_ORIGINAL,26,12187450,0.01218745,256,21005.214380366688
1,1,256,5,V2_ORIGINAL,27,13321490,0.01332149,256,19217.06956203848
1,1,256,5,V2_ORIGINAL,28,11910320,0.01191032,256,21493.964897668575
1,1,256,5,V2_ORIGINAL,29,13106870,0.01310687,256,19531.741750700206
1,1,256,5,V2_ORIGINAL,30,12355780,0.01235578,256,20719.04808923435
1,1,256,5,V2_ORIGINAL,31,14495920,0.01449592,256,17660.14161226055
1,1,256,5,V2_ORIGINAL,32,12045920,0.01204592,256,21252.008978973794
1,1,256,5,V2_ORIGINAL,33,13347530,0.01334753,256,19179.57854374555
1,1,256,5,V2_ORIGINAL,34,12040260,0.01204026,256,21261.999325595956
1,1,256,5,V2_ORIGINAL,35,13205859,0.013205859,256,19385.334948676948
1,1,256,5,V2_ORIGINAL,36,11966451,0.011966451,256,21393.1432134724
1,1,256,5,V2_ORIGINAL,37,13444290,0.01344429,256,19041.54105571957
1,1,256,5,V2_ORIGINAL,38,12378331,0.012378331,256,20681.30186533225
1,1,256,5,V2_ORIGINAL,39,13184240,0.01318424,256,19417.122261123888
1,1,256,5,V2_ORIGINAL,40,12119821,0.012119821,256,21122.42416781568
1,1,256,5,V2_ORIGINAL,41,13145491,0.013145491,256,19474.35816585322
1,1,256,5,V2_ORIGINAL,42,11712300,0.0117123,256,21857.363626273233
1,1,256,5,V2_ORIGINAL,43,13055650,0.01305565,256,19608.368790523644
1,1,256,5,V2_ORIGINAL,44,11662350,0.01166235,256,21950.979005089026
1,1,256,5,V2_ORIGINAL,45,13539220,0.01353922,256,18908.03162959166
1,1,256,5,V2_ORIGINAL,46,11739710,0.01173971,256,21806.330820778367
1,1,256,5,V2_ORIGINAL,47,13419070,0.01341907,256,19077.328011553705
1,1,256,5,V2_ORIGINAL,48,11780950,0.01178095,256,21729.996307598285
1,1,256,5,V2_ORIGINAL,49,13265800,0.0132658,256,19297.743068642674
1,1,256,5,V2_ORIGINAL,50,11887530,0.01188753,256,21535.171730376285
1,1,256,5,V2_ORIGINAL,51,12900130,0.01290013,256,19844.76125434395
1,1,256,5,V2_ORIGINAL,52,11943310,0.01194331,256,21434.593927479065
1,1,256,5,V2_ORIGINAL,53,12733540,0.01273354,256,20104.38574033615
1,1,256,5,V2_ORIGINAL,54,11865220,0.01186522,256,21575.66399948758
1,1,256,5,V2_ORIGINAL,55,13494490,0.01349449,256,18970.705821413037
1,1,256,5,V2_ORIGINAL,56,12597620,0.01259762,256,20321.298785008596
1,1,256,5,V2_ORIGINAL,57,13116650,0.01311665,256,19517.17854787617
1,1,256,5,V2_ORIGINAL,58,11577700,0.0115777,256,22111.472917764324
1,1,256,5,V2_ORIGINAL,59,12858940,0.01285894,256,19908.328369212395
1,1,256,5,V2_ORIGINAL,60,11694260,0.01169426,256,21891.081607557895
1,1,256,5,V2_ORIGINAL,61,12904850,0.01290485,256,19837.502954315623
1,1,256,5,V2_ORIGINAL,62,12197800,0.0121978,256,20987.39116889931
1,1,256,5,V2_ORIGINAL,63,13129560,0.01312956,256,19497.987746733324
1,1,256,5,V2_ORIGINAL,64,11635020,0.01163502,256,22002.540605860584
1,1,256,5,V2_ORIGINAL,65,13418360,0.01341836,256,19078.337442131527
1,1,256,5,V2_ORIGINAL,66,12414909,0.012414909,256,20620.368622919428
1,1,256,5,V2_ORIGINAL,67,12941790,0.01294179,256,19780.880388261594
1,1,256,5,V2_ORIGINAL,68,11580050,0.01158005,256,22106.985721132467
1,1,256,5,V2_ORIGINAL,69,12849190,0.01284919,256,19923.43486243102
1,1,256,5,V2_ORIGINAL,70,11466519,0.011466519,256,22325.86890581178
1,1,256,5,V2_ORIGINAL,71,12788441,0.012788441,256,20018.07726211506
1,1,256,5,V2_ORIGINAL,72,11750450,0.01175045,256,21786.399669799877
1,1,256,5,V2_ORIGINAL,73,14419430,0.01441943,256,17753.822446518345
1,1,256,5,V2_ORIGINAL,74,11657320,0.01165732,256,21960.45060099577
1,1,256,5,V2_ORIGINAL,75,13106620,0.01310662,256,19532.114305595187
1,1,256,5,V2_ORIGINAL,76,11533080,0.01153308,256,22197.019356494537
1,1,256,5,V2_ORIGINAL,77,12548170,0.01254817,256,20401.38123726408
1,1,256,5,V2_ORIGINAL,78,11234210,0.01123421,256,22787.5391327027
1,1,256,5,V2_ORIGINAL,79,12529630,0.01252963,256,20431.56900882149
1,1,256,5,V2_ORIGINAL,80,11275260,0.01127526,256,22704.576213763583
1,1,256,5,V2_ORIGINAL,81,12548820,0.01254882,256,20400.32449266146
1,1,256,5,V2_ORIGINAL,82,11522290,0.01152229,256,22217.805661895338
1,1,256,5,V2_ORIGINAL,83,12603520,0.01260352,256,20311.785913776468
1,1,256,5,V2_ORIGINAL,84,11351870,0.01135187,256,22551.35057043465
1,1,256,5,V2_ORIGINAL,85,12386350,0.01238635,256,20667.912661922197
1,1,256,5,V2_ORIGINAL,86,11518700,0.0115187,256,22224.730221292335
1,1,256,5,V2_ORIGINAL,87,12786720,0.01278672,256,20020.771550483627
1,1,256,5,V2_ORIGINAL,88,11629660,0.01162966,256,22012.681368156937
1,1,256,5,V2_ORIGINAL,89,12732400,0.0127324,256,20106.1857937231
1,1,256,5,V2_ORIGINAL,90,11348700,0.0113487,256,22557.649774864083
1,1,256,5,V2_ORIGINAL,91,12502040,0.01250204,256,20476.658209380228
1,1,256,5,V2_ORIGINAL,92,11548990,0.01154899,256,22166.4405285657
1,1,256,5,V2_ORIGINAL,93,12727230,0.01272723,256,20114.353241043023
1,1,256,5,V2_ORIGINAL,94,11451570,0.01145157,256,22355.01333004994
1,1,256,5,V2_ORIGINAL,95,12619610,0.01261961,256,20285.888391162644
1,1,256,5,V2_ORIGINAL,96,11369621,0.011369621,256,22516.141918890702
1,1,256,5,V2_ORIGINAL,97,14158650,0.01415865,256,18080.819852175173
1,1,256,5,V2_ORIGINAL,98,12102641,0.012102641,256,21152.407974424754
1,1,256,5,V2_ORIGINAL,99,13592870,0.01359287,256,18833.40310030185
1,1,256,5,V2_ORIGINAL,100,11966700,0.0119667,256,21392.698070478913
2,1,256,5,V3_CLEAN,1,12915290,0.01291529,256,19821.467423495717
2,1,256,5,V3_CLEAN,2,12019900,0.0120199,256,21298.01412657343
2,1,256,5,V3_CLEAN,3,14002320,0.01400232,256,18282.68458369756
2,1,256,5,V3_CLEAN,4,11955230,0.01195523,256,21413.222497601466
2,1,256,5,V3_CLEAN,5,14132890,0.01413289,256,18113.775738720105
2,1,256,5,V3_CLEAN,6,12165330,0.01216533,256,21043.407782608447
2,1,256,5,V3_CLEAN,7,14090010,0.01409001,256,18168.901228600975
2,1,256,5,V3_CLEAN,8,12037420,0.01203742,256,21267.015689408527
2,1,256,5,V3_CLEAN,9,13943790,0.01394379,256,18359.427386671774
2,1,256,5,V3_CLEAN,10,11838540,0.01183854,256,21624.288130124154
2,1,256,5,V3_CLEAN,11,14322140,0.01432214,256,17874.423794209524
2,1,256,5,V3_CLEAN,12,12085800,0.0120858,256,21181.88287080706
2,1,256,5,V3_CLEAN,13,14547390,0.01454739,256,17597.65841157761
2,1,256,5,V3_CLEAN,14,11874410,0.01187441,256,21558.965877041468
2,1,256,5,V3_CLEAN,15,14142410,0.01414241,256,18101.58240356488
2,1,256,5,V3_CLEAN,16,11973110,0.01197311,256,21381.245140151557
2,1,256,5,V3_CLEAN,17,14021570,0.01402157,256,18257.58456435335
2,1,256,5,V3_CLEAN,18,11856890,0.01185689,256,21590.82187656291
2,1,256,5,V3_CLEAN,19,14108180,0.01410818,256,18145.501404149934
2,1,256,5,V3_CLEAN,20,11837101,0.011837101,256,21626.916928393195
2,1,256,5,V3_CLEAN,21,14201111,0.014201111,256,18026.758610646728
2,1,256,5,V3_CLEAN,22,11876489,0.011876489,256,21555.19194266925
2,1,256,5,V3_CLEAN,23,15648460,0.01564846,256,16359.437286480586
2,1,256,5,V3_CLEAN,24,11960749,0.011960749,256,21403.34188101431
2,1,256,5,V3_CLEAN,25,13896060,0.01389606,256,18422.48810094372
2,1,256,5,V3_CLEAN,26,12582680,0.01258268,256,20345.427206286735
2,1,256,5,V3_CLEAN,27,15161859,0.015161859,256,16884.4730715409
2,1,256,5,V3_CLEAN,28,12247590,0.01224759,256,20902.071346281187
2,1,256,5,V3_CLEAN,29,14413250,0.01441325,256,17761.4347909042
2,1,256,5,V3_CLEAN,30,12025431,0.012025431,256,21288.21827675033
2,1,256,5,V3_CLEAN,31,14370630,0.01437063,256,17814.111141961068
2,1,256,5,V3_CLEAN,32,11930740,0.01193074,256,21457.177006623227
2,1,256,5,V3_CLEAN,33,14175050,0.01417505,256,18059.901023276812
2,1,256,5,V3_CLEAN,34,12069350,0.01206935,256,21210.752857444684
2,1,256,5,V3_CLEAN,35,14219850,0.01421985,256,18003.002844615097
2,1,256,5,V3_CLEAN,36,12497080,0.01249708,256,20484.785245833427
2,1,256,5,V3_CLEAN,37,14742940,0.01474294,256,17364.243495530744
2,1,256,5,V3_CLEAN,38,12132920,0.01213292,256,21099.61987716065
2,1,256,5,V3_CLEAN,39,14261390,0.01426139,256,17950.564426048233
2,1,256,5,V3_CLEAN,40,12724320,0.01272432,256,20118.95331145397
2,1,256,5,V3_CLEAN,41,14430160,0.01443016,256,17740.621032615025
2,1,256,5,V3_CLEAN,42,12055730,0.01205573,256,21234.71577415884
2,1,256,5,V3_CLEAN,43,14184470,0.01418447,256,18047.907323995893
2,1,256,5,V3_CLEAN,44,11933000,0.011933,256,21453.113215452948
2,1,256,5,V3_CLEAN,45,14294170,0.01429417,256,17909.399426479467
2,1,256,5,V3_CLEAN,46,12012220,0.01201222,256,21311.630989109424
2,1,256,5,V3_CLEAN,47,14324100,0.0143241,256,17871.977995127094
2,1,256,5,V3_CLEAN,48,11829310,0.01182931,256,21641.16081157734
2,1,256,5,V3_CLEAN,49,14385310,0.01438531,256,17795.932100177193
2,1,256,5,V3_CLEAN,50,12208290,0.01220829,256,20969.357706935207
2,1,256,5,V3_CLEAN,51,14252370,0.01425237,256,17961.924928976725
2,1,256,5,V3_CLEAN,52,12084830,0.01208483,256,21183.58305412654
2,1,256,5,V3_CLEAN,53,14118920,0.01411892,256,18131.69845852232
2,1,256,5,V3_CLEAN,54,11940260,0.01194026,256,21440.06914422299
2,1,256,5,V3_CLEAN,55,14035870,0.01403587,256,18238.983404662482
2,1,256,5,V3_CLEAN,56,11836740,0.01183674,256,21627.576511776046
2,1,256,5,V3_CLEAN,57,14265590,0.01426559,256,17945.279515253136
2,1,256,5,V3_CLEAN,58,12097980,0.01209798,256,21160.5573823068
2,1,256,5,V3_CLEAN,59,14185120,0.01418512,256,18047.080320786852
2,1,256,5,V3_CLEAN,60,12531380,0.01253138,256,20428.71575197624
2,1,256,5,V3_CLEAN,61,14216070,0.01421607,256,18007.789775936668
2,1,256,5,V3_CLEAN,62,12304830,0.01230483,256,20804.83842523627
2,1,256,5,V3_CLEAN,63,14081409,0.014081409,256,18179.998890736006
2,1,256,5,V3_CLEAN,64,12059920,0.01205992,256,21227.338158130402
2,1,256,5,V3_CLEAN,65,14178190,0.01417819,256,18055.90135271145
2,1,256,5,V3_CLEAN,66,13496310,0.01349631,256,18968.14758997089
2,1,256,5,V3_CLEAN,67,14189710,0.01418971,256,18041.242562392043
2,1,256,5,V3_CLEAN,68,12337440,0.01233744,256,20749.847618306554
2,1,256,5,V3_CLEAN,69,14042510,0.01404251,256,18230.35910246815
2,1,256,5,V3_CLEAN,70,14164251,0.014164251,256,18073.670114995846
2,1,256,5,V3_CLEAN,71,14347861,0.014347861,256,17842.380825964232
2,1,256,5,V3_CLEAN,72,12128450,0.01212845,256,21107.396246016597
2,1,256,5,V3_CLEAN,73,14277600,0.0142776,256,17930.184344707795
2,1,256,5,V3_CLEAN,74,11868369,0.011868369,256,21569.93939099804
2,1,256,5,V3_CLEAN,75,14413761,0.014413761,256,17760.805108396067
2,1,256,5,V3_CLEAN,76,11950420,0.01195042,256,21421.84124072627
2,1,256,5,V3_CLEAN,77,14235510,0.01423551,256,17983.198353975375
2,1,256,5,V3_CLEAN,78,11893059,0.011893059,256,21525.16017956356
2,1,256,5,V3_CLEAN,79,14038271,0.014038271,256,18235.863946493126
2,1,256,5,V3_CLEAN,80,11976470,0.01197647,256,21375.246629432546
2,1,256,5,V3_CLEAN,81,14021780,0.01402178,256,18257.311125976874
2,1,256,5,V3_CLEAN,82,12201750,0.01220175,256,20980.597045505765
2,1,256,5,V3_CLEAN,83,14137100,0.0141371,256,18108.381492668228
2,1,256,5,V3_CLEAN,84,11835870,0.01183587,256,21629.16625478313
2,1,256,5,V3_CLEAN,85,14168520,0.01416852,256,18068.224486396604
2,1,256,5,V3_CLEAN,86,11743400,0.0117434,256,21799.478856208596
2,1,256,5,V3_CLEAN,87,14669500,0.0146695,256,17451.174204983126
2,1,256,5,V3_CLEAN,88,12325290,0.01232529,256,20770.302362053957
2,1,256,5,V3_CLEAN,89,14208150,0.01420815,256,18017.827796018482
2,1,256,5,V3_CLEAN,90,11854800,0.0118548,256,21594.62833620137
2,1,256,5,V3_CLEAN,91,14042780,0.01404278,256,18230.00858804311
2,1,256,5,V3_CLEAN,92,11889630,0.01188963,256,21531.368091353557
2,1,256,5,V3_CLEAN,93,14731000,0.014731,256,17378.317833140994
2,1,256,5,V3_CLEAN,94,12509800,0.0125098,256,20463.9562582935
2,1,256,5,V3_CLEAN,95,14334380,0.01433438,256,17859.160982198042
2,1,256,5,V3_CLEAN,96,11912770,0.01191277,256,21489.544413264088
2,1,256,5,V3_CLEAN,97,14564040,0.01456404,256,17577.540297884378
2,1,256,5,V3_CLEAN,98,12110850,0.01211085,256,21138.070407939987
2,1,256,5,V3_CLEAN,99,14300310,0.01430031,256,17901.709823073765
2,1,256,5,V3_CLEAN,100,12168140,0.01216814,256,21038.548208682678
3,2,1024,5,V3_CLEAN,1,58465840,0.05846584,1024,17514.50077515349
3,2,1024,5,V3_CLEAN,2,54323820,0.05432382,1024,18849.92623861871
3,2,1024,5,V3_CLEAN,3,62404250,0.06240425,1024,16409.138800642584
3,2,1024,5,V3_CLEAN,4,54143540,0.05414354,1024,18912.690230450393
3,2,1024,5,V3_CLEAN,5,80956550,0.08095655,1024,12648.760353547674
3,2,1024,5,V3_CLEAN,6,62678240,0.06267824,1024,16337.408325441174
3,2,1024,5,V3_CLEAN,7,77887920,0.07788792,1024,13147.096494552685
3,2,1024,5,V3_CLEAN,8,56172210,0.05617221,1024,18229.654841780302
3,2,1024,5,V3_CLEAN,9,67206951,0.067206951,1024,15236.519210639388
3,2,1024,5,V3_CLEAN,10,58293940,0.05829394,1024,17566.14838523524
3,2,1024,5,V3_CLEAN,11,65106180,0.06510618,1024,15728.153609995241
3,2,1024,5,V3_CLEAN,12,55660760,0.05566076,1024,18397.161662902196
3,2,1024,5,V3_CLEAN,13,64494800,0.0644948,1024,15877.249018525523
3,2,1024,5,V3_CLEAN,14,55171900,0.0551719,1024,18560.172841609587
3,2,1024,5,V3_CLEAN,15,63463080,0.06346308,1024,16135.365633057832
3,2,1024,5,V3_CLEAN,16,55706880,0.05570688,1024,18381.9305622573
3,2,1024,5,V3_CLEAN,17,64030120,0.06403012,1024,15992.473542139232
3,2,1024,5,V3_CLEAN,18,54312991,0.054312991,1024,18853.684563238287
3,2,1024,5,V3_CLEAN,19,63383861,0.063383861,1024,16155.532084105764
3,2,1024,5,V3_CLEAN,20,55280251,0.055280251,1024,18523.7943293709
3,2,1024,5,V3_CLEAN,21,66735000,0.066735,1024,15344.272121075897
3,2,1024,5,V3_CLEAN,22,57948540,0.05794854,1024,17670.850723762844
3,2,1024,5,V3_CLEAN,23,63973760,0.06397376,1024,16006.562690703187
3,2,1024,5,V3_CLEAN,24,56140500,0.0561405,1024,18239.951550128695
3,2,1024,5,V3_CLEAN,25,64166620,0.06416662,1024,15958.453164589317
3,2,1024,5,V3_CLEAN,26,57141200,0.0571412,1024,17920.519695071154
3,2,1024,5,V3_CLEAN,27,63771670,0.06377167,1024,16057.2868798951
3,2,1024,5,V3_CLEAN,28,54851540,0.05485154,1024,18668.573389188343
3,2,1024,5,V3_CLEAN,29,63462740,0.06346274,1024,16135.4520778649
3,2,1024,5,V3_CLEAN,30,54874571,0.054874571,1024,18660.738140440317
3,2,1024,5,V3_CLEAN,31,64346691,0.064346691,1024,15913.794230693231
3,2,1024,5,V3_CLEAN,32,55197290,0.05519729,1024,18551.635415434343
3,2,1024,5,V3_CLEAN,33,63546590,0.06354659,1024,16114.161279149675
3,2,1024,5,V3_CLEAN,34,55235480,0.05523548,1024,18538.808751186734
3,2,1024,5,V3_CLEAN,35,63470960,0.06347096,1024,16133.362406996835
3,2,1024,5,V3_CLEAN,36,55277370,0.05527737,1024,18524.759770589666
3,2,1024,5,V3_CLEAN,37,63688470,0.06368847,1024,16078.263459618358
3,2,1024,5,V3_CLEAN,38,54449410,0.05444941,1024,18806.448040483818
3,2,1024,5,V3_CLEAN,39,63267080,0.06326708,1024,16185.352635209338
3,2,1024,5,V3_CLEAN,40,54468030,0.05446803,1024,18800.019020331743
3,2,1024,5,V3_CLEAN,41,64607770,0.06460777,1024,15849.486834168709
3,2,1024,5,V3_CLEAN,42,55285570,0.05528557,1024,18522.01216339092
3,2,1024,5,V3_CLEAN,43,64813730,0.06481373,1024,15799.12157501196
3,2,1024,5,V3_CLEAN,44,55032230,0.05503223,1024,18607.27795330118
3,2,1024,5,V3_CLEAN,45,63294800,0.0632948,1024,16178.264249195827
3,2,1024,5,V3_CLEAN,46,54513580,0.05451358,1024,18784.310258104495
3,2,1024,5,V3_CLEAN,47,63493960,0.06349396,1024,16127.518271029245
3,2,1024,5,V3_CLEAN,48,54941890,0.05494189,1024,18637.873578793886
3,2,1024,5,V3_CLEAN,49,63903471,0.063903471,1024,16024.168702823668
3,2,1024,5,V3_CLEAN,50,54828600,0.0548286,1024,18676.38422283261
4,2,1024,5,V2_ORIGINAL,1,58327530,0.05832753,1024,17556.032288697977
4,2,1024,5,V2_ORIGINAL,2,55478399,0.055478399,1024,18457.63429474596
4,2,1024,5,V2_ORIGINAL,3,58409190,0.05840919,1024,17531.48776759274
4,2,1024,5,V2_ORIGINAL,4,54459790,0.05445979,1024,18802.8635439101
4,2,1024,5,V2_ORIGINAL,5,61719770,0.06171977,1024,16591.118210583092
4,2,1024,5,V2_ORIGINAL,6,55037960,0.05503796,1024,18605.340750274903
4,2,1024,5,V2_ORIGINAL,7,59219200,0.0592192,1024,17291.689181886955
4,2,1024,5,V2_ORIGINAL,8,54674680,0.05467468,1024,18728.961925337284
4,2,1024,5,V2_ORIGINAL,9,59508551,0.059508551,1024,17207.611054081957
4,2,1024,5,V2_ORIGINAL,10,54864780,0.05486478,1024,18664.068278411032
4,2,1024,5,V2_ORIGINAL,11,58005130,0.05800513,1024,17653.610982338974
4,2,1024,5,V2_ORIGINAL,12,53838990,0.05383899,1024,19019.673288819125
4,2,1024,5,V2_ORIGINAL,13,58924210,0.05892421,1024,17378.255898551717
4,2,1024,5,V2_ORIGINAL,14,54382300,0.0543823,1024,18829.655972623445
4,2,1024,5,V2_ORIGINAL,15,58521861,0.058521861,1024,17497.734735400845
4,2,1024,5,V2_ORIGINAL,16,54745751,0.054745751,1024,18704.64796436896
4,2,1024,5,V2_ORIGINAL,17,58177830,0.05817783,1024,17601.206507702333
4,2,1024,5,V2_ORIGINAL,18,54464420,0.05446442,1024,18801.265119503707
4,2,1024,5,V2_ORIGINAL,19,60117690,0.06011769,1024,17033.25593514987
4,2,1024,5,V2_ORIGINAL,20,54071280,0.05407128,1024,18937.964849361804
4,2,1024,5,V2_ORIGINAL,21,58421600,0.0584216,1024,17527.763703835568
4,2,1024,5,V2_ORIGINAL,22,54598320,0.05459832,1024,18755.155836296795
4,2,1024,5,V2_ORIGINAL,23,58695141,0.058695141,1024,17446.077861879574
4,2,1024,5,V2_ORIGINAL,24,54375760,0.05437576,1024,18831.920694073975
4,2,1024,5,V2_ORIGINAL,25,59310850,0.05931085,1024,17264.969225698165
4,2,1024,5,V2_ORIGINAL,26,54081580,0.05408158,1024,18934.35805684671
4,2,1024,5,V2_ORIGINAL,27,57854770,0.05785477,1024,17699.491329755525
4,2,1024,5,V2_ORIGINAL,28,54515610,0.05451561,1024,18783.61078597488
4,2,1024,5,V2_ORIGINAL,29,58344720,0.05834472,1024,17550.859786455396
4,2,1024,5,V2_ORIGINAL,30,54847961,0.054847961,1024,18669.79157165022
4,2,1024,5,V2_ORIGINAL,31,59165401,0.059165401,1024,17307.4124858885
4,2,1024,5,V2_ORIGINAL,32,54215430,0.05421543,1024,18887.61188466088
4,2,1024,5,V2_ORIGINAL,33,58453190,0.05845319,1024,17518.29113175859
4,2,1024,5,V2_ORIGINAL,34,54964810,0.05496481,1024,18630.101695976024
4,2,1024,5,V2_ORIGINAL,35,58732760,0.05873276,1024,17434.903450816884
4,2,1024,5,V2_ORIGINAL,36,54894840,0.05489484,1024,18653.847975510995
4,2,1024,5,V2_ORIGINAL,37,58315970,0.05831597,1024,17559.51242858517
4,2,1024,5,V2_ORIGINAL,38,54102051,0.054102051,1024,18927.193721361877
4,2,1024,5,V2_ORIGINAL,39,59010080,0.05901008,1024,17352.967493011365
4,2,1024,5,V2_ORIGINAL,40,54714780,0.05471478,1024,18715.235627375274
4,2,1024,5,V2_ORIGINAL,41,60173340,0.06017334,1024,17017.50310021016
4,2,1024,5,V2_ORIGINAL,42,55875170,0.05587517,1024,18326.566165257304
4,2,1024,5,V2_ORIGINAL,43,59252690,0.05925269,1024,17281.915808379334
4,2,1024,5,V2_ORIGINAL,44,54136190,0.05413619,1024,18915.257981767834
4,2,1024,5,V2_ORIGINAL,45,60074899,0.060074899,1024,17045.38862395757
4,2,1024,5,V2_ORIGINAL,46,55300021,0.055300021,1024,18517.17199167067
4,2,1024,5,V2_ORIGINAL,47,59372530,0.05937253,1024,17247.03326605755
4,2,1024,5,V2_ORIGINAL,48,56290840,0.05629084,1024,18191.236798029662
4,2,1024,5,V2_ORIGINAL,49,57718170,0.05771817,1024,17741.380227404992
4,2,1024,5,V2_ORIGINAL,50,53593230,0.05359323,1024,19106.890926335287
5,3,1024,2,V3_CLEAN,1,59390180,0.05939018,1024,17241.90766891092
5,3,1024,2,V3_CLEAN,2,55631090,0.05563109,1024,18406.973510675416
5,3,1024,2,V3_CLEAN,3,63695590,0.06369559,1024,16076.4662043322
5,3,1024,2,V3_CLEAN,4,55452110,0.05545211,1024,18466.38477778393
5,3,1024,2,V3_CLEAN,5,65639460,0.06563946,1024,15600.372093250005
5,3,1024,2,V3_CLEAN,6,54502110,0.05450211,1024,18788.26342686549
5,3,1024,2,V3_CLEAN,7,63882420,0.06388242,1024,16029.449103524883
5,3,1024,2,V3_CLEAN,8,54665261,0.054665261,1024,18732.188985615565
5,3,1024,2,V3_CLEAN,9,64514250,0.06451425,1024,15872.462285464066
5,3,1024,2,V3_CLEAN,10,54092410,0.05409241,1024,18930.567153506378
5,3,1024,2,V3_CLEAN,11,63353250,0.06335325,1024,16163.338108147569
5,3,1024,2,V3_CLEAN,12,55420470,0.05542047,1024,18476.927388021068
5,3,1024,2,V3_CLEAN,13,63874440,0.06387444,1024,16031.451704312396
5,3,1024,2,V3_CLEAN,14,54687990,0.05468799,1024,18724.403657914652
5,3,1024,2,V3_CLEAN,15,63624390,0.06362439,1024,16094.456858446894
5,3,1024,2,V3_CLEAN,16,55343750,0.05534375,1024,18502.540937323545
5,3,1024,2,V3_CLEAN,17,64418680,0.06441868,1024,15896.010287699157
5,3,1024,2,V3_CLEAN,18,54803180,0.05480318,1024,18685.047108580195
5,3,1024,2,V3_CLEAN,19,64796439,0.064796439,1024,15803.337587733795
5,3,1024,2,V3_CLEAN,20,54487571,0.054487571,1024,18793.276727274188
5,3,1024,2,V3_CLEAN,21,64371081,0.064371081,1024,15907.764544143667
5,3,1024,2,V3_CLEAN,22,57299300,0.0572993,1024,17871.07346861131
5,3,1024,2,V3_CLEAN,23,63018370,0.06301837,1024,16249.2301847858
5,3,1024,2,V3_CLEAN,24,56332010,0.05633201,1024,18177.94181318934
5,3,1024,2,V3_CLEAN,25,64938640,0.06493864,1024,15768.731836699997
5,3,1024,2,V3_CLEAN,26,56049080,0.05604908,1024,18269.70219671759
5,3,1024,2,V3_CLEAN,27,65216840,0.06521684,1024,15701.466063059786
5,3,1024,2,V3_CLEAN,28,55082951,0.055082951,1024,18590.14416275555
5,3,1024,2,V3_CLEAN,29,65480851,0.065480851,1024,15638.159620130775
5,3,1024,2,V3_CLEAN,30,54858220,0.05485822,1024,18666.300146085672
5,3,1024,2,V3_CLEAN,31,63988560,0.06398856,1024,16002.860511316398
5,3,1024,2,V3_CLEAN,32,56656160,0.05665616,1024,18073.939356285355
5,3,1024,2,V3_CLEAN,33,64488110,0.06448811,1024,15878.89612519269
5,3,1024,2,V3_CLEAN,34,55119440,0.05511944,1024,18577.837510685884
5,3,1024,2,V3_CLEAN,35,63798370,0.06379837,1024,16050.566809152022
5,3,1024,2,V3_CLEAN,36,55423020,0.05542302,1024,18476.077268975958
5,3,1024,2,V3_CLEAN,37,64633520,0.06463352,1024,15843.172397232891
5,3,1024,2,V3_CLEAN,38,54417371,0.054417371,1024,18817.520603852765
5,3,1024,2,V3_CLEAN,39,65715240,0.06571524,1024,15582.382412359751
5,3,1024,2,V3_CLEAN,40,54516071,0.054516071,1024,18783.451947591748
5,3,1024,2,V3_CLEAN,41,63526060,0.06352606,1024,16119.368964484813
5,3,1024,2,V3_CLEAN,42,54416391,0.054416391,1024,18817.85949384258
5,3,1024,2,V3_CLEAN,43,63368970,0.06336897,1024,16159.328453657998
5,3,1024,2,V3_CLEAN,44,54356550,0.05435655,1024,18838.57603177538
5,3,1024,2,V3_CLEAN,45,62986590,0.06298659,1024,16257.428763805123
5,3,1024,2,V3_CLEAN,46,54790660,0.05479066,1024,18689.316755812033
5,3,1024,2,V3_CLEAN,47,64083410,0.06408341,1024,15979.17464129952
5,3,1024,2,V3_CLEAN,48,55382310,0.05538231,1024,18489.658520924822
5,3,1024,2,V3_CLEAN,49,63911261,0.063911261,1024,16022.215552905458
5,3,1024,2,V3_CLEAN,50,54355300,0.0543553,1024,18839.00925944664
6,3,1024,2,V2_ORIGINAL,1,60925150,0.06092515,1024,16807.50888590344
6,3,1024,2,V2_ORIGINAL,2,56353700,0.0563537,1024,18170.945297291924
6,3,1024,2,V2_ORIGINAL,3,61500031,0.061500031,1024,16650.39811118144
6,3,1024,2,V2_ORIGINAL,4,56913041,0.056913041,1024,17992.361364067685
6,3,1024,2,V2_ORIGINAL,5,61537030,0.06153703,1024,16640.387097004845
6,3,1024,2,V2_ORIGINAL,6,56375060,0.05637506,1024,18164.060490578635
6,3,1024,2,V2_ORIGINAL,7,60095320,0.06009532,1024,17039.596427808356
6,3,1024,2,V2_ORIGINAL,8,55168050,0.05516805,1024,18561.468096117227
6,3,1024,2,V2_ORIGINAL,9,59854271,0.059854271,1024,17108.219395070402
6,3,1024,2,V2_ORIGINAL,10,55576360,0.05557636,1024,18425.100168488905
6,3,1024,2,V2_ORIGINAL,11,59720840,0.05972084,1024,17146.443352102884
6,3,1024,2,V2_ORIGINAL,12,55925960,0.05592596,1024,18309.922619119996
6,3,1024,2,V2_ORIGINAL,13,60324270,0.06032427,1024,16974.92568082465
6,3,1024,2,V2_ORIGINAL,14,58606360,0.05860636,1024,17472.506396916648
6,3,1024,2,V2_ORIGINAL,15,61272970,0.06127297,1024,16712.099968387363
6,3,1024,2,V2_ORIGINAL,16,56294790,0.05629479,1024,18189.960385321625
6,3,1024,2,V2_ORIGINAL,17,60114890,0.06011489,1024,17034.049301262967
6,3,1024,2,V2_ORIGINAL,18,56561281,0.056561281,1024,18104.25757507154
6,3,1024,2,V2_ORIGINAL,19,60460160,0.06046016,1024,16936.77290963173
6,3,1024,2,V2_ORIGINAL,20,58006900,0.0580069,1024,17653.07230691521
6,3,1024,2,V2_ORIGINAL,21,60868580,0.06086858,1024,16823.129437223604
6,3,1024,2,V2_ORIGINAL,22,55567370,0.05556737,1024,18428.08108427662
6,3,1024,2,V2_ORIGINAL,23,59808100,0.0598081,1024,17121.426696383933
6,3,1024,2,V2_ORIGINAL,24,56568990,0.05656899,1024,18101.79039788407
6,3,1024,2,V2_ORIGINAL,25,61882610,0.06188261,1024,16547.45977908818
6,3,1024,2,V2_ORIGINAL,26,56276150,0.05627615,1024,18195.98533304073
6,3,1024,2,V2_ORIGINAL,27,62137770,0.06213777,1024,16479.50996632161
6,3,1024,2,V2_ORIGINAL,28,55887610,0.05588761,1024,18322.48686247274
6,3,1024,2,V2_ORIGINAL,29,59866560,0.05986656,1024,17104.707536227237
6,3,1024,2,V2_ORIGINAL,30,56927340,0.05692734,1024,17987.842045667338
6,3,1024,2,V2_ORIGINAL,31,60733701,0.060733701,1024,16860.49068539393
6,3,1024,2,V2_ORIGINAL,32,56152461,0.056152461,1024,18236.06626965112
6,3,1024,2,V2_ORIGINAL,33,61102490,0.06110249,1024,16758.727835805053
6,3,1024,2,V2_ORIGINAL,34,56399140,0.05639914,1024,18156.305220256905
6,3,1024,2,V2_ORIGINAL,35,59619690,0.05961969,1024,17175.533787579236
6,3,1024,2,V2_ORIGINAL,36,55728330,0.05572833,1024,18374.855302500542
6,3,1024,2,V2_ORIGINAL,37,60308780,0.06030878,1024,16979.28560319078
6,3,1024,2,V2_ORIGINAL,38,58081171,0.058081171,1024,17630.49853109883
6,3,1024,2,V2_ORIGINAL,39,60512399,0.060512399,1024,16922.151772564826
6,3,1024,2,V2_ORIGINAL,40,56932520,0.05693252,1024,17986.20542354352
6,3,1024,2,V2_ORIGINAL,41,61440610,0.06144061,1024,16666.501195219254
6,3,1024,2,V2_ORIGINAL,42,55759500,0.0557595,1024,18364.58361355464
6,3,1024,2,V2_ORIGINAL,43,59179790,0.05917979,1024,17303.204354053974
6,3,1024,2,V2_ORIGINAL,44,55483020,0.05548302,1024,18456.09701851125
6,3,1024,2,V2_ORIGINAL,45,63780839,0.063780839,1024,16054.978517921345
6,3,1024,2,V2_ORIGINAL,46,63056879,0.063056879,1024,16239.306737651892
6,3,1024,2,V2_ORIGINAL,47,77161591,0.077161591,1024,13270.851296987901
6,3,1024,2,V2_ORIGINAL,48,55774310,0.05577431,1024,18359.707184185692
6,3,1024,2,V2_ORIGINAL,49,59338450,0.05933845,1024,17256.93879769357
6,3,1024,2,V2_ORIGINAL,50,56649260,0.05664926,1024,18076.14080042705
7,4,1,5,V2_ORIGINAL,1,36320,3.632e-05,1,27533.039647577094
7,4,1,5,V2_ORIGINAL,2,38889,3.8889e-05,1,25714.212245107872
7,4,1,5,V2_ORIGINAL,3,65870,6.587e-05,1,15181.417944436009
7,4,1,5,V2_ORIGINAL,4,44760,4.476e-05,1,22341.376228775694
7,4,1,5,V2_ORIGINAL,5,38340,3.834e-05,1,26082.42044861763
7,4,1,5,V2_ORIGINAL,6,41811,4.1811e-05,1,23917.15098897419
7,4,1,5,V2_ORIGINAL,7,37850,3.785e-05,1,26420.07926023778
7,4,1,5,V2_ORIGINAL,8,38560,3.856e-05,1,25933.609958506226
7,4,1,5,V2_ORIGINAL,9,36890,3.689e-05,1,27107.617240444564
7,4,1,5,V2_ORIGINAL,10,36120,3.612e-05,1,27685.49280177187
7,4,1,5,V2_ORIGINAL,11,36110,3.611e-05,1,27693.159789531986
7,4,1,5,V2_ORIGINAL,12,36160,3.616e-05,1,27654.867256637168
7,4,1,5,V2_ORIGINAL,13,37100,3.71e-05,1,26954.177897574125
7,4,1,5,V2_ORIGINAL,14,36320,3.632e-05,1,27533.039647577094
7,4,1,5,V2_ORIGINAL,15,35840,3.584e-05,1,27901.785714285714
7,4,1,5,V2_ORIGINAL,16,35750,3.575e-05,1,27972.027972027972
7,4,1,5,V2_ORIGINAL,17,37920,3.792e-05,1,26371.308016877636
7,4,1,5,V2_ORIGINAL,18,59259,5.9259e-05,1,16875.073828448
7,4,1,5,V2_ORIGINAL,19,39900,3.99e-05,1,25062.656641604008
7,4,1,5,V2_ORIGINAL,20,36291,3.6291e-05,1,27555.041194786583
7,4,1,5,V2_ORIGINAL,21,40080,4.008e-05,1,24950.0998003992
7,4,1,5,V2_ORIGINAL,22,36350,3.635e-05,1,27510.316368638236
7,4,1,5,V2_ORIGINAL,23,36170,3.617e-05,1,27647.22145424385
7,4,1,5,V2_ORIGINAL,24,37780,3.778e-05,1,26469.031233456855
7,4,1,5,V2_ORIGINAL,25,45950,4.595e-05,1,21762.78563656148
7,4,1,5,V2_ORIGINAL,26,36050,3.605e-05,1,27739.251040221912
7,4,1,5,V2_ORIGINAL,27,41990,4.199e-05,1,23815.194093831862
7,4,1,5,V2_ORIGINAL,28,38750,3.875e-05,1,25806.451612903227
7,4,1,5,V2_ORIGINAL,29,52380,5.238e-05,1,19091.256204658264
7,4,1,5,V2_ORIGINAL,30,35420,3.542e-05,1,28232.6369282891
7,4,1,5,V2_ORIGINAL,31,35271,3.5271e-05,1,28351.903830342206
7,4,1,5,V2_ORIGINAL,32,34589,3.4589e-05,1,28910.925438723298
7,4,1,5,V2_ORIGINAL,33,51330,5.133e-05,1,19481.784531463083
7,4,1,5,V2_ORIGINAL,34,39560,3.956e-05,1,25278.058645096055
7,4,1,5,V2_ORIGINAL,35,37069,3.7069e-05,1,26976.7190914241
7,4,1,5,V2_ORIGINAL,36,42641,4.2641e-05,1,23451.607607701506
7,4,1,5,V2_ORIGINAL,37,38359,3.8359e-05,1,26069.501290440312
7,4,1,5,V2_ORIGINAL,38,35800,3.58e-05,1,27932.960893854746
7,4,1,5,V2_ORIGINAL,39,36200,3.62e-05,1,27624.309392265193
7,4,1,5,V2_ORIGINAL,40,35470,3.547e-05,1,28192.839018889204
7,4,1,5,V2_ORIGINAL,41,45160,4.516e-05,1,22143.489813994685
7,4,1,5,V2_ORIGINAL,42,37380,3.738e-05,1,26752.27394328518
7,4,1,5,V2_ORIGINAL,43,35129,3.5129e-05,1,28466.50915198269
7,4,1,5,V2_ORIGINAL,44,35160,3.516e-05,1,28441.410693970418
7,4,1,5,V2_ORIGINAL,45,35171,3.5171e-05,1,28432.51542463962
7,4,1,5,V2_ORIGINAL,46,35180,3.518e-05,1,28425.241614553725
7,4,1,5,V2_ORIGINAL,47,36800,3.68e-05,1,27173.91304347826
7,4,1,5,V2_ORIGINAL,48,48710,4.871e-05,1,20529.665366454527
7,4,1,5,V2_ORIGINAL,49,40140,4.014e-05,1,24912.805181863478
7,4,1,5,V2_ORIGINAL,50,35540,3.554e-05,1,28137.310073157005
7,4,1,5,V2_ORIGINAL,51,62250,6.225e-05,1,16064.257028112452
7,4,1,5,V2_ORIGINAL,52,36170,3.617e-05,1,27647.22145424385
7,4,1,5,V2_ORIGINAL,53,35081,3.5081e-05,1,28505.45879535931
7,4,1,5,V2_ORIGINAL,54,35830,3.583e-05,1,27909.57298353335
7,4,1,5,V2_ORIGINAL,55,35730,3.573e-05,1,27987.6854184159
7,4,1,5,V2_ORIGINAL,56,37060,3.706e-05,1,26983.27037236913
7,4,1,5,V2_ORIGINAL,57,35380,3.538e-05,1,28264.556246466935
7,4,1,5,V2_ORIGINAL,58,40880,4.088e-05,1,24461.83953033268
7,4,1,5,V2_ORIGINAL,59,35550,3.555e-05,1,28129.395218002817
7,4,1,5,V2_ORIGINAL,60,34860,3.486e-05,1,28686.173264486515
7,4,1,5,V2_ORIGINAL,61,34530,3.453e-05,1,28960.32435563278
7,4,1,5,V2_ORIGINAL,62,34700,3.47e-05,1,28818.44380403458
7,4,1,5,V2_ORIGINAL,63,34570,3.457e-05,1,28926.81515765114
7,4,1,5,V2_ORIGINAL,64,62640,6.264e-05,1,15964.240102171138
7,4,1,5,V2_ORIGINAL,65,41069,4.1069e-05,1,24349.26586963403
7,4,1,5,V2_ORIGINAL,66,36360,3.636e-05,1,27502.750275027505
7,4,1,5,V2_ORIGINAL,67,39740,3.974e-05,1,25163.56316054353
7,4,1,5,V2_ORIGINAL,68,41820,4.182e-05,1,23912.003825920612
7,4,1,5,V2_ORIGINAL,69,36590,3.659e-05,1,27329.871549603715
7,4,1,5,V2_ORIGINAL,70,35820,3.582e-05,1,27917.364600781686
7,4,1,5,V2_ORIGINAL,71,38240,3.824e-05,1,26150.62761506276
7,4,1,5,V2_ORIGINAL,72,36840,3.684e-05,1,27144.40825190011
7,4,1,5,V2_ORIGINAL,73,36300,3.63e-05,1,27548.209366391184
7,4,1,5,V2_ORIGINAL,74,36079,3.6079e-05,1,27716.95446104382
7,4,1,5,V2_ORIGINAL,75,38170,3.817e-05,1,26198.58527639507
7,4,1,5,V2_ORIGINAL,76,38509,3.8509e-05,1,25967.95554286011
7,4,1,5,V2_ORIGINAL,77,37299,3.7299e-05,1,26810.370251213168
7,4,1,5,V2_ORIGINAL,78,36890,3.689e-05,1,27107.617240444564
7,4,1,5,V2_ORIGINAL,79,54360,5.436e-05,1,18395.87932303164
7,4,1,5,V2_ORIGINAL,80,40200,4.02e-05,1,24875.621890547263
7,4,1,5,V2_ORIGINAL,81,36401,3.6401e-05,1,27471.772753495785
7,4,1,5,V2_ORIGINAL,82,39130,3.913e-05,1,25555.83950932788
7,4,1,5,V2_ORIGINAL,83,35820,3.582e-05,1,27917.364600781686
7,4,1,5,V2_ORIGINAL,84,35420,3.542e-05,1,28232.6369282891
7,4,1,5,V2_ORIGINAL,85,35109,3.5109e-05,1,28482.725227149735
7,4,1,5,V2_ORIGINAL,86,35490,3.549e-05,1,28176.95125387433
7,4,1,5,V2_ORIGINAL,87,41249,4.1249e-05,1,24243.011951804892
7,4,1,5,V2_ORIGINAL,88,35620,3.562e-05,1,28074.11566535654
7,4,1,5,V2_ORIGINAL,89,40370,4.037e-05,1,24770.869457517958
7,4,1,5,V2_ORIGINAL,90,38369,3.8369e-05,1,26062.706872735802
7,4,1,5,V2_ORIGINAL,91,35780,3.578e-05,1,27948.574622694243
7,4,1,5,V2_ORIGINAL,92,35840,3.584e-05,1,27901.785714285714
7,4,1,5,V2_ORIGINAL,93,35471,3.5471e-05,1,28192.044205125312
7,4,1,5,V2_ORIGINAL,94,37240,3.724e-05,1,26852.84640171858
7,4,1,5,V2_ORIGINAL,95,45350,4.535e-05,1,22050.71664829107
7,4,1,5,V2_ORIGINAL,96,39930,3.993e-05,1,25043.82669671926
7,4,1,5,V2_ORIGINAL,97,78861,7.8861e-05,1,12680.539176525785
7,4,1,5,V2_ORIGINAL,98,37679,3.7679e-05,1,26539.98248361156
7,4,1,5,V2_ORIGINAL,99,36380,3.638e-05,1,27487.63056624519
7,4,1,5,V2_ORIGINAL,100,35721,3.5721e-05,1,27994.736989445984
7,4,1,5,V2_ORIGINAL,101,35750,3.575e-05,1,27972.027972027972
7,4,1,5,V2_ORIGINAL,102,35480,3.548e-05,1,28184.89289740699
7,4,1,5,V2_ORIGINAL,103,35681,3.5681e-05,1,28026.120344160758
7,4,1,5,V2_ORIGINAL,104,35260,3.526e-05,1,28360.748723766308
7,4,1,5,V2_ORIGINAL,105,35890,3.589e-05,1,27862.914460852608
7,4,1,5,V2_ORIGINAL,106,35290,3.529e-05,1,28336.639274582034
7,4,1,5,V2_ORIGINAL,107,35360,3.536e-05,1,28280.54298642534
7,4,1,5,V2_ORIGINAL,108,35390,3.539e-05,1,28256.569652444196
7,4,1,5,V2_ORIGINAL,109,35640,3.564e-05,1,28058.361391694725
7,4,1,5,V2_ORIGINAL,110,57970,5.797e-05,1,17250.301880282903
7,4,1,5,V2_ORIGINAL,111,36730,3.673e-05,1,27225.70106180234
7,4,1,5,V2_ORIGINAL,112,35150,3.515e-05,1,28449.50213371266
7,4,1,5,V2_ORIGINAL,113,39190,3.919e-05,1,25516.713447307986
7,4,1,5,V2_ORIGINAL,114,35330,3.533e-05,1,28304.55703368242
7,4,1,5,V2_ORIGINAL,115,37499,3.7499e-05,1,26667.377796741246
7,4,1,5,V2_ORIGINAL,116,35810,3.581e-05,1,27925.160569673277
7,4,1,5,V2_ORIGINAL,117,35721,3.5721e-05,1,27994.736989445984
7,4,1,5,V2_ORIGINAL,118,35600,3.56e-05,1,28089.88764044944
7,4,1,5,V2_ORIGINAL,119,35670,3.567e-05,1,28034.76310625175
7,4,1,5,V2_ORIGINAL,120,34830,3.483e-05,1,28710.88142405972
7,4,1,5,V2_ORIGINAL,121,35451,3.5451e-05,1,28207.949000028206
7,4,1,5,V2_ORIGINAL,122,35450,3.545e-05,1,28208.744710860366
7,4,1,5,V2_ORIGINAL,123,35321,3.5321e-05,1,28311.76920245746
7,4,1,5,V2_ORIGINAL,124,35160,3.516e-05,1,28441.410693970418
7,4,1,5,V2_ORIGINAL,125,34800,3.48e-05,1,28735.63218390805
7,4,1,5,V2_ORIGINAL,126,39800,3.98e-05,1,25125.62814070352
7,4,1,5,V2_ORIGINAL,127,35771,3.5771e-05,1,27955.60649688295
7,4,1,5,V2_ORIGINAL,128,61870,6.187e-05,1,16162.922256343947
7,4,1,5,V2_ORIGINAL,129,37280,3.728e-05,1,26824.034334763946
7,4,1,5,V2_ORIGINAL,130,36280,3.628e-05,1,27563.39581036384
7,4,1,5,V2_ORIGINAL,131,35500,3.55e-05,1,28169.014084507042
7,4,1,5,V2_ORIGINAL,132,36860,3.686e-05,1,27129.679869777534
7,4,1,5,V2_ORIGINAL,133,35290,3.529e-05,1,28336.639274582034
7,4,1,5,V2_ORIGINAL,134,36071,3.6071e-05,1,27723.10166061379
7,4,1,5,V2_ORIGINAL,135,35271,3.5271e-05,1,28351.903830342206
7,4,1,5,V2_ORIGINAL,136,36110,3.611e-05,1,27693.159789531986
7,4,1,5,V2_ORIGINAL,137,35090,3.509e-05,1,28498.147620404674
7,4,1,5,V2_ORIGINAL,138,35040,3.504e-05,1,28538.812785388127
7,4,1,5,V2_ORIGINAL,139,34880,3.488e-05,1,28669.724770642202
7,4,1,5,V2_ORIGINAL,140,35010,3.501e-05,1,28563.267637817768
7,4,1,5,V2_ORIGINAL,141,50239,5.0239e-05,1,19904.854794084276
7,4,1,5,V2_ORIGINAL,142,38850,3.885e-05,1,25740.02574002574
7,4,1,5,V2_ORIGINAL,143,35481,3.5481e-05,1,28184.098531608466
7,4,1,5,V2_ORIGINAL,144,63940,6.394e-05,1,15639.662183296841
7,4,1,5,V2_ORIGINAL,145,35480,3.548e-05,1,28184.89289740699
7,4,1,5,V2_ORIGINAL,146,35209,3.5209e-05,1,28401.82907779261
7,4,1,5,V2_ORIGINAL,147,35460,3.546e-05,1,28200.789622109416
7,4,1,5,V2_ORIGINAL,148,36050,3.605e-05,1,27739.251040221912
7,4,1,5,V2_ORIGINAL,149,35090,3.509e-05,1,28498.147620404674
7,4,1,5,V2_ORIGINAL,150,35520,3.552e-05,1,28153.153153153155
7,4,1,5,V2_ORIGINAL,151,40460,4.046e-05,1,24715.768660405338
7,4,1,5,V2_ORIGINAL,152,36920,3.692e-05,1,27085.590465872156
7,4,1,5,V2_ORIGINAL,153,39540,3.954e-05,1,25290.844714213457
7,4,1,5,V2_ORIGINAL,154,36880,3.688e-05,1,27114.967462039047
7,4,1,5,V2_ORIGINAL,155,36020,3.602e-05,1,27762.354247640204
7,4,1,5,V2_ORIGINAL,156,35240,3.524e-05,1,28376.844494892168
7,4,1,5,V2_ORIGINAL,157,52691,5.2691e-05,1,18978.57319086751
7,4,1,5,V2_ORIGINAL,158,35860,3.586e-05,1,27886.22420524261
7,4,1,5,V2_ORIGINAL,159,61730,6.173e-05,1,16199.578810950918
7,4,1,5,V2_ORIGINAL,160,37880,3.788e-05,1,26399.155227032734
7,4,1,5,V2_ORIGINAL,161,35840,3.584e-05,1,27901.785714285714
7,4,1,5,V2_ORIGINAL,162,34840,3.484e-05,1,28702.64064293915
7,4,1,5,V2_ORIGINAL,163,34780,3.478e-05,1,28752.156411730877
7,4,1,5,V2_ORIGINAL,164,34820,3.482e-05,1,28719.126938541067
7,4,1,5,V2_ORIGINAL,165,35180,3.518e-05,1,28425.241614553725
7,4,1,5,V2_ORIGINAL,166,35660,3.566e-05,1,28042.624789680314
7,4,1,5,V2_ORIGINAL,167,35250,3.525e-05,1,28368.79432624113
7,4,1,5,V2_ORIGINAL,168,34810,3.481e-05,1,28727.37719046251
7,4,1,5,V2_ORIGINAL,169,35151,3.5151e-05,1,28448.69278256664
7,4,1,5,V2_ORIGINAL,170,34660,3.466e-05,1,28851.70225043278
7,4,1,5,V2_ORIGINAL,171,34690,3.469e-05,1,28826.751225136926
7,4,1,5,V2_ORIGINAL,172,49989,4.9989e-05,1,20004.40096821301
7,4,1,5,V2_ORIGINAL,173,43500,4.35e-05,1,22988.505747126437
7,4,1,5,V2_ORIGINAL,174,41341,4.1341e-05,1,24189.061706296412
7,4,1,5,V2_ORIGINAL,175,52060,5.206e-05,1,19208.60545524395
7,4,1,5,V2_ORIGINAL,176,42741,4.2741e-05,1,23396.738494653844
7,4,1,5,V2_ORIGINAL,177,35931,3.5931e-05,1,27831.120759232974
7,4,1,5,V2_ORIGINAL,178,35290,3.529e-05,1,28336.639274582034
7,4,1,5,V2_ORIGINAL,179,35200,3.52e-05,1,28409.090909090908
7,4,1,5,V2_ORIGINAL,180,35740,3.574e-05,1,27979.854504756575
7,4,1,5,V2_ORIGINAL,181,35090,3.509e-05,1,28498.147620404674
7,4,1,5,V2_ORIGINAL,182,35551,3.5551e-05,1,28128.603977384602
7,4,1,5,V2_ORIGINAL,183,36669,3.6669e-05,1,27270.99184597344
7,4,1,5,V2_ORIGINAL,184,34800,3.48e-05,1,28735.63218390805
7,4,1,5,V2_ORIGINAL,185,34570,3.457e-05,1,28926.81515765114
7,4,1,5,V2_ORIGINAL,186,34790,3.479e-05,1,28743.891922966373
7,4,1,5,V2_ORIGINAL,187,35080,3.508e-05,1,28506.271379703532
7,4,1,5,V2_ORIGINAL,188,40970,4.097e-05,1,24408.103490358797
7,4,1,5,V2_ORIGINAL,189,36040,3.604e-05,1,27746.94783573807
7,4,1,5,V2_ORIGINAL,190,63980,6.398e-05,1,15629.884338855894
7,4,1,5,V2_ORIGINAL,191,37750,3.775e-05,1,26490.06622516556
7,4,1,5,V2_ORIGINAL,192,35760,3.576e-05,1,27964.205816554808
7,4,1,5,V2_ORIGINAL,193,36670,3.667e-05,1,27270.248159258248
7,4,1,5,V2_ORIGINAL,194,35010,3.501e-05,1,28563.267637817768
7,4,1,5,V2_ORIGINAL,195,38460,3.846e-05,1,26001.040041601664
7,4,1,5,V2_ORIGINAL,196,35450,3.545e-05,1,28208.744710860366
7,4,1,5,V2_ORIGINAL,197,35110,3.511e-05,1,28481.913984619765
7,4,1,5,V2_ORIGINAL,198,39510,3.951e-05,1,25310.04808909137
7,4,1,5,V2_ORIGINAL,199,36141,3.6141e-05,1,27669.405937854517
7,4,1,5,V2_ORIGINAL,200,35200,3.52e-05,1,28409.090909090908
8,4,1,5,V3_CLEAN,1,37930,3.793e-05,1,26364.35539151068
8,4,1,5,V3_CLEAN,2,68020,6.802e-05,1,14701.55836518671
8,4,1,5,V3_CLEAN,3,50690,5.069e-05,1,19727.75695403433
8,4,1,5,V3_CLEAN,4,38710,3.871e-05,1,25833.118057349522
8,4,1,5,V3_CLEAN,5,35930,3.593e-05,1,27831.895352073472
8,4,1,5,V3_CLEAN,6,56370,5.637e-05,1,17739.932588256164
8,4,1,5,V3_CLEAN,7,38020,3.802e-05,1,26301.94634402946
8,4,1,5,V3_CLEAN,8,37340,3.734e-05,1,26780.93197643278
8,4,1,5,V3_CLEAN,9,35020,3.502e-05,1,28555.111364934324
8,4,1,5,V3_CLEAN,10,41190,4.119e-05,1,24277.737314882255
8,4,1,5,V3_CLEAN,11,36370,3.637e-05,1,27495.188342040143
8,4,1,5,V3_CLEAN,12,34800,3.48e-05,1,28735.63218390805
8,4,1,5,V3_CLEAN,13,35230,3.523e-05,1,28384.89923360772
8,4,1,5,V3_CLEAN,14,34380,3.438e-05,1,29086.678301337986
8,4,1,5,V3_CLEAN,15,34200,3.42e-05,1,29239.76608187135
8,4,1,5,V3_CLEAN,16,34240,3.424e-05,1,29205.607476635516
8,4,1,5,V3_CLEAN,17,34690,3.469e-05,1,28826.751225136926
8,4,1,5,V3_CLEAN,18,34150,3.415e-05,1,29282.576866764273
8,4,1,5,V3_CLEAN,19,34190,3.419e-05,1,29248.31822170225
8,4,1,5,V3_CLEAN,20,33840,3.384e-05,1,29550.827423167848
8,4,1,5,V3_CLEAN,21,36200,3.62e-05,1,27624.309392265193
8,4,1,5,V3_CLEAN,22,35400,3.54e-05,1,28248.58757062147
8,4,1,5,V3_CLEAN,23,34600,3.46e-05,1,28901.73410404624
8,4,1,5,V3_CLEAN,24,35030,3.503e-05,1,28546.959748786754
8,4,1,5,V3_CLEAN,25,37660,3.766e-05,1,26553.37227827934
8,4,1,5,V3_CLEAN,26,35150,3.515e-05,1,28449.50213371266
8,4,1,5,V3_CLEAN,27,34430,3.443e-05,1,29044.43799012489
8,4,1,5,V3_CLEAN,28,59210,5.921e-05,1,16889.03901368012
8,4,1,5,V3_CLEAN,29,38510,3.851e-05,1,25967.28122565567
8,4,1,5,V3_CLEAN,30,35540,3.554e-05,1,28137.310073157005
8,4,1,5,V3_CLEAN,31,34770,3.477e-05,1,28760.425654299685
8,4,1,5,V3_CLEAN,32,34510,3.451e-05,1,28977.108084613155
8,4,1,5,V3_CLEAN,33,34550,3.455e-05,1,28943.56005788712
8,4,1,5,V3_CLEAN,34,34680,3.468e-05,1,28835.06343713956
8,4,1,5,V3_CLEAN,35,34530,3.453e-05,1,28960.32435563278
8,4,1,5,V3_CLEAN,36,34590,3.459e-05,1,28910.089621277828
8,4,1,5,V3_CLEAN,37,46370,4.637e-05,1,21565.667457407806
8,4,1,5,V3_CLEAN,38,41900,4.19e-05,1,23866.34844868735
8,4,1,5,V3_CLEAN,39,35210,3.521e-05,1,28401.02243680773
8,4,1,5,V3_CLEAN,40,34230,3.423e-05,1,29214.139643587496
8,4,1,5,V3_CLEAN,41,35630,3.563e-05,1,28066.236317709794
8,4,1,5,V3_CLEAN,42,34660,3.466e-05,1,28851.70225043278
8,4,1,5,V3_CLEAN,43,34590,3.459e-05,1,28910.089621277828
8,4,1,5,V3_CLEAN,44,34270,3.427e-05,1,29180.04085205719
8,4,1,5,V3_CLEAN,45,33980,3.398e-05,1,29429.07592701589
8,4,1,5,V3_CLEAN,46,36560,3.656e-05,1,27352.29759299781
8,4,1,5,V3_CLEAN,47,35700,3.57e-05,1,28011.204481792716
8,4,1,5,V3_CLEAN,48,34410,3.441e-05,1,29061.31938390003
8,4,1,5,V3_CLEAN,49,34000,3.4e-05,1,29411.764705882353
8,4,1,5,V3_CLEAN,50,33760,3.376e-05,1,29620.85308056872
8,4,1,5,V3_CLEAN,51,34260,3.426e-05,1,29188.55808523059
8,4,1,5,V3_CLEAN,52,34070,3.407e-05,1,29351.335485764605
8,4,1,5,V3_CLEAN,53,34000,3.4e-05,1,29411.764705882353
8,4,1,5,V3_CLEAN,54,48760,4.876e-05,1,20508.613617719442
8,4,1,5,V3_CLEAN,55,40050,4.005e-05,1,24968.789013732836
8,4,1,5,V3_CLEAN,56,35170,3.517e-05,1,28433.323855558716
8,4,1,5,V3_CLEAN,57,34340,3.434e-05,1,29120.559114735002
8,4,1,5,V3_CLEAN,58,33780,3.378e-05,1,29603.315571343992
8,4,1,5,V3_CLEAN,59,34160,3.416e-05,1,29274.00468384075
8,4,1,5,V3_CLEAN,60,35320,3.532e-05,1,28312.57078142695
8,4,1,5,V3_CLEAN,61,35120,3.512e-05,1,28473.80410022779
8,4,1,5,V3_CLEAN,62,36000,3.6e-05,1,27777.777777777777
8,4,1,5,V3_CLEAN,63,41190,4.119e-05,1,24277.737314882255
8,4,1,5,V3_CLEAN,64,37260,3.726e-05,1,26838.432635534085
8,4,1,5,V3_CLEAN,65,35350,3.535e-05,1,28288.54314002829
8,4,1,5,V3_CLEAN,66,34310,3.431e-05,1,29146.02156805596
8,4,1,5,V3_CLEAN,67,34430,3.443e-05,1,29044.43799012489
8,4,1,5,V3_CLEAN,68,38220,3.822e-05,1,26164.31187859759
8,4,1,5,V3_CLEAN,69,35890,3.589e-05,1,27862.914460852608
8,4,1,5,V3_CLEAN,70,33940,3.394e-05,1,29463.759575721866
8,4,1,5,V3_CLEAN,71,36770,3.677e-05,1,27196.08376393799
8,4,1,5,V3_CLEAN,72,34320,3.432e-05,1,29137.52913752914
8,4,1,5,V3_CLEAN,73,34280,3.428e-05,1,29171.52858809802
8,4,1,5,V3_CLEAN,74,34450,3.445e-05,1,29027.57619738752
8,4,1,5,V3_CLEAN,75,34620,3.462e-05,1,28885.03755054882
8,4,1,5,V3_CLEAN,76,34560,3.456e-05,1,28935.185185185182
8,4,1,5,V3_CLEAN,77,34470,3.447e-05,1,29010.73397156948
8,4,1,5,V3_CLEAN,78,34650,3.465e-05,1,28860.02886002886
8,4,1,5,V3_CLEAN,79,33890,3.389e-05,1,29507.229271171436
8,4,1,5,V3_CLEAN,80,35100,3.51e-05,1,28490.02849002849
8,4,1,5,V3_CLEAN,81,48940,4.894e-05,1,20433.18348998774
8,4,1,5,V3_CLEAN,82,38930,3.893e-05,1,25687.130747495503
8,4,1,5,V3_CLEAN,83,34970,3.497e-05,1,28595.939376608523
8,4,1,5,V3_CLEAN,84,34420,3.442e-05,1,29052.87623474724
8,4,1,5,V3_CLEAN,85,34510,3.451e-05,1,28977.108084613155
8,4,1,5,V3_CLEAN,86,34200,3.42e-05,1,29239.76608187135
8,4,1,5,V3_CLEAN,87,34180,3.418e-05,1,29256.87536571094
8,4,1,5,V3_CLEAN,88,33720,3.372e-05,1,29655.990510083033
8,4,1,5,V3_CLEAN,89,38510,3.851e-05,1,25967.28122565567
8,4,1,5,V3_CLEAN,90,44510,4.451e-05,1,22466.86137946529
8,4,1,5,V3_CLEAN,91,37290,3.729e-05,1,26816.840976133015
8,4,1,5,V3_CLEAN,92,35030,3.503e-05,1,28546.959748786754
8,4,1,5,V3_CLEAN,93,34430,3.443e-05,1,29044.43799012489
8,4,1,5,V3_CLEAN,94,33810,3.381e-05,1,29577.048210588582
8,4,1,5,V3_CLEAN,95,34230,3.423e-05,1,29214.139643587496
8,4,1,5,V3_CLEAN,96,39020,3.902e-05,1,25627.883136852895
8,4,1,5,V3_CLEAN,97,35210,3.521e-05,1,28401.02243680773
8,4,1,5,V3_CLEAN,98,34550,3.455e-05,1,28943.56005788712
8,4,1,5,V3_CLEAN,99,35680,3.568e-05,1,28026.905829596413
8,4,1,5,V3_CLEAN,100,34020,3.402e-05,1,29394.473838918282
8,4,1,5,V3_CLEAN,101,34300,3.43e-05,1,29154.51895043732
8,4,1,5,V3_CLEAN,102,33900,3.39e-05,1,29498.525073746314
8,4,1,5,V3_CLEAN,103,34070,3.407e-05,1,29351.335485764605
8,4,1,5,V3_CLEAN,104,34060,3.406e-05,1,29359.95302407516
8,4,1,5,V3_CLEAN,105,34020,3.402e-05,1,29394.473838918282
8,4,1,5,V3_CLEAN,106,33810,3.381e-05,1,29577.048210588582
8,4,1,5,V3_CLEAN,107,40530,4.053e-05,1,24673.081667900322
8,4,1,5,V3_CLEAN,108,66720,6.672e-05,1,14988.00959232614
8,4,1,5,V3_CLEAN,109,38360,3.836e-05,1,26068.821689259647
8,4,1,5,V3_CLEAN,110,38890,3.889e-05,1,25713.551041398816
8,4,1,5,V3_CLEAN,111,35400,3.54e-05,1,28248.58757062147
8,4,1,5,V3_CLEAN,112,34470,3.447e-05,1,29010.73397156948
8,4,1,5,V3_CLEAN,113,34660,3.466e-05,1,28851.70225043278
8,4,1,5,V3_CLEAN,114,34150,3.415e-05,1,29282.576866764273
8,4,1,5,V3_CLEAN,115,33970,3.397e-05,1,29437.739181630848
8,4,1,5,V3_CLEAN,116,33620,3.362e-05,1,29744.1998810232
8,4,1,5,V3_CLEAN,117,51630,5.163e-05,1,19368.58415649816
8,4,1,5,V3_CLEAN,118,34840,3.484e-05,1,28702.64064293915
8,4,1,5,V3_CLEAN,119,35760,3.576e-05,1,27964.205816554808
8,4,1,5,V3_CLEAN,120,34500,3.45e-05,1,28985.507246376812
8,4,1,5,V3_CLEAN,121,34330,3.433e-05,1,29129.041654529567
8,4,1,5,V3_CLEAN,122,34650,3.465e-05,1,28860.02886002886
8,4,1,5,V3_CLEAN,123,34000,3.4e-05,1,29411.764705882353
8,4,1,5,V3_CLEAN,124,33850,3.385e-05,1,29542.09748892171
8,4,1,5,V3_CLEAN,125,33670,3.367e-05,1,29700.0297000297
8,4,1,5,V3_CLEAN,126,33470,3.347e-05,1,29877.502240812664
8,4,1,5,V3_CLEAN,127,33620,3.362e-05,1,29744.1998810232
8,4,1,5,V3_CLEAN,128,34170,3.417e-05,1,29265.4375182909
8,4,1,5,V3_CLEAN,129,34110,3.411e-05,1,29316.91586045148
8,4,1,5,V3_CLEAN,130,33980,3.398e-05,1,29429.07592701589
8,4,1,5,V3_CLEAN,131,34050,3.405e-05,1,29368.57562408223
8,4,1,5,V3_CLEAN,132,35090,3.509e-05,1,28498.147620404674
8,4,1,5,V3_CLEAN,133,34470,3.447e-05,1,29010.73397156948
8,4,1,5,V3_CLEAN,134,55440,5.544e-05,1,18037.51803751804
8,4,1,5,V3_CLEAN,135,39950,3.995e-05,1,25031.289111389236
8,4,1,5,V3_CLEAN,136,34960,3.496e-05,1,28604.118993135013
8,4,1,5,V3_CLEAN,137,34600,3.46e-05,1,28901.73410404624
8,4,1,5,V3_CLEAN,138,35480,3.548e-05,1,28184.89289740699
8,4,1,5,V3_CLEAN,139,34550,3.455e-05,1,28943.56005788712
8,4,1,5,V3_CLEAN,140,34080,3.408e-05,1,29342.723004694835
8,4,1,5,V3_CLEAN,141,34180,3.418e-05,1,29256.87536571094
8,4,1,5,V3_CLEAN,142,34200,3.42e-05,1,29239.76608187135
8,4,1,5,V3_CLEAN,143,43840,4.384e-05,1,22810.218978102188
8,4,1,5,V3_CLEAN,144,36440,3.644e-05,1,27442.371020856204
8,4,1,5,V3_CLEAN,145,34570,3.457e-05,1,28926.81515765114
8,4,1,5,V3_CLEAN,146,33800,3.38e-05,1,29585.798816568047
8,4,1,5,V3_CLEAN,147,34100,3.41e-05,1,29325.513196480937
8,4,1,5,V3_CLEAN,148,34040,3.404e-05,1,29377.20329024677
8,4,1,5,V3_CLEAN,149,34140,3.414e-05,1,29291.154071470413
8,4,1,5,V3_CLEAN,150,34230,3.423e-05,1,29214.139643587496
8,4,1,5,V3_CLEAN,151,38530,3.853e-05,1,25953.802232026992
8,4,1,5,V3_CLEAN,152,37340,3.734e-05,1,26780.93197643278
8,4,1,5,V3_CLEAN,153,66190,6.619e-05,1,15108.022359873092
8,4,1,5,V3_CLEAN,154,48360,4.836e-05,1,20678.2464846981
8,4,1,5,V3_CLEAN,155,35550,3.555e-05,1,28129.395218002817
8,4,1,5,V3_CLEAN,156,34550,3.455e-05,1,28943.56005788712
8,4,1,5,V3_CLEAN,157,34170,3.417e-05,1,29265.4375182909
8,4,1,5,V3_CLEAN,158,35210,3.521e-05,1,28401.02243680773
8,4,1,5,V3_CLEAN,159,34870,3.487e-05,1,28677.946659019213
8,4,1,5,V3_CLEAN,160,57660,5.766e-05,1,17343.04543877905
8,4,1,5,V3_CLEAN,161,36190,3.619e-05,1,27631.94252555955
8,4,1,5,V3_CLEAN,162,34290,3.429e-05,1,29163.02128900554
8,4,1,5,V3_CLEAN,163,34880,3.488e-05,1,28669.724770642202
8,4,1,5,V3_CLEAN,164,34130,3.413e-05,1,29299.73630237328
8,4,1,5,V3_CLEAN,165,34190,3.419e-05,1,29248.31822170225
8,4,1,5,V3_CLEAN,166,34380,3.438e-05,1,29086.678301337986
8,4,1,5,V3_CLEAN,167,33850,3.385e-05,1,29542.09748892171
8,4,1,5,V3_CLEAN,168,33890,3.389e-05,1,29507.229271171436
8,4,1,5,V3_CLEAN,169,42430,4.243e-05,1,23568.230025925055
8,4,1,5,V3_CLEAN,170,35200,3.52e-05,1,28409.090909090908
8,4,1,5,V3_CLEAN,171,33680,3.368e-05,1,29691.211401425175
8,4,1,5,V3_CLEAN,172,33700,3.37e-05,1,29673.59050445104
8,4,1,5,V3_CLEAN,173,33690,3.369e-05,1,29682.398337785697
8,4,1,5,V3_CLEAN,174,37910,3.791e-05,1,26378.264310208386
8,4,1,5,V3_CLEAN,175,35500,3.55e-05,1,28169.014084507042
8,4,1,5,V3_CLEAN,176,34160,3.416e-05,1,29274.00468384075
8,4,1,5,V3_CLEAN,177,34760,3.476e-05,1,28768.699654775606
8,4,1,5,V3_CLEAN,178,34240,3.424e-05,1,29205.607476635516
8,4,1,5,V3_CLEAN,179,33770,3.377e-05,1,29612.081729345577
8,4,1,5,V3_CLEAN,180,34190,3.419e-05,1,29248.31822170225
8,4,1,5,V3_CLEAN,181,33700,3.37e-05,1,29673.59050445104
8,4,1,5,V3_CLEAN,182,33410,3.341e-05,1,29931.158335827597
8,4,1,5,V3_CLEAN,183,34290,3.429e-05,1,29163.02128900554
8,4,1,5,V3_CLEAN,184,33460,3.346e-05,1,29886.431560071727
8,4,1,5,V3_CLEAN,185,33630,3.363e-05,1,29735.355337496283
8,4,1,5,V3_CLEAN,186,33640,3.364e-05,1,29726.516052318664
8,4,1,5,V3_CLEAN,187,49190,4.919e-05,1,20329.335230737954
8,4,1,5,V3_CLEAN,188,36220,3.622e-05,1,27609.055770292653
8,4,1,5,V3_CLEAN,189,33900,3.39e-05,1,29498.525073746314
8,4,1,5,V3_CLEAN,190,34480,3.448e-05,1,29002.320185614848
8,4,1,5,V3_CLEAN,191,33620,3.362e-05,1,29744.1998810232
8,4,1,5,V3_CLEAN,192,33670,3.367e-05,1,29700.0297000297
8,4,1,5,V3_CLEAN,193,33750,3.375e-05,1,29629.629629629628
8,4,1,5,V3_CLEAN,194,33700,3.37e-05,1,29673.59050445104
8,4,1,5,V3_CLEAN,195,37180,3.718e-05,1,26896.18074233459
8,4,1,5,V3_CLEAN,196,43930,4.393e-05,1,22763.48736626451
8,4,1,5,V3_CLEAN,197,39310,3.931e-05,1,25438.81963876876
8,4,1,5,V3_CLEAN,198,36840,3.684e-05,1,27144.40825190011
8,4,1,5,V3_CLEAN,199,34480,3.448e-05,1,29002.320185614848
8,4,1,5,V3_CLEAN,200,34540,3.454e-05,1,28951.939779965258
9,5,256,4,V3_CLEAN,1,14095240,0.01409524,256,18162.159707816256
9,5,256,4,V3_CLEAN,2,12424980,0.01242498,256,20603.654895219148
9,5,256,4,V3_CLEAN,3,14329350,0.01432935,256,17865.430043930814
9,5,256,4,V3_CLEAN,4,12328080,0.01232808,256,20765.60178065035
9,5,256,4,V3_CLEAN,5,14351110,0.01435111,256,17838.341424461243
9,5,256,4,V3_CLEAN,6,12337211,0.012337211,256,20750.232771410003
9,5,256,4,V3_CLEAN,7,14261400,0.0142614,256,17950.55183923037
9,5,256,4,V3_CLEAN,8,12254160,0.01225416,256,20890.86481651945
9,5,256,4,V3_CLEAN,9,14459600,0.0144596,256,17704.500816066837
9,5,256,4,V3_CLEAN,10,12246370,0.01224637,256,20904.1536389967
9,5,256,4,V3_CLEAN,11,14378010,0.01437801,256,17804.967446816354
9,5,256,4,V3_CLEAN,12,12051920,0.01205192,256,21241.428751601405
9,5,256,4,V3_CLEAN,13,15033490,0.01503349,256,17028.647373297885
9,5,256,4,V3_CLEAN,14,12144080,0.01214408,256,21080.23003801029
9,5,256,4,V3_CLEAN,15,14257350,0.01425735,256,17955.6509449512
9,5,256,4,V3_CLEAN,16,12246660,0.01224666,256,20903.658630189784
9,5,256,4,V3_CLEAN,17,14132670,0.01413267,256,18114.057711670903
9,5,256,4,V3_CLEAN,18,12194150,0.01219415,256,20993.6731957537
9,5,256,4,V3_CLEAN,19,14734220,0.01473422,256,17374.51999495053
9,5,256,4,V3_CLEAN,20,12582580,0.01258258,256,20345.588901481256
9,5,256,4,V3_CLEAN,21,14280860,0.01428086,256,17926.091285818922
9,5,256,4,V3_CLEAN,22,12527590,0.01252759,256,20434.896097333964
9,5,256,4,V3_CLEAN,23,14208370,0.01420837,256,18017.548811017732
9,5,256,4,V3_CLEAN,24,12252420,0.01225242,256,20893.831585923435
9,5,256,4,V3_CLEAN,25,14384960,0.01438496,256,17796.36509242987
9,5,256,4,V3_CLEAN,26,12150280,0.01215028,256,21069.47329608865
9,5,256,4,V3_CLEAN,27,14551650,0.01455165,256,17592.506691681014
9,5,256,4,V3_CLEAN,28,12216570,0.01221657,256,20955.145347671238
9,5,256,4,V3_CLEAN,29,14220590,0.01422059,256,18002.066018357888
9,5,256,4,V3_CLEAN,30,12180150,0.01218015,256,21017.80355742745
9,5,256,4,V3_CLEAN,31,14159360,0.01415936,256,18079.91321641656
9,5,256,4,V3_CLEAN,32,12946240,0.01294624,256,19774.08112316781
9,5,256,4,V3_CLEAN,33,14171160,0.01417116,256,18064.85848723746
9,5,256,4,V3_CLEAN,34,12419300,0.0124193,256,20613.07803177313
9,5,256,4,V3_CLEAN,35,14249281,0.014249281,256,17965.818766574957
9,5,256,4,V3_CLEAN,36,12078219,0.012078219,256,21195.177865213405
9,5,256,4,V3_CLEAN,37,15157641,0.015157641,256,16889.17160658443
9,5,256,4,V3_CLEAN,38,12375130,0.01237513,256,20686.651372551238
9,5,256,4,V3_CLEAN,39,14471300,0.0144713,256,17690.18678349561
9,5,256,4,V3_CLEAN,40,12361529,0.012361529,256,20709.412241802773
9,5,256,4,V3_CLEAN,41,14707050,0.01470705,256,17406.617914537586
9,5,256,4,V3_CLEAN,42,12305891,0.012305891,256,20803.04465560438
9,5,256,4,V3_CLEAN,43,14391150,0.01439115,256,17788.71042272508
9,5,256,4,V3_CLEAN,44,12708480,0.01270848,256,20144.029813164125
9,5,256,4,V3_CLEAN,45,15085170,0.01508517,256,16970.30925074096
9,5,256,4,V3_CLEAN,46,12304491,0.012304491,256,20805.411617595557
9,5,256,4,V3_CLEAN,47,14483411,0.014483411,256,17675.394283846534
9,5,256,4,V3_CLEAN,48,12282510,0.01228251,256,20842.64535506179
9,5,256,4,V3_CLEAN,49,14639529,0.014639529,256,17486.90138869905
9,5,256,4,V3_CLEAN,50,12489930,0.01248993,256,20496.511990059193
9,5,256,4,V3_CLEAN,51,14459881,0.014459881,256,17704.15676311582
9,5,256,4,V3_CLEAN,52,12277590,0.01227759,256,20850.997630642498
9,5,256,4,V3_CLEAN,53,14359890,0.01435989,256,17827.434611267912
9,5,256,4,V3_CLEAN,54,12335180,0.01233518,256,20753.6493184534
9,5,256,4,V3_CLEAN,55,14349070,0.01434907,256,17840.877492408916
9,5,256,4,V3_CLEAN,56,12185100,0.0121851,256,21009.265414317484
9,5,256,4,V3_CLEAN,57,14386530,0.01438653,256,17794.422977604747
9,5,256,4,V3_CLEAN,58,12256570,0.01225657,256,20886.757061722816
9,5,256,4,V3_CLEAN,59,14363300,0.0143633,256,17823.20218891202
9,5,256,4,V3_CLEAN,60,12419490,0.01241949,256,20612.76268188146
9,5,256,4,V3_CLEAN,61,14431410,0.01443141,256,17739.08439993043
9,5,256,4,V3_CLEAN,62,12453620,0.01245362,256,20556.271991597623
9,5,256,4,V3_CLEAN,63,14356740,0.01435674,256,17831.346113393432
9,5,256,4,V3_CLEAN,64,12239250,0.01223925,256,20916.314316645217
9,5,256,4,V3_CLEAN,65,14534320,0.01453432,256,17613.483121329376
9,5,256,4,V3_CLEAN,66,12327640,0.01232764,256,20766.34294966433
9,5,256,4,V3_CLEAN,67,15383040,0.01538304,256,16641.704110500916
9,5,256,4,V3_CLEAN,68,12461080,0.01246108,256,20543.965691577298
9,5,256,4,V3_CLEAN,69,14336780,0.01433678,256,17856.171329963912
9,5,256,4,V3_CLEAN,70,12227820,0.01222782,256,20935.865918863707
9,5,256,4,V3_CLEAN,71,14437970,0.01443797,256,17731.02451383401
9,5,256,4,V3_CLEAN,72,12223030,0.01222303,256,20944.070332806186
9,5,256,4,V3_CLEAN,73,14336070,0.01433607,256,17857.055664488245
9,5,256,4,V3_CLEAN,74,12355390,0.01235539,256,20719.70208953339
9,5,256,4,V3_CLEAN,75,14490930,0.01449093,256,17666.222940832646
9,5,256,4,V3_CLEAN,76,13606080,0.01360608,256,18815.11794727063
9,5,256,4,V3_CLEAN,77,14243770,0.01424377,256,17972.76984955528
9,5,256,4,V3_CLEAN,78,12426920,0.01242692,256,20600.438403079766
9,5,256,4,V3_CLEAN,79,14212460,0.01421246,256,18012.36379908897
9,5,256,4,V3_CLEAN,80,12150020,0.01215002,256,21069.924164733886
9,5,256,4,V3_CLEAN,81,14256690,0.01425669,256,17956.48218485497
9,5,256,4,V3_CLEAN,82,12591540,0.01259154,256,20331.111206413196
9,5,256,4,V3_CLEAN,83,14705801,0.014705801,256,17408.096301588743
9,5,256,4,V3_CLEAN,84,12291089,0.012291089,256,20828.0974940463
9,5,256,4,V3_CLEAN,85,14484389,0.014484389,256,17674.20082407342
9,5,256,4,V3_CLEAN,86,12216290,0.01221629,256,20955.625644119453
9,5,256,4,V3_CLEAN,87,14733859,0.014733859,256,17374.94569481084
9,5,256,4,V3_CLEAN,88,12459550,0.01245955,256,20546.488436580777
9,5,256,4,V3_CLEAN,89,14612260,0.01461226,256,17519.53496584375
9,5,256,4,V3_CLEAN,90,12541590,0.01254159,256,20412.084911083843
9,5,256,4,V3_CLEAN,91,14429250,0.01442925,256,17741.739868669545
9,5,256,4,V3_CLEAN,92,12266460,0.01226646,256,20869.916830120506
9,5,256,4,V3_CLEAN,93,14509770,0.01450977,256,17643.28449038131
9,5,256,4,V3_CLEAN,94,12195170,0.01219517,256,20991.91729184587
9,5,256,4,V3_CLEAN,95,14547330,0.01454733,256,17597.730992560148
9,5,256,4,V3_CLEAN,96,12755480,0.01275548,256,20069.805291529603
9,5,256,4,V3_CLEAN,97,14595720,0.01459572,256,17539.38825902388
9,5,256,4,V3_CLEAN,98,12420450,0.01242045,256,20611.169482587185
9,5,256,4,V3_CLEAN,99,14606060,0.01460606,256,17526.97168161708
9,5,256,4,V3_CLEAN,100,12441740,0.01244174,256,20575.900155444495
10,5,256,4,V2_ORIGINAL,1,13176441,0.013176441,256,19428.615056220417
10,5,256,4,V2_ORIGINAL,2,11881160,0.01188116,256,21546.71766056513
10,5,256,4,V2_ORIGINAL,3,13280760,0.01328076,256,19276.00528885395
10,5,256,4,V2_ORIGINAL,4,12054110,0.01205411,256,21237.569592446063
10,5,256,4,V2_ORIGINAL,5,13317331,0.013317331,256,19223.071049296588
10,5,256,4,V2_ORIGINAL,6,14144010,0.01414401,256,18099.534714695477
10,5,256,4,V2_ORIGINAL,7,13437510,0.01343751,256,19051.148613098707
10,5,256,4,V2_ORIGINAL,8,12318190,0.01231819,256,20782.27401915379
10,5,256,4,V2_ORIGINAL,9,13206290,0.01320629,256,19384.702289590794
10,5,256,4,V2_ORIGINAL,10,12119430,0.01211943,256,21123.105624604457
10,5,256,4,V2_ORIGINAL,11,14615680,0.01461568,256,17515.43547751456
10,5,256,4,V2_ORIGINAL,12,12024160,0.01202416,256,21290.46852337294
10,5,256,4,V2_ORIGINAL,13,13427210,0.01342721,256,19065.76273105135
10,5,256,4,V2_ORIGINAL,14,12057020,0.01205702,256,21232.443837697872
10,5,256,4,V2_ORIGINAL,15,13176000,0.013176,256,19429.265330904676
10,5,256,4,V2_ORIGINAL,16,12132950,0.01213295,256,21099.567706122583
10,5,256,4,V2_ORIGINAL,17,13063500,0.0130635,256,19596.585907298962
10,5,256,4,V2_ORIGINAL,18,12022290,0.01202229,256,21293.780136729358
10,5,256,4,V2_ORIGINAL,19,14380220,0.01438022,256,17802.231120247117
10,5,256,4,V2_ORIGINAL,20,11869280,0.01186928,256,21568.283838615316
10,5,256,4,V2_ORIGINAL,21,13272430,0.01327243,256,19288.103233545025
10,5,256,4,V2_ORIGINAL,22,12479190,0.01247919,256,20514.151960183313
10,5,256,4,V2_ORIGINAL,23,13311540,0.01331154,256,19231.433778510975
10,5,256,4,V2_ORIGINAL,24,12401580,0.01240158,256,20642.531032336203
10,5,256,4,V2_ORIGINAL,25,13431540,0.01343154,256,19059.61639543939
10,5,256,4,V2_ORIGINAL,26,12496050,0.01249605,256,20486.47372569732
10,5,256,4,V2_ORIGINAL,27,13674081,0.013674081,256,18721.550647535292
10,5,256,4,V2_ORIGINAL,28,12022980,0.01202298,256,21292.55808460132
10,5,256,4,V2_ORIGINAL,29,13455970,0.01345597,256,19025.012689534833
10,5,256,4,V2_ORIGINAL,30,12123201,0.012123201,256,21116.535146121885
10,5,256,4,V2_ORIGINAL,31,13396481,0.013396481,256,19109.495993761346
10,5,256,4,V2_ORIGINAL,32,12022240,0.01202224,256,21293.868696682148
10,5,256,4,V2_ORIGINAL,33,13600070,0.01360007,256,18823.43252645023
10,5,256,4,V2_ORIGINAL,34,12003410,0.01200341,256,21327.272833303203
10,5,256,4,V2_ORIGINAL,35,13372050,0.01337205,256,19144.409421143355
10,5,256,4,V2_ORIGINAL,36,12450330,0.01245033,256,20561.703986962595
10,5,256,4,V2_ORIGINAL,37,12891530,0.01289153,256,19857.999787457346
10,5,256,4,V2_ORIGINAL,38,11860920,0.01186092,256,21583.485935323733
10,5,256,4,V2_ORIGINAL,39,13024400,0.0130244,256,19655.41598845244
10,5,256,4,V2_ORIGINAL,40,11713240,0.01171324,256,21855.6095495354
10,5,256,4,V2_ORIGINAL,41,14606320,0.01460632,256,17526.659692516663
10,5,256,4,V2_ORIGINAL,42,12315380,0.01231538,256,20787.0159101871
10,5,256,4,V2_ORIGINAL,43,13356570,0.01335657,256,19166.59741235961
10,5,256,4,V2_ORIGINAL,44,12337470,0.01233747,256,20749.797162627347
10,5,256,4,V2_ORIGINAL,45,13830770,0.01383077,256,18509.45392049756
10,5,256,4,V2_ORIGINAL,46,12068770,0.01206877,256,21211.772202138247
10,5,256,4,V2_ORIGINAL,47,14203110,0.01420311,256,18024.22145572343
10,5,256,4,V2_ORIGINAL,48,12215950,0.01221595,256,20956.208890835343
10,5,256,4,V2_ORIGINAL,49,13612720,0.01361272,256,18805.940326400603
10,5,256,4,V2_ORIGINAL,50,12687750,0.01268775,256,20176.94232625958
10,5,256,4,V2_ORIGINAL,51,14554110,0.01455411,256,17589.533128442756
10,5,256,4,V2_ORIGINAL,52,12035830,0.01203583,256,21269.825180315773
10,5,256,4,V2_ORIGINAL,53,13261780,0.01326178,256,19303.592730387623
10,5,256,4,V2_ORIGINAL,54,12310180,0.01231018,256,20795.796649602198
10,5,256,4,V2_ORIGINAL,55,13586440,0.01358644,256,18842.316309496822
10,5,256,4,V2_ORIGINAL,56,13591970,0.01359197,256,18834.6501647664
10,5,256,4,V2_ORIGINAL,57,14161820,0.01416182,256,18076.772618208677
10,5,256,4,V2_ORIGINAL,58,12235860,0.01223586,256,20922.109275522933
10,5,256,4,V2_ORIGINAL,59,13418820,0.01341882,256,19077.683432671427
10,5,256,4,V2_ORIGINAL,60,12219471,0.012219471,256,20950.17042881807
10,5,256,4,V2_ORIGINAL,61,13349650,0.01334965,256,19176.532718086244
10,5,256,4,V2_ORIGINAL,62,11985300,0.0119853,256,21359.49871926443
10,5,256,4,V2_ORIGINAL,63,13196920,0.01319692,256,19398.465702603335
10,5,256,4,V2_ORIGINAL,64,12128370,0.01212837,256,21107.535472615036
10,5,256,4,V2_ORIGINAL,65,13280290,0.01328029,256,19276.68748197517
10,5,256,4,V2_ORIGINAL,66,12156960,0.01215696,256,21057.89605296061
10,5,256,4,V2_ORIGINAL,67,13156520,0.01315652,256,19458.03297528526
10,5,256,4,V2_ORIGINAL,68,12059890,0.01205989,256,21227.390962935813
10,5,256,4,V2_ORIGINAL,69,13491380,0.01349138,256,18975.078902232388
10,5,256,4,V2_ORIGINAL,70,12113590,0.01211359,256,21133.289140543802
10,5,256,4,V2_ORIGINAL,71,13121000,0.013121,256,19510.70802530295
10,5,256,4,V2_ORIGINAL,72,11878400,0.0118784,256,21551.724137931033
10,5,256,4,V2_ORIGINAL,73,13867900,0.0138679,256,18459.896595735474
10,5,256,4,V2_ORIGINAL,74,11985520,0.01198552,256,21359.10665536414
10,5,256,4,V2_ORIGINAL,75,12973960,0.01297396,256,19731.83206977669
10,5,256,4,V2_ORIGINAL,76,12188310,0.01218831,256,21003.732264768452
10,5,256,4,V2_ORIGINAL,77,13365070,0.01336507,256,19154.40772102204
10,5,256,4,V2_ORIGINAL,78,12050140,0.01205014,256,21244.56645316984
10,5,256,4,V2_ORIGINAL,79,13272550,0.01327255,256,19287.928845624992
10,5,256,4,V2_ORIGINAL,80,12205050,0.01220505,256,20974.924314115877
10,5,256,4,V2_ORIGINAL,81,13077840,0.01307784,256,19575.098028420594
10,5,256,4,V2_ORIGINAL,82,12046980,0.01204698,256,21250.139038995665
10,5,256,4,V2_ORIGINAL,83,13044830,0.01304483,256,19624.63290054374
10,5,256,4,V2_ORIGINAL,84,11932700,0.0119327,256,21453.65256815306
10,5,256,4,V2_ORIGINAL,85,12867010,0.01286701,256,19895.842157579733
10,5,256,4,V2_ORIGINAL,86,12051010,0.01205101,256,21243.03274165402
10,5,256,4,V2_ORIGINAL,87,12961370,0.01296137,256,19750.998544135382
10,5,256,4,V2_ORIGINAL,88,11892830,0.01189283,256,21525.574652963172
10,5,256,4,V2_ORIGINAL,89,13054100,0.0130541,256,19610.697022391432
10,5,256,4,V2_ORIGINAL,90,12148350,0.01214835,256,21072.82058880424
10,5,256,4,V2_ORIGINAL,91,13028871,0.013028871,256,19648.67101685173
10,5,256,4,V2_ORIGINAL,92,11949209,0.011949209,256,21424.012250518004
10,5,256,4,V2_ORIGINAL,93,13385409,0.013385409,256,19125.3027830528
10,5,256,4,V2_ORIGINAL,94,12265821,0.012265821,256,20871.004068948994
10,5,256,4,V2_ORIGINAL,95,13233530,0.01323353,256,19344.8006692092
10,5,256,4,V2_ORIGINAL,96,12123001,0.012123001,256,21116.883517538274
10,5,256,4,V2_ORIGINAL,97,13343081,0.013343081,256,19185.9736143399
10,5,256,4,V2_ORIGINAL,98,12492790,0.01249279,256,20491.819681592344
10,5,256,4,V2_ORIGINAL,99,14410170,0.01441017,256,17765.23108332518
10,5,256,4,V2_ORIGINAL,100,12854170,0.01285417,256,19915.716067237325
11,6,8192,3,V2_ORIGINAL,1,525858711,0.525858711,8192,15578.32898578721
11,6,8192,3,V2_ORIGINAL,2,536874300,0.5368743,8192,15258.692770356114
11,6,8192,3,V2_ORIGINAL,3,539212861,0.539212861,8192,15192.51596634302
11,6,8192,3,V2_ORIGINAL,4,538776480,0.53877648,8192,15204.821116170475
11,6,8192,3,V2_ORIGINAL,5,533853271,0.533853271,8192,15345.04037908199
11,6,8192,3,V2_ORIGINAL,6,540714011,0.540714011,8192,15150.33794824303
11,6,8192,3,V2_ORIGINAL,7,582903301,0.582903301,8192,14053.789000587596
11,6,8192,3,V2_ORIGINAL,8,540711521,0.540711521,8192,15150.407716206219
11,6,8192,3,V2_ORIGINAL,9,536046911,0.536046911,8192,15282.244579523376
11,6,8192,3,V2_ORIGINAL,10,543367771,0.543367771,8192,15076.345041450757
11,6,8192,3,V2_ORIGINAL,11,542975141,0.542975141,8192,15087.246876372192
11,6,8192,3,V2_ORIGINAL,12,542799061,0.542799061,8192,15092.14106765008
11,6,8192,3,V2_ORIGINAL,13,545452871,0.545452871,8192,15018.712771611757
11,6,8192,3,V2_ORIGINAL,14,545430911,0.545430911,8192,15019.317451188608
11,6,8192,3,V2_ORIGINAL,15,548572601,0.548572601,8192,14933.301417290433
11,6,8192,3,V2_ORIGINAL,16,540272910,0.54027291,8192,15162.707306572154
11,6,8192,3,V2_ORIGINAL,17,548608071,0.548608071,8192,14932.335911623875
11,6,8192,3,V2_ORIGINAL,18,547280601,0.547280601,8192,14968.555408379989
11,6,8192,3,V2_ORIGINAL,19,585712671,0.585712671,8192,13986.380021476434
11,6,8192,3,V2_ORIGINAL,20,545278741,0.545278741,8192,15023.508866266255
12,6,8192,3,V3_CLEAN,1,540895120,0.54089512,8192,15145.265130142052
12,6,8192,3,V3_CLEAN,2,539392991,0.539392991,8192,15187.44243378572
12,6,8192,3,V3_CLEAN,3,538225431,0.538225431,8192,15220.388201983715
12,6,8192,3,V3_CLEAN,4,536257181,0.536257181,8192,15276.252309990046
12,6,8192,3,V3_CLEAN,5,540179291,0.540179291,8192,15165.335170170381
12,6,8192,3,V3_CLEAN,6,583754221,0.583754221,8192,14033.303238418897
12,6,8192,3,V3_CLEAN,7,539902311,0.539902311,8192,15173.11527121802
12,6,8192,3,V3_CLEAN,8,550587671,0.550587671,8192,14878.647727656802
12,6,8192,3,V3_CLEAN,9,535503720,0.53550372,8192,15297.746204265397
12,6,8192,3,V3_CLEAN,10,545175770,0.54517577,8192,15026.346457033482
12,6,8192,3,V3_CLEAN,11,542164661,0.542164661,8192,15109.800747415367
12,6,8192,3,V3_CLEAN,12,543963981,0.543963981,8192,15059.820661177197
12,6,8192,3,V3_CLEAN,13,545773431,0.545773431,8192,15009.891531344992
12,6,8192,3,V3_CLEAN,14,545917981,0.545917981,8192,15005.917161757674
12,6,8192,3,V3_CLEAN,15,542193601,0.542193601,8192,15108.994250192192
12,6,8192,3,V3_CLEAN,16,535934931,0.535934931,8192,15285.437701764582
12,6,8192,3,V3_CLEAN,17,535010432,0.535010432,8192,15311.850965926586
12,6,8192,3,V3_CLEAN,18,539553980,0.53955398,8192,15182.91089243749
12,6,8192,3,V3_CLEAN,19,546477851,0.546477851,8192,14990.543505120027
12,6,8192,3,V3_CLEAN,20,539883981,0.539883981,8192,15173.630424867153
13,7,1,4,V3_CLEAN,1,38860,3.886e-05,1,25733.40195573855
13,7,1,4,V3_CLEAN,2,39191,3.9191e-05,1,25516.062361256412
13,7,1,4,V3_CLEAN,3,60099,6.0099e-05,1,16639.211966921244
13,7,1,4,V3_CLEAN,4,40180,4.018e-05,1,24888.003982080638
13,7,1,4,V3_CLEAN,5,36300,3.63e-05,1,27548.209366391184
13,7,1,4,V3_CLEAN,6,36080,3.608e-05,1,27716.18625277162
13,7,1,4,V3_CLEAN,7,36260,3.626e-05,1,27578.599007170433
13,7,1,4,V3_CLEAN,8,37490,3.749e-05,1,26673.779674579888
13,7,1,4,V3_CLEAN,9,35929,3.5929e-05,1,27832.66998803195
13,7,1,4,V3_CLEAN,10,35460,3.546e-05,1,28200.789622109416
13,7,1,4,V3_CLEAN,11,34729,3.4729e-05,1,28794.37933715339
13,7,1,4,V3_CLEAN,12,34769,3.4769e-05,1,28761.252840173718
13,7,1,4,V3_CLEAN,13,36210,3.621e-05,1,27616.680475006902
13,7,1,4,V3_CLEAN,14,37220,3.722e-05,1,26867.275658248254
13,7,1,4,V3_CLEAN,15,34951,3.4951e-05,1,28611.484649938488
13,7,1,4,V3_CLEAN,16,37669,3.7669e-05,1,26547.02806020866
13,7,1,4,V3_CLEAN,17,36149,3.6149e-05,1,27663.282525104427
13,7,1,4,V3_CLEAN,18,34750,3.475e-05,1,28776.97841726619
13,7,1,4,V3_CLEAN,19,34260,3.426e-05,1,29188.55808523059
13,7,1,4,V3_CLEAN,20,35171,3.5171e-05,1,28432.51542463962
13,7,1,4,V3_CLEAN,21,35831,3.5831e-05,1,27908.794061008623
13,7,1,4,V3_CLEAN,22,65790,6.579e-05,1,15199.878400972791
13,7,1,4,V3_CLEAN,23,36340,3.634e-05,1,27517.8866263071
13,7,1,4,V3_CLEAN,24,35920,3.592e-05,1,27839.643652561244
13,7,1,4,V3_CLEAN,25,39271,3.9271e-05,1,25464.08291105396
13,7,1,4,V3_CLEAN,26,36260,3.626e-05,1,27578.599007170433
13,7,1,4,V3_CLEAN,27,34989,3.4989e-05,1,28580.410986309984
13,7,1,4,V3_CLEAN,28,42160,4.216e-05,1,23719.16508538899
13,7,1,4,V3_CLEAN,29,38240,3.824e-05,1,26150.62761506276
13,7,1,4,V3_CLEAN,30,36149,3.6149e-05,1,27663.282525104427
13,7,1,4,V3_CLEAN,31,35400,3.54e-05,1,28248.58757062147
13,7,1,4,V3_CLEAN,32,35911,3.5911e-05,1,27846.620812564393
13,7,1,4,V3_CLEAN,33,38611,3.8611e-05,1,25899.355106057857
13,7,1,4,V3_CLEAN,34,38809,3.8809e-05,1,25767.21894405937
13,7,1,4,V3_CLEAN,35,38089,3.8089e-05,1,26254.29914148442
13,7,1,4,V3_CLEAN,36,37710,3.771e-05,1,26518.164942985943
13,7,1,4,V3_CLEAN,37,34700,3.47e-05,1,28818.44380403458
13,7,1,4,V3_CLEAN,38,34320,3.432e-05,1,29137.52913752914
13,7,1,4,V3_CLEAN,39,33791,3.3791e-05,1,29593.678790210408
13,7,1,4,V3_CLEAN,40,34231,3.4231e-05,1,29213.286202564926
13,7,1,4,V3_CLEAN,41,35639,3.5639e-05,1,28059.14868542888
13,7,1,4,V3_CLEAN,42,36880,3.688e-05,1,27114.967462039047
13,7,1,4,V3_CLEAN,43,34229,3.4229e-05,1,29214.993134476612
13,7,1,4,V3_CLEAN,44,36229,3.6229e-05,1,27602.197134891936
13,7,1,4,V3_CLEAN,45,36520,3.652e-05,1,27382.256297918946
13,7,1,4,V3_CLEAN,46,35741,3.5741e-05,1,27979.071654402505
13,7,1,4,V3_CLEAN,47,63560,6.356e-05,1,15733.165512901198
13,7,1,4,V3_CLEAN,48,39591,3.9591e-05,1,25258.265767472403
13,7,1,4,V3_CLEAN,49,35439,3.5439e-05,1,28217.50049380626
13,7,1,4,V3_CLEAN,50,34540,3.454e-05,1,28951.939779965258
13,7,1,4,V3_CLEAN,51,35289,3.5289e-05,1,28337.44226246139
13,7,1,4,V3_CLEAN,52,36189,3.6189e-05,1,27632.706070905522
13,7,1,4,V3_CLEAN,53,36329,3.6329e-05,1,27526.21872333398
13,7,1,4,V3_CLEAN,54,49730,4.973e-05,1,20108.586366378444
13,7,1,4,V3_CLEAN,55,36631,3.6631e-05,1,27299.28202888264
13,7,1,4,V3_CLEAN,56,34360,3.436e-05,1,29103.608847497086
13,7,1,4,V3_CLEAN,57,34180,3.418e-05,1,29256.87536571094
13,7,1,4,V3_CLEAN,58,34251,3.4251e-05,1,29196.22784736212
13,7,1,4,V3_CLEAN,59,34950,3.495e-05,1,28612.303290414875
13,7,1,4,V3_CLEAN,60,35980,3.598e-05,1,27793.218454697057
13,7,1,4,V3_CLEAN,61,42140,4.214e-05,1,23730.422401518746
13,7,1,4,V3_CLEAN,62,36131,3.6131e-05,1,27677.064017049073
13,7,1,4,V3_CLEAN,63,34440,3.444e-05,1,29036.004645760742
13,7,1,4,V3_CLEAN,64,34531,3.4531e-05,1,28959.485679534333
13,7,1,4,V3_CLEAN,65,34720,3.472e-05,1,28801.84331797235
13,7,1,4,V3_CLEAN,66,34809,3.4809e-05,1,28728.202476371054
13,7,1,4,V3_CLEAN,67,34040,3.404e-05,1,29377.20329024677
13,7,1,4,V3_CLEAN,68,39400,3.94e-05,1,25380.710659898476
13,7,1,4,V3_CLEAN,69,34401,3.4401e-05,1,29068.922415046076
13,7,1,4,V3_CLEAN,70,34100,3.41e-05,1,29325.513196480937
13,7,1,4,V3_CLEAN,71,36589,3.6589e-05,1,27330.618491896472
13,7,1,4,V3_CLEAN,72,34720,3.472e-05,1,28801.84331797235
13,7,1,4,V3_CLEAN,73,49080,4.908e-05,1,20374.898125509375
13,7,1,4,V3_CLEAN,74,39690,3.969e-05,1,25195.263290501385
13,7,1,4,V3_CLEAN,75,36540,3.654e-05,1,27367.26874657909
13,7,1,4,V3_CLEAN,76,35669,3.5669e-05,1,28035.549076228657
13,7,1,4,V3_CLEAN,77,34731,3.4731e-05,1,28792.72120008062
13,7,1,4,V3_CLEAN,78,36441,3.6441e-05,1,27441.61795779479
13,7,1,4,V3_CLEAN,79,34029,3.4029e-05,1,29386.699579770193
13,7,1,4,V3_CLEAN,80,42520,4.252e-05,1,23518.344308560678
13,7,1,4,V3_CLEAN,81,35900,3.59e-05,1,27855.15320334262
13,7,1,4,V3_CLEAN,82,34311,3.4311e-05,1,29145.172102241268
13,7,1,4,V3_CLEAN,83,33890,3.389e-05,1,29507.229271171436
13,7,1,4,V3_CLEAN,84,34060,3.406e-05,1,29359.95302407516
13,7,1,4,V3_CLEAN,85,34571,3.4571e-05,1,28925.978421220098
13,7,1,4,V3_CLEAN,86,34540,3.454e-05,1,28951.939779965258
13,7,1,4,V3_CLEAN,87,34011,3.4011e-05,1,29402.25221251948
13,7,1,4,V3_CLEAN,88,33970,3.397e-05,1,29437.739181630848
13,7,1,4,V3_CLEAN,89,37900,3.79e-05,1,26385.224274406333
13,7,1,4,V3_CLEAN,90,35449,3.5449e-05,1,28209.5404665858
13,7,1,4,V3_CLEAN,91,34940,3.494e-05,1,28620.492272467087
13,7,1,4,V3_CLEAN,92,38809,3.8809e-05,1,25767.21894405937
13,7,1,4,V3_CLEAN,93,35590,3.559e-05,1,28097.780275358244
13,7,1,4,V3_CLEAN,94,34820,3.482e-05,1,28719.126938541067
13,7,1,4,V3_CLEAN,95,34720,3.472e-05,1,28801.84331797235
13,7,1,4,V3_CLEAN,96,34660,3.466e-05,1,28851.70225043278
13,7,1,4,V3_CLEAN,97,34849,3.4849e-05,1,28695.22798358633
13,7,1,4,V3_CLEAN,98,34041,3.4041e-05,1,29376.34029552598
13,7,1,4,V3_CLEAN,99,35260,3.526e-05,1,28360.748723766308
13,7,1,4,V3_CLEAN,100,50649,5.0649e-05,1,19743.726430926574
13,7,1,4,V3_CLEAN,101,36440,3.644e-05,1,27442.371020856204
13,7,1,4,V3_CLEAN,102,34971,3.4971e-05,1,28595.121672242716
13,7,1,4,V3_CLEAN,103,34281,3.4281e-05,1,29170.677634841457
13,7,1,4,V3_CLEAN,104,33780,3.378e-05,1,29603.315571343992
13,7,1,4,V3_CLEAN,105,34740,3.474e-05,1,28785.261945883703
13,7,1,4,V3_CLEAN,106,34140,3.414e-05,1,29291.154071470413
13,7,1,4,V3_CLEAN,107,40989,4.0989e-05,1,24396.78938251726
13,7,1,4,V3_CLEAN,108,37921,3.7921e-05,1,26370.612589330452
13,7,1,4,V3_CLEAN,109,34811,3.4811e-05,1,28726.551951969202
13,7,1,4,V3_CLEAN,110,41329,4.1329e-05,1,24196.08507343512
13,7,1,4,V3_CLEAN,111,37291,3.7291e-05,1,26816.121852457698
13,7,1,4,V3_CLEAN,112,35420,3.542e-05,1,28232.6369282891
13,7,1,4,V3_CLEAN,113,34040,3.404e-05,1,29377.20329024677
13,7,1,4,V3_CLEAN,114,34091,3.4091e-05,1,29333.2551113197
13,7,1,4,V3_CLEAN,115,36329,3.6329e-05,1,27526.21872333398
13,7,1,4,V3_CLEAN,116,34560,3.456e-05,1,28935.185185185182
13,7,1,4,V3_CLEAN,117,35110,3.511e-05,1,28481.913984619765
13,7,1,4,V3_CLEAN,118,34830,3.483e-05,1,28710.88142405972
13,7,1,4,V3_CLEAN,119,36220,3.622e-05,1,27609.055770292653
13,7,1,4,V3_CLEAN,120,34600,3.46e-05,1,28901.73410404624
13,7,1,4,V3_CLEAN,121,34591,3.4591e-05,1,28909.253852158075
13,7,1,4,V3_CLEAN,122,34359,3.4359e-05,1,29104.455892197093
13,7,1,4,V3_CLEAN,123,34069,3.4069e-05,1,29352.197011946344
13,7,1,4,V3_CLEAN,124,33871,3.3871e-05,1,29523.78140592247
13,7,1,4,V3_CLEAN,125,33911,3.3911e-05,1,29488.956385833506
13,7,1,4,V3_CLEAN,126,47720,4.772e-05,1,20955.57418273261
13,7,1,4,V3_CLEAN,127,40241,4.0241e-05,1,24850.277080589447
13,7,1,4,V3_CLEAN,128,35720,3.572e-05,1,27995.520716685332
13,7,1,4,V3_CLEAN,129,35180,3.518e-05,1,28425.241614553725
13,7,1,4,V3_CLEAN,130,35440,3.544e-05,1,28216.704288939054
13,7,1,4,V3_CLEAN,131,35270,3.527e-05,1,28352.707683583783
13,7,1,4,V3_CLEAN,132,37320,3.732e-05,1,26795.284030010716
13,7,1,4,V3_CLEAN,133,40609,4.0609e-05,1,24625.083109655498
13,7,1,4,V3_CLEAN,134,37080,3.708e-05,1,26968.71628910464
13,7,1,4,V3_CLEAN,135,34820,3.482e-05,1,28719.126938541067
13,7,1,4,V3_CLEAN,136,34230,3.423e-05,1,29214.139643587496
13,7,1,4,V3_CLEAN,137,34180,3.418e-05,1,29256.87536571094
13,7,1,4,V3_CLEAN,138,36140,3.614e-05,1,27670.17155506364
13,7,1,4,V3_CLEAN,139,34849,3.4849e-05,1,28695.22798358633
13,7,1,4,V3_CLEAN,140,34149,3.4149e-05,1,29283.434361181877
13,7,1,4,V3_CLEAN,141,34050,3.405e-05,1,29368.57562408223
13,7,1,4,V3_CLEAN,142,34060,3.406e-05,1,29359.95302407516
13,7,1,4,V3_CLEAN,143,34020,3.402e-05,1,29394.473838918282
13,7,1,4,V3_CLEAN,144,34200,3.42e-05,1,29239.76608187135
13,7,1,4,V3_CLEAN,145,33940,3.394e-05,1,29463.759575721866
13,7,1,4,V3_CLEAN,146,33949,3.3949e-05,1,29455.94862882559
13,7,1,4,V3_CLEAN,147,33789,3.3789e-05,1,29595.430465536123
13,7,1,4,V3_CLEAN,148,33860,3.386e-05,1,29533.372711163618
13,7,1,4,V3_CLEAN,149,33800,3.38e-05,1,29585.798816568047
13,7,1,4,V3_CLEAN,150,34809,3.4809e-05,1,28728.202476371054
13,7,1,4,V3_CLEAN,151,34369,3.4369e-05,1,29095.987663301228
13,7,1,4,V3_CLEAN,152,33970,3.397e-05,1,29437.739181630848
13,7,1,4,V3_CLEAN,153,51580,5.158e-05,1,19387.35944164405
13,7,1,4,V3_CLEAN,154,39329,3.9329e-05,1,25426.530041445243
13,7,1,4,V3_CLEAN,155,34690,3.469e-05,1,28826.751225136926
13,7,1,4,V3_CLEAN,156,38860,3.886e-05,1,25733.40195573855
13,7,1,4,V3_CLEAN,157,34340,3.434e-05,1,29120.559114735002
13,7,1,4,V3_CLEAN,158,35989,3.5989e-05,1,27786.268026341386
13,7,1,4,V3_CLEAN,159,34660,3.466e-05,1,28851.70225043278
13,7,1,4,V3_CLEAN,160,40199,4.0199e-05,1,24876.240702505038
13,7,1,4,V3_CLEAN,161,37181,3.7181e-05,1,26895.45735725236
13,7,1,4,V3_CLEAN,162,34311,3.4311e-05,1,29145.172102241268
13,7,1,4,V3_CLEAN,163,33580,3.358e-05,1,29779.630732578917
13,7,1,4,V3_CLEAN,164,33480,3.348e-05,1,29868.57825567503
13,7,1,4,V3_CLEAN,165,33529,3.3529e-05,1,29824.927674550392
13,7,1,4,V3_CLEAN,166,33799,3.3799e-05,1,29586.674161957453
13,7,1,4,V3_CLEAN,167,33660,3.366e-05,1,29708.853238265005
13,7,1,4,V3_CLEAN,168,33511,3.3511e-05,1,29840.947748500494
13,7,1,4,V3_CLEAN,169,34040,3.404e-05,1,29377.20329024677
13,7,1,4,V3_CLEAN,170,33749,3.3749e-05,1,29630.507570594687
13,7,1,4,V3_CLEAN,171,33510,3.351e-05,1,29841.838257236643
13,7,1,4,V3_CLEAN,172,33730,3.373e-05,1,29647.198339756895
13,7,1,4,V3_CLEAN,173,33811,3.3811e-05,1,29576.173434681023
13,7,1,4,V3_CLEAN,174,38711,3.8711e-05,1,25832.45072460024
13,7,1,4,V3_CLEAN,175,35851,3.5851e-05,1,27893.224735711698
13,7,1,4,V3_CLEAN,176,35071,3.5071e-05,1,28513.586724074023
13,7,1,4,V3_CLEAN,177,35789,3.5789e-05,1,27941.546285171422
13,7,1,4,V3_CLEAN,178,35151,3.5151e-05,1,28448.69278256664
13,7,1,4,V3_CLEAN,179,34300,3.43e-05,1,29154.51895043732
13,7,1,4,V3_CLEAN,180,47351,4.7351e-05,1,21118.878165191865
13,7,1,4,V3_CLEAN,181,39271,3.9271e-05,1,25464.08291105396
13,7,1,4,V3_CLEAN,182,34640,3.464e-05,1,28868.360277136257
13,7,1,4,V3_CLEAN,183,34300,3.43e-05,1,29154.51895043732
13,7,1,4,V3_CLEAN,184,34160,3.416e-05,1,29274.00468384075
13,7,1,4,V3_CLEAN,185,33951,3.3951e-05,1,29454.21342523048
13,7,1,4,V3_CLEAN,186,33950,3.395e-05,1,29455.081001472754
13,7,1,4,V3_CLEAN,187,34249,3.4249e-05,1,29197.932786358728
13,7,1,4,V3_CLEAN,188,43920,4.392e-05,1,22768.670309653917
13,7,1,4,V3_CLEAN,189,36620,3.662e-05,1,27307.482250136538
13,7,1,4,V3_CLEAN,190,34340,3.434e-05,1,29120.559114735002
13,7,1,4,V3_CLEAN,191,34750,3.475e-05,1,28776.97841726619
13,7,1,4,V3_CLEAN,192,34180,3.418e-05,1,29256.87536571094
13,7,1,4,V3_CLEAN,193,33720,3.372e-05,1,29655.990510083033
13,7,1,4,V3_CLEAN,194,33960,3.396e-05,1,29446.40753828033
13,7,1,4,V3_CLEAN,195,37840,3.784e-05,1,26427.061310782243
13,7,1,4,V3_CLEAN,196,34910,3.491e-05,1,28645.08736751647
13,7,1,4,V3_CLEAN,197,35431,3.5431e-05,1,28223.871750726765
13,7,1,4,V3_CLEAN,198,36709,3.6709e-05,1,27241.27598136697
13,7,1,4,V3_CLEAN,199,34809,3.4809e-05,1,28728.202476371054
13,7,1,4,V3_CLEAN,200,34900,3.49e-05,1,28653.295128939826
14,7,1,4,V2_ORIGINAL,1,38250,3.825e-05,1,26143.7908496732
14,7,1,4,V2_ORIGINAL,2,39560,3.956e-05,1,25278.058645096055
14,7,1,4,V2_ORIGINAL,3,39580,3.958e-05,1,25265.285497726127
14,7,1,4,V2_ORIGINAL,4,41820,4.182e-05,1,23912.003825920612
14,7,1,4,V2_ORIGINAL,5,38530,3.853e-05,1,25953.802232026992
14,7,1,4,V2_ORIGINAL,6,61020,6.102e-05,1,16388.069485414617
14,7,1,4,V2_ORIGINAL,7,40240,4.024e-05,1,24850.89463220676
14,7,1,4,V2_ORIGINAL,8,39350,3.935e-05,1,25412.960609911053
14,7,1,4,V2_ORIGINAL,9,37840,3.784e-05,1,26427.061310782243
14,7,1,4,V2_ORIGINAL,10,36850,3.685e-05,1,27137.042062415196
14,7,1,4,V2_ORIGINAL,11,60890,6.089e-05,1,16423.057973394647
14,7,1,4,V2_ORIGINAL,12,46490,4.649e-05,1,21510.002151000215
14,7,1,4,V2_ORIGINAL,13,37640,3.764e-05,1,26567.48140276302
14,7,1,4,V2_ORIGINAL,14,37260,3.726e-05,1,26838.432635534085
14,7,1,4,V2_ORIGINAL,15,36880,3.688e-05,1,27114.967462039047
14,7,1,4,V2_ORIGINAL,16,36440,3.644e-05,1,27442.371020856204
14,7,1,4,V2_ORIGINAL,17,38150,3.815e-05,1,26212.31979030144
14,7,1,4,V2_ORIGINAL,18,39360,3.936e-05,1,25406.504065040648
14,7,1,4,V2_ORIGINAL,19,36990,3.699e-05,1,27034.333603676667
14,7,1,4,V2_ORIGINAL,20,57210,5.721e-05,1,17479.461632581715
14,7,1,4,V2_ORIGINAL,21,40560,4.056e-05,1,24654.83234714004
14,7,1,4,V2_ORIGINAL,22,37330,3.733e-05,1,26788.10608090008
14,7,1,4,V2_ORIGINAL,23,36070,3.607e-05,1,27723.87025228722
14,7,1,4,V2_ORIGINAL,24,36850,3.685e-05,1,27137.042062415196
14,7,1,4,V2_ORIGINAL,25,41030,4.103e-05,1,24372.410431391665
14,7,1,4,V2_ORIGINAL,26,37690,3.769e-05,1,26532.236667551075
14,7,1,4,V2_ORIGINAL,27,35680,3.568e-05,1,28026.905829596413
14,7,1,4,V2_ORIGINAL,28,36000,3.6e-05,1,27777.777777777777
14,7,1,4,V2_ORIGINAL,29,35540,3.554e-05,1,28137.310073157005
14,7,1,4,V2_ORIGINAL,30,35580,3.558e-05,1,28105.677346824057
14,7,1,4,V2_ORIGINAL,31,35220,3.522e-05,1,28392.958546280523
14,7,1,4,V2_ORIGINAL,32,35250,3.525e-05,1,28368.79432624113
14,7,1,4,V2_ORIGINAL,33,77820,7.782e-05,1,12850.167052171679
14,7,1,4,V2_ORIGINAL,34,62200,6.22e-05,1,16077.170418006432
14,7,1,4,V2_ORIGINAL,35,41800,4.18e-05,1,23923.444976076556
14,7,1,4,V2_ORIGINAL,36,37230,3.723e-05,1,26860.059092130003
14,7,1,4,V2_ORIGINAL,37,38690,3.869e-05,1,25846.47195657793
14,7,1,4,V2_ORIGINAL,38,35770,3.577e-05,1,27956.388034665924
14,7,1,4,V2_ORIGINAL,39,35720,3.572e-05,1,27995.520716685332
14,7,1,4,V2_ORIGINAL,40,36840,3.684e-05,1,27144.40825190011
14,7,1,4,V2_ORIGINAL,41,36110,3.611e-05,1,27693.159789531986
14,7,1,4,V2_ORIGINAL,42,35680,3.568e-05,1,28026.905829596413
14,7,1,4,V2_ORIGINAL,43,35690,3.569e-05,1,28019.052956010088
14,7,1,4,V2_ORIGINAL,44,35760,3.576e-05,1,27964.205816554808
14,7,1,4,V2_ORIGINAL,45,35940,3.594e-05,1,27824.15136338342
14,7,1,4,V2_ORIGINAL,46,35340,3.534e-05,1,28296.54782116582
14,7,1,4,V2_ORIGINAL,47,37140,3.714e-05,1,26925.148088314487
14,7,1,4,V2_ORIGINAL,48,44770,4.477e-05,1,22336.38597274961
14,7,1,4,V2_ORIGINAL,49,36610,3.661e-05,1,27314.941272876265
14,7,1,4,V2_ORIGINAL,50,53630,5.363e-05,1,18646.28006712661
14,7,1,4,V2_ORIGINAL,51,37300,3.73e-05,1,26809.65147453083
14,7,1,4,V2_ORIGINAL,52,35430,3.543e-05,1,28224.66836014677
14,7,1,4,V2_ORIGINAL,53,35630,3.563e-05,1,28066.236317709794
14,7,1,4,V2_ORIGINAL,54,35540,3.554e-05,1,28137.310073157005
14,7,1,4,V2_ORIGINAL,55,35850,3.585e-05,1,27894.00278940028
14,7,1,4,V2_ORIGINAL,56,41930,4.193e-05,1,23849.272597185787
14,7,1,4,V2_ORIGINAL,57,35800,3.58e-05,1,27932.960893854746
14,7,1,4,V2_ORIGINAL,58,35600,3.56e-05,1,28089.88764044944
14,7,1,4,V2_ORIGINAL,59,35550,3.555e-05,1,28129.395218002817
14,7,1,4,V2_ORIGINAL,60,35190,3.519e-05,1,28417.16396703609
14,7,1,4,V2_ORIGINAL,61,34920,3.492e-05,1,28636.884306987402
14,7,1,4,V2_ORIGINAL,62,38080,3.808e-05,1,26260.504201680673
14,7,1,4,V2_ORIGINAL,63,41780,4.178e-05,1,23934.897079942555
14,7,1,4,V2_ORIGINAL,64,38220,3.822e-05,1,26164.31187859759
14,7,1,4,V2_ORIGINAL,65,36050,3.605e-05,1,27739.251040221912
14,7,1,4,V2_ORIGINAL,66,66750,6.675e-05,1,14981.273408239702
14,7,1,4,V2_ORIGINAL,67,39300,3.93e-05,1,25445.29262086514
14,7,1,4,V2_ORIGINAL,68,41730,4.173e-05,1,23963.57536544452
14,7,1,4,V2_ORIGINAL,69,37140,3.714e-05,1,26925.148088314487
14,7,1,4,V2_ORIGINAL,70,35810,3.581e-05,1,27925.160569673277
14,7,1,4,V2_ORIGINAL,71,71570,7.157e-05,1,13972.334777141261
14,7,1,4,V2_ORIGINAL,72,38980,3.898e-05,1,25654.18163160595
14,7,1,4,V2_ORIGINAL,73,36220,3.622e-05,1,27609.055770292653
14,7,1,4,V2_ORIGINAL,74,36160,3.616e-05,1,27654.867256637168
14,7,1,4,V2_ORIGINAL,75,36000,3.6e-05,1,27777.777777777777
14,7,1,4,V2_ORIGINAL,76,37669,3.7669e-05,1,26547.02806020866
14,7,1,4,V2_ORIGINAL,77,35810,3.581e-05,1,27925.160569673277
14,7,1,4,V2_ORIGINAL,78,67401,6.7401e-05,1,14836.575124998146
14,7,1,4,V2_ORIGINAL,79,55660,5.566e-05,1,17966.22349982034
14,7,1,4,V2_ORIGINAL,80,50570,5.057e-05,1,19774.56990310461
14,7,1,4,V2_ORIGINAL,81,38029,3.8029e-05,1,26295.721686081677
14,7,1,4,V2_ORIGINAL,82,36820,3.682e-05,1,27159.152634437803
14,7,1,4,V2_ORIGINAL,83,36180,3.618e-05,1,27639.579878385848
14,7,1,4,V2_ORIGINAL,84,35560,3.556e-05,1,28121.4848143982
14,7,1,4,V2_ORIGINAL,85,38250,3.825e-05,1,26143.7908496732
14,7,1,4,V2_ORIGINAL,86,36731,3.6731e-05,1,27224.95984318423
14,7,1,4,V2_ORIGINAL,87,37220,3.722e-05,1,26867.275658248254
14,7,1,4,V2_ORIGINAL,88,38300,3.83e-05,1,26109.66057441253
14,7,1,4,V2_ORIGINAL,89,43910,4.391e-05,1,22773.85561375541
14,7,1,4,V2_ORIGINAL,90,37370,3.737e-05,1,26759.43270002676
14,7,1,4,V2_ORIGINAL,91,36300,3.63e-05,1,27548.209366391184
14,7,1,4,V2_ORIGINAL,92,35890,3.589e-05,1,27862.914460852608
14,7,1,4,V2_ORIGINAL,93,38830,3.883e-05,1,25753.283543651814
14,7,1,4,V2_ORIGINAL,94,36280,3.628e-05,1,27563.39581036384
14,7,1,4,V2_ORIGINAL,95,42850,4.285e-05,1,23337.222870478414
14,7,1,4,V2_ORIGINAL,96,36920,3.692e-05,1,27085.590465872156
14,7,1,4,V2_ORIGINAL,97,35600,3.56e-05,1,28089.88764044944
14,7,1,4,V2_ORIGINAL,98,35230,3.523e-05,1,28384.89923360772
14,7,1,4,V2_ORIGINAL,99,41600,4.16e-05,1,24038.46153846154
14,7,1,4,V2_ORIGINAL,100,41610,4.161e-05,1,24032.684450853158
14,7,1,4,V2_ORIGINAL,101,40500,4.05e-05,1,24691.358024691355
14,7,1,4,V2_ORIGINAL,102,44040,4.404e-05,1,22706.63033605813
14,7,1,4,V2_ORIGINAL,103,37920,3.792e-05,1,26371.308016877636
14,7,1,4,V2_ORIGINAL,104,38490,3.849e-05,1,25980.77422707197
14,7,1,4,V2_ORIGINAL,105,39930,3.993e-05,1,25043.82669671926
14,7,1,4,V2_ORIGINAL,106,35280,3.528e-05,1,28344.671201814057
14,7,1,4,V2_ORIGINAL,107,35570,3.557e-05,1,28113.5788585887
14,7,1,4,V2_ORIGINAL,108,46010,4.601e-05,1,21734.405564007822
14,7,1,4,V2_ORIGINAL,109,36430,3.643e-05,1,27449.90392533626
14,7,1,4,V2_ORIGINAL,110,59360,5.936e-05,1,16846.361185983827
14,7,1,4,V2_ORIGINAL,111,37810,3.781e-05,1,26448.029621793175
14,7,1,4,V2_ORIGINAL,112,36000,3.6e-05,1,27777.777777777777
14,7,1,4,V2_ORIGINAL,113,35590,3.559e-05,1,28097.780275358244
14,7,1,4,V2_ORIGINAL,114,35140,3.514e-05,1,28457.598178713717
14,7,1,4,V2_ORIGINAL,115,39950,3.995e-05,1,25031.289111389236
14,7,1,4,V2_ORIGINAL,116,44490,4.449e-05,1,22476.96111485727
14,7,1,4,V2_ORIGINAL,117,36700,3.67e-05,1,27247.956403269756
14,7,1,4,V2_ORIGINAL,118,35660,3.566e-05,1,28042.624789680314
14,7,1,4,V2_ORIGINAL,119,36000,3.6e-05,1,27777.777777777777
14,7,1,4,V2_ORIGINAL,120,35150,3.515e-05,1,28449.50213371266
14,7,1,4,V2_ORIGINAL,121,35560,3.556e-05,1,28121.4848143982
14,7,1,4,V2_ORIGINAL,122,35660,3.566e-05,1,28042.624789680314
14,7,1,4,V2_ORIGINAL,123,41689,4.1689e-05,1,23987.142891410203
14,7,1,4,V2_ORIGINAL,124,37320,3.732e-05,1,26795.284030010716
14,7,1,4,V2_ORIGINAL,125,47950,4.795e-05,1,20855.057351407715
14,7,1,4,V2_ORIGINAL,126,40489,4.0489e-05,1,24698.066141421128
14,7,1,4,V2_ORIGINAL,127,35680,3.568e-05,1,28026.905829596413
14,7,1,4,V2_ORIGINAL,128,54120,5.412e-05,1,18477.457501847748
14,7,1,4,V2_ORIGINAL,129,36960,3.696e-05,1,27056.277056277057
14,7,1,4,V2_ORIGINAL,130,35770,3.577e-05,1,27956.388034665924
14,7,1,4,V2_ORIGINAL,131,37900,3.79e-05,1,26385.224274406333
14,7,1,4,V2_ORIGINAL,132,37420,3.742e-05,1,26723.67717797969
14,7,1,4,V2_ORIGINAL,133,35980,3.598e-05,1,27793.218454697057
14,7,1,4,V2_ORIGINAL,134,37080,3.708e-05,1,26968.71628910464
14,7,1,4,V2_ORIGINAL,135,35740,3.574e-05,1,27979.854504756575
14,7,1,4,V2_ORIGINAL,136,35130,3.513e-05,1,28465.69883290635
14,7,1,4,V2_ORIGINAL,137,34860,3.486e-05,1,28686.173264486515
14,7,1,4,V2_ORIGINAL,138,35720,3.572e-05,1,27995.520716685332
14,7,1,4,V2_ORIGINAL,139,44990,4.499e-05,1,22227.16159146477
14,7,1,4,V2_ORIGINAL,140,36460,3.646e-05,1,27427.317608337904
14,7,1,4,V2_ORIGINAL,141,51710,5.171e-05,1,19338.61922258751
14,7,1,4,V2_ORIGINAL,142,36260,3.626e-05,1,27578.599007170433
14,7,1,4,V2_ORIGINAL,143,35660,3.566e-05,1,28042.624789680314
14,7,1,4,V2_ORIGINAL,144,35900,3.59e-05,1,27855.15320334262
14,7,1,4,V2_ORIGINAL,145,36290,3.629e-05,1,27555.80049600441
14,7,1,4,V2_ORIGINAL,146,34820,3.482e-05,1,28719.126938541067
14,7,1,4,V2_ORIGINAL,147,36480,3.648e-05,1,27412.280701754382
14,7,1,4,V2_ORIGINAL,148,35570,3.557e-05,1,28113.5788585887
14,7,1,4,V2_ORIGINAL,149,36230,3.623e-05,1,27601.435274634285
14,7,1,4,V2_ORIGINAL,150,35630,3.563e-05,1,28066.236317709794
14,7,1,4,V2_ORIGINAL,151,42030,4.203e-05,1,23792.529145848202
14,7,1,4,V2_ORIGINAL,152,36520,3.652e-05,1,27382.256297918946
14,7,1,4,V2_ORIGINAL,153,41040,4.104e-05,1,24366.471734892788
14,7,1,4,V2_ORIGINAL,154,37240,3.724e-05,1,26852.84640171858
14,7,1,4,V2_ORIGINAL,155,41580,4.158e-05,1,24050.02405002405
14,7,1,4,V2_ORIGINAL,156,35180,3.518e-05,1,28425.241614553725
14,7,1,4,V2_ORIGINAL,157,40270,4.027e-05,1,24832.381425378695
14,7,1,4,V2_ORIGINAL,158,35850,3.585e-05,1,27894.00278940028
14,7,1,4,V2_ORIGINAL,159,43200,4.32e-05,1,23148.14814814815
14,7,1,4,V2_ORIGINAL,160,36630,3.663e-05,1,27300.0273000273
14,7,1,4,V2_ORIGINAL,161,35850,3.585e-05,1,27894.00278940028
14,7,1,4,V2_ORIGINAL,162,35350,3.535e-05,1,28288.54314002829
14,7,1,4,V2_ORIGINAL,163,40180,4.018e-05,1,24888.003982080638
14,7,1,4,V2_ORIGINAL,164,36390,3.639e-05,1,27480.07694421544
14,7,1,4,V2_ORIGINAL,165,35300,3.53e-05,1,28328.611898017
14,7,1,4,V2_ORIGINAL,166,35020,3.502e-05,1,28555.111364934324
14,7,1,4,V2_ORIGINAL,167,34830,3.483e-05,1,28710.88142405972
14,7,1,4,V2_ORIGINAL,168,34931,3.4931e-05,1,28627.866365119808
14,7,1,4,V2_ORIGINAL,169,35230,3.523e-05,1,28384.89923360772
14,7,1,4,V2_ORIGINAL,170,34710,3.471e-05,1,28810.141169691735
14,7,1,4,V2_ORIGINAL,171,37461,3.7461e-05,1,26694.42887269427
14,7,1,4,V2_ORIGINAL,172,35419,3.5419e-05,1,28233.434032581383
14,7,1,4,V2_ORIGINAL,173,43860,4.386e-05,1,22799.81760145919
14,7,1,4,V2_ORIGINAL,174,39579,3.9579e-05,1,25265.92384850552
14,7,1,4,V2_ORIGINAL,175,37290,3.729e-05,1,26816.840976133015
14,7,1,4,V2_ORIGINAL,176,35320,3.532e-05,1,28312.57078142695
14,7,1,4,V2_ORIGINAL,177,35069,3.5069e-05,1,28515.212866064045
14,7,1,4,V2_ORIGINAL,178,35660,3.566e-05,1,28042.624789680314
14,7,1,4,V2_ORIGINAL,179,36080,3.608e-05,1,27716.18625277162
14,7,1,4,V2_ORIGINAL,180,35960,3.596e-05,1,27808.676307007787
14,7,1,4,V2_ORIGINAL,181,35780,3.578e-05,1,27948.574622694243
14,7,1,4,V2_ORIGINAL,182,34870,3.487e-05,1,28677.946659019213
14,7,1,4,V2_ORIGINAL,183,35139,3.5139e-05,1,28458.408036654433
14,7,1,4,V2_ORIGINAL,184,35450,3.545e-05,1,28208.744710860366
14,7,1,4,V2_ORIGINAL,185,35400,3.54e-05,1,28248.58757062147
14,7,1,4,V2_ORIGINAL,186,34920,3.492e-05,1,28636.884306987402
14,7,1,4,V2_ORIGINAL,187,37860,3.786e-05,1,26413.10089804543
14,7,1,4,V2_ORIGINAL,188,35410,3.541e-05,1,28240.60999717594
14,7,1,4,V2_ORIGINAL,189,44980,4.498e-05,1,22232.10315695865
14,7,1,4,V2_ORIGINAL,190,35930,3.593e-05,1,27831.895352073472
14,7,1,4,V2_ORIGINAL,191,35270,3.527e-05,1,28352.707683583783
14,7,1,4,V2_ORIGINAL,192,35500,3.55e-05,1,28169.014084507042
14,7,1,4,V2_ORIGINAL,193,36740,3.674e-05,1,27218.290691344584
14,7,1,4,V2_ORIGINAL,194,36130,3.613e-05,1,27677.830058123443
14,7,1,4,V2_ORIGINAL,195,38210,3.821e-05,1,26171.159382360638
14,7,1,4,V2_ORIGINAL,196,36060,3.606e-05,1,27731.558513588465
14,7,1,4,V2_ORIGINAL,197,35270,3.527e-05,1,28352.707683583783
14,7,1,4,V2_ORIGINAL,198,38290,3.829e-05,1,26116.479498563593
14,7,1,4,V2_ORIGINAL,199,36220,3.622e-05,1,27609.055770292653
14,7,1,4,V2_ORIGINAL,200,36060,3.606e-05,1,27731.558513588465
15,8,256,2,V2_ORIGINAL,1,13703160,0.01370316,256,18681.822295003487
15,8,256,2,V2_ORIGINAL,2,12094580,0.01209458,256,21166.505988632925
15,8,256,2,V2_ORIGINAL,3,12978010,0.01297801,256,19725.674429284612
15,8,256,2,V2_ORIGINAL,4,11978650,0.01197865,256,21371.356538508095
15,8,256,2,V2_ORIGINAL,5,13095290,0.01309529,256,19549.013423910426
15,8,256,2,V2_ORIGINAL,6,12354040,0.01235404,256,20721.966255573076
15,8,256,2,V2_ORIGINAL,7,12877520,0.01287752,256,19879.604147382415
15,8,256,2,V2_ORIGINAL,8,11954290,0.01195429,256,21414.90628050683
15,8,256,2,V2_ORIGINAL,9,14590780,0.01459078,256,17545.326569244415
15,8,256,2,V2_ORIGINAL,10,13345080,0.01334508,256,19183.099689173836
15,8,256,2,V2_ORIGINAL,11,13826990,0.01382699,256,18514.51400485572
15,8,256,2,V2_ORIGINAL,12,12132850,0.01213285,256,21099.741610586134
15,8,256,2,V2_ORIGINAL,13,13325330,0.01332533,256,19211.53172191608
15,8,256,2,V2_ORIGINAL,14,12114310,0.01211431,256,21132.033107952495
15,8,256,2,V2_ORIGINAL,15,13155800,0.0131558,256,19459.09788838383
15,8,256,2,V2_ORIGINAL,16,12351890,0.01235189,256,20725.573171393204
15,8,256,2,V2_ORIGINAL,17,13027960,0.01302796,256,19650.044980181086
15,8,256,2,V2_ORIGINAL,18,12102160,0.01210216,256,21153.24867626936
15,8,256,2,V2_ORIGINAL,19,13280511,0.013280511,256,19276.366700046405
15,8,256,2,V2_ORIGINAL,20,12024071,0.012024071,256,21290.62611157236
15,8,256,2,V2_ORIGINAL,21,13265300,0.0132653,256,19298.470445447896
15,8,256,2,V2_ORIGINAL,22,12437671,0.012437671,256,20582.63158753757
15,8,256,2,V2_ORIGINAL,23,13244680,0.01324468,256,19328.51529821785
15,8,256,2,V2_ORIGINAL,24,12199890,0.01219989,256,20983.795755535502
15,8,256,2,V2_ORIGINAL,25,13549270,0.01354927,256,18894.00683579263
15,8,256,2,V2_ORIGINAL,26,12202790,0.01220279,256,20978.80894451187
15,8,256,2,V2_ORIGINAL,27,13237661,0.013237661,256,19338.763849595485
15,8,256,2,V2_ORIGINAL,28,12137881,0.012137881,256,21090.996031350118
15,8,256,2,V2_ORIGINAL,29,12956791,0.012956791,256,19757.978653819453
15,8,256,2,V2_ORIGINAL,30,12125440,0.01212544,256,21112.635912593687
15,8,256,2,V2_ORIGINAL,31,13043810,0.01304381,256,19626.167507806385
15,8,256,2,V2_ORIGINAL,32,12204320,0.01220432,256,20976.178926806246
15,8,256,2,V2_ORIGINAL,33,13823350,0.01382335,256,18519.38929420148
15,8,256,2,V2_ORIGINAL,34,11900450,0.01190045,256,21511.791570906982
15,8,256,2,V2_ORIGINAL,35,13246900,0.0132469,256,19325.276102333377
15,8,256,2,V2_ORIGINAL,36,11974820,0.01197482,256,21378.191906016124
15,8,256,2,V2_ORIGINAL,37,13621440,0.01362144,256,18793.901379002513
15,8,256,2,V2_ORIGINAL,38,12095260,0.01209526,256,21165.315999821418
15,8,256,2,V2_ORIGINAL,39,13151780,0.01315178,256,19465.045796082355
15,8,256,2,V2_ORIGINAL,40,11769640,0.01176964,256,21750.877681900212
15,8,256,2,V2_ORIGINAL,41,13134150,0.01313415,256,19491.173772189293
15,8,256,2,V2_ORIGINAL,42,12409720,0.01240972,256,20628.99082332236
15,8,256,2,V2_ORIGINAL,43,13216080,0.01321608,256,19370.342794535143
15,8,256,2,V2_ORIGINAL,44,12203370,0.01220337,256,20977.811866722062
15,8,256,2,V2_ORIGINAL,45,13384090,0.01338409,256,19127.187578684843
15,8,256,2,V2_ORIGINAL,46,11977010,0.01197701,256,21374.28289698347
15,8,256,2,V2_ORIGINAL,47,13729870,0.01372987,256,18645.478799143766
15,8,256,2,V2_ORIGINAL,48,12369130,0.01236913,256,20696.686023996837
15,8,256,2,V2_ORIGINAL,49,13767110,0.01376711,256,18595.042823076157
15,8,256,2,V2_ORIGINAL,50,12403309,0.012403309,256,20639.653498917105
15,8,256,2,V2_ORIGINAL,51,13443990,0.01344399,256,19041.965963973493
15,8,256,2,V2_ORIGINAL,52,12506740,0.01250674,256,20468.963135077563
15,8,256,2,V2_ORIGINAL,53,13335190,0.01333519,256,19197.326772246965
15,8,256,2,V2_ORIGINAL,54,12060009,0.012060009,256,21227.181505420103
15,8,256,2,V2_ORIGINAL,55,13121400,0.0131214,256,19510.113250110506
15,8,256,2,V2_ORIGINAL,56,11964211,0.011964211,256,21397.148545775395
15,8,256,2,V2_ORIGINAL,57,13511440,0.01351144,256,18946.90721344283
15,8,256,2,V2_ORIGINAL,58,11968089,0.011968089,256,21390.21526327219
15,8,256,2,V2_ORIGINAL,59,13128060,0.01312806,256,19500.215568789296
15,8,256,2,V2_ORIGINAL,60,11960160,0.01196016,256,21404.395927813675
15,8,256,2,V2_ORIGINAL,61,14390950,0.01439095,256,17788.957643519017
15,8,256,2,V2_ORIGINAL,62,12183100,0.0121831,256,21012.71433379025
15,8,256,2,V2_ORIGINAL,63,13314380,0.01331438,256,19227.331651943237
15,8,256,2,V2_ORIGINAL,64,12098130,0.01209813,256,21160.295020800735
15,8,256,2,V2_ORIGINAL,65,13147410,0.01314741,256,19471.515682556488
15,8,256,2,V2_ORIGINAL,66,12007700,0.0120077,256,21319.653222515553
15,8,256,2,V2_ORIGINAL,67,13076290,0.01307629,256,19577.418365606758
15,8,256,2,V2_ORIGINAL,68,12218060,0.01221806,256,20952.589854690515
15,8,256,2,V2_ORIGINAL,69,13733830,0.01373383,256,18640.1025788145
15,8,256,2,V2_ORIGINAL,70,11983390,0.01198339,256,21362.903151779254
15,8,256,2,V2_ORIGINAL,71,12980670,0.01298067,256,19721.632242403513
15,8,256,2,V2_ORIGINAL,72,12580570,0.01258057,256,20348.839519989953
15,8,256,2,V2_ORIGINAL,73,12938350,0.01293835,256,19786.139654592742
15,8,256,2,V2_ORIGINAL,74,12861750,0.01286175,256,19903.97885202247
15,8,256,2,V2_ORIGINAL,75,13532070,0.01353207,256,18918.02215034359
15,8,256,2,V2_ORIGINAL,76,12341390,0.01234139,256,20743.206397334496
15,8,256,2,V2_ORIGINAL,77,14082590,0.01408259,256,18178.47427213318
15,8,256,2,V2_ORIGINAL,78,11944950,0.01194495,256,21431.651032444675
15,8,256,2,V2_ORIGINAL,79,13152340,0.01315234,256,19464.21701385457
15,8,256,2,V2_ORIGINAL,80,12043700,0.0120437,256,21255.926334930296
15,8,256,2,V2_ORIGINAL,81,12940940,0.01294094,256,19782.1796561919
15,8,256,2,V2_ORIGINAL,82,12023800,0.0120238,256,21291.105973153248
15,8,256,2,V2_ORIGINAL,83,13707181,0.013707181,256,18676.341984540803
15,8,256,2,V2_ORIGINAL,84,11897351,0.011897351,256,21517.39492261765
15,8,256,2,V2_ORIGINAL,85,12884391,0.012884391,256,19869.002733617755
15,8,256,2,V2_ORIGINAL,86,11773999,0.011773999,256,21742.825016377188
15,8,256,2,V2_ORIGINAL,87,12779520,0.01277952,256,20032.05128205128
15,8,256,2,V2_ORIGINAL,88,12155990,0.01215599,256,21059.576389911475
15,8,256,2,V2_ORIGINAL,89,12792080,0.01279208,256,20012.38266177197
15,8,256,2,V2_ORIGINAL,90,11915029,0.011915029,256,21485.470157059626
15,8,256,2,V2_ORIGINAL,91,13991230,0.01399123,256,18297.176159637143
15,8,256,2,V2_ORIGINAL,92,11963900,0.0119639,256,21397.70476182516
15,8,256,2,V2_ORIGINAL,93,13438960,0.01343896,256,19049.093084583925
15,8,256,2,V2_ORIGINAL,94,12381721,0.012381721,256,20675.639517317504
15,8,256,2,V2_ORIGINAL,95,13286470,0.01328647,256,19267.721223169134
15,8,256,2,V2_ORIGINAL,96,12015040,0.01201504,256,21306.62902495539
15,8,256,2,V2_ORIGINAL,97,14527910,0.01452791,256,17621.254536956796
15,8,256,2,V2_ORIGINAL,98,13430630,0.01343063,256,19060.90779062486
15,8,256,2,V2_ORIGINAL,99,13462420,0.01346242,256,19015.897587506555
15,8,256,2,V2_ORIGINAL,100,12245990,0.01224599,256,20904.80230671428
16,8,256,2,V3_CLEAN,1,13500920,0.01350092,256,18961.67076021486
16,8,256,2,V3_CLEAN,2,12171470,0.01217147,256,21032.792259275175
16,8,256,2,V3_CLEAN,3,14964820,0.01496482,256,17106.787786288107
16,8,256,2,V3_CLEAN,4,12875260,0.01287526,256,19883.09362296373
16,8,256,2,V3_CLEAN,5,14170110,0.01417011,256,18066.197086684577
16,8,256,2,V3_CLEAN,6,12233760,0.01223376,256,20925.70068400884
16,8,256,2,V3_CLEAN,7,14256080,0.01425608,256,17957.250520479683
16,8,256,2,V3_CLEAN,8,12919810,0.01291981,256,19814.532876257468
16,8,256,2,V3_CLEAN,9,14300820,0.01430082,256,17901.07140709414
16,8,256,2,V3_CLEAN,10,12342830,0.01234283,256,20740.78635126628
16,8,256,2,V3_CLEAN,11,14438070,0.01443807,256,17730.901706391505
16,8,256,2,V3_CLEAN,12,12158980,0.01215898,256,21054.397655066463
16,8,256,2,V3_CLEAN,13,14407710,0.01440771,256,17768.26435290549
16,8,256,2,V3_CLEAN,14,12190380,0.01219038,256,21000.16570443251
16,8,256,2,V3_CLEAN,15,14369770,0.01436977,256,17815.177278411553
16,8,256,2,V3_CLEAN,16,12533640,0.01253364,256,20425.032153468586
16,8,256,2,V3_CLEAN,17,14310210,0.01431021,256,17889.32517412393
16,8,256,2,V3_CLEAN,18,12262010,0.01226201,256,20877.49072134177
16,8,256,2,V3_CLEAN,19,14151190,0.01415119,256,18090.351412142725
16,8,256,2,V3_CLEAN,20,12067670,0.01206767,256,21213.705711210197
16,8,256,2,V3_CLEAN,21,14552830,0.01455283,256,17591.080222884484
16,8,256,2,V3_CLEAN,22,12476490,0.01247649,256,20518.59136664238
16,8,256,2,V3_CLEAN,23,16638040,0.01663804,256,15386.42772826607
16,8,256,2,V3_CLEAN,24,12433900,0.0124339,256,20588.87396552972
16,8,256,2,V3_CLEAN,25,14481451,0.014481451,256,17677.786569867894
16,8,256,2,V3_CLEAN,26,12399909,0.012399909,256,20645.312800279422
16,8,256,2,V3_CLEAN,27,14217770,0.01421777,256,18005.636608272605
16,8,256,2,V3_CLEAN,28,12520470,0.01252047,256,20446.516784114334
16,8,256,2,V3_CLEAN,29,14253400,0.0142534,256,17960.62693813406
16,8,256,2,V3_CLEAN,30,12153651,0.012153651,256,21063.629357137208
16,8,256,2,V3_CLEAN,31,14777710,0.01477771,256,17323.38772380836
16,8,256,2,V3_CLEAN,32,12087989,0.012087989,256,21178.047068044154
16,8,256,2,V3_CLEAN,33,14427671,0.014427671,256,17743.681568563632
16,8,256,2,V3_CLEAN,34,11993111,0.011993111,256,21345.58747934543
16,8,256,2,V3_CLEAN,35,14384870,0.01438487,256,17796.47643670051
16,8,256,2,V3_CLEAN,36,12279429,0.012279429,256,20847.874929689322
16,8,256,2,V3_CLEAN,37,14431730,0.01443173,256,17738.691064758
16,8,256,2,V3_CLEAN,38,12540110,0.01254011,256,20414.493971743468
16,8,256,2,V3_CLEAN,39,14668940,0.01466894,256,17451.840419280466
16,8,256,2,V3_CLEAN,40,12350651,0.012350651,256,20727.65233184874
16,8,256,2,V3_CLEAN,41,14393410,0.01439341,256,17785.917305211202
16,8,256,2,V3_CLEAN,42,12482980,0.01248298,256,20507.923588758455
16,8,256,2,V3_CLEAN,43,14123470,0.01412347,256,18125.85717249373
16,8,256,2,V3_CLEAN,44,12201930,0.01220193,256,20980.28754467531
16,8,256,2,V3_CLEAN,45,14094390,0.01409439,256,18163.2550255811
16,8,256,2,V3_CLEAN,46,12455430,0.01245543,256,20553.284792255265
16,8,256,2,V3_CLEAN,47,14382370,0.01438237,256,17799.569890080704
16,8,256,2,V3_CLEAN,48,11989970,0.01198997,256,21351.179360749025
16,8,256,2,V3_CLEAN,49,14167990,0.01416799,256,18068.900387422633
16,8,256,2,V3_CLEAN,50,13038750,0.01303875,256,19633.78391333525
16,8,256,2,V3_CLEAN,51,14233720,0.01423372,256,17985.459879778442
16,8,256,2,V3_CLEAN,52,12029640,0.01202964,256,21280.76983184867
16,8,256,2,V3_CLEAN,53,14566890,0.01456689,256,17574.101266639616
16,8,256,2,V3_CLEAN,54,12254270,0.01225427,256,20890.677290446514
16,8,256,2,V3_CLEAN,55,14226460,0.01422646,256,17994.638160160714
16,8,256,2,V3_CLEAN,56,12091370,0.01209137,256,21172.125243045244
16,8,256,2,V3_CLEAN,57,14223250,0.01422325,256,17998.69931274498
16,8,256,2,V3_CLEAN,58,12345470,0.01234547,256,20736.351066423555
16,8,256,2,V3_CLEAN,59,14066840,0.01406684,256,18198.82788174174
16,8,256,2,V3_CLEAN,60,12041680,0.01204168,256,21259.492031012283
16,8,256,2,V3_CLEAN,61,14777910,0.01477791,256,17323.153274042135
16,8,256,2,V3_CLEAN,62,12270660,0.01227066,256,20862.773477547256
16,8,256,2,V3_CLEAN,63,14246840,0.01424684,256,17968.89696241412
16,8,256,2,V3_CLEAN,64,12143560,0.01214356,256,21081.132715612228
16,8,256,2,V3_CLEAN,65,14307280,0.01430728,256,17892.988744191767
16,8,256,2,V3_CLEAN,66,12954040,0.01295404,256,19762.174580285377
16,8,256,2,V3_CLEAN,67,14835490,0.01483549,256,17255.91807213648
16,8,256,2,V3_CLEAN,68,12701680,0.01270168,256,20154.81416631501
16,8,256,2,V3_CLEAN,69,14431460,0.01443146,256,17739.0229401599
16,8,256,2,V3_CLEAN,70,12451350,0.01245135,256,20560.019596268678
16,8,256,2,V3_CLEAN,71,14329030,0.01432903,256,17865.829019828976
16,8,256,2,V3_CLEAN,72,12222161,0.012222161,256,20945.55946366604
16,8,256,2,V3_CLEAN,73,14469349,0.014469349,256,17692.572070796
16,8,256,2,V3_CLEAN,74,12280930,0.01228093,256,20845.326860425066
16,8,256,2,V3_CLEAN,75,14229460,0.01422946,256,17990.8443468691
16,8,256,2,V3_CLEAN,76,12648490,0.01264849,256,20239.57009888137
16,8,256,2,V3_CLEAN,77,14264150,0.01426415,256,17947.091134066875
16,8,256,2,V3_CLEAN,78,12296331,0.012296331,256,20819.218350579533
16,8,256,2,V3_CLEAN,79,14229291,0.014229291,256,17991.058022497396
16,8,256,2,V3_CLEAN,80,12133541,0.012133541,256,21098.53998927436
16,8,256,2,V3_CLEAN,81,14358841,0.014358841,256,17828.737012966434
16,8,256,2,V3_CLEAN,82,12105310,0.01210531,256,21147.74425438093
16,8,256,2,V3_CLEAN,83,14575550,0.01457555,256,17563.65969037189
16,8,256,2,V3_CLEAN,84,12210241,0.012210241,256,20966.00714105479
16,8,256,2,V3_CLEAN,85,14297599,0.014297599,256,17905.104206657357
16,8,256,2,V3_CLEAN,86,12169221,0.012169221,256,21036.679340444225
16,8,256,2,V3_CLEAN,87,14224650,0.01422465,256,17996.927868172505
16,8,256,2,V3_CLEAN,88,12135510,0.01213551,256,21095.116727685938
16,8,256,2,V3_CLEAN,89,14368810,0.01436881,256,17816.3675349594
16,8,256,2,V3_CLEAN,90,12151270,0.01215127,256,21067.756703620278
16,8,256,2,V3_CLEAN,91,15199640,0.01519964,256,16842.504164572318
16,8,256,2,V3_CLEAN,92,12256560,0.01225656,256,20886.77410301096
16,8,256,2,V3_CLEAN,93,14417990,0.01441799,256,17755.59561353559
16,8,256,2,V3_CLEAN,94,12342190,0.01234219,256,20741.86185757957
16,8,256,2,V3_CLEAN,95,14404040,0.01440404,256,17772.791522378444
16,8,256,2,V3_CLEAN,96,12243180,0.01224318,256,20909.600283586456
16,8,256,2,V3_CLEAN,97,14230490,0.01423049,256,17989.542173178856
16,8,256,2,V3_CLEAN,98,12204330,0.01220433,256,20976.16173931711
16,8,256,2,V3_CLEAN,99,14755640,0.01475564,256,17349.29830220851
16,8,256,2,V3_CLEAN,100,12286730,0.01228673,256,20835.48674057296
17,9,1024,3,V2_ORIGINAL,1,60047199,0.060047199,1024,17053.251726196253
17,9,1024,3,V2_ORIGINAL,2,55904880,0.05590488,1024,18316.826724250193
17,9,1024,3,V2_ORIGINAL,3,59431980,0.05943198,1024,17229.781003426102
17,9,1024,3,V2_ORIGINAL,4,56443060,0.05644306,1024,18142.177266788865
17,9,1024,3,V2_ORIGINAL,5,59512730,0.05951273,1024,17206.402730978734
17,9,1024,3,V2_ORIGINAL,6,55562920,0.05556292,1024,18429.556977927004
17,9,1024,3,V2_ORIGINAL,7,59823610,0.05982361,1024,17116.987757843435
17,9,1024,3,V2_ORIGINAL,8,55771361,0.055771361,1024,18360.67798309602
17,9,1024,3,V2_ORIGINAL,9,62032930,0.06203293,1024,16507.36149332298
17,9,1024,3,V2_ORIGINAL,10,63896800,0.0638968,1024,16025.841669692378
17,9,1024,3,V2_ORIGINAL,11,81203890,0.08120389,1024,12610.23332749207
17,9,1024,3,V2_ORIGINAL,12,56898600,0.0568986,1024,17996.927868172505
17,9,1024,3,V2_ORIGINAL,13,60570200,0.0605702,1024,16906.003282142043
17,9,1024,3,V2_ORIGINAL,14,57520371,0.057520371,1024,17802.388652882644
17,9,1024,3,V2_ORIGINAL,15,61028381,0.061028381,1024,16779.078573295268
17,9,1024,3,V2_ORIGINAL,16,56061520,0.05606152,1024,18265.648166514216
17,9,1024,3,V2_ORIGINAL,17,60351220,0.06035122,1024,16967.345481996887
17,9,1024,3,V2_ORIGINAL,18,57637040,0.05763704,1024,17766.3530257626
17,9,1024,3,V2_ORIGINAL,19,60847900,0.0608479,1024,16828.84701033232
17,9,1024,3,V2_ORIGINAL,20,55461920,0.05546192,1024,18463.11847840825
17,9,1024,3,V2_ORIGINAL,21,60054191,0.060054191,1024,17051.266247179985
17,9,1024,3,V2_ORIGINAL,22,55562209,0.055562209,1024,18429.79281115335
17,9,1024,3,V2_ORIGINAL,23,58731050,0.05873105,1024,17435.41108153183
17,9,1024,3,V2_ORIGINAL,24,56345360,0.05634536,1024,18173.63488315631
17,9,1024,3,V2_ORIGINAL,25,60213380,0.06021338,1024,17006.18699697642
17,9,1024,3,V2_ORIGINAL,26,55302190,0.05530219,1024,18516.445732076794
17,9,1024,3,V2_ORIGINAL,27,60722670,0.06072267,1024,16863.553595387028
17,9,1024,3,V2_ORIGINAL,28,55319770,0.05531977,1024,18510.561414120126
17,9,1024,3,V2_ORIGINAL,29,59263860,0.05926386,1024,17278.65852814852
17,9,1024,3,V2_ORIGINAL,30,56156380,0.05615638,1024,18234.79362451782
17,9,1024,3,V2_ORIGINAL,31,59825410,0.05982541,1024,17116.472749622608
17,9,1024,3,V2_ORIGINAL,32,56495250,0.05649525,1024,18125.417623605525
17,9,1024,3,V2_ORIGINAL,33,59635200,0.0596352,1024,17171.066752522
17,9,1024,3,V2_ORIGINAL,34,55868000,0.055868,1024,18328.91816424429
17,9,1024,3,V2_ORIGINAL,35,60114050,0.06011405,1024,17034.28732550876
17,9,1024,3,V2_ORIGINAL,36,55494210,0.05549421,1024,18452.375482054795
17,9,1024,3,V2_ORIGINAL,37,59737539,0.059737539,1024,17141.650244413315
17,9,1024,3,V2_ORIGINAL,38,56217970,0.05621797,1024,18214.81636565675
17,9,1024,3,V2_ORIGINAL,39,59832580,0.05983258,1024,17114.421607759516
17,9,1024,3,V2_ORIGINAL,40,55632370,0.05563237,1024,18406.549999577583
17,9,1024,3,V2_ORIGINAL,41,60188900,0.0601889,1024,17013.103745042692
17,9,1024,3,V2_ORIGINAL,42,55664380,0.05566438,1024,18395.965247434717
17,9,1024,3,V2_ORIGINAL,43,59386021,0.059386021,1024,17243.115176886495
17,9,1024,3,V2_ORIGINAL,44,55066720,0.05506672,1024,18595.623636199867
17,9,1024,3,V2_ORIGINAL,45,59296740,0.05929674,1024,17269.077524329332
17,9,1024,3,V2_ORIGINAL,46,55987930,0.05598793,1024,18289.65635986185
17,9,1024,3,V2_ORIGINAL,47,59577410,0.05957741,1024,17187.722661995547
17,9,1024,3,V2_ORIGINAL,48,56222710,0.05622271,1024,18213.28071877005
17,9,1024,3,V2_ORIGINAL,49,59622760,0.05962276,1024,17174.6494124056
17,9,1024,3,V2_ORIGINAL,50,56383691,0.056383691,1024,18161.280005595945
18,9,1024,3,V3_CLEAN,1,59794830,0.05979483,1024,17125.22637826715
18,9,1024,3,V3_CLEAN,2,56286500,0.0562865,1024,18192.639442850417
18,9,1024,3,V3_CLEAN,3,66787790,0.06678779,1024,15332.143794546877
18,9,1024,3,V3_CLEAN,4,57215880,0.05721588,1024,17897.129258520537
18,9,1024,3,V3_CLEAN,5,64340670,0.06434067,1024,15915.283443582417
18,9,1024,3,V3_CLEAN,6,56591670,0.05659167,1024,18094.53582126133
18,9,1024,3,V3_CLEAN,7,64194130,0.06419413,1024,15951.614267535053
18,9,1024,3,V3_CLEAN,8,56776190,0.05677619,1024,18035.72941403782
18,9,1024,3,V3_CLEAN,9,64490139,0.064490139,1024,15878.396540593592
18,9,1024,3,V3_CLEAN,10,56293060,0.05629306,1024,18190.519399727073
18,9,1024,3,V3_CLEAN,11,66063370,0.06606337,1024,15500.268908473789
18,9,1024,3,V3_CLEAN,12,55450780,0.05545078,1024,18466.82769836601
18,9,1024,3,V3_CLEAN,13,65054080,0.06505408,1024,15740.749849970978
18,9,1024,3,V3_CLEAN,14,56216340,0.05621634,1024,18215.344506597194
18,9,1024,3,V3_CLEAN,15,63549130,0.06354913,1024,16113.517211014534
18,9,1024,3,V3_CLEAN,16,57493890,0.05749389,1024,17810.58822076572
18,9,1024,3,V3_CLEAN,17,63421580,0.06342158,1024,16145.923832235021
18,9,1024,3,V3_CLEAN,18,56099851,0.056099851,1024,18253.167909483396
18,9,1024,3,V3_CLEAN,19,67366420,0.06736642,1024,15200.45150091099
18,9,1024,3,V3_CLEAN,20,57188210,0.05718821,1024,17905.78862321447
18,9,1024,3,V3_CLEAN,21,64692260,0.06469226,1024,15828.78693679893
18,9,1024,3,V3_CLEAN,22,55924320,0.05592432,1024,18310.45956392496
18,9,1024,3,V3_CLEAN,23,64466970,0.06446697,1024,15884.103130641939
18,9,1024,3,V3_CLEAN,24,58542260,0.05854226,1024,17491.637664825375
18,9,1024,3,V3_CLEAN,25,63798300,0.0637983,1024,16050.584419961033
18,9,1024,3,V3_CLEAN,26,56597031,0.056597031,1024,18092.821865514466
18,9,1024,3,V3_CLEAN,27,64811570,0.06481157,1024,15799.6481183838
18,9,1024,3,V3_CLEAN,28,55964200,0.0559642,1024,18297.411559532702
18,9,1024,3,V3_CLEAN,29,64089031,0.064089031,1024,15977.773169951655
18,9,1024,3,V3_CLEAN,30,56090170,0.05609017,1024,18256.31835310893
18,9,1024,3,V3_CLEAN,31,65161360,0.06516136,1024,15714.834681166874
18,9,1024,3,V3_CLEAN,32,55424340,0.05542434,1024,18475.637238079875
18,9,1024,3,V3_CLEAN,33,65425540,0.06542554,1024,15651.38017966684
18,9,1024,3,V3_CLEAN,34,56255570,0.05625557,1024,18202.64197838543
18,9,1024,3,V3_CLEAN,35,64237170,0.06423717,1024,15940.926413788155
18,9,1024,3,V3_CLEAN,36,55943621,0.055943621,1024,18304.14230784239
18,9,1024,3,V3_CLEAN,37,64474170,0.06447417,1024,15882.329311102416
18,9,1024,3,V3_CLEAN,38,57815631,0.057815631,1024,17711.473217338058
18,9,1024,3,V3_CLEAN,39,66247270,0.06624727,1024,15457.240728561344
18,9,1024,3,V3_CLEAN,40,56685330,0.05668533,1024,18064.63859344208
18,9,1024,3,V3_CLEAN,41,65235590,0.06523559,1024,15696.953150879759
18,9,1024,3,V3_CLEAN,42,56444440,0.05644444,1024,18141.733711947538
18,9,1024,3,V3_CLEAN,43,65599440,0.06559944,1024,15609.889352713988
18,9,1024,3,V3_CLEAN,44,56972540,0.05697254,1024,17973.571127423842
18,9,1024,3,V3_CLEAN,45,64076250,0.06407625,1024,15980.960184155596
18,9,1024,3,V3_CLEAN,46,56081600,0.0560816,1024,18259.108156685972
18,9,1024,3,V3_CLEAN,47,64536380,0.06453638,1024,15867.019501248751
18,9,1024,3,V3_CLEAN,48,55310251,0.055310251,1024,18513.74711714832
18,9,1024,3,V3_CLEAN,49,65723660,0.06572366,1024,15580.386119701792
18,9,1024,3,V3_CLEAN,50,55457761,0.055457761,1024,18464.503101738996
19,10,64,5,V3_CLEAN,1,4023300,0.0040233,64,15907.33974597967
19,10,64,5,V3_CLEAN,2,3389210,0.00338921,64,18883.456616733692
19,10,64,5,V3_CLEAN,3,4137190,0.00413719,64,15469.436985006732
19,10,64,5,V3_CLEAN,4,4595360,0.00459536,64,13927.091675080952
19,10,64,5,V3_CLEAN,5,4106540,0.00410654,64,15584.896287385489
19,10,64,5,V3_CLEAN,6,3665080,0.00366508,64,17462.101782225764
19,10,64,5,V3_CLEAN,7,5827390,0.00582739,64,10982.618290521143
19,10,64,5,V3_CLEAN,8,5467750,0.00546775,64,11704.997485254446
19,10,64,5,V3_CLEAN,9,6147230,0.00614723,64,10411.193334233467
19,10,64,5,V3_CLEAN,10,4662270,0.00466227,64,13727.218715346817
19,10,64,5,V3_CLEAN,11,6035780,0.00603578,64,10603.434850176778
19,10,64,5,V3_CLEAN,12,5593530,0.00559353,64,11441.790783279968
19,10,64,5,V3_CLEAN,13,3756540,0.00375654,64,17036.954218509585
19,10,64,5,V3_CLEAN,14,3038450,0.00303845,64,21063.3711267258
19,10,64,5,V3_CLEAN,15,3524980,0.00352498,64,18156.131382305713
19,10,64,5,V3_CLEAN,16,2899670,0.00289967,64,22071.477099118176
19,10,64,5,V3_CLEAN,17,3479190,0.00347919,64,18395.08621259546
19,10,64,5,V3_CLEAN,18,2888300,0.0028883,64,22158.363050929613
19,10,64,5,V3_CLEAN,19,3476220,0.00347622,64,18410.802538389402
19,10,64,5,V3_CLEAN,20,2915790,0.00291579,64,21949.45452175911
19,10,64,5,V3_CLEAN,21,3864900,0.0038649,64,16559.290020440374
19,10,64,5,V3_CLEAN,22,2889710,0.00288971,64,22147.55113834952
19,10,64,5,V3_CLEAN,23,3427260,0.00342726,64,18673.809398761692
19,10,64,5,V3_CLEAN,24,2939510,0.00293951,64,21772.336205694144
19,10,64,5,V3_CLEAN,25,3464630,0.00346463,64,18472.39099124582
19,10,64,5,V3_CLEAN,26,2922120,0.00292212,64,21901.906834763802
19,10,64,5,V3_CLEAN,27,3431530,0.00343153,64,18650.57277657488
19,10,64,5,V3_CLEAN,28,3572120,0.00357212,64,17916.531359528795
19,10,64,5,V3_CLEAN,29,3520760,0.00352076,64,18177.89340937752
19,10,64,5,V3_CLEAN,30,4359550,0.00435955,64,14680.414262939981
19,10,64,5,V3_CLEAN,31,6479180,0.00647918,64,9877.793177531725
19,10,64,5,V3_CLEAN,32,5414610,0.00541461,64,11819.872530062183
19,10,64,5,V3_CLEAN,33,6405070,0.00640507,64,9992.084395642827
19,10,64,5,V3_CLEAN,34,3644820,0.00364482,64,17559.16615909702
19,10,64,5,V3_CLEAN,35,3593980,0.00359398,64,17807.55596859192
19,10,64,5,V3_CLEAN,36,4732350,0.00473235,64,13523.936310712437
19,10,64,5,V3_CLEAN,37,6170910,0.00617091,64,10371.241842775215
19,10,64,5,V3_CLEAN,38,5131560,0.00513156,64,12471.840921669043
19,10,64,5,V3_CLEAN,39,4936480,0.00493648,64,12964.703594464072
19,10,64,5,V3_CLEAN,40,3456430,0.00345643,64,18516.214707082163
19,10,64,5,V3_CLEAN,41,5525500,0.0055255,64,11582.66220251561
19,10,64,5,V3_CLEAN,42,5453920,0.00545392,64,11734.67890984833
19,10,64,5,V3_CLEAN,43,6014210,0.00601421,64,10641.464132446323
19,10,64,5,V3_CLEAN,44,4346740,0.00434674,64,14723.677974758095
19,10,64,5,V3_CLEAN,45,5356670,0.00535667,64,11947.72125219586
19,10,64,5,V3_CLEAN,46,3083240,0.00308324,64,20757.385088413488
19,10,64,5,V3_CLEAN,47,3829931,0.003829931,64,16710.483818115783
19,10,64,5,V3_CLEAN,48,3394529,0.003394529,64,18853.867502678575
19,10,64,5,V3_CLEAN,49,3786570,0.00378657,64,16901.839923730447
19,10,64,5,V3_CLEAN,50,3189100,0.0031891,64,20068.357843905804
19,10,64,5,V3_CLEAN,51,3836789,0.003836789,64,16680.61496214673
19,10,64,5,V3_CLEAN,52,3190281,0.003190281,64,20060.92880219642
19,10,64,5,V3_CLEAN,53,3797589,0.003797589,64,16852.797919943416
19,10,64,5,V3_CLEAN,54,3129079,0.003129079,64,20453.30271303473
19,10,64,5,V3_CLEAN,55,3843650,0.00384365,64,16650.839696642513
19,10,64,5,V3_CLEAN,56,3146760,0.00314676,64,20338.379793819673
19,10,64,5,V3_CLEAN,57,3730460,0.00373046,64,17156.061182803194
19,10,64,5,V3_CLEAN,58,3861579,0.003861579,64,16573.531190220372
19,10,64,5,V3_CLEAN,59,3930181,0.003930181,64,16284.23729085251
19,10,64,5,V3_CLEAN,60,3172239,0.003172239,64,20175.02464347737
19,10,64,5,V3_CLEAN,61,3611140,0.00361114,64,17722.935139595807
19,10,64,5,V3_CLEAN,62,3062131,0.003062131,64,20900.47747793938
19,10,64,5,V3_CLEAN,63,3568021,0.003568021,64,17937.11415936173
19,10,64,5,V3_CLEAN,64,3062841,0.003062841,64,20895.632518958704
19,10,64,5,V3_CLEAN,65,3453379,0.003453379,64,18532.573459211977
19,10,64,5,V3_CLEAN,66,2982019,0.002982019,64,21461.96922286545
19,10,64,5,V3_CLEAN,67,3555511,0.003555511,64,18000.225565326615
19,10,64,5,V3_CLEAN,68,3009661,0.003009661,64,21264.853417045975
19,10,64,5,V3_CLEAN,69,3607009,0.003607009,64,17743.232689466535
19,10,64,5,V3_CLEAN,70,3010669,0.003010669,64,21257.733746220525
19,10,64,5,V3_CLEAN,71,3486050,0.00348605,64,18358.887566156536
19,10,64,5,V3_CLEAN,72,2967240,0.00296724,64,21568.865342877558
19,10,64,5,V3_CLEAN,73,3628280,0.00362828,64,17639.21196820532
19,10,64,5,V3_CLEAN,74,2973500,0.0029735,64,21523.457205313603
19,10,64,5,V3_CLEAN,75,3562471,0.003562471,64,17965.058522581658
19,10,64,5,V3_CLEAN,76,3008480,0.00300848,64,21273.201084933255
19,10,64,5,V3_CLEAN,77,3551620,0.00355162,64,18019.945827537857
19,10,64,5,V3_CLEAN,78,3033170,0.00303317,64,21100.03725475328
19,10,64,5,V3_CLEAN,79,3468959,0.003468959,64,18449.338836233
19,10,64,5,V3_CLEAN,80,2938340,0.00293834,64,21781.00560180238
19,10,64,5,V3_CLEAN,81,3499479,0.003499479,64,18288.43665014135
19,10,64,5,V3_CLEAN,82,2927930,0.00292793,64,21858.446069407397
19,10,64,5,V3_CLEAN,83,3668851,0.003668851,64,17444.153496557916
19,10,64,5,V3_CLEAN,84,2892000,0.002892,64,22130.013831258646
19,10,64,5,V3_CLEAN,85,3498190,0.00349819,64,18295.175505046896
19,10,64,5,V3_CLEAN,86,2950029,0.002950029,64,21694.70198428558
19,10,64,5,V3_CLEAN,87,3564280,0.00356428,64,17955.94061072643
19,10,64,5,V3_CLEAN,88,2948820,0.00294882,64,21703.596692914452
19,10,64,5,V3_CLEAN,89,3490930,0.00349093,64,18333.22352496326
19,10,64,5,V3_CLEAN,90,2918890,0.00291889,64,21926.14315715906
19,10,64,5,V3_CLEAN,91,3585020,0.00358502,64,17852.062192121663
19,10,64,5,V3_CLEAN,92,2961150,0.00296115,64,21613.224591797105
19,10,64,5,V3_CLEAN,93,3553459,0.003553459,64,18010.62007469342
19,10,64,5,V3_CLEAN,94,2938561,0.002938561,64,21779.367520361156
19,10,64,5,V3_CLEAN,95,3591840,0.00359184,64,17818.16561984944
19,10,64,5,V3_CLEAN,96,2993910,0.00299391,64,21376.728091358793
19,10,64,5,V3_CLEAN,97,3529659,0.003529659,64,18132.06318230741
19,10,64,5,V3_CLEAN,98,2968171,0.002968171,64,21562.10002725584
19,10,64,5,V3_CLEAN,99,3489240,0.00348924,64,18342.1031514026
19,10,64,5,V3_CLEAN,100,2994900,0.0029949,64,21369.661758322483
19,10,64,5,V3_CLEAN,101,3683239,0.003683239,64,17376.010625430496
19,10,64,5,V3_CLEAN,102,2919120,0.00291912,64,21924.41557729727
19,10,64,5,V3_CLEAN,103,3707660,0.00370766,64,17261.56120032581
19,10,64,5,V3_CLEAN,104,3076890,0.00307689,64,20800.223602403727
19,10,64,5,V3_CLEAN,105,3541440,0.00354144,64,18071.744826963044
19,10,64,5,V3_CLEAN,106,3006739,0.003006739,64,21285.51896257041
19,10,64,5,V3_CLEAN,107,3631600,0.0036316,64,17623.0862429783
19,10,64,5,V3_CLEAN,108,2946130,0.00294613,64,21723.41342710607
19,10,64,5,V3_CLEAN,109,3472540,0.00347254,64,18430.313257730653
19,10,64,5,V3_CLEAN,110,2933960,0.00293396,64,21813.521656736968
19,10,64,5,V3_CLEAN,111,3453370,0.00345337,64,18532.62175787709
19,10,64,5,V3_CLEAN,112,2877930,0.00287793,64,22238.20593273638
19,10,64,5,V3_CLEAN,113,3507120,0.00350712,64,18248.59143684847
19,10,64,5,V3_CLEAN,114,2916910,0.00291691,64,21941.026634349364
19,10,64,5,V3_CLEAN,115,3513010,0.00351301,64,18217.995394263038
19,10,64,5,V3_CLEAN,116,3034960,0.00303496,64,21087.592587711206
19,10,64,5,V3_CLEAN,117,3484700,0.0034847,64,18365.99994260625
19,10,64,5,V3_CLEAN,118,2924430,0.00292443,64,21884.606572904806
19,10,64,5,V3_CLEAN,119,3474940,0.00347494,64,18417.584188503974
19,10,64,5,V3_CLEAN,120,3090730,0.00309073,64,20707.08214564197
19,10,64,5,V3_CLEAN,121,3608530,0.00360853,64,17735.753894245026
19,10,64,5,V3_CLEAN,122,2953660,0.00295366,64,21668.032204112864
19,10,64,5,V3_CLEAN,123,3521010,0.00352101,64,18176.60273614673
19,10,64,5,V3_CLEAN,124,3004170,0.00300417,64,21303.721160919657
19,10,64,5,V3_CLEAN,125,3640840,0.00364084,64,17578.36103756276
19,10,64,5,V3_CLEAN,126,3049710,0.00304971,64,20985.601909689773
19,10,64,5,V3_CLEAN,127,3463790,0.00346379,64,18476.87071098421
19,10,64,5,V3_CLEAN,128,2953050,0.00295305,64,21672.508084861412
19,10,64,5,V3_CLEAN,129,3523540,0.00352354,64,18163.551428393035
19,10,64,5,V3_CLEAN,130,3012780,0.00301278,64,21242.838839875465
19,10,64,5,V3_CLEAN,131,3613730,0.00361373,64,17710.232917235102
19,10,64,5,V3_CLEAN,132,3151380,0.00315138,64,20308.563232615554
19,10,64,5,V3_CLEAN,133,3617790,0.00361779,64,17690.357925694967
19,10,64,5,V3_CLEAN,134,3039670,0.00303967,64,21054.9171456112
19,10,64,5,V3_CLEAN,135,3775920,0.00377592,64,16949.51164219581
19,10,64,5,V3_CLEAN,136,2977150,0.00297715,64,21497.06934484322
19,10,64,5,V3_CLEAN,137,3611630,0.00361163,64,17720.530619138728
19,10,64,5,V3_CLEAN,138,3002960,0.00300296,64,21312.305192210355
19,10,64,5,V3_CLEAN,139,3520770,0.00352077,64,18177.841778929043
19,10,64,5,V3_CLEAN,140,2936410,0.00293641,64,21795.32149801969
19,10,64,5,V3_CLEAN,141,3516970,0.00351697,64,18197.482492031493
19,10,64,5,V3_CLEAN,142,2997630,0.00299763,64,21350.19999132648
19,10,64,5,V3_CLEAN,143,3513710,0.00351371,64,18214.36601199302
19,10,64,5,V3_CLEAN,144,3059680,0.00305968,64,20917.220101448518
19,10,64,5,V3_CLEAN,145,3543840,0.00354384,64,18059.506072508917
19,10,64,5,V3_CLEAN,146,3038310,0.00303831,64,21064.34168995264
19,10,64,5,V3_CLEAN,147,3477770,0.00347777,64,18402.59706651101
19,10,64,5,V3_CLEAN,148,2899290,0.00289929,64,22074.369931948855
19,10,64,5,V3_CLEAN,149,3473850,0.00347385,64,18423.36312736589
19,10,64,5,V3_CLEAN,150,2902330,0.00290233,64,22051.248479669783
20,10,64,5,V2_ORIGINAL,1,3204270,0.00320427,64,19973.34806367753
20,10,64,5,V2_ORIGINAL,2,3892010,0.00389201,64,16443.945416378683
20,10,64,5,V2_ORIGINAL,3,3384390,0.00338439,64,18910.350166499724
20,10,64,5,V2_ORIGINAL,4,2963970,0.00296397,64,21592.661194276596
20,10,64,5,V2_ORIGINAL,5,3216310,0.00321631,64,19898.579427978024
20,10,64,5,V2_ORIGINAL,6,2894150,0.00289415,64,22113.573933624728
20,10,64,5,V2_ORIGINAL,7,3142080,0.00314208,64,20368.672980955293
20,10,64,5,V2_ORIGINAL,8,2873870,0.00287387,64,22269.622495102423
20,10,64,5,V2_ORIGINAL,9,3334090,0.00333409,64,19195.642589132265
20,10,64,5,V2_ORIGINAL,10,2915050,0.00291505,64,21955.02650040308
20,10,64,5,V2_ORIGINAL,11,3160490,0.00316049,64,20250.024521514068
20,10,64,5,V2_ORIGINAL,12,2852450,0.00285245,64,22436.852530280987
20,10,64,5,V2_ORIGINAL,13,3200960,0.00320096,64,19994.001799460162
20,10,64,5,V2_ORIGINAL,14,2881650,0.00288165,64,22209.498030642168
20,10,64,5,V2_ORIGINAL,15,3273650,0.00327365,64,19550.043529393795
20,10,64,5,V2_ORIGINAL,16,2941420,0.00294142,64,21758.198421170728
20,10,64,5,V2_ORIGINAL,17,3168760,0.00316876,64,20197.174920158042
20,10,64,5,V2_ORIGINAL,18,2891720,0.00289172,64,22132.15664033862
20,10,64,5,V2_ORIGINAL,19,3375810,0.00337581,64,18958.412943856438
20,10,64,5,V2_ORIGINAL,20,2966790,0.00296679,64,21572.136888691144
20,10,64,5,V2_ORIGINAL,21,3314520,0.00331452,64,19308.979882456584
20,10,64,5,V2_ORIGINAL,22,2849560,0.00284956,64,22459.60779909881
20,10,64,5,V2_ORIGINAL,23,3265330,0.00326533,64,19599.856676048057
20,10,64,5,V2_ORIGINAL,24,2905720,0.00290572,64,22025.5220737029
20,10,64,5,V2_ORIGINAL,25,3202160,0.00320216,64,19986.509106353213
20,10,64,5,V2_ORIGINAL,26,2886770,0.00288677,64,22170.107074689015
20,10,64,5,V2_ORIGINAL,27,3191530,0.00319153,64,20053.077990806916
20,10,64,5,V2_ORIGINAL,28,2918130,0.00291813,64,21931.853618584504
20,10,64,5,V2_ORIGINAL,29,3230700,0.0032307,64,19809.948308416133
20,10,64,5,V2_ORIGINAL,30,2815660,0.00281566,64,22730.01711854414
20,10,64,5,V2_ORIGINAL,31,3226400,0.0032264,64,19836.35011157947
20,10,64,5,V2_ORIGINAL,32,2906250,0.00290625,64,22021.505376344085
20,10,64,5,V2_ORIGINAL,33,3128360,0.00312836,64,20458.003554578117
20,10,64,5,V2_ORIGINAL,34,2806770,0.00280677,64,22802.010852332038
20,10,64,5,V2_ORIGINAL,35,3119710,0.00311971,64,20514.727330424943
20,10,64,5,V2_ORIGINAL,36,2822570,0.00282257,64,22674.371229057208
20,10,64,5,V2_ORIGINAL,37,3843000,0.003843,64,16653.655997918293
20,10,64,5,V2_ORIGINAL,38,3045760,0.00304576,64,21012.817818869513
20,10,64,5,V2_ORIGINAL,39,3208920,0.00320892,64,19944.40497114294
20,10,64,5,V2_ORIGINAL,40,2783560,0.00278356,64,22992.139562287142
20,10,64,5,V2_ORIGINAL,41,3159250,0.00315925,64,20257.97262008388
20,10,64,5,V2_ORIGINAL,42,2770740,0.00277074,64,23098.52241639418
20,10,64,5,V2_ORIGINAL,43,3268410,0.00326841,64,19581.38666813527
20,10,64,5,V2_ORIGINAL,44,2901100,0.0029011,64,22060.59770431905
20,10,64,5,V2_ORIGINAL,45,3130310,0.00313031,64,20445.25941520169
20,10,64,5,V2_ORIGINAL,46,2781730,0.00278173,64,23007.265262983827
20,10,64,5,V2_ORIGINAL,47,3089630,0.00308963,64,20714.454481604593
20,10,64,5,V2_ORIGINAL,48,2745170,0.00274517,64,23313.674562959673
20,10,64,5,V2_ORIGINAL,49,3092460,0.00309246,64,20695.498082432754
20,10,64,5,V2_ORIGINAL,50,2991760,0.00299176,64,21392.090274620958
20,10,64,5,V2_ORIGINAL,51,3281100,0.0032811,64,19505.653591783244
20,10,64,5,V2_ORIGINAL,52,3025971,0.003025971,64,21150.23574251042
20,10,64,5,V2_ORIGINAL,53,3142400,0.0031424,64,20366.598778004074
20,10,64,5,V2_ORIGINAL,54,2852851,0.002852851,64,22433.698780623312
20,10,64,5,V2_ORIGINAL,55,3244510,0.00324451,64,19725.62883147224
20,10,64,5,V2_ORIGINAL,56,2886880,0.00288688,64,22169.262317796376
20,10,64,5,V2_ORIGINAL,57,3133550,0.00313355,64,20424.119608750458
20,10,64,5,V2_ORIGINAL,58,2732780,0.00273278,64,23419.375141796998
20,10,64,5,V2_ORIGINAL,59,3154320,0.00315432,64,20289.634532957974
20,10,64,5,V2_ORIGINAL,60,2901260,0.00290126,64,22059.38109648911
20,10,64,5,V2_ORIGINAL,61,3086890,0.00308689,64,20732.84114432325
20,10,64,5,V2_ORIGINAL,62,2827370,0.00282737,64,22635.877157924147
20,10,64,5,V2_ORIGINAL,63,3190540,0.00319054,64,20059.300306531182
20,10,64,5,V2_ORIGINAL,64,2972651,0.002972651,64,21529.60438342745
20,10,64,5,V2_ORIGINAL,65,3531930,0.00353193,64,18120.404424776254
20,10,64,5,V2_ORIGINAL,66,2853140,0.00285314,64,22431.426428426224
20,10,64,5,V2_ORIGINAL,67,3115071,0.003115071,64,20545.278101205397
20,10,64,5,V2_ORIGINAL,68,2819390,0.00281939,64,22699.94573294223
20,10,64,5,V2_ORIGINAL,69,3182020,0.00318202,64,20113.009974795885
20,10,64,5,V2_ORIGINAL,70,2779820,0.00277982,64,23023.07343640955
20,10,64,5,V2_ORIGINAL,71,3767410,0.00376741,64,16987.79798322986
20,10,64,5,V2_ORIGINAL,72,2687160,0.00268716,64,23816.96661158993
20,10,64,5,V2_ORIGINAL,73,3117180,0.00311718,64,20531.377719605538
20,10,64,5,V2_ORIGINAL,74,3003500,0.0030035,64,21308.473447644414
20,10,64,5,V2_ORIGINAL,75,3176200,0.0031762,64,20149.864618097097
20,10,64,5,V2_ORIGINAL,76,2860849,0.002860849,64,22370.98148137144
20,10,64,5,V2_ORIGINAL,77,3146679,0.003146679,64,20338.90333268821
20,10,64,5,V2_ORIGINAL,78,2791319,0.002791319,64,22928.228554314286
20,10,64,5,V2_ORIGINAL,79,3124510,0.00312451,64,20483.21176760516
20,10,64,5,V2_ORIGINAL,80,2833919,0.002833919,64,22583.567137945724
20,10,64,5,V2_ORIGINAL,81,3265050,0.00326505,64,19601.537495597313
20,10,64,5,V2_ORIGINAL,82,2777399,0.002777399,64,23043.14216286533
20,10,64,5,V2_ORIGINAL,83,3113510,0.00311351,64,20555.57875195519
20,10,64,5,V2_ORIGINAL,84,2866231,0.002866231,64,22328.97488025215
20,10,64,5,V2_ORIGINAL,85,3219980,0.00321998,64,19875.89985030963
20,10,64,5,V2_ORIGINAL,86,2801290,0.00280129,64,22846.617094267283
20,10,64,5,V2_ORIGINAL,87,3192511,0.003192511,64,20046.916048214087
20,10,64,5,V2_ORIGINAL,88,2999489,0.002999489,64,21336.96773017004
20,10,64,5,V2_ORIGINAL,89,3235189,0.003235189,64,19782.460931957918
20,10,64,5,V2_ORIGINAL,90,2903190,0.00290319,64,22044.716329279174
20,10,64,5,V2_ORIGINAL,91,3278250,0.00327825,64,19522.611149241213
20,10,64,5,V2_ORIGINAL,92,3033521,0.003033521,64,21097.595830060185
20,10,64,5,V2_ORIGINAL,93,3203200,0.0032032,64,19980.01998001998
20,10,64,5,V2_ORIGINAL,94,2888169,0.002888169,64,22159.36809791948
20,10,64,5,V2_ORIGINAL,95,3466880,0.00346688,64,18460.40243677312
20,10,64,5,V2_ORIGINAL,96,2824280,0.00282428,64,22660.64271247893
20,10,64,5,V2_ORIGINAL,97,3215759,0.003215759,64,19901.988923921228
20,10,64,5,V2_ORIGINAL,98,2852890,0.00285289,64,22433.392104147024
20,10,64,5,V2_ORIGINAL,99,3112119,0.003112119,64,20564.766321596315
20,10,64,5,V2_ORIGINAL,100,2796890,0.00279689,64,22882.558842142524
20,10,64,5,V2_ORIGINAL,101,3146699,0.003146699,64,20338.77406132585
20,10,64,5,V2_ORIGINAL,102,2877500,0.0028775,64,22241.529105125977
20,10,64,5,V2_ORIGINAL,103,3103240,0.00310324,64,20623.60629535582
20,10,64,5,V2_ORIGINAL,104,2933600,0.0029336,64,21816.1985274066
20,10,64,5,V2_ORIGINAL,105,3153980,0.00315398,64,20291.821761710602
20,10,64,5,V2_ORIGINAL,106,2872570,0.00287257,64,22279.700755769223
20,10,64,5,V2_ORIGINAL,107,3265631,0.003265631,64,19598.05011650122
20,10,64,5,V2_ORIGINAL,108,2884550,0.00288455,64,22187.16957584372
20,10,64,5,V2_ORIGINAL,109,3187100,0.0031871,64,20080.951335069498
20,10,64,5,V2_ORIGINAL,110,2772810,0.00277281,64,23081.27855857415
20,10,64,5,V2_ORIGINAL,111,3352280,0.00335228,64,19091.484004916056
20,10,64,5,V2_ORIGINAL,112,2808230,0.00280823,64,22790.15607695951
20,10,64,5,V2_ORIGINAL,113,3176770,0.00317677,64,20146.249177623813
20,10,64,5,V2_ORIGINAL,114,2804590,0.00280459,64,22819.734791894716
20,10,64,5,V2_ORIGINAL,115,3208710,0.00320871,64,19945.710269859228
20,10,64,5,V2_ORIGINAL,116,2897660,0.00289766,64,22086.78726972799
20,10,64,5,V2_ORIGINAL,117,3260140,0.00326014,64,19631.058788886367
20,10,64,5,V2_ORIGINAL,118,2800410,0.00280041,64,22853.796408383056
20,10,64,5,V2_ORIGINAL,119,3138060,0.00313806,64,20394.76619312569
20,10,64,5,V2_ORIGINAL,120,2844910,0.00284491,64,22496.317985454723
20,10,64,5,V2_ORIGINAL,121,3129320,0.00312932,64,20451.727531859957
20,10,64,5,V2_ORIGINAL,122,2860430,0.00286043,64,22374.258415692744
20,10,64,5,V2_ORIGINAL,123,3134390,0.00313439,64,20418.646052341923
20,10,64,5,V2_ORIGINAL,124,2864630,0.00286463,64,22341.45421921854
20,10,64,5,V2_ORIGINAL,125,3183160,0.00318316,64,20105.80680832883
20,10,64,5,V2_ORIGINAL,126,2771940,0.00277194,64,23088.522839599704
20,10,64,5,V2_ORIGINAL,127,3203020,0.00320302,64,19981.142796485816
20,10,64,5,V2_ORIGINAL,128,2787440,0.00278744,64,22960.13546479924
20,10,64,5,V2_ORIGINAL,129,3196510,0.00319651,64,20021.8363152313
20,10,64,5,V2_ORIGINAL,130,2950750,0.00295075,64,21689.400999745827
20,10,64,5,V2_ORIGINAL,131,3555500,0.0035555,64,18000.2812543946
20,10,64,5,V2_ORIGINAL,132,3264730,0.00326473,64,19603.458785259423
20,10,64,5,V2_ORIGINAL,133,3188170,0.00318817,64,20074.21185194014
20,10,64,5,V2_ORIGINAL,134,2854610,0.00285461,64,22419.875219381982
20,10,64,5,V2_ORIGINAL,135,3497990,0.00349799,64,18296.221544372627
20,10,64,5,V2_ORIGINAL,136,2992130,0.00299213,64,21389.444977323845
20,10,64,5,V2_ORIGINAL,137,3269250,0.00326925,64,19576.355433203335
20,10,64,5,V2_ORIGINAL,138,2955520,0.00295552,64,21654.395842355996
20,10,64,5,V2_ORIGINAL,139,3120430,0.00312043,64,20509.99381495499
20,10,64,5,V2_ORIGINAL,140,2800520,0.00280052,64,22852.89874737549
20,10,64,5,V2_ORIGINAL,141,3147180,0.00314718,64,20335.665579979537
20,10,64,5,V2_ORIGINAL,142,2792330,0.00279233,64,22919.92708598196
20,10,64,5,V2_ORIGINAL,143,3295060,0.00329506,64,19423.015058906363
20,10,64,5,V2_ORIGINAL,144,2893040,0.00289304,64,22122.058457539475
20,10,64,5,V2_ORIGINAL,145,3138150,0.00313815,64,20394.18128515208
20,10,64,5,V2_ORIGINAL,146,2809560,0.00280956,64,22779.367587807345
20,10,64,5,V2_ORIGINAL,147,3156000,0.003156,64,20278.833967046896
20,10,64,5,V2_ORIGINAL,148,2840630,0.00284063,64,22530.21336816129
20,10,64,5,V2_ORIGINAL,149,3324200,0.0033242,64,19252.752541964986
20,10,64,5,V2_ORIGINAL,150,2974460,0.00297446,64,21516.510559899947
21,11,1,3,V2_ORIGINAL,1,37660,3.766e-05,1,26553.37227827934
21,11,1,3,V2_ORIGINAL,2,38570,3.857e-05,1,25926.88618096967
21,11,1,3,V2_ORIGINAL,3,39290,3.929e-05,1,25451.768897938407
21,11,1,3,V2_ORIGINAL,4,37840,3.784e-05,1,26427.061310782243
21,11,1,3,V2_ORIGINAL,5,37020,3.702e-05,1,27012.425715829282
21,11,1,3,V2_ORIGINAL,6,40540,4.054e-05,1,24666.9955599408
21,11,1,3,V2_ORIGINAL,7,38009,3.8009e-05,1,26309.55826251677
21,11,1,3,V2_ORIGINAL,8,38530,3.853e-05,1,25953.802232026992
21,11,1,3,V2_ORIGINAL,9,36420,3.642e-05,1,27457.440966501923
21,11,1,3,V2_ORIGINAL,10,36520,3.652e-05,1,27382.256297918946
21,11,1,3,V2_ORIGINAL,11,37950,3.795e-05,1,26350.461133069828
21,11,1,3,V2_ORIGINAL,12,42240,4.224e-05,1,23674.242424242424
21,11,1,3,V2_ORIGINAL,13,38590,3.859e-05,1,25913.449080072558
21,11,1,3,V2_ORIGINAL,14,36740,3.674e-05,1,27218.290691344584
21,11,1,3,V2_ORIGINAL,15,43149,4.3149e-05,1,23175.508123015596
21,11,1,3,V2_ORIGINAL,16,37210,3.721e-05,1,26874.496103198067
21,11,1,3,V2_ORIGINAL,17,37730,3.773e-05,1,26504.1081367612
21,11,1,3,V2_ORIGINAL,18,35799,3.5799e-05,1,27933.741165954354
21,11,1,3,V2_ORIGINAL,19,36291,3.6291e-05,1,27555.041194786583
21,11,1,3,V2_ORIGINAL,20,35460,3.546e-05,1,28200.789622109416
21,11,1,3,V2_ORIGINAL,21,45340,4.534e-05,1,22055.580061755623
21,11,1,3,V2_ORIGINAL,22,37050,3.705e-05,1,26990.55330634278
21,11,1,3,V2_ORIGINAL,23,36000,3.6e-05,1,27777.777777777777
21,11,1,3,V2_ORIGINAL,24,36960,3.696e-05,1,27056.277056277057
21,11,1,3,V2_ORIGINAL,25,40040,4.004e-05,1,24975.024975024975
21,11,1,3,V2_ORIGINAL,26,37220,3.722e-05,1,26867.275658248254
21,11,1,3,V2_ORIGINAL,27,36520,3.652e-05,1,27382.256297918946
21,11,1,3,V2_ORIGINAL,28,36030,3.603e-05,1,27754.64890369137
21,11,1,3,V2_ORIGINAL,29,35780,3.578e-05,1,27948.574622694243
21,11,1,3,V2_ORIGINAL,30,51721,5.1721e-05,1,19334.506293381797
21,11,1,3,V2_ORIGINAL,31,38360,3.836e-05,1,26068.821689259647
21,11,1,3,V2_ORIGINAL,32,36090,3.609e-05,1,27708.50651149903
21,11,1,3,V2_ORIGINAL,33,35781,3.5781e-05,1,27947.79352170146
21,11,1,3,V2_ORIGINAL,34,35790,3.579e-05,1,27940.76557697681
21,11,1,3,V2_ORIGINAL,35,36099,3.6099e-05,1,27701.598382226653
21,11,1,3,V2_ORIGINAL,36,35640,3.564e-05,1,28058.361391694725
21,11,1,3,V2_ORIGINAL,37,43260,4.326e-05,1,23116.04253351826
21,11,1,3,V2_ORIGINAL,38,38380,3.838e-05,1,26055.237102657633
21,11,1,3,V2_ORIGINAL,39,35990,3.599e-05,1,27785.495971103086
21,11,1,3,V2_ORIGINAL,40,35340,3.534e-05,1,28296.54782116582
21,11,1,3,V2_ORIGINAL,41,35480,3.548e-05,1,28184.89289740699
21,11,1,3,V2_ORIGINAL,42,35730,3.573e-05,1,27987.6854184159
21,11,1,3,V2_ORIGINAL,43,35490,3.549e-05,1,28176.95125387433
21,11,1,3,V2_ORIGINAL,44,35090,3.509e-05,1,28498.147620404674
21,11,1,3,V2_ORIGINAL,45,35550,3.555e-05,1,28129.395218002817
21,11,1,3,V2_ORIGINAL,46,66390,6.639e-05,1,15062.509414068383
21,11,1,3,V2_ORIGINAL,47,39600,3.96e-05,1,25252.52525252525
21,11,1,3,V2_ORIGINAL,48,36510,3.651e-05,1,27389.75623116954
21,11,1,3,V2_ORIGINAL,49,35680,3.568e-05,1,28026.905829596413
21,11,1,3,V2_ORIGINAL,50,36040,3.604e-05,1,27746.94783573807
21,11,1,3,V2_ORIGINAL,51,35690,3.569e-05,1,28019.052956010088
21,11,1,3,V2_ORIGINAL,52,46770,4.677e-05,1,21381.227282446012
21,11,1,3,V2_ORIGINAL,53,37220,3.722e-05,1,26867.275658248254
21,11,1,3,V2_ORIGINAL,54,37050,3.705e-05,1,26990.55330634278
21,11,1,3,V2_ORIGINAL,55,36590,3.659e-05,1,27329.871549603715
21,11,1,3,V2_ORIGINAL,56,37441,3.7441e-05,1,26708.6883363158
21,11,1,3,V2_ORIGINAL,57,36270,3.627e-05,1,27570.995312930798
21,11,1,3,V2_ORIGINAL,58,40940,4.094e-05,1,24425.98925256473
21,11,1,3,V2_ORIGINAL,59,37480,3.748e-05,1,26680.896478121664
21,11,1,3,V2_ORIGINAL,60,41200,4.12e-05,1,24271.844660194176
21,11,1,3,V2_ORIGINAL,61,58030,5.803e-05,1,17232.465965879717
21,11,1,3,V2_ORIGINAL,62,40670,4.067e-05,1,24588.148512417014
21,11,1,3,V2_ORIGINAL,63,36729,3.6729e-05,1,27226.44232078194
21,11,1,3,V2_ORIGINAL,64,36261,3.6261e-05,1,27577.83844902237
21,11,1,3,V2_ORIGINAL,65,37120,3.712e-05,1,26939.655172413797
21,11,1,3,V2_ORIGINAL,66,38240,3.824e-05,1,26150.62761506276
21,11,1,3,V2_ORIGINAL,67,36380,3.638e-05,1,27487.63056624519
21,11,1,3,V2_ORIGINAL,68,47740,4.774e-05,1,20946.79514034353
21,11,1,3,V2_ORIGINAL,69,39620,3.962e-05,1,25239.77788995457
21,11,1,3,V2_ORIGINAL,70,35920,3.592e-05,1,27839.643652561244
21,11,1,3,V2_ORIGINAL,71,38350,3.835e-05,1,26075.61929595828
21,11,1,3,V2_ORIGINAL,72,36029,3.6029e-05,1,27755.419245607707
21,11,1,3,V2_ORIGINAL,73,36140,3.614e-05,1,27670.17155506364
21,11,1,3,V2_ORIGINAL,74,43350,4.335e-05,1,23068.05074971165
21,11,1,3,V2_ORIGINAL,75,49110,4.911e-05,1,20362.451639177358
21,11,1,3,V2_ORIGINAL,76,58109,5.8109e-05,1,17209.038186855734
21,11,1,3,V2_ORIGINAL,77,38771,3.8771e-05,1,25792.473756157953
21,11,1,3,V2_ORIGINAL,78,37290,3.729e-05,1,26816.840976133015
21,11,1,3,V2_ORIGINAL,79,36520,3.652e-05,1,27382.256297918946
21,11,1,3,V2_ORIGINAL,80,36340,3.634e-05,1,27517.8866263071
21,11,1,3,V2_ORIGINAL,81,39270,3.927e-05,1,25464.731347084286
21,11,1,3,V2_ORIGINAL,82,59880,5.988e-05,1,16700.0668002672
21,11,1,3,V2_ORIGINAL,83,41930,4.193e-05,1,23849.272597185787
21,11,1,3,V2_ORIGINAL,84,37520,3.752e-05,1,26652.452025586354
21,11,1,3,V2_ORIGINAL,85,36099,3.6099e-05,1,27701.598382226653
21,11,1,3,V2_ORIGINAL,86,36170,3.617e-05,1,27647.22145424385
21,11,1,3,V2_ORIGINAL,87,36530,3.653e-05,1,27374.760470845882
21,11,1,3,V2_ORIGINAL,88,35660,3.566e-05,1,28042.624789680314
21,11,1,3,V2_ORIGINAL,89,40500,4.05e-05,1,24691.358024691355
21,11,1,3,V2_ORIGINAL,90,37780,3.778e-05,1,26469.031233456855
21,11,1,3,V2_ORIGINAL,91,53230,5.323e-05,1,18786.398647379297
21,11,1,3,V2_ORIGINAL,92,38350,3.835e-05,1,26075.61929595828
21,11,1,3,V2_ORIGINAL,93,37220,3.722e-05,1,26867.275658248254
21,11,1,3,V2_ORIGINAL,94,36250,3.625e-05,1,27586.206896551725
21,11,1,3,V2_ORIGINAL,95,37860,3.786e-05,1,26413.10089804543
21,11,1,3,V2_ORIGINAL,96,36670,3.667e-05,1,27270.248159258248
21,11,1,3,V2_ORIGINAL,97,36430,3.643e-05,1,27449.90392533626
21,11,1,3,V2_ORIGINAL,98,38350,3.835e-05,1,26075.61929595828
21,11,1,3,V2_ORIGINAL,99,35930,3.593e-05,1,27831.895352073472
21,11,1,3,V2_ORIGINAL,100,35190,3.519e-05,1,28417.16396703609
21,11,1,3,V2_ORIGINAL,101,35460,3.546e-05,1,28200.789622109416
21,11,1,3,V2_ORIGINAL,102,35130,3.513e-05,1,28465.69883290635
21,11,1,3,V2_ORIGINAL,103,35890,3.589e-05,1,27862.914460852608
21,11,1,3,V2_ORIGINAL,104,35610,3.561e-05,1,28081.999438360013
21,11,1,3,V2_ORIGINAL,105,35719,3.5719e-05,1,27996.304487807607
21,11,1,3,V2_ORIGINAL,106,35640,3.564e-05,1,28058.361391694725
21,11,1,3,V2_ORIGINAL,107,51950,5.195e-05,1,19249.278152069295
21,11,1,3,V2_ORIGINAL,108,38319,3.8319e-05,1,26096.714423654063
21,11,1,3,V2_ORIGINAL,109,36480,3.648e-05,1,27412.280701754382
21,11,1,3,V2_ORIGINAL,110,40380,4.038e-05,1,24764.73501733531
21,11,1,3,V2_ORIGINAL,111,37341,3.7341e-05,1,26780.214777322515
21,11,1,3,V2_ORIGINAL,112,35740,3.574e-05,1,27979.854504756575
21,11,1,3,V2_ORIGINAL,113,35980,3.598e-05,1,27793.218454697057
21,11,1,3,V2_ORIGINAL,114,38561,3.8561e-05,1,25932.937423821997
21,11,1,3,V2_ORIGINAL,115,38320,3.832e-05,1,26096.033402922756
21,11,1,3,V2_ORIGINAL,116,36809,3.6809e-05,1,27167.268874460053
21,11,1,3,V2_ORIGINAL,117,36480,3.648e-05,1,27412.280701754382
21,11,1,3,V2_ORIGINAL,118,35920,3.592e-05,1,27839.643652561244
21,11,1,3,V2_ORIGINAL,119,35440,3.544e-05,1,28216.704288939054
21,11,1,3,V2_ORIGINAL,120,35510,3.551e-05,1,28161.081385525205
21,11,1,3,V2_ORIGINAL,121,36710,3.671e-05,1,27240.533914464722
21,11,1,3,V2_ORIGINAL,122,35770,3.577e-05,1,27956.388034665924
21,11,1,3,V2_ORIGINAL,123,41260,4.126e-05,1,24236.54871546292
21,11,1,3,V2_ORIGINAL,124,36420,3.642e-05,1,27457.440966501923
21,11,1,3,V2_ORIGINAL,125,36000,3.6e-05,1,27777.777777777777
21,11,1,3,V2_ORIGINAL,126,35770,3.577e-05,1,27956.388034665924
21,11,1,3,V2_ORIGINAL,127,35780,3.578e-05,1,27948.574622694243
21,11,1,3,V2_ORIGINAL,128,36100,3.61e-05,1,27700.831024930747
21,11,1,3,V2_ORIGINAL,129,42230,4.223e-05,1,23679.848448969926
21,11,1,3,V2_ORIGINAL,130,37120,3.712e-05,1,26939.655172413797
21,11,1,3,V2_ORIGINAL,131,35380,3.538e-05,1,28264.556246466935
21,11,1,3,V2_ORIGINAL,132,36890,3.689e-05,1,27107.617240444564
21,11,1,3,V2_ORIGINAL,133,35340,3.534e-05,1,28296.54782116582
21,11,1,3,V2_ORIGINAL,134,36510,3.651e-05,1,27389.75623116954
21,11,1,3,V2_ORIGINAL,135,35270,3.527e-05,1,28352.707683583783
21,11,1,3,V2_ORIGINAL,136,35120,3.512e-05,1,28473.80410022779
21,11,1,3,V2_ORIGINAL,137,35650,3.565e-05,1,28050.490883590464
21,11,1,3,V2_ORIGINAL,138,35740,3.574e-05,1,27979.854504756575
21,11,1,3,V2_ORIGINAL,139,45270,4.527e-05,1,22089.68411751712
21,11,1,3,V2_ORIGINAL,140,35940,3.594e-05,1,27824.15136338342
21,11,1,3,V2_ORIGINAL,141,52220,5.222e-05,1,19149.75105323631
21,11,1,3,V2_ORIGINAL,142,37560,3.756e-05,1,26624.068157614485
21,11,1,3,V2_ORIGINAL,143,36170,3.617e-05,1,27647.22145424385
21,11,1,3,V2_ORIGINAL,144,35540,3.554e-05,1,28137.310073157005
21,11,1,3,V2_ORIGINAL,145,41540,4.154e-05,1,24073.18247472316
21,11,1,3,V2_ORIGINAL,146,36910,3.691e-05,1,27092.9287455974
21,11,1,3,V2_ORIGINAL,147,36430,3.643e-05,1,27449.90392533626
21,11,1,3,V2_ORIGINAL,148,36450,3.645e-05,1,27434.842249657067
21,11,1,3,V2_ORIGINAL,149,36890,3.689e-05,1,27107.617240444564
21,11,1,3,V2_ORIGINAL,150,36320,3.632e-05,1,27533.039647577094
21,11,1,3,V2_ORIGINAL,151,35660,3.566e-05,1,28042.624789680314
21,11,1,3,V2_ORIGINAL,152,35440,3.544e-05,1,28216.704288939054
21,11,1,3,V2_ORIGINAL,153,40580,4.058e-05,1,24642.681123706257
21,11,1,3,V2_ORIGINAL,154,54480,5.448e-05,1,18355.359765051395
21,11,1,3,V2_ORIGINAL,155,37920,3.792e-05,1,26371.308016877636
21,11,1,3,V2_ORIGINAL,156,35980,3.598e-05,1,27793.218454697057
21,11,1,3,V2_ORIGINAL,157,35761,3.5761e-05,1,27963.423841615167
21,11,1,3,V2_ORIGINAL,158,35470,3.547e-05,1,28192.839018889204
21,11,1,3,V2_ORIGINAL,159,48270,4.827e-05,1,20716.801325875287
21,11,1,3,V2_ORIGINAL,160,51500,5.15e-05,1,19417.47572815534
21,11,1,3,V2_ORIGINAL,161,38140,3.814e-05,1,26219.192448872578
21,11,1,3,V2_ORIGINAL,162,36310,3.631e-05,1,27540.622418066647
21,11,1,3,V2_ORIGINAL,163,36010,3.601e-05,1,27770.0638711469
21,11,1,3,V2_ORIGINAL,164,35280,3.528e-05,1,28344.671201814057
21,11,1,3,V2_ORIGINAL,165,35411,3.5411e-05,1,28239.812487645086
21,11,1,3,V2_ORIGINAL,166,35470,3.547e-05,1,28192.839018889204
21,11,1,3,V2_ORIGINAL,167,35260,3.526e-05,1,28360.748723766308
21,11,1,3,V2_ORIGINAL,168,35401,3.5401e-05,1,28247.78961046298
21,11,1,3,V2_ORIGINAL,169,36140,3.614e-05,1,27670.17155506364
21,11,1,3,V2_ORIGINAL,170,40479,4.0479e-05,1,24704.16759307295
21,11,1,3,V2_ORIGINAL,171,36251,3.6251e-05,1,27585.445918733276
21,11,1,3,V2_ORIGINAL,172,35840,3.584e-05,1,27901.785714285714
21,11,1,3,V2_ORIGINAL,173,37620,3.762e-05,1,26581.60552897395
21,11,1,3,V2_ORIGINAL,174,39721,3.9721e-05,1,25175.59980866544
21,11,1,3,V2_ORIGINAL,175,36870,3.687e-05,1,27122.32167073502
21,11,1,3,V2_ORIGINAL,176,47069,4.7069e-05,1,21245.40568102148
21,11,1,3,V2_ORIGINAL,177,36730,3.673e-05,1,27225.70106180234
21,11,1,3,V2_ORIGINAL,178,35810,3.581e-05,1,27925.160569673277
21,11,1,3,V2_ORIGINAL,179,35350,3.535e-05,1,28288.54314002829
21,11,1,3,V2_ORIGINAL,180,35820,3.582e-05,1,27917.364600781686
21,11,1,3,V2_ORIGINAL,181,35290,3.529e-05,1,28336.639274582034
21,11,1,3,V2_ORIGINAL,182,35220,3.522e-05,1,28392.958546280523
21,11,1,3,V2_ORIGINAL,183,35720,3.572e-05,1,27995.520716685332
21,11,1,3,V2_ORIGINAL,184,35210,3.521e-05,1,28401.02243680773
21,11,1,3,V2_ORIGINAL,185,35400,3.54e-05,1,28248.58757062147
21,11,1,3,V2_ORIGINAL,186,40920,4.092e-05,1,24437.927663734114
21,11,1,3,V2_ORIGINAL,187,37180,3.718e-05,1,26896.18074233459
21,11,1,3,V2_ORIGINAL,188,36100,3.61e-05,1,27700.831024930747
21,11,1,3,V2_ORIGINAL,189,36100,3.61e-05,1,27700.831024930747
21,11,1,3,V2_ORIGINAL,190,35560,3.556e-05,1,28121.4848143982
21,11,1,3,V2_ORIGINAL,191,35380,3.538e-05,1,28264.556246466935
21,11,1,3,V2_ORIGINAL,192,45890,4.589e-05,1,21791.239921551536
21,11,1,3,V2_ORIGINAL,193,38330,3.833e-05,1,26089.225150013044
21,11,1,3,V2_ORIGINAL,194,36130,3.613e-05,1,27677.830058123443
21,11,1,3,V2_ORIGINAL,195,39210,3.921e-05,1,25503.698036215254
21,11,1,3,V2_ORIGINAL,196,36280,3.628e-05,1,27563.39581036384
21,11,1,3,V2_ORIGINAL,197,35640,3.564e-05,1,28058.361391694725
21,11,1,3,V2_ORIGINAL,198,38300,3.83e-05,1,26109.66057441253
21,11,1,3,V2_ORIGINAL,199,36590,3.659e-05,1,27329.871549603715
21,11,1,3,V2_ORIGINAL,200,37941,3.7941e-05,1,26356.711736643734
22,11,1,3,V3_CLEAN,1,38099,3.8099e-05,1,26247.40806845324
22,11,1,3,V3_CLEAN,2,37360,3.736e-05,1,26766.59528907923
22,11,1,3,V3_CLEAN,3,47151,4.7151e-05,1,21208.45793302369
22,11,1,3,V3_CLEAN,4,38710,3.871e-05,1,25833.118057349522
22,11,1,3,V3_CLEAN,5,35720,3.572e-05,1,27995.520716685332
22,11,1,3,V3_CLEAN,6,35500,3.55e-05,1,28169.014084507042
22,11,1,3,V3_CLEAN,7,34890,3.489e-05,1,28661.507595299514
22,11,1,3,V3_CLEAN,8,36500,3.65e-05,1,27397.260273972603
22,11,1,3,V3_CLEAN,9,55789,5.5789e-05,1,17924.68049257022
22,11,1,3,V3_CLEAN,10,43180,4.318e-05,1,23158.869847151458
22,11,1,3,V3_CLEAN,11,40941,4.0941e-05,1,24425.39263818666
22,11,1,3,V3_CLEAN,12,35070,3.507e-05,1,28514.3997718848
22,11,1,3,V3_CLEAN,13,35259,3.5259e-05,1,28361.553078646586
22,11,1,3,V3_CLEAN,14,34280,3.428e-05,1,29171.52858809802
22,11,1,3,V3_CLEAN,15,33469,3.3469e-05,1,29878.39493262422
22,11,1,3,V3_CLEAN,16,41411,4.1411e-05,1,24148.173190698122
22,11,1,3,V3_CLEAN,17,34690,3.469e-05,1,28826.751225136926
22,11,1,3,V3_CLEAN,18,33940,3.394e-05,1,29463.759575721866
22,11,1,3,V3_CLEAN,19,33360,3.336e-05,1,29976.01918465228
22,11,1,3,V3_CLEAN,20,33140,3.314e-05,1,30175.015087507545
22,11,1,3,V3_CLEAN,21,34391,3.4391e-05,1,29077.37489459451
22,11,1,3,V3_CLEAN,22,33880,3.388e-05,1,29515.938606847696
22,11,1,3,V3_CLEAN,23,33019,3.3019e-05,1,30285.593143341714
22,11,1,3,V3_CLEAN,24,33280,3.328e-05,1,30048.076923076922
22,11,1,3,V3_CLEAN,25,36640,3.664e-05,1,27292.576419213972
22,11,1,3,V3_CLEAN,26,39650,3.965e-05,1,25220.680958385874
22,11,1,3,V3_CLEAN,27,33540,3.354e-05,1,29815.14609421586
22,11,1,3,V3_CLEAN,28,32970,3.297e-05,1,30330.603579011226
22,11,1,3,V3_CLEAN,29,32989,3.2989e-05,1,30313.13468125739
22,11,1,3,V3_CLEAN,30,37669,3.7669e-05,1,26547.02806020866
22,11,1,3,V3_CLEAN,31,34151,3.4151e-05,1,29281.719422564493
22,11,1,3,V3_CLEAN,32,33340,3.334e-05,1,29994.001199760045
22,11,1,3,V3_CLEAN,33,32980,3.298e-05,1,30321.406913280778
22,11,1,3,V3_CLEAN,34,34700,3.47e-05,1,28818.44380403458
22,11,1,3,V3_CLEAN,35,33900,3.39e-05,1,29498.525073746314
22,11,1,3,V3_CLEAN,36,46930,4.693e-05,1,21308.331557639038
22,11,1,3,V3_CLEAN,37,39130,3.913e-05,1,25555.83950932788
22,11,1,3,V3_CLEAN,38,34671,3.4671e-05,1,28842.548527587896
22,11,1,3,V3_CLEAN,39,33480,3.348e-05,1,29868.57825567503
22,11,1,3,V3_CLEAN,40,32951,3.2951e-05,1,30348.09262237869
22,11,1,3,V3_CLEAN,41,34021,3.4021e-05,1,29393.60982922313
22,11,1,3,V3_CLEAN,42,34240,3.424e-05,1,29205.607476635516
22,11,1,3,V3_CLEAN,43,43809,4.3809e-05,1,22826.359880389875
22,11,1,3,V3_CLEAN,44,39960,3.996e-05,1,25025.02502502503
22,11,1,3,V3_CLEAN,45,34080,3.408e-05,1,29342.723004694835
22,11,1,3,V3_CLEAN,46,33150,3.315e-05,1,30165.912518853696
22,11,1,3,V3_CLEAN,47,34470,3.447e-05,1,29010.73397156948
22,11,1,3,V3_CLEAN,48,33249,3.3249e-05,1,30076.092514060572
22,11,1,3,V3_CLEAN,49,33851,3.3851e-05,1,29541.224779179345
22,11,1,3,V3_CLEAN,50,33020,3.302e-05,1,30284.675953967293
22,11,1,3,V3_CLEAN,51,33681,3.3681e-05,1,29690.329859564743
22,11,1,3,V3_CLEAN,52,33260,3.326e-05,1,30066.14552014432
22,11,1,3,V3_CLEAN,53,33080,3.308e-05,1,30229.74607013301
22,11,1,3,V3_CLEAN,54,39740,3.974e-05,1,25163.56316054353
22,11,1,3,V3_CLEAN,55,40160,4.016e-05,1,24900.3984063745
22,11,1,3,V3_CLEAN,56,34341,3.4341e-05,1,29119.711132465563
22,11,1,3,V3_CLEAN,57,37490,3.749e-05,1,26673.779674579888
22,11,1,3,V3_CLEAN,58,34470,3.447e-05,1,29010.73397156948
22,11,1,3,V3_CLEAN,59,33460,3.346e-05,1,29886.431560071727
22,11,1,3,V3_CLEAN,60,34280,3.428e-05,1,29171.52858809802
22,11,1,3,V3_CLEAN,61,32891,3.2891e-05,1,30403.453832355353
22,11,1,3,V3_CLEAN,62,32730,3.273e-05,1,30553.009471432935
22,11,1,3,V3_CLEAN,63,66210,6.621e-05,1,15103.458692040476
22,11,1,3,V3_CLEAN,64,60991,6.0991e-05,1,16395.86168451083
22,11,1,3,V3_CLEAN,65,45620,4.562e-05,1,21920.210434020166
22,11,1,3,V3_CLEAN,66,35330,3.533e-05,1,28304.55703368242
22,11,1,3,V3_CLEAN,67,34340,3.434e-05,1,29120.559114735002
22,11,1,3,V3_CLEAN,68,69310,6.931e-05,1,14427.932477276006
22,11,1,3,V3_CLEAN,69,41920,4.192e-05,1,23854.961832061068
22,11,1,3,V3_CLEAN,70,37720,3.772e-05,1,26511.134676564157
22,11,1,3,V3_CLEAN,71,39000,3.9e-05,1,25641.02564102564
22,11,1,3,V3_CLEAN,72,35251,3.5251e-05,1,28367.989560579845
22,11,1,3,V3_CLEAN,73,40670,4.067e-05,1,24588.148512417014
22,11,1,3,V3_CLEAN,74,36580,3.658e-05,1,27337.342810278842
22,11,1,3,V3_CLEAN,75,42229,4.2229e-05,1,23680.409197470934
22,11,1,3,V3_CLEAN,76,43300,4.33e-05,1,23094.688221709006
22,11,1,3,V3_CLEAN,77,33690,3.369e-05,1,29682.398337785697
22,11,1,3,V3_CLEAN,78,34140,3.414e-05,1,29291.154071470413
22,11,1,3,V3_CLEAN,79,33590,3.359e-05,1,29770.76510866329
22,11,1,3,V3_CLEAN,80,36759,3.6759e-05,1,27204.222095269186
22,11,1,3,V3_CLEAN,81,41280,4.128e-05,1,24224.80620155039
22,11,1,3,V3_CLEAN,82,33850,3.385e-05,1,29542.09748892171
22,11,1,3,V3_CLEAN,83,35750,3.575e-05,1,27972.027972027972
22,11,1,3,V3_CLEAN,84,34090,3.409e-05,1,29334.11557641537
22,11,1,3,V3_CLEAN,85,33149,3.3149e-05,1,30166.822528583067
22,11,1,3,V3_CLEAN,86,33520,3.352e-05,1,29832.93556085919
22,11,1,3,V3_CLEAN,87,81700,8.17e-05,1,12239.902080783355
22,11,1,3,V3_CLEAN,88,46229,4.6229e-05,1,21631.4434662225
22,11,1,3,V3_CLEAN,89,50449,5.0449e-05,1,19821.99845388412
22,11,1,3,V3_CLEAN,90,47690,4.769e-05,1,20968.756552736424
22,11,1,3,V3_CLEAN,91,34530,3.453e-05,1,28960.32435563278
22,11,1,3,V3_CLEAN,92,54799,5.4799e-05,1,18248.50818445592
22,11,1,3,V3_CLEAN,93,36460,3.646e-05,1,27427.317608337904
22,11,1,3,V3_CLEAN,94,46161,4.6161e-05,1,21663.30885379433
22,11,1,3,V3_CLEAN,95,53100,5.31e-05,1,18832.391713747646
22,11,1,3,V3_CLEAN,96,42911,4.2911e-05,1,23304.047913122507
22,11,1,3,V3_CLEAN,97,39820,3.982e-05,1,25113.008538422902
22,11,1,3,V3_CLEAN,98,40050,4.005e-05,1,24968.789013732836
22,11,1,3,V3_CLEAN,99,34640,3.464e-05,1,28868.360277136257
22,11,1,3,V3_CLEAN,100,34119,3.4119e-05,1,29309.182566898206
22,11,1,3,V3_CLEAN,101,38151,3.8151e-05,1,26211.63272260229
22,11,1,3,V3_CLEAN,102,33491,3.3491e-05,1,29858.768027231195
22,11,1,3,V3_CLEAN,103,33250,3.325e-05,1,30075.18796992481
22,11,1,3,V3_CLEAN,104,37650,3.765e-05,1,26560.42496679947
22,11,1,3,V3_CLEAN,105,33800,3.38e-05,1,29585.798816568047
22,11,1,3,V3_CLEAN,106,34489,3.4489e-05,1,28994.75194989707
22,11,1,3,V3_CLEAN,107,33969,3.3969e-05,1,29438.6057876299
22,11,1,3,V3_CLEAN,108,33051,3.3051e-05,1,30256.270612084354
22,11,1,3,V3_CLEAN,109,33410,3.341e-05,1,29931.158335827597
22,11,1,3,V3_CLEAN,110,58650,5.865e-05,1,17050.29838022165
22,11,1,3,V3_CLEAN,111,41691,4.1691e-05,1,23985.99218056655
22,11,1,3,V3_CLEAN,112,34970,3.497e-05,1,28595.939376608523
22,11,1,3,V3_CLEAN,113,34490,3.449e-05,1,28993.91127863149
22,11,1,3,V3_CLEAN,114,33759,3.3759e-05,1,29621.7305014959
22,11,1,3,V3_CLEAN,115,33369,3.3369e-05,1,29967.934310287994
22,11,1,3,V3_CLEAN,116,33189,3.3189e-05,1,30130.46491307361
22,11,1,3,V3_CLEAN,117,39420,3.942e-05,1,25367.83358701167
22,11,1,3,V3_CLEAN,118,35010,3.501e-05,1,28563.267637817768
22,11,1,3,V3_CLEAN,119,35189,3.5189e-05,1,28417.971525192534
22,11,1,3,V3_CLEAN,120,34969,3.4969e-05,1,28596.757127741716
22,11,1,3,V3_CLEAN,121,35209,3.5209e-05,1,28401.82907779261
22,11,1,3,V3_CLEAN,122,34981,3.4981e-05,1,28586.947199908518
22,11,1,3,V3_CLEAN,123,33710,3.371e-05,1,29664.78789676654
22,11,1,3,V3_CLEAN,124,33500,3.35e-05,1,29850.746268656716
22,11,1,3,V3_CLEAN,125,33960,3.396e-05,1,29446.40753828033
22,11,1,3,V3_CLEAN,126,33420,3.342e-05,1,29922.202274087373
22,11,1,3,V3_CLEAN,127,33030,3.303e-05,1,30275.50711474417
22,11,1,3,V3_CLEAN,128,33820,3.382e-05,1,29568.302779420465
22,11,1,3,V3_CLEAN,129,33020,3.302e-05,1,30284.675953967293
22,11,1,3,V3_CLEAN,130,33990,3.399e-05,1,29420.417769932334
22,11,1,3,V3_CLEAN,131,40720,4.072e-05,1,24557.956777996067
22,11,1,3,V3_CLEAN,132,36450,3.645e-05,1,27434.842249657067
22,11,1,3,V3_CLEAN,133,34100,3.41e-05,1,29325.513196480937
22,11,1,3,V3_CLEAN,134,33210,3.321e-05,1,30111.412225233362
22,11,1,3,V3_CLEAN,135,34650,3.465e-05,1,28860.02886002886
22,11,1,3,V3_CLEAN,136,33160,3.316e-05,1,30156.815440289505
22,11,1,3,V3_CLEAN,137,51581,5.1581e-05,1,19386.983579224907
22,11,1,3,V3_CLEAN,138,41990,4.199e-05,1,23815.194093831862
22,11,1,3,V3_CLEAN,139,35450,3.545e-05,1,28208.744710860366
22,11,1,3,V3_CLEAN,140,34080,3.408e-05,1,29342.723004694835
22,11,1,3,V3_CLEAN,141,34569,3.4569e-05,1,28927.651942491826
22,11,1,3,V3_CLEAN,142,33730,3.373e-05,1,29647.198339756895
22,11,1,3,V3_CLEAN,143,33370,3.337e-05,1,29967.036260113873
22,11,1,3,V3_CLEAN,144,44170,4.417e-05,1,22639.800769753227
22,11,1,3,V3_CLEAN,145,34730,3.473e-05,1,28793.550244745176
22,11,1,3,V3_CLEAN,146,33860,3.386e-05,1,29533.372711163618
22,11,1,3,V3_CLEAN,147,33311,3.3311e-05,1,30020.11347602894
22,11,1,3,V3_CLEAN,148,33470,3.347e-05,1,29877.502240812664
22,11,1,3,V3_CLEAN,149,34920,3.492e-05,1,28636.884306987402
22,11,1,3,V3_CLEAN,150,33379,3.3379e-05,1,29958.956229964948
22,11,1,3,V3_CLEAN,151,33411,3.3411e-05,1,29930.262488402022
22,11,1,3,V3_CLEAN,152,33121,3.3121e-05,1,30192.325110956797
22,11,1,3,V3_CLEAN,153,37460,3.746e-05,1,26695.141484249867
22,11,1,3,V3_CLEAN,154,45549,4.5549e-05,1,21954.37880085183
22,11,1,3,V3_CLEAN,155,39191,3.9191e-05,1,25516.062361256412
22,11,1,3,V3_CLEAN,156,33301,3.3301e-05,1,30029.128254406776
22,11,1,3,V3_CLEAN,157,38380,3.838e-05,1,26055.237102657633
22,11,1,3,V3_CLEAN,158,40360,4.036e-05,1,24777.006937561942
22,11,1,3,V3_CLEAN,159,34329,3.4329e-05,1,29129.890180314018
22,11,1,3,V3_CLEAN,160,33520,3.352e-05,1,29832.93556085919
22,11,1,3,V3_CLEAN,161,32961,3.2961e-05,1,30338.885349352266
22,11,1,3,V3_CLEAN,162,37030,3.703e-05,1,27005.130974885225
22,11,1,3,V3_CLEAN,163,33830,3.383e-05,1,29559.562518474726
22,11,1,3,V3_CLEAN,164,53949,5.3949e-05,1,18536.024764129084
22,11,1,3,V3_CLEAN,165,37471,3.7471e-05,1,26687.30484908329
22,11,1,3,V3_CLEAN,166,34400,3.44e-05,1,29069.767441860462
22,11,1,3,V3_CLEAN,167,33100,3.31e-05,1,30211.480362537764
22,11,1,3,V3_CLEAN,168,33029,3.3029e-05,1,30276.42374882679
22,11,1,3,V3_CLEAN,169,33251,3.3251e-05,1,30074.283480196085
22,11,1,3,V3_CLEAN,170,33289,3.3289e-05,1,30039.953137673107
22,11,1,3,V3_CLEAN,171,37041,3.7041e-05,1,26997.111309089927
22,11,1,3,V3_CLEAN,172,34230,3.423e-05,1,29214.139643587496
22,11,1,3,V3_CLEAN,173,33640,3.364e-05,1,29726.516052318664
22,11,1,3,V3_CLEAN,174,38629,3.8629e-05,1,25887.286753475368
22,11,1,3,V3_CLEAN,175,35280,3.528e-05,1,28344.671201814057
22,11,1,3,V3_CLEAN,176,33801,3.3801e-05,1,29584.923522972695
22,11,1,3,V3_CLEAN,177,35140,3.514e-05,1,28457.598178713717
22,11,1,3,V3_CLEAN,178,36389,3.6389e-05,1,27480.83211959658
22,11,1,3,V3_CLEAN,179,37880,3.788e-05,1,26399.155227032734
22,11,1,3,V3_CLEAN,180,34171,3.4171e-05,1,29264.581077521874
22,11,1,3,V3_CLEAN,181,33960,3.396e-05,1,29446.40753828033
22,11,1,3,V3_CLEAN,182,35809,3.5809e-05,1,27925.940406043173
22,11,1,3,V3_CLEAN,183,35329,3.5329e-05,1,28305.358204308075
22,11,1,3,V3_CLEAN,184,55571,5.5571e-05,1,17994.997390725377
22,11,1,3,V3_CLEAN,185,39530,3.953e-05,1,25297.24260055654
22,11,1,3,V3_CLEAN,186,34629,3.4629e-05,1,28877.530393600737
22,11,1,3,V3_CLEAN,187,33891,3.3891e-05,1,29506.358620282674
22,11,1,3,V3_CLEAN,188,33129,3.3129e-05,1,30185.034260013883
22,11,1,3,V3_CLEAN,189,32809,3.2809e-05,1,30479.441616629585
22,11,1,3,V3_CLEAN,190,50331,5.0331e-05,1,19868.470723808387
22,11,1,3,V3_CLEAN,191,37899,3.7899e-05,1,26385.920472835696
22,11,1,3,V3_CLEAN,192,34380,3.438e-05,1,29086.678301337986
22,11,1,3,V3_CLEAN,193,33780,3.378e-05,1,29603.315571343992
22,11,1,3,V3_CLEAN,194,33440,3.344e-05,1,29904.306220095696
22,11,1,3,V3_CLEAN,195,38351,3.8351e-05,1,26074.939375765953
22,11,1,3,V3_CLEAN,196,34720,3.472e-05,1,28801.84331797235
22,11,1,3,V3_CLEAN,197,44271,4.4271e-05,1,22588.150256375506
22,11,1,3,V3_CLEAN,198,37780,3.778e-05,1,26469.031233456855
22,11,1,3,V3_CLEAN,199,34400,3.44e-05,1,29069.767441860462
22,11,1,3,V3_CLEAN,200,33540,3.354e-05,1,29815.14609421586
23,12,1,1,V3_CLEAN,1,38160,3.816e-05,1,26205.45073375262
23,12,1,1,V3_CLEAN,2,37251,3.7251e-05,1,26844.91691498215
23,12,1,1,V3_CLEAN,3,42660,4.266e-05,1,23441.16268166901
23,12,1,1,V3_CLEAN,4,90201,9.0201e-05,1,11086.351592554407
23,12,1,1,V3_CLEAN,5,46180,4.618e-05,1,21654.395842355996
23,12,1,1,V3_CLEAN,6,37409,3.7409e-05,1,26731.53519206608
23,12,1,1,V3_CLEAN,7,35610,3.561e-05,1,28081.999438360013
23,12,1,1,V3_CLEAN,8,36911,3.6911e-05,1,27092.194738695784
23,12,1,1,V3_CLEAN,9,34451,3.4451e-05,1,29026.733621665553
23,12,1,1,V3_CLEAN,10,42520,4.252e-05,1,23518.344308560678
23,12,1,1,V3_CLEAN,11,35949,3.5949e-05,1,27817.185457175445
23,12,1,1,V3_CLEAN,12,34670,3.467e-05,1,28843.38044418806
23,12,1,1,V3_CLEAN,13,36160,3.616e-05,1,27654.867256637168
23,12,1,1,V3_CLEAN,14,35311,3.5311e-05,1,28319.787035201494
23,12,1,1,V3_CLEAN,15,34640,3.464e-05,1,28868.360277136257
23,12,1,1,V3_CLEAN,16,34590,3.459e-05,1,28910.089621277828
23,12,1,1,V3_CLEAN,17,34150,3.415e-05,1,29282.576866764273
23,12,1,1,V3_CLEAN,18,40040,4.004e-05,1,24975.024975024975
23,12,1,1,V3_CLEAN,19,35060,3.506e-05,1,28522.532800912722
23,12,1,1,V3_CLEAN,20,34451,3.4451e-05,1,29026.733621665553
23,12,1,1,V3_CLEAN,21,35610,3.561e-05,1,28081.999438360013
23,12,1,1,V3_CLEAN,22,34840,3.484e-05,1,28702.64064293915
23,12,1,1,V3_CLEAN,23,34280,3.428e-05,1,29171.52858809802
23,12,1,1,V3_CLEAN,24,40249,4.0249e-05,1,24845.337772367016
23,12,1,1,V3_CLEAN,25,38159,3.8159e-05,1,26206.13747739721
23,12,1,1,V3_CLEAN,26,35410,3.541e-05,1,28240.60999717594
23,12,1,1,V3_CLEAN,27,34451,3.4451e-05,1,29026.733621665553
23,12,1,1,V3_CLEAN,28,34011,3.4011e-05,1,29402.25221251948
23,12,1,1,V3_CLEAN,29,72589,7.2589e-05,1,13776.191985011503
23,12,1,1,V3_CLEAN,30,46240,4.624e-05,1,21626.29757785467
23,12,1,1,V3_CLEAN,31,37349,3.7349e-05,1,26774.47856702991
23,12,1,1,V3_CLEAN,32,35560,3.556e-05,1,28121.4848143982
23,12,1,1,V3_CLEAN,33,34369,3.4369e-05,1,29095.987663301228
23,12,1,1,V3_CLEAN,34,37649,3.7649e-05,1,26561.1304417116
23,12,1,1,V3_CLEAN,35,34561,3.4561e-05,1,28934.34796446862
23,12,1,1,V3_CLEAN,36,45811,4.5811e-05,1,21828.81840605968
23,12,1,1,V3_CLEAN,37,36500,3.65e-05,1,27397.260273972603
23,12,1,1,V3_CLEAN,38,34080,3.408e-05,1,29342.723004694835
23,12,1,1,V3_CLEAN,39,34560,3.456e-05,1,28935.185185185182
23,12,1,1,V3_CLEAN,40,33931,3.3931e-05,1,29471.57466623442
23,12,1,1,V3_CLEAN,41,35931,3.5931e-05,1,27831.120759232974
23,12,1,1,V3_CLEAN,42,34429,3.4429e-05,1,29045.281594005057
23,12,1,1,V3_CLEAN,43,34080,3.408e-05,1,29342.723004694835
23,12,1,1,V3_CLEAN,44,34551,3.4551e-05,1,28942.722352464472
23,12,1,1,V3_CLEAN,45,34641,3.4641e-05,1,28867.52691896885
23,12,1,1,V3_CLEAN,46,34660,3.466e-05,1,28851.70225043278
23,12,1,1,V3_CLEAN,47,35749,3.5749e-05,1,27972.81042826373
23,12,1,1,V3_CLEAN,48,34891,3.4891e-05,1,28660.686136826112
23,12,1,1,V3_CLEAN,49,34400,3.44e-05,1,29069.767441860462
23,12,1,1,V3_CLEAN,50,35030,3.503e-05,1,28546.959748786754
23,12,1,1,V3_CLEAN,51,34929,3.4929e-05,1,28629.505568438835
23,12,1,1,V3_CLEAN,52,34480,3.448e-05,1,29002.320185614848
23,12,1,1,V3_CLEAN,53,34369,3.4369e-05,1,29095.987663301228
23,12,1,1,V3_CLEAN,54,34460,3.446e-05,1,29019.15264074289
23,12,1,1,V3_CLEAN,55,66661,6.6661e-05,1,15001.275108384212
23,12,1,1,V3_CLEAN,56,37980,3.798e-05,1,26329.647182727753
23,12,1,1,V3_CLEAN,57,35080,3.508e-05,1,28506.271379703532
23,12,1,1,V3_CLEAN,58,37780,3.778e-05,1,26469.031233456855
23,12,1,1,V3_CLEAN,59,34430,3.443e-05,1,29044.43799012489
23,12,1,1,V3_CLEAN,60,36811,3.6811e-05,1,27165.792833663854
23,12,1,1,V3_CLEAN,61,34400,3.44e-05,1,29069.767441860462
23,12,1,1,V3_CLEAN,62,47880,4.788e-05,1,20885.547201336674
23,12,1,1,V3_CLEAN,63,35360,3.536e-05,1,28280.54298642534
23,12,1,1,V3_CLEAN,64,34119,3.4119e-05,1,29309.182566898206
23,12,1,1,V3_CLEAN,65,34000,3.4e-05,1,29411.764705882353
23,12,1,1,V3_CLEAN,66,34400,3.44e-05,1,29069.767441860462
23,12,1,1,V3_CLEAN,67,34160,3.416e-05,1,29274.00468384075
23,12,1,1,V3_CLEAN,68,37500,3.75e-05,1,26666.666666666668
23,12,1,1,V3_CLEAN,69,34320,3.432e-05,1,29137.52913752914
23,12,1,1,V3_CLEAN,70,33940,3.394e-05,1,29463.759575721866
23,12,1,1,V3_CLEAN,71,36209,3.6209e-05,1,27617.443177110665
23,12,1,1,V3_CLEAN,72,34500,3.45e-05,1,28985.507246376812
23,12,1,1,V3_CLEAN,73,34220,3.422e-05,1,29222.67679719462
23,12,1,1,V3_CLEAN,74,34400,3.44e-05,1,29069.767441860462
23,12,1,1,V3_CLEAN,75,33740,3.374e-05,1,29638.41138114997
23,12,1,1,V3_CLEAN,76,34140,3.414e-05,1,29291.154071470413
23,12,1,1,V3_CLEAN,77,33711,3.3711e-05,1,29663.907923229803
23,12,1,1,V3_CLEAN,78,34290,3.429e-05,1,29163.02128900554
23,12,1,1,V3_CLEAN,79,33990,3.399e-05,1,29420.417769932334
23,12,1,1,V3_CLEAN,80,34920,3.492e-05,1,28636.884306987402
23,12,1,1,V3_CLEAN,81,51940,5.194e-05,1,19252.984212552947
23,12,1,1,V3_CLEAN,82,38949,3.8949e-05,1,25674.600118103157
23,12,1,1,V3_CLEAN,83,34370,3.437e-05,1,29095.141111434394
23,12,1,1,V3_CLEAN,84,33920,3.392e-05,1,29481.132075471698
23,12,1,1,V3_CLEAN,85,33751,3.3751e-05,1,29628.751740689164
23,12,1,1,V3_CLEAN,86,34851,3.4851e-05,1,28693.581245875295
23,12,1,1,V3_CLEAN,87,34211,3.4211e-05,1,29230.364502645345
23,12,1,1,V3_CLEAN,88,33821,3.3821e-05,1,29567.428520741552
23,12,1,1,V3_CLEAN,89,47171,4.7171e-05,1,21199.46577346251
23,12,1,1,V3_CLEAN,90,36271,3.6271e-05,1,27570.235174106037
23,12,1,1,V3_CLEAN,91,34589,3.4589e-05,1,28910.925438723298
23,12,1,1,V3_CLEAN,92,34349,3.4349e-05,1,29112.9290517919
23,12,1,1,V3_CLEAN,93,33970,3.397e-05,1,29437.739181630848
23,12,1,1,V3_CLEAN,94,34200,3.42e-05,1,29239.76608187135
23,12,1,1,V3_CLEAN,95,34580,3.458e-05,1,28918.44997108155
23,12,1,1,V3_CLEAN,96,34480,3.448e-05,1,29002.320185614848
23,12,1,1,V3_CLEAN,97,34269,3.4269e-05,1,29180.892351688115
23,12,1,1,V3_CLEAN,98,34660,3.466e-05,1,28851.70225043278
23,12,1,1,V3_CLEAN,99,35749,3.5749e-05,1,27972.81042826373
23,12,1,1,V3_CLEAN,100,43800,4.38e-05,1,22831.0502283105
23,12,1,1,V3_CLEAN,101,48319,4.8319e-05,1,20695.792545375523
23,12,1,1,V3_CLEAN,102,38540,3.854e-05,1,25947.067981318112
23,12,1,1,V3_CLEAN,103,34909,3.4909e-05,1,28645.907932051905
23,12,1,1,V3_CLEAN,104,34580,3.458e-05,1,28918.44997108155
23,12,1,1,V3_CLEAN,105,34000,3.4e-05,1,29411.764705882353
23,12,1,1,V3_CLEAN,106,35959,3.5959e-05,1,27809.449650991406
23,12,1,1,V3_CLEAN,107,35010,3.501e-05,1,28563.267637817768
23,12,1,1,V3_CLEAN,108,87031,8.7031e-05,1,11490.158679091359
23,12,1,1,V3_CLEAN,109,44449,4.4449e-05,1,22497.693986366397
23,12,1,1,V3_CLEAN,110,41699,4.1699e-05,1,23981.390441017767
23,12,1,1,V3_CLEAN,111,36861,3.6861e-05,1,27128.943870215135
23,12,1,1,V3_CLEAN,112,35289,3.5289e-05,1,28337.44226246139
23,12,1,1,V3_CLEAN,113,34660,3.466e-05,1,28851.70225043278
23,12,1,1,V3_CLEAN,114,47229,4.7229e-05,1,21173.431578055857
23,12,1,1,V3_CLEAN,115,35959,3.5959e-05,1,27809.449650991406
23,12,1,1,V3_CLEAN,116,35580,3.558e-05,1,28105.677346824057
23,12,1,1,V3_CLEAN,117,40720,4.072e-05,1,24557.956777996067
23,12,1,1,V3_CLEAN,118,36080,3.608e-05,1,27716.18625277162
23,12,1,1,V3_CLEAN,119,36010,3.601e-05,1,27770.0638711469
23,12,1,1,V3_CLEAN,120,36481,3.6481e-05,1,27411.52928921905
23,12,1,1,V3_CLEAN,121,34591,3.4591e-05,1,28909.253852158075
23,12,1,1,V3_CLEAN,122,34471,3.4471e-05,1,29009.89237329929
23,12,1,1,V3_CLEAN,123,34051,3.4051e-05,1,29367.713136178085
23,12,1,1,V3_CLEAN,124,33840,3.384e-05,1,29550.827423167848
23,12,1,1,V3_CLEAN,125,33790,3.379e-05,1,29594.55460195324
23,12,1,1,V3_CLEAN,126,33931,3.3931e-05,1,29471.57466623442
23,12,1,1,V3_CLEAN,127,37420,3.742e-05,1,26723.67717797969
23,12,1,1,V3_CLEAN,128,36240,3.624e-05,1,27593.818984547463
23,12,1,1,V3_CLEAN,129,34160,3.416e-05,1,29274.00468384075
23,12,1,1,V3_CLEAN,130,34441,3.4441e-05,1,29035.161580674197
23,12,1,1,V3_CLEAN,131,33840,3.384e-05,1,29550.827423167848
23,12,1,1,V3_CLEAN,132,35409,3.5409e-05,1,28241.40755175238
23,12,1,1,V3_CLEAN,133,86990,8.699e-05,1,11495.574203931486
23,12,1,1,V3_CLEAN,134,37730,3.773e-05,1,26504.1081367612
23,12,1,1,V3_CLEAN,135,41931,4.1931e-05,1,23848.70382294722
23,12,1,1,V3_CLEAN,136,35089,3.5089e-05,1,28498.95978796774
23,12,1,1,V3_CLEAN,137,34220,3.422e-05,1,29222.67679719462
23,12,1,1,V3_CLEAN,138,36750,3.675e-05,1,27210.884353741498
23,12,1,1,V3_CLEAN,139,50600,5.06e-05,1,19762.845849802372
23,12,1,1,V3_CLEAN,140,37909,3.7909e-05,1,26378.960141391228
23,12,1,1,V3_CLEAN,141,34529,3.4529e-05,1,28961.163080309303
23,12,1,1,V3_CLEAN,142,34820,3.482e-05,1,28719.126938541067
23,12,1,1,V3_CLEAN,143,33890,3.389e-05,1,29507.229271171436
23,12,1,1,V3_CLEAN,144,33920,3.392e-05,1,29481.132075471698
23,12,1,1,V3_CLEAN,145,37040,3.704e-05,1,26997.84017278618
23,12,1,1,V3_CLEAN,146,35080,3.508e-05,1,28506.271379703532
23,12,1,1,V3_CLEAN,147,33509,3.3509e-05,1,29842.728819123222
23,12,1,1,V3_CLEAN,148,33961,3.3961e-05,1,29445.540472895376
23,12,1,1,V3_CLEAN,149,33971,3.3971e-05,1,29436.872626652148
23,12,1,1,V3_CLEAN,150,34691,3.4691e-05,1,28825.92026750454
23,12,1,1,V3_CLEAN,151,34260,3.426e-05,1,29188.55808523059
23,12,1,1,V3_CLEAN,152,35149,3.5149e-05,1,28450.311530911265
23,12,1,1,V3_CLEAN,153,40441,4.0441e-05,1,24727.380628570016
23,12,1,1,V3_CLEAN,154,34920,3.492e-05,1,28636.884306987402
23,12,1,1,V3_CLEAN,155,33429,3.3429e-05,1,29914.14639983248
23,12,1,1,V3_CLEAN,156,33889,3.3889e-05,1,29508.09997344271
23,12,1,1,V3_CLEAN,157,33740,3.374e-05,1,29638.41138114997
23,12,1,1,V3_CLEAN,158,51100,5.11e-05,1,19569.471624266145
23,12,1,1,V3_CLEAN,159,37100,3.71e-05,1,26954.177897574125
23,12,1,1,V3_CLEAN,160,34420,3.442e-05,1,29052.87623474724
23,12,1,1,V3_CLEAN,161,33900,3.39e-05,1,29498.525073746314
23,12,1,1,V3_CLEAN,162,34299,3.4299e-05,1,29155.368961194206
23,12,1,1,V3_CLEAN,163,37300,3.73e-05,1,26809.65147453083
23,12,1,1,V3_CLEAN,164,36960,3.696e-05,1,27056.277056277057
23,12,1,1,V3_CLEAN,165,53091,5.3091e-05,1,18835.584185643518
23,12,1,1,V3_CLEAN,166,49450,4.945e-05,1,20222.446916076846
23,12,1,1,V3_CLEAN,167,34540,3.454e-05,1,28951.939779965258
23,12,1,1,V3_CLEAN,168,34900,3.49e-05,1,28653.295128939826
23,12,1,1,V3_CLEAN,169,34431,3.4431e-05,1,29043.594435247305
23,12,1,1,V3_CLEAN,170,34740,3.474e-05,1,28785.261945883703
23,12,1,1,V3_CLEAN,171,35421,3.5421e-05,1,28231.839869004263
23,12,1,1,V3_CLEAN,172,34571,3.4571e-05,1,28925.978421220098
23,12,1,1,V3_CLEAN,173,34629,3.4629e-05,1,28877.530393600737
23,12,1,1,V3_CLEAN,174,38689,3.8689e-05,1,25847.140013957454
23,12,1,1,V3_CLEAN,175,36099,3.6099e-05,1,27701.598382226653
23,12,1,1,V3_CLEAN,176,34760,3.476e-05,1,28768.699654775606
23,12,1,1,V3_CLEAN,177,35729,3.5729e-05,1,27988.468750874636
23,12,1,1,V3_CLEAN,178,37340,3.734e-05,1,26780.93197643278
23,12,1,1,V3_CLEAN,179,36191,3.6191e-05,1,27631.179022408887
23,12,1,1,V3_CLEAN,180,34810,3.481e-05,1,28727.37719046251
23,12,1,1,V3_CLEAN,181,34351,3.4351e-05,1,29111.23402521033
23,12,1,1,V3_CLEAN,182,34220,3.422e-05,1,29222.67679719462
23,12,1,1,V3_CLEAN,183,33869,3.3869e-05,1,29525.52481620361
23,12,1,1,V3_CLEAN,184,47160,4.716e-05,1,21204.410517387616
23,12,1,1,V3_CLEAN,185,37630,3.763e-05,1,26574.54158915759
23,12,1,1,V3_CLEAN,186,34370,3.437e-05,1,29095.141111434394
23,12,1,1,V3_CLEAN,187,33711,3.3711e-05,1,29663.907923229803
23,12,1,1,V3_CLEAN,188,33820,3.382e-05,1,29568.302779420465
23,12,1,1,V3_CLEAN,189,33360,3.336e-05,1,29976.01918465228
23,12,1,1,V3_CLEAN,190,34520,3.452e-05,1,28968.713789107762
23,12,1,1,V3_CLEAN,191,33671,3.3671e-05,1,29699.147634462894
23,12,1,1,V3_CLEAN,192,48571,4.8571e-05,1,20588.416956620207
23,12,1,1,V3_CLEAN,193,37211,3.7211e-05,1,26873.77388406654
23,12,1,1,V3_CLEAN,194,34231,3.4231e-05,1,29213.286202564926
23,12,1,1,V3_CLEAN,195,39160,3.916e-05,1,25536.261491317673
23,12,1,1,V3_CLEAN,196,35100,3.51e-05,1,28490.02849002849
23,12,1,1,V3_CLEAN,197,35091,3.5091e-05,1,28497.33549913083
23,12,1,1,V3_CLEAN,198,36629,3.6629e-05,1,27300.77261186492
23,12,1,1,V3_CLEAN,199,34300,3.43e-05,1,29154.51895043732
23,12,1,1,V3_CLEAN,200,34989,3.4989e-05,1,28580.410986309984
24,12,1,1,V2_ORIGINAL,1,37570,3.757e-05,1,26616.98163428267
24,12,1,1,V2_ORIGINAL,2,51551,5.1551e-05,1,19398.26579503792
24,12,1,1,V2_ORIGINAL,3,43770,4.377e-05,1,22846.69865204478
24,12,1,1,V2_ORIGINAL,4,37920,3.792e-05,1,26371.308016877636
24,12,1,1,V2_ORIGINAL,5,40929,4.0929e-05,1,24432.55393486281
24,12,1,1,V2_ORIGINAL,6,87250,8.725e-05,1,11461.31805157593
24,12,1,1,V2_ORIGINAL,7,51710,5.171e-05,1,19338.61922258751
24,12,1,1,V2_ORIGINAL,8,40060,4.006e-05,1,24962.55616575137
24,12,1,1,V2_ORIGINAL,9,41130,4.113e-05,1,24313.153415998055
24,12,1,1,V2_ORIGINAL,10,36940,3.694e-05,1,27070.925825663235
24,12,1,1,V2_ORIGINAL,11,35700,3.57e-05,1,28011.204481792716
24,12,1,1,V2_ORIGINAL,12,38810,3.881e-05,1,25766.555011594948
24,12,1,1,V2_ORIGINAL,13,36889,3.6889e-05,1,27108.35208327686
24,12,1,1,V2_ORIGINAL,14,36550,3.655e-05,1,27359.781121751024
24,12,1,1,V2_ORIGINAL,15,36429,3.6429e-05,1,27450.657443245767
24,12,1,1,V2_ORIGINAL,16,37249,3.7249e-05,1,26846.358291497756
24,12,1,1,V2_ORIGINAL,17,39990,3.999e-05,1,25006.25156289072
24,12,1,1,V2_ORIGINAL,18,36249,3.6249e-05,1,27586.967916356316
24,12,1,1,V2_ORIGINAL,19,35850,3.585e-05,1,27894.00278940028
24,12,1,1,V2_ORIGINAL,20,35461,3.5461e-05,1,28199.99436000113
24,12,1,1,V2_ORIGINAL,21,58269,5.8269e-05,1,17161.7841390791
24,12,1,1,V2_ORIGINAL,22,41010,4.101e-05,1,24384.296513045596
24,12,1,1,V2_ORIGINAL,23,39431,3.9431e-05,1,25360.756764981867
24,12,1,1,V2_ORIGINAL,24,41820,4.182e-05,1,23912.003825920612
24,12,1,1,V2_ORIGINAL,25,44790,4.479e-05,1,22326.412145568207
24,12,1,1,V2_ORIGINAL,26,36520,3.652e-05,1,27382.256297918946
24,12,1,1,V2_ORIGINAL,27,36829,3.6829e-05,1,27152.515680577802
24,12,1,1,V2_ORIGINAL,28,35670,3.567e-05,1,28034.76310625175
24,12,1,1,V2_ORIGINAL,29,34989,3.4989e-05,1,28580.410986309984
24,12,1,1,V2_ORIGINAL,30,35479,3.5479e-05,1,28185.68730798501
24,12,1,1,V2_ORIGINAL,31,35881,3.5881e-05,1,27869.90329143558
24,12,1,1,V2_ORIGINAL,32,37820,3.782e-05,1,26441.036488630354
24,12,1,1,V2_ORIGINAL,33,35420,3.542e-05,1,28232.6369282891
24,12,1,1,V2_ORIGINAL,34,38201,3.8201e-05,1,26177.32520091097
24,12,1,1,V2_ORIGINAL,35,35769,3.5769e-05,1,27957.169616148058
24,12,1,1,V2_ORIGINAL,36,54960,5.496e-05,1,18195.050946142648
24,12,1,1,V2_ORIGINAL,37,40420,4.042e-05,1,24740.22761009401
24,12,1,1,V2_ORIGINAL,38,36860,3.686e-05,1,27129.679869777534
24,12,1,1,V2_ORIGINAL,39,36030,3.603e-05,1,27754.64890369137
24,12,1,1,V2_ORIGINAL,40,35040,3.504e-05,1,28538.812785388127
24,12,1,1,V2_ORIGINAL,41,34779,3.4779e-05,1,28752.983121998906
24,12,1,1,V2_ORIGINAL,42,34720,3.472e-05,1,28801.84331797235
24,12,1,1,V2_ORIGINAL,43,35011,3.5011e-05,1,28562.451800862586
24,12,1,1,V2_ORIGINAL,44,35200,3.52e-05,1,28409.090909090908
24,12,1,1,V2_ORIGINAL,45,34760,3.476e-05,1,28768.699654775606
24,12,1,1,V2_ORIGINAL,46,34700,3.47e-05,1,28818.44380403458
24,12,1,1,V2_ORIGINAL,47,36100,3.61e-05,1,27700.831024930747
24,12,1,1,V2_ORIGINAL,48,37170,3.717e-05,1,26903.41673392521
24,12,1,1,V2_ORIGINAL,49,35120,3.512e-05,1,28473.80410022779
24,12,1,1,V2_ORIGINAL,50,34790,3.479e-05,1,28743.891922966373
24,12,1,1,V2_ORIGINAL,51,35310,3.531e-05,1,28320.58906825262
24,12,1,1,V2_ORIGINAL,52,51109,5.1109e-05,1,19566.02555322937
24,12,1,1,V2_ORIGINAL,53,37100,3.71e-05,1,26954.177897574125
24,12,1,1,V2_ORIGINAL,54,35951,3.5951e-05,1,27815.63795165642
24,12,1,1,V2_ORIGINAL,55,36069,3.6069e-05,1,27724.6388865785
24,12,1,1,V2_ORIGINAL,56,36600,3.66e-05,1,27322.404371584696
24,12,1,1,V2_ORIGINAL,57,34820,3.482e-05,1,28719.126938541067
24,12,1,1,V2_ORIGINAL,58,34871,3.4871e-05,1,28677.124257979413
24,12,1,1,V2_ORIGINAL,59,35360,3.536e-05,1,28280.54298642534
24,12,1,1,V2_ORIGINAL,60,34811,3.4811e-05,1,28726.551951969202
24,12,1,1,V2_ORIGINAL,61,34940,3.494e-05,1,28620.492272467087
24,12,1,1,V2_ORIGINAL,62,36620,3.662e-05,1,27307.482250136538
24,12,1,1,V2_ORIGINAL,63,35390,3.539e-05,1,28256.569652444196
24,12,1,1,V2_ORIGINAL,64,37389,3.7389e-05,1,26745.834336302123
24,12,1,1,V2_ORIGINAL,65,35679,3.5679e-05,1,28027.691359062752
24,12,1,1,V2_ORIGINAL,66,35150,3.515e-05,1,28449.50213371266
24,12,1,1,V2_ORIGINAL,67,41180,4.118e-05,1,24283.632831471587
24,12,1,1,V2_ORIGINAL,68,54869,5.4869e-05,1,18225.227359711313
24,12,1,1,V2_ORIGINAL,69,38080,3.808e-05,1,26260.504201680673
24,12,1,1,V2_ORIGINAL,70,37400,3.74e-05,1,26737.9679144385
24,12,1,1,V2_ORIGINAL,71,37740,3.774e-05,1,26497.085320614733
24,12,1,1,V2_ORIGINAL,72,35680,3.568e-05,1,28026.905829596413
24,12,1,1,V2_ORIGINAL,73,35329,3.5329e-05,1,28305.358204308075
24,12,1,1,V2_ORIGINAL,74,35070,3.507e-05,1,28514.3997718848
24,12,1,1,V2_ORIGINAL,75,34971,3.4971e-05,1,28595.121672242716
24,12,1,1,V2_ORIGINAL,76,37310,3.731e-05,1,26802.46582685607
24,12,1,1,V2_ORIGINAL,77,35180,3.518e-05,1,28425.241614553725
24,12,1,1,V2_ORIGINAL,78,35220,3.522e-05,1,28392.958546280523
24,12,1,1,V2_ORIGINAL,79,34700,3.47e-05,1,28818.44380403458
24,12,1,1,V2_ORIGINAL,80,37160,3.716e-05,1,26910.656620021527
24,12,1,1,V2_ORIGINAL,81,35149,3.5149e-05,1,28450.311530911265
24,12,1,1,V2_ORIGINAL,82,34600,3.46e-05,1,28901.73410404624
24,12,1,1,V2_ORIGINAL,83,35290,3.529e-05,1,28336.639274582034
24,12,1,1,V2_ORIGINAL,84,52631,5.2631e-05,1,19000.209002299027
24,12,1,1,V2_ORIGINAL,85,37010,3.701e-05,1,27019.724398811133
24,12,1,1,V2_ORIGINAL,86,35450,3.545e-05,1,28208.744710860366
24,12,1,1,V2_ORIGINAL,87,35029,3.5029e-05,1,28547.77470096206
24,12,1,1,V2_ORIGINAL,88,60480,6.048e-05,1,16534.391534391536
24,12,1,1,V2_ORIGINAL,89,51420,5.142e-05,1,19447.68572539868
24,12,1,1,V2_ORIGINAL,90,38739,3.8739e-05,1,25813.779395441285
24,12,1,1,V2_ORIGINAL,91,36621,3.6621e-05,1,27306.73657191229
24,12,1,1,V2_ORIGINAL,92,34660,3.466e-05,1,28851.70225043278
24,12,1,1,V2_ORIGINAL,93,34810,3.481e-05,1,28727.37719046251
24,12,1,1,V2_ORIGINAL,94,34870,3.487e-05,1,28677.946659019213
24,12,1,1,V2_ORIGINAL,95,44329,4.4329e-05,1,22558.595952987886
24,12,1,1,V2_ORIGINAL,96,36070,3.607e-05,1,27723.87025228722
24,12,1,1,V2_ORIGINAL,97,35231,3.5231e-05,1,28384.09355397235
24,12,1,1,V2_ORIGINAL,98,34780,3.478e-05,1,28752.156411730877
24,12,1,1,V2_ORIGINAL,99,47410,4.741e-05,1,21092.59649862898
24,12,1,1,V2_ORIGINAL,100,39441,3.9441e-05,1,25354.326715854062
24,12,1,1,V2_ORIGINAL,101,35609,3.5609e-05,1,28082.78805919852
24,12,1,1,V2_ORIGINAL,102,35040,3.504e-05,1,28538.812785388127
24,12,1,1,V2_ORIGINAL,103,34971,3.4971e-05,1,28595.121672242716
24,12,1,1,V2_ORIGINAL,104,34740,3.474e-05,1,28785.261945883703
24,12,1,1,V2_ORIGINAL,105,34700,3.47e-05,1,28818.44380403458
24,12,1,1,V2_ORIGINAL,106,34441,3.4441e-05,1,29035.161580674197
24,12,1,1,V2_ORIGINAL,107,34989,3.4989e-05,1,28580.410986309984
24,12,1,1,V2_ORIGINAL,108,34770,3.477e-05,1,28760.425654299685
24,12,1,1,V2_ORIGINAL,109,34420,3.442e-05,1,29052.87623474724
24,12,1,1,V2_ORIGINAL,110,41629,4.1629e-05,1,24021.71563093036
24,12,1,1,V2_ORIGINAL,111,42839,4.2839e-05,1,23343.21529447466
24,12,1,1,V2_ORIGINAL,112,36521,3.6521e-05,1,27381.50653048931
24,12,1,1,V2_ORIGINAL,113,34449,3.4449e-05,1,29028.418822026764
24,12,1,1,V2_ORIGINAL,114,33970,3.397e-05,1,29437.739181630848
24,12,1,1,V2_ORIGINAL,115,36141,3.6141e-05,1,27669.405937854517
24,12,1,1,V2_ORIGINAL,116,39920,3.992e-05,1,25050.100200400804
24,12,1,1,V2_ORIGINAL,117,36160,3.616e-05,1,27654.867256637168
24,12,1,1,V2_ORIGINAL,118,34731,3.4731e-05,1,28792.72120008062
24,12,1,1,V2_ORIGINAL,119,36860,3.686e-05,1,27129.679869777534
24,12,1,1,V2_ORIGINAL,120,34160,3.416e-05,1,29274.00468384075
24,12,1,1,V2_ORIGINAL,121,34489,3.4489e-05,1,28994.75194989707
24,12,1,1,V2_ORIGINAL,122,34731,3.4731e-05,1,28792.72120008062
24,12,1,1,V2_ORIGINAL,123,34690,3.469e-05,1,28826.751225136926
24,12,1,1,V2_ORIGINAL,124,34369,3.4369e-05,1,29095.987663301228
24,12,1,1,V2_ORIGINAL,125,34589,3.4589e-05,1,28910.925438723298
24,12,1,1,V2_ORIGINAL,126,35060,3.506e-05,1,28522.532800912722
24,12,1,1,V2_ORIGINAL,127,34680,3.468e-05,1,28835.06343713956
24,12,1,1,V2_ORIGINAL,128,36920,3.692e-05,1,27085.590465872156
24,12,1,1,V2_ORIGINAL,129,34640,3.464e-05,1,28868.360277136257
24,12,1,1,V2_ORIGINAL,130,34949,3.4949e-05,1,28613.121977738992
24,12,1,1,V2_ORIGINAL,131,34000,3.4e-05,1,29411.764705882353
24,12,1,1,V2_ORIGINAL,132,59210,5.921e-05,1,16889.03901368012
24,12,1,1,V2_ORIGINAL,133,36140,3.614e-05,1,27670.17155506364
24,12,1,1,V2_ORIGINAL,134,35630,3.563e-05,1,28066.236317709794
24,12,1,1,V2_ORIGINAL,135,35031,3.5031e-05,1,28546.144843138936
24,12,1,1,V2_ORIGINAL,136,34229,3.4229e-05,1,29214.993134476612
24,12,1,1,V2_ORIGINAL,137,34899,3.4899e-05,1,28654.11616378693
24,12,1,1,V2_ORIGINAL,138,34701,3.4701e-05,1,28817.613325264403
24,12,1,1,V2_ORIGINAL,139,34340,3.434e-05,1,29120.559114735002
24,12,1,1,V2_ORIGINAL,140,34250,3.425e-05,1,29197.080291970804
24,12,1,1,V2_ORIGINAL,141,34490,3.449e-05,1,28993.91127863149
24,12,1,1,V2_ORIGINAL,142,34731,3.4731e-05,1,28792.72120008062
24,12,1,1,V2_ORIGINAL,143,34650,3.465e-05,1,28860.02886002886
24,12,1,1,V2_ORIGINAL,144,36680,3.668e-05,1,27262.813522355507
24,12,1,1,V2_ORIGINAL,145,34700,3.47e-05,1,28818.44380403458
24,12,1,1,V2_ORIGINAL,146,34460,3.446e-05,1,29019.15264074289
24,12,1,1,V2_ORIGINAL,147,34970,3.497e-05,1,28595.939376608523
24,12,1,1,V2_ORIGINAL,148,51380,5.138e-05,1,19462.82600233554
24,12,1,1,V2_ORIGINAL,149,41220,4.122e-05,1,24260.067928190198
24,12,1,1,V2_ORIGINAL,150,35471,3.5471e-05,1,28192.044205125312
24,12,1,1,V2_ORIGINAL,151,34811,3.4811e-05,1,28726.551951969202
24,12,1,1,V2_ORIGINAL,152,36510,3.651e-05,1,27389.75623116954
24,12,1,1,V2_ORIGINAL,153,40250,4.025e-05,1,24844.72049689441
24,12,1,1,V2_ORIGINAL,154,35791,3.5791e-05,1,27939.98491240815
24,12,1,1,V2_ORIGINAL,155,35240,3.524e-05,1,28376.844494892168
24,12,1,1,V2_ORIGINAL,156,43101,4.3101e-05,1,23201.31783485302
24,12,1,1,V2_ORIGINAL,157,35320,3.532e-05,1,28312.57078142695
24,12,1,1,V2_ORIGINAL,158,34240,3.424e-05,1,29205.607476635516
24,12,1,1,V2_ORIGINAL,159,59800,5.98e-05,1,16722.408026755853
24,12,1,1,V2_ORIGINAL,160,42260,4.226e-05,1,23663.038334122102
24,12,1,1,V2_ORIGINAL,161,37570,3.757e-05,1,26616.98163428267
24,12,1,1,V2_ORIGINAL,162,36069,3.6069e-05,1,27724.6388865785
24,12,1,1,V2_ORIGINAL,163,53090,5.309e-05,1,18835.93897155773
24,12,1,1,V2_ORIGINAL,164,41669,4.1669e-05,1,23998.656075259787
24,12,1,1,V2_ORIGINAL,165,37040,3.704e-05,1,26997.84017278618
24,12,1,1,V2_ORIGINAL,166,38539,3.8539e-05,1,25947.741249124265
24,12,1,1,V2_ORIGINAL,167,38360,3.836e-05,1,26068.821689259647
24,12,1,1,V2_ORIGINAL,168,34691,3.4691e-05,1,28825.92026750454
24,12,1,1,V2_ORIGINAL,169,35010,3.501e-05,1,28563.267637817768
24,12,1,1,V2_ORIGINAL,170,34891,3.4891e-05,1,28660.686136826112
24,12,1,1,V2_ORIGINAL,171,35131,3.5131e-05,1,28464.888559961288
24,12,1,1,V2_ORIGINAL,172,34740,3.474e-05,1,28785.261945883703
24,12,1,1,V2_ORIGINAL,173,36580,3.658e-05,1,27337.342810278842
24,12,1,1,V2_ORIGINAL,174,47700,4.77e-05,1,20964.360587002095
24,12,1,1,V2_ORIGINAL,175,38240,3.824e-05,1,26150.62761506276
24,12,1,1,V2_ORIGINAL,176,35211,3.5211e-05,1,28400.215841640398
24,12,1,1,V2_ORIGINAL,177,34739,3.4739e-05,1,28786.090561040906
24,12,1,1,V2_ORIGINAL,178,34681,3.4681e-05,1,28834.232000230673
24,12,1,1,V2_ORIGINAL,179,53991,5.3991e-05,1,18521.605452760647
24,12,1,1,V2_ORIGINAL,180,37010,3.701e-05,1,27019.724398811133
24,12,1,1,V2_ORIGINAL,181,35550,3.555e-05,1,28129.395218002817
24,12,1,1,V2_ORIGINAL,182,34800,3.48e-05,1,28735.63218390805
24,12,1,1,V2_ORIGINAL,183,34780,3.478e-05,1,28752.156411730877
24,12,1,1,V2_ORIGINAL,184,34741,3.4741e-05,1,28784.43337842895
24,12,1,1,V2_ORIGINAL,185,34800,3.48e-05,1,28735.63218390805
24,12,1,1,V2_ORIGINAL,186,34650,3.465e-05,1,28860.02886002886
24,12,1,1,V2_ORIGINAL,187,34741,3.4741e-05,1,28784.43337842895
24,12,1,1,V2_ORIGINAL,188,34600,3.46e-05,1,28901.73410404624
24,12,1,1,V2_ORIGINAL,189,34730,3.473e-05,1,28793.550244745176
24,12,1,1,V2_ORIGINAL,190,34930,3.493e-05,1,28628.685943315202
24,12,1,1,V2_ORIGINAL,191,42809,4.2809e-05,1,23359.573921371673
24,12,1,1,V2_ORIGINAL,192,35200,3.52e-05,1,28409.090909090908
24,12,1,1,V2_ORIGINAL,193,36391,3.6391e-05,1,27479.321810337722
24,12,1,1,V2_ORIGINAL,194,35240,3.524e-05,1,28376.844494892168
24,12,1,1,V2_ORIGINAL,195,53350,5.335e-05,1,18744.14245548266
24,12,1,1,V2_ORIGINAL,196,38860,3.886e-05,1,25733.40195573855
24,12,1,1,V2_ORIGINAL,197,35629,3.5629e-05,1,28067.024053439614
24,12,1,1,V2_ORIGINAL,198,40711,4.0711e-05,1,24563.385817101032
24,12,1,1,V2_ORIGINAL,199,36040,3.604e-05,1,27746.94783573807
24,12,1,1,V2_ORIGINAL,200,35550,3.555e-05,1,28129.395218002817
25,13,64,4,V3_CLEAN,1,3099830,0.00309983,64,20646.293506418093
25,13,64,4,V3_CLEAN,2,2753539,0.002753539,64,23242.815881670824
25,13,64,4,V3_CLEAN,3,3383010,0.00338301,64,18918.064090854
25,13,64,4,V3_CLEAN,4,2765119,0.002765119,64,23145.47764490425
25,13,64,4,V3_CLEAN,5,3403339,0.003403339,64,18805.061734960873
25,13,64,4,V3_CLEAN,6,2713490,0.00271349,64,23585.86174999724
25,13,64,4,V3_CLEAN,7,3502661,0.003502661,64,18271.822480108694
25,13,64,4,V3_CLEAN,8,2911111,0.002911111,64,21984.733663539453
25,13,64,4,V3_CLEAN,9,3370779,0.003370779,64,18986.70900702775
25,13,64,4,V3_CLEAN,10,2737861,0.002737861,64,23375.912802001272
25,13,64,4,V3_CLEAN,11,3902689,0.003902689,64,16398.949544788222
25,13,64,4,V3_CLEAN,12,2788020,0.00278802,64,22955.359000294116
25,13,64,4,V3_CLEAN,13,4985739,0.004985739,64,12836.612586418983
25,13,64,4,V3_CLEAN,14,2885709,0.002885709,64,22178.258445324875
25,13,64,4,V3_CLEAN,15,3513069,0.003513069,64,18217.68943337008
25,13,64,4,V3_CLEAN,16,2802850,0.00280285,64,22833.901207699306
25,13,64,4,V3_CLEAN,17,3472110,0.00347211,64,18432.595741494366
25,13,64,4,V3_CLEAN,18,2778451,0.002778451,64,23034.41737860412
25,13,64,4,V3_CLEAN,19,3441640,0.00344164,64,18595.785730058924
25,13,64,4,V3_CLEAN,20,2721320,0.00272132,64,23517.99861831758
25,13,64,4,V3_CLEAN,21,3598200,0.0035982,64,17786.671113334443
25,13,64,4,V3_CLEAN,22,2767601,0.002767601,64,23124.72065156791
25,13,64,4,V3_CLEAN,23,3430800,0.0034308,64,18654.541214876997
25,13,64,4,V3_CLEAN,24,2705030,0.00270503,64,23659.626695452545
25,13,64,4,V3_CLEAN,25,3402340,0.00340234,64,18810.583304431657
25,13,64,4,V3_CLEAN,26,2822880,0.00282288,64,22671.881199342515
25,13,64,4,V3_CLEAN,27,3380940,0.00338094,64,18929.64678462203
25,13,64,4,V3_CLEAN,28,2747280,0.00274728,64,23295.768905972454
25,13,64,4,V3_CLEAN,29,3476749,0.003476749,64,18408.001267851087
25,13,64,4,V3_CLEAN,30,2835961,0.002835961,64,22567.306108934503
25,13,64,4,V3_CLEAN,31,3693479,0.003693479,64,17327.8364382199
25,13,64,4,V3_CLEAN,32,2858170,0.00285817,64,22391.95009394123
25,13,64,4,V3_CLEAN,33,3447490,0.00344749,64,18564.23078819663
25,13,64,4,V3_CLEAN,34,2860090,0.00286009,64,22376.91820886755
25,13,64,4,V3_CLEAN,35,3547009,0.003547009,64,18043.37118964175
25,13,64,4,V3_CLEAN,36,2828961,0.002828961,64,22623.146801953084
25,13,64,4,V3_CLEAN,37,3494940,0.00349494,64,18312.18847819991
25,13,64,4,V3_CLEAN,38,3507280,0.00350728,64,18247.758947104307
25,13,64,4,V3_CLEAN,39,3462599,0.003462599,64,18483.226039168843
25,13,64,4,V3_CLEAN,40,2825431,0.002825431,64,22651.411412984424
25,13,64,4,V3_CLEAN,41,3439990,0.00343999,64,18604.705246236183
25,13,64,4,V3_CLEAN,42,2881140,0.00288114,64,22213.42940641552
25,13,64,4,V3_CLEAN,43,3359339,0.003359339,64,19051.366950462576
25,13,64,4,V3_CLEAN,44,2762490,0.00276249,64,23167.50467874997
25,13,64,4,V3_CLEAN,45,3505090,0.00350509,64,18259.160249808134
25,13,64,4,V3_CLEAN,46,2800700,0.0028007,64,22851.429999642944
25,13,64,4,V3_CLEAN,47,3561950,0.00356195,64,17967.686239279046
25,13,64,4,V3_CLEAN,48,2784460,0.00278446,64,22984.707986467754
25,13,64,4,V3_CLEAN,49,3399230,0.00339923,64,18827.793353200577
25,13,64,4,V3_CLEAN,50,2789279,0.002789279,64,22944.997614078762
25,13,64,4,V3_CLEAN,51,3454170,0.00345417,64,18528.329526340625
25,13,64,4,V3_CLEAN,52,2775451,0.002775451,64,23059.315404955807
25,13,64,4,V3_CLEAN,53,3383610,0.00338361,64,18914.70943755338
25,13,64,4,V3_CLEAN,54,2726110,0.00272611,64,23476.675556012047
25,13,64,4,V3_CLEAN,55,3393021,0.003393021,64,18862.246947484262
25,13,64,4,V3_CLEAN,56,2736830,0.00273683,64,23384.718817025536
25,13,64,4,V3_CLEAN,57,3368180,0.00336818,64,19001.3597848096
25,13,64,4,V3_CLEAN,58,2780530,0.00278053,64,23017.19456362636
25,13,64,4,V3_CLEAN,59,3467150,0.00346715,64,18458.964855861443
25,13,64,4,V3_CLEAN,60,2954840,0.00295484,64,21659.379188044026
25,13,64,4,V3_CLEAN,61,3526590,0.00352659,64,18147.84253343882
25,13,64,4,V3_CLEAN,62,2753930,0.00275393,64,23239.51589183458
25,13,64,4,V3_CLEAN,63,3609830,0.00360983,64,17729.366756883286
25,13,64,4,V3_CLEAN,64,2871640,0.00287164,64,22286.916187265815
25,13,64,4,V3_CLEAN,65,3461390,0.00346139,64,18489.681890801094
25,13,64,4,V3_CLEAN,66,2728780,0.00272878,64,23453.704585932173
25,13,64,4,V3_CLEAN,67,3465710,0.00346571,64,18466.634542416996
25,13,64,4,V3_CLEAN,68,2949960,0.00294996,64,21695.209426568494
25,13,64,4,V3_CLEAN,69,3384360,0.00338436,64,18910.517793615338
25,13,64,4,V3_CLEAN,70,2780980,0.00278098,64,23013.47007170134
25,13,64,4,V3_CLEAN,71,3426760,0.00342676,64,18676.53410218399
25,13,64,4,V3_CLEAN,72,2787530,0.00278753,64,22959.39415898663
25,13,64,4,V3_CLEAN,73,3433980,0.00343398,64,18637.266378953867
25,13,64,4,V3_CLEAN,74,2714750,0.00271475,64,23574.91481720232
25,13,64,4,V3_CLEAN,75,3490400,0.0034904,64,18336.007334402933
25,13,64,4,V3_CLEAN,76,2679830,0.00267983,64,23882.11192501017
25,13,64,4,V3_CLEAN,77,3425130,0.00342513,64,18685.422159158923
25,13,64,4,V3_CLEAN,78,2730190,0.00273019,64,23441.591977115146
25,13,64,4,V3_CLEAN,79,3417260,0.00341726,64,18728.454960992138
25,13,64,4,V3_CLEAN,80,3068040,0.00306804,64,20860.22346514387
25,13,64,4,V3_CLEAN,81,3398050,0.00339805,64,18834.33145480496
25,13,64,4,V3_CLEAN,82,2758070,0.00275807,64,23204.632224707857
25,13,64,4,V3_CLEAN,83,3432030,0.00343203,64,18647.855642287508
25,13,64,4,V3_CLEAN,84,2731990,0.00273199,64,23426.14724065608
25,13,64,4,V3_CLEAN,85,3363300,0.0033633,64,19028.92992001903
25,13,64,4,V3_CLEAN,86,2746780,0.00274678,64,23300.009465628846
25,13,64,4,V3_CLEAN,87,3449270,0.00344927,64,18554.65069420486
25,13,64,4,V3_CLEAN,88,2706510,0.00270651,64,23646.68890933342
25,13,64,4,V3_CLEAN,89,3391890,0.00339189,64,18868.536420697605
25,13,64,4,V3_CLEAN,90,2802790,0.00280279,64,22834.390018517264
25,13,64,4,V3_CLEAN,91,3431750,0.00343175,64,18649.37713994318
25,13,64,4,V3_CLEAN,92,2813130,0.00281313,64,22750.459452638162
25,13,64,4,V3_CLEAN,93,3470390,0.00347039,64,18441.731332789688
25,13,64,4,V3_CLEAN,94,2767120,0.00276712,64,23128.740350978635
25,13,64,4,V3_CLEAN,95,3675550,0.00367555,64,17412.36005495776
25,13,64,4,V3_CLEAN,96,2939200,0.0029392,64,21774.63255307567
25,13,64,4,V3_CLEAN,97,3403170,0.00340317,64,18805.99558646791
25,13,64,4,V3_CLEAN,98,2817820,0.00281782,64,22712.593423284667
25,13,64,4,V3_CLEAN,99,3357040,0.00335704,64,19064.41388842552
25,13,64,4,V3_CLEAN,100,2853470,0.00285347,64,22428.832263875214
25,13,64,4,V3_CLEAN,101,3478270,0.00347827,64,18399.95170012679
25,13,64,4,V3_CLEAN,102,2788300,0.0027883,64,22953.053832084064
25,13,64,4,V3_CLEAN,103,3413710,0.00341371,64,18747.931136505445
25,13,64,4,V3_CLEAN,104,2694210,0.00269421,64,23754.644218527883
25,13,64,4,V3_CLEAN,105,3433200,0.0034332,64,18641.500640801583
25,13,64,4,V3_CLEAN,106,2782640,0.00278264,64,22999.741252910906
25,13,64,4,V3_CLEAN,107,3485850,0.00348585,64,18359.940903940216
25,13,64,4,V3_CLEAN,108,2896510,0.00289651,64,22095.55637646685
25,13,64,4,V3_CLEAN,109,3553580,0.00355358,64,18010.006810033825
25,13,64,4,V3_CLEAN,110,2772690,0.00277269,64,23082.277499468026
25,13,64,4,V3_CLEAN,111,3438140,0.00343814,64,18614.716096494034
25,13,64,4,V3_CLEAN,112,2826810,0.00282681,64,22640.361396768796
25,13,64,4,V3_CLEAN,113,3587280,0.00358728,64,17840.815325260366
25,13,64,4,V3_CLEAN,114,2794010,0.00279401,64,22906.145647295463
25,13,64,4,V3_CLEAN,115,3481730,0.00348173,64,18381.666585289495
25,13,64,4,V3_CLEAN,116,2712370,0.00271237,64,23595.60089515811
25,13,64,4,V3_CLEAN,117,3382270,0.00338227,64,18922.20313576385
25,13,64,4,V3_CLEAN,118,2746140,0.00274614,64,23305.439635269868
25,13,64,4,V3_CLEAN,119,3360940,0.00336094,64,19042.291739810884
25,13,64,4,V3_CLEAN,120,2712150,0.00271215,64,23597.514886713492
25,13,64,4,V3_CLEAN,121,3432320,0.00343232,64,18646.28006712661
25,13,64,4,V3_CLEAN,122,2772970,0.00277297,64,23079.946771872757
25,13,64,4,V3_CLEAN,123,3406690,0.00340669,64,18786.56408419903
25,13,64,4,V3_CLEAN,124,2888980,0.00288898,64,22153.147477656472
25,13,64,4,V3_CLEAN,125,3398080,0.00339808,64,18834.16517562859
25,13,64,4,V3_CLEAN,126,2815890,0.00281589,64,22728.160546044055
25,13,64,4,V3_CLEAN,127,3728120,0.00372812,64,17166.82939390363
25,13,64,4,V3_CLEAN,128,2877220,0.00287722,64,22243.69356531652
25,13,64,4,V3_CLEAN,129,3395110,0.00339511,64,18850.641069066984
25,13,64,4,V3_CLEAN,130,2785110,0.00278511,64,22979.343724305323
25,13,64,4,V3_CLEAN,131,3403880,0.00340388,64,18802.072928540372
25,13,64,4,V3_CLEAN,132,2724840,0.00272484,64,23487.61762158512
25,13,64,4,V3_CLEAN,133,3376940,0.00337694,64,18952.06903291145
25,13,64,4,V3_CLEAN,134,2770680,0.00277068,64,23099.02262260528
25,13,64,4,V3_CLEAN,135,3488080,0.00348808,64,18348.203022866448
25,13,64,4,V3_CLEAN,136,2783620,0.00278362,64,22991.643974393057
25,13,64,4,V3_CLEAN,137,3443940,0.00344394,64,18583.36672532042
25,13,64,4,V3_CLEAN,138,2850780,0.00285078,64,22449.996141406915
25,13,64,4,V3_CLEAN,139,3578970,0.00357897,64,17882.239862306753
25,13,64,4,V3_CLEAN,140,2866970,0.00286697,64,22323.219287261465
25,13,64,4,V3_CLEAN,141,3470370,0.00347037,64,18441.837613856736
25,13,64,4,V3_CLEAN,142,2832110,0.00283211,64,22597.992309620742
25,13,64,4,V3_CLEAN,143,3523860,0.00352386,64,18161.902005187494
25,13,64,4,V3_CLEAN,144,2839900,0.0028399,64,22536.00478890102
25,13,64,4,V3_CLEAN,145,3520490,0.00352049,64,18179.28754235916
25,13,64,4,V3_CLEAN,146,2788520,0.00278852,64,22951.242953251185
25,13,64,4,V3_CLEAN,147,3438720,0.00343872,64,18611.576400521124
25,13,64,4,V3_CLEAN,148,2779070,0.00277907,64,23029.286775791905
25,13,64,4,V3_CLEAN,149,3477900,0.0034779,64,18401.909198079302
25,13,64,4,V3_CLEAN,150,2788300,0.0027883,64,22953.053832084064
26,13,64,4,V2_ORIGINAL,1,3061000,0.003061,64,20908.199934661876
26,13,64,4,V2_ORIGINAL,2,2881050,0.00288105,64,22214.123323094012
26,13,64,4,V2_ORIGINAL,3,3114490,0.00311449,64,20549.11076933944
26,13,64,4,V2_ORIGINAL,4,2866250,0.00286625,64,22328.82686436982
26,13,64,4,V2_ORIGINAL,5,3084870,0.00308487,64,20746.417190999946
26,13,64,4,V2_ORIGINAL,6,2804440,0.00280444,64,22820.955342243014
26,13,64,4,V2_ORIGINAL,7,3157650,0.00315765,64,20268.237455069433
26,13,64,4,V2_ORIGINAL,8,3031940,0.00303194,64,21108.597135827225
26,13,64,4,V2_ORIGINAL,9,3152020,0.00315202,64,20304.439692641543
26,13,64,4,V2_ORIGINAL,10,3250920,0.00325092,64,19686.73483198602
26,13,64,4,V2_ORIGINAL,11,3094950,0.00309495,64,20678.84780044912
26,13,64,4,V2_ORIGINAL,12,2820160,0.00282016,64,22693.74787246114
26,13,64,4,V2_ORIGINAL,13,3182810,0.00318281,64,20108.017757893183
26,13,64,4,V2_ORIGINAL,14,2838710,0.00283871,64,22545.451983471365
26,13,64,4,V2_ORIGINAL,15,3131230,0.00313123,64,20439.25230660156
26,13,64,4,V2_ORIGINAL,16,2920920,0.00292092,64,21910.9047834244
26,13,64,4,V2_ORIGINAL,17,3107090,0.00310709,64,20598.051553060905
26,13,64,4,V2_ORIGINAL,18,2768869,0.002768869,64,23114.13071546541
26,13,64,4,V2_ORIGINAL,19,3033099,0.003033099,64,21100.531172902698
26,13,64,4,V2_ORIGINAL,20,2710399,0.002710399,64,23612.75959738769
26,13,64,4,V2_ORIGINAL,21,3000620,0.00300062,64,21328.925355426545
26,13,64,4,V2_ORIGINAL,22,2717440,0.00271744,64,23551.577955723034
26,13,64,4,V2_ORIGINAL,23,3044421,0.003044421,64,21022.059695423202
26,13,64,4,V2_ORIGINAL,24,2740910,0.00274091,64,23349.909336680154
26,13,64,4,V2_ORIGINAL,25,3027750,0.00302775,64,21137.808603748657
26,13,64,4,V2_ORIGINAL,26,2719181,0.002719181,64,23536.498673681523
26,13,64,4,V2_ORIGINAL,27,2998031,0.002998031,64,21347.344306980147
26,13,64,4,V2_ORIGINAL,28,3153130,0.00315313,64,20297.291897257644
26,13,64,4,V2_ORIGINAL,29,3030439,0.003030439,64,21119.052388119348
26,13,64,4,V2_ORIGINAL,30,2780090,0.00278009,64,23020.83745490254
26,13,64,4,V2_ORIGINAL,31,3029599,0.003029599,64,21124.90794986399
26,13,64,4,V2_ORIGINAL,32,2734821,0.002734821,64,23401.897235687455
26,13,64,4,V2_ORIGINAL,33,3002360,0.00300236,64,21316.564302748506
26,13,64,4,V2_ORIGINAL,34,2694099,0.002694099,64,23755.6229373902
26,13,64,4,V2_ORIGINAL,35,3037219,0.003037219,64,21071.90821603579
26,13,64,4,V2_ORIGINAL,36,2776821,0.002776821,64,23047.9386319824
26,13,64,4,V2_ORIGINAL,37,3018950,0.00301895,64,21199.42364066977
26,13,64,4,V2_ORIGINAL,38,2714481,0.002714481,64,23577.2510472536
26,13,64,4,V2_ORIGINAL,39,3032359,0.003032359,64,21105.680428999338
26,13,64,4,V2_ORIGINAL,40,2678969,0.002678969,64,23889.787451814485
26,13,64,4,V2_ORIGINAL,41,3053110,0.00305311,64,20962.231953647264
26,13,64,4,V2_ORIGINAL,42,2714961,0.002714961,64,23573.082633599523
26,13,64,4,V2_ORIGINAL,43,3113970,0.00311397,64,20552.54225313667
26,13,64,4,V2_ORIGINAL,44,2727181,0.002727181,64,23467.4559554353
26,13,64,4,V2_ORIGINAL,45,3022390,0.00302239,64,21175.295047958734
26,13,64,4,V2_ORIGINAL,46,2726290,0.00272629,64,23475.125536901796
26,13,64,4,V2_ORIGINAL,47,3019989,0.003019989,64,21192.130170010554
26,13,64,4,V2_ORIGINAL,48,2735050,0.00273505,64,23399.9378439151
26,13,64,4,V2_ORIGINAL,49,3067279,0.003067279,64,20865.398941537434
26,13,64,4,V2_ORIGINAL,50,2721370,0.00272137,64,23517.566519804364
26,13,64,4,V2_ORIGINAL,51,3101930,0.00310193,64,20632.316009710084
26,13,64,4,V2_ORIGINAL,52,2781780,0.00278178,64,23006.85172803025
26,13,64,4,V2_ORIGINAL,53,3095500,0.0030955,64,20675.17363915361
26,13,64,4,V2_ORIGINAL,54,2741580,0.00274158,64,23344.202977844892
26,13,64,4,V2_ORIGINAL,55,3011670,0.00301167,64,21250.66823390345
26,13,64,4,V2_ORIGINAL,56,2734300,0.0027343,64,23406.35628862963
26,13,64,4,V2_ORIGINAL,57,3103230,0.00310323,64,20623.67275387258
26,13,64,4,V2_ORIGINAL,58,3527100,0.0035271,64,18145.218451419012
26,13,64,4,V2_ORIGINAL,59,3023820,0.00302382,64,21165.281002176056
26,13,64,4,V2_ORIGINAL,60,2720209,0.002720209,64,23527.60394513804
26,13,64,4,V2_ORIGINAL,61,3011070,0.00301107,64,21254.902742214563
26,13,64,4,V2_ORIGINAL,62,2646470,0.00264647,64,24183.157186743094
26,13,64,4,V2_ORIGINAL,63,3006700,0.0030067,64,21285.795057704458
26,13,64,4,V2_ORIGINAL,64,2747170,0.00274717,64,23296.701696655102
26,13,64,4,V2_ORIGINAL,65,3027950,0.00302795,64,21136.412424247428
26,13,64,4,V2_ORIGINAL,66,2689890,0.00268989,64,23792.794500890373
26,13,64,4,V2_ORIGINAL,67,2963870,0.00296387,64,21593.389723570872
26,13,64,4,V2_ORIGINAL,68,2699420,0.00269942,64,23708.796704477256
26,13,64,4,V2_ORIGINAL,69,2975960,0.00297596,64,21505.665398728477
26,13,64,4,V2_ORIGINAL,70,2747800,0.0027478,64,23291.360361016086
26,13,64,4,V2_ORIGINAL,71,3050130,0.00305013,64,20982.712212266364
26,13,64,4,V2_ORIGINAL,72,2730750,0.00273075,64,23436.784766089902
26,13,64,4,V2_ORIGINAL,73,3134010,0.00313401,64,20421.121821564066
26,13,64,4,V2_ORIGINAL,74,2911000,0.002911,64,21985.57196839574
26,13,64,4,V2_ORIGINAL,75,3007900,0.0030079,64,21277.303101831843
26,13,64,4,V2_ORIGINAL,76,2677690,0.00267769,64,23901.19842102708
26,13,64,4,V2_ORIGINAL,77,2960620,0.00296062,64,21617.0937168566
26,13,64,4,V2_ORIGINAL,78,2691600,0.0026916,64,23777.678704116508
26,13,64,4,V2_ORIGINAL,79,3050110,0.00305011,64,20982.849798859712
26,13,64,4,V2_ORIGINAL,80,2692180,0.00269218,64,23772.556069802165
26,13,64,4,V2_ORIGINAL,81,3049040,0.00304904,64,20990.213313042794
26,13,64,4,V2_ORIGINAL,82,2955150,0.00295515,64,21657.10708424276
26,13,64,4,V2_ORIGINAL,83,3075150,0.00307515,64,20811.992910914916
26,13,64,4,V2_ORIGINAL,84,2728330,0.00272833,64,23457.572947553996
26,13,64,4,V2_ORIGINAL,85,3075610,0.00307561,64,20808.880189620922
26,13,64,4,V2_ORIGINAL,86,2773030,0.00277303,64,23079.44739148152
26,13,64,4,V2_ORIGINAL,87,3682910,0.00368291,64,17377.562851115013
26,13,64,4,V2_ORIGINAL,88,2882990,0.00288299,64,22199.17516189789
26,13,64,4,V2_ORIGINAL,89,3071220,0.00307122,64,20838.624390307436
26,13,64,4,V2_ORIGINAL,90,2750360,0.00275036,64,23269.681059933973
26,13,64,4,V2_ORIGINAL,91,3052680,0.00305268,64,20965.18469017388
26,13,64,4,V2_ORIGINAL,92,2824700,0.0028247,64,22657.27333876164
26,13,64,4,V2_ORIGINAL,93,2997990,0.00299799,64,21347.63624962058
26,13,64,4,V2_ORIGINAL,94,2679940,0.00267994,64,23881.131667126876
26,13,64,4,V2_ORIGINAL,95,3232930,0.00323293,64,19796.283866337966
26,13,64,4,V2_ORIGINAL,96,2714270,0.00271427,64,23579.08387890667
26,13,64,4,V2_ORIGINAL,97,3042240,0.00304224,64,21037.130535394972
26,13,64,4,V2_ORIGINAL,98,2700150,0.00270015,64,23702.386904431234
26,13,64,4,V2_ORIGINAL,99,3145230,0.00314523,64,20348.273417206372
26,13,64,4,V2_ORIGINAL,100,2676210,0.00267621,64,23914.416282728187
26,13,64,4,V2_ORIGINAL,101,3013100,0.0030131,64,21240.58278849026
26,13,64,4,V2_ORIGINAL,102,2623430,0.00262343,64,24395.54323919449
26,13,64,4,V2_ORIGINAL,103,3509370,0.00350937,64,18236.8915218401
26,13,64,4,V2_ORIGINAL,104,2692610,0.00269261,64,23768.7596792703
26,13,64,4,V2_ORIGINAL,105,3004810,0.00300481,64,21299.183642226963
26,13,64,4,V2_ORIGINAL,106,2633440,0.00263344,64,24302.81305061061
26,13,64,4,V2_ORIGINAL,107,2954610,0.00295461,64,21661.065250574527
26,13,64,4,V2_ORIGINAL,108,2642860,0.00264286,64,24216.190036551314
26,13,64,4,V2_ORIGINAL,109,2981530,0.00298153,64,21465.489195144775
26,13,64,4,V2_ORIGINAL,110,2679950,0.00267995,64,23881.042556764118
26,13,64,4,V2_ORIGINAL,111,2999670,0.00299967,64,21335.680258161734
26,13,64,4,V2_ORIGINAL,112,2715670,0.00271567,64,23566.928235021194
26,13,64,4,V2_ORIGINAL,113,3011540,0.00301154,64,21251.58556751695
26,13,64,4,V2_ORIGINAL,114,2714840,0.00271484,64,23574.133282256043
26,13,64,4,V2_ORIGINAL,115,3239820,0.00323982,64,19754.183874412774
26,13,64,4,V2_ORIGINAL,116,2815260,0.00281526,64,22733.246662830432
26,13,64,4,V2_ORIGINAL,117,3412340,0.00341234,64,18755.458131370262
26,13,64,4,V2_ORIGINAL,118,2785800,0.0027858,64,22973.652092756118
26,13,64,4,V2_ORIGINAL,119,3016470,0.00301647,64,21216.852811398756
26,13,64,4,V2_ORIGINAL,120,2673580,0.00267358,64,23937.94088824722
26,13,64,4,V2_ORIGINAL,121,3032410,0.00303241,64,21105.325467202652
26,13,64,4,V2_ORIGINAL,122,2691930,0.00269193,64,23774.7638311546
26,13,64,4,V2_ORIGINAL,123,2997700,0.0029977,64,21349.701437768956
26,13,64,4,V2_ORIGINAL,124,2735610,0.00273561,64,23395.147700147318
26,13,64,4,V2_ORIGINAL,125,3001230,0.00300123,64,21324.590251330286
26,13,64,4,V2_ORIGINAL,126,2670370,0.00267037,64,23966.716222845524
26,13,64,4,V2_ORIGINAL,127,3012290,0.00301229,64,21246.294347489784
26,13,64,4,V2_ORIGINAL,128,2649240,0.00264924,64,24157.871691503977
26,13,64,4,V2_ORIGINAL,129,3011950,0.00301195,64,21248.692707382263
26,13,64,4,V2_ORIGINAL,130,2631770,0.00263177,64,24318.23449617558
26,13,64,4,V2_ORIGINAL,131,2974620,0.00297462,64,21515.353221587968
26,13,64,4,V2_ORIGINAL,132,2657920,0.00265792,64,24078.97905128823
26,13,64,4,V2_ORIGINAL,133,2997390,0.00299739,64,21351.90949459363
26,13,64,4,V2_ORIGINAL,134,2647940,0.00264794,64,24169.731942566672
26,13,64,4,V2_ORIGINAL,135,2975980,0.00297598,64,21505.520870435957
26,13,64,4,V2_ORIGINAL,136,3000030,0.00300003,64,21333.120002133313
26,13,64,4,V2_ORIGINAL,137,3021560,0.00302156,64,21181.111743602643
26,13,64,4,V2_ORIGINAL,138,2642340,0.00264234,64,24220.95566808208
26,13,64,4,V2_ORIGINAL,139,3492630,0.00349263,64,18324.300026054865
26,13,64,4,V2_ORIGINAL,140,2723760,0.00272376,64,23496.930713425558
26,13,64,4,V2_ORIGINAL,141,3068300,0.0030683,64,20858.455822442396
26,13,64,4,V2_ORIGINAL,142,2711670,0.00271167,64,23601.6919462914
26,13,64,4,V2_ORIGINAL,143,3042920,0.00304292,64,21032.42937704573
26,13,64,4,V2_ORIGINAL,144,2723750,0.00272375,64,23497.016980266177
26,13,64,4,V2_ORIGINAL,145,3031369,0.003031369,64,21112.573230114842
26,13,64,4,V2_ORIGINAL,146,2689600,0.0026896,64,23795.35990481856
26,13,64,4,V2_ORIGINAL,147,2970739,0.002970739,64,21543.461071470767
26,13,64,4,V2_ORIGINAL,148,2638991,0.002638991,64,24251.693166062334
26,13,64,4,V2_ORIGINAL,149,2969220,0.00296922,64,21554.48232195661
26,13,64,4,V2_ORIGINAL,150,2733439,0.002733439,64,23413.72900584209
27,14,1024,4,V3_CLEAN,1,60895320,0.06089532,1024,16815.74216212346
27,14,1024,4,V3_CLEAN,2,55916740,0.05591674,1024,18312.94170582906
27,14,1024,4,V3_CLEAN,3,65463420,0.06546342,1024,15642.323606068856
27,14,1024,4,V3_CLEAN,4,56455980,0.05645598,1024,18138.02541378256
27,14,1024,4,V3_CLEAN,5,64814110,0.06481411,1024,15799.028946011911
27,14,1024,4,V3_CLEAN,6,57544850,0.05754485,1024,17794.815695931087
27,14,1024,4,V3_CLEAN,7,64357391,0.064357391,1024,15911.148418058152
27,14,1024,4,V3_CLEAN,8,56219449,0.056219449,1024,18214.337177157322
27,14,1024,4,V3_CLEAN,9,66141269,0.066141269,1024,15482.013204191773
27,14,1024,4,V3_CLEAN,10,56731670,0.05673167,1024,18049.88289609666
27,14,1024,4,V3_CLEAN,11,65497720,0.06549772,1024,15634.131997266471
27,14,1024,4,V3_CLEAN,12,56616720,0.05661672,1024,18086.529915544383
27,14,1024,4,V3_CLEAN,13,65316980,0.06531698,1024,15677.393535341042
27,14,1024,4,V3_CLEAN,14,56686510,0.05668651,1024,18064.262555588622
27,14,1024,4,V3_CLEAN,15,63987040,0.06398704,1024,16003.240656232889
27,14,1024,4,V3_CLEAN,16,56352860,0.05635286,1024,18171.216154779013
27,14,1024,4,V3_CLEAN,17,65016720,0.06501672,1024,15749.794822008862
27,14,1024,4,V3_CLEAN,18,56516721,0.056516721,1024,18118.531681977798
27,14,1024,4,V3_CLEAN,19,66126020,0.06612602,1024,15485.583435990857
27,14,1024,4,V3_CLEAN,20,56983470,0.05698347,1024,17970.123616550554
27,14,1024,4,V3_CLEAN,21,65672210,0.06567221,1024,15592.592361365638
27,14,1024,4,V3_CLEAN,22,57076920,0.05707692,1024,17940.70177577907
27,14,1024,4,V3_CLEAN,23,64808280,0.06480828,1024,15800.450189389381
27,14,1024,4,V3_CLEAN,24,56837600,0.0568376,1024,18016.24276887131
27,14,1024,4,V3_CLEAN,25,65261880,0.06526188,1024,15690.629813299895
27,14,1024,4,V3_CLEAN,26,58983140,0.05898314,1024,17360.893299339437
27,14,1024,4,V3_CLEAN,27,65421360,0.06542136,1024,15652.380201206457
27,14,1024,4,V3_CLEAN,28,56736101,0.056736101,1024,18048.473228712
27,14,1024,4,V3_CLEAN,29,66669920,0.06666992,1024,15359.250468577135
27,14,1024,4,V3_CLEAN,30,56458020,0.05645802,1024,18137.370031751027
27,14,1024,4,V3_CLEAN,31,65530250,0.06553025,1024,15626.371027121062
27,14,1024,4,V3_CLEAN,32,58184670,0.05818467,1024,17599.13736728248
27,14,1024,4,V3_CLEAN,33,66303920,0.06630392,1024,15444.034078226445
27,14,1024,4,V3_CLEAN,34,56708230,0.05670823,1024,18057.343704785002
27,14,1024,4,V3_CLEAN,35,66214140,0.06621414,1024,15464.9747017782
27,14,1024,4,V3_CLEAN,36,56986630,0.05698663,1024,17969.12714438457
27,14,1024,4,V3_CLEAN,37,66421579,0.066421579,1024,15416.67655928505
27,14,1024,4,V3_CLEAN,38,56525400,0.0565254,1024,18115.749733748013
27,14,1024,4,V3_CLEAN,39,66375921,0.066375921,1024,15427.281227480067
27,14,1024,4,V3_CLEAN,40,56406690,0.05640669,1024,18153.875010215987
27,14,1024,4,V3_CLEAN,41,64439600,0.0644396,1024,15890.849725944916
27,14,1024,4,V3_CLEAN,42,58176680,0.05817668,1024,17601.55443727624
27,14,1024,4,V3_CLEAN,43,64466360,0.06446636,1024,15884.253430781573
27,14,1024,4,V3_CLEAN,44,56060050,0.05606005,1024,18266.127126179872
27,14,1024,4,V3_CLEAN,45,65494110,0.06549411,1024,15634.993742185367
27,14,1024,4,V3_CLEAN,46,56445840,0.05644584,1024,18141.283750937182
27,14,1024,4,V3_CLEAN,47,64370190,0.06437019,1024,15907.984736412927
27,14,1024,4,V3_CLEAN,48,55722010,0.05572201,1024,18376.93938176315
27,14,1024,4,V3_CLEAN,49,64422501,0.064422501,1024,15895.067470292719
27,14,1024,4,V3_CLEAN,50,56005510,0.05600551,1024,18283.915279050223
28,14,1024,4,V2_ORIGINAL,1,60137591,0.060137591,1024,17027.619214078597
28,14,1024,4,V2_ORIGINAL,2,56758770,0.05675877,1024,18041.264812468627
28,14,1024,4,V2_ORIGINAL,3,59001200,0.0590012,1024,17355.579208558473
28,14,1024,4,V2_ORIGINAL,4,55209760,0.05520976,1024,18547.44523432089
28,14,1024,4,V2_ORIGINAL,5,59025700,0.0590257,1024,17348.37536869533
28,14,1024,4,V2_ORIGINAL,6,54733300,0.0547333,1024,18708.902989587692
28,14,1024,4,V2_ORIGINAL,7,59224141,0.059224141,1024,17290.24655672085
28,14,1024,4,V2_ORIGINAL,8,55357241,0.055357241,1024,18498.031720908923
28,14,1024,4,V2_ORIGINAL,9,58788211,0.058788211,1024,17418.458268784536
28,14,1024,4,V2_ORIGINAL,10,54483290,0.05448329,1024,18794.753400538037
28,14,1024,4,V2_ORIGINAL,11,58992470,0.05899247,1024,17358.147573749666
28,14,1024,4,V2_ORIGINAL,12,55516540,0.05551654,1024,18444.9535219594
28,14,1024,4,V2_ORIGINAL,13,59864550,0.05986455,1024,17105.281840421416
28,14,1024,4,V2_ORIGINAL,14,55870600,0.0558706,1024,18328.065207819498
28,14,1024,4,V2_ORIGINAL,15,60314040,0.06031404,1024,16977.804836154235
28,14,1024,4,V2_ORIGINAL,16,55446269,0.055446269,1024,18468.330123348787
28,14,1024,4,V2_ORIGINAL,17,58126420,0.05812642,1024,17616.77392139409
28,14,1024,4,V2_ORIGINAL,18,54428900,0.0544289,1024,18813.53472144394
28,14,1024,4,V2_ORIGINAL,19,59168490,0.05916849,1024,17306.508920541997
28,14,1024,4,V2_ORIGINAL,20,54627260,0.05462726,1024,18745.21987740187
28,14,1024,4,V2_ORIGINAL,21,59421700,0.0594217,1024,17232.761768848755
28,14,1024,4,V2_ORIGINAL,22,70915221,0.070915221,1024,14439.77732227613
28,14,1024,4,V2_ORIGINAL,23,73102300,0.0731023,1024,14007.76719747532
28,14,1024,4,V2_ORIGINAL,24,53989230,0.05398923,1024,18966.745775036983
28,14,1024,4,V2_ORIGINAL,25,60342830,0.06034283,1024,16969.70460285008
28,14,1024,4,V2_ORIGINAL,26,54732170,0.05473217,1024,18709.289253468298
28,14,1024,4,V2_ORIGINAL,27,58834820,0.05883482,1024,17404.65934968442
28,14,1024,4,V2_ORIGINAL,28,54960460,0.05496046,1024,18631.576227709884
28,14,1024,4,V2_ORIGINAL,29,61194681,0.061194681,1024,16733.480480109047
28,14,1024,4,V2_ORIGINAL,30,54268930,0.05426893,1024,18868.9918890975
28,14,1024,4,V2_ORIGINAL,31,59169850,0.05916985,1024,17306.1111359924
28,14,1024,4,V2_ORIGINAL,32,54322920,0.05432292,1024,18850.238536514607
28,14,1024,4,V2_ORIGINAL,33,59181650,0.05918165,1024,17302.660537514585
28,14,1024,4,V2_ORIGINAL,34,54892670,0.05489267,1024,18654.58539364181
28,14,1024,4,V2_ORIGINAL,35,58251250,0.05825125,1024,17579.021909401086
28,14,1024,4,V2_ORIGINAL,36,54532040,0.05453204,1024,18777.951457528456
28,14,1024,4,V2_ORIGINAL,37,58957821,0.058957821,1024,17368.348806513728
28,14,1024,4,V2_ORIGINAL,38,54436030,0.05443603,1024,18811.070535452345
28,14,1024,4,V2_ORIGINAL,39,58654890,0.05865489,1024,17458.04995968793
28,14,1024,4,V2_ORIGINAL,40,55227800,0.0552278,1024,18541.386765360923
28,14,1024,4,V2_ORIGINAL,41,61593040,0.06159304,1024,16625.255061286145
28,14,1024,4,V2_ORIGINAL,42,54726660,0.05472666,1024,18711.172945690454
28,14,1024,4,V2_ORIGINAL,43,58672600,0.0586726,1024,17452.78034380614
28,14,1024,4,V2_ORIGINAL,44,54404480,0.05440448,1024,18821.97936640512
28,14,1024,4,V2_ORIGINAL,45,59452781,0.059452781,1024,17223.752745897622
28,14,1024,4,V2_ORIGINAL,46,55648380,0.05564838,1024,18401.254448018073
28,14,1024,4,V2_ORIGINAL,47,58964830,0.05896483,1024,17366.284274880465
28,14,1024,4,V2_ORIGINAL,48,55844350,0.05584435,1024,18336.68043409942
28,14,1024,4,V2_ORIGINAL,49,61147590,0.06114759,1024,16746.367273019263
28,14,1024,4,V2_ORIGINAL,50,55558249,0.055558249,1024,18431.106423098397
29,15,64,1,V2_ORIGINAL,1,3470300,0.0034703,64,18442.20960723857
29,15,64,1,V2_ORIGINAL,2,2811060,0.00281106,64,22767.212368288117
29,15,64,1,V2_ORIGINAL,3,3154260,0.00315426,64,20290.020480239422
29,15,64,1,V2_ORIGINAL,4,2698390,0.00269839,64,23717.846567768185
29,15,64,1,V2_ORIGINAL,5,3085700,0.0030857,64,20740.836763133164
29,15,64,1,V2_ORIGINAL,6,3089080,0.00308908,64,20718.142618514248
29,15,64,1,V2_ORIGINAL,7,3182080,0.00318208,64,20112.63073209976
29,15,64,1,V2_ORIGINAL,8,2810410,0.00281041,64,22772.47803701239
29,15,64,1,V2_ORIGINAL,9,3011000,0.003011,64,21255.396878113585
29,15,64,1,V2_ORIGINAL,10,2789530,0.00278953,64,22942.933038899024
29,15,64,1,V2_ORIGINAL,11,3019600,0.0030196,64,21194.86024639025
29,15,64,1,V2_ORIGINAL,12,2722100,0.0027221,64,23511.259689210536
29,15,64,1,V2_ORIGINAL,13,3149790,0.00314979,64,20318.81490512066
29,15,64,1,V2_ORIGINAL,14,2748870,0.00274887,64,23282.29417906267
29,15,64,1,V2_ORIGINAL,15,3056040,0.00305604,64,20942.134265258308
29,15,64,1,V2_ORIGINAL,16,2773930,0.00277393,64,23071.959277991875
29,15,64,1,V2_ORIGINAL,17,3143970,0.00314397,64,20356.428337420522
29,15,64,1,V2_ORIGINAL,18,2743350,0.00274335,64,23329.141378241933
29,15,64,1,V2_ORIGINAL,19,3190180,0.00319018,64,20061.563924292674
29,15,64,1,V2_ORIGINAL,20,2750110,0.00275011,64,23271.796400871237
29,15,64,1,V2_ORIGINAL,21,3074770,0.00307477,64,20814.564991853047
29,15,64,1,V2_ORIGINAL,22,2696210,0.00269621,64,23737.023451437388
29,15,64,1,V2_ORIGINAL,23,3013510,0.00301351,64,21237.692922870672
29,15,64,1,V2_ORIGINAL,24,2708460,0.00270846,64,23629.664089556423
29,15,64,1,V2_ORIGINAL,25,3116941,0.003116941,64,20532.952019303542
29,15,64,1,V2_ORIGINAL,26,2698340,0.00269834,64,23718.28605735378
29,15,64,1,V2_ORIGINAL,27,3174359,0.003174359,64,20161.550725674068
29,15,64,1,V2_ORIGINAL,28,2846969,0.002846969,64,22480.04807920283
29,15,64,1,V2_ORIGINAL,29,3177910,0.00317791,64,20139.02218753835
29,15,64,1,V2_ORIGINAL,30,2827129,0.002827129,64,22637.806764388893
29,15,64,1,V2_ORIGINAL,31,3001850,0.00300185,64,21320.185885370687
29,15,64,1,V2_ORIGINAL,32,2693480,0.00269348,64,23761.082317299555
29,15,64,1,V2_ORIGINAL,33,3064110,0.00306411,64,20886.978600637703
29,15,64,1,V2_ORIGINAL,34,2728510,0.00272851,64,23456.025449787612
29,15,64,1,V2_ORIGINAL,35,3022941,0.003022941,64,21171.435367081263
29,15,64,1,V2_ORIGINAL,36,2892780,0.00289278,64,22124.046764703846
29,15,64,1,V2_ORIGINAL,37,3048541,0.003048541,64,20993.649093123564
29,15,64,1,V2_ORIGINAL,38,2705310,0.00270531,64,23657.177920460133
29,15,64,1,V2_ORIGINAL,39,3008311,0.003008311,64,21274.3961644923
29,15,64,1,V2_ORIGINAL,40,2697920,0.00269792,64,23721.978412999644
29,15,64,1,V2_ORIGINAL,41,3040910,0.00304091,64,21046.331525760383
29,15,64,1,V2_ORIGINAL,42,2939089,0.002939089,64,21775.454911368794
29,15,64,1,V2_ORIGINAL,43,3140320,0.00314032,64,20380.088653385643
29,15,64,1,V2_ORIGINAL,44,2765839,0.002765839,64,23139.452441013378
29,15,64,1,V2_ORIGINAL,45,3089180,0.00308918,64,20717.471950485244
29,15,64,1,V2_ORIGINAL,46,2696161,0.002696161,64,23737.45484783735
29,15,64,1,V2_ORIGINAL,47,3245320,0.00324532,64,19720.705508239556
29,15,64,1,V2_ORIGINAL,48,2773811,0.002773811,64,23072.949094224514
29,15,64,1,V2_ORIGINAL,49,3133651,0.003133651,64,20423.461323548796
29,15,64,1,V2_ORIGINAL,50,2851519,0.002851519,64,22444.177997761897
29,15,64,1,V2_ORIGINAL,51,3062431,0.003062431,64,20898.430038097184
29,15,64,1,V2_ORIGINAL,52,2735599,0.002735599,64,23395.24177337395
29,15,64,1,V2_ORIGINAL,53,3059090,0.00305909,64,20921.254359956718
29,15,64,1,V2_ORIGINAL,54,2759409,0.002759409,64,23193.372203975563
29,15,64,1,V2_ORIGINAL,55,3128060,0.00312806,64,20459.96560168283
29,15,64,1,V2_ORIGINAL,56,2856210,0.00285621,64,22407.3159886703
29,15,64,1,V2_ORIGINAL,57,3041031,0.003041031,64,21045.49411038559
29,15,64,1,V2_ORIGINAL,58,2780520,0.00278052,64,23017.277343806196
29,15,64,1,V2_ORIGINAL,59,3053059,0.003053059,64,20962.582118458897
29,15,64,1,V2_ORIGINAL,60,2748360,0.00274836,64,23286.614562866584
29,15,64,1,V2_ORIGINAL,61,3111640,0.00311164,64,20567.932022984663
29,15,64,1,V2_ORIGINAL,62,2698401,0.002698401,64,23717.749882245076
29,15,64,1,V2_ORIGINAL,63,3136020,0.00313602,64,20408.03311203372
29,15,64,1,V2_ORIGINAL,64,2681181,0.002681181,64,23870.07814839804
29,15,64,1,V2_ORIGINAL,65,3103050,0.00310305,64,20624.869080420875
29,15,64,1,V2_ORIGINAL,66,2675620,0.00267562,64,23919.689642026893
29,15,64,1,V2_ORIGINAL,67,3052540,0.00305254,64,20966.146225766086
29,15,64,1,V2_ORIGINAL,68,2696530,0.00269653,64,23734.20655434948
29,15,64,1,V2_ORIGINAL,69,3088790,0.00308879,64,20720.087801372058
29,15,64,1,V2_ORIGINAL,70,2870910,0.00287091,64,22292.583187909062
29,15,64,1,V2_ORIGINAL,71,3291330,0.00329133,64,19445.026782486108
29,15,64,1,V2_ORIGINAL,72,3592010,0.00359201,64,17817.322334848734
29,15,64,1,V2_ORIGINAL,73,4500070,0.00450007,64,14222.000991095694
29,15,64,1,V2_ORIGINAL,74,2988370,0.00298837,64,21416.357412234764
29,15,64,1,V2_ORIGINAL,75,3389230,0.00338923,64,18883.345184599453
29,15,64,1,V2_ORIGINAL,76,2867720,0.00286772,64,22317.381055333157
29,15,64,1,V2_ORIGINAL,77,3412790,0.00341279,64,18752.985094307
29,15,64,1,V2_ORIGINAL,78,2968330,0.00296833,64,21560.945043172425
29,15,64,1,V2_ORIGINAL,79,3143140,0.00314314,64,20361.80380129425
29,15,64,1,V2_ORIGINAL,80,2820960,0.00282096,64,22687.3121206965
29,15,64,1,V2_ORIGINAL,81,3302010,0.00330201,64,19382.133912374582
29,15,64,1,V2_ORIGINAL,82,2797690,0.00279769,64,22876.0155699881
29,15,64,1,V2_ORIGINAL,83,3070800,0.0030708,64,20841.474534323304
29,15,64,1,V2_ORIGINAL,84,2785620,0.00278562,64,22975.136594366784
29,15,64,1,V2_ORIGINAL,85,3066310,0.00306631,64,20871.99272089254
29,15,64,1,V2_ORIGINAL,86,2938890,0.00293889,64,21776.929384903826
29,15,64,1,V2_ORIGINAL,87,3139070,0.00313907,64,20388.204149636676
29,15,64,1,V2_ORIGINAL,88,2858230,0.00285823,64,22391.48004184408
29,15,64,1,V2_ORIGINAL,89,3117380,0.00311738,64,20530.060499522035
29,15,64,1,V2_ORIGINAL,90,2990710,0.00299071,64,21399.60076369825
29,15,64,1,V2_ORIGINAL,91,3176580,0.00317658,64,20147.454180281937
29,15,64,1,V2_ORIGINAL,92,2932410,0.00293241,64,21825.051749243798
29,15,64,1,V2_ORIGINAL,93,3119260,0.00311926,64,20517.686887274547
29,15,64,1,V2_ORIGINAL,94,3013170,0.00301317,64,21240.089341125793
29,15,64,1,V2_ORIGINAL,95,3216640,0.00321664,64,19896.538002387584
29,15,64,1,V2_ORIGINAL,96,2810840,0.00281084,64,22768.994321982038
29,15,64,1,V2_ORIGINAL,97,3127900,0.0031279,64,20461.012180696314
29,15,64,1,V2_ORIGINAL,98,2951830,0.00295183,64,21681.465396042455
29,15,64,1,V2_ORIGINAL,99,3534860,0.00353486,64,18105.38465455492
29,15,64,1,V2_ORIGINAL,100,3016320,0.00301632,64,21217.907914279655
29,15,64,1,V2_ORIGINAL,101,3224160,0.00322416,64,19850.131507121238
29,15,64,1,V2_ORIGINAL,102,2899390,0.00289939,64,22073.60858663374
29,15,64,1,V2_ORIGINAL,103,3047540,0.00304754,64,21000.544701628198
29,15,64,1,V2_ORIGINAL,104,2843990,0.00284399,64,22503.59530096801
29,15,64,1,V2_ORIGINAL,105,3336150,0.00333615,64,19183.78969770544
29,15,64,1,V2_ORIGINAL,106,2855180,0.00285518,64,22415.39937937363
29,15,64,1,V2_ORIGINAL,107,3055530,0.00305553,64,20945.62972708499
29,15,64,1,V2_ORIGINAL,108,2788870,0.00278887,64,22948.36259847178
29,15,64,1,V2_ORIGINAL,109,3041350,0.00304135,64,21043.2866983412
29,15,64,1,V2_ORIGINAL,110,2752140,0.00275214,64,23254.63094173988
29,15,64,1,V2_ORIGINAL,111,3038250,0.00303825,64,21064.75767300255
29,15,64,1,V2_ORIGINAL,112,2837360,0.00283736,64,22556.17898328023
29,15,64,1,V2_ORIGINAL,113,3119320,0.00311932,64,20517.292230357896
29,15,64,1,V2_ORIGINAL,114,2710820,0.00271082,64,23609.092451730474
29,15,64,1,V2_ORIGINAL,115,3052230,0.00305223,64,20968.275654193818
29,15,64,1,V2_ORIGINAL,116,2837370,0.00283737,64,22556.099486496296
29,15,64,1,V2_ORIGINAL,117,3102950,0.00310295,64,20625.53376625469
29,15,64,1,V2_ORIGINAL,118,2734100,0.0027341,64,23408.068468600268
29,15,64,1,V2_ORIGINAL,119,3087930,0.00308793,64,20725.85842295648
29,15,64,1,V2_ORIGINAL,120,2707380,0.00270738,64,23639.09019051629
29,15,64,1,V2_ORIGINAL,121,3050420,0.00305042,64,20980.71740940592
29,15,64,1,V2_ORIGINAL,122,3174190,0.00317419,64,20162.624165535144
29,15,64,1,V2_ORIGINAL,123,3287200,0.0032872,64,19469.45728887807
29,15,64,1,V2_ORIGINAL,124,2853990,0.00285399,64,22424.745706887552
29,15,64,1,V2_ORIGINAL,125,3192720,0.00319272,64,20045.6037485279
29,15,64,1,V2_ORIGINAL,126,2739830,0.00273983,64,23359.113521641855
29,15,64,1,V2_ORIGINAL,127,3011770,0.00301177,64,21249.962646550037
29,15,64,1,V2_ORIGINAL,128,2707790,0.00270779,64,23635.510877874578
29,15,64,1,V2_ORIGINAL,129,3082520,0.00308252,64,20762.23349726847
29,15,64,1,V2_ORIGINAL,130,2724500,0.0027245,64,23490.548724536613
29,15,64,1,V2_ORIGINAL,131,3060160,0.00306016,64,20913.9391404371
29,15,64,1,V2_ORIGINAL,132,2854850,0.00285485,64,22417.990437325956
29,15,64,1,V2_ORIGINAL,133,3068230,0.00306823,64,20858.93169677632
29,15,64,1,V2_ORIGINAL,134,2719750,0.00271975,64,23531.574593253055
29,15,64,1,V2_ORIGINAL,135,3130740,0.00313074,64,20442.451305442166
29,15,64,1,V2_ORIGINAL,136,2802360,0.00280236,64,22837.89377524658
29,15,64,1,V2_ORIGINAL,137,3066010,0.00306601,64,20874.034983578003
29,15,64,1,V2_ORIGINAL,138,2748640,0.00274864,64,23284.242388963266
29,15,64,1,V2_ORIGINAL,139,3147250,0.00314725,64,20335.213281436176
29,15,64,1,V2_ORIGINAL,140,2770880,0.00277088,64,23097.355352812105
29,15,64,1,V2_ORIGINAL,141,3040700,0.0030407,64,21047.78504949518
29,15,64,1,V2_ORIGINAL,142,2770950,0.00277095,64,23096.771865244773
29,15,64,1,V2_ORIGINAL,143,3073070,0.00307307,64,20826.079458001284
29,15,64,1,V2_ORIGINAL,144,2737950,0.00273795,64,23375.152942895234
29,15,64,1,V2_ORIGINAL,145,3046570,0.00304657,64,21007.231082824288
29,15,64,1,V2_ORIGINAL,146,2837580,0.00283758,64,22554.430183466193
29,15,64,1,V2_ORIGINAL,147,3069170,0.00306917,64,20852.543195717408
29,15,64,1,V2_ORIGINAL,148,2719820,0.00271982,64,23530.968961181254
29,15,64,1,V2_ORIGINAL,149,3107460,0.00310746,64,20595.598977943402
29,15,64,1,V2_ORIGINAL,150,2683461,0.002683461,64,23849.796959970725
30,15,64,1,V3_CLEAN,1,4249331,0.004249331,64,15061.19433859118
30,15,64,1,V3_CLEAN,2,3344560,0.00334456,64,19135.551462673717
30,15,64,1,V3_CLEAN,3,3608809,0.003608809,64,17734.38272848466
30,15,64,1,V3_CLEAN,4,3335621,0.003335621,64,19186.832077145456
30,15,64,1,V3_CLEAN,5,3562959,0.003562959,64,17962.59794176694
30,15,64,1,V3_CLEAN,6,3000490,0.00300049,64,21329.84945792187
30,15,64,1,V3_CLEAN,7,3553070,0.00355307,64,18012.59192754435
30,15,64,1,V3_CLEAN,8,3014249,0.003014249,64,21232.486101844937
30,15,64,1,V3_CLEAN,9,3649111,0.003649111,64,17538.51828568657
30,15,64,1,V3_CLEAN,10,3083399,0.003083399,64,20756.314703351723
30,15,64,1,V3_CLEAN,11,3492020,0.00349202,64,18327.50098796685
30,15,64,1,V3_CLEAN,12,3021860,0.00302186,64,21179.008954749723
30,15,64,1,V3_CLEAN,13,3522840,0.00352284,64,18167.160586345108
30,15,64,1,V3_CLEAN,14,3011869,0.003011869,64,21249.26416122348
30,15,64,1,V3_CLEAN,15,3481310,0.00348131,64,18383.884227489078
30,15,64,1,V3_CLEAN,16,2975320,0.00297532,64,21510.2913300082
30,15,64,1,V3_CLEAN,17,3549710,0.00354971,64,18029.641858067276
30,15,64,1,V3_CLEAN,18,2888449,0.002888449,64,22157.220016694082
30,15,64,1,V3_CLEAN,19,3657470,0.00365747,64,17498.434710332553
30,15,64,1,V3_CLEAN,20,2988920,0.00298892,64,21412.416525032455
30,15,64,1,V3_CLEAN,21,3452840,0.00345284,64,18535.466456598046
30,15,64,1,V3_CLEAN,22,2859340,0.00285934,64,22382.78763630768
30,15,64,1,V3_CLEAN,23,3462460,0.00346246,64,18483.96804584024
30,15,64,1,V3_CLEAN,24,2903380,0.00290338,64,22043.27370168562
30,15,64,1,V3_CLEAN,25,3416540,0.00341654,64,18732.40178660282
30,15,64,1,V3_CLEAN,26,2868630,0.00286863,64,22310.30143308827
30,15,64,1,V3_CLEAN,27,3489580,0.00348958,64,18340.316026570534
30,15,64,1,V3_CLEAN,28,2965860,0.00296586,64,21578.90122932303
30,15,64,1,V3_CLEAN,29,3535931,0.003535931,64,18099.900705075976
30,15,64,1,V3_CLEAN,30,2888580,0.00288858,64,22156.215164544516
30,15,64,1,V3_CLEAN,31,3491950,0.00349195,64,18327.868382995173
30,15,64,1,V3_CLEAN,32,2833890,0.00283389,64,22583.798241992456
30,15,64,1,V3_CLEAN,33,3536710,0.00353671,64,18095.91399916872
30,15,64,1,V3_CLEAN,34,2874941,0.002874941,64,22261.3264063506
30,15,64,1,V3_CLEAN,35,3725950,0.00372595,64,17176.827386304165
30,15,64,1,V3_CLEAN,36,2948320,0.00294832,64,21707.27736473653
30,15,64,1,V3_CLEAN,37,3473230,0.00347323,64,18426.65184856747
30,15,64,1,V3_CLEAN,38,2875040,0.00287504,64,22260.559853080304
30,15,64,1,V3_CLEAN,39,3558640,0.00355864,64,17984.39853427152
30,15,64,1,V3_CLEAN,40,2931680,0.00293168,64,21830.486274081755
30,15,64,1,V3_CLEAN,41,3504140,0.00350414,64,18264.11045220796
30,15,64,1,V3_CLEAN,42,2941730,0.00294173,64,21755.90553857764
30,15,64,1,V3_CLEAN,43,3528760,0.00352876,64,18136.682574048675
30,15,64,1,V3_CLEAN,44,2914260,0.00291426,64,21960.97808706155
30,15,64,1,V3_CLEAN,45,3481660,0.00348166,64,18382.036155167363
30,15,64,1,V3_CLEAN,46,2909290,0.00290929,64,21998.494478034158
30,15,64,1,V3_CLEAN,47,3455100,0.0034551,64,18523.342305577262
30,15,64,1,V3_CLEAN,48,2937160,0.00293716,64,21789.75609091776
30,15,64,1,V3_CLEAN,49,4001680,0.00400168,64,15993.28282121509
30,15,64,1,V3_CLEAN,50,2924070,0.00292407,64,21887.300919608628
30,15,64,1,V3_CLEAN,51,3537310,0.00353731,64,18092.844562676157
30,15,64,1,V3_CLEAN,52,3123190,0.00312319,64,20491.868890461355
30,15,64,1,V3_CLEAN,53,3466800,0.0034668,64,18460.82842967578
30,15,64,1,V3_CLEAN,54,2928160,0.00292816,64,21856.729140484127
30,15,64,1,V3_CLEAN,55,3500090,0.00350009,64,18285.244093723304
30,15,64,1,V3_CLEAN,56,2871170,0.00287117,64,22290.564473716287
30,15,64,1,V3_CLEAN,57,3569880,0.00356988,64,17927.773482582048
30,15,64,1,V3_CLEAN,58,2974700,0.0029747,64,21514.77459911924
30,15,64,1,V3_CLEAN,59,3427960,0.00342796,64,18669.996149313294
30,15,64,1,V3_CLEAN,60,2881400,0.0028814,64,22211.425001735268
30,15,64,1,V3_CLEAN,61,3400360,0.00340036,64,18821.536543189544
30,15,64,1,V3_CLEAN,62,2892620,0.00289262,64,22125.270516002794
30,15,64,1,V3_CLEAN,63,3475340,0.00347534,64,18415.464386218326
30,15,64,1,V3_CLEAN,64,2877390,0.00287739,64,22242.379378534017
30,15,64,1,V3_CLEAN,65,3470870,0.00347087,64,18439.18095463097
30,15,64,1,V3_CLEAN,66,3204420,0.00320442,64,19972.413104399548
30,15,64,1,V3_CLEAN,67,3480070,0.00348007,64,18390.43467516458
30,15,64,1,V3_CLEAN,68,3053840,0.00305384,64,20957.22107248579
30,15,64,1,V3_CLEAN,69,3458930,0.00345893,64,18502.831800585733
30,15,64,1,V3_CLEAN,70,2956440,0.00295644,64,21647.657317584664
30,15,64,1,V3_CLEAN,71,3473300,0.0034733,64,18426.28048253822
30,15,64,1,V3_CLEAN,72,2907870,0.00290787,64,22009.23700165413
30,15,64,1,V3_CLEAN,73,3448240,0.00344824,64,18560.19302600747
30,15,64,1,V3_CLEAN,74,2821700,0.0028217,64,22681.362299323104
30,15,64,1,V3_CLEAN,75,3492750,0.00349275,64,18323.670460239067
30,15,64,1,V3_CLEAN,76,2826690,0.00282669,64,22641.322536252646
30,15,64,1,V3_CLEAN,77,3396630,0.00339663,64,18842.205362373883
30,15,64,1,V3_CLEAN,78,2976750,0.00297675,64,21499.95800789452
30,15,64,1,V3_CLEAN,79,3473110,0.00347311,64,18427.28851087354
30,15,64,1,V3_CLEAN,80,2909720,0.00290972,64,21995.243528586943
30,15,64,1,V3_CLEAN,81,3540380,0.00354038,64,18077.1555595727
30,15,64,1,V3_CLEAN,82,2877300,0.0028773,64,22243.075105133285
30,15,64,1,V3_CLEAN,83,3460200,0.0034602,64,18496.04069128952
30,15,64,1,V3_CLEAN,84,2861640,0.00286164,64,22364.797808249816
30,15,64,1,V3_CLEAN,85,3466880,0.00346688,64,18460.40243677312
30,15,64,1,V3_CLEAN,86,2881660,0.00288166,64,22209.42095875294
30,15,64,1,V3_CLEAN,87,3504640,0.00350464,64,18261.504747991235
30,15,64,1,V3_CLEAN,88,3029740,0.00302974,64,21123.924825232527
30,15,64,1,V3_CLEAN,89,3401790,0.00340179,64,18813.624591759046
30,15,64,1,V3_CLEAN,90,2920290,0.00292029,64,21915.631666718033
30,15,64,1,V3_CLEAN,91,3475600,0.0034756,64,18414.086776383934
30,15,64,1,V3_CLEAN,92,3002220,0.00300222,64,21317.558340161613
30,15,64,1,V3_CLEAN,93,3509240,0.00350924,64,18237.56710854772
30,15,64,1,V3_CLEAN,94,2870730,0.00287073,64,22293.98097348061
30,15,64,1,V3_CLEAN,95,3414600,0.0034146,64,18743.044573302876
30,15,64,1,V3_CLEAN,96,2887460,0.00288746,64,22164.809209478226
30,15,64,1,V3_CLEAN,97,3740120,0.00374012,64,17111.750425120048
30,15,64,1,V3_CLEAN,98,2938220,0.00293822,64,21781.89516101585
30,15,64,1,V3_CLEAN,99,3561590,0.00356159,64,17969.50238517067
30,15,64,1,V3_CLEAN,100,2829040,0.00282904,64,22622.515058111585
30,15,64,1,V3_CLEAN,101,3482020,0.00348202,64,18380.135668376402
30,15,64,1,V3_CLEAN,102,2849340,0.00284934,64,22461.34192479662
30,15,64,1,V3_CLEAN,103,3468660,0.00346866,64,18450.929177261536
30,15,64,1,V3_CLEAN,104,2830730,0.00283073,64,22609.008983548414
30,15,64,1,V3_CLEAN,105,3439980,0.00343998,64,18604.759329996104
30,15,64,1,V3_CLEAN,106,2835430,0.00283543,64,22571.53236017112
30,15,64,1,V3_CLEAN,107,3545150,0.00354515,64,18052.832743325387
30,15,64,1,V3_CLEAN,108,2811850,0.00281185,64,22760.815832992514
30,15,64,1,V3_CLEAN,109,3427300,0.0034273,64,18673.59145683191
30,15,64,1,V3_CLEAN,110,2826160,0.00282616,64,22645.56854530529
30,15,64,1,V3_CLEAN,111,3496520,0.00349652,64,18303.91360552778
30,15,64,1,V3_CLEAN,112,2950060,0.00295006,64,21694.474010698086
30,15,64,1,V3_CLEAN,113,3425480,0.00342548,64,18683.51296752572
30,15,64,1,V3_CLEAN,114,2890820,0.00289082,64,22139.04705239344
30,15,64,1,V3_CLEAN,115,3468910,0.00346891,64,18449.599441899616
30,15,64,1,V3_CLEAN,116,2825160,0.00282516,64,22653.584221778587
30,15,64,1,V3_CLEAN,117,3603240,0.00360324,64,17761.79216482943
30,15,64,1,V3_CLEAN,118,3515490,0.00351549,64,18205.143521955688
30,15,64,1,V3_CLEAN,119,3610710,0.00361071,64,17725.045766622075
30,15,64,1,V3_CLEAN,120,3062560,0.00306256,64,20897.54976229037
30,15,64,1,V3_CLEAN,121,3626910,0.00362691,64,17645.87486317554
30,15,64,1,V3_CLEAN,122,2963310,0.00296331,64,21597.470396279838
30,15,64,1,V3_CLEAN,123,3511150,0.00351115,64,18227.646212779287
30,15,64,1,V3_CLEAN,124,2870570,0.00287057,64,22295.223596707277
30,15,64,1,V3_CLEAN,125,3742780,0.00374278,64,17099.58907550003
30,15,64,1,V3_CLEAN,126,2853380,0.00285338,64,22429.53970378989
30,15,64,1,V3_CLEAN,127,3486840,0.00348684,64,18354.728063232036
30,15,64,1,V3_CLEAN,128,2806690,0.00280669,64,22802.660785480406
30,15,64,1,V3_CLEAN,129,3719140,0.00371914,64,17208.27933339428
30,15,64,1,V3_CLEAN,130,2878150,0.00287815,64,22236.50608898077
30,15,64,1,V3_CLEAN,131,3417980,0.00341798,64,18724.509798184892
30,15,64,1,V3_CLEAN,132,2855160,0.00285516,64,22415.556396138923
30,15,64,1,V3_CLEAN,133,3584740,0.00358474,64,17853.456596573255
30,15,64,1,V3_CLEAN,134,2836690,0.00283669,64,22561.506544599517
30,15,64,1,V3_CLEAN,135,3526480,0.00352648,64,18148.408611419887
30,15,64,1,V3_CLEAN,136,2928750,0.00292875,64,21852.32607767819
30,15,64,1,V3_CLEAN,137,3488730,0.00348873,64,18344.78449177781
30,15,64,1,V3_CLEAN,138,3015450,0.00301545,64,21224.02958099123
30,15,64,1,V3_CLEAN,139,3446960,0.00344696,64,18567.085199712208
30,15,64,1,V3_CLEAN,140,2871750,0.00287175,64,22286.062505440932
30,15,64,1,V3_CLEAN,141,3478070,0.00347807,64,18401.009755410327
30,15,64,1,V3_CLEAN,142,2849150,0.00284915,64,22462.839794324624
30,15,64,1,V3_CLEAN,143,3442820,0.00344282,64,18589.412167932103
30,15,64,1,V3_CLEAN,144,2754640,0.00275464,64,23233.525977986235
30,15,64,1,V3_CLEAN,145,3557960,0.00355796,64,17987.83572609023
30,15,64,1,V3_CLEAN,146,2978450,0.00297845,64,21487.686548372476
30,15,64,1,V3_CLEAN,147,3422720,0.00342272,64,18698.57890800299
30,15,64,1,V3_CLEAN,148,2821580,0.00282158,64,22682.326923213233
30,15,64,1,V3_CLEAN,149,3458090,0.00345809,64,18507.326298621494
30,15,64,1,V3_CLEAN,150,3439410,0.00343941,64,18607.842624171008
31,16,64,2,V2_ORIGINAL,1,3051199,0.003051199,64,20975.36083356084
31,16,64,2,V2_ORIGINAL,2,2826700,0.0028267,64,22641.242438178793
31,16,64,2,V2_ORIGINAL,3,3138519,0.003138519,64,20391.783513179304
31,16,64,2,V2_ORIGINAL,4,2781220,0.00278122,64,23011.484168818
31,16,64,2,V2_ORIGINAL,5,3069379,0.003069379,64,20851.123305398258
31,16,64,2,V2_ORIGINAL,6,2729741,0.002729741,64,23445.447754933528
31,16,64,2,V2_ORIGINAL,7,3081470,0.00308147,64,20769.308154874132
31,16,64,2,V2_ORIGINAL,8,2681010,0.00268101,64,23871.60062812149
31,16,64,2,V2_ORIGINAL,9,3189230,0.00318923,64,20067.539813685435
31,16,64,2,V2_ORIGINAL,10,2707641,0.002707641,64,23636.81152708206
31,16,64,2,V2_ORIGINAL,11,3088441,0.003088441,64,20722.42921266749
31,16,64,2,V2_ORIGINAL,12,2715319,0.002715319,64,23569.974651228826
31,16,64,2,V2_ORIGINAL,13,3055560,0.00305556,64,20945.424079383156
31,16,64,2,V2_ORIGINAL,14,2670490,0.00267049,64,23965.63926470423
31,16,64,2,V2_ORIGINAL,15,3042760,0.00304276,64,21033.535342912357
31,16,64,2,V2_ORIGINAL,16,2762220,0.00276222,64,23169.769243579438
31,16,64,2,V2_ORIGINAL,17,3028750,0.00302875,64,21130.829550144448
31,16,64,2,V2_ORIGINAL,18,2737580,0.00273758,64,23378.312231971304
31,16,64,2,V2_ORIGINAL,19,4029670,0.00402967,64,15882.193827286106
31,16,64,2,V2_ORIGINAL,20,2737270,0.00273727,64,23380.959861467814
31,16,64,2,V2_ORIGINAL,21,3233680,0.00323368,64,19791.692437099526
31,16,64,2,V2_ORIGINAL,22,2690780,0.00269078,64,23784.92481733921
31,16,64,2,V2_ORIGINAL,23,3014760,0.00301476,64,21228.88720826865
31,16,64,2,V2_ORIGINAL,24,2653060,0.00265306,64,24123.088056809873
31,16,64,2,V2_ORIGINAL,25,3054490,0.00305449,64,20952.761344774415
31,16,64,2,V2_ORIGINAL,26,2741710,0.00274171,64,23343.096096961384
31,16,64,2,V2_ORIGINAL,27,3042210,0.00304221,64,21037.337987844363
31,16,64,2,V2_ORIGINAL,28,2641850,0.00264185,64,24225.448076158755
31,16,64,2,V2_ORIGINAL,29,3040460,0.00304046,64,21049.44646533748
31,16,64,2,V2_ORIGINAL,30,2674450,0.00267445,64,23930.153863411168
31,16,64,2,V2_ORIGINAL,31,3130310,0.00313031,64,20445.25941520169
31,16,64,2,V2_ORIGINAL,32,3894110,0.00389411,64,16435.077591542096
31,16,64,2,V2_ORIGINAL,33,3762610,0.00376261,64,17009.469490592965
31,16,64,2,V2_ORIGINAL,34,2814020,0.00281402,64,22743.264084832375
31,16,64,2,V2_ORIGINAL,35,3084850,0.00308485,64,20746.551696192684
31,16,64,2,V2_ORIGINAL,36,2699770,0.00269977,64,23705.72308011423
31,16,64,2,V2_ORIGINAL,37,3049700,0.0030497,64,20985.670721710332
31,16,64,2,V2_ORIGINAL,38,2850500,0.0028505,64,22452.20136818102
31,16,64,2,V2_ORIGINAL,39,3160060,0.00316006,64,20252.78001050613
31,16,64,2,V2_ORIGINAL,40,2688260,0.00268826,64,23807.221027727974
31,16,64,2,V2_ORIGINAL,41,3086660,0.00308666,64,20734.386035391002
31,16,64,2,V2_ORIGINAL,42,2798190,0.00279819,64,22871.927924837128
31,16,64,2,V2_ORIGINAL,43,3028250,0.00302825,64,21134.31850078428
31,16,64,2,V2_ORIGINAL,44,2717220,0.00271722,64,23553.48481168253
31,16,64,2,V2_ORIGINAL,45,3301770,0.00330177,64,19383.54276645557
31,16,64,2,V2_ORIGINAL,46,2739230,0.00273923,64,23364.230093858492
31,16,64,2,V2_ORIGINAL,47,3013800,0.0030138,64,21235.649346340168
31,16,64,2,V2_ORIGINAL,48,2673050,0.00267305,64,23942.687192532874
31,16,64,2,V2_ORIGINAL,49,3058110,0.00305811,64,20927.958771921218
31,16,64,2,V2_ORIGINAL,50,2741570,0.00274157,64,23344.288126876207
31,16,64,2,V2_ORIGINAL,51,3101870,0.00310187,64,20632.715104114613
31,16,64,2,V2_ORIGINAL,52,2843950,0.00284395,64,22503.911812795584
31,16,64,2,V2_ORIGINAL,53,3052070,0.00305207,64,20969.37488327594
31,16,64,2,V2_ORIGINAL,54,2992020,0.00299202,64,21390.23134872093
31,16,64,2,V2_ORIGINAL,55,3031900,0.0030319,64,21108.875622546915
31,16,64,2,V2_ORIGINAL,56,2635320,0.00263532,64,24285.47576764871
31,16,64,2,V2_ORIGINAL,57,3055880,0.00305588,64,20943.230755134366
31,16,64,2,V2_ORIGINAL,58,2643730,0.00264373,64,24208.22096053682
31,16,64,2,V2_ORIGINAL,59,3157470,0.00315747,64,20269.39290001172
31,16,64,2,V2_ORIGINAL,60,2670410,0.00267041,64,23966.357226043943
31,16,64,2,V2_ORIGINAL,61,3076840,0.00307684,64,20800.56161516361
31,16,64,2,V2_ORIGINAL,62,2700520,0.00270052,64,23699.13942499963
31,16,64,2,V2_ORIGINAL,63,3026410,0.00302641,64,21147.16776642953
31,16,64,2,V2_ORIGINAL,64,2692240,0.00269224,64,23772.026268089026
31,16,64,2,V2_ORIGINAL,65,3000250,0.00300025,64,21331.55570369136
31,16,64,2,V2_ORIGINAL,66,2762940,0.00276294,64,23163.731387579894
31,16,64,2,V2_ORIGINAL,67,2980300,0.0029803,64,21474.348219977855
31,16,64,2,V2_ORIGINAL,68,2763100,0.0027631,64,23162.390069125257
31,16,64,2,V2_ORIGINAL,69,3023520,0.00302352,64,21167.381065777638
31,16,64,2,V2_ORIGINAL,70,2679920,0.00267992,64,23881.309889847456
31,16,64,2,V2_ORIGINAL,71,2983890,0.00298389,64,21448.511841924468
31,16,64,2,V2_ORIGINAL,72,2704700,0.0027047,64,23662.513402595483
31,16,64,2,V2_ORIGINAL,73,3178410,0.00317841,64,20135.854090567296
31,16,64,2,V2_ORIGINAL,74,2791520,0.00279152,64,22926.577635123518
31,16,64,2,V2_ORIGINAL,75,3519910,0.00351991,64,18182.28306973758
31,16,64,2,V2_ORIGINAL,76,2739900,0.0027399,64,23358.51673418738
31,16,64,2,V2_ORIGINAL,77,3123210,0.00312321,64,20491.73766733585
31,16,64,2,V2_ORIGINAL,78,2868890,0.00286889,64,22308.279508799573
31,16,64,2,V2_ORIGINAL,79,3117260,0.00311726,64,20530.8508112894
31,16,64,2,V2_ORIGINAL,80,2727530,0.00272753,64,23464.45318658273
31,16,64,2,V2_ORIGINAL,81,3007750,0.00300775,64,21278.364225750145
31,16,64,2,V2_ORIGINAL,82,2677330,0.00267733,64,23904.412231588936
31,16,64,2,V2_ORIGINAL,83,3050000,0.00305,64,20983.606557377047
31,16,64,2,V2_ORIGINAL,84,2685410,0.00268541,64,23832.487404158022
31,16,64,2,V2_ORIGINAL,85,3134420,0.00313442,64,20418.450622443703
31,16,64,2,V2_ORIGINAL,86,2804950,0.00280495,64,22816.806003672078
31,16,64,2,V2_ORIGINAL,87,3035580,0.00303558,64,21083.28556651447
31,16,64,2,V2_ORIGINAL,88,2703140,0.00270314,64,23676.169195824114
31,16,64,2,V2_ORIGINAL,89,2986860,0.00298686,64,21427.184401009756
31,16,64,2,V2_ORIGINAL,90,2797890,0.00279789,64,22874.380336610804
31,16,64,2,V2_ORIGINAL,91,3030720,0.00303072,64,21117.094287825992
31,16,64,2,V2_ORIGINAL,92,2713210,0.00271321,64,23588.295782486424
31,16,64,2,V2_ORIGINAL,93,2986890,0.00298689,64,21426.9691886879
31,16,64,2,V2_ORIGINAL,94,2675560,0.00267556,64,23920.226046136137
31,16,64,2,V2_ORIGINAL,95,2943820,0.00294382,64,21740.45967484425
31,16,64,2,V2_ORIGINAL,96,2678740,0.00267874,64,23891.82974084831
31,16,64,2,V2_ORIGINAL,97,2980670,0.00298067,64,21471.682541173628
31,16,64,2,V2_ORIGINAL,98,2700130,0.00270013,64,23702.56246921445
31,16,64,2,V2_ORIGINAL,99,3154320,0.00315432,64,20289.634532957974
31,16,64,2,V2_ORIGINAL,100,2717070,0.00271707,64,23554.78511779233
31,16,64,2,V2_ORIGINAL,101,3008880,0.00300888,64,21270.373029167
31,16,64,2,V2_ORIGINAL,102,2663330,0.00266333,64,24030.067622112165
31,16,64,2,V2_ORIGINAL,103,2976230,0.00297623,64,21503.71443067236
31,16,64,2,V2_ORIGINAL,104,2663750,0.00266375,64,24026.278742374474
31,16,64,2,V2_ORIGINAL,105,2975310,0.00297531,64,21510.363625975107
31,16,64,2,V2_ORIGINAL,106,2650660,0.00265066,64,24144.929941976716
31,16,64,2,V2_ORIGINAL,107,2997210,0.00299721,64,21353.191801708923
31,16,64,2,V2_ORIGINAL,108,2770409,0.002770409,64,23101.28215725548
31,16,64,2,V2_ORIGINAL,109,3135981,0.003135981,64,20408.286912452597
31,16,64,2,V2_ORIGINAL,110,2844281,0.002844281,64,22501.292945387602
31,16,64,2,V2_ORIGINAL,111,3871790,0.00387179,64,16529.822123617243
31,16,64,2,V2_ORIGINAL,112,3030220,0.00303022,64,21120.578703856485
31,16,64,2,V2_ORIGINAL,113,3040941,0.003040941,64,21046.116974975837
31,16,64,2,V2_ORIGINAL,114,2698559,0.002698559,64,23716.361213521734
31,16,64,2,V2_ORIGINAL,115,2969831,0.002969831,64,21550.047797332576
31,16,64,2,V2_ORIGINAL,116,2695310,0.00269531,64,23744.94956053293
31,16,64,2,V2_ORIGINAL,117,3149099,0.003149099,64,20323.27341884139
31,16,64,2,V2_ORIGINAL,118,2658060,0.00265806,64,24077.710811644585
31,16,64,2,V2_ORIGINAL,119,2996269,0.002996269,64,21359.897926387785
31,16,64,2,V2_ORIGINAL,120,2652160,0.00265216,64,24131.27413127413
31,16,64,2,V2_ORIGINAL,121,3203070,0.00320307,64,19980.830890364556
31,16,64,2,V2_ORIGINAL,122,2712491,0.002712491,64,23594.54833214193
31,16,64,2,V2_ORIGINAL,123,3037440,0.00303744,64,21070.375052675936
31,16,64,2,V2_ORIGINAL,124,2787809,0.002787809,64,22957.096415141783
31,16,64,2,V2_ORIGINAL,125,3018761,0.003018761,64,21200.750904096083
31,16,64,2,V2_ORIGINAL,126,2704530,0.00270453,64,23664.000769080023
31,16,64,2,V2_ORIGINAL,127,3089481,0.003089481,64,20715.453501737025
31,16,64,2,V2_ORIGINAL,128,2796469,0.002796469,64,22886.0037425768
31,16,64,2,V2_ORIGINAL,129,3875679,0.003875679,64,16513.235487252685
31,16,64,2,V2_ORIGINAL,130,2895060,0.00289506,64,22106.62300608623
31,16,64,2,V2_ORIGINAL,131,3112230,0.00311223,64,20564.03286389502
31,16,64,2,V2_ORIGINAL,132,2871840,0.00287184,64,22285.364087135775
31,16,64,2,V2_ORIGINAL,133,3158440,0.00315844,64,20263.16789301047
31,16,64,2,V2_ORIGINAL,134,2911511,0.002911511,64,21981.71327534054
31,16,64,2,V2_ORIGINAL,135,3240840,0.00324084,64,19747.96657656657
31,16,64,2,V2_ORIGINAL,136,2696459,0.002696459,64,23734.831495676368
31,16,64,2,V2_ORIGINAL,137,3059050,0.00305905,64,20921.527925336297
31,16,64,2,V2_ORIGINAL,138,2688100,0.0026881,64,23808.638071500314
31,16,64,2,V2_ORIGINAL,139,3025110,0.00302511,64,21156.255475007518
31,16,64,2,V2_ORIGINAL,140,2780211,0.002780211,64,23019.83554485613
31,16,64,2,V2_ORIGINAL,141,3152260,0.00315226,64,20302.89379683148
31,16,64,2,V2_ORIGINAL,142,3006910,0.00300691,64,21284.308476143284
31,16,64,2,V2_ORIGINAL,143,3245350,0.00324535,64,19720.523210131418
31,16,64,2,V2_ORIGINAL,144,2831460,0.00283146,64,22603.179984884122
31,16,64,2,V2_ORIGINAL,145,3118050,0.00311805,64,20525.649043472684
31,16,64,2,V2_ORIGINAL,146,2785899,0.002785899,64,22972.83569863803
31,16,64,2,V2_ORIGINAL,147,3127579,0.003127579,64,20463.112202761306
31,16,64,2,V2_ORIGINAL,148,2858450,0.00285845,64,22389.756686316014
31,16,64,2,V2_ORIGINAL,149,3063940,0.00306394,64,20888.13749616507
31,16,64,2,V2_ORIGINAL,150,2967010,0.00296701,64,21570.537342307576
32,16,64,2,V3_CLEAN,1,3131390,0.00313139,64,20438.207952378976
32,16,64,2,V3_CLEAN,2,2795450,0.00279545,64,22894.346169668566
32,16,64,2,V3_CLEAN,3,3436940,0.00343694,64,18621.21538345156
32,16,64,2,V3_CLEAN,4,2773120,0.00277312,64,23078.698361412415
32,16,64,2,V3_CLEAN,5,3444420,0.00344442,64,18580.777024869207
32,16,64,2,V3_CLEAN,6,2759980,0.00275998,64,23188.573830245146
32,16,64,2,V3_CLEAN,7,3457410,0.00345741,64,18510.966301364315
32,16,64,2,V3_CLEAN,8,2868050,0.00286805,64,22314.813200606684
32,16,64,2,V3_CLEAN,9,3397140,0.00339714,64,18839.37665212502
32,16,64,2,V3_CLEAN,10,2726930,0.00272693,64,23469.61601507923
32,16,64,2,V3_CLEAN,11,3332440,0.00333244,64,19205.146979390476
32,16,64,2,V3_CLEAN,12,2765410,0.00276541,64,23143.042080559484
32,16,64,2,V3_CLEAN,13,3433190,0.00343319,64,18641.554938701323
32,16,64,2,V3_CLEAN,14,2835070,0.00283507,64,22574.398515733297
32,16,64,2,V3_CLEAN,15,3373960,0.00337396,64,18968.808166071914
32,16,64,2,V3_CLEAN,16,2836400,0.0028364,64,22563.81328444507
32,16,64,2,V3_CLEAN,17,3452980,0.00345298,64,18534.714941876293
32,16,64,2,V3_CLEAN,18,2796700,0.0027967,64,22884.113419387133
32,16,64,2,V3_CLEAN,19,3606900,0.0036069,64,17743.768887410242
32,16,64,2,V3_CLEAN,20,2901780,0.00290178,64,22055.428047612153
32,16,64,2,V3_CLEAN,21,3386140,0.00338614,64,18900.577058243307
32,16,64,2,V3_CLEAN,22,2809090,0.00280909,64,22783.17889423265
32,16,64,2,V3_CLEAN,23,3373450,0.00337345,64,18971.675880774874
32,16,64,2,V3_CLEAN,24,2810890,0.00281089,64,22768.589308012764
32,16,64,2,V3_CLEAN,25,3411810,0.00341181,64,18758.37165610043
32,16,64,2,V3_CLEAN,26,3064070,0.00306407,64,20887.25127036915
32,16,64,2,V3_CLEAN,27,3777120,0.00377712,64,16944.12674206803
32,16,64,2,V3_CLEAN,28,2829840,0.00282984,64,22616.11963927289
32,16,64,2,V3_CLEAN,29,3420100,0.0034201,64,18712.903131487383
32,16,64,2,V3_CLEAN,30,2814640,0.00281464,64,22738.254270528378
32,16,64,2,V3_CLEAN,31,3429290,0.00342929,64,18662.75526420921
32,16,64,2,V3_CLEAN,32,2803880,0.00280388,64,22825.513217398748
32,16,64,2,V3_CLEAN,33,3499690,0.00349969,64,18287.33402101329
32,16,64,2,V3_CLEAN,34,2751690,0.00275169,64,23258.43390788933
32,16,64,2,V3_CLEAN,35,3376250,0.00337625,64,18955.942243613477
32,16,64,2,V3_CLEAN,36,4703960,0.00470396,64,13605.557870390054
32,16,64,2,V3_CLEAN,37,3632070,0.00363207,64,17620.80576640869
32,16,64,2,V3_CLEAN,38,2942200,0.0029422,64,21752.4301543063
32,16,64,2,V3_CLEAN,39,3418850,0.00341885,64,18719.744943475143
32,16,64,2,V3_CLEAN,40,2892100,0.0028921,64,22129.248642854673
32,16,64,2,V3_CLEAN,41,3373080,0.00337308,64,18973.756922456625
32,16,64,2,V3_CLEAN,42,2915410,0.00291541,64,21952.31545477309
32,16,64,2,V3_CLEAN,43,4575230,0.00457523,64,13988.367797903058
32,16,64,2,V3_CLEAN,44,3279720,0.00327972,64,19513.86093934848
32,16,64,2,V3_CLEAN,45,3591350,0.00359135,64,17820.596711543014
32,16,64,2,V3_CLEAN,46,3241350,0.00324135,64,19744.85939500517
32,16,64,2,V3_CLEAN,47,3523740,0.00352374,64,18162.52050378291
32,16,64,2,V3_CLEAN,48,2893890,0.00289389,64,22115.560715853055
32,16,64,2,V3_CLEAN,49,3610890,0.00361089,64,17724.162187161615
32,16,64,2,V3_CLEAN,50,2967630,0.00296763,64,21566.03080572713
32,16,64,2,V3_CLEAN,51,3419380,0.00341938,64,18716.843404359854
32,16,64,2,V3_CLEAN,52,2879180,0.00287918,64,22228.551184712316
32,16,64,2,V3_CLEAN,53,3595700,0.0035957,64,17799.03773952221
32,16,64,2,V3_CLEAN,54,2895160,0.00289516,64,22105.85943436632
32,16,64,2,V3_CLEAN,55,3383620,0.00338362,64,18914.65353674467
32,16,64,2,V3_CLEAN,56,2823240,0.00282324,64,22668.99023816608
32,16,64,2,V3_CLEAN,57,3877190,0.00387719,64,16506.800027855224
32,16,64,2,V3_CLEAN,58,2922440,0.00292244,64,21899.50862977512
32,16,64,2,V3_CLEAN,59,3459770,0.00345977,64,18498.339484994667
32,16,64,2,V3_CLEAN,60,2884750,0.00288475,64,22185.631337204264
32,16,64,2,V3_CLEAN,61,3438580,0.00343858,64,18612.334161194445
32,16,64,2,V3_CLEAN,62,3230740,0.00323074,64,19809.703040170363
32,16,64,2,V3_CLEAN,63,3401910,0.00340191,64,18812.960954287442
32,16,64,2,V3_CLEAN,64,2856310,0.00285631,64,22406.5315039334
32,16,64,2,V3_CLEAN,65,3438600,0.0034386,64,18612.225905891934
32,16,64,2,V3_CLEAN,66,2875520,0.00287552,64,22256.843979523703
32,16,64,2,V3_CLEAN,67,3534740,0.00353474,64,18105.999309708775
32,16,64,2,V3_CLEAN,68,3022920,0.00302292,64,21171.582443465257
32,16,64,2,V3_CLEAN,69,3384900,0.0033849,64,18907.50096014653
32,16,64,2,V3_CLEAN,70,2829391,0.002829391,64,22619.70862280964
32,16,64,2,V3_CLEAN,71,3408190,0.00340819,64,18778.295810972977
32,16,64,2,V3_CLEAN,72,2970869,0.002970869,64,21542.51836752142
32,16,64,2,V3_CLEAN,73,3420270,0.00342027,64,18711.973031368867
32,16,64,2,V3_CLEAN,74,2859531,0.002859531,64,22381.29259658315
32,16,64,2,V3_CLEAN,75,3463730,0.00346373,64,18477.190774107683
32,16,64,2,V3_CLEAN,76,2943931,0.002943931,64,21739.639957594114
32,16,64,2,V3_CLEAN,77,3465810,0.00346581,64,18466.10171936719
32,16,64,2,V3_CLEAN,78,2867051,0.002867051,64,22322.58861108505
32,16,64,2,V3_CLEAN,79,3452581,0.003452581,64,18536.856919504567
32,16,64,2,V3_CLEAN,80,2832349,0.002832349,64,22596.085440035815
32,16,64,2,V3_CLEAN,81,3430489,0.003430489,64,18656.232391358782
32,16,64,2,V3_CLEAN,82,2918690,0.00291869,64,21927.645621837197
32,16,64,2,V3_CLEAN,83,3403329,0.003403329,64,18805.116989864924
32,16,64,2,V3_CLEAN,84,3048330,0.00304833,64,20995.102236306437
32,16,64,2,V3_CLEAN,85,3531681,0.003531681,64,18121.68199789279
32,16,64,2,V3_CLEAN,86,2817299,0.002817299,64,22716.79363816194
32,16,64,2,V3_CLEAN,87,3510470,0.00351047,64,18231.177021880263
32,16,64,2,V3_CLEAN,88,2797961,0.002797961,64,22873.799884987675
32,16,64,2,V3_CLEAN,89,3813370,0.00381337,64,16783.055407684016
32,16,64,2,V3_CLEAN,90,2797909,0.002797909,64,22874.22500159941
32,16,64,2,V3_CLEAN,91,3430661,0.003430661,64,18655.29704042457
32,16,64,2,V3_CLEAN,92,2899789,0.002899789,64,22070.571341570027
32,16,64,2,V3_CLEAN,93,3559129,0.003559129,64,17981.927600825933
32,16,64,2,V3_CLEAN,94,2907940,0.00290794,64,22008.707194783936
32,16,64,2,V3_CLEAN,95,3408610,0.00340861,64,18775.98199852726
32,16,64,2,V3_CLEAN,96,2858229,0.002858229,64,22391.487875883984
32,16,64,2,V3_CLEAN,97,3396751,0.003396751,64,18841.53416014303
32,16,64,2,V3_CLEAN,98,2875249,0.002875249,64,22258.94174730606
32,16,64,2,V3_CLEAN,99,3433490,0.00343349,64,18639.926139292675
32,16,64,2,V3_CLEAN,100,2818471,0.002818471,64,22707.34735251844
32,16,64,2,V3_CLEAN,101,3515259,0.003515259,64,18206.33984579799
32,16,64,2,V3_CLEAN,102,2996301,0.002996301,64,21359.669806204383
32,16,64,2,V3_CLEAN,103,3464921,0.003464921,64,18470.839594899855
32,16,64,2,V3_CLEAN,104,2756530,0.00275653,64,23217.596035595478
32,16,64,2,V3_CLEAN,105,3398501,0.003398501,64,18831.83203418213
32,16,64,2,V3_CLEAN,106,2772070,0.00277207,64,23087.440071859655
32,16,64,2,V3_CLEAN,107,3418610,0.00341861,64,18721.05914392107
32,16,64,2,V3_CLEAN,108,2774370,0.00277437,64,23068.30019067392
32,16,64,2,V3_CLEAN,109,3353571,0.003353571,64,19084.13449424509
32,16,64,2,V3_CLEAN,110,2980300,0.0029803,64,21474.348219977855
32,16,64,2,V3_CLEAN,111,3499950,0.00349995,64,18285.975513935915
32,16,64,2,V3_CLEAN,112,2919071,0.002919071,64,21924.783604098702
32,16,64,2,V3_CLEAN,113,3411361,0.003411361,64,18760.840614640314
32,16,64,2,V3_CLEAN,114,2833631,0.002833631,64,22585.862449980254
32,16,64,2,V3_CLEAN,115,3417790,0.00341779,64,18725.550721372583
32,16,64,2,V3_CLEAN,116,2851410,0.00285141,64,22445.035964663097
32,16,64,2,V3_CLEAN,117,3501860,0.00350186,64,18276.001896135196
32,16,64,2,V3_CLEAN,118,2814970,0.00281497,64,22735.588656362233
32,16,64,2,V3_CLEAN,119,3473459,0.003473459,64,18425.437006741697
32,16,64,2,V3_CLEAN,120,2810129,0.002810129,64,22774.7551802782
32,16,64,2,V3_CLEAN,121,3821980,0.00382198,64,16745.24722787665
32,16,64,2,V3_CLEAN,122,2837870,0.00283787,64,22552.12536162685
32,16,64,2,V3_CLEAN,123,3469850,0.00346985,64,18444.601351643443
32,16,64,2,V3_CLEAN,124,2756240,0.00275624,64,23220.038893565146
32,16,64,2,V3_CLEAN,125,3458970,0.00345897,64,18502.617831319727
32,16,64,2,V3_CLEAN,126,2907680,0.00290768,64,22010.675177461068
32,16,64,2,V3_CLEAN,127,3526760,0.00352676,64,18146.96775510667
32,16,64,2,V3_CLEAN,128,2864649,0.002864649,64,22341.30603784268
32,16,64,2,V3_CLEAN,129,3444490,0.00344449,64,18580.399420523794
32,16,64,2,V3_CLEAN,130,2958940,0.00295894,64,21629.36727341548
32,16,64,2,V3_CLEAN,131,3494100,0.0034941,64,18316.590824532785
32,16,64,2,V3_CLEAN,132,2833060,0.00283306,64,22590.41460470304
32,16,64,2,V3_CLEAN,133,3436500,0.0034365,64,18623.59959260876
32,16,64,2,V3_CLEAN,134,2818250,0.00281825,64,22709.12800496762
32,16,64,2,V3_CLEAN,135,3399750,0.00339975,64,18824.913596587983
32,16,64,2,V3_CLEAN,136,2896240,0.00289624,64,22097.616219650306
32,16,64,2,V3_CLEAN,137,3441050,0.00344105,64,18598.97415033202
32,16,64,2,V3_CLEAN,138,2795150,0.00279515,64,22896.803391589
32,16,64,2,V3_CLEAN,139,3400280,0.00340028,64,18821.97936640512
32,16,64,2,V3_CLEAN,140,2824450,0.00282445,64,22659.27879764202
32,16,64,2,V3_CLEAN,141,3525600,0.0035256,64,18152.938506920807
32,16,64,2,V3_CLEAN,142,2800959,0.002800959,64,22849.316966081973
32,16,64,2,V3_CLEAN,143,4019361,0.004019361,64,15922.929042701066
32,16,64,2,V3_CLEAN,144,4487500,0.0044875,64,14261.83844011142
32,16,64,2,V3_CLEAN,145,4995370,0.00499537,64,12811.863785865711
32,16,64,2,V3_CLEAN,146,3520760,0.00352076,64,18177.89340937752
32,16,64,2,V3_CLEAN,147,5815250,0.00581525,64,11005.545763294786
32,16,64,2,V3_CLEAN,148,5467070,0.00546707,64,11706.453365330972
32,16,64,2,V3_CLEAN,149,5378950,0.00537895,64,11898.232926500525
32,16,64,2,V3_CLEAN,150,3365000,0.003365,64,19019.316493313523
33,17,1,2,V2_ORIGINAL,1,60201,6.0201e-05,1,16611.019750502484
33,17,1,2,V2_ORIGINAL,2,56460,5.646e-05,1,17711.65426850868
33,17,1,2,V2_ORIGINAL,3,40881,4.0881e-05,1,24461.24116337663
33,17,1,2,V2_ORIGINAL,4,41980,4.198e-05,1,23820.867079561696
33,17,1,2,V2_ORIGINAL,5,36331,3.6331e-05,1,27524.703421320635
33,17,1,2,V2_ORIGINAL,6,35020,3.502e-05,1,28555.111364934324
33,17,1,2,V2_ORIGINAL,7,34830,3.483e-05,1,28710.88142405972
33,17,1,2,V2_ORIGINAL,8,36460,3.646e-05,1,27427.317608337904
33,17,1,2,V2_ORIGINAL,9,35090,3.509e-05,1,28498.147620404674
33,17,1,2,V2_ORIGINAL,10,36810,3.681e-05,1,27166.530834012494
33,17,1,2,V2_ORIGINAL,11,34851,3.4851e-05,1,28693.581245875295
33,17,1,2,V2_ORIGINAL,12,48900,4.89e-05,1,20449.897750511245
33,17,1,2,V2_ORIGINAL,13,36960,3.696e-05,1,27056.277056277057
33,17,1,2,V2_ORIGINAL,14,34920,3.492e-05,1,28636.884306987402
33,17,1,2,V2_ORIGINAL,15,34621,3.4621e-05,1,28884.203229253922
33,17,1,2,V2_ORIGINAL,16,34580,3.458e-05,1,28918.44997108155
33,17,1,2,V2_ORIGINAL,17,57341,5.7341e-05,1,17439.528435151115
33,17,1,2,V2_ORIGINAL,18,39830,3.983e-05,1,25106.703489831783
33,17,1,2,V2_ORIGINAL,19,42780,4.278e-05,1,23375.40906965872
33,17,1,2,V2_ORIGINAL,20,35040,3.504e-05,1,28538.812785388127
33,17,1,2,V2_ORIGINAL,21,34089,3.4089e-05,1,29334.976091994486
33,17,1,2,V2_ORIGINAL,22,34489,3.4489e-05,1,28994.75194989707
33,17,1,2,V2_ORIGINAL,23,34610,3.461e-05,1,28893.383415197917
33,17,1,2,V2_ORIGINAL,24,34430,3.443e-05,1,29044.43799012489
33,17,1,2,V2_ORIGINAL,25,39960,3.996e-05,1,25025.02502502503
33,17,1,2,V2_ORIGINAL,26,35620,3.562e-05,1,28074.11566535654
33,17,1,2,V2_ORIGINAL,27,42629,4.2629e-05,1,23458.209200309648
33,17,1,2,V2_ORIGINAL,28,35311,3.5311e-05,1,28319.787035201494
33,17,1,2,V2_ORIGINAL,29,33900,3.39e-05,1,29498.525073746314
33,17,1,2,V2_ORIGINAL,30,33409,3.3409e-05,1,29932.05423688228
33,17,1,2,V2_ORIGINAL,31,33620,3.362e-05,1,29744.1998810232
33,17,1,2,V2_ORIGINAL,32,53049,5.3049e-05,1,18850.496710588322
33,17,1,2,V2_ORIGINAL,33,36380,3.638e-05,1,27487.63056624519
33,17,1,2,V2_ORIGINAL,34,35370,3.537e-05,1,28272.54735651682
33,17,1,2,V2_ORIGINAL,35,38060,3.806e-05,1,26274.30373095113
33,17,1,2,V2_ORIGINAL,36,34489,3.4489e-05,1,28994.75194989707
33,17,1,2,V2_ORIGINAL,37,35371,3.5371e-05,1,28271.74804218145
33,17,1,2,V2_ORIGINAL,38,34079,3.4079e-05,1,29343.58402535286
33,17,1,2,V2_ORIGINAL,39,33271,3.3271e-05,1,30056.205103543627
33,17,1,2,V2_ORIGINAL,40,33260,3.326e-05,1,30066.14552014432
33,17,1,2,V2_ORIGINAL,41,34010,3.401e-05,1,29403.11673037342
33,17,1,2,V2_ORIGINAL,42,34169,3.4169e-05,1,29266.29400918962
33,17,1,2,V2_ORIGINAL,43,41010,4.101e-05,1,24384.296513045596
33,17,1,2,V2_ORIGINAL,44,34989,3.4989e-05,1,28580.410986309984
33,17,1,2,V2_ORIGINAL,45,34049,3.4049e-05,1,29369.438162647948
33,17,1,2,V2_ORIGINAL,46,33460,3.346e-05,1,29886.431560071727
33,17,1,2,V2_ORIGINAL,47,34620,3.462e-05,1,28885.03755054882
33,17,1,2,V2_ORIGINAL,48,39260,3.926e-05,1,25471.217524197655
33,17,1,2,V2_ORIGINAL,49,34350,3.435e-05,1,29112.081513828238
33,17,1,2,V2_ORIGINAL,50,34100,3.41e-05,1,29325.513196480937
33,17,1,2,V2_ORIGINAL,51,39180,3.918e-05,1,25523.226135783563
33,17,1,2,V2_ORIGINAL,52,36890,3.689e-05,1,27107.617240444564
33,17,1,2,V2_ORIGINAL,53,34380,3.438e-05,1,29086.678301337986
33,17,1,2,V2_ORIGINAL,54,34071,3.4071e-05,1,29350.474010155263
33,17,1,2,V2_ORIGINAL,55,34011,3.4011e-05,1,29402.25221251948
33,17,1,2,V2_ORIGINAL,56,35270,3.527e-05,1,28352.707683583783
33,17,1,2,V2_ORIGINAL,57,34040,3.404e-05,1,29377.20329024677
33,17,1,2,V2_ORIGINAL,58,33660,3.366e-05,1,29708.853238265005
33,17,1,2,V2_ORIGINAL,59,33590,3.359e-05,1,29770.76510866329
33,17,1,2,V2_ORIGINAL,60,37071,3.7071e-05,1,26975.263683202505
33,17,1,2,V2_ORIGINAL,61,34210,3.421e-05,1,29231.218941829873
33,17,1,2,V2_ORIGINAL,62,34140,3.414e-05,1,29291.154071470413
33,17,1,2,V2_ORIGINAL,63,34049,3.4049e-05,1,29369.438162647948
33,17,1,2,V2_ORIGINAL,64,80061,8.0061e-05,1,12490.476012040817
33,17,1,2,V2_ORIGINAL,65,47180,4.718e-05,1,21195.4217888936
33,17,1,2,V2_ORIGINAL,66,38660,3.866e-05,1,25866.52871184687
33,17,1,2,V2_ORIGINAL,67,37640,3.764e-05,1,26567.48140276302
33,17,1,2,V2_ORIGINAL,68,43760,4.376e-05,1,22851.919561243143
33,17,1,2,V2_ORIGINAL,69,36920,3.692e-05,1,27085.590465872156
33,17,1,2,V2_ORIGINAL,70,34440,3.444e-05,1,29036.004645760742
33,17,1,2,V2_ORIGINAL,71,37109,3.7109e-05,1,26947.640734053733
33,17,1,2,V2_ORIGINAL,72,34810,3.481e-05,1,28727.37719046251
33,17,1,2,V2_ORIGINAL,73,34000,3.4e-05,1,29411.764705882353
33,17,1,2,V2_ORIGINAL,74,34120,3.412e-05,1,29308.323563892147
33,17,1,2,V2_ORIGINAL,75,36820,3.682e-05,1,27159.152634437803
33,17,1,2,V2_ORIGINAL,76,35860,3.586e-05,1,27886.22420524261
33,17,1,2,V2_ORIGINAL,77,62221,6.2221e-05,1,16071.744266405232
33,17,1,2,V2_ORIGINAL,78,37730,3.773e-05,1,26504.1081367612
33,17,1,2,V2_ORIGINAL,79,59200,5.92e-05,1,16891.89189189189
33,17,1,2,V2_ORIGINAL,80,37230,3.723e-05,1,26860.059092130003
33,17,1,2,V2_ORIGINAL,81,35309,3.5309e-05,1,28321.39114673313
33,17,1,2,V2_ORIGINAL,82,37021,3.7021e-05,1,27011.696064395885
33,17,1,2,V2_ORIGINAL,83,34510,3.451e-05,1,28977.108084613155
33,17,1,2,V2_ORIGINAL,84,33689,3.3689e-05,1,29683.279408709073
33,17,1,2,V2_ORIGINAL,85,34130,3.413e-05,1,29299.73630237328
33,17,1,2,V2_ORIGINAL,86,34230,3.423e-05,1,29214.139643587496
33,17,1,2,V2_ORIGINAL,87,34040,3.404e-05,1,29377.20329024677
33,17,1,2,V2_ORIGINAL,88,33689,3.3689e-05,1,29683.279408709073
33,17,1,2,V2_ORIGINAL,89,39870,3.987e-05,1,25081.514923501378
33,17,1,2,V2_ORIGINAL,90,43720,4.372e-05,1,22872.827081427262
33,17,1,2,V2_ORIGINAL,91,35960,3.596e-05,1,27808.676307007787
33,17,1,2,V2_ORIGINAL,92,34360,3.436e-05,1,29103.608847497086
33,17,1,2,V2_ORIGINAL,93,34240,3.424e-05,1,29205.607476635516
33,17,1,2,V2_ORIGINAL,94,34321,3.4321e-05,1,29136.680166661812
33,17,1,2,V2_ORIGINAL,95,41660,4.166e-05,1,24003.84061449832
33,17,1,2,V2_ORIGINAL,96,36200,3.62e-05,1,27624.309392265193
33,17,1,2,V2_ORIGINAL,97,34651,3.4651e-05,1,28859.19598279992
33,17,1,2,V2_ORIGINAL,98,40009,4.0009e-05,1,24994.376265340296
33,17,1,2,V2_ORIGINAL,99,34160,3.416e-05,1,29274.00468384075
33,17,1,2,V2_ORIGINAL,100,33771,3.3771e-05,1,29611.204879926565
33,17,1,2,V2_ORIGINAL,101,33930,3.393e-05,1,29472.443265546714
33,17,1,2,V2_ORIGINAL,102,33889,3.3889e-05,1,29508.09997344271
33,17,1,2,V2_ORIGINAL,103,33741,3.3741e-05,1,29637.53297175543
33,17,1,2,V2_ORIGINAL,104,33450,3.345e-05,1,29895.366218236173
33,17,1,2,V2_ORIGINAL,105,34340,3.434e-05,1,29120.559114735002
33,17,1,2,V2_ORIGINAL,106,41801,4.1801e-05,1,23922.872658548837
33,17,1,2,V2_ORIGINAL,107,37410,3.741e-05,1,26730.82063619353
33,17,1,2,V2_ORIGINAL,108,39419,3.9419e-05,1,25368.477130317864
33,17,1,2,V2_ORIGINAL,109,34621,3.4621e-05,1,28884.203229253922
33,17,1,2,V2_ORIGINAL,110,37380,3.738e-05,1,26752.27394328518
33,17,1,2,V2_ORIGINAL,111,43389,4.3389e-05,1,23047.31614003549
33,17,1,2,V2_ORIGINAL,112,35650,3.565e-05,1,28050.490883590464
33,17,1,2,V2_ORIGINAL,113,35780,3.578e-05,1,27948.574622694243
33,17,1,2,V2_ORIGINAL,114,38189,3.8189e-05,1,26185.55081306135
33,17,1,2,V2_ORIGINAL,115,36390,3.639e-05,1,27480.07694421544
33,17,1,2,V2_ORIGINAL,116,34140,3.414e-05,1,29291.154071470413
33,17,1,2,V2_ORIGINAL,117,34120,3.412e-05,1,29308.323563892147
33,17,1,2,V2_ORIGINAL,118,34110,3.411e-05,1,29316.91586045148
33,17,1,2,V2_ORIGINAL,119,34140,3.414e-05,1,29291.154071470413
33,17,1,2,V2_ORIGINAL,120,33760,3.376e-05,1,29620.85308056872
33,17,1,2,V2_ORIGINAL,121,34240,3.424e-05,1,29205.607476635516
33,17,1,2,V2_ORIGINAL,122,40639,4.0639e-05,1,24606.904697458107
33,17,1,2,V2_ORIGINAL,123,35400,3.54e-05,1,28248.58757062147
33,17,1,2,V2_ORIGINAL,124,33820,3.382e-05,1,29568.302779420465
33,17,1,2,V2_ORIGINAL,125,33849,3.3849e-05,1,29542.97025022896
33,17,1,2,V2_ORIGINAL,126,33420,3.342e-05,1,29922.202274087373
33,17,1,2,V2_ORIGINAL,127,48630,4.863e-05,1,20563.438206868188
33,17,1,2,V2_ORIGINAL,128,36829,3.6829e-05,1,27152.515680577802
33,17,1,2,V2_ORIGINAL,129,34420,3.442e-05,1,29052.87623474724
33,17,1,2,V2_ORIGINAL,130,36720,3.672e-05,1,27233.115468409585
33,17,1,2,V2_ORIGINAL,131,36079,3.6079e-05,1,27716.95446104382
33,17,1,2,V2_ORIGINAL,132,35569,3.5569e-05,1,28114.369254125784
33,17,1,2,V2_ORIGINAL,133,34490,3.449e-05,1,28993.91127863149
33,17,1,2,V2_ORIGINAL,134,35240,3.524e-05,1,28376.844494892168
33,17,1,2,V2_ORIGINAL,135,33851,3.3851e-05,1,29541.224779179345
33,17,1,2,V2_ORIGINAL,136,33650,3.365e-05,1,29717.68202080238
33,17,1,2,V2_ORIGINAL,137,33349,3.3349e-05,1,29985.90662388677
33,17,1,2,V2_ORIGINAL,138,33920,3.392e-05,1,29481.132075471698
33,17,1,2,V2_ORIGINAL,139,36470,3.647e-05,1,27419.797093501507
33,17,1,2,V2_ORIGINAL,140,33740,3.374e-05,1,29638.41138114997
33,17,1,2,V2_ORIGINAL,141,34100,3.41e-05,1,29325.513196480937
33,17,1,2,V2_ORIGINAL,142,34390,3.439e-05,1,29078.22041291073
33,17,1,2,V2_ORIGINAL,143,46140,4.614e-05,1,21673.168617251842
33,17,1,2,V2_ORIGINAL,144,39851,3.9851e-05,1,25093.4731876239
33,17,1,2,V2_ORIGINAL,145,35470,3.547e-05,1,28192.839018889204
33,17,1,2,V2_ORIGINAL,146,34571,3.4571e-05,1,28925.978421220098
33,17,1,2,V2_ORIGINAL,147,36430,3.643e-05,1,27449.90392533626
33,17,1,2,V2_ORIGINAL,148,34820,3.482e-05,1,28719.126938541067
33,17,1,2,V2_ORIGINAL,149,34009,3.4009e-05,1,29403.981299067895
33,17,1,2,V2_ORIGINAL,150,34149,3.4149e-05,1,29283.434361181877
33,17,1,2,V2_ORIGINAL,151,33650,3.365e-05,1,29717.68202080238
33,17,1,2,V2_ORIGINAL,152,33279,3.3279e-05,1,30048.97983713453
33,17,1,2,V2_ORIGINAL,153,39231,3.9231e-05,1,25490.04613698351
33,17,1,2,V2_ORIGINAL,154,35240,3.524e-05,1,28376.844494892168
33,17,1,2,V2_ORIGINAL,155,41490,4.149e-05,1,24102.193299590264
33,17,1,2,V2_ORIGINAL,156,34841,3.4841e-05,1,28701.816825005022
33,17,1,2,V2_ORIGINAL,157,34060,3.406e-05,1,29359.95302407516
33,17,1,2,V2_ORIGINAL,158,33650,3.365e-05,1,29717.68202080238
33,17,1,2,V2_ORIGINAL,159,34020,3.402e-05,1,29394.473838918282
33,17,1,2,V2_ORIGINAL,160,38800,3.88e-05,1,25773.19587628866
33,17,1,2,V2_ORIGINAL,161,34490,3.449e-05,1,28993.91127863149
33,17,1,2,V2_ORIGINAL,162,33721,3.3721e-05,1,29655.111058390914
33,17,1,2,V2_ORIGINAL,163,37740,3.774e-05,1,26497.085320614733
33,17,1,2,V2_ORIGINAL,164,35200,3.52e-05,1,28409.090909090908
33,17,1,2,V2_ORIGINAL,165,33971,3.3971e-05,1,29436.872626652148
33,17,1,2,V2_ORIGINAL,166,33690,3.369e-05,1,29682.398337785697
33,17,1,2,V2_ORIGINAL,167,33630,3.363e-05,1,29735.355337496283
33,17,1,2,V2_ORIGINAL,168,33920,3.392e-05,1,29481.132075471698
33,17,1,2,V2_ORIGINAL,169,37370,3.737e-05,1,26759.43270002676
33,17,1,2,V2_ORIGINAL,170,34770,3.477e-05,1,28760.425654299685
33,17,1,2,V2_ORIGINAL,171,33840,3.384e-05,1,29550.827423167848
33,17,1,2,V2_ORIGINAL,172,41650,4.165e-05,1,24009.603841536613
33,17,1,2,V2_ORIGINAL,173,35700,3.57e-05,1,28011.204481792716
33,17,1,2,V2_ORIGINAL,174,38290,3.829e-05,1,26116.479498563593
33,17,1,2,V2_ORIGINAL,175,35500,3.55e-05,1,28169.014084507042
33,17,1,2,V2_ORIGINAL,176,49969,4.9969e-05,1,20012.407692769517
33,17,1,2,V2_ORIGINAL,177,37711,3.7711e-05,1,26517.46174856143
33,17,1,2,V2_ORIGINAL,178,34820,3.482e-05,1,28719.126938541067
33,17,1,2,V2_ORIGINAL,179,34351,3.4351e-05,1,29111.23402521033
33,17,1,2,V2_ORIGINAL,180,37561,3.7561e-05,1,26623.35933548095
33,17,1,2,V2_ORIGINAL,181,34310,3.431e-05,1,29146.02156805596
33,17,1,2,V2_ORIGINAL,182,34231,3.4231e-05,1,29213.286202564926
33,17,1,2,V2_ORIGINAL,183,34721,3.4721e-05,1,28801.013795685605
33,17,1,2,V2_ORIGINAL,184,49060,4.906e-05,1,20383.20423970648
33,17,1,2,V2_ORIGINAL,185,38171,3.8171e-05,1,26197.898928505936
33,17,1,2,V2_ORIGINAL,186,35820,3.582e-05,1,27917.364600781686
33,17,1,2,V2_ORIGINAL,187,38820,3.882e-05,1,25759.917568263783
33,17,1,2,V2_ORIGINAL,188,34850,3.485e-05,1,28694.404591104736
33,17,1,2,V2_ORIGINAL,189,40090,4.009e-05,1,24943.87627837366
33,17,1,2,V2_ORIGINAL,190,36920,3.692e-05,1,27085.590465872156
33,17,1,2,V2_ORIGINAL,191,50020,5.002e-05,1,19992.00319872051
33,17,1,2,V2_ORIGINAL,192,38720,3.872e-05,1,25826.446280991735
33,17,1,2,V2_ORIGINAL,193,36100,3.61e-05,1,27700.831024930747
33,17,1,2,V2_ORIGINAL,194,38440,3.844e-05,1,26014.568158168575
33,17,1,2,V2_ORIGINAL,195,41549,4.1549e-05,1,24067.967941466704
33,17,1,2,V2_ORIGINAL,196,35410,3.541e-05,1,28240.60999717594
33,17,1,2,V2_ORIGINAL,197,33740,3.374e-05,1,29638.41138114997
33,17,1,2,V2_ORIGINAL,198,37140,3.714e-05,1,26925.148088314487
33,17,1,2,V2_ORIGINAL,199,35070,3.507e-05,1,28514.3997718848
33,17,1,2,V2_ORIGINAL,200,34270,3.427e-05,1,29180.04085205719
34,17,1,2,V3_CLEAN,1,45271,4.5271e-05,1,22089.19617415122
34,17,1,2,V3_CLEAN,2,38120,3.812e-05,1,26232.948583420777
34,17,1,2,V3_CLEAN,3,47300,4.73e-05,1,21141.649048625794
34,17,1,2,V3_CLEAN,4,37729,3.7729e-05,1,26504.810623128098
34,17,1,2,V3_CLEAN,5,35291,3.5291e-05,1,28335.836332209346
34,17,1,2,V3_CLEAN,6,35270,3.527e-05,1,28352.707683583783
34,17,1,2,V3_CLEAN,7,34690,3.469e-05,1,28826.751225136926
34,17,1,2,V3_CLEAN,8,36520,3.652e-05,1,27382.256297918946
34,17,1,2,V3_CLEAN,9,34640,3.464e-05,1,28868.360277136257
34,17,1,2,V3_CLEAN,10,34161,3.4161e-05,1,29273.147741576653
34,17,1,2,V3_CLEAN,11,34120,3.412e-05,1,29308.323563892147
34,17,1,2,V3_CLEAN,12,33810,3.381e-05,1,29577.048210588582
34,17,1,2,V3_CLEAN,13,34320,3.432e-05,1,29137.52913752914
34,17,1,2,V3_CLEAN,14,34339,3.4339e-05,1,29121.407146393314
34,17,1,2,V3_CLEAN,15,33981,3.3981e-05,1,29428.20988199288
34,17,1,2,V3_CLEAN,16,33350,3.335e-05,1,29985.007496251877
34,17,1,2,V3_CLEAN,17,33660,3.366e-05,1,29708.853238265005
34,17,1,2,V3_CLEAN,18,48560,4.856e-05,1,20593.08072487644
34,17,1,2,V3_CLEAN,19,36260,3.626e-05,1,27578.599007170433
34,17,1,2,V3_CLEAN,20,35771,3.5771e-05,1,27955.60649688295
34,17,1,2,V3_CLEAN,21,35580,3.558e-05,1,28105.677346824057
34,17,1,2,V3_CLEAN,22,34170,3.417e-05,1,29265.4375182909
34,17,1,2,V3_CLEAN,23,33889,3.3889e-05,1,29508.09997344271
34,17,1,2,V3_CLEAN,24,34240,3.424e-05,1,29205.607476635516
34,17,1,2,V3_CLEAN,25,37180,3.718e-05,1,26896.18074233459
34,17,1,2,V3_CLEAN,26,59600,5.96e-05,1,16778.523489932886
34,17,1,2,V3_CLEAN,27,35450,3.545e-05,1,28208.744710860366
34,17,1,2,V3_CLEAN,28,34279,3.4279e-05,1,29172.379591003235
34,17,1,2,V3_CLEAN,29,33731,3.3731e-05,1,29646.319409445317
34,17,1,2,V3_CLEAN,30,33500,3.35e-05,1,29850.746268656716
34,17,1,2,V3_CLEAN,31,33680,3.368e-05,1,29691.211401425175
34,17,1,2,V3_CLEAN,32,33920,3.392e-05,1,29481.132075471698
34,17,1,2,V3_CLEAN,33,33950,3.395e-05,1,29455.081001472754
34,17,1,2,V3_CLEAN,34,112780,0.00011278,1,8866.820358219542
34,17,1,2,V3_CLEAN,35,37730,3.773e-05,1,26504.1081367612
34,17,1,2,V3_CLEAN,36,35250,3.525e-05,1,28368.79432624113
34,17,1,2,V3_CLEAN,37,33660,3.366e-05,1,29708.853238265005
34,17,1,2,V3_CLEAN,38,33540,3.354e-05,1,29815.14609421586
34,17,1,2,V3_CLEAN,39,33160,3.316e-05,1,30156.815440289505
34,17,1,2,V3_CLEAN,40,32960,3.296e-05,1,30339.805825242714
34,17,1,2,V3_CLEAN,41,34920,3.492e-05,1,28636.884306987402
34,17,1,2,V3_CLEAN,42,42630,4.263e-05,1,23457.65892563922
34,17,1,2,V3_CLEAN,43,35940,3.594e-05,1,27824.15136338342
34,17,1,2,V3_CLEAN,44,34020,3.402e-05,1,29394.473838918282
34,17,1,2,V3_CLEAN,45,33400,3.34e-05,1,29940.119760479043
34,17,1,2,V3_CLEAN,46,33140,3.314e-05,1,30175.015087507545
34,17,1,2,V3_CLEAN,47,34270,3.427e-05,1,29180.04085205719
34,17,1,2,V3_CLEAN,48,33470,3.347e-05,1,29877.502240812664
34,17,1,2,V3_CLEAN,49,33060,3.306e-05,1,30248.033877797945
34,17,1,2,V3_CLEAN,50,33000,3.3e-05,1,30303.0303030303
34,17,1,2,V3_CLEAN,51,53090,5.309e-05,1,18835.93897155773
34,17,1,2,V3_CLEAN,52,34780,3.478e-05,1,28752.156411730877
34,17,1,2,V3_CLEAN,53,33610,3.361e-05,1,29753.04968759298
34,17,1,2,V3_CLEAN,54,33540,3.354e-05,1,29815.14609421586
34,17,1,2,V3_CLEAN,55,49510,4.951e-05,1,20197.939810139367
34,17,1,2,V3_CLEAN,56,35420,3.542e-05,1,28232.6369282891
34,17,1,2,V3_CLEAN,57,33200,3.32e-05,1,30120.481927710844
34,17,1,2,V3_CLEAN,58,32840,3.284e-05,1,30450.669914738126
34,17,1,2,V3_CLEAN,59,33280,3.328e-05,1,30048.076923076922
34,17,1,2,V3_CLEAN,60,34600,3.46e-05,1,28901.73410404624
34,17,1,2,V3_CLEAN,61,33320,3.332e-05,1,30012.004801920768
34,17,1,2,V3_CLEAN,62,32750,3.275e-05,1,30534.351145038167
34,17,1,2,V3_CLEAN,63,32900,3.29e-05,1,30395.136778115502
34,17,1,2,V3_CLEAN,64,32640,3.264e-05,1,30637.254901960787
34,17,1,2,V3_CLEAN,65,33160,3.316e-05,1,30156.815440289505
34,17,1,2,V3_CLEAN,66,33100,3.31e-05,1,30211.480362537764
34,17,1,2,V3_CLEAN,67,32620,3.262e-05,1,30656.039239730224
34,17,1,2,V3_CLEAN,68,36310,3.631e-05,1,27540.622418066647
34,17,1,2,V3_CLEAN,69,33410,3.341e-05,1,29931.158335827597
34,17,1,2,V3_CLEAN,70,42450,4.245e-05,1,23557.126030624262
34,17,1,2,V3_CLEAN,71,35800,3.58e-05,1,27932.960893854746
34,17,1,2,V3_CLEAN,72,33360,3.336e-05,1,29976.01918465228
34,17,1,2,V3_CLEAN,73,32720,3.272e-05,1,30562.34718826406
34,17,1,2,V3_CLEAN,74,32830,3.283e-05,1,30459.945172098687
34,17,1,2,V3_CLEAN,75,32710,3.271e-05,1,30571.690614490984
34,17,1,2,V3_CLEAN,76,33780,3.378e-05,1,29603.315571343992
34,17,1,2,V3_CLEAN,77,33230,3.323e-05,1,30093.28919650918
34,17,1,2,V3_CLEAN,78,48820,4.882e-05,1,20483.40843916428
34,17,1,2,V3_CLEAN,79,37010,3.701e-05,1,27019.724398811133
34,17,1,2,V3_CLEAN,80,35440,3.544e-05,1,28216.704288939054
34,17,1,2,V3_CLEAN,81,33080,3.308e-05,1,30229.74607013301
34,17,1,2,V3_CLEAN,82,32751,3.2751e-05,1,30533.41882690605
34,17,1,2,V3_CLEAN,83,33240,3.324e-05,1,30084.235860409146
34,17,1,2,V3_CLEAN,84,33730,3.373e-05,1,29647.198339756895
34,17,1,2,V3_CLEAN,85,32890,3.289e-05,1,30404.378230465187
34,17,1,2,V3_CLEAN,86,33260,3.326e-05,1,30066.14552014432
34,17,1,2,V3_CLEAN,87,32800,3.28e-05,1,30487.804878048784
34,17,1,2,V3_CLEAN,88,32700,3.27e-05,1,30581.03975535168
34,17,1,2,V3_CLEAN,89,37080,3.708e-05,1,26968.71628910464
34,17,1,2,V3_CLEAN,90,34280,3.428e-05,1,29171.52858809802
34,17,1,2,V3_CLEAN,91,33439,3.3439e-05,1,29905.200514369448
34,17,1,2,V3_CLEAN,92,33411,3.3411e-05,1,29930.262488402022
34,17,1,2,V3_CLEAN,93,32660,3.266e-05,1,30618.49357011635
34,17,1,2,V3_CLEAN,94,39230,3.923e-05,1,25490.69589599796
34,17,1,2,V3_CLEAN,95,33790,3.379e-05,1,29594.55460195324
34,17,1,2,V3_CLEAN,96,33259,3.3259e-05,1,30067.04952043056
34,17,1,2,V3_CLEAN,97,40950,4.095e-05,1,24420.02442002442
34,17,1,2,V3_CLEAN,98,36350,3.635e-05,1,27510.316368638236
34,17,1,2,V3_CLEAN,99,34620,3.462e-05,1,28885.03755054882
34,17,1,2,V3_CLEAN,100,33660,3.366e-05,1,29708.853238265005
34,17,1,2,V3_CLEAN,101,32659,3.2659e-05,1,30619.43109097033
34,17,1,2,V3_CLEAN,102,33511,3.3511e-05,1,29840.947748500494
34,17,1,2,V3_CLEAN,103,32820,3.282e-05,1,30469.226081657525
34,17,1,2,V3_CLEAN,104,33320,3.332e-05,1,30012.004801920768
34,17,1,2,V3_CLEAN,105,32660,3.266e-05,1,30618.49357011635
34,17,1,2,V3_CLEAN,106,62149,6.2149e-05,1,16090.363481311042
34,17,1,2,V3_CLEAN,107,41451,4.1451e-05,1,24124.870328821984
34,17,1,2,V3_CLEAN,108,34360,3.436e-05,1,29103.608847497086
34,17,1,2,V3_CLEAN,109,32960,3.296e-05,1,30339.805825242714
34,17,1,2,V3_CLEAN,110,36980,3.698e-05,1,27041.64413196322
34,17,1,2,V3_CLEAN,111,34190,3.419e-05,1,29248.31822170225
34,17,1,2,V3_CLEAN,112,32930,3.293e-05,1,30367.446097783177
34,17,1,2,V3_CLEAN,113,33160,3.316e-05,1,30156.815440289505
34,17,1,2,V3_CLEAN,114,33720,3.372e-05,1,29655.990510083033
34,17,1,2,V3_CLEAN,115,33580,3.358e-05,1,29779.630732578917
34,17,1,2,V3_CLEAN,116,33240,3.324e-05,1,30084.235860409146
34,17,1,2,V3_CLEAN,117,33221,3.3221e-05,1,30101.44185906505
34,17,1,2,V3_CLEAN,118,33010,3.301e-05,1,30293.85034837928
34,17,1,2,V3_CLEAN,119,34380,3.438e-05,1,29086.678301337986
34,17,1,2,V3_CLEAN,120,33170,3.317e-05,1,30147.72384684956
34,17,1,2,V3_CLEAN,121,32930,3.293e-05,1,30367.446097783177
34,17,1,2,V3_CLEAN,122,33200,3.32e-05,1,30120.481927710844
34,17,1,2,V3_CLEAN,123,32880,3.288e-05,1,30413.625304136254
34,17,1,2,V3_CLEAN,124,32840,3.284e-05,1,30450.669914738126
34,17,1,2,V3_CLEAN,125,42210,4.221e-05,1,23691.068467187873
34,17,1,2,V3_CLEAN,126,33390,3.339e-05,1,29949.08655286014
34,17,1,2,V3_CLEAN,127,33070,3.307e-05,1,30238.88720895071
34,17,1,2,V3_CLEAN,128,33380,3.338e-05,1,29958.058717795084
34,17,1,2,V3_CLEAN,129,32500,3.25e-05,1,30769.230769230773
34,17,1,2,V3_CLEAN,130,33410,3.341e-05,1,29931.158335827597
34,17,1,2,V3_CLEAN,131,32820,3.282e-05,1,30469.226081657525
34,17,1,2,V3_CLEAN,132,34420,3.442e-05,1,29052.87623474724
34,17,1,2,V3_CLEAN,133,54280,5.428e-05,1,18422.991893883565
34,17,1,2,V3_CLEAN,134,36780,3.678e-05,1,27188.689505165854
34,17,1,2,V3_CLEAN,135,33570,3.357e-05,1,29788.50163836759
34,17,1,2,V3_CLEAN,136,32990,3.299e-05,1,30312.215822976657
34,17,1,2,V3_CLEAN,137,32800,3.28e-05,1,30487.804878048784
34,17,1,2,V3_CLEAN,138,34760,3.476e-05,1,28768.699654775606
34,17,1,2,V3_CLEAN,139,32980,3.298e-05,1,30321.406913280778
34,17,1,2,V3_CLEAN,140,32710,3.271e-05,1,30571.690614490984
34,17,1,2,V3_CLEAN,141,33090,3.309e-05,1,30220.610456331215
34,17,1,2,V3_CLEAN,142,33050,3.305e-05,1,30257.186081694406
34,17,1,2,V3_CLEAN,143,32650,3.265e-05,1,30627.871362940274
34,17,1,2,V3_CLEAN,144,32810,3.281e-05,1,30478.51264858275
34,17,1,2,V3_CLEAN,145,32410,3.241e-05,1,30854.6744831842
34,17,1,2,V3_CLEAN,146,32750,3.275e-05,1,30534.351145038167
34,17,1,2,V3_CLEAN,147,32290,3.229e-05,1,30969.340353050484
34,17,1,2,V3_CLEAN,148,33140,3.314e-05,1,30175.015087507545
34,17,1,2,V3_CLEAN,149,32770,3.277e-05,1,30515.71559353067
34,17,1,2,V3_CLEAN,150,33210,3.321e-05,1,30111.412225233362
34,17,1,2,V3_CLEAN,151,33000,3.3e-05,1,30303.0303030303
34,17,1,2,V3_CLEAN,152,32940,3.294e-05,1,30358.227079538556
34,17,1,2,V3_CLEAN,153,45940,4.594e-05,1,21767.522855899
34,17,1,2,V3_CLEAN,154,34320,3.432e-05,1,29137.52913752914
34,17,1,2,V3_CLEAN,155,33240,3.324e-05,1,30084.235860409146
34,17,1,2,V3_CLEAN,156,32800,3.28e-05,1,30487.804878048784
34,17,1,2,V3_CLEAN,157,32940,3.294e-05,1,30358.227079538556
34,17,1,2,V3_CLEAN,158,34330,3.433e-05,1,29129.041654529567
34,17,1,2,V3_CLEAN,159,33640,3.364e-05,1,29726.516052318664
34,17,1,2,V3_CLEAN,160,33370,3.337e-05,1,29967.036260113873
34,17,1,2,V3_CLEAN,161,49160,4.916e-05,1,20341.741253051263
34,17,1,2,V3_CLEAN,162,36390,3.639e-05,1,27480.07694421544
34,17,1,2,V3_CLEAN,163,33360,3.336e-05,1,29976.01918465228
34,17,1,2,V3_CLEAN,164,33200,3.32e-05,1,30120.481927710844
34,17,1,2,V3_CLEAN,165,33220,3.322e-05,1,30102.34798314269
34,17,1,2,V3_CLEAN,166,33700,3.37e-05,1,29673.59050445104
34,17,1,2,V3_CLEAN,167,33340,3.334e-05,1,29994.001199760045
34,17,1,2,V3_CLEAN,168,33240,3.324e-05,1,30084.235860409146
34,17,1,2,V3_CLEAN,169,33360,3.336e-05,1,29976.01918465228
34,17,1,2,V3_CLEAN,170,33550,3.355e-05,1,29806.259314456034
34,17,1,2,V3_CLEAN,171,37490,3.749e-05,1,26673.779674579888
34,17,1,2,V3_CLEAN,172,33650,3.365e-05,1,29717.68202080238
34,17,1,2,V3_CLEAN,173,33090,3.309e-05,1,30220.610456331215
34,17,1,2,V3_CLEAN,174,37380,3.738e-05,1,26752.27394328518
34,17,1,2,V3_CLEAN,175,33830,3.383e-05,1,29559.562518474726
34,17,1,2,V3_CLEAN,176,33340,3.334e-05,1,29994.001199760045
34,17,1,2,V3_CLEAN,177,33710,3.371e-05,1,29664.78789676654
34,17,1,2,V3_CLEAN,178,32940,3.294e-05,1,30358.227079538556
34,17,1,2,V3_CLEAN,179,33050,3.305e-05,1,30257.186081694406
34,17,1,2,V3_CLEAN,180,39320,3.932e-05,1,25432.3499491353
34,17,1,2,V3_CLEAN,181,35860,3.586e-05,1,27886.22420524261
34,17,1,2,V3_CLEAN,182,34190,3.419e-05,1,29248.31822170225
34,17,1,2,V3_CLEAN,183,33330,3.333e-05,1,30003.000300030002
34,17,1,2,V3_CLEAN,184,32880,3.288e-05,1,30413.625304136254
34,17,1,2,V3_CLEAN,185,32610,3.261e-05,1,30665.440049064702
34,17,1,2,V3_CLEAN,186,32630,3.263e-05,1,30646.644192460928
34,17,1,2,V3_CLEAN,187,33329,3.3329e-05,1,30003.90050706592
34,17,1,2,V3_CLEAN,188,32740,3.274e-05,1,30543.677458766033
34,17,1,2,V3_CLEAN,189,48030,4.803e-05,1,20820.320632937746
34,17,1,2,V3_CLEAN,190,38870,3.887e-05,1,25726.78157962439
34,17,1,2,V3_CLEAN,191,33929,3.3929e-05,1,29473.311916060007
34,17,1,2,V3_CLEAN,192,32971,3.2971e-05,1,30329.683661399413
34,17,1,2,V3_CLEAN,193,32811,3.2811e-05,1,30477.583737161316
34,17,1,2,V3_CLEAN,194,33570,3.357e-05,1,29788.50163836759
34,17,1,2,V3_CLEAN,195,37740,3.774e-05,1,26497.085320614733
34,17,1,2,V3_CLEAN,196,33619,3.3619e-05,1,29745.08462476576
34,17,1,2,V3_CLEAN,197,34009,3.4009e-05,1,29403.981299067895
34,17,1,2,V3_CLEAN,198,35261,3.5261e-05,1,28359.944414508947
34,17,1,2,V3_CLEAN,199,33700,3.37e-05,1,29673.59050445104
34,17,1,2,V3_CLEAN,200,33630,3.363e-05,1,29735.355337496283
35,18,8192,1,V3_CLEAN,1,530990241,0.530990241,8192,15427.778831814725
35,18,8192,1,V3_CLEAN,2,544113841,0.544113841,8192,15055.672880778637
35,18,8192,1,V3_CLEAN,3,537059691,0.537059691,8192,15253.425526586394
35,18,8192,1,V3_CLEAN,4,539263831,0.539263831,8192,15191.080004028678
35,18,8192,1,V3_CLEAN,5,580492571,0.580492571,8192,14112.153039078257
35,18,8192,1,V3_CLEAN,6,544719401,0.544719401,8192,15038.935615219623
35,18,8192,1,V3_CLEAN,7,543633251,0.543633251,8192,15068.982599815256
35,18,8192,1,V3_CLEAN,8,549026780,0.54902678,8192,14920.947936273707
35,18,8192,1,V3_CLEAN,9,544579224,0.544579224,8192,15042.806700976898
35,18,8192,1,V3_CLEAN,10,545901453,0.545901453,8192,15006.371488811552
35,18,8192,1,V3_CLEAN,11,551962483,0.551962483,8192,14841.58842730621
35,18,8192,1,V3_CLEAN,12,545966333,0.545966333,8192,15004.588204159469
35,18,8192,1,V3_CLEAN,13,556583704,0.556583704,8192,14718.361211667814
35,18,8192,1,V3_CLEAN,14,553888964,0.553888964,8192,14789.967904108666
35,18,8192,1,V3_CLEAN,15,546459343,0.546459343,8192,14991.051218974219
35,18,8192,1,V3_CLEAN,16,547335233,0.547335233,8192,14967.061329304193
35,18,8192,1,V3_CLEAN,17,543139072,0.543139072,8192,15082.693222261867
35,18,8192,1,V3_CLEAN,18,543480763,0.543480763,8192,15073.210604144235
35,18,8192,1,V3_CLEAN,19,549510223,0.549510223,8192,14907.820923287902
35,18,8192,1,V3_CLEAN,20,545201143,0.545201143,8192,15025.647149092641
36,18,8192,1,V2_ORIGINAL,1,536865911,0.536865911,8192,15258.931200792891
36,18,8192,1,V2_ORIGINAL,2,554365954,0.554365954,8192,14777.24225467136
36,18,8192,1,V2_ORIGINAL,3,538844942,0.538844942,8192,15202.889294263803
36,18,8192,1,V2_ORIGINAL,4,550886444,0.550886444,8192,14870.578300162348
36,18,8192,1,V2_ORIGINAL,5,542863293,0.542863293,8192,15090.35535397675
36,18,8192,1,V2_ORIGINAL,6,545897653,0.545897653,8192,15006.475948340447
36,18,8192,1,V2_ORIGINAL,7,560341565,0.560341565,8192,14619.654353144408
36,18,8192,1,V2_ORIGINAL,8,550215124,0.550215124,8192,14888.72196104882
36,18,8192,1,V2_ORIGINAL,9,546266413,0.546266413,8192,14996.345748242076
36,18,8192,1,V2_ORIGINAL,10,544457323,0.544457323,8192,15046.174702658926
36,18,8192,1,V2_ORIGINAL,11,547087373,0.547087373,8192,14973.84221295124
36,18,8192,1,V2_ORIGINAL,12,548870733,0.548870733,8192,14925.190044702202
36,18,8192,1,V2_ORIGINAL,13,544128412,0.544128412,8192,15055.269710856415
36,18,8192,1,V2_ORIGINAL,14,549795944,0.549795944,8192,14900.073544376675
36,18,8192,1,V2_ORIGINAL,15,552367493,0.552367493,8192,14830.706194363253
36,18,8192,1,V2_ORIGINAL,16,548111443,0.548111443,8192,14945.865671335747
36,18,8192,1,V2_ORIGINAL,17,543414742,0.543414742,8192,15075.041891300036
36,18,8192,1,V2_ORIGINAL,18,549155033,0.549155033,8192,14917.463207516483
36,18,8192,1,V2_ORIGINAL,19,576455257,0.576455257,8192,14210.99018618196
36,18,8192,1,V2_ORIGINAL,20,546195943,0.546195943,8192,14998.280571263784
37,19,1024,1,V2_ORIGINAL,1,60076778,0.060076778,1024,17044.855501405218
37,19,1024,1,V2_ORIGINAL,2,57233048,0.057233048,1024,17891.76071838774
37,19,1024,1,V2_ORIGINAL,3,59887738,0.059887738,1024,17098.658827287814
37,19,1024,1,V2_ORIGINAL,4,55041577,0.055041577,1024,18604.118119653438
37,19,1024,1,V2_ORIGINAL,5,57790498,0.057790498,1024,17719.175910198937
37,19,1024,1,V2_ORIGINAL,6,54842418,0.054842418,1024,18671.678553633432
37,19,1024,1,V2_ORIGINAL,7,59853938,0.059853938,1024,17108.314577396726
37,19,1024,1,V2_ORIGINAL,8,55687888,0.055687888,1024,18388.199602757428
37,19,1024,1,V2_ORIGINAL,9,58697658,0.058697658,1024,17445.329760856897
37,19,1024,1,V2_ORIGINAL,10,55153898,0.055153898,1024,18566.230803849983
37,19,1024,1,V2_ORIGINAL,11,58592588,0.058592588,1024,17476.61325353985
37,19,1024,1,V2_ORIGINAL,12,55334667,0.055334667,1024,18505.578067362367
37,19,1024,1,V2_ORIGINAL,13,58686588,0.058686588,1024,17448.620458221223
37,19,1024,1,V2_ORIGINAL,14,56138728,0.056138728,1024,18240.52728804258
37,19,1024,1,V2_ORIGINAL,15,58785168,0.058785168,1024,17419.359931062885
37,19,1024,1,V2_ORIGINAL,16,55031938,0.055031938,1024,18607.376683699564
37,19,1024,1,V2_ORIGINAL,17,60016898,0.060016898,1024,17061.861477745817
37,19,1024,1,V2_ORIGINAL,18,58365428,0.058365428,1024,17544.63275759753
37,19,1024,1,V2_ORIGINAL,19,63594408,0.063594408,1024,16102.044695502156
37,19,1024,1,V2_ORIGINAL,20,58519218,0.058519218,1024,17498.525014466188
37,19,1024,1,V2_ORIGINAL,21,60154588,0.060154588,1024,17022.80796936054
37,19,1024,1,V2_ORIGINAL,22,57148518,0.057148518,1024,17918.224931047203
37,19,1024,1,V2_ORIGINAL,23,61683308,0.061683308,1024,16600.92548862652
37,19,1024,1,V2_ORIGINAL,24,57541897,0.057541897,1024,17795.72891036248
37,19,1024,1,V2_ORIGINAL,25,63182139,0.063182139,1024,16207.11194978695
37,19,1024,1,V2_ORIGINAL,26,57029258,0.057029258,1024,17955.69565362397
37,19,1024,1,V2_ORIGINAL,27,60524098,0.060524098,1024,16918.88080678212
37,19,1024,1,V2_ORIGINAL,28,55783658,0.055783658,1024,18356.630538642698
37,19,1024,1,V2_ORIGINAL,29,59456528,0.059456528,1024,17222.66729062955
37,19,1024,1,V2_ORIGINAL,30,57200448,0.057200448,1024,17901.957690960742
37,19,1024,1,V2_ORIGINAL,31,60299408,0.060299408,1024,16981.92459866273
37,19,1024,1,V2_ORIGINAL,32,56989198,0.056989198,1024,17968.317434472407
37,19,1024,1,V2_ORIGINAL,33,60183478,0.060183478,1024,17014.6364754792
37,19,1024,1,V2_ORIGINAL,34,56579688,0.056579688,1024,18098.367739320158
37,19,1024,1,V2_ORIGINAL,35,59888298,0.059888298,1024,17098.498942147264
37,19,1024,1,V2_ORIGINAL,36,55440187,0.055440187,1024,18470.35616961393
37,19,1024,1,V2_ORIGINAL,37,62883678,0.062883678,1024,16284.03478562434
37,19,1024,1,V2_ORIGINAL,38,56501868,0.056501868,1024,18123.29461390551
37,19,1024,1,V2_ORIGINAL,39,60270878,0.060270878,1024,16989.963212415787
37,19,1024,1,V2_ORIGINAL,40,56471798,0.056471798,1024,18132.944872766402
37,19,1024,1,V2_ORIGINAL,41,60022068,0.060022068,1024,17060.391854542566
37,19,1024,1,V2_ORIGINAL,42,57794828,0.057794828,1024,17717.84838601821
37,19,1024,1,V2_ORIGINAL,43,60536668,0.060536668,1024,16915.367723905783
37,19,1024,1,V2_ORIGINAL,44,56282117,0.056282117,1024,18194.056204389042
37,19,1024,1,V2_ORIGINAL,45,59547317,0.059547317,1024,17196.408697977105
37,19,1024,1,V2_ORIGINAL,46,55565247,0.055565247,1024,18428.785172141863
37,19,1024,1,V2_ORIGINAL,47,59609798,0.059609798,1024,17178.383996536944
37,19,1024,1,V2_ORIGINAL,48,59464467,0.059464467,1024,17220.367921569028
37,19,1024,1,V2_ORIGINAL,49,60712028,0.060712028,1024,16866.50954898097
37,19,1024,1,V2_ORIGINAL,50,56609297,0.056609297,1024,18088.90154562421
38,19,1024,1,V3_CLEAN,1,63030889,0.063030889,1024,16246.00281300173
38,19,1024,1,V3_CLEAN,2,70226049,0.070226049,1024,14581.483859358228
38,19,1024,1,V3_CLEAN,3,73515560,0.07351556,1024,13929.024005258208
38,19,1024,1,V3_CLEAN,4,56091307,0.056091307,1024,18255.94828802973
38,19,1024,1,V3_CLEAN,5,64854689,0.064854689,1024,15789.14363462602
38,19,1024,1,V3_CLEAN,6,55801087,0.055801087,1024,18350.89699955128
38,19,1024,1,V3_CLEAN,7,64566499,0.064566499,1024,15859.617849188324
38,19,1024,1,V3_CLEAN,8,55796407,0.055796407,1024,18352.436206152128
38,19,1024,1,V3_CLEAN,9,64093319,0.064093319,1024,15976.704217798428
38,19,1024,1,V3_CLEAN,10,55260617,0.055260617,1024,18530.375800907183
38,19,1024,1,V3_CLEAN,11,64877969,0.064877969,1024,15783.47805554764
38,19,1024,1,V3_CLEAN,12,55451357,0.055451357,1024,18466.635541489093
38,19,1024,1,V3_CLEAN,13,68833070,0.06883307,1024,14876.57022997812
38,19,1024,1,V3_CLEAN,14,56951067,0.056951067,1024,17980.347936237962
38,19,1024,1,V3_CLEAN,15,65978089,0.065978089,1024,15520.304020930342
38,19,1024,1,V3_CLEAN,16,58622728,0.058622728,1024,17467.627913869856
38,19,1024,1,V3_CLEAN,17,65308579,0.065308579,1024,15679.410204285718
38,19,1024,1,V3_CLEAN,18,55987267,0.055987267,1024,18289.872945575287
38,19,1024,1,V3_CLEAN,19,65189218,0.065189218,1024,15708.119094172906
38,19,1024,1,V3_CLEAN,20,57006498,0.057006498,1024,17962.864514147142
38,19,1024,1,V3_CLEAN,21,64248029,0.064248029,1024,15938.232128490667
38,19,1024,1,V3_CLEAN,22,55412697,0.055412697,1024,18479.519233651452
38,19,1024,1,V3_CLEAN,23,65761529,0.065761529,1024,15571.414101396578
38,19,1024,1,V3_CLEAN,24,54967327,0.054967327,1024,18629.2486079958
38,19,1024,1,V3_CLEAN,25,64679879,0.064679879,1024,15831.81687770319
38,19,1024,1,V3_CLEAN,26,56310048,0.056310048,1024,18185.03155955399
38,19,1024,1,V3_CLEAN,27,64048229,0.064048229,1024,15987.951829237933
38,19,1024,1,V3_CLEAN,28,55513547,0.055513547,1024,18445.947977346863
38,19,1024,1,V3_CLEAN,29,66773238,0.066773238,1024,15335.485153498174
38,19,1024,1,V3_CLEAN,30,55031208,0.055031208,1024,18607.62351427939
38,19,1024,1,V3_CLEAN,31,64609778,0.064609778,1024,15848.994249755817
38,19,1024,1,V3_CLEAN,32,55117238,0.055117238,1024,18578.579717655663
38,19,1024,1,V3_CLEAN,33,63748568,0.063748568,1024,16063.105919492968
38,19,1024,1,V3_CLEAN,34,56726817,0.056726817,1024,18051.427070198562
38,19,1024,1,V3_CLEAN,35,64336229,0.064336229,1024,15916.382043467298
38,19,1024,1,V3_CLEAN,36,55013857,0.055013857,1024,18613.49223342039
38,19,1024,1,V3_CLEAN,37,63711419,0.063711419,1024,16072.47203205441
38,19,1024,1,V3_CLEAN,38,55604637,0.055604637,1024,18415.730328389698
38,19,1024,1,V3_CLEAN,39,65291409,0.065291409,1024,15683.533495195365
38,19,1024,1,V3_CLEAN,40,56364738,0.056364738,1024,18167.386850977644
38,19,1024,1,V3_CLEAN,41,65603708,0.065603708,1024,15608.873815486162
38,19,1024,1,V3_CLEAN,42,56168998,0.056168998,1024,18230.69729675434
38,19,1024,1,V3_CLEAN,43,65043349,0.065043349,1024,15743.346794766057
38,19,1024,1,V3_CLEAN,44,55925667,0.055925667,1024,18310.018546582556
38,19,1024,1,V3_CLEAN,45,63515998,0.063515998,1024,16121.922543041832
38,19,1024,1,V3_CLEAN,46,57181837,0.057181837,1024,17907.784249743498
38,19,1024,1,V3_CLEAN,47,64465339,0.064465339,1024,15884.505005084982
38,19,1024,1,V3_CLEAN,48,55467987,0.055467987,1024,18461.099011939987
38,19,1024,1,V3_CLEAN,49,63721888,0.063721888,1024,16069.831452577173
38,19,1024,1,V3_CLEAN,50,55769457,0.055769457,1024,18361.304826762076
39,20,256,3,V3_CLEAN,1,13315212,0.013315212,256,19226.13023360049
39,20,256,3,V3_CLEAN,2,12063552,0.012063552,256,21220.947196978137
39,20,256,3,V3_CLEAN,3,14303942,0.014303942,256,17897.164292193018
39,20,256,3,V3_CLEAN,4,12108341,0.012108341,256,21142.450481036172
39,20,256,3,V3_CLEAN,5,14201412,0.014201412,256,18026.376532136383
39,20,256,3,V3_CLEAN,6,12142532,0.012142532,256,21082.91746729595
39,20,256,3,V3_CLEAN,7,14399302,0.014399302,256,17778.639547944756
39,20,256,3,V3_CLEAN,8,12078981,0.012078981,256,21193.84077183332
39,20,256,3,V3_CLEAN,9,14202052,0.014202052,256,18025.56419311801
39,20,256,3,V3_CLEAN,10,13606102,0.013606102,256,18815.087524700313
39,20,256,3,V3_CLEAN,11,14555162,0.014555162,256,17588.261813918663
39,20,256,3,V3_CLEAN,12,12022931,0.012022931,256,21292.64486338647
39,20,256,3,V3_CLEAN,13,14260531,0.014260531,256,17951.645699588607
39,20,256,3,V3_CLEAN,14,12053702,0.012053702,256,21238.288452792345
39,20,256,3,V3_CLEAN,15,14850172,0.014850172,256,17238.85757013454
39,20,256,3,V3_CLEAN,16,12725242,0.012725242,256,20117.495604405794
39,20,256,3,V3_CLEAN,17,14521012,0.014521012,256,17629.62526303263
39,20,256,3,V3_CLEAN,18,12236561,0.012236561,256,20920.91070358739
39,20,256,3,V3_CLEAN,19,14368061,0.014368061,256,17817.2962934943
39,20,256,3,V3_CLEAN,20,12126602,0.012126602,256,21110.61284933735
39,20,256,3,V3_CLEAN,21,14352862,0.014352862,256,17836.16396506843
39,20,256,3,V3_CLEAN,22,12675752,0.012675752,256,20196.040440046476
39,20,256,3,V3_CLEAN,23,14409162,0.014409162,256,17766.473858785128
39,20,256,3,V3_CLEAN,24,13151211,0.013151211,256,19465.887970316955
39,20,256,3,V3_CLEAN,25,14595182,0.014595182,256,17540.034786822118
39,20,256,3,V3_CLEAN,26,12235242,0.012235242,256,20923.166047716913
39,20,256,3,V3_CLEAN,27,14381772,0.014381772,256,17800.310003523908
39,20,256,3,V3_CLEAN,28,12344081,0.012344081,256,20738.684394569347
39,20,256,3,V3_CLEAN,29,14346593,0.014346593,256,17843.95779541526
39,20,256,3,V3_CLEAN,30,12460972,0.012460972,256,20544.1437473738
39,20,256,3,V3_CLEAN,31,14320062,0.014320062,256,17877.017571571967
39,20,256,3,V3_CLEAN,32,12964202,0.012964202,256,19746.683984097133
39,20,256,3,V3_CLEAN,33,14384522,0.014384522,256,17796.906980989705
39,20,256,3,V3_CLEAN,34,12892661,0.012892661,256,19856.257757805004
39,20,256,3,V3_CLEAN,35,14495232,0.014495232,256,17660.979831161032
39,20,256,3,V3_CLEAN,36,12407562,0.012407562,256,20632.578745123337
39,20,256,3,V3_CLEAN,37,14617782,0.014617782,256,17512.916802289157
39,20,256,3,V3_CLEAN,38,12645692,0.012645692,256,20244.048328869627
39,20,256,3,V3_CLEAN,39,14131282,0.014131282,256,18115.836907083165
39,20,256,3,V3_CLEAN,40,11978872,0.011978872,256,21370.960471069397
39,20,256,3,V3_CLEAN,41,14145312,0.014145312,256,18097.86874973136
39,20,256,3,V3_CLEAN,42,11961301,0.011961301,256,21402.354141911484
39,20,256,3,V3_CLEAN,43,15625803,0.015625803,256,16383.158036742176
39,20,256,3,V3_CLEAN,44,12545351,0.012545351,256,20405.965524599513
39,20,256,3,V3_CLEAN,45,15031772,0.015031772,256,17030.59359867885
39,20,256,3,V3_CLEAN,46,12536232,0.012536232,256,20420.80905969194
39,20,256,3,V3_CLEAN,47,14421722,0.014421722,256,17751.00088602457
39,20,256,3,V3_CLEAN,48,12259092,0.012259092,256,20882.46013652561
39,20,256,3,V3_CLEAN,49,14260232,0.014260232,256,17952.022098939204
39,20,256,3,V3_CLEAN,50,12406002,0.012406002,256,20635.173200842626
39,20,256,3,V3_CLEAN,51,15118982,0.015118982,256,16932.35695366262
39,20,256,3,V3_CLEAN,52,12644942,0.012644942,256,20245.249048987334
39,20,256,3,V3_CLEAN,53,14299832,0.014299832,256,17902.30822292178
39,20,256,3,V3_CLEAN,54,11971481,0.011971481,256,21384.154558654856
39,20,256,3,V3_CLEAN,55,14497102,0.014497102,256,17658.701718453798
39,20,256,3,V3_CLEAN,56,12243192,0.012243192,256,20909.579789322914
39,20,256,3,V3_CLEAN,57,14497922,0.014497922,256,17657.702945291057
39,20,256,3,V3_CLEAN,58,12132801,0.012132801,256,21099.82682481976
39,20,256,3,V3_CLEAN,59,14736192,0.014736192,256,17372.194933399347
39,20,256,3,V3_CLEAN,60,12257862,0.012257862,256,20884.555561157402
39,20,256,3,V3_CLEAN,61,14426282,0.014426282,256,17745.38997643329
39,20,256,3,V3_CLEAN,62,12380861,0.012380861,256,20677.07568964711
39,20,256,3,V3_CLEAN,63,14576303,0.014576303,256,17562.75236594629
39,20,256,3,V3_CLEAN,64,12309741,0.012309741,256,20796.53828622389
39,20,256,3,V3_CLEAN,65,14334522,0.014334522,256,17858.984066577177
39,20,256,3,V3_CLEAN,66,12423612,0.012423612,256,20605.92362350015
39,20,256,3,V3_CLEAN,67,14968803,0.014968803,256,17102.23589688501
39,20,256,3,V3_CLEAN,68,12277771,0.012277771,256,20850.690243367466
39,20,256,3,V3_CLEAN,69,14585332,0.014585332,256,17551.88020402964
39,20,256,3,V3_CLEAN,70,12291762,0.012291762,256,20826.957111600437
39,20,256,3,V3_CLEAN,71,14612202,0.014612202,256,17519.604505878033
39,20,256,3,V3_CLEAN,72,12227541,0.012227541,256,20936.343619702442
39,20,256,3,V3_CLEAN,73,14264802,0.014264802,256,17946.270828014298
39,20,256,3,V3_CLEAN,74,12301472,0.012301472,256,20810.517635613036
39,20,256,3,V3_CLEAN,75,14482792,0.014482792,256,17676.14973687394
39,20,256,3,V3_CLEAN,76,12390851,0.012390851,256,20660.405003659554
39,20,256,3,V3_CLEAN,77,14464313,0.014464313,256,17698.732044861034
39,20,256,3,V3_CLEAN,78,12091052,0.012091052,256,21172.682079276477
39,20,256,3,V3_CLEAN,79,14214772,0.014214772,256,18009.43412950978
39,20,256,3,V3_CLEAN,80,12031972,0.012031972,256,21276.645258150533
39,20,256,3,V3_CLEAN,81,14404862,0.014404862,256,17771.777334624934
39,20,256,3,V3_CLEAN,82,12435361,0.012435361,256,20586.455029331275
39,20,256,3,V3_CLEAN,83,14361082,0.014361082,256,17825.954896713214
39,20,256,3,V3_CLEAN,84,12377452,0.012377452,256,20682.7705734589
39,20,256,3,V3_CLEAN,85,15941842,0.015941842,256,16058.370168265372
39,20,256,3,V3_CLEAN,86,12085131,0.012085131,256,21183.055442262066
39,20,256,3,V3_CLEAN,87,14385072,0.014385072,256,17796.22653261659
39,20,256,3,V3_CLEAN,88,12097552,0.012097552,256,21161.30602290447
39,20,256,3,V3_CLEAN,89,14646742,0.014646742,256,17478.289711118006
39,20,256,3,V3_CLEAN,90,12261772,0.012261772,256,20877.89595174335
39,20,256,3,V3_CLEAN,91,14570253,0.014570253,256,17570.044940194242
39,20,256,3,V3_CLEAN,92,12095971,0.012095971,256,21164.071904603607
39,20,256,3,V3_CLEAN,93,14530912,0.014530912,256,17617.61409056775
39,20,256,3,V3_CLEAN,94,11900292,0.011900292,256,21512.077182643923
39,20,256,3,V3_CLEAN,95,14316351,0.014316351,256,17881.65154654283
39,20,256,3,V3_CLEAN,96,12195792,0.012195792,256,20990.846678920072
39,20,256,3,V3_CLEAN,97,14584792,0.014584792,256,17552.53006007902
39,20,256,3,V3_CLEAN,98,12178502,0.012178502,256,21020.64769542264
39,20,256,3,V3_CLEAN,99,14556162,0.014556162,256,17587.05351039649
39,20,256,3,V3_CLEAN,100,12067651,0.012067651,256,21213.739111281888
40,20,256,3,V2_ORIGINAL,1,13593452,0.013593452,256,18832.596753201466
40,20,256,3,V2_ORIGINAL,2,12389682,0.012389682,256,20662.354368740052
40,20,256,3,V2_ORIGINAL,3,14296601,0.014296601,256,17906.35410472741
40,20,256,3,V2_ORIGINAL,4,12605692,0.012605692,256,20308.286129789623
40,20,256,3,V2_ORIGINAL,5,13364722,0.013364722,256,19154.906476917364
40,20,256,3,V2_ORIGINAL,6,12596972,0.012596972,256,20322.344131589718
40,20,256,3,V2_ORIGINAL,7,13424952,0.013424952,256,19068.969483093868
40,20,256,3,V2_ORIGINAL,8,12314422,0.012314422,256,20788.633035314204
40,20,256,3,V2_ORIGINAL,9,13326782,0.013326782,256,19209.438557635294
40,20,256,3,V2_ORIGINAL,10,12094572,0.012094572,256,21166.519989297678
40,20,256,3,V2_ORIGINAL,11,13545552,0.013545552,256,18899.192886343797
40,20,256,3,V2_ORIGINAL,12,15102712,0.015102712,256,16950.598011800794
40,20,256,3,V2_ORIGINAL,13,13220582,0.013220582,256,19363.746618719208
40,20,256,3,V2_ORIGINAL,14,12371302,0.012371302,256,20693.052356170756
40,20,256,3,V2_ORIGINAL,15,13628472,0.013628472,256,18784.204127946257
40,20,256,3,V2_ORIGINAL,16,12766201,0.012766201,256,20052.950756454484
40,20,256,3,V2_ORIGINAL,17,13406902,0.013406902,256,19094.642446107235
40,20,256,3,V2_ORIGINAL,18,12323601,0.012323601,256,20773.14901707707
40,20,256,3,V2_ORIGINAL,19,14369792,0.014369792,256,17815.15000356303
40,20,256,3,V2_ORIGINAL,20,12435522,0.012435522,256,20586.18850097326
40,20,256,3,V2_ORIGINAL,21,13518381,0.013518381,256,18937.17894176825
40,20,256,3,V2_ORIGINAL,22,12288771,0.012288771,256,20832.026245749064
40,20,256,3,V2_ORIGINAL,23,13306192,0.013306192,256,19239.163240692753
40,20,256,3,V2_ORIGINAL,24,13326542,0.013326542,256,19209.784503736977
40,20,256,3,V2_ORIGINAL,25,13603301,0.013603301,256,18818.96166232005
40,20,256,3,V2_ORIGINAL,26,12511232,0.012511232,256,20461.614012113274
40,20,256,3,V2_ORIGINAL,27,13510441,0.013510441,256,18948.308201042437
40,20,256,3,V2_ORIGINAL,28,12413302,0.012413302,256,20623.03809252365
40,20,256,3,V2_ORIGINAL,29,13423152,0.013423152,256,19071.526568424466
40,20,256,3,V2_ORIGINAL,30,12499391,0.012499391,256,20480.997834214482
40,20,256,3,V2_ORIGINAL,31,13707972,0.013707972,256,18675.26429146485
40,20,256,3,V2_ORIGINAL,32,12575552,0.012575552,256,20356.959280992196
40,20,256,3,V2_ORIGINAL,33,13069911,0.013069911,256,19586.97346906188
40,20,256,3,V2_ORIGINAL,34,12151212,0.012151212,256,21067.857263950296
40,20,256,3,V2_ORIGINAL,35,13388532,0.013388532,256,19120.841627745296
40,20,256,3,V2_ORIGINAL,36,12698552,0.012698552,256,20159.778847226047
40,20,256,3,V2_ORIGINAL,37,13564482,0.013564482,256,18872.817996293557
40,20,256,3,V2_ORIGINAL,38,12492332,0.012492332,256,20492.570962731377
40,20,256,3,V2_ORIGINAL,39,13371291,0.013371291,256,19145.49612299964
40,20,256,3,V2_ORIGINAL,40,12580682,0.012580682,256,20348.658363672177
40,20,256,3,V2_ORIGINAL,41,13469222,0.013469222,256,19006.294498672603
40,20,256,3,V2_ORIGINAL,42,12192501,0.012192501,256,20996.512528479598
40,20,256,3,V2_ORIGINAL,43,13490482,0.013490482,256,18976.341986891202
40,20,256,3,V2_ORIGINAL,44,12160971,0.012160971,256,21050.950618992512
40,20,256,3,V2_ORIGINAL,45,13188942,0.013188942,256,19410.199847720916
40,20,256,3,V2_ORIGINAL,46,12462451,0.012462451,256,20541.705640407334
40,20,256,3,V2_ORIGINAL,47,13200101,0.013200101,256,19393.791002053695
40,20,256,3,V2_ORIGINAL,48,12240452,0.012240452,256,20914.26035574503
40,20,256,3,V2_ORIGINAL,49,13264402,0.013264402,256,19299.77695187465
40,20,256,3,V2_ORIGINAL,50,12143052,0.012143052,256,21082.014636847474
40,20,256,3,V2_ORIGINAL,51,13334922,0.013334922,256,19197.712592544598
40,20,256,3,V2_ORIGINAL,52,12164152,0.012164152,256,21045.445666907155
40,20,256,3,V2_ORIGINAL,53,13165822,0.013165822,256,19444.28536250908
40,20,256,3,V2_ORIGINAL,54,12426442,0.012426442,256,20601.230826973642
40,20,256,3,V2_ORIGINAL,55,13186942,0.013186942,256,19413.14369927463
40,20,256,3,V2_ORIGINAL,56,12433891,0.012433891,256,20588.888868335744
40,20,256,3,V2_ORIGINAL,57,13110021,0.013110021,256,19527.047286957055
40,20,256,3,V2_ORIGINAL,58,12202372,0.012202372,256,20979.52758693146
40,20,256,3,V2_ORIGINAL,59,13097112,0.013097112,256,19546.29386997683
40,20,256,3,V2_ORIGINAL,60,12515322,0.012515322,256,20454.92716847397
40,20,256,3,V2_ORIGINAL,61,13145762,0.013145762,256,19473.956701787236
40,20,256,3,V2_ORIGINAL,62,12740952,0.012740952,256,20092.690090975935
40,20,256,3,V2_ORIGINAL,63,13761302,0.013761302,256,18602.890918315723
40,20,256,3,V2_ORIGINAL,64,12212111,0.012212111,256,20962.796686011126
40,20,256,3,V2_ORIGINAL,65,13480251,0.013480251,256,18990.744311808437
40,20,256,3,V2_ORIGINAL,66,12290722,0.012290722,256,20828.719419412464
40,20,256,3,V2_ORIGINAL,67,13927702,0.013927702,256,18380.634508119143
40,20,256,3,V2_ORIGINAL,68,12521252,0.012521252,256,20445.239821065818
40,20,256,3,V2_ORIGINAL,69,13192482,0.013192482,256,19404.99141859735
40,20,256,3,V2_ORIGINAL,70,12213651,0.012213651,256,20960.153520024436
40,20,256,3,V2_ORIGINAL,71,13072372,0.013072372,256,19583.286032557826
40,20,256,3,V2_ORIGINAL,72,12388592,0.012388592,256,20664.172328865137
40,20,256,3,V2_ORIGINAL,73,13365413,0.013365413,256,19153.916156575186
40,20,256,3,V2_ORIGINAL,74,12269792,0.012269792,256,20864.249369508463
40,20,256,3,V2_ORIGINAL,75,13473622,0.013473622,256,19000.08772696755
40,20,256,3,V2_ORIGINAL,76,12987631,0.012987631,256,19711.062009692145
40,20,256,3,V2_ORIGINAL,77,13626572,0.013626572,256,18786.823274408267
40,20,256,3,V2_ORIGINAL,78,12414022,0.012414022,256,20621.8419783693
40,20,256,3,V2_ORIGINAL,79,13471592,0.013471592,256,19002.950801954215
40,20,256,3,V2_ORIGINAL,80,12666652,0.012666652,256,20210.549717478618
40,20,256,3,V2_ORIGINAL,81,13378152,0.013378152,256,19135.67733420879
40,20,256,3,V2_ORIGINAL,82,12573291,0.012573291,256,20360.61998405986
40,20,256,3,V2_ORIGINAL,83,13359882,0.013359882,256,19161.84589055502
40,20,256,3,V2_ORIGINAL,84,12539672,0.012539672,256,20415.207032528444
40,20,256,3,V2_ORIGINAL,85,13422601,0.013422601,256,19072.309457757106
40,20,256,3,V2_ORIGINAL,86,14177592,0.014177592,256,18056.66293683723
40,20,256,3,V2_ORIGINAL,87,14280772,0.014280772,256,17926.201748756997
40,20,256,3,V2_ORIGINAL,88,12577981,0.012577981,256,20353.028041622896
40,20,256,3,V2_ORIGINAL,89,13514261,0.013514261,256,18942.95218954259
40,20,256,3,V2_ORIGINAL,90,12646062,0.012646062,256,20243.45602607357
40,20,256,3,V2_ORIGINAL,91,13453392,0.013453392,256,19028.658348764387
40,20,256,3,V2_ORIGINAL,92,12815192,0.012815192,256,19976.290640046594
40,20,256,3,V2_ORIGINAL,93,13542912,0.013542912,256,18902.87701788212
40,20,256,3,V2_ORIGINAL,94,12249882,0.012249882,256,20898.16048840307
40,20,256,3,V2_ORIGINAL,95,13490071,0.013490071,256,18976.920136298766
40,20,256,3,V2_ORIGINAL,96,12270952,0.012270952,256,20862.277026264954
40,20,256,3,V2_ORIGINAL,97,13557291,0.013557291,256,18882.828435267784
40,20,256,3,V2_ORIGINAL,98,12436322,0.012436322,256,20584.864238799866
40,20,256,3,V2_ORIGINAL,99,13535082,0.013535082,256,18913.812269478676
40,20,256,3,V2_ORIGINAL,100,12432551,0.012432551,256,20591.10797132463
41,21,8192,2,V3_CLEAN,1,535693762,0.535693762,8192,15292.319196354578
41,21,8192,2,V3_CLEAN,2,538718181,0.538718181,8192,15206.466551385984
41,21,8192,2,V3_CLEAN,3,537676402,0.537676402,8192,15235.929956249038
41,21,8192,2,V3_CLEAN,4,543995932,0.543995932,8192,15058.936139250396
41,21,8192,2,V3_CLEAN,5,538928052,0.538928052,8192,15200.54480296379
41,21,8192,2,V3_CLEAN,6,541189673,0.541189673,8192,15137.022025178223
41,21,8192,2,V3_CLEAN,7,543288012,0.543288012,8192,15078.558368779173
41,21,8192,2,V3_CLEAN,8,542197032,0.542197032,8192,15108.898641112442
41,21,8192,2,V3_CLEAN,9,540114312,0.540114312,8192,15167.159651196207
41,21,8192,2,V3_CLEAN,10,587889149,0.587889149,8192,13934.599769250037
41,21,8192,2,V3_CLEAN,11,540373701,0.540373701,8192,15159.879144451554
41,21,8192,2,V3_CLEAN,12,543436042,0.543436042,8192,15074.45102435808
41,21,8192,2,V3_CLEAN,13,542842533,0.542842533,8192,15090.932456466157
41,21,8192,2,V3_CLEAN,14,547162233,0.547162233,8192,14971.79356675372
41,21,8192,2,V3_CLEAN,15,544920413,0.544920413,8192,15033.38800413043
41,21,8192,2,V3_CLEAN,16,545587443,0.545587443,8192,15015.008327455222
41,21,8192,2,V3_CLEAN,17,542331272,0.542331272,8192,15105.158826245963
41,21,8192,2,V3_CLEAN,18,545526393,0.545526393,8192,15016.688660927903
41,21,8192,2,V3_CLEAN,19,555613494,0.555613494,8192,14744.0623535324
41,21,8192,2,V3_CLEAN,20,545049802,0.545049802,8192,15029.819238426217
42,21,8192,2,V2_ORIGINAL,1,553289104,0.553289104,8192,14806.002758369881
42,21,8192,2,V2_ORIGINAL,2,556334714,0.556334714,8192,14724.948477689279
42,21,8192,2,V2_ORIGINAL,3,565055676,0.565055676,8192,14497.686419134388
42,21,8192,2,V2_ORIGINAL,4,553885094,0.553885094,8192,14790.07124174387
42,21,8192,2,V2_ORIGINAL,5,553839754,0.553839754,8192,14791.28202848364
42,21,8192,2,V2_ORIGINAL,6,558478445,0.558478445,8192,14668.426460040011
42,21,8192,2,V2_ORIGINAL,7,559812554,0.559812554,8192,14633.469616688875
42,21,8192,2,V2_ORIGINAL,8,567006896,0.567006896,8192,14447.796063489148
42,21,8192,2,V2_ORIGINAL,9,562146855,0.562146855,8192,14572.704493739453
42,21,8192,2,V2_ORIGINAL,10,564886155,0.564886155,8192,14502.037140563307
42,21,8192,2,V2_ORIGINAL,11,560100055,0.560100055,8192,14625.958213840917
42,21,8192,2,V2_ORIGINAL,12,557522794,0.557522794,8192,14693.569640849517
42,21,8192,2,V2_ORIGINAL,13,561835005,0.561835005,8192,14580.79316364419
42,21,8192,2,V2_ORIGINAL,14,558543355,0.558543355,8192,14666.721798167307
42,21,8192,2,V2_ORIGINAL,15,578388097,0.578388097,8192,14163.500325284183
42,21,8192,2,V2_ORIGINAL,16,563072345,0.563072345,8192,14548.752167894163
42,21,8192,2,V2_ORIGINAL,17,557218215,0.557218215,8192,14701.601238932937
42,21,8192,2,V2_ORIGINAL,18,564043026,0.564043026,8192,14523.714721011373
42,21,8192,2,V2_ORIGINAL,19,557836104,0.557836104,8192,14685.316961843688
42,21,8192,2,V2_ORIGINAL,20,559096694,0.559096694,8192,14652.206117319665
43,22,8192,4,V2_ORIGINAL,1,533627722,0.533627722,8192,15351.526283711326
43,22,8192,4,V2_ORIGINAL,2,535267312,0.535267312,8192,15304.502659411415
43,22,8192,4,V2_ORIGINAL,3,538141432,0.538141432,8192,15222.763966629502
43,22,8192,4,V2_ORIGINAL,4,542491282,0.542491282,8192,15100.703498494195
43,22,8192,4,V2_ORIGINAL,5,539053512,0.539053512,8192,15197.00700883292
43,22,8192,4,V2_ORIGINAL,6,543280723,0.543280723,8192,15078.760672316364
43,22,8192,4,V2_ORIGINAL,7,583027978,0.583027978,8192,14050.783682974474
43,22,8192,4,V2_ORIGINAL,8,538445822,0.538445822,8192,15214.158352221368
43,22,8192,4,V2_ORIGINAL,9,541331392,0.541331392,8192,15133.05919638963
43,22,8192,4,V2_ORIGINAL,10,532962131,0.532962131,8192,15370.698073105685
43,22,8192,4,V2_ORIGINAL,11,536840631,0.536840631,8192,15259.649748828344
43,22,8192,4,V2_ORIGINAL,12,556045084,0.556045084,8192,14732.618335674379
43,22,8192,4,V2_ORIGINAL,13,537598012,0.537598012,8192,15238.151587509963
43,22,8192,4,V2_ORIGINAL,14,543333653,0.543333653,8192,15077.291742869458
43,22,8192,4,V2_ORIGINAL,15,534225931,0.534225931,8192,15334.336138767474
43,22,8192,4,V2_ORIGINAL,16,543847853,0.543847853,8192,15063.036389333689
43,22,8192,4,V2_ORIGINAL,17,538335072,0.538335072,8192,15217.288313699168
43,22,8192,4,V2_ORIGINAL,18,538635382,0.538635382,8192,15208.804088551315
43,22,8192,4,V2_ORIGINAL,19,568012685,0.568012685,8192,14422.21312363825
43,22,8192,4,V2_ORIGINAL,20,545877623,0.545877623,8192,15007.02658405179
44,22,8192,4,V3_CLEAN,1,534815601,0.534815601,8192,15317.429006712913
44,22,8192,4,V3_CLEAN,2,539201402,0.539201402,8192,15192.838834643831
44,22,8192,4,V3_CLEAN,3,543120892,0.543120892,8192,15083.198088428533
44,22,8192,4,V3_CLEAN,4,540704351,0.540704351,8192,15150.608617906239
44,22,8192,4,V3_CLEAN,5,542575972,0.542575972,8192,15098.346448707096
44,22,8192,4,V3_CLEAN,6,579551657,0.579551657,8192,14135.064408934992
44,22,8192,4,V3_CLEAN,7,534773571,0.534773571,8192,15318.632864899002
44,22,8192,4,V3_CLEAN,8,542190142,0.542190142,8192,15109.090640751634
44,22,8192,4,V3_CLEAN,9,534766831,0.534766831,8192,15318.825935185947
44,22,8192,4,V3_CLEAN,10,543249412,0.543249412,8192,15079.629759452
44,22,8192,4,V3_CLEAN,11,544146823,0.544146823,8192,15054.760321553877
44,22,8192,4,V3_CLEAN,12,541422242,0.541422242,8192,15130.51988728605
44,22,8192,4,V3_CLEAN,13,542085512,0.542085512,8192,15112.006904180093
44,22,8192,4,V3_CLEAN,14,541184263,0.541184263,8192,15137.173343859778
44,22,8192,4,V3_CLEAN,15,542020513,0.542020513,8192,15113.819133262214
44,22,8192,4,V3_CLEAN,16,535641091,0.535641091,8192,15293.82293039949
44,22,8192,4,V3_CLEAN,17,532296031,0.532296031,8192,15389.93252421978
44,22,8192,4,V3_CLEAN,18,538975332,0.538975332,8192,15199.211380605448
44,22,8192,4,V3_CLEAN,19,542893583,0.542893583,8192,15089.513408376388
44,22,8192,4,V3_CLEAN,20,539946573,0.539946573,8192,15171.871458474836
45,23,256,1,V3_CLEAN,1,13694942,0.013694942,256,18693.032799992874
45,23,256,1,V3_CLEAN,2,12323951,0.012323951,256,20772.559059996263
45,23,256,1,V3_CLEAN,3,14385982,0.014385982,256,17795.10081411196
45,23,256,1,V3_CLEAN,4,12585192,0.012585192,256,20341.366266005316
45,23,256,1,V3_CLEAN,5,14489742,0.014489742,256,17667.671377447576
45,23,256,1,V3_CLEAN,6,12381402,0.012381402,256,20676.17221377676
45,23,256,1,V3_CLEAN,7,14577903,0.014577903,256,17560.824763342163
45,23,256,1,V3_CLEAN,8,12673482,0.012673482,256,20199.657836733426
45,23,256,1,V3_CLEAN,9,14484302,0.014484302,256,17674.30698420953
45,23,256,1,V3_CLEAN,10,12446822,0.012446822,256,20567.499077274504
45,23,256,1,V3_CLEAN,11,16103162,0.016103162,256,15897.498888727567
45,23,256,1,V3_CLEAN,12,17078112,0.017078112,256,14989.94736654731
45,23,256,1,V3_CLEAN,13,18824533,0.018824533,256,13599.274946156698
45,23,256,1,V3_CLEAN,14,20413092,0.020413092,256,12540.97125511412
45,23,256,1,V3_CLEAN,15,15456922,0.015456922,256,16562.159011994754
45,23,256,1,V3_CLEAN,16,12448102,0.012448102,256,20565.384184673294
45,23,256,1,V3_CLEAN,17,15842032,0.015842032,256,16159.543169714594
45,23,256,1,V3_CLEAN,18,15258312,0.015258312,256,16777.740552165928
45,23,256,1,V3_CLEAN,19,22149663,0.022149663,256,11557.737921339933
45,23,256,1,V3_CLEAN,20,20578293,0.020578293,256,12440.293274082549
45,23,256,1,V3_CLEAN,21,19592923,0.019592923,256,13065.942228221893
45,23,256,1,V3_CLEAN,22,17822182,0.017822182,256,14364.122193343106
45,23,256,1,V3_CLEAN,23,15116792,0.015116792,256,16934.809978201723
45,23,256,1,V3_CLEAN,24,13102442,0.013102442,256,19538.342547137396
45,23,256,1,V3_CLEAN,25,14466292,0.014466292,256,17696.31084454814
45,23,256,1,V3_CLEAN,26,12289141,0.012289141,256,20831.39903757309
45,23,256,1,V3_CLEAN,27,15451162,0.015451162,256,16568.33317778948
45,23,256,1,V3_CLEAN,28,12234412,0.012234412,256,20924.585505212675
45,23,256,1,V3_CLEAN,29,14634532,0.014634532,256,17492.872337837656
45,23,256,1,V3_CLEAN,30,13138512,0.013138512,256,19484.702681703988
45,23,256,1,V3_CLEAN,31,14478231,0.014478231,256,17681.71816018131
45,23,256,1,V3_CLEAN,32,12564692,0.012564692,256,20374.554346417724
45,23,256,1,V3_CLEAN,33,15154112,0.015154112,256,16893.104657006625
45,23,256,1,V3_CLEAN,34,12513222,0.012513222,256,20458.35996516325
45,23,256,1,V3_CLEAN,35,14441382,0.014441382,256,17726.83528487786
45,23,256,1,V3_CLEAN,36,12203751,0.012203751,256,20977.156941337133
45,23,256,1,V3_CLEAN,37,14606912,0.014606912,256,17525.94935876933
45,23,256,1,V3_CLEAN,38,12550162,0.012550162,256,20398.143067794663
45,23,256,1,V3_CLEAN,39,14293672,0.014293672,256,17910.023400564947
45,23,256,1,V3_CLEAN,40,12136682,0.012136682,256,21093.07964071235
45,23,256,1,V3_CLEAN,41,14505881,0.014505881,256,17648.014622483115
45,23,256,1,V3_CLEAN,42,12203582,0.012203582,256,20977.447441251268
45,23,256,1,V3_CLEAN,43,14464042,0.014464042,256,17699.06365039593
45,23,256,1,V3_CLEAN,44,12141042,0.012141042,256,21085.50485205471
45,23,256,1,V3_CLEAN,45,15188362,0.015188362,256,16855.010434963297
45,23,256,1,V3_CLEAN,46,12236432,0.012236432,256,20921.13125786994
45,23,256,1,V3_CLEAN,47,14317232,0.014317232,256,17880.55121269251
45,23,256,1,V3_CLEAN,48,12289212,0.012289212,256,20831.278685728586
45,23,256,1,V3_CLEAN,49,15118032,0.015118032,256,16933.420963786823
45,23,256,1,V3_CLEAN,50,12549812,0.012549812,256,20398.71194883238
45,23,256,1,V3_CLEAN,51,14906362,0.014906362,256,17173.875154782905
45,23,256,1,V3_CLEAN,52,12858532,0.012858532,256,19908.960058582114
45,23,256,1,V3_CLEAN,53,14808723,0.014808723,256,17287.108415762792
45,23,256,1,V3_CLEAN,54,12339341,0.012339341,256,20746.650894889768
45,23,256,1,V3_CLEAN,55,14617762,0.014617762,256,17512.940763435607
45,23,256,1,V3_CLEAN,56,12491121,0.012491121,256,20494.55769422136
45,23,256,1,V3_CLEAN,57,14594451,0.014594451,256,17540.913323837944
45,23,256,1,V3_CLEAN,58,12308062,0.012308062,256,20799.375238766264
45,23,256,1,V3_CLEAN,59,14763832,0.014763832,256,17339.671705828136
45,23,256,1,V3_CLEAN,60,12919442,0.012919442,256,19815.097277421115
45,23,256,1,V3_CLEAN,61,14602062,0.014602062,256,17531.770512959058
45,23,256,1,V3_CLEAN,62,12340651,0.012340651,256,20744.448570824992
45,23,256,1,V3_CLEAN,63,14671512,0.014671512,256,17448.781011800285
45,23,256,1,V3_CLEAN,64,12708622,0.012708622,256,20143.804733510842
45,23,256,1,V3_CLEAN,65,14679392,0.014679392,256,17439.41438446497
45,23,256,1,V3_CLEAN,66,12491432,0.012491432,256,20494.047439877188
45,23,256,1,V3_CLEAN,67,15018262,0.015018262,256,17045.913834769963
45,23,256,1,V3_CLEAN,68,12957821,0.012957821,256,19756.4081183094
45,23,256,1,V3_CLEAN,69,14984303,0.014984303,256,17084.545073601355
45,23,256,1,V3_CLEAN,70,12350932,0.012350932,256,20727.180750408148
45,23,256,1,V3_CLEAN,71,15392392,0.015392392,256,16631.59306233885
45,23,256,1,V3_CLEAN,72,12355182,0.012355182,256,20720.050906575074
45,23,256,1,V3_CLEAN,73,14433372,0.014433372,256,17736.673038012184
45,23,256,1,V3_CLEAN,74,12770961,0.012770961,256,20045.476609003817
45,23,256,1,V3_CLEAN,75,15088932,0.015088932,256,16966.078182339214
45,23,256,1,V3_CLEAN,76,13459352,0.013459352,256,19020.232177596663
45,23,256,1,V3_CLEAN,77,14365912,0.014365912,256,17819.961586845304
45,23,256,1,V3_CLEAN,78,12683382,0.012683382,256,20183.89101581897
45,23,256,1,V3_CLEAN,79,14633052,0.014633052,256,17494.64158263088
45,23,256,1,V3_CLEAN,80,12500301,0.012500301,256,20479.50685347497
45,23,256,1,V3_CLEAN,81,14412242,0.014412242,256,17762.67703525933
45,23,256,1,V3_CLEAN,82,12439641,0.012439641,256,20579.37202528594
45,23,256,1,V3_CLEAN,83,14570442,0.014570442,256,17569.817030945254
45,23,256,1,V3_CLEAN,84,13843302,0.013843302,256,18492.69776820588
45,23,256,1,V3_CLEAN,85,14700112,0.014700112,256,17414.83330195035
45,23,256,1,V3_CLEAN,86,12651341,0.012651341,256,20235.009079274678
45,23,256,1,V3_CLEAN,87,14776443,0.014776443,256,17324.873110531404
45,23,256,1,V3_CLEAN,88,12271072,0.012271072,256,20862.073012040026
45,23,256,1,V3_CLEAN,89,14504132,0.014504132,256,17650.14273174017
45,23,256,1,V3_CLEAN,90,12338402,0.012338402,256,20748.22979507395
45,23,256,1,V3_CLEAN,91,14350522,0.014350522,256,17839.07233479033
45,23,256,1,V3_CLEAN,92,12232171,0.012232171,256,20928.419002644747
45,23,256,1,V3_CLEAN,93,14407662,0.014407662,256,17768.323548956105
45,23,256,1,V3_CLEAN,94,12313671,0.012313671,256,20789.900915819497
45,23,256,1,V3_CLEAN,95,14421233,0.014421233,256,17751.602792909594
45,23,256,1,V3_CLEAN,96,12462111,0.012462111,256,20542.26607354083
45,23,256,1,V3_CLEAN,97,14692081,0.014692081,256,17424.35261553486
45,23,256,1,V3_CLEAN,98,12303962,0.012303962,256,20806.306131309575
45,23,256,1,V3_CLEAN,99,15033242,0.015033242,256,17028.928291049928
45,23,256,1,V3_CLEAN,100,12350922,0.012350922,256,20727.19753229759
46,23,256,1,V2_ORIGINAL,1,13007302,0.013007302,256,19681.252883957026
46,23,256,1,V2_ORIGINAL,2,11809082,0.011809082,256,21678.230365408588
46,23,256,1,V2_ORIGINAL,3,12910881,0.012910881,256,19828.23635350678
46,23,256,1,V2_ORIGINAL,4,11887542,0.011887542,256,21535.149991478476
46,23,256,1,V2_ORIGINAL,5,12798391,0.012798391,256,20002.514378565244
46,23,256,1,V2_ORIGINAL,6,12075382,0.012075382,256,21200.15747741976
46,23,256,1,V2_ORIGINAL,7,12868112,0.012868112,256,19894.138316483415
46,23,256,1,V2_ORIGINAL,8,11815291,0.011815291,256,21666.838336863646
46,23,256,1,V2_ORIGINAL,9,13111782,0.013111782,256,19524.424673930665
46,23,256,1,V2_ORIGINAL,10,11856231,0.011856231,256,21592.021950314564
46,23,256,1,V2_ORIGINAL,11,12773082,0.012773082,256,20042.148010949903
46,23,256,1,V2_ORIGINAL,12,11866501,0.011866501,256,21573.334886164
46,23,256,1,V2_ORIGINAL,13,13032732,0.013032732,256,19642.850017939447
46,23,256,1,V2_ORIGINAL,14,12048511,0.012048511,256,21247.438791399203
46,23,256,1,V2_ORIGINAL,15,13037511,0.013037511,256,19635.649780084557
46,23,256,1,V2_ORIGINAL,16,12885762,0.012885762,256,19866.88874123238
46,23,256,1,V2_ORIGINAL,17,13281222,0.013281222,256,19275.334754588093
46,23,256,1,V2_ORIGINAL,18,12208912,0.012208912,256,20968.28939384607
46,23,256,1,V2_ORIGINAL,19,13231302,0.013231302,256,19348.05811249717
46,23,256,1,V2_ORIGINAL,20,12295221,0.012295221,256,20821.09788835841
46,23,256,1,V2_ORIGINAL,21,13514022,0.013514022,256,18943.287201989162
46,23,256,1,V2_ORIGINAL,22,12767352,0.012767352,256,20051.142946477863
46,23,256,1,V2_ORIGINAL,23,13165281,0.013165281,256,19445.08438520986
46,23,256,1,V2_ORIGINAL,24,12234402,0.012234402,256,20924.60260828441
46,23,256,1,V2_ORIGINAL,25,13647012,0.013647012,256,18758.685051350436
46,23,256,1,V2_ORIGINAL,26,12551062,0.012551062,256,20396.680376529093
46,23,256,1,V2_ORIGINAL,27,13082812,0.013082812,256,19567.65869600511
46,23,256,1,V2_ORIGINAL,28,12446231,0.012446231,256,20568.475709634506
46,23,256,1,V2_ORIGINAL,29,13086702,0.013086702,256,19561.84224260627
46,23,256,1,V2_ORIGINAL,30,12060852,0.012060852,256,21225.697819689685
46,23,256,1,V2_ORIGINAL,31,13148401,0.013148401,256,19470.048106990347
46,23,256,1,V2_ORIGINAL,32,13542332,0.013542332,256,18903.686602868693
46,23,256,1,V2_ORIGINAL,33,13176152,0.013176152,256,19429.04119503175
46,23,256,1,V2_ORIGINAL,34,11912821,0.011912821,256,21489.45241433578
46,23,256,1,V2_ORIGINAL,35,12899571,0.012899571,256,19845.62122259725
46,23,256,1,V2_ORIGINAL,36,12077081,0.012077081,256,21197.175045857522
46,23,256,1,V2_ORIGINAL,37,13502441,0.013502441,256,18959.534798189452
46,23,256,1,V2_ORIGINAL,38,12216242,0.012216242,256,20955.707982864125
46,23,256,1,V2_ORIGINAL,39,13978482,0.013978482,256,18313.862692672923
46,23,256,1,V2_ORIGINAL,40,12406151,0.012406151,256,20634.925368875487
46,23,256,1,V2_ORIGINAL,41,12945372,0.012945372,256,19775.406994870445
46,23,256,1,V2_ORIGINAL,42,12143691,0.012143691,256,21080.90530300878
46,23,256,1,V2_ORIGINAL,43,13965541,0.013965541,256,18330.833012484087
46,23,256,1,V2_ORIGINAL,44,12021992,0.012021992,256,21294.30796493626
46,23,256,1,V2_ORIGINAL,45,12963882,0.012963882,256,19747.17141053891
46,23,256,1,V2_ORIGINAL,46,11779612,0.011779612,256,21732.464532787668
46,23,256,1,V2_ORIGINAL,47,12914732,0.012914732,256,19822.323839162902
46,23,256,1,V2_ORIGINAL,48,12080002,0.012080002,256,21192.04947151499
46,23,256,1,V2_ORIGINAL,49,12679312,0.012679312,256,20190.369950672404
46,23,256,1,V2_ORIGINAL,50,12374231,0.012374231,256,20688.1542780315
46,23,256,1,V2_ORIGINAL,51,12964102,0.012964102,256,19746.836302275315
46,23,256,1,V2_ORIGINAL,52,12347991,0.012347991,256,20732.117475628223
46,23,256,1,V2_ORIGINAL,53,13397471,0.013397471,256,19108.083906283508
46,23,256,1,V2_ORIGINAL,54,11940052,0.011940052,256,21440.44263793826
46,23,256,1,V2_ORIGINAL,55,13163432,0.013163432,256,19447.81573680785
46,23,256,1,V2_ORIGINAL,56,11979942,0.011979942,256,21369.051703255325
46,23,256,1,V2_ORIGINAL,57,12858572,0.012858572,256,19908.898126479362
46,23,256,1,V2_ORIGINAL,58,11880532,0.011880532,256,21547.856611134925
46,23,256,1,V2_ORIGINAL,59,12686712,0.012686712,256,20178.59316109643
46,23,256,1,V2_ORIGINAL,60,12043261,0.012043261,256,21256.701154280392
46,23,256,1,V2_ORIGINAL,61,12857142,0.012857142,256,19911.112438518605
46,23,256,1,V2_ORIGINAL,62,11834682,0.011834682,256,21631.33745376513
46,23,256,1,V2_ORIGINAL,63,13558822,0.013558822,256,18880.696272876805
46,23,256,1,V2_ORIGINAL,64,13034202,0.013034202,256,19640.63469324781
46,23,256,1,V2_ORIGINAL,65,13449612,0.013449612,256,19034.006334160422
46,23,256,1,V2_ORIGINAL,66,12247282,0.012247282,256,20902.59700070595
46,23,256,1,V2_ORIGINAL,67,12863451,0.012863451,256,19901.34684696976
46,23,256,1,V2_ORIGINAL,68,11945572,0.011945572,256,21430.535097021726
46,23,256,1,V2_ORIGINAL,69,13160142,0.013160142,256,19452.677638280802
46,23,256,1,V2_ORIGINAL,70,12028531,0.012028531,256,21282.731864763868
46,23,256,1,V2_ORIGINAL,71,13371392,0.013371392,256,19145.3515086537
46,23,256,1,V2_ORIGINAL,72,12075811,0.012075811,256,21199.4043298624
46,23,256,1,V2_ORIGINAL,73,12775992,0.012775992,256,20037.582991598618
46,23,256,1,V2_ORIGINAL,74,11775401,0.011775401,256,21740.236277303848
46,23,256,1,V2_ORIGINAL,75,13499232,0.013499232,256,18964.04180623016
46,23,256,1,V2_ORIGINAL,76,12803892,0.012803892,256,19993.920598518012
46,23,256,1,V2_ORIGINAL,77,13093402,0.013093402,256,19551.83228927058
46,23,256,1,V2_ORIGINAL,78,12707102,0.012707102,256,20146.21429811455
46,23,256,1,V2_ORIGINAL,79,13381052,0.013381052,256,19131.530166686447
46,23,256,1,V2_ORIGINAL,80,12566702,0.012566702,256,20371.295507763294
46,23,256,1,V2_ORIGINAL,81,13290282,0.013290282,256,19262.194737478105
46,23,256,1,V2_ORIGINAL,82,12411132,0.012411132,256,20626.643887116825
46,23,256,1,V2_ORIGINAL,83,13273012,0.013273012,256,19287.257481572382
46,23,256,1,V2_ORIGINAL,84,12369752,0.012369752,256,20695.64531285672
46,23,256,1,V2_ORIGINAL,85,14622212,0.014622212,256,17507.611023557856
46,23,256,1,V2_ORIGINAL,86,12036151,0.012036151,256,21269.257921406934
46,23,256,1,V2_ORIGINAL,87,13111002,0.013111002,256,19525.586221403977
46,23,256,1,V2_ORIGINAL,88,12284371,0.012284371,256,20839.487833768613
46,23,256,1,V2_ORIGINAL,89,13127361,0.013127361,256,19501.253907773236
46,23,256,1,V2_ORIGINAL,90,12143122,0.012143122,256,21081.893107884447
46,23,256,1,V2_ORIGINAL,91,13209122,0.013209122,256,19380.54626189386
46,23,256,1,V2_ORIGINAL,92,12283502,0.012283502,256,20840.96212952951
46,23,256,1,V2_ORIGINAL,93,13156322,0.013156322,256,19458.325814767988
46,23,256,1,V2_ORIGINAL,94,12167931,0.012167931,256,21038.909573040808
46,23,256,1,V2_ORIGINAL,95,13134041,0.013134041,256,19491.33553032155
46,23,256,1,V2_ORIGINAL,96,12457382,0.012457382,256,20550.06421092329
46,23,256,1,V2_ORIGINAL,97,12954771,0.012954771,256,19761.059458326203
46,23,256,1,V2_ORIGINAL,98,12017582,0.012017582,256,21302.122173994736
46,23,256,1,V2_ORIGINAL,99,13145102,0.013145102,256,19474.934466084782
46,23,256,1,V2_ORIGINAL,100,12334061,0.012334061,256,20755.532180358114
47,24,64,3,V2_ORIGINAL,1,3056741,0.003056741,64,20937.33162214267
47,24,64,3,V2_ORIGINAL,2,2682150,0.00268215,64,23861.454430214566
47,24,64,3,V2_ORIGINAL,3,3039201,0.003039201,64,21058.166274622836
47,24,64,3,V2_ORIGINAL,4,2666580,0.00266658,64,24000.780025350825
47,24,64,3,V2_ORIGINAL,5,2991530,0.00299153,64,21393.734978422413
47,24,64,3,V2_ORIGINAL,6,2714131,0.002714131,64,23580.29144503342
47,24,64,3,V2_ORIGINAL,7,2916761,0.002916761,64,21942.147471116077
47,24,64,3,V2_ORIGINAL,8,2677351,0.002677351,64,23904.22473556885
47,24,64,3,V2_ORIGINAL,9,3033260,0.00303326,64,21099.411194556353
47,24,64,3,V2_ORIGINAL,10,2630490,0.00263049,64,24330.067782048212
47,24,64,3,V2_ORIGINAL,11,3014970,0.00301497,64,21227.408564596
47,24,64,3,V2_ORIGINAL,12,2689310,0.00268931,64,23797.92586202409
47,24,64,3,V2_ORIGINAL,13,2928901,0.002928901,64,21851.199477210055
47,24,64,3,V2_ORIGINAL,14,2637570,0.00263757,64,24264.758850002083
47,24,64,3,V2_ORIGINAL,15,2952600,0.0029526,64,21675.81114949536
47,24,64,3,V2_ORIGINAL,16,2670771,0.002670771,64,23963.11776636784
47,24,64,3,V2_ORIGINAL,17,2964720,0.00296472,64,21587.198791116865
47,24,64,3,V2_ORIGINAL,18,2657900,0.0026579,64,24079.160239286655
47,24,64,3,V2_ORIGINAL,19,2983410,0.00298341,64,21451.9626869924
47,24,64,3,V2_ORIGINAL,20,2727490,0.00272749,64,23464.79730448141
47,24,64,3,V2_ORIGINAL,21,2992820,0.00299282,64,21384.51360255545
47,24,64,3,V2_ORIGINAL,22,2787360,0.00278736,64,22960.794443487746
47,24,64,3,V2_ORIGINAL,23,2987241,0.002987241,64,21424.45152567202
47,24,64,3,V2_ORIGINAL,24,2735911,0.002735911,64,23392.573808139226
47,24,64,3,V2_ORIGINAL,25,2972170,0.00297217,64,21533.0886187533
47,24,64,3,V2_ORIGINAL,26,2754881,0.002754881,64,23231.493483747574
47,24,64,3,V2_ORIGINAL,27,3092180,0.00309218,64,20697.37208053865
47,24,64,3,V2_ORIGINAL,28,2747690,0.00274769,64,23292.29279867816
47,24,64,3,V2_ORIGINAL,29,3032390,0.00303239,64,21105.464666484193
47,24,64,3,V2_ORIGINAL,30,2640670,0.00264067,64,24236.273370015944
47,24,64,3,V2_ORIGINAL,31,2950761,0.002950761,64,21689.3201448711
47,24,64,3,V2_ORIGINAL,32,2676700,0.0026767,64,23910.038480218176
47,24,64,3,V2_ORIGINAL,33,3160401,0.003160401,64,20250.594782117838
47,24,64,3,V2_ORIGINAL,34,2670000,0.00267,64,23970.03745318352
47,24,64,3,V2_ORIGINAL,35,3001940,0.00300194,64,21319.54669313844
47,24,64,3,V2_ORIGINAL,36,2665521,0.002665521,64,24010.315431767373
47,24,64,3,V2_ORIGINAL,37,2957940,0.00295794,64,21636.67958105979
47,24,64,3,V2_ORIGINAL,38,2700131,0.002700131,64,23702.553690913515
47,24,64,3,V2_ORIGINAL,39,3649341,0.003649341,64,17537.412919209248
47,24,64,3,V2_ORIGINAL,40,2911370,0.00291137,64,21982.777867464458
47,24,64,3,V2_ORIGINAL,41,3100670,0.00310067,64,20640.7002357555
47,24,64,3,V2_ORIGINAL,42,2871790,0.00287179,64,22285.75209190087
47,24,64,3,V2_ORIGINAL,43,3189510,0.00318951,64,20065.778128928894
47,24,64,3,V2_ORIGINAL,44,2857861,0.002857861,64,22394.371174805212
47,24,64,3,V2_ORIGINAL,45,3092850,0.00309285,64,20692.888436231955
47,24,64,3,V2_ORIGINAL,46,2837780,0.00283778,64,22552.840600751293
47,24,64,3,V2_ORIGINAL,47,3129261,0.003129261,64,20452.113134698575
47,24,64,3,V2_ORIGINAL,48,2799170,0.00279917,64,22863.920376397287
47,24,64,3,V2_ORIGINAL,49,3058771,0.003058771,64,20923.436242857017
47,24,64,3,V2_ORIGINAL,50,2765360,0.00276536,64,23143.46052593514
47,24,64,3,V2_ORIGINAL,51,3141050,0.00314105,64,20375.352191146274
47,24,64,3,V2_ORIGINAL,52,2833201,0.002833201,64,22589.290346855025
47,24,64,3,V2_ORIGINAL,53,3038980,0.00303898,64,21059.697661715443
47,24,64,3,V2_ORIGINAL,54,2782960,0.00278296,64,22997.09661655216
47,24,64,3,V2_ORIGINAL,55,3198381,0.003198381,64,20010.12387204651
47,24,64,3,V2_ORIGINAL,56,2792660,0.00279266,64,22917.21870904442
47,24,64,3,V2_ORIGINAL,57,3022181,0.003022181,64,21176.7594330055
47,24,64,3,V2_ORIGINAL,58,2754760,0.00275476,64,23232.51390320754
47,24,64,3,V2_ORIGINAL,59,3061710,0.00306171,64,20903.351395135396
47,24,64,3,V2_ORIGINAL,60,2683120,0.00268312,64,23852.828050925786
47,24,64,3,V2_ORIGINAL,61,3058060,0.00305806,64,20928.300948967644
47,24,64,3,V2_ORIGINAL,62,2731381,0.002731381,64,23431.370431294643
47,24,64,3,V2_ORIGINAL,63,3078470,0.00307847,64,20789.548054715495
47,24,64,3,V2_ORIGINAL,64,2793481,0.002793481,64,22910.483371821752
47,24,64,3,V2_ORIGINAL,65,3246590,0.00324659,64,19712.991169195986
47,24,64,3,V2_ORIGINAL,66,2765690,0.00276569,64,23140.699066055848
47,24,64,3,V2_ORIGINAL,67,3043760,0.00304376,64,21026.62496386049
47,24,64,3,V2_ORIGINAL,68,2828160,0.00282816,64,22629.5541977823
47,24,64,3,V2_ORIGINAL,69,3114601,0.003114601,64,20548.378427927044
47,24,64,3,V2_ORIGINAL,70,2681131,0.002681131,64,23870.523297817228
47,24,64,3,V2_ORIGINAL,71,2977040,0.00297704,64,21497.8636497998
47,24,64,3,V2_ORIGINAL,72,2716481,0.002716481,64,23559.89237546664
47,24,64,3,V2_ORIGINAL,73,3054140,0.00305414,64,20955.162500736707
47,24,64,3,V2_ORIGINAL,74,2716910,0.00271691,64,23556.172269232327
47,24,64,3,V2_ORIGINAL,75,3006621,0.003006621,64,21286.354349284462
47,24,64,3,V2_ORIGINAL,76,2766550,0.00276655,64,23133.505629755473
47,24,64,3,V2_ORIGINAL,77,3173511,0.003173511,64,20166.938132560437
47,24,64,3,V2_ORIGINAL,78,2811720,0.00281172,64,22761.868180330897
47,24,64,3,V2_ORIGINAL,79,3936760,0.00393676,64,16257.023542202216
47,24,64,3,V2_ORIGINAL,80,3129001,0.003129001,64,20453.81257468438
47,24,64,3,V2_ORIGINAL,81,3147550,0.00314755,64,20333.275086972408
47,24,64,3,V2_ORIGINAL,82,2800871,0.002800871,64,22850.034864154757
47,24,64,3,V2_ORIGINAL,83,3097820,0.00309782,64,20659.68971728506
47,24,64,3,V2_ORIGINAL,84,2760570,0.00276057,64,23183.617876018357
47,24,64,3,V2_ORIGINAL,85,3081421,0.003081421,64,20769.63842331184
47,24,64,3,V2_ORIGINAL,86,2780130,0.00278013,64,23020.506235319932
47,24,64,3,V2_ORIGINAL,87,3008820,0.00300882,64,21270.79718959592
47,24,64,3,V2_ORIGINAL,88,2774211,0.002774211,64,23069.622317841
47,24,64,3,V2_ORIGINAL,89,2999340,0.00299934,64,21338.027699427206
47,24,64,3,V2_ORIGINAL,90,2678101,0.002678101,64,23897.530376935
47,24,64,3,V2_ORIGINAL,91,3042460,0.00304246,64,21035.60934244
47,24,64,3,V2_ORIGINAL,92,2941060,0.00294106,64,21760.86173012451
47,24,64,3,V2_ORIGINAL,93,3071311,0.003071311,64,20838.00696184789
47,24,64,3,V2_ORIGINAL,94,2711020,0.00271102,64,23607.350738836303
47,24,64,3,V2_ORIGINAL,95,3041101,0.003041101,64,21045.00968563688
47,24,64,3,V2_ORIGINAL,96,2763060,0.00276306,64,23162.725384175516
47,24,64,3,V2_ORIGINAL,97,2983081,0.002983081,64,21454.32859516721
47,24,64,3,V2_ORIGINAL,98,2683750,0.00268375,64,23847.22869119702
47,24,64,3,V2_ORIGINAL,99,3018250,0.00301825,64,21204.340263397662
47,24,64,3,V2_ORIGINAL,100,2738511,0.002738511,64,23370.364406058623
47,24,64,3,V2_ORIGINAL,101,3042380,0.00304238,64,21036.16247805994
47,24,64,3,V2_ORIGINAL,102,2679171,0.002679171,64,23887.986246491917
47,24,64,3,V2_ORIGINAL,103,3004651,0.003004651,64,21300.310751564823
47,24,64,3,V2_ORIGINAL,104,2649550,0.00264955,64,24155.045196354098
47,24,64,3,V2_ORIGINAL,105,3042451,0.003042451,64,21035.67156874507
47,24,64,3,V2_ORIGINAL,106,2645880,0.00264588,64,24188.549745264332
47,24,64,3,V2_ORIGINAL,107,3058140,0.00305814,64,20927.753471064112
47,24,64,3,V2_ORIGINAL,108,2767770,0.00276777,64,23123.308656427376
47,24,64,3,V2_ORIGINAL,109,3042100,0.0030421,64,21038.09868183163
47,24,64,3,V2_ORIGINAL,110,2785491,0.002785491,64,22976.200605207483
47,24,64,3,V2_ORIGINAL,111,3125181,0.003125181,64,20478.81386710082
47,24,64,3,V2_ORIGINAL,112,2790451,0.002790451,64,22935.36062808485
47,24,64,3,V2_ORIGINAL,113,3054631,0.003054631,64,20951.794177430926
47,24,64,3,V2_ORIGINAL,114,2740270,0.00274027,64,23355.362792717508
47,24,64,3,V2_ORIGINAL,115,3103291,0.003103291,64,20623.267363582723
47,24,64,3,V2_ORIGINAL,116,2720810,0.00272081,64,23522.40693028914
47,24,64,3,V2_ORIGINAL,117,3017930,0.00301793,64,21206.5886220025
47,24,64,3,V2_ORIGINAL,118,2796431,0.002796431,64,22886.314734745825
47,24,64,3,V2_ORIGINAL,119,3207970,0.00320797,64,19950.311256027955
47,24,64,3,V2_ORIGINAL,120,2702931,0.002702931,64,23677.999919346814
47,24,64,3,V2_ORIGINAL,121,2993341,0.002993341,64,21380.791563674167
47,24,64,3,V2_ORIGINAL,122,2743910,0.00274391,64,23324.38017281908
47,24,64,3,V2_ORIGINAL,123,2993141,0.002993141,64,21382.2202161542
47,24,64,3,V2_ORIGINAL,124,2745270,0.00274527,64,23312.825332298824
47,24,64,3,V2_ORIGINAL,125,2987211,0.002987211,64,21424.666687421814
47,24,64,3,V2_ORIGINAL,126,2797250,0.00279725,64,22879.61390651533
47,24,64,3,V2_ORIGINAL,127,2999420,0.00299942,64,21337.458575324563
47,24,64,3,V2_ORIGINAL,128,2751771,0.002751771,64,23257.749282189543
47,24,64,3,V2_ORIGINAL,129,2973950,0.00297395,64,21520.20040686629
47,24,64,3,V2_ORIGINAL,130,2670160,0.00267016,64,23968.601132516404
47,24,64,3,V2_ORIGINAL,131,3987641,0.003987641,64,16049.589218287203
47,24,64,3,V2_ORIGINAL,132,3004520,0.00300452,64,21301.23946587142
47,24,64,3,V2_ORIGINAL,133,3198070,0.00319807,64,20012.069779585814
47,24,64,3,V2_ORIGINAL,134,2857471,0.002857471,64,22397.427655433774
47,24,64,3,V2_ORIGINAL,135,2986440,0.00298644,64,21430.197827513697
47,24,64,3,V2_ORIGINAL,136,2727341,0.002727341,64,23466.079232483215
47,24,64,3,V2_ORIGINAL,137,3148391,0.003148391,64,20327.84365093154
47,24,64,3,V2_ORIGINAL,138,2722681,0.002722681,64,23506.24256018241
47,24,64,3,V2_ORIGINAL,139,3054861,0.003054861,64,20950.216720171557
47,24,64,3,V2_ORIGINAL,140,2746150,0.00274615,64,23305.35476940444
47,24,64,3,V2_ORIGINAL,141,3065930,0.00306593,64,20874.579654460475
47,24,64,3,V2_ORIGINAL,142,2728650,0.00272865,64,23454.821981565976
47,24,64,3,V2_ORIGINAL,143,3059080,0.00305908,64,20921.32275063091
47,24,64,3,V2_ORIGINAL,144,2854831,0.002854831,64,22418.139637687837
47,24,64,3,V2_ORIGINAL,145,3068620,0.00306862,64,20856.28067339716
47,24,64,3,V2_ORIGINAL,146,2856781,0.002856781,64,22402.837319346494
47,24,64,3,V2_ORIGINAL,147,3123830,0.00312383,64,20487.6705838666
47,24,64,3,V2_ORIGINAL,148,2718460,0.00271846,64,23542.741110775954
47,24,64,3,V2_ORIGINAL,149,3734961,0.003734961,64,17135.386420366904
47,24,64,3,V2_ORIGINAL,150,3033510,0.00303351,64,21097.672333369595
48,24,64,3,V3_CLEAN,1,4429520,0.00442952,64,14448.518123859922
48,24,64,3,V3_CLEAN,2,2864911,0.002864911,64,22339.262895077718
48,24,64,3,V3_CLEAN,3,3434411,0.003434411,64,18634.927502852745
48,24,64,3,V3_CLEAN,4,2743161,0.002743161,64,23330.748723826273
48,24,64,3,V3_CLEAN,5,3484330,0.00348433,64,18367.950222854895
48,24,64,3,V3_CLEAN,6,2731411,0.002731411,64,23431.113076721154
48,24,64,3,V3_CLEAN,7,3375100,0.0033751,64,18962.401114041066
48,24,64,3,V3_CLEAN,8,2704071,0.002704071,64,23668.017592733326
48,24,64,3,V3_CLEAN,9,3355631,0.003355631,64,19072.418868463188
48,24,64,3,V3_CLEAN,10,2750361,0.002750361,64,23269.67259934241
48,24,64,3,V3_CLEAN,11,3359131,0.003359131,64,19052.546625898187
48,24,64,3,V3_CLEAN,12,2836850,0.00283685,64,22560.234062428397
48,24,64,3,V3_CLEAN,13,3472890,0.00347289,64,18428.45583937297
48,24,64,3,V3_CLEAN,14,2706170,0.00270617,64,23649.65985137667
48,24,64,3,V3_CLEAN,15,3466960,0.00346696,64,18459.97646353001
48,24,64,3,V3_CLEAN,16,2744931,0.002744931,64,23315.704474903014
48,24,64,3,V3_CLEAN,17,3352660,0.00335266,64,19089.320121933033
48,24,64,3,V3_CLEAN,18,2766231,0.002766231,64,23136.173370915156
48,24,64,3,V3_CLEAN,19,3370760,0.00337076,64,18986.816029619433
48,24,64,3,V3_CLEAN,20,2668850,0.00266885,64,23980.36607527587
48,24,64,3,V3_CLEAN,21,3828611,0.003828611,64,16716.245134332006
48,24,64,3,V3_CLEAN,22,2782640,0.00278264,64,22999.741252910906
48,24,64,3,V3_CLEAN,23,3349851,0.003349851,64,19105.32737127711
48,24,64,3,V3_CLEAN,24,2710190,0.00271019,64,23614.58052756449
48,24,64,3,V3_CLEAN,25,3508421,0.003508421,64,18241.824456072976
48,24,64,3,V3_CLEAN,26,2847440,0.00284744,64,22476.32961537381
48,24,64,3,V3_CLEAN,27,3302741,0.003302741,64,19377.844039238924
48,24,64,3,V3_CLEAN,28,2686970,0.00268697,64,23818.650747868418
48,24,64,3,V3_CLEAN,29,3358350,0.00335835,64,19056.97738472762
48,24,64,3,V3_CLEAN,30,2728831,0.002728831,64,23453.266252105754
48,24,64,3,V3_CLEAN,31,3330301,0.003330301,64,19217.48214350595
48,24,64,3,V3_CLEAN,32,2844930,0.00284493,64,22496.15983521563
48,24,64,3,V3_CLEAN,33,3604281,0.003604281,64,17756.662147041254
48,24,64,3,V3_CLEAN,34,2760280,0.00276028,64,23186.053588766357
48,24,64,3,V3_CLEAN,35,3413111,0.003413111,64,18751.2213930341
48,24,64,3,V3_CLEAN,36,2841220,0.00284122,64,22525.53480547089
48,24,64,3,V3_CLEAN,37,3401210,0.00340121,64,18816.832833021188
48,24,64,3,V3_CLEAN,38,2862091,0.002862091,64,22361.273628266885
48,24,64,3,V3_CLEAN,39,3554290,0.00355429,64,18006.40915625906
48,24,64,3,V3_CLEAN,40,2790161,0.002790161,64,22937.744452739465
48,24,64,3,V3_CLEAN,41,3528670,0.00352867,64,18137.145156673763
48,24,64,3,V3_CLEAN,42,2803460,0.00280346,64,22828.93281873114
48,24,64,3,V3_CLEAN,43,3418451,0.003418451,64,18721.92990333926
48,24,64,3,V3_CLEAN,44,2789090,0.00278909,64,22946.55245976286
48,24,64,3,V3_CLEAN,45,3474481,0.003474481,64,18420.017263009926
48,24,64,3,V3_CLEAN,46,2708890,0.00270889,64,23625.913196918296
48,24,64,3,V3_CLEAN,47,3468271,0.003468271,64,18452.998626693243
48,24,64,3,V3_CLEAN,48,2811670,0.00281167,64,22762.272955218785
48,24,64,3,V3_CLEAN,49,3521221,0.003521221,64,18175.513550555333
48,24,64,3,V3_CLEAN,50,3226900,0.0032269,64,19833.276519259973
48,24,64,3,V3_CLEAN,51,3518951,0.003518951,64,18187.23818547061
48,24,64,3,V3_CLEAN,52,2837830,0.00283783,64,22552.44324008133
48,24,64,3,V3_CLEAN,53,3439661,0.003439661,64,18606.48476695814
48,24,64,3,V3_CLEAN,54,2756150,0.00275615,64,23220.797126426354
48,24,64,3,V3_CLEAN,55,3327000,0.003327,64,19236.54944394349
48,24,64,3,V3_CLEAN,56,2773981,0.002773981,64,23071.53509703203
48,24,64,3,V3_CLEAN,57,3428860,0.00342886,64,18665.095687779612
48,24,64,3,V3_CLEAN,58,2769431,0.002769431,64,23109.440170201025
48,24,64,3,V3_CLEAN,59,3550970,0.00355097,64,18023.244352951446
48,24,64,3,V3_CLEAN,60,2756540,0.00275654,64,23217.511808281397
48,24,64,3,V3_CLEAN,61,3438700,0.0034387,64,18611.68464826824
48,24,64,3,V3_CLEAN,62,2780910,0.00278091,64,23014.049357943983
48,24,64,3,V3_CLEAN,63,3409101,0.003409101,64,18773.27776443115
48,24,64,3,V3_CLEAN,64,2816340,0.00281634,64,22724.528998629426
48,24,64,3,V3_CLEAN,65,3459911,0.003459911,64,18497.58563153792
48,24,64,3,V3_CLEAN,66,2899870,0.00289987,64,22069.95486004545
48,24,64,3,V3_CLEAN,67,3373160,0.00337316,64,18973.306928814523
48,24,64,3,V3_CLEAN,68,2793661,0.002793661,64,22909.007213115696
48,24,64,3,V3_CLEAN,69,3537170,0.00353717,64,18093.560671384184
48,24,64,3,V3_CLEAN,70,2817581,0.002817581,64,22714.520008475356
48,24,64,3,V3_CLEAN,71,3465320,0.00346532,64,18468.71284614408
48,24,64,3,V3_CLEAN,72,2845860,0.00284586,64,22488.808303992468
48,24,64,3,V3_CLEAN,73,3390100,0.0033901,64,18878.499159316834
48,24,64,3,V3_CLEAN,74,2719560,0.00271956,64,23533.218608892614
48,24,64,3,V3_CLEAN,75,3385031,0.003385031,64,18906.769243767634
48,24,64,3,V3_CLEAN,76,2835880,0.00283588,64,22567.950689027744
48,24,64,3,V3_CLEAN,77,3505961,0.003505961,64,18254.624053148338
48,24,64,3,V3_CLEAN,78,2815371,0.002815371,64,22732.350372295514
48,24,64,3,V3_CLEAN,79,3603420,0.00360342,64,17760.904918105578
48,24,64,3,V3_CLEAN,80,2778520,0.00277852,64,23033.84535652074
48,24,64,3,V3_CLEAN,81,3350410,0.00335041,64,19102.139738121605
48,24,64,3,V3_CLEAN,82,2792831,0.002792831,64,22915.81552911723
48,24,64,3,V3_CLEAN,83,3474820,0.00347482,64,18418.220224356945
48,24,64,3,V3_CLEAN,84,2749611,0.002749611,64,23276.019771524047
48,24,64,3,V3_CLEAN,85,3427141,0.003427141,64,18674.457806083847
48,24,64,3,V3_CLEAN,86,2828481,0.002828481,64,22626.98600414852
48,24,64,3,V3_CLEAN,87,3458270,0.00345827,64,18506.363008093642
48,24,64,3,V3_CLEAN,88,2773760,0.00277376,64,23073.373327180434
48,24,64,3,V3_CLEAN,89,3555651,0.003555651,64,17999.516825470215
48,24,64,3,V3_CLEAN,90,2882810,0.00288281,64,22200.561257939302
48,24,64,3,V3_CLEAN,91,3511620,0.00351162,64,18225.20659980294
48,24,64,3,V3_CLEAN,92,2951230,0.00295123,64,21685.873347722812
48,24,64,3,V3_CLEAN,93,3398850,0.00339885,64,18829.898347970637
48,24,64,3,V3_CLEAN,94,2821550,0.00282155,64,22682.568092006168
48,24,64,3,V3_CLEAN,95,3415841,0.003415841,64,18736.23508822571
48,24,64,3,V3_CLEAN,96,2843470,0.00284347,64,22507.710649312285
48,24,64,3,V3_CLEAN,97,3482750,0.00348275,64,18376.283109611657
48,24,64,3,V3_CLEAN,98,2851700,0.0028517,64,22442.753445313323
48,24,64,3,V3_CLEAN,99,3517840,0.00351784,64,18192.982057171448
48,24,64,3,V3_CLEAN,100,2885000,0.002885,64,22183.70883882149
48,24,64,3,V3_CLEAN,101,3423101,0.003423101,64,18696.497707780167
48,24,64,3,V3_CLEAN,102,2791451,0.002791451,64,22927.144341777806
48,24,64,3,V3_CLEAN,103,3597430,0.00359743,64,17790.47820249456
48,24,64,3,V3_CLEAN,104,2767811,0.002767811,64,23122.9661273837
48,24,64,3,V3_CLEAN,105,3427640,0.00342764,64,18671.739155803993
48,24,64,3,V3_CLEAN,106,2922861,0.002922861,64,21896.354291223564
48,24,64,3,V3_CLEAN,107,3427330,0.00342733,64,18673.428003723013
48,24,64,3,V3_CLEAN,108,2817931,0.002817931,64,22711.698760544525
48,24,64,3,V3_CLEAN,109,3565581,0.003565581,64,17949.38889342298
48,24,64,3,V3_CLEAN,110,2793030,0.00279303,64,22914.18280505401
48,24,64,3,V3_CLEAN,111,3403191,0.003403191,64,18805.879540701655
48,24,64,3,V3_CLEAN,112,2854310,0.00285431,64,22422.23164267371
48,24,64,3,V3_CLEAN,113,3453761,0.003453761,64,18530.523681285416
48,24,64,3,V3_CLEAN,114,2943260,0.00294326,64,21744.59612810285
48,24,64,3,V3_CLEAN,115,3616260,0.00361626,64,17697.842522385006
48,24,64,3,V3_CLEAN,116,2807491,0.002807491,64,22796.15500103117
48,24,64,3,V3_CLEAN,117,3469920,0.00346992,64,18444.229261769724
48,24,64,3,V3_CLEAN,118,2883131,0.002883131,64,22198.089507552726
48,24,64,3,V3_CLEAN,119,3519970,0.00351997,64,18181.97314181655
48,24,64,3,V3_CLEAN,120,2810110,0.00281011,64,22774.909167256796
48,24,64,3,V3_CLEAN,121,3418521,0.003418521,64,18721.546540155818
48,24,64,3,V3_CLEAN,122,2863070,0.00286307,64,22353.627399958783
48,24,64,3,V3_CLEAN,123,3384621,0.003384621,64,18909.05953724213
48,24,64,3,V3_CLEAN,124,2758800,0.0027588,64,23198.49209801363
48,24,64,3,V3_CLEAN,125,3369840,0.00336984,64,18991.999620160008
48,24,64,3,V3_CLEAN,126,2848550,0.00284855,64,22467.57122044549
48,24,64,3,V3_CLEAN,127,3381040,0.00338104,64,18929.086908170266
48,24,64,3,V3_CLEAN,128,2772410,0.00277241,64,23084.60869784772
48,24,64,3,V3_CLEAN,129,3580061,0.003580061,64,17876.79036753843
48,24,64,3,V3_CLEAN,130,2814280,0.00281428,64,22741.162926219138
48,24,64,3,V3_CLEAN,131,3526001,0.003526001,64,18150.87403548666
48,24,64,3,V3_CLEAN,132,2836720,0.00283672,64,22561.267943258412
48,24,64,3,V3_CLEAN,133,3467461,0.003467461,64,18457.309253081723
48,24,64,3,V3_CLEAN,134,2858430,0.00285843,64,22389.913344038512
48,24,64,3,V3_CLEAN,135,3493401,0.003493401,64,18320.255819472197
48,24,64,3,V3_CLEAN,136,2778431,0.002778431,64,23034.583187417647
48,24,64,3,V3_CLEAN,137,3363781,0.003363781,64,19026.208900044323
48,24,64,3,V3_CLEAN,138,2769811,0.002769811,64,23106.26970576693
48,24,64,3,V3_CLEAN,139,3541090,0.00354109,64,18073.531031405582
48,24,64,3,V3_CLEAN,140,2735371,0.002735371,64,23397.19182516741
48,24,64,3,V3_CLEAN,141,3535090,0.00353509,64,18104.206682149535
48,24,64,3,V3_CLEAN,142,2809560,0.00280956,64,22779.367587807345
48,24,64,3,V3_CLEAN,143,3434341,0.003434341,64,18635.30732679137
48,24,64,3,V3_CLEAN,144,2803930,0.00280393,64,22825.106190240127
48,24,64,3,V3_CLEAN,145,3448331,0.003448331,64,18559.70323034535
48,24,64,3,V3_CLEAN,146,2779460,0.00277946,64,23026.05542083714
48,24,64,3,V3_CLEAN,147,3380000,0.00338,64,18934.91124260355
48,24,64,3,V3_CLEAN,148,2720780,0.00272078,64,23522.66629422445
48,24,64,3,V3_CLEAN,149,3596990,0.00359699,64,17792.65441382934
48,24,64,3,V3_CLEAN,150,2724381,0.002724381,64,23491.574783409516
49,25,8192,5,V3_CLEAN,1,535639631,0.535639631,8192,15293.864616974168
49,25,8192,5,V3_CLEAN,2,536532402,0.536532402,8192,15268.416165478857
49,25,8192,5,V3_CLEAN,3,536525971,0.536525971,8192,15268.599178398394
49,25,8192,5,V3_CLEAN,4,534426371,0.534426371,8192,15328.584898741832
49,25,8192,5,V3_CLEAN,5,530877761,0.530877761,8192,15431.047600428681
49,25,8192,5,V3_CLEAN,6,539288002,0.539288002,8192,15190.399136675025
49,25,8192,5,V3_CLEAN,7,543708832,0.543708832,8192,15066.887859566717
49,25,8192,5,V3_CLEAN,8,542722713,0.542722713,8192,15094.26416800802
49,25,8192,5,V3_CLEAN,9,537502121,0.537502121,8192,15240.87009137588
49,25,8192,5,V3_CLEAN,10,544676073,0.544676073,8192,15040.131935444868
49,25,8192,5,V3_CLEAN,11,543753573,0.543753573,8192,15065.648129543417
49,25,8192,5,V3_CLEAN,12,571971077,0.571971077,8192,14322.402529455172
49,25,8192,5,V3_CLEAN,13,532479601,0.532479601,8192,15384.626912684304
49,25,8192,5,V3_CLEAN,14,542235462,0.542235462,8192,15107.827824068063
49,25,8192,5,V3_CLEAN,15,542144092,0.542144092,8192,15110.374014737026
49,25,8192,5,V3_CLEAN,16,548680794,0.548680794,8192,14930.356756755731
49,25,8192,5,V3_CLEAN,17,546021103,0.546021103,8192,15003.083131752146
49,25,8192,5,V3_CLEAN,18,543328873,0.543328873,8192,15077.424387126212
49,25,8192,5,V3_CLEAN,19,541369662,0.541369662,8192,15131.989424261457
49,25,8192,5,V3_CLEAN,20,547648263,0.547648263,8192,14958.506314115708
50,25,8192,5,V2_ORIGINAL,1,538535442,0.538535442,8192,15211.6264986697
50,25,8192,5,V2_ORIGINAL,2,539880022,0.539880022,8192,15173.741694779736
50,25,8192,5,V2_ORIGINAL,3,546785823,0.546785823,8192,14982.100221716977
50,25,8192,5,V2_ORIGINAL,4,550852414,0.550852414,8192,14871.496959619388
50,25,8192,5,V2_ORIGINAL,5,539496372,0.539496372,8192,15184.532139912148
50,25,8192,5,V2_ORIGINAL,6,545099632,0.545099632,8192,15028.445295299704
50,25,8192,5,V2_ORIGINAL,7,543789762,0.543789762,8192,15064.645516441335
50,25,8192,5,V2_ORIGINAL,8,544531523,0.544531523,8192,15044.12445190983
50,25,8192,5,V2_ORIGINAL,9,546444103,0.546444103,8192,14991.469310448392
50,25,8192,5,V2_ORIGINAL,10,545282193,0.545282193,8192,15023.413757434033
50,25,8192,5,V2_ORIGINAL,11,563171805,0.563171805,8192,14546.18275856335
50,25,8192,5,V2_ORIGINAL,12,572093756,0.572093756,8192,14319.331253110198
50,25,8192,5,V2_ORIGINAL,13,554104564,0.554104564,8192,14784.21318327203
50,25,8192,5,V2_ORIGINAL,14,558775555,0.558775555,8192,14660.627020450098
50,25,8192,5,V2_ORIGINAL,15,554031653,0.554031653,8192,14786.158797320557
50,25,8192,5,V2_ORIGINAL,16,544935973,0.544935973,8192,15032.958743577019
50,25,8192,5,V2_ORIGINAL,17,547917043,0.547917043,8192,14951.168438102408
50,25,8192,5,V2_ORIGINAL,18,560481465,0.560481465,8192,14616.005187611334
50,25,8192,5,V2_ORIGINAL,19,551930234,0.551930234,8192,14842.455613692655
50,25,8192,5,V2_ORIGINAL,20,549016554,0.549016554,8192,14921.225854330067
