split,clean_position,binary_label
RANDOM_NATURAL,221,1
RANDOM_NATURAL,498,1
RANDOM_NATURAL,1058,1
RANDOM_NATURAL,1788,1
RANDOM_NATURAL,2400,1
RANDOM_NATURAL,3048,1
RANDOM_NATURAL,3136,1
RANDOM_NATURAL,3613,1
RANDOM_NATURAL,3908,1
RANDOM_NATURAL,4474,1
RANDOM_NATURAL,7263,1
RANDOM_NATURAL,8420,1
RANDOM_NATURAL,8565,1
RANDOM_NATURAL,8596,1
RANDOM_NATURAL,9833,1
RANDOM_NATURAL,10005,1
RANDOM_NATURAL,10605,1
RANDOM_NATURAL,10651,1
RANDOM_NATURAL,11260,1
RANDOM_NATURAL,11994,1
RANDOM_NATURAL,12550,1
RANDOM_NATURAL,13309,1
RANDOM_NATURAL,13347,1
RANDOM_NATURAL,14758,1
RANDOM_NATURAL,15842,1
RANDOM_NATURAL,15893,1
RANDOM_NATURAL,17411,1
RANDOM_NATURAL,18763,1
RANDOM_NATURAL,19238,1
RANDOM_NATURAL,19295,1
RANDOM_NATURAL,19980,1
RANDOM_NATURAL,20271,1
RANDOM_NATURAL,20993,1
RANDOM_NATURAL,21381,1
RANDOM_NATURAL,22005,1
RANDOM_NATURAL,22973,1
RANDOM_NATURAL,23349,1
RANDOM_NATURAL,23548,1
RANDOM_NATURAL,24517,1
RANDOM_NATURAL,24822,1
RANDOM_NATURAL,25361,1
RANDOM_NATURAL,25776,1
RANDOM_NATURAL,26715,1
RANDOM_NATURAL,27982,1
RANDOM_NATURAL,28350,1
RANDOM_NATURAL,29317,1
RANDOM_NATURAL,29537,1
RANDOM_NATURAL,31300,1
RANDOM_NATURAL,31506,1
RANDOM_NATURAL,32690,1
RANDOM_NATURAL,32859,1
RANDOM_NATURAL,33426,1
RANDOM_NATURAL,33708,1
RANDOM_NATURAL,33975,1
RANDOM_NATURAL,34003,1
RANDOM_NATURAL,35203,1
RANDOM_NATURAL,35224,1
RANDOM_NATURAL,35284,1
RANDOM_NATURAL,37248,1
RANDOM_NATURAL,38091,1
RANDOM_NATURAL,39388,1
RANDOM_NATURAL,40311,1
RANDOM_NATURAL,42520,1
RANDOM_NATURAL,42549,1
RANDOM_NATURAL,43178,1
RANDOM_NATURAL,43501,1
RANDOM_NATURAL,43565,1
RANDOM_NATURAL,43792,1
RANDOM_NATURAL,44237,1
RANDOM_NATURAL,44671,1
RANDOM_NATURAL,44989,1
RANDOM_NATURAL,45075,1
RANDOM_NATURAL,45107,1
RANDOM_NATURAL,46106,1
RANDOM_NATURAL,46933,1
RANDOM_NATURAL,49107,1
RANDOM_NATURAL,51201,1
RANDOM_NATURAL,51474,1
RANDOM_NATURAL,52184,1
RANDOM_NATURAL,52508,1
RANDOM_NATURAL,52974,1
RANDOM_NATURAL,55976,1
RANDOM_NATURAL,57202,1
RANDOM_NATURAL,57723,0
RANDOM_NATURAL,57780,1
RANDOM_NATURAL,59063,1
RANDOM_NATURAL,59841,1
RANDOM_NATURAL,60144,1
RANDOM_NATURAL,61944,1
RANDOM_NATURAL,62266,1
RANDOM_NATURAL,63094,1
RANDOM_NATURAL,63968,1
RANDOM_NATURAL,64361,1
RANDOM_NATURAL,64548,1
RANDOM_NATURAL,64906,1
RANDOM_NATURAL,64956,1
RANDOM_NATURAL,66367,1
RANDOM_NATURAL,67274,1
RANDOM_NATURAL,68927,1
RANDOM_NATURAL,69198,1
RANDOM_NATURAL,69342,1
RANDOM_NATURAL,69434,1
RANDOM_NATURAL,70757,1
RANDOM_NATURAL,70899,1
RANDOM_NATURAL,72717,1
RANDOM_NATURAL,73492,1
RANDOM_NATURAL,73622,1
RANDOM_NATURAL,73633,1
RANDOM_NATURAL,73644,1
RANDOM_NATURAL,75682,1
RANDOM_NATURAL,76049,1
RANDOM_NATURAL,76157,1
RANDOM_NATURAL,76500,1
RANDOM_NATURAL,77272,1
RANDOM_NATURAL,78352,1
RANDOM_NATURAL,82939,1
RANDOM_NATURAL,85002,1
RANDOM_NATURAL,85601,1
RANDOM_NATURAL,86244,1
RANDOM_NATURAL,86342,1
RANDOM_NATURAL,86385,1
RANDOM_NATURAL,87978,1
RANDOM_NATURAL,89302,1
RANDOM_NATURAL,89400,1
RANDOM_NATURAL,89403,1
RANDOM_NATURAL,89677,1
RANDOM_NATURAL,89748,1
RANDOM_NATURAL,90411,1
RANDOM_NATURAL,92326,1
RANDOM_NATURAL,93599,1
RANDOM_NATURAL,93976,1
RANDOM_NATURAL,94776,1
RANDOM_NATURAL,94940,1
RANDOM_NATURAL,95136,1
RANDOM_NATURAL,96212,1
RANDOM_NATURAL,96831,1
RANDOM_NATURAL,97491,1
RANDOM_NATURAL,98482,1
RANDOM_NATURAL,100086,1
RANDOM_NATURAL,100256,1
RANDOM_NATURAL,100716,1
RANDOM_NATURAL,100766,1
RANDOM_NATURAL,101352,1
RANDOM_NATURAL,101420,1
RANDOM_NATURAL,103366,1
RANDOM_NATURAL,105544,1
RANDOM_NATURAL,106450,1
RANDOM_NATURAL,107169,1
RANDOM_NATURAL,109478,1
RANDOM_NATURAL,110286,1
RANDOM_NATURAL,110815,1
RANDOM_NATURAL,111415,1
RANDOM_NATURAL,112771,1
RANDOM_NATURAL,112974,1
RANDOM_NATURAL,113752,1
RANDOM_NATURAL,113942,1
RANDOM_NATURAL,115304,1
RANDOM_NATURAL,116497,1
RANDOM_NATURAL,116773,1
RANDOM_NATURAL,116986,1
RANDOM_NATURAL,117260,1
RANDOM_NATURAL,118340,1
RANDOM_NATURAL,119686,1
RANDOM_NATURAL,120320,1
RANDOM_NATURAL,121283,1
RANDOM_NATURAL,123695,1
RANDOM_NATURAL,123699,1
RANDOM_NATURAL,123851,1
RANDOM_NATURAL,125002,1
RANDOM_NATURAL,126464,1
RANDOM_NATURAL,126705,1
RANDOM_NATURAL,127101,1
RANDOM_NATURAL,127749,1
RANDOM_NATURAL,127804,1
RANDOM_NATURAL,128352,1
RANDOM_NATURAL,128426,1
RANDOM_NATURAL,128534,1
RANDOM_NATURAL,128756,1
RANDOM_NATURAL,129302,1
RANDOM_NATURAL,129558,1
RANDOM_NATURAL,130498,1
RANDOM_NATURAL,131221,1
RANDOM_NATURAL,131640,1
RANDOM_NATURAL,131833,1
RANDOM_NATURAL,132167,1
RANDOM_NATURAL,132928,1
RANDOM_NATURAL,134166,1
RANDOM_NATURAL,135071,1
RANDOM_NATURAL,135547,1
RANDOM_NATURAL,136626,1
RANDOM_NATURAL,137262,1
RANDOM_NATURAL,137571,1
RANDOM_NATURAL,140167,1
RANDOM_NATURAL,141114,1
RANDOM_NATURAL,141900,1
RANDOM_NATURAL,142695,1
RANDOM_NATURAL,142870,1
RANDOM_NATURAL,143260,1
RANDOM_NATURAL,143693,1
RANDOM_NATURAL,143873,1
RANDOM_NATURAL,144676,1
RANDOM_NATURAL,146040,1
RANDOM_NATURAL,146892,1
RANDOM_NATURAL,146909,1
RANDOM_NATURAL,147476,1
RANDOM_NATURAL,148449,1
RANDOM_NATURAL,150717,1
RANDOM_NATURAL,150998,1
RANDOM_NATURAL,151405,0
RANDOM_NATURAL,151506,1
RANDOM_NATURAL,151591,1
RANDOM_NATURAL,153251,1
RANDOM_NATURAL,153986,1
RANDOM_NATURAL,154590,1
RANDOM_NATURAL,156186,1
RANDOM_NATURAL,156272,0
RANDOM_NATURAL,156479,1
RANDOM_NATURAL,157705,1
RANDOM_NATURAL,163721,0
RANDOM_NATURAL,164711,0
RANDOM_NATURAL,165646,0
RANDOM_NATURAL,174774,0
RANDOM_NATURAL,177439,0
RANDOM_NATURAL,179200,0
RANDOM_NATURAL,181440,0
RANDOM_NATURAL,182137,0
RANDOM_NATURAL,183702,0
RANDOM_NATURAL,185915,0
RANDOM_NATURAL,197150,0
RANDOM_NATURAL,202330,0
RANDOM_NATURAL,212580,0
RANDOM_NATURAL,213782,0
RANDOM_NATURAL,217956,0
RANDOM_NATURAL,218935,0
RANDOM_NATURAL,223114,0
RANDOM_NATURAL,231844,0
RANDOM_NATURAL,252011,0
RANDOM_NATURAL,252821,0
RANDOM_NATURAL,261839,0
RANDOM_NATURAL,263469,0
RANDOM_NATURAL,266197,0
RANDOM_NATURAL,278776,0
RANDOM_NATURAL,281101,0
RANDOM_NATURAL,287109,0
RANDOM_NATURAL,298579,0
RANDOM_NATURAL,300673,0
RANDOM_NATURAL,302586,0
RANDOM_NATURAL,307838,0
RANDOM_NATURAL,321764,0
RANDOM_NATURAL,321858,0
RANDOM_NATURAL,322432,0
RANDOM_NATURAL,326159,0
RANDOM_NATURAL,335846,0
RANDOM_NATURAL,336526,0
RANDOM_NATURAL,340438,0
RANDOM_NATURAL,351635,0
RANDOM_NATURAL,362286,0
RANDOM_NATURAL,366927,0
RANDOM_NATURAL,370804,0
RANDOM_NATURAL,370945,0
RANDOM_NATURAL,376316,0
RANDOM_NATURAL,384214,0
RANDOM_NATURAL,387556,0
RANDOM_NATURAL,390739,0
RANDOM_NATURAL,413261,0
RANDOM_NATURAL,417820,0
RANDOM_NATURAL,422580,0
RANDOM_NATURAL,424834,0
RANDOM_NATURAL,425772,0
RANDOM_NATURAL,429875,0
RANDOM_NATURAL,437609,0
RANDOM_NATURAL,437762,0
RANDOM_NATURAL,439315,0
RANDOM_NATURAL,448813,0
RANDOM_NATURAL,454950,0
RANDOM_NATURAL,469404,0
RANDOM_NATURAL,471494,0
RANDOM_NATURAL,473307,0
RANDOM_NATURAL,483690,0
RANDOM_NATURAL,484546,0
RANDOM_NATURAL,487339,0
RANDOM_NATURAL,496763,0
RANDOM_NATURAL,497176,0
RANDOM_NATURAL,502401,0
RANDOM_NATURAL,504085,0
RANDOM_NATURAL,507493,0
RANDOM_NATURAL,513077,0
RANDOM_NATURAL,513518,0
RANDOM_NATURAL,522897,0
RANDOM_NATURAL,522912,0
RANDOM_NATURAL,532081,0
RANDOM_NATURAL,536605,0
RANDOM_NATURAL,537551,0
RANDOM_NATURAL,537638,0
RANDOM_NATURAL,546605,0
RANDOM_NATURAL,549514,0
RANDOM_NATURAL,555182,0
RANDOM_NATURAL,561259,0
RANDOM_NATURAL,564620,0
RANDOM_NATURAL,571350,0
RANDOM_NATURAL,571951,0
RANDOM_NATURAL,580635,0
RANDOM_NATURAL,585020,0
RANDOM_NATURAL,588359,0
RANDOM_NATURAL,592647,0
RANDOM_NATURAL,598627,0
RANDOM_NATURAL,604882,0
RANDOM_NATURAL,608397,0
RANDOM_NATURAL,609287,0
RANDOM_NATURAL,615666,0
RANDOM_NATURAL,623996,0
RANDOM_NATURAL,628327,0
RANDOM_NATURAL,639452,0
RANDOM_NATURAL,641032,0
RANDOM_NATURAL,646393,0
RANDOM_NATURAL,653118,0
RANDOM_NATURAL,658629,0
RANDOM_NATURAL,662783,0
RANDOM_NATURAL,669393,0
RANDOM_NATURAL,672006,0
RANDOM_NATURAL,675839,0
RANDOM_NATURAL,680430,0
RANDOM_NATURAL,682006,0
RANDOM_NATURAL,684466,0
RANDOM_NATURAL,691161,0
RANDOM_NATURAL,695826,0
RANDOM_NATURAL,698923,0
RANDOM_NATURAL,707807,0
RANDOM_NATURAL,711205,0
RANDOM_NATURAL,716037,0
RANDOM_NATURAL,716790,0
RANDOM_NATURAL,722966,0
RANDOM_NATURAL,727046,0
RANDOM_NATURAL,736086,0
RANDOM_NATURAL,744843,0
RANDOM_NATURAL,748990,0
RANDOM_NATURAL,757082,0
RANDOM_NATURAL,761375,0
RANDOM_NATURAL,761530,0
RANDOM_NATURAL,767324,0
RANDOM_NATURAL,767457,0
RANDOM_NATURAL,768718,0
RANDOM_NATURAL,787664,0
RANDOM_NATURAL,798395,0
RANDOM_NATURAL,798595,0
RANDOM_NATURAL,803012,0
RANDOM_NATURAL,809191,0
RANDOM_NATURAL,811923,0
RANDOM_NATURAL,815463,0
RANDOM_NATURAL,819317,0
RANDOM_NATURAL,821690,0
RANDOM_NATURAL,823093,1
RANDOM_NATURAL,823248,1
RANDOM_NATURAL,825179,1
RANDOM_NATURAL,825736,1
RANDOM_NATURAL,826234,1
RANDOM_NATURAL,826541,1
RANDOM_NATURAL,826565,1
RANDOM_NATURAL,827345,1
RANDOM_NATURAL,827748,1
RANDOM_NATURAL,828024,1
RANDOM_NATURAL,829403,1
RANDOM_NATURAL,829764,1
RANDOM_NATURAL,829869,1
RANDOM_NATURAL,831025,1
RANDOM_NATURAL,831142,1
RANDOM_NATURAL,831173,1
RANDOM_NATURAL,831649,1
RANDOM_NATURAL,832827,1
RANDOM_NATURAL,834525,1
RANDOM_NATURAL,835410,1
RANDOM_NATURAL,835418,1
RANDOM_NATURAL,835918,1
RANDOM_NATURAL,837921,1
RANDOM_NATURAL,840447,1
RANDOM_NATURAL,840547,1
RANDOM_NATURAL,840930,1
RANDOM_NATURAL,841034,1
RANDOM_NATURAL,842019,1
RANDOM_NATURAL,842449,1
RANDOM_NATURAL,842712,1
RANDOM_NATURAL,843136,1
RANDOM_NATURAL,843613,1
RANDOM_NATURAL,844660,1
RANDOM_NATURAL,846603,1
RANDOM_NATURAL,846829,1
RANDOM_NATURAL,846909,1
RANDOM_NATURAL,848857,1
RANDOM_NATURAL,848888,1
RANDOM_NATURAL,849140,1
RANDOM_NATURAL,849802,1
RANDOM_NATURAL,849898,1
RANDOM_NATURAL,850299,1
RANDOM_NATURAL,851725,1
RANDOM_NATURAL,852150,1
RANDOM_NATURAL,853041,0
RANDOM_NATURAL,853638,1
RANDOM_NATURAL,854401,1
RANDOM_NATURAL,855884,1
RANDOM_NATURAL,857424,1
RANDOM_NATURAL,857998,1
RANDOM_NATURAL,858414,1
RANDOM_NATURAL,858926,1
RANDOM_NATURAL,859994,1
RANDOM_NATURAL,860649,1
RANDOM_NATURAL,861531,1
RANDOM_NATURAL,861644,1
RANDOM_NATURAL,862465,1
RANDOM_NATURAL,862961,1
RANDOM_NATURAL,865665,1
RANDOM_NATURAL,866126,1
RANDOM_NATURAL,866646,1
RANDOM_NATURAL,866920,1
RANDOM_NATURAL,867121,1
RANDOM_NATURAL,868043,1
RANDOM_NATURAL,869994,1
RANDOM_NATURAL,870699,1
RANDOM_NATURAL,871110,1
RANDOM_NATURAL,872404,1
RANDOM_NATURAL,873145,1
RANDOM_NATURAL,874841,1
RANDOM_NATURAL,876461,1
RANDOM_NATURAL,882667,0
RANDOM_NATURAL,884380,0
RANDOM_NATURAL,885493,0
RANDOM_NATURAL,889413,0
RANDOM_NATURAL,891184,0
RANDOM_NATURAL,894071,0
RANDOM_NATURAL,899879,0
RANDOM_NATURAL,906845,0
RANDOM_NATURAL,907576,0
RANDOM_NATURAL,922111,0
RANDOM_NATURAL,922241,0
RANDOM_NATURAL,928867,0
RANDOM_NATURAL,929477,0
RANDOM_NATURAL,929834,0
RANDOM_NATURAL,932103,0
RANDOM_NATURAL,933359,0
RANDOM_NATURAL,936579,0
RANDOM_NATURAL,960952,0
RANDOM_NATURAL,975615,0
RANDOM_NATURAL,978774,0
RANDOM_NATURAL,985941,0
RANDOM_NATURAL,987578,0
RANDOM_NATURAL,988319,0
RANDOM_NATURAL,989089,0
RANDOM_NATURAL,998807,0
RANDOM_NATURAL,1001100,0
RANDOM_NATURAL,1008117,0
RANDOM_NATURAL,1020150,0
RANDOM_NATURAL,1021641,0
RANDOM_NATURAL,1021953,0
RANDOM_NATURAL,1030895,0
RANDOM_NATURAL,1051277,0
RANDOM_NATURAL,1051416,0
RANDOM_NATURAL,1053303,0
RANDOM_NATURAL,1065374,0
RANDOM_NATURAL,1068163,0
RANDOM_NATURAL,1069277,0
RANDOM_NATURAL,1073877,0
RANDOM_NATURAL,1078840,0
RANDOM_NATURAL,1080395,0
RANDOM_NATURAL,1081944,0
RANDOM_NATURAL,1082036,0
RANDOM_NATURAL,1090533,0
RANDOM_NATURAL,1092459,0
RANDOM_NATURAL,1093395,0
RANDOM_NATURAL,1094071,0
RANDOM_NATURAL,1103946,0
RANDOM_NATURAL,1132946,0
RANDOM_NATURAL,1138443,0
RANDOM_NATURAL,1146185,0
RANDOM_NATURAL,1150354,0
RANDOM_NATURAL,1156257,0
RANDOM_NATURAL,1157026,0
RANDOM_NATURAL,1181743,0
RANDOM_NATURAL,1184494,0
RANDOM_NATURAL,1191636,0
RANDOM_NATURAL,1196253,0
RANDOM_NATURAL,1196375,0
RANDOM_NATURAL,1202714,0
RANDOM_NATURAL,1203933,0
RANDOM_NATURAL,1204374,0
RANDOM_NATURAL,1211017,0
RANDOM_NATURAL,1212052,0
RANDOM_NATURAL,1212960,0
RANDOM_NATURAL,1214140,0
RANDOM_NATURAL,1222598,0
RANDOM_NATURAL,1223419,0
RANDOM_NATURAL,1231481,0
RANDOM_NATURAL,1232123,0
RANDOM_NATURAL,1234967,0
RANDOM_NATURAL,1238662,0
RANDOM_NATURAL,1252632,0
RANDOM_NATURAL,1255748,0
RANDOM_NATURAL,1259268,0
RANDOM_NATURAL,1261574,0
RANDOM_NATURAL,1275693,0
RANDOM_NATURAL,1280333,0
RANDOM_NATURAL,1291297,0
RANDOM_NATURAL,1292352,0
RANDOM_NATURAL,1294704,0
RANDOM_NATURAL,1295244,0
RANDOM_NATURAL,1301274,0
RANDOM_NATURAL,1301478,0
RANDOM_NATURAL,1302664,0
RANDOM_NATURAL,1308574,0
RANDOM_NATURAL,1309804,0
RANDOM_NATURAL,1318329,0
RANDOM_NATURAL,1322557,0
RANDOM_NATURAL,1329215,0
RANDOM_NATURAL,1339501,0
RANDOM_NATURAL,1350361,0
RANDOM_NATURAL,1360870,0
RANDOM_NATURAL,1370424,0
RANDOM_NATURAL,1380271,0
RANDOM_NATURAL,1380320,0
RANDOM_NATURAL,1381868,0
RANDOM_NATURAL,1387475,0
RANDOM_NATURAL,1392659,0
RANDOM_NATURAL,1395005,0
RANDOM_NATURAL,1396339,0
RANDOM_NATURAL,1399663,0
RANDOM_NATURAL,1416720,0
RANDOM_NATURAL,1425757,0
RANDOM_NATURAL,1430356,0
RANDOM_NATURAL,1433599,0
RANDOM_NATURAL,1433982,0
RANDOM_NATURAL,1434510,0
RANDOM_NATURAL,1434926,0
RANDOM_NATURAL,1436785,0
RANDOM_NATURAL,1441404,0
RANDOM_NATURAL,1443809,0
RANDOM_NATURAL,1446084,0
RANDOM_NATURAL,1449393,0
RANDOM_NATURAL,1457361,0
RANDOM_NATURAL,1457716,0
RANDOM_NATURAL,1465343,0
RANDOM_NATURAL,1465380,0
RANDOM_NATURAL,1472879,0
RANDOM_NATURAL,1475414,0
RANDOM_NATURAL,1478772,0
RANDOM_NATURAL,1483939,0
RANDOM_NATURAL,1488726,0
RANDOM_NATURAL,1496342,0
RANDOM_NATURAL,1497722,0
RANDOM_NATURAL,1502506,0
RANDOM_NATURAL,1507928,0
RANDOM_NATURAL,1510973,0
RANDOM_NATURAL,1513244,0
RANDOM_NATURAL,1514099,0
RANDOM_NATURAL,1521218,0
RANDOM_NATURAL,1522241,0
RANDOM_NATURAL,1526246,0
RANDOM_NATURAL,1528172,0
RANDOM_NATURAL,1536503,0
RANDOM_NATURAL,1539070,0
RANDOM_NATURAL,1539627,0
RANDOM_NATURAL,1540488,0
RANDOM_NATURAL,1547465,0
RANDOM_NATURAL,1548936,0
RANDOM_NATURAL,1550936,0
RANDOM_NATURAL,1552402,0
RANDOM_NATURAL,1552580,0
RANDOM_NATURAL,1555795,0
RANDOM_NATURAL,1558842,0
RANDOM_NATURAL,1562146,0
RANDOM_NATURAL,1564007,0
RANDOM_NATURAL,1567363,0
RANDOM_NATURAL,1570205,0
RANDOM_NATURAL,1571680,0
RANDOM_NATURAL,1572938,0
RANDOM_NATURAL,1574278,0
RANDOM_NATURAL,1574460,0
RANDOM_NATURAL,1574855,0
RANDOM_NATURAL,1580255,0
RANDOM_NATURAL,1586852,0
RANDOM_NATURAL,1592819,0
RANDOM_NATURAL,1594020,0
RANDOM_NATURAL,1596441,0
RANDOM_NATURAL,1602911,0
RANDOM_NATURAL,1606972,0
RANDOM_NATURAL,1608246,0
RANDOM_NATURAL,1608298,0
RANDOM_NATURAL,1608397,0
RANDOM_NATURAL,1612393,0
RANDOM_NATURAL,1612708,0
RANDOM_NATURAL,1620523,0
RANDOM_NATURAL,1621952,0
RANDOM_NATURAL,1623409,0
RANDOM_NATURAL,1624404,0
RANDOM_NATURAL,1636907,0
RANDOM_NATURAL,1643051,0
RANDOM_NATURAL,1646803,0
RANDOM_NATURAL,1647416,0
RANDOM_NATURAL,1650926,0
RANDOM_NATURAL,1653230,0
RANDOM_NATURAL,1657814,0
RANDOM_NATURAL,1668484,0
RANDOM_NATURAL,1672949,0
RANDOM_NATURAL,1678354,0
RANDOM_NATURAL,1689121,0
RANDOM_NATURAL,1694401,0
RANDOM_NATURAL,1694987,0
RANDOM_NATURAL,1697415,0
RANDOM_NATURAL,1698026,0
RANDOM_NATURAL,1703147,0
RANDOM_NATURAL,1716742,0
RANDOM_NATURAL,1723490,0
RANDOM_NATURAL,1728051,0
RANDOM_NATURAL,1729221,0
RANDOM_NATURAL,1731776,0
RANDOM_NATURAL,1735582,0
RANDOM_NATURAL,1740567,0
RANDOM_NATURAL,1740735,0
RANDOM_NATURAL,1751161,0
RANDOM_NATURAL,1756457,0
RANDOM_NATURAL,1760791,0
RANDOM_NATURAL,1771065,0
RANDOM_NATURAL,1773988,0
RANDOM_NATURAL,1775769,0
RANDOM_NATURAL,1781057,0
RANDOM_NATURAL,1789142,0
RANDOM_NATURAL,1794067,0
RANDOM_NATURAL,1806194,0
RANDOM_NATURAL,1807738,0
RANDOM_NATURAL,1808992,0
RANDOM_NATURAL,1814335,0
RANDOM_NATURAL,1821172,0
RANDOM_NATURAL,1831856,0
RANDOM_NATURAL,1843847,0
RANDOM_NATURAL,1844980,0
RANDOM_NATURAL,1849422,0
RANDOM_NATURAL,1853894,0
RANDOM_NATURAL,1859652,0
RANDOM_NATURAL,1862775,0
RANDOM_NATURAL,1868375,0
RANDOM_NATURAL,1869306,1
RANDOM_NATURAL,1869422,1
RANDOM_NATURAL,1869658,1
RANDOM_NATURAL,1869903,1
RANDOM_NATURAL,1871007,1
RANDOM_NATURAL,1871496,1
RANDOM_NATURAL,1872615,1
RANDOM_NATURAL,1873133,1
RANDOM_NATURAL,1873883,1
RANDOM_NATURAL,1875537,1
RANDOM_NATURAL,1876069,1
RANDOM_NATURAL,1876727,1
RANDOM_NATURAL,1877380,1
RANDOM_NATURAL,1879345,1
RANDOM_NATURAL,1879380,1
RANDOM_NATURAL,1880714,1
RANDOM_NATURAL,1880715,1
RANDOM_NATURAL,1881382,1
RANDOM_NATURAL,1884269,1
RANDOM_NATURAL,1884335,1
RANDOM_NATURAL,1884549,1
RANDOM_NATURAL,1884645,1
RANDOM_NATURAL,1886246,1
RANDOM_NATURAL,1887466,1
RANDOM_NATURAL,1888328,1
RANDOM_NATURAL,1889537,1
RANDOM_NATURAL,1891434,1
RANDOM_NATURAL,1891896,1
RANDOM_NATURAL,1892433,1
RANDOM_NATURAL,1894085,1
RANDOM_NATURAL,1896125,1
RANDOM_NATURAL,1896515,1
RANDOM_NATURAL,1897395,1
RANDOM_NATURAL,1897593,1
RANDOM_NATURAL,1897775,1
RANDOM_NATURAL,1897905,1
RANDOM_NATURAL,1898390,1
RANDOM_NATURAL,1898888,1
RANDOM_NATURAL,1899267,1
RANDOM_NATURAL,1903345,1
RANDOM_NATURAL,1904586,1
RANDOM_NATURAL,1904980,1
RANDOM_NATURAL,1906044,1
RANDOM_NATURAL,1907578,1
RANDOM_NATURAL,1909281,1
RANDOM_NATURAL,1909482,1
RANDOM_NATURAL,1910119,1
RANDOM_NATURAL,1911514,1
RANDOM_NATURAL,1912104,1
RANDOM_NATURAL,1917006,1
RANDOM_NATURAL,1919411,1
RANDOM_NATURAL,1920123,1
RANDOM_NATURAL,1921169,1
RANDOM_NATURAL,1921489,1
RANDOM_NATURAL,1923584,0
RANDOM_NATURAL,1923654,1
RANDOM_NATURAL,1923684,1
RANDOM_NATURAL,1924444,0
RANDOM_NATURAL,1926654,1
RANDOM_NATURAL,1926848,1
RANDOM_NATURAL,1927213,1
RANDOM_NATURAL,1927372,1
RANDOM_NATURAL,1930378,1
RANDOM_NATURAL,1931300,0
RANDOM_NATURAL,1931744,1
RANDOM_NATURAL,1934683,1
RANDOM_NATURAL,1934933,1
RANDOM_NATURAL,1935667,1
RANDOM_NATURAL,1936758,1
RANDOM_NATURAL,1940076,1
RANDOM_NATURAL,1941828,1
RANDOM_NATURAL,1943721,1
RANDOM_NATURAL,1944249,1
RANDOM_NATURAL,1944380,0
RANDOM_NATURAL,1944615,1
RANDOM_NATURAL,1945811,1
RANDOM_NATURAL,1948015,0
RANDOM_NATURAL,1948591,1
RANDOM_NATURAL,1949496,1
RANDOM_NATURAL,1949727,1
RANDOM_NATURAL,1950368,1
RANDOM_NATURAL,1951043,1
RANDOM_NATURAL,1954491,1
RANDOM_NATURAL,1955309,1
RANDOM_NATURAL,1955470,1
RANDOM_NATURAL,1957923,1
RANDOM_NATURAL,1958735,1
RANDOM_NATURAL,1959363,1
RANDOM_NATURAL,1960839,1
RANDOM_NATURAL,1963811,1
RANDOM_NATURAL,1965057,0
RANDOM_NATURAL,1965562,0
RANDOM_NATURAL,1968300,1
RANDOM_NATURAL,1968776,1
RANDOM_NATURAL,1970707,1
RANDOM_NATURAL,1971534,1
RANDOM_NATURAL,1972522,0
RANDOM_NATURAL,1974241,1
RANDOM_NATURAL,1977071,1
RANDOM_NATURAL,1980882,1
RANDOM_NATURAL,1981012,1
RANDOM_NATURAL,1982360,1
RANDOM_NATURAL,1983169,0
RANDOM_NATURAL,1983408,1
RANDOM_NATURAL,1986272,1
RANDOM_NATURAL,1988635,1
RANDOM_NATURAL,1990643,0
RANDOM_NATURAL,1991235,0
RANDOM_NATURAL,1994222,1
RANDOM_NATURAL,1994447,1
RANDOM_NATURAL,1997759,1
RANDOM_NATURAL,1998429,1
RANDOM_NATURAL,1999665,1
RANDOM_NATURAL,2000406,1
RANDOM_NATURAL,2002659,1
RANDOM_NATURAL,2003993,1
RANDOM_NATURAL,2005033,1
RANDOM_NATURAL,2006118,1
RANDOM_NATURAL,2008492,1
RANDOM_NATURAL,2008587,1
RANDOM_NATURAL,2010219,0
RANDOM_NATURAL,2011670,1
RANDOM_NATURAL,2013805,1
RANDOM_NATURAL,2014790,1
RANDOM_NATURAL,2015755,1
RANDOM_NATURAL,2019043,1
RANDOM_NATURAL,2020996,1
RANDOM_NATURAL,2021456,1
RANDOM_NATURAL,2022674,1
RANDOM_NATURAL,2022745,1
RANDOM_NATURAL,2027000,1
RANDOM_NATURAL,2029462,1
RANDOM_NATURAL,2031944,0
RANDOM_NATURAL,2032252,1
RANDOM_NATURAL,2032659,1
RANDOM_NATURAL,2033544,1
RANDOM_NATURAL,2034130,1
RANDOM_NATURAL,2034719,1
RANDOM_NATURAL,2035807,0
RANDOM_NATURAL,2037279,0
RANDOM_NATURAL,2037863,1
RANDOM_NATURAL,2039163,1
RANDOM_NATURAL,2039184,1
RANDOM_NATURAL,2039749,1
RANDOM_NATURAL,2040403,1
RANDOM_NATURAL,2040914,1
RANDOM_NATURAL,2041131,1
RANDOM_NATURAL,2045348,1
RANDOM_NATURAL,2045973,1
RANDOM_NATURAL,2046145,1
RANDOM_NATURAL,2046236,1
RANDOM_NATURAL,2047213,1
RANDOM_NATURAL,2048152,1
RANDOM_NATURAL,2050613,1
RANDOM_NATURAL,2053169,1
RANDOM_NATURAL,2058873,1
RANDOM_NATURAL,2059568,1
RANDOM_NATURAL,2060840,1
RANDOM_NATURAL,2061524,1
RANDOM_NATURAL,2061913,1
RANDOM_NATURAL,2061947,0
RANDOM_NATURAL,2062167,1
RANDOM_NATURAL,2062241,1
RANDOM_NATURAL,2062438,1
RANDOM_NATURAL,2062878,0
RANDOM_NATURAL,2063238,1
RANDOM_NATURAL,2064070,1
RANDOM_NATURAL,2068673,1
RANDOM_NATURAL,2072285,0
RANDOM_NATURAL,2072716,1
RANDOM_NATURAL,2073862,1
RANDOM_NATURAL,2074364,1
RANDOM_NATURAL,2074944,1
RANDOM_NATURAL,2076041,1
RANDOM_NATURAL,2079286,1
RANDOM_NATURAL,2080181,0
RANDOM_NATURAL,2083977,1
RANDOM_NATURAL,2086053,1
RANDOM_NATURAL,2091267,1
RANDOM_NATURAL,2094550,1
RANDOM_NATURAL,2094691,1
RANDOM_NATURAL,2097465,1
RANDOM_NATURAL,2098734,1
RANDOM_NATURAL,2099088,1
RANDOM_NATURAL,2101172,1
RANDOM_NATURAL,2104330,1
RANDOM_NATURAL,2105416,1
RANDOM_NATURAL,2106315,1
RANDOM_NATURAL,2106390,1
RANDOM_NATURAL,2106665,1
RANDOM_NATURAL,2108788,1
RANDOM_NATURAL,2109920,1
RANDOM_NATURAL,2110295,0
RANDOM_NATURAL,2110438,1
RANDOM_NATURAL,2110565,1
RANDOM_NATURAL,2111947,1
RANDOM_NATURAL,2112553,1
RANDOM_NATURAL,2114185,1
RANDOM_NATURAL,2114241,1
RANDOM_NATURAL,2115768,1
RANDOM_NATURAL,2115776,1
RANDOM_NATURAL,2116253,0
RANDOM_NATURAL,2119042,1
RANDOM_NATURAL,2126204,1
RANDOM_NATURAL,2126635,0
RANDOM_NATURAL,2129057,1
RANDOM_NATURAL,2132238,1
RANDOM_NATURAL,2133002,0
RANDOM_NATURAL,2136352,1
RANDOM_NATURAL,2139251,1
RANDOM_NATURAL,2139279,1
RANDOM_NATURAL,2143257,1
RANDOM_NATURAL,2143385,1
RANDOM_NATURAL,2145274,1
RANDOM_NATURAL,2146901,1
RANDOM_NATURAL,2147348,1
RANDOM_NATURAL,2151579,1
RANDOM_NATURAL,2154135,0
RANDOM_NATURAL,2156265,0
RANDOM_NATURAL,2157629,1
RANDOM_NATURAL,2157751,1
RANDOM_NATURAL,2160034,1
RANDOM_NATURAL,2161415,1
RANDOM_NATURAL,2163361,1
RANDOM_NATURAL,2164896,1
RANDOM_NATURAL,2166425,0
RANDOM_NATURAL,2168205,1
RANDOM_NATURAL,2168327,1
RANDOM_NATURAL,2168491,1
RANDOM_NATURAL,2171824,1
RANDOM_NATURAL,2172034,1
RANDOM_NATURAL,2173139,1
RANDOM_NATURAL,2177635,0
RANDOM_NATURAL,2178409,1
RANDOM_NATURAL,2178925,1
RANDOM_NATURAL,2179004,1
RANDOM_NATURAL,2180564,1
RANDOM_NATURAL,2180754,1
RANDOM_NATURAL,2180935,0
RANDOM_NATURAL,2182592,1
RANDOM_NATURAL,2187267,1
RANDOM_NATURAL,2195259,1
RANDOM_NATURAL,2196916,1
RANDOM_NATURAL,2197486,1
RANDOM_NATURAL,2198422,0
RANDOM_NATURAL,2198981,1
RANDOM_NATURAL,2199237,1
RANDOM_NATURAL,2201426,0
RANDOM_NATURAL,2202169,1
RANDOM_NATURAL,2203373,1
RANDOM_NATURAL,2203648,1
RANDOM_NATURAL,2209598,0
RANDOM_NATURAL,2209709,1
RANDOM_NATURAL,2211394,0
RANDOM_NATURAL,2211982,1
RANDOM_NATURAL,2214930,1
RANDOM_NATURAL,2215503,1
RANDOM_NATURAL,2218046,1
RANDOM_NATURAL,2221690,0
RANDOM_NATURAL,2222852,1
RANDOM_NATURAL,2223186,1
RANDOM_NATURAL,2223321,1
RANDOM_NATURAL,2226080,0
RANDOM_NATURAL,2226685,1
RANDOM_NATURAL,2228363,1
RANDOM_NATURAL,2229023,1
RANDOM_NATURAL,2229442,1
RANDOM_NATURAL,2230388,1
RANDOM_NATURAL,2230963,1
RANDOM_NATURAL,2231919,1
RANDOM_NATURAL,2232350,1
RANDOM_NATURAL,2236399,1
RANDOM_NATURAL,2239015,1
RANDOM_NATURAL,2241300,1
RANDOM_NATURAL,2241337,0
RANDOM_NATURAL,2244330,1
RANDOM_NATURAL,2245664,1
RANDOM_NATURAL,2246962,1
RANDOM_NATURAL,2247620,1
RANDOM_NATURAL,2248644,1
RANDOM_NATURAL,2249340,1
RANDOM_NATURAL,2250814,1
RANDOM_NATURAL,2252752,1
RANDOM_NATURAL,2252793,1
RANDOM_NATURAL,2253470,1
RANDOM_NATURAL,2254882,1
RANDOM_NATURAL,2255599,1
RANDOM_NATURAL,2256055,1
RANDOM_NATURAL,2256780,0
RANDOM_NATURAL,2256998,1
RANDOM_NATURAL,2262913,1
RANDOM_NATURAL,2263309,1
RANDOM_NATURAL,2266189,1
RANDOM_NATURAL,2266681,1
RANDOM_NATURAL,2267409,1
RANDOM_NATURAL,2267477,1
RANDOM_NATURAL,2267692,1
RANDOM_NATURAL,2267996,1
RANDOM_NATURAL,2268507,0
RANDOM_NATURAL,2269681,1
RANDOM_NATURAL,2270452,1
RANDOM_NATURAL,2270455,1
RANDOM_NATURAL,2272528,1
RANDOM_NATURAL,2274034,1
RANDOM_NATURAL,2274441,1
RANDOM_NATURAL,2275086,0
RANDOM_NATURAL,2277908,1
RANDOM_NATURAL,2279033,1
RANDOM_NATURAL,2279553,1
RANDOM_NATURAL,2285083,1
RANDOM_NATURAL,2285635,0
RANDOM_NATURAL,2286891,1
RANDOM_NATURAL,2287278,1
RANDOM_NATURAL,2287317,0
RANDOM_NATURAL,2287784,1
RANDOM_NATURAL,2288113,1
RANDOM_NATURAL,2289492,1
RANDOM_NATURAL,2289569,1
RANDOM_NATURAL,2291241,1
RANDOM_NATURAL,2291632,1
RANDOM_NATURAL,2293078,1
RANDOM_NATURAL,2294525,0
RANDOM_NATURAL,2297379,1
RANDOM_NATURAL,2299347,1
RANDOM_NATURAL,2300645,1
RANDOM_NATURAL,2301916,1
RANDOM_NATURAL,2302181,1
RANDOM_NATURAL,2303929,1
RANDOM_NATURAL,2304524,0
RANDOM_NATURAL,2305617,1
RANDOM_NATURAL,2305746,1
RANDOM_NATURAL,2305798,1
RANDOM_NATURAL,2305938,1
RANDOM_NATURAL,2307672,1
RANDOM_NATURAL,2308876,1
RANDOM_NATURAL,2310361,0
RANDOM_NATURAL,2310958,1
RANDOM_NATURAL,2311756,1
RANDOM_NATURAL,2312404,1
RANDOM_NATURAL,2313869,1
RANDOM_NATURAL,2314253,1
RANDOM_NATURAL,2316470,1
RANDOM_NATURAL,2318514,1
RANDOM_NATURAL,2320714,1
RANDOM_NATURAL,2322282,1
RANDOM_NATURAL,2324980,1
RANDOM_NATURAL,2325196,0
RANDOM_NATURAL,2325544,1
RANDOM_NATURAL,2326074,0
RANDOM_NATURAL,2326379,0
RANDOM_NATURAL,2326471,1
RANDOM_NATURAL,2326796,1
RANDOM_NATURAL,2330641,1
RANDOM_NATURAL,2334289,1
RANDOM_NATURAL,2335184,1
RANDOM_NATURAL,2335731,1
RANDOM_NATURAL,2336238,1
RANDOM_NATURAL,2336900,1
RANDOM_NATURAL,2337183,1
RANDOM_NATURAL,2338201,1
RANDOM_NATURAL,2345613,1
RANDOM_NATURAL,2346141,1
RANDOM_NATURAL,2346469,1
RANDOM_NATURAL,2350412,1
RANDOM_NATURAL,2352912,1
RANDOM_NATURAL,2353814,1
RANDOM_NATURAL,2355066,1
RANDOM_NATURAL,2356169,1
RANDOM_NATURAL,2357225,0
RANDOM_NATURAL,2358171,1
RANDOM_NATURAL,2361253,1
RANDOM_NATURAL,2362476,0
RANDOM_NATURAL,2362881,1
RANDOM_NATURAL,2363524,1
RANDOM_NATURAL,2363874,1
RANDOM_NATURAL,2365704,1
RANDOM_NATURAL,2368195,1
RANDOM_NATURAL,2371323,1
RANDOM_NATURAL,2373866,1
RANDOM_NATURAL,2374553,1
RANDOM_NATURAL,2377133,1
RANDOM_NATURAL,2378248,1
RANDOM_NATURAL,2379234,1
RANDOM_NATURAL,2379609,1
RANDOM_NATURAL,2380398,0
RANDOM_NATURAL,2384160,1
RANDOM_NATURAL,2385589,1
RANDOM_NATURAL,2385935,1
RANDOM_NATURAL,2386923,1
RANDOM_NATURAL,2390656,0
RANDOM_NATURAL,2392483,1
RANDOM_NATURAL,2394200,0
RANDOM_NATURAL,2395890,0
RANDOM_NATURAL,2397671,1
RANDOM_NATURAL,2398988,1
RANDOM_NATURAL,2399109,1
RANDOM_NATURAL,2399111,1
RANDOM_NATURAL,2401724,0
RANDOM_NATURAL,2403510,1
RANDOM_NATURAL,2403872,1
RANDOM_NATURAL,2404813,1
RANDOM_NATURAL,2404840,1
RANDOM_NATURAL,2406735,1
RANDOM_NATURAL,2406817,1
RANDOM_NATURAL,2409454,1
RANDOM_NATURAL,2410265,0
RANDOM_NATURAL,2410776,1
RANDOM_NATURAL,2411702,1
RANDOM_NATURAL,2412962,1
RANDOM_NATURAL,2413474,1
RANDOM_NATURAL,2414728,1
RANDOM_NATURAL,2417384,0
RANDOM_NATURAL,2417959,1
RANDOM_NATURAL,2419395,1
RANDOM_NATURAL,2421726,0
RANDOM_NATURAL,2423634,1
RANDOM_NATURAL,2423884,1
RANDOM_NATURAL,2425182,1
RANDOM_NATURAL,2427676,1
RANDOM_NATURAL,2429331,1
RANDOM_NATURAL,2430831,1
RANDOM_NATURAL,2432452,1
RANDOM_NATURAL,2434058,1
RANDOM_NATURAL,2434134,1
RANDOM_NATURAL,2435007,1
RANDOM_NATURAL,2435401,1
RANDOM_NATURAL,2435759,1
RANDOM_NATURAL,2435845,0
RANDOM_NATURAL,2437598,1
RANDOM_NATURAL,2439311,1
RANDOM_NATURAL,2440925,1
RANDOM_NATURAL,2441528,1
RANDOM_NATURAL,2442660,1
RANDOM_NATURAL,2444163,0
RANDOM_NATURAL,2445417,1
RANDOM_NATURAL,2449216,1
RANDOM_NATURAL,2452310,1
RANDOM_NATURAL,2452840,1
RANDOM_NATURAL,2454432,1
RANDOM_NATURAL,2457277,1
RANDOM_NATURAL,2458365,1
RANDOM_NATURAL,2458594,1
RANDOM_NATURAL,2458896,1
RANDOM_NATURAL,2459136,1
RANDOM_NATURAL,2459806,1
RANDOM_NATURAL,2460867,1
RANDOM_NATURAL,2461188,1
RANDOM_NATURAL,2461575,1
RANDOM_NATURAL,2464521,1
RANDOM_NATURAL,2464967,1
RANDOM_NATURAL,2466424,0
RANDOM_NATURAL,2469735,1
RANDOM_NATURAL,2471226,1
RANDOM_NATURAL,2473021,1
RANDOM_NATURAL,2479535,1
RANDOM_NATURAL,2479889,0
RANDOM_NATURAL,2480806,1
RANDOM_NATURAL,2481703,0
RANDOM_NATURAL,2482328,0
RANDOM_NATURAL,2483495,1
RANDOM_NATURAL,2484233,1
RANDOM_NATURAL,2484455,1
RANDOM_NATURAL,2486310,1
RANDOM_NATURAL,2487747,1
RANDOM_NATURAL,2487775,1
RANDOM_NATURAL,2488027,1
RANDOM_NATURAL,2489391,1
RANDOM_NATURAL,2489614,0
RANDOM_NATURAL,2496136,1
RANDOM_NATURAL,2496318,0
RANDOM_NATURAL,2496543,1
RANDOM_NATURAL,2498249,1
RANDOM_NATURAL,2499700,1
RANDOM_NATURAL,2500611,1
RANDOM_NATURAL,2501254,1
RANDOM_NATURAL,2503228,1
RANDOM_NATURAL,2504402,1
RANDOM_NATURAL,2504540,1
RANDOM_NATURAL,2505356,1
RANDOM_NATURAL,2506069,1
RANDOM_NATURAL,2509074,1
RANDOM_NATURAL,2513519,1
RANDOM_NATURAL,2513861,1
RANDOM_NATURAL,2514234,1
RANDOM_NATURAL,2515534,1
RANDOM_NATURAL,2516071,1
RANDOM_NATURAL,2517787,0
RANDOM_NATURAL,2517803,1
RANDOM_NATURAL,2518580,1
RANDOM_NATURAL,2519383,1
RANDOM_NATURAL,2521581,1
RANDOM_NATURAL,2522195,1
RANDOM_NATURAL,2522493,1
RANDOM_NATURAL,2523092,1
RANDOM_NATURAL,2523390,1
RANDOM_NATURAL,2524906,1
RANDOM_NATURAL,2527604,1
RANDOM_NATURAL,2528133,1
RANDOM_NATURAL,2529180,1
RANDOM_NATURAL,2536794,1
RANDOM_NATURAL,2539315,1
RANDOM_NATURAL,2539701,1
RANDOM_NATURAL,2540132,0
RANDOM_NATURAL,2543624,1
RANDOM_NATURAL,2545153,1
RANDOM_NATURAL,2545696,1
RANDOM_NATURAL,2547962,1
RANDOM_NATURAL,2548005,1
RANDOM_NATURAL,2550430,1
RANDOM_NATURAL,2550661,1
RANDOM_NATURAL,2551109,1
RANDOM_NATURAL,2553111,1
RANDOM_NATURAL,2554124,1
RANDOM_NATURAL,2554260,1
RANDOM_NATURAL,2557092,1
RANDOM_NATURAL,2560269,1
RANDOM_NATURAL,2560726,1
RANDOM_NATURAL,2561529,1
RANDOM_NATURAL,2562253,1
RANDOM_NATURAL,2562419,1
RANDOM_NATURAL,2567040,1
RANDOM_NATURAL,2567518,1
RANDOM_NATURAL,2570096,1
RANDOM_NATURAL,2571772,1
RANDOM_NATURAL,2572902,0
RANDOM_NATURAL,2573510,1
RANDOM_NATURAL,2574429,1
RANDOM_NATURAL,2576755,1
RANDOM_NATURAL,2577006,1
RANDOM_NATURAL,2577110,1
RANDOM_NATURAL,2577372,1
RANDOM_NATURAL,2577876,1
RANDOM_NATURAL,2578031,1
RANDOM_NATURAL,2579574,1
RANDOM_NATURAL,2579588,1
RANDOM_NATURAL,2580465,1
RANDOM_NATURAL,2580741,1
RANDOM_NATURAL,2582351,1
RANDOM_NATURAL,2582745,1
RANDOM_NATURAL,2587338,0
RANDOM_NATURAL,2587806,1
RANDOM_NATURAL,2588824,1
RANDOM_NATURAL,2589323,1
RANDOM_NATURAL,2590388,0
RANDOM_NATURAL,2590426,1
RANDOM_NATURAL,2590638,0
RANDOM_NATURAL,2594066,1
RANDOM_NATURAL,2594173,1
RANDOM_NATURAL,2594423,1
RANDOM_NATURAL,2595340,1
RANDOM_NATURAL,2595395,0
RANDOM_NATURAL,2596104,1
RANDOM_NATURAL,2597202,1
RANDOM_NATURAL,2599374,1
RANDOM_NATURAL,2601962,1
RANDOM_NATURAL,2602436,1
RANDOM_NATURAL,2602606,1
RANDOM_NATURAL,2612125,1
RANDOM_NATURAL,2613261,0
RANDOM_NATURAL,2614260,1
RANDOM_NATURAL,2615264,1
RANDOM_NATURAL,2617931,1
RANDOM_NATURAL,2621108,1
RANDOM_NATURAL,2623397,0
RANDOM_NATURAL,2625034,1
RANDOM_NATURAL,2626803,1
RANDOM_NATURAL,2628140,1
RANDOM_NATURAL,2629120,1
RANDOM_NATURAL,2630693,0
RANDOM_NATURAL,2631061,1
RANDOM_NATURAL,2631712,1
RANDOM_NATURAL,2632229,1
RANDOM_NATURAL,2633367,1
RANDOM_NATURAL,2636188,0
RANDOM_NATURAL,2636527,1
RANDOM_NATURAL,2637478,0
RANDOM_NATURAL,2638932,1
RANDOM_NATURAL,2639625,1
RANDOM_NATURAL,2640014,0
RANDOM_NATURAL,2640563,1
RANDOM_NATURAL,2640746,1
RANDOM_NATURAL,2640944,1
RANDOM_NATURAL,2641412,1
RANDOM_NATURAL,2641928,1
RANDOM_NATURAL,2643347,1
RANDOM_NATURAL,2644020,1
RANDOM_NATURAL,2644535,1
RANDOM_NATURAL,2645217,1
RANDOM_NATURAL,2648008,1
RANDOM_NATURAL,2649196,1
RANDOM_NATURAL,2650960,1
RANDOM_NATURAL,2651842,1
RANDOM_NATURAL,2653619,1
RANDOM_NATURAL,2654341,1
RANDOM_NATURAL,2654487,1
RANDOM_NATURAL,2654615,1
RANDOM_NATURAL,2656108,1
RANDOM_NATURAL,2658630,0
RANDOM_NATURAL,2661734,1
RANDOM_NATURAL,2664380,1
RANDOM_NATURAL,2669948,1
RANDOM_NATURAL,2670049,1
RANDOM_NATURAL,2671195,1
RANDOM_NATURAL,2671472,1
RANDOM_NATURAL,2673832,1
RANDOM_NATURAL,2673981,1
RANDOM_NATURAL,2674003,1
RANDOM_NATURAL,2674833,1
RANDOM_NATURAL,2675021,1
RANDOM_NATURAL,2675406,1
RANDOM_NATURAL,2676960,1
RANDOM_NATURAL,2677958,0
RANDOM_NATURAL,2678052,1
RANDOM_NATURAL,2679315,0
RANDOM_NATURAL,2679385,1
RANDOM_NATURAL,2681920,1
RANDOM_NATURAL,2682313,1
RANDOM_NATURAL,2684843,1
RANDOM_NATURAL,2685251,1
RANDOM_NATURAL,2685268,1
RANDOM_NATURAL,2687280,1
RANDOM_NATURAL,2687546,0
RANDOM_NATURAL,2690971,1
RANDOM_NATURAL,2692291,0
RANDOM_NATURAL,2692697,1
RANDOM_NATURAL,2694771,1
RANDOM_NATURAL,2697424,1
RANDOM_NATURAL,2707092,1
RANDOM_NATURAL,2708619,1
RANDOM_NATURAL,2712810,0
RANDOM_NATURAL,2713915,1
RANDOM_NATURAL,2714714,1
RANDOM_NATURAL,2716407,1
RANDOM_NATURAL,2716682,1
RANDOM_NATURAL,2718612,1
RANDOM_NATURAL,2720417,1
RANDOM_NATURAL,2723228,1
RANDOM_NATURAL,2726394,1
RANDOM_NATURAL,2727061,1
RANDOM_NATURAL,2728151,1
RANDOM_NATURAL,2728530,1
RANDOM_NATURAL,2729172,1
RANDOM_NATURAL,2729568,1
RANDOM_NATURAL,2730246,1
RANDOM_NATURAL,2730432,1
RANDOM_NATURAL,2735046,1
RANDOM_NATURAL,2735590,1
RANDOM_NATURAL,2736373,1
RANDOM_NATURAL,2742177,1
RANDOM_NATURAL,2744471,1
RANDOM_NATURAL,2747123,1
RANDOM_NATURAL,2747252,1
RANDOM_NATURAL,2748762,1
RANDOM_NATURAL,2750274,0
RANDOM_NATURAL,2752228,1
RANDOM_NATURAL,2752298,1
RANDOM_NATURAL,2753127,0
RANDOM_NATURAL,2754469,1
RANDOM_NATURAL,2755920,1
RANDOM_NATURAL,2756099,1
RANDOM_NATURAL,2758690,0
RANDOM_NATURAL,2760556,0
RANDOM_NATURAL,2761356,1
RANDOM_NATURAL,2761408,1
RANDOM_NATURAL,2761562,1
RANDOM_NATURAL,2766795,1
RANDOM_NATURAL,2767169,1
RANDOM_NATURAL,2768161,1
RANDOM_NATURAL,2768258,1
RANDOM_NATURAL,2768555,1
RANDOM_NATURAL,2768933,1
RANDOM_NATURAL,2772703,1
RANDOM_NATURAL,2774391,1
RANDOM_NATURAL,2777044,1
RANDOM_NATURAL,2777649,1
RANDOM_NATURAL,2780601,1
RANDOM_NATURAL,2780656,1
RANDOM_NATURAL,2780924,1
RANDOM_NATURAL,2781675,1
RANDOM_NATURAL,2782100,1
RANDOM_NATURAL,2782903,1
RANDOM_NATURAL,2784424,1
RANDOM_NATURAL,2785339,1
RANDOM_NATURAL,2787193,1
RANDOM_NATURAL,2787481,1
RANDOM_NATURAL,2788895,1
RANDOM_NATURAL,2789786,1
RANDOM_NATURAL,2789810,1
RANDOM_NATURAL,2792620,1
RANDOM_NATURAL,2792889,1
RANDOM_NATURAL,2794594,1
RANDOM_NATURAL,2794947,1
RANDOM_NATURAL,2794959,1
RANDOM_NATURAL,2796119,1
RANDOM_NATURAL,2796403,1
RANDOM_NATURAL,2796681,1
RANDOM_NATURAL,2798395,1
RANDOM_NATURAL,2798596,1
RANDOM_NATURAL,2800444,1
RANDOM_NATURAL,2800575,1
RANDOM_NATURAL,2800835,1
RANDOM_NATURAL,2801869,1
RANDOM_NATURAL,2802003,1
RANDOM_NATURAL,2803548,1
RANDOM_NATURAL,2803993,1
RANDOM_NATURAL,2804807,1
RANDOM_NATURAL,2805619,1
RANDOM_NATURAL,2806391,1
RANDOM_NATURAL,2806439,1
RANDOM_NATURAL,2806873,1
RANDOM_NATURAL,2807483,1
RANDOM_NATURAL,2808866,1
RANDOM_NATURAL,2808896,1
RANDOM_NATURAL,2810076,1
RANDOM_NATURAL,2810538,1
RANDOM_NATURAL,2812298,1
RANDOM_NATURAL,2812625,1
RANDOM_NATURAL,2813733,1
RANDOM_NATURAL,2813766,1
RANDOM_NATURAL,2813835,1
RANDOM_NATURAL,2815107,1
RANDOM_NATURAL,2815584,1
RANDOM_NATURAL,2815835,1
RANDOM_NATURAL,2816780,1
RANDOM_NATURAL,2816957,1
RANDOM_NATURAL,2817428,1
RANDOM_NATURAL,2818880,1
RANDOM_NATURAL,2819553,1
RANDOM_NATURAL,2819575,1
RANDOM_NATURAL,2819957,1
RANDOM_NATURAL,2820387,1
RANDOM_NATURAL,2821015,1
RANDOM_NATURAL,2821383,1
RANDOM_NATURAL,2822024,1
RANDOM_NATURAL,2823037,1
RANDOM_NATURAL,2824566,1
RANDOM_NATURAL,2824606,1
RANDOM_NATURAL,2826139,1
RANDOM_NATURAL,2826413,1
RANDOM_NATURAL,2826912,1
RANDOM_NATURAL,2827606,1
RANDOM_NATURAL,2828330,1
RANDOM_NATURAL,2828466,1
RANDOM_NATURAL,2830309,1
RANDOM_NATURAL,2830743,1
RANDOM_NATURAL,2830850,1
RANDOM_NATURAL,2831823,1
RANDOM_NATURAL,2832117,1
RANDOM_NATURAL,2836770,1
RANDOM_NATURAL,2836827,1
RANDOM_NATURAL,2837117,1
RANDOM_NATURAL,2837201,1
RANDOM_NATURAL,2837389,1
RANDOM_NATURAL,2837933,1
RANDOM_NATURAL,2840128,1
RANDOM_NATURAL,2840614,1
RANDOM_NATURAL,2840634,1
RANDOM_NATURAL,2841344,1
RANDOM_NATURAL,2841379,1
RANDOM_NATURAL,2842742,1
RANDOM_NATURAL,2844332,1
RANDOM_NATURAL,2844656,1
RANDOM_NATURAL,2845034,1
RANDOM_NATURAL,2845249,1
RANDOM_NATURAL,2845987,1
RANDOM_NATURAL,2848733,1
RANDOM_NATURAL,2852266,1
RANDOM_NATURAL,2852682,1
RANDOM_NATURAL,2853082,1
RANDOM_NATURAL,2855104,1
RANDOM_NATURAL,2855463,1
RANDOM_NATURAL,2856707,1
RANDOM_NATURAL,2856984,1
RANDOM_NATURAL,2857020,1
RANDOM_NATURAL,2858530,1
RANDOM_NATURAL,2859472,1
RANDOM_NATURAL,2859748,1
RANDOM_NATURAL,2860890,1
RANDOM_NATURAL,2861220,1
RANDOM_NATURAL,2861497,1
RANDOM_NATURAL,2861998,1
RANDOM_NATURAL,2863506,1
RANDOM_NATURAL,2864493,1
RANDOM_NATURAL,2867191,1
RANDOM_NATURAL,2867793,1
RANDOM_NATURAL,2868067,1
RANDOM_NATURAL,2870739,1
RANDOM_NATURAL,2870986,1
RANDOM_NATURAL,2871226,1
RANDOM_NATURAL,2871390,1
RANDOM_NATURAL,2872675,1
RANDOM_NATURAL,2872730,1
RANDOM_NATURAL,2873039,1
RANDOM_NATURAL,2874865,1
RANDOM_NATURAL,2875437,1
RANDOM_NATURAL,2876166,1
RANDOM_NATURAL,2877690,1
RANDOM_NATURAL,2878531,1
RANDOM_NATURAL,2879578,1
RANDOM_NATURAL,2880088,1
RANDOM_NATURAL,2880479,1
RANDOM_NATURAL,2880598,1
RANDOM_NATURAL,2880636,1
RANDOM_NATURAL,2882346,1
RANDOM_NATURAL,2882762,1
RANDOM_NATURAL,2883236,1
RANDOM_NATURAL,2884742,1
RANDOM_NATURAL,2886851,1
RANDOM_NATURAL,2887790,1
RANDOM_NATURAL,2889442,1
RANDOM_NATURAL,2890236,1
RANDOM_NATURAL,2891602,1
RANDOM_NATURAL,2891688,1
RANDOM_NATURAL,2892168,1
RANDOM_NATURAL,2892294,1
RANDOM_NATURAL,2892425,1
RANDOM_NATURAL,2892557,1
RANDOM_NATURAL,2893151,1
RANDOM_NATURAL,2893632,1
RANDOM_NATURAL,2893774,1
RANDOM_NATURAL,2893829,1
RANDOM_NATURAL,2894107,1
RANDOM_NATURAL,2894488,1
RANDOM_NATURAL,2895294,1
RANDOM_NATURAL,2896264,1
RANDOM_NATURAL,2896686,1
RANDOM_NATURAL,2898588,1
RANDOM_NATURAL,2898662,1
RANDOM_NATURAL,2898828,1
RANDOM_NATURAL,2905995,1
RANDOM_NATURAL,2906235,1
RANDOM_NATURAL,2906750,1
RANDOM_NATURAL,2907038,1
RANDOM_NATURAL,2907057,1
RANDOM_NATURAL,2907656,1
RANDOM_NATURAL,2907928,1
RANDOM_NATURAL,2907990,1
RANDOM_NATURAL,2908490,1
RANDOM_NATURAL,2909058,1
RANDOM_NATURAL,2909759,1
RANDOM_NATURAL,2910939,1
RANDOM_NATURAL,2910955,1
RANDOM_NATURAL,2911710,1
RANDOM_NATURAL,2912287,1
RANDOM_NATURAL,2912511,1
RANDOM_NATURAL,2912714,1
RANDOM_NATURAL,2912848,1
RANDOM_NATURAL,2913959,1
RANDOM_NATURAL,2915849,1
RANDOM_NATURAL,2915963,1
RANDOM_NATURAL,2916774,1
RANDOM_NATURAL,2917016,1
RANDOM_NATURAL,2917218,1
RANDOM_NATURAL,2917744,1
RANDOM_NATURAL,2917949,1
RANDOM_NATURAL,2917996,1
RANDOM_NATURAL,2918319,1
RANDOM_NATURAL,2918863,1
RANDOM_NATURAL,2919168,1
RANDOM_NATURAL,2920374,1
RANDOM_NATURAL,2921020,1
RANDOM_NATURAL,2921300,1
RANDOM_NATURAL,2924018,1
RANDOM_NATURAL,2925463,1
RANDOM_NATURAL,2927121,1
RANDOM_NATURAL,2928194,1
RANDOM_NATURAL,2930879,1
RANDOM_NATURAL,2931118,1
RANDOM_NATURAL,2934641,1
RANDOM_NATURAL,2934857,1
RANDOM_NATURAL,2935529,1
RANDOM_NATURAL,2935564,1
RANDOM_NATURAL,2936653,1
RANDOM_NATURAL,2936860,1
RANDOM_NATURAL,2938181,1
RANDOM_NATURAL,2938308,1
RANDOM_NATURAL,2938896,1
RANDOM_NATURAL,2940355,1
RANDOM_NATURAL,2941513,1
RANDOM_NATURAL,2941615,1
RANDOM_NATURAL,2943115,1
RANDOM_NATURAL,2945984,1
RANDOM_NATURAL,2946061,1
RANDOM_NATURAL,2946601,1
RANDOM_NATURAL,2946794,1
RANDOM_NATURAL,2947073,1
RANDOM_NATURAL,2947145,1
RANDOM_NATURAL,2947587,1
RANDOM_NATURAL,2948080,1
RANDOM_NATURAL,2950793,1
RANDOM_NATURAL,2951520,1
RANDOM_NATURAL,2953859,1
RANDOM_NATURAL,2954199,1
RANDOM_NATURAL,2954810,1
RANDOM_NATURAL,2955220,1
RANDOM_NATURAL,2956163,1
RANDOM_NATURAL,2956530,1
RANDOM_NATURAL,2956531,1
RANDOM_NATURAL,2958487,1
RANDOM_NATURAL,2960411,1
RANDOM_NATURAL,2960705,1
RANDOM_NATURAL,2961741,1
RANDOM_NATURAL,2962690,1
RANDOM_NATURAL,2962738,1
RANDOM_NATURAL,2963602,1
RANDOM_NATURAL,2965836,1
RANDOM_NATURAL,2969763,1
RANDOM_NATURAL,2970651,1
RANDOM_NATURAL,2970736,1
RANDOM_NATURAL,2971086,1
RANDOM_NATURAL,2971866,1
RANDOM_NATURAL,2972845,1
RANDOM_NATURAL,2976306,1
RANDOM_NATURAL,2977100,1
RANDOM_NATURAL,2977168,1
RANDOM_NATURAL,2977703,1
RANDOM_NATURAL,2978466,1
RANDOM_NATURAL,2979464,1
RANDOM_NATURAL,2981382,1
RANDOM_NATURAL,2982116,1
RANDOM_NATURAL,2985855,1
RANDOM_NATURAL,2987270,1
RANDOM_NATURAL,2988138,1
RANDOM_NATURAL,2988366,1
RANDOM_NATURAL,2989391,1
RANDOM_NATURAL,2991185,1
RANDOM_NATURAL,2991984,1
RANDOM_NATURAL,2993061,1
RANDOM_NATURAL,2994344,1
RANDOM_NATURAL,2994373,1
RANDOM_NATURAL,2995367,1
RANDOM_NATURAL,2996141,1
RANDOM_NATURAL,2996210,1
RANDOM_NATURAL,2996535,1
RANDOM_NATURAL,2998839,1
RANDOM_NATURAL,2999745,1
RANDOM_NATURAL,3000134,1
RANDOM_NATURAL,3000791,1
RANDOM_NATURAL,3001103,1
RANDOM_NATURAL,3001635,1
RANDOM_NATURAL,3002180,1
RANDOM_NATURAL,3002295,1
RANDOM_NATURAL,3002660,1
RANDOM_NATURAL,3003830,1
RANDOM_NATURAL,3004138,1
RANDOM_NATURAL,3004166,1
RANDOM_NATURAL,3006157,1
RANDOM_NATURAL,3006828,1
RANDOM_NATURAL,3007523,1
RANDOM_NATURAL,3008042,1
RANDOM_NATURAL,3008662,1
RANDOM_NATURAL,3008834,1
RANDOM_NATURAL,3010194,1
RANDOM_NATURAL,3010355,1
RANDOM_NATURAL,3010690,1
RANDOM_NATURAL,3011173,1
RANDOM_NATURAL,3011256,1
RANDOM_NATURAL,3012281,1
RANDOM_NATURAL,3012296,1
RANDOM_NATURAL,3013050,1
RANDOM_NATURAL,3013689,1
RANDOM_NATURAL,3014126,1
RANDOM_NATURAL,3014830,1
RANDOM_NATURAL,3015018,1
RANDOM_NATURAL,3015534,1
RANDOM_NATURAL,3017341,1
RANDOM_NATURAL,3017409,1
RANDOM_NATURAL,3017929,1
RANDOM_NATURAL,3018496,1
RANDOM_NATURAL,3018579,1
RANDOM_NATURAL,3019422,1
RANDOM_NATURAL,3020679,1
RANDOM_NATURAL,3021498,1
RANDOM_NATURAL,3023323,1
RANDOM_NATURAL,3023597,1
RANDOM_NATURAL,3028011,1
RANDOM_NATURAL,3028487,1
RANDOM_NATURAL,3029184,1
RANDOM_NATURAL,3030887,1
RANDOM_NATURAL,3031778,1
RANDOM_NATURAL,3032305,1
RANDOM_NATURAL,3032867,1
RANDOM_NATURAL,3034784,1
RANDOM_NATURAL,3035183,1
RANDOM_NATURAL,3035708,1
RANDOM_NATURAL,3035966,1
RANDOM_NATURAL,3037676,1
RANDOM_NATURAL,3037761,1
RANDOM_NATURAL,3038371,1
RANDOM_NATURAL,3038519,1
RANDOM_NATURAL,3038751,1
RANDOM_NATURAL,3040514,1
RANDOM_NATURAL,3040727,1
RANDOM_NATURAL,3044213,1
RANDOM_NATURAL,3044331,1
RANDOM_NATURAL,3044764,1
RANDOM_NATURAL,3045084,1
RANDOM_NATURAL,3045211,1
RANDOM_NATURAL,3046180,1
RANDOM_NATURAL,3047135,1
RANDOM_NATURAL,3047402,1
RANDOM_NATURAL,3047842,1
RANDOM_NATURAL,3048921,1
RANDOM_NATURAL,3048959,1
RANDOM_NATURAL,3049955,1
RANDOM_NATURAL,3050146,1
RANDOM_NATURAL,3050294,1
RANDOM_NATURAL,3050810,1
RANDOM_NATURAL,3051693,1
RANDOM_NATURAL,3052353,1
RANDOM_NATURAL,3052848,1
RANDOM_NATURAL,3052986,1
RANDOM_NATURAL,3055108,1
RANDOM_NATURAL,3055420,1
RANDOM_NATURAL,3055675,1
RANDOM_NATURAL,3056559,1
RANDOM_NATURAL,3056814,1
RANDOM_NATURAL,3058376,1
RANDOM_NATURAL,3058662,1
RANDOM_NATURAL,3059021,1
RANDOM_NATURAL,3059637,1
RANDOM_NATURAL,3061805,1
RANDOM_NATURAL,3061923,1
RANDOM_NATURAL,3062009,1
RANDOM_NATURAL,3062051,1
RANDOM_NATURAL,3063410,1
RANDOM_NATURAL,3063711,1
RANDOM_NATURAL,3064305,1
RANDOM_NATURAL,3065741,1
RANDOM_NATURAL,3066236,1
RANDOM_NATURAL,3066612,1
RANDOM_NATURAL,3066987,1
RANDOM_NATURAL,3067090,1
RANDOM_NATURAL,3067570,1
RANDOM_NATURAL,3067959,1
RANDOM_NATURAL,3068401,1
RANDOM_NATURAL,3072420,1
RANDOM_NATURAL,3072598,1
RANDOM_NATURAL,3073767,1
RANDOM_NATURAL,3073939,1
RANDOM_NATURAL,3074593,1
RANDOM_NATURAL,3074653,1
RANDOM_NATURAL,3075327,1
RANDOM_NATURAL,3076149,1
RANDOM_NATURAL,3076961,1
RANDOM_NATURAL,3077309,1
RANDOM_NATURAL,3077538,1
RANDOM_NATURAL,3078036,1
RANDOM_NATURAL,3078403,1
RANDOM_NATURAL,3078709,1
RANDOM_NATURAL,3079095,1
RANDOM_NATURAL,3079371,1
RANDOM_NATURAL,3082299,1
RANDOM_NATURAL,3083079,1
RANDOM_NATURAL,3083362,1
RANDOM_NATURAL,3083627,1
RANDOM_NATURAL,3085051,1
RANDOM_NATURAL,3085861,1
RANDOM_NATURAL,3086395,1
RANDOM_NATURAL,3087008,1
RANDOM_NATURAL,3087064,1
RANDOM_NATURAL,3087066,1
RANDOM_NATURAL,3087786,1
RANDOM_NATURAL,3088748,1
RANDOM_NATURAL,3089576,1
RANDOM_NATURAL,3089896,1
RANDOM_NATURAL,3091288,1
RANDOM_NATURAL,3091563,1
RANDOM_NATURAL,3091750,1
RANDOM_NATURAL,3093120,1
RANDOM_NATURAL,3093842,1
RANDOM_NATURAL,3094299,1
RANDOM_NATURAL,3095650,1
RANDOM_NATURAL,3096116,1
RANDOM_NATURAL,3097270,1
RANDOM_NATURAL,3098227,1
RANDOM_NATURAL,3098845,1
RANDOM_NATURAL,3099023,1
RANDOM_NATURAL,3100285,1
RANDOM_NATURAL,3100290,1
RANDOM_NATURAL,3101917,1
RANDOM_NATURAL,3104234,1
RANDOM_NATURAL,3104741,1
RANDOM_NATURAL,3104830,1
RANDOM_NATURAL,3105449,1
RANDOM_NATURAL,3106017,1
RANDOM_NATURAL,3106976,1
RANDOM_NATURAL,3107159,1
RANDOM_NATURAL,3108654,1
RANDOM_NATURAL,3110215,1
RANDOM_NATURAL,3110850,1
RANDOM_NATURAL,3111735,1
RANDOM_NATURAL,3112126,1
RANDOM_NATURAL,3114169,1
RANDOM_NATURAL,3115764,1
RANDOM_NATURAL,3116010,1
RANDOM_NATURAL,3117291,1
RANDOM_NATURAL,3118314,1
RANDOM_NATURAL,3119088,1
RANDOM_NATURAL,3119115,1
RANDOM_NATURAL,3119783,1
RANDOM_NATURAL,3119843,1
RANDOM_NATURAL,3120015,1
RANDOM_NATURAL,3121875,1
RANDOM_NATURAL,3122327,1
RANDOM_NATURAL,3123118,1
RANDOM_NATURAL,3124119,1
RANDOM_NATURAL,3124757,1
RANDOM_NATURAL,3125124,1
RANDOM_NATURAL,3126407,1
RANDOM_NATURAL,3127735,1
RANDOM_NATURAL,3128897,1
RANDOM_NATURAL,3129105,1
RANDOM_NATURAL,3129140,1
RANDOM_NATURAL,3129574,1
RANDOM_NATURAL,3130217,1
RANDOM_NATURAL,3131293,1
RANDOM_NATURAL,3131478,1
RANDOM_NATURAL,3132099,1
RANDOM_NATURAL,3132329,1
RANDOM_NATURAL,3132902,1
RANDOM_NATURAL,3134874,1
RANDOM_NATURAL,3135249,1
RANDOM_NATURAL,3136635,1
RANDOM_NATURAL,3136778,1
RANDOM_NATURAL,3137948,1
RANDOM_NATURAL,3138539,1
RANDOM_NATURAL,3138738,1
RANDOM_NATURAL,3139528,1
RANDOM_NATURAL,3140410,1
RANDOM_NATURAL,3141026,1
RANDOM_NATURAL,3141681,1
RANDOM_NATURAL,3141716,1
RANDOM_NATURAL,3142646,1
RANDOM_NATURAL,3142680,1
RANDOM_NATURAL,3143633,1
RANDOM_NATURAL,3143964,1
RANDOM_NATURAL,3144448,1
RANDOM_NATURAL,3144664,1
RANDOM_NATURAL,3148626,1
RANDOM_NATURAL,3149060,1
RANDOM_NATURAL,3149194,1
RANDOM_NATURAL,3149309,1
RANDOM_NATURAL,3150203,1
RANDOM_NATURAL,3151195,1
RANDOM_NATURAL,3152071,1
RANDOM_NATURAL,3153294,1
RANDOM_NATURAL,3153474,1
RANDOM_NATURAL,3154702,1
RANDOM_NATURAL,3155005,1
RANDOM_NATURAL,3155405,1
RANDOM_NATURAL,3155585,1
RANDOM_NATURAL,3155743,1
RANDOM_NATURAL,3155830,1
RANDOM_NATURAL,3159140,1
RANDOM_NATURAL,3159821,1
RANDOM_NATURAL,3160353,1
RANDOM_NATURAL,3160630,1
RANDOM_NATURAL,3160664,1
RANDOM_NATURAL,3161539,1
RANDOM_NATURAL,3161746,1
RANDOM_NATURAL,3162206,1
RANDOM_NATURAL,3162229,1
RANDOM_NATURAL,3162703,1
RANDOM_NATURAL,3163669,1
RANDOM_NATURAL,3163697,1
RANDOM_NATURAL,3164623,1
RANDOM_NATURAL,3165519,1
RANDOM_NATURAL,3165556,1
RANDOM_NATURAL,3165724,1
RANDOM_NATURAL,3166033,1
RANDOM_NATURAL,3166572,1
RANDOM_NATURAL,3166869,1
RANDOM_NATURAL,3166907,1
RANDOM_NATURAL,3169109,1
RANDOM_NATURAL,3169535,1
RANDOM_NATURAL,3169796,1
RANDOM_NATURAL,3170182,1
RANDOM_NATURAL,3170319,1
RANDOM_NATURAL,3173117,1
RANDOM_NATURAL,3173507,1
RANDOM_NATURAL,3175029,1
RANDOM_NATURAL,3175250,1
RANDOM_NATURAL,3176556,1
RANDOM_NATURAL,3179295,1
RANDOM_NATURAL,3179528,1
RANDOM_NATURAL,3179807,1
RANDOM_NATURAL,3180381,1
RANDOM_NATURAL,3180478,1
RANDOM_NATURAL,3181290,1
RANDOM_NATURAL,3181991,1
RANDOM_NATURAL,3182965,1
RANDOM_NATURAL,3184699,1
RANDOM_NATURAL,3184972,1
RANDOM_NATURAL,3186092,1
RANDOM_NATURAL,3187035,1
RANDOM_NATURAL,3187076,1
RANDOM_NATURAL,3190074,1
RANDOM_NATURAL,3190279,1
RANDOM_NATURAL,3192303,1
RANDOM_NATURAL,3193273,1
RANDOM_NATURAL,3194424,1
RANDOM_NATURAL,3194854,1
RANDOM_NATURAL,3195731,1
RANDOM_NATURAL,3196949,1
RANDOM_NATURAL,3198322,1
RANDOM_NATURAL,3198740,1
RANDOM_NATURAL,3199328,1
RANDOM_NATURAL,3200286,1
RANDOM_NATURAL,3201869,1
RANDOM_NATURAL,3201872,1
RANDOM_NATURAL,3202650,1
RANDOM_NATURAL,3203614,1
RANDOM_NATURAL,3204160,1
RANDOM_NATURAL,3204628,1
RANDOM_NATURAL,3204846,1
RANDOM_NATURAL,3204918,1
RANDOM_NATURAL,3205132,1
RANDOM_NATURAL,3205598,1
RANDOM_NATURAL,3205805,1
RANDOM_NATURAL,3206097,1
RANDOM_NATURAL,3206317,1
RANDOM_NATURAL,3207512,1
RANDOM_NATURAL,3207747,1
RANDOM_NATURAL,3207942,1
RANDOM_NATURAL,3208176,1
RANDOM_NATURAL,3208246,1
RANDOM_NATURAL,3209598,1
RANDOM_NATURAL,3209758,1
RANDOM_NATURAL,3211141,1
RANDOM_NATURAL,3212200,1
RANDOM_NATURAL,3212628,1
RANDOM_NATURAL,3212729,1
RANDOM_NATURAL,3213224,1
RANDOM_NATURAL,3213371,1
RANDOM_NATURAL,3213383,1
RANDOM_NATURAL,3214364,1
RANDOM_NATURAL,3216417,1
RANDOM_NATURAL,3217547,1
RANDOM_NATURAL,3217720,1
RANDOM_NATURAL,3219197,1
RANDOM_NATURAL,3219960,1
RANDOM_NATURAL,3220767,1
RANDOM_NATURAL,3221014,1
RANDOM_NATURAL,3221074,1
RANDOM_NATURAL,3221912,1
RANDOM_NATURAL,3222181,1
RANDOM_NATURAL,3223121,1
RANDOM_NATURAL,3223223,1
RANDOM_NATURAL,3224060,1
RANDOM_NATURAL,3224498,1
RANDOM_NATURAL,3225031,1
RANDOM_NATURAL,3225945,1
RANDOM_NATURAL,3226349,1
RANDOM_NATURAL,3226662,1
RANDOM_NATURAL,3226833,1
RANDOM_NATURAL,3227837,1
RANDOM_NATURAL,3227953,1
RANDOM_NATURAL,3230013,1
RANDOM_NATURAL,3230029,1
RANDOM_NATURAL,3230289,1
RANDOM_NATURAL,3231782,1
RANDOM_NATURAL,3231844,1
RANDOM_NATURAL,3232876,1
RANDOM_NATURAL,3233293,1
RANDOM_NATURAL,3234477,1
RANDOM_NATURAL,3235603,1
RANDOM_NATURAL,3238013,1
RANDOM_NATURAL,3238609,1
RANDOM_NATURAL,3240571,1
RANDOM_NATURAL,3240590,1
RANDOM_NATURAL,3241990,1
RANDOM_NATURAL,3243339,1
RANDOM_NATURAL,3243564,1
RANDOM_NATURAL,3243644,1
RANDOM_NATURAL,3244240,1
RANDOM_NATURAL,3244859,1
RANDOM_NATURAL,3245869,1
RANDOM_NATURAL,3245903,1
RANDOM_NATURAL,3246497,1
RANDOM_NATURAL,3247502,1
RANDOM_NATURAL,3247849,1
RANDOM_NATURAL,3249907,1
RANDOM_NATURAL,3250919,1
RANDOM_NATURAL,3250934,1
RANDOM_NATURAL,3252644,1
RANDOM_NATURAL,3253946,1
RANDOM_NATURAL,3253948,1
RANDOM_NATURAL,3254892,1
RANDOM_NATURAL,3258491,1
RANDOM_NATURAL,3261083,1
RANDOM_NATURAL,3261244,1
RANDOM_NATURAL,3261697,1
RANDOM_NATURAL,3261983,1
RANDOM_NATURAL,3262005,1
RANDOM_NATURAL,3263920,1
RANDOM_NATURAL,3264242,1
RANDOM_NATURAL,3264352,1
RANDOM_NATURAL,3264448,1
RANDOM_NATURAL,3268226,1
RANDOM_NATURAL,3268255,1
RANDOM_NATURAL,3268869,1
RANDOM_NATURAL,3270109,1
RANDOM_NATURAL,3270242,1
RANDOM_NATURAL,3270527,1
RANDOM_NATURAL,3270885,1
RANDOM_NATURAL,3271311,1
RANDOM_NATURAL,3271805,1
RANDOM_NATURAL,3273153,1
RANDOM_NATURAL,3273293,1
RANDOM_NATURAL,3273476,1
RANDOM_NATURAL,3273873,1
RANDOM_NATURAL,3274240,1
RANDOM_NATURAL,3275102,1
RANDOM_NATURAL,3275443,1
RANDOM_NATURAL,3275957,1
RANDOM_NATURAL,3276049,1
RANDOM_NATURAL,3279311,1
RANDOM_NATURAL,3279400,1
RANDOM_NATURAL,3279564,1
RANDOM_NATURAL,3280475,1
RANDOM_NATURAL,3281987,1
RANDOM_NATURAL,3282572,1
RANDOM_NATURAL,3282682,1
RANDOM_NATURAL,3283646,1
RANDOM_NATURAL,3286728,1
RANDOM_NATURAL,3287531,1
RANDOM_NATURAL,3287875,1
RANDOM_NATURAL,3289778,1
RANDOM_NATURAL,3291265,1
RANDOM_NATURAL,3294150,1
RANDOM_NATURAL,3295463,1
RANDOM_NATURAL,3296433,1
RANDOM_NATURAL,3297265,1
RANDOM_NATURAL,3297851,1
RANDOM_NATURAL,3298252,1
RANDOM_NATURAL,3299465,1
RANDOM_NATURAL,3300057,1
RANDOM_NATURAL,3302220,1
RANDOM_NATURAL,3303029,1
RANDOM_NATURAL,3304598,1
RANDOM_NATURAL,3304818,1
RANDOM_NATURAL,3305869,1
RANDOM_NATURAL,3306371,1
RANDOM_NATURAL,3306918,1
RANDOM_NATURAL,3307667,1
RANDOM_NATURAL,3307672,1
RANDOM_NATURAL,3311990,1
RANDOM_NATURAL,3312426,1
RANDOM_NATURAL,3312578,1
RANDOM_NATURAL,3314302,1
RANDOM_NATURAL,3315151,1
RANDOM_NATURAL,3315182,1
RANDOM_NATURAL,3315199,1
RANDOM_NATURAL,3316066,1
RANDOM_NATURAL,3316126,1
RANDOM_NATURAL,3316252,1
RANDOM_NATURAL,3317085,1
RANDOM_NATURAL,3318537,1
RANDOM_NATURAL,3318591,1
RANDOM_NATURAL,3320094,1
RANDOM_NATURAL,3320698,1
RANDOM_NATURAL,3321305,1
RANDOM_NATURAL,3321775,1
RANDOM_NATURAL,3321875,1
RANDOM_NATURAL,3322565,1
RANDOM_NATURAL,3324725,1
RANDOM_NATURAL,3326249,1
RANDOM_NATURAL,3327591,1
RANDOM_NATURAL,3329723,1
RANDOM_NATURAL,3329843,1
RANDOM_NATURAL,3330132,1
RANDOM_NATURAL,3330528,1
RANDOM_NATURAL,3331141,1
RANDOM_NATURAL,3333042,1
RANDOM_NATURAL,3333242,1
RANDOM_NATURAL,3333846,1
RANDOM_NATURAL,3333865,1
RANDOM_NATURAL,3333884,1
RANDOM_NATURAL,3336128,1
RANDOM_NATURAL,3336496,1
RANDOM_NATURAL,3336955,1
RANDOM_NATURAL,3337045,1
RANDOM_NATURAL,3337406,1
RANDOM_NATURAL,3337674,1
RANDOM_NATURAL,3337913,1
RANDOM_NATURAL,3338581,1
RANDOM_NATURAL,3339249,1
RANDOM_NATURAL,3343289,1
RANDOM_NATURAL,3345263,1
RANDOM_NATURAL,3346391,1
RANDOM_NATURAL,3346495,1
RANDOM_NATURAL,3379269,0
RANDOM_NATURAL,3383949,0
RANDOM_NATURAL,3388819,0
RANDOM_NATURAL,3390484,0
RANDOM_NATURAL,3393901,0
RANDOM_NATURAL,3403965,0
RANDOM_NATURAL,3421180,0
RANDOM_NATURAL,3422891,0
RANDOM_NATURAL,3423664,0
RANDOM_NATURAL,3430789,0
RANDOM_NATURAL,3448838,0
RANDOM_NATURAL,3453279,0
RANDOM_NATURAL,3455733,0
RANDOM_NATURAL,3460079,0
RANDOM_NATURAL,3468756,0
RANDOM_NATURAL,3482349,0
RANDOM_NATURAL,3482474,0
RANDOM_NATURAL,3485809,0
RANDOM_NATURAL,3496900,0
RANDOM_NATURAL,3497654,0
RANDOM_NATURAL,3499715,0
RANDOM_NATURAL,3502482,0
RANDOM_NATURAL,3512128,0
RANDOM_NATURAL,3513331,0
RANDOM_NATURAL,3516889,0
RANDOM_NATURAL,3532932,0
RANDOM_NATURAL,3535501,0
RANDOM_NATURAL,3543886,0
RANDOM_NATURAL,3544134,0
RANDOM_NATURAL,3548110,0
RANDOM_NATURAL,3558192,0
RANDOM_NATURAL,3567524,0
RANDOM_NATURAL,3570461,0
RANDOM_NATURAL,3577928,0
RANDOM_NATURAL,3579099,0
RANDOM_NATURAL,3585874,0
RANDOM_NATURAL,3588266,0
RANDOM_NATURAL,3590793,0
RANDOM_NATURAL,3591102,0
RANDOM_NATURAL,3598830,0
RANDOM_NATURAL,3604895,0
RANDOM_NATURAL,3605435,0
RANDOM_NATURAL,3605659,0
RANDOM_NATURAL,3607668,0
RANDOM_NATURAL,3609592,0
RANDOM_NATURAL,3609981,0
RANDOM_NATURAL,3611608,0
RANDOM_NATURAL,3612228,0
RANDOM_NATURAL,3628241,0
RANDOM_NATURAL,3628818,0
RANDOM_NATURAL,3631554,0
RANDOM_NATURAL,3632214,0
RANDOM_NATURAL,3632569,0
RANDOM_NATURAL,3638092,0
RANDOM_NATURAL,3639351,0
RANDOM_NATURAL,3645813,0
RANDOM_NATURAL,3646606,0
RANDOM_NATURAL,3647136,0
RANDOM_NATURAL,3647954,0
RANDOM_NATURAL,3656922,0
RANDOM_NATURAL,3660118,0
RANDOM_NATURAL,3670777,0
RANDOM_NATURAL,3676721,0
RANDOM_NATURAL,3681418,0
RANDOM_NATURAL,3681499,0
RANDOM_NATURAL,3682340,0
RANDOM_NATURAL,3683286,0
RANDOM_NATURAL,3685218,0
RANDOM_NATURAL,3687462,0
RANDOM_NATURAL,3689048,0
RANDOM_NATURAL,3691283,0
RANDOM_NATURAL,3694279,0
RANDOM_NATURAL,3696018,0
RANDOM_NATURAL,3696113,0
RANDOM_NATURAL,3696930,0
RANDOM_NATURAL,3700517,0
RANDOM_NATURAL,3702090,0
RANDOM_NATURAL,3705208,0
RANDOM_NATURAL,3707578,0
RANDOM_NATURAL,3716815,0
RANDOM_NATURAL,3718816,0
RANDOM_NATURAL,3729756,0
RANDOM_NATURAL,3730263,0
RANDOM_NATURAL,3742538,0
RANDOM_NATURAL,3751876,0
RANDOM_NATURAL,3753822,0
RANDOM_NATURAL,3757292,0
RANDOM_NATURAL,3758252,0
RANDOM_NATURAL,3774267,0
RANDOM_NATURAL,3787304,0
RANDOM_NATURAL,3787957,0
RANDOM_NATURAL,3792683,0
RANDOM_NATURAL,3795283,0
RANDOM_NATURAL,3798242,0
RANDOM_NATURAL,3798439,0
RANDOM_NATURAL,3800562,0
RANDOM_NATURAL,3811495,0
RANDOM_NATURAL,3812487,0
RANDOM_NATURAL,3817606,0
RANDOM_NATURAL,3818484,0
RANDOM_NATURAL,3820912,0
RANDOM_NATURAL,3835875,0
RANDOM_NATURAL,3842544,0
RANDOM_NATURAL,3844510,0
RANDOM_NATURAL,3844802,0
RANDOM_NATURAL,3849651,0
RANDOM_NATURAL,3855934,0
RANDOM_NATURAL,3859721,0
RANDOM_NATURAL,3862883,0
RANDOM_NATURAL,3866476,0
RANDOM_NATURAL,3867845,0
RANDOM_NATURAL,3871226,0
RANDOM_NATURAL,3877452,0
RANDOM_NATURAL,3878630,0
RANDOM_NATURAL,3887472,0
RANDOM_NATURAL,3889658,0
RANDOM_NATURAL,3894717,0
RANDOM_NATURAL,3904744,0
RANDOM_NATURAL,3905140,0
RANDOM_NATURAL,3908842,0
RANDOM_NATURAL,3913838,0
RANDOM_NATURAL,3915969,0
RANDOM_NATURAL,3916498,0
RANDOM_NATURAL,3926759,0
RANDOM_NATURAL,3934517,0
RANDOM_NATURAL,3936610,0
RANDOM_NATURAL,3938352,0
RANDOM_NATURAL,3952854,0
RANDOM_NATURAL,3970809,0
RANDOM_NATURAL,3973477,0
RANDOM_NATURAL,3996067,0
RANDOM_NATURAL,4001917,0
RANDOM_NATURAL,4015357,0
RANDOM_NATURAL,4018722,0
RANDOM_NATURAL,4019105,0
RANDOM_NATURAL,4023991,0
RANDOM_NATURAL,4024367,0
RANDOM_NATURAL,4033899,0
RANDOM_NATURAL,4035924,0
RANDOM_NATURAL,4036279,0
RANDOM_NATURAL,4036957,0
RANDOM_NATURAL,4037968,0
RANDOM_NATURAL,4042887,0
RANDOM_NATURAL,4059344,0
RANDOM_NATURAL,4059375,0
RANDOM_NATURAL,4061179,0
RANDOM_NATURAL,4074758,0
RANDOM_NATURAL,4077276,0
RANDOM_NATURAL,4084399,0
RANDOM_NATURAL,4085619,0
RANDOM_NATURAL,4085681,0
RANDOM_NATURAL,4089268,0
RANDOM_NATURAL,4091397,0
RANDOM_NATURAL,4092241,0
RANDOM_NATURAL,4100649,0
RANDOM_NATURAL,4105256,0
RANDOM_NATURAL,4108968,0
RANDOM_NATURAL,4110295,0
RANDOM_NATURAL,4110841,0
RANDOM_NATURAL,4117530,0
RANDOM_NATURAL,4118060,0
RANDOM_NATURAL,4123565,0
RANDOM_NATURAL,4129195,0
RANDOM_NATURAL,4132816,0
RANDOM_NATURAL,4133932,0
RANDOM_NATURAL,4136887,0
RANDOM_NATURAL,4147886,0
RANDOM_NATURAL,4158220,0
RANDOM_NATURAL,4163911,0
RANDOM_NATURAL,4175002,0
RANDOM_NATURAL,4178748,0
RANDOM_NATURAL,4195103,0
RANDOM_NATURAL,4202540,0
RANDOM_NATURAL,4226439,0
RANDOM_NATURAL,4229336,0
RANDOM_NATURAL,4251303,0
RANDOM_NATURAL,4252345,0
RANDOM_NATURAL,4253329,0
RANDOM_NATURAL,4262884,0
RANDOM_NATURAL,4267840,0
RANDOM_NATURAL,4269070,0
RANDOM_NATURAL,4271380,0
RANDOM_NATURAL,4276555,0
RANDOM_NATURAL,4284655,0
RANDOM_NATURAL,4291125,0
RANDOM_NATURAL,4300782,0
RANDOM_NATURAL,4306844,0
RANDOM_NATURAL,4307914,0
RANDOM_NATURAL,4309962,0
RANDOM_NATURAL,4319961,0
RANDOM_NATURAL,4322007,0
RANDOM_NATURAL,4322038,0
RANDOM_NATURAL,4324266,0
RANDOM_NATURAL,4324280,0
RANDOM_NATURAL,4341921,0
RANDOM_NATURAL,4343496,0
RANDOM_NATURAL,4343749,0
RANDOM_NATURAL,4354623,0
RANDOM_NATURAL,4359629,0
RANDOM_NATURAL,4362909,0
RANDOM_NATURAL,4372121,0
RANDOM_NATURAL,4375315,0
RANDOM_NATURAL,4376333,0
RANDOM_NATURAL,4380238,0
RANDOM_NATURAL,4382977,0
RANDOM_NATURAL,4386357,0
RANDOM_NATURAL,4398925,0
RANDOM_NATURAL,4398935,0
RANDOM_NATURAL,4404124,0
RANDOM_NATURAL,4412290,0
RANDOM_NATURAL,4420958,0
RANDOM_NATURAL,4427314,0
RANDOM_NATURAL,4427358,0
RANDOM_NATURAL,4431619,0
RANDOM_NATURAL,4433585,0
RANDOM_NATURAL,4440563,0
RANDOM_NATURAL,4449153,0
RANDOM_NATURAL,4451561,0
RANDOM_NATURAL,4452191,0
RANDOM_NATURAL,4452324,0
RANDOM_NATURAL,4470952,0
RANDOM_NATURAL,4471549,0
RANDOM_NATURAL,4479075,0
RANDOM_NATURAL,4485093,0
RANDOM_NATURAL,4485487,0
RANDOM_NATURAL,4488674,0
RANDOM_NATURAL,4489129,0
RANDOM_NATURAL,4490954,0
RANDOM_NATURAL,4498368,0
RANDOM_NATURAL,4501413,0
RANDOM_NATURAL,4503937,0
RANDOM_NATURAL,4510503,0
RANDOM_NATURAL,4515021,0
RANDOM_NATURAL,4516661,0
RANDOM_NATURAL,4518601,0
RANDOM_NATURAL,4523902,0
RANDOM_NATURAL,4525190,0
RANDOM_NATURAL,4529474,0
RANDOM_NATURAL,4529494,0
RANDOM_NATURAL,4529837,0
RANDOM_NATURAL,4545769,0
RANDOM_NATURAL,4558975,0
RANDOM_NATURAL,4561596,0
RANDOM_NATURAL,4566146,0
RANDOM_NATURAL,4567513,0
RANDOM_NATURAL,4567648,0
RANDOM_NATURAL,4572471,0
RANDOM_NATURAL,4576427,0
RANDOM_NATURAL,4604324,0
RANDOM_NATURAL,4604625,0
RANDOM_NATURAL,4609178,0
RANDOM_NATURAL,4620295,0
RANDOM_NATURAL,4631938,0
RANDOM_NATURAL,4636248,0
RANDOM_NATURAL,4639254,0
RANDOM_NATURAL,4644043,0
RANDOM_NATURAL,4644253,0
RANDOM_NATURAL,4644483,0
RANDOM_NATURAL,4652464,0
RANDOM_NATURAL,4654457,0
RANDOM_NATURAL,4658988,0
RANDOM_NATURAL,4662656,0
RANDOM_NATURAL,4669108,0
RANDOM_NATURAL,4677763,0
RANDOM_NATURAL,4685633,0
RANDOM_NATURAL,4702289,0
RANDOM_NATURAL,4703762,0
RANDOM_NATURAL,4707203,0
RANDOM_NATURAL,4707743,0
RANDOM_NATURAL,4708415,0
RANDOM_NATURAL,4715455,0
RANDOM_NATURAL,4716401,0
RANDOM_NATURAL,4718543,0
RANDOM_NATURAL,4720996,0
RANDOM_NATURAL,4732883,0
RANDOM_NATURAL,4732933,0
RANDOM_NATURAL,4735598,0
RANDOM_NATURAL,4748679,0
RANDOM_NATURAL,4759435,0
RANDOM_NATURAL,4780941,0
RANDOM_NATURAL,4782692,0
RANDOM_NATURAL,4794210,0
RANDOM_NATURAL,4794433,0
RANDOM_NATURAL,4800233,0
RANDOM_NATURAL,4800331,0
RANDOM_NATURAL,4805484,0
RANDOM_NATURAL,4815803,0
RANDOM_NATURAL,4833311,0
RANDOM_NATURAL,4837407,0
RANDOM_NATURAL,4838583,0
RANDOM_NATURAL,4840944,0
RANDOM_NATURAL,4844876,0
RANDOM_NATURAL,4848053,0
RANDOM_NATURAL,4870107,0
RANDOM_NATURAL,4875236,0
RANDOM_NATURAL,4878093,0
RANDOM_NATURAL,4878985,0
RANDOM_NATURAL,4879961,0
RANDOM_NATURAL,4885700,0
RANDOM_NATURAL,4894639,0
RANDOM_NATURAL,4899809,0
RANDOM_NATURAL,4912471,0
RANDOM_NATURAL,4923317,0
RANDOM_NATURAL,4930429,0
RANDOM_NATURAL,4935517,0
RANDOM_NATURAL,4935846,0
RANDOM_NATURAL,4936942,0
RANDOM_NATURAL,4950101,0
RANDOM_NATURAL,4950144,0
RANDOM_NATURAL,4951682,0
RANDOM_NATURAL,4974099,0
RANDOM_NATURAL,4978809,0
RANDOM_NATURAL,4991000,0
RANDOM_NATURAL,4996451,0
RANDOM_NATURAL,4997316,0
RANDOM_NATURAL,5007735,0
RANDOM_NATURAL,5015489,0
RANDOM_NATURAL,5021651,0
RANDOM_NATURAL,5024436,0
RANDOM_NATURAL,5024851,0
RANDOM_NATURAL,5026272,0
RANDOM_NATURAL,5029126,0
RANDOM_NATURAL,5031202,0
RANDOM_NATURAL,5034767,0
RANDOM_NATURAL,5045477,0
RANDOM_NATURAL,5046373,0
RANDOM_NATURAL,5053687,0
RANDOM_NATURAL,5075888,0
RANDOM_NATURAL,5085264,0
RANDOM_NATURAL,5092193,0
RANDOM_NATURAL,5094591,0
RANDOM_NATURAL,5103695,0
RANDOM_NATURAL,5108667,0
RANDOM_NATURAL,5119515,0
RANDOM_NATURAL,5121216,0
RANDOM_NATURAL,5121335,0
RANDOM_NATURAL,5121465,0
RANDOM_NATURAL,5122121,0
RANDOM_NATURAL,5125346,0
RANDOM_NATURAL,5127224,0
RANDOM_NATURAL,5131353,0
RANDOM_NATURAL,5143515,0
RANDOM_NATURAL,5149516,0
RANDOM_NATURAL,5150038,0
RANDOM_NATURAL,5152319,0
RANDOM_NATURAL,5170691,0
RANDOM_NATURAL,5176468,0
RANDOM_NATURAL,5177950,0
RANDOM_NATURAL,5179433,0
RANDOM_NATURAL,5189488,0
RANDOM_NATURAL,5193582,0
RANDOM_NATURAL,5200828,0
RANDOM_NATURAL,5203631,0
RANDOM_NATURAL,5211086,0
RANDOM_NATURAL,5213859,0
RANDOM_NATURAL,5214957,0
RANDOM_NATURAL,5215871,0
RANDOM_NATURAL,5216074,0
RANDOM_NATURAL,5218444,0
RANDOM_NATURAL,5225749,0
RANDOM_NATURAL,5227780,0
RANDOM_NATURAL,5229703,0
RANDOM_NATURAL,5236938,0
RANDOM_NATURAL,5239917,0
RANDOM_NATURAL,5241321,0
RANDOM_NATURAL,5245336,0
RANDOM_NATURAL,5253246,0
RANDOM_NATURAL,5255571,0
RANDOM_NATURAL,5257103,0
RANDOM_NATURAL,5257687,0
RANDOM_NATURAL,5259163,0
RANDOM_NATURAL,5268418,0
RANDOM_NATURAL,5270924,0
RANDOM_NATURAL,5277976,0
RANDOM_NATURAL,5295132,0
RANDOM_NATURAL,5299409,0
RANDOM_NATURAL,5307369,0
RANDOM_NATURAL,5309376,0
RANDOM_NATURAL,5317889,0
RANDOM_NATURAL,5328636,0
RANDOM_NATURAL,5339835,0
RANDOM_NATURAL,5354891,0
RANDOM_NATURAL,5358380,0
RANDOM_NATURAL,5366784,0
RANDOM_NATURAL,5381066,0
RANDOM_NATURAL,5421117,0
RANDOM_NATURAL,5427892,0
RANDOM_NATURAL,5428586,0
RANDOM_NATURAL,5429067,0
RANDOM_NATURAL,5431580,0
RANDOM_NATURAL,5435785,0
RANDOM_NATURAL,5437494,0
RANDOM_NATURAL,5438060,0
RANDOM_NATURAL,5440776,0
RANDOM_NATURAL,5445877,0
RANDOM_NATURAL,5464474,0
RANDOM_NATURAL,5469911,0
RANDOM_NATURAL,5486308,0
RANDOM_NATURAL,5486741,0
RANDOM_NATURAL,5487113,0
RANDOM_NATURAL,5491189,0
RANDOM_NATURAL,5493854,0
RANDOM_NATURAL,5496161,0
RANDOM_NATURAL,5500033,0
RANDOM_NATURAL,5509677,0
RANDOM_NATURAL,5509700,0
RANDOM_NATURAL,5510346,0
RANDOM_NATURAL,5511671,0
RANDOM_NATURAL,5534135,0
RANDOM_NATURAL,5537227,0
RANDOM_NATURAL,5543723,0
RANDOM_NATURAL,5576130,0
RANDOM_NATURAL,5576583,0
RANDOM_NATURAL,5582086,0
RANDOM_NATURAL,5589484,0
RANDOM_NATURAL,5590241,0
RANDOM_NATURAL,5602710,0
RANDOM_NATURAL,5603797,0
RANDOM_NATURAL,5608683,0
RANDOM_NATURAL,5611769,0
RANDOM_NATURAL,5623603,0
RANDOM_NATURAL,5634491,0
RANDOM_NATURAL,5639763,0
RANDOM_NATURAL,5644493,0
RANDOM_NATURAL,5645721,0
RANDOM_NATURAL,5647710,0
RANDOM_NATURAL,5650043,0
RANDOM_NATURAL,5652080,0
RANDOM_NATURAL,5660419,0
RANDOM_NATURAL,5660676,0
RANDOM_NATURAL,5661794,0
RANDOM_NATURAL,5662406,0
RANDOM_NATURAL,5665856,0
RANDOM_NATURAL,5668713,0
RANDOM_NATURAL,5670707,0
RANDOM_NATURAL,5677012,0
RANDOM_NATURAL,5680843,0
RANDOM_NATURAL,5681519,0
RANDOM_NATURAL,5684258,0
RANDOM_NATURAL,5685674,0
RANDOM_NATURAL,5697418,0
RANDOM_NATURAL,5698111,0
RANDOM_NATURAL,5699735,0
RANDOM_NATURAL,5705710,0
RANDOM_NATURAL,5706449,0
RANDOM_NATURAL,5715912,0
RANDOM_NATURAL,5716827,0
RANDOM_NATURAL,5718869,0
RANDOM_NATURAL,5719267,0
RANDOM_NATURAL,5721458,0
RANDOM_NATURAL,5724669,0
RANDOM_NATURAL,5725636,0
RANDOM_NATURAL,5730680,0
RANDOM_NATURAL,5730935,0
RANDOM_NATURAL,5732968,0
RANDOM_NATURAL,5734514,0
RANDOM_NATURAL,5744869,0
RANDOM_NATURAL,5744911,0
RANDOM_NATURAL,5755530,0
RANDOM_NATURAL,5763817,0
RANDOM_NATURAL,5768343,0
RANDOM_NATURAL,5772170,0
RANDOM_NATURAL,5780537,0
RANDOM_NATURAL,5798682,0
RANDOM_NATURAL,5804219,0
RANDOM_NATURAL,5807584,0
RANDOM_NATURAL,5807991,0
RANDOM_NATURAL,5809482,0
RANDOM_NATURAL,5818373,0
RANDOM_NATURAL,5819667,0
RANDOM_NATURAL,5819809,0
RANDOM_NATURAL,5824297,0
RANDOM_NATURAL,5824899,0
RANDOM_NATURAL,5827244,0
RANDOM_NATURAL,5827392,0
RANDOM_NATURAL,5834629,0
RANDOM_NATURAL,5837932,0
RANDOM_NATURAL,5842854,0
RANDOM_NATURAL,5852044,0
RANDOM_NATURAL,5856618,0
RANDOM_NATURAL,5860999,0
RANDOM_NATURAL,5867853,0
RANDOM_NATURAL,5872038,0
RANDOM_NATURAL,5873863,0
RANDOM_NATURAL,5880276,0
RANDOM_NATURAL,5886973,0
RANDOM_NATURAL,5896782,0
RANDOM_NATURAL,5899542,0
RANDOM_NATURAL,5907128,0
RANDOM_NATURAL,5922663,0
RANDOM_NATURAL,5923737,0
RANDOM_NATURAL,5925789,0
RANDOM_NATURAL,5927194,0
RANDOM_NATURAL,5936494,0
RANDOM_NATURAL,5936600,0
RANDOM_NATURAL,5945336,0
RANDOM_NATURAL,5947416,0
RANDOM_NATURAL,5947757,0
RANDOM_NATURAL,5949999,0
RANDOM_NATURAL,5956861,0
RANDOM_NATURAL,5958737,0
RANDOM_NATURAL,5958982,0
RANDOM_NATURAL,5974458,0
RANDOM_NATURAL,5981355,0
RANDOM_NATURAL,5993422,0
RANDOM_NATURAL,5999248,0
RANDOM_NATURAL,6013390,0
RANDOM_NATURAL,6013724,0
RANDOM_NATURAL,6015935,0
RANDOM_NATURAL,6020020,0
RANDOM_NATURAL,6022502,0
RANDOM_NATURAL,6028466,0
RANDOM_NATURAL,6030922,0
RANDOM_NATURAL,6034115,0
RANDOM_NATURAL,6034659,0
RANDOM_NATURAL,6034854,0
RANDOM_NATURAL,6036555,0
RANDOM_NATURAL,6046923,0
RANDOM_NATURAL,6048954,0
RANDOM_NATURAL,6054524,0
RANDOM_NATURAL,6067208,0
RANDOM_NATURAL,6067266,0
RANDOM_NATURAL,6071974,0
RANDOM_NATURAL,6072487,0
RANDOM_NATURAL,6073008,0
RANDOM_NATURAL,6073732,0
RANDOM_NATURAL,6073926,0
RANDOM_NATURAL,6076959,0
RANDOM_NATURAL,6079753,0
RANDOM_NATURAL,6081348,0
RANDOM_NATURAL,6086082,0
RANDOM_NATURAL,6108024,0
RANDOM_NATURAL,6110825,0
RANDOM_NATURAL,6117215,0
RANDOM_NATURAL,6119709,0
RANDOM_NATURAL,6119956,0
RANDOM_NATURAL,6123147,0
RANDOM_NATURAL,6127636,0
RANDOM_NATURAL,6139001,0
RANDOM_NATURAL,6142095,0
RANDOM_NATURAL,6145012,0
RANDOM_NATURAL,6146064,0
RANDOM_NATURAL,6148395,0
RANDOM_NATURAL,6152749,0
RANDOM_NATURAL,6159763,0
RANDOM_NATURAL,6161390,0
RANDOM_NATURAL,6164458,0
RANDOM_NATURAL,6171079,0
RANDOM_NATURAL,6183062,0
RANDOM_NATURAL,6188883,0
RANDOM_NATURAL,6191422,0
RANDOM_NATURAL,6192568,0
RANDOM_NATURAL,6203230,0
RANDOM_NATURAL,6207307,0
RANDOM_NATURAL,6211272,0
RANDOM_NATURAL,6211718,0
RANDOM_NATURAL,6219653,0
RANDOM_NATURAL,6228872,0
RANDOM_NATURAL,6233166,0
RANDOM_NATURAL,6236853,0
RANDOM_NATURAL,6244180,0
RANDOM_NATURAL,6244756,0
RANDOM_NATURAL,6249159,0
RANDOM_NATURAL,6252722,0
RANDOM_NATURAL,6261307,0
RANDOM_NATURAL,6265731,0
RANDOM_NATURAL,6275055,0
RANDOM_NATURAL,6282297,0
RANDOM_NATURAL,6283390,0
RANDOM_NATURAL,6284532,0
RANDOM_NATURAL,6296503,0
RANDOM_NATURAL,6303362,0
RANDOM_NATURAL,6310191,0
RANDOM_NATURAL,6313884,0
RANDOM_NATURAL,6314276,0
RANDOM_NATURAL,6320681,0
RANDOM_NATURAL,6325280,0
RANDOM_NATURAL,6329912,0
RANDOM_NATURAL,6340043,0
RANDOM_NATURAL,6348572,0
RANDOM_NATURAL,6355293,0
RANDOM_NATURAL,6365960,0
RANDOM_NATURAL,6374980,0
RANDOM_NATURAL,6377930,0
RANDOM_NATURAL,6382069,0
RANDOM_NATURAL,6383429,0
RANDOM_NATURAL,6386958,0
RANDOM_NATURAL,6390855,0
RANDOM_NATURAL,6391477,0
RANDOM_NATURAL,6394490,0
RANDOM_NATURAL,6397842,0
RANDOM_NATURAL,6406866,0
RANDOM_NATURAL,6414843,0
RANDOM_NATURAL,6415602,0
RANDOM_NATURAL,6420116,0
RANDOM_NATURAL,6421541,0
RANDOM_NATURAL,6427256,0
RANDOM_NATURAL,6433925,0
RANDOM_NATURAL,6438369,0
RANDOM_NATURAL,6438658,0
RANDOM_NATURAL,6441681,0
RANDOM_NATURAL,6443043,0
RANDOM_NATURAL,6444768,0
RANDOM_NATURAL,6445710,0
RANDOM_NATURAL,6451474,0
RANDOM_NATURAL,6460307,0
RANDOM_NATURAL,6462777,0
RANDOM_NATURAL,6468288,0
RANDOM_NATURAL,6472986,0
RANDOM_NATURAL,6475918,0
RANDOM_NATURAL,6484156,0
RANDOM_NATURAL,6485000,0
RANDOM_NATURAL,6485451,0
RANDOM_NATURAL,6487271,0
RANDOM_NATURAL,6489426,0
RANDOM_NATURAL,6489726,0
RANDOM_NATURAL,6491220,0
RANDOM_NATURAL,6494534,0
RANDOM_NATURAL,6496216,0
RANDOM_NATURAL,6498880,0
RANDOM_NATURAL,6500447,0
RANDOM_NATURAL,6516303,0
RANDOM_NATURAL,6517371,0
RANDOM_NATURAL,6529707,0
RANDOM_NATURAL,6533615,0
RANDOM_NATURAL,6535143,0
RANDOM_NATURAL,6544677,0
RANDOM_NATURAL,6546592,0
RANDOM_NATURAL,6547543,0
RANDOM_NATURAL,6550308,0
RANDOM_NATURAL,6550409,0
RANDOM_NATURAL,6556511,0
RANDOM_NATURAL,6562099,0
RANDOM_NATURAL,6570719,0
RANDOM_NATURAL,6587370,0
RANDOM_NATURAL,6589670,0
RANDOM_NATURAL,6602502,0
RANDOM_NATURAL,6603674,0
RANDOM_NATURAL,6612198,0
RANDOM_NATURAL,6615297,0
RANDOM_NATURAL,6623850,0
RANDOM_NATURAL,6632085,0
RANDOM_NATURAL,6648397,0
RANDOM_NATURAL,6650662,0
RANDOM_NATURAL,6652888,0
RANDOM_NATURAL,6663081,0
RANDOM_NATURAL,6669324,0
RANDOM_NATURAL,6669787,0
RANDOM_NATURAL,6679338,0
RANDOM_NATURAL,6683322,0
RANDOM_NATURAL,6687750,0
RANDOM_NATURAL,6702439,0
RANDOM_NATURAL,6717723,0
RANDOM_NATURAL,6719981,0
RANDOM_NATURAL,6727407,0
RANDOM_NATURAL,6731716,0
RANDOM_NATURAL,6740121,0
RANDOM_NATURAL,6740620,0
RANDOM_NATURAL,6743241,0
RANDOM_NATURAL,6743836,0
RANDOM_NATURAL,6751057,0
RANDOM_NATURAL,6768722,0
RANDOM_NATURAL,6771323,0
RANDOM_NATURAL,6785800,0
RANDOM_NATURAL,6787081,0
RANDOM_NATURAL,6790996,0
RANDOM_NATURAL,6791082,0
RANDOM_NATURAL,6795068,0
RANDOM_NATURAL,6802147,0
RANDOM_NATURAL,6805008,0
RANDOM_NATURAL,6807149,0
RANDOM_NATURAL,6810038,0
RANDOM_NATURAL,6812658,0
RANDOM_NATURAL,6814593,0
RANDOM_NATURAL,6817335,0
RANDOM_NATURAL,6831840,0
RANDOM_NATURAL,6835762,0
RANDOM_NATURAL,6840132,0
RANDOM_NATURAL,6845093,0
RANDOM_NATURAL,6850369,0
RANDOM_NATURAL,6851891,0
RANDOM_NATURAL,6865996,0
RANDOM_NATURAL,6869109,0
RANDOM_NATURAL,6870582,0
RANDOM_NATURAL,6876225,0
RANDOM_NATURAL,6880839,0
RANDOM_NATURAL,6881947,0
RANDOM_NATURAL,6886288,0
RANDOM_NATURAL,6889438,0
RANDOM_NATURAL,6895779,0
RANDOM_NATURAL,6896976,0
RANDOM_NATURAL,6897228,0
RANDOM_NATURAL,6899378,0
RANDOM_NATURAL,6902422,0
RANDOM_NATURAL,6908198,0
RANDOM_NATURAL,6909324,0
RANDOM_NATURAL,6909702,0
RANDOM_NATURAL,6914927,0
RANDOM_NATURAL,6916467,0
RANDOM_NATURAL,6921253,0
RANDOM_NATURAL,6923692,0
RANDOM_NATURAL,6924167,0
RANDOM_NATURAL,6939813,0
RANDOM_NATURAL,6940262,0
RANDOM_NATURAL,6940550,0
RANDOM_NATURAL,6940871,0
RANDOM_NATURAL,6944925,0
RANDOM_NATURAL,6954804,0
RANDOM_NATURAL,6964745,0
RANDOM_NATURAL,6976887,0
RANDOM_NATURAL,6977526,0
RANDOM_NATURAL,6988700,0
RANDOM_NATURAL,6990081,0
RANDOM_NATURAL,7025412,0
RANDOM_NATURAL,7025983,0
RANDOM_NATURAL,7032840,0
RANDOM_NATURAL,7039478,0
RANDOM_NATURAL,7039791,0
RANDOM_NATURAL,7047065,0
RANDOM_NATURAL,7057861,0
RANDOM_NATURAL,7059077,0
RANDOM_NATURAL,7060274,0
RANDOM_NATURAL,7067030,0
RANDOM_NATURAL,7069292,0
RANDOM_NATURAL,7070727,0
RANDOM_NATURAL,7073649,0
RANDOM_NATURAL,7081933,0
RANDOM_NATURAL,7084257,0
RANDOM_NATURAL,7087324,0
RANDOM_NATURAL,7096935,0
RANDOM_NATURAL,7098001,0
RANDOM_NATURAL,7102431,0
RANDOM_NATURAL,7106373,0
RANDOM_NATURAL,7114856,0
RANDOM_NATURAL,7116475,0
RANDOM_NATURAL,7119421,0
RANDOM_NATURAL,7120292,0
RANDOM_NATURAL,7121173,0
RANDOM_NATURAL,7124042,0
RANDOM_NATURAL,7134938,0
RANDOM_NATURAL,7136905,0
RANDOM_NATURAL,7140925,0
RANDOM_NATURAL,7141459,0
RANDOM_NATURAL,7144124,0
RANDOM_NATURAL,7155921,0
RANDOM_NATURAL,7159418,0
RANDOM_NATURAL,7165718,0
RANDOM_NATURAL,7168418,0
RANDOM_NATURAL,7172507,0
RANDOM_NATURAL,7177743,0
RANDOM_NATURAL,7182483,0
RANDOM_NATURAL,7184515,0
RANDOM_NATURAL,7191056,0
RANDOM_NATURAL,7193230,0
RANDOM_NATURAL,7199649,0
RANDOM_NATURAL,7201475,0
RANDOM_NATURAL,7204330,0
RANDOM_NATURAL,7207642,0
RANDOM_NATURAL,7208454,0
RANDOM_NATURAL,7208781,0
RANDOM_NATURAL,7209451,0
RANDOM_NATURAL,7212674,0
RANDOM_NATURAL,7214664,0
RANDOM_NATURAL,7223287,0
RANDOM_NATURAL,7223655,0
RANDOM_NATURAL,7232826,0
RANDOM_NATURAL,7232827,0
RANDOM_NATURAL,7234991,0
RANDOM_NATURAL,7246866,0
RANDOM_NATURAL,7248137,0
RANDOM_NATURAL,7248440,0
RANDOM_NATURAL,7248515,0
RANDOM_NATURAL,7249244,0
RANDOM_NATURAL,7251559,0
RANDOM_NATURAL,7251569,0
RANDOM_NATURAL,7252408,0
RANDOM_NATURAL,7262986,0
RANDOM_NATURAL,7266791,0
RANDOM_NATURAL,7268330,0
RANDOM_NATURAL,7279582,0
RANDOM_NATURAL,7281679,0
RANDOM_NATURAL,7287455,0
RANDOM_NATURAL,7290983,0
RANDOM_NATURAL,7297105,0
RANDOM_NATURAL,7307610,0
RANDOM_NATURAL,7311430,0
RANDOM_NATURAL,7313682,0
RANDOM_NATURAL,7318540,0
RANDOM_NATURAL,7318949,0
RANDOM_NATURAL,7329030,0
RANDOM_NATURAL,7332423,0
RANDOM_NATURAL,7332752,0
RANDOM_NATURAL,7333700,0
RANDOM_NATURAL,7335395,0
RANDOM_NATURAL,7335553,0
RANDOM_NATURAL,7335838,0
RANDOM_NATURAL,7350260,0
RANDOM_NATURAL,7378448,0
RANDOM_NATURAL,7391644,0
RANDOM_NATURAL,7394656,0
RANDOM_NATURAL,7407273,0
RANDOM_NATURAL,7413828,0
RANDOM_NATURAL,7425749,0
RANDOM_NATURAL,7434357,0
RANDOM_NATURAL,7439812,0
RANDOM_NATURAL,7443174,0
RANDOM_NATURAL,7445924,0
RANDOM_NATURAL,7446524,0
RANDOM_NATURAL,7448178,0
RANDOM_NATURAL,7452082,0
RANDOM_NATURAL,7463883,0
RANDOM_NATURAL,7464007,0
RANDOM_NATURAL,7478657,0
RANDOM_NATURAL,7481581,0
RANDOM_NATURAL,7482294,0
RANDOM_NATURAL,7487974,0
RANDOM_NATURAL,7487994,0
RANDOM_NATURAL,7488783,0
RANDOM_NATURAL,7495959,0
RANDOM_NATURAL,7502137,0
RANDOM_NATURAL,7503537,0
RANDOM_NATURAL,7512464,0
RANDOM_NATURAL,7512957,0
RANDOM_NATURAL,7514481,0
RANDOM_NATURAL,7518727,0
RANDOM_NATURAL,7518997,0
RANDOM_NATURAL,7519176,0
RANDOM_NATURAL,7526275,0
RANDOM_NATURAL,7531908,0
RANDOM_NATURAL,7540459,0
RANDOM_NATURAL,7544039,0
RANDOM_NATURAL,7554163,0
RANDOM_NATURAL,7564479,0
RANDOM_NATURAL,7564516,0
RANDOM_NATURAL,7568606,0
RANDOM_NATURAL,7586558,0
RANDOM_NATURAL,7589438,0
RANDOM_NATURAL,7590616,0
RANDOM_NATURAL,7592963,0
RANDOM_NATURAL,7599126,0
RANDOM_NATURAL,7599773,0
RANDOM_NATURAL,7605575,0
RANDOM_NATURAL,7615020,0
RANDOM_NATURAL,7620443,0
RANDOM_NATURAL,7620724,0
RANDOM_NATURAL,7628965,0
RANDOM_NATURAL,7629096,0
RANDOM_NATURAL,7631430,0
RANDOM_NATURAL,7631739,0
RANDOM_NATURAL,7637220,0
RANDOM_NATURAL,7643353,0
RANDOM_NATURAL,7660562,0
RANDOM_NATURAL,7660867,0
RANDOM_NATURAL,7661417,0
RANDOM_NATURAL,7665222,0
RANDOM_NATURAL,7672239,0
RANDOM_NATURAL,7672593,0
RANDOM_NATURAL,7673006,0
RANDOM_NATURAL,7677649,0
RANDOM_NATURAL,7698864,0
RANDOM_NATURAL,7701359,0
RANDOM_NATURAL,7702973,0
RANDOM_NATURAL,7704052,0
RANDOM_NATURAL,7714153,0
RANDOM_NATURAL,7732691,0
RANDOM_NATURAL,7735208,0
RANDOM_NATURAL,7738896,0
RANDOM_NATURAL,7740787,0
RANDOM_NATURAL,7740803,0
RANDOM_NATURAL,7743023,0
RANDOM_NATURAL,7744030,0
RANDOM_NATURAL,7745810,0
RANDOM_NATURAL,7763935,0
RANDOM_NATURAL,7764470,0
RANDOM_NATURAL,7770909,0
RANDOM_NATURAL,7773393,0
RANDOM_NATURAL,7777833,0
RANDOM_NATURAL,7784087,0
RANDOM_NATURAL,7786779,0
RANDOM_NATURAL,7788761,0
RANDOM_NATURAL,7791665,0
RANDOM_NATURAL,7794300,0
RANDOM_NATURAL,7796745,0
RANDOM_NATURAL,7801731,0
RANDOM_NATURAL,7801759,0
RANDOM_NATURAL,7807186,0
RANDOM_NATURAL,7807621,0
RANDOM_NATURAL,7809820,0
RANDOM_NATURAL,7821341,0
RANDOM_NATURAL,7822337,0
RANDOM_NATURAL,7826735,0
RANDOM_NATURAL,7828021,0
RANDOM_NATURAL,7833346,0
RANDOM_NATURAL,7839702,0
RANDOM_NATURAL,7852522,0
RANDOM_NATURAL,7868292,0
RANDOM_NATURAL,7868307,0
RANDOM_NATURAL,7868932,0
RANDOM_NATURAL,7875898,0
RANDOM_NATURAL,7902677,0
RANDOM_NATURAL,7902827,0
RANDOM_NATURAL,7914192,0
RANDOM_NATURAL,7919650,0
RANDOM_NATURAL,7924887,0
RANDOM_NATURAL,7926820,0
RANDOM_NATURAL,7928410,0
RANDOM_NATURAL,7930673,0
RANDOM_NATURAL,7933738,0
RANDOM_NATURAL,7933846,0
RANDOM_NATURAL,7934268,0
RANDOM_NATURAL,7934473,0
RANDOM_NATURAL,7938166,0
RANDOM_NATURAL,7942344,0
RANDOM_NATURAL,7950023,0
RANDOM_NATURAL,7953281,0
RANDOM_NATURAL,7958761,0
RANDOM_NATURAL,7962438,0
RANDOM_NATURAL,7967231,0
RANDOM_NATURAL,7969663,0
RANDOM_NATURAL,7974361,0
RANDOM_NATURAL,7979500,0
RANDOM_NATURAL,7990016,0
RANDOM_NATURAL,7995208,0
RANDOM_NATURAL,7997102,0
RANDOM_NATURAL,7998510,0
RANDOM_NATURAL,8002872,0
RANDOM_NATURAL,8011217,0
RANDOM_NATURAL,8031033,0
RANDOM_NATURAL,8031550,0
RANDOM_NATURAL,8037147,0
RANDOM_NATURAL,8038080,0
RANDOM_NATURAL,8039320,0
RANDOM_NATURAL,8040662,0
RANDOM_NATURAL,8041143,0
RANDOM_NATURAL,8042496,0
RANDOM_NATURAL,8046530,0
RANDOM_NATURAL,8049074,0
RANDOM_NATURAL,8051598,0
RANDOM_NATURAL,8053572,0
RANDOM_NATURAL,8057998,0
RANDOM_NATURAL,8068164,0
RANDOM_NATURAL,8068630,0
RANDOM_NATURAL,8068754,0
RANDOM_NATURAL,8074384,0
RANDOM_NATURAL,8075248,0
RANDOM_NATURAL,8081923,0
RANDOM_NATURAL,8087509,0
RANDOM_NATURAL,8089128,0
RANDOM_NATURAL,8091209,0
RANDOM_NATURAL,8099411,0
RANDOM_NATURAL,8102386,0
RANDOM_NATURAL,8108706,0
RANDOM_NATURAL,8108959,0
RANDOM_NATURAL,8109366,0
RANDOM_NATURAL,8112340,0
RANDOM_NATURAL,8116622,0
RANDOM_NATURAL,8116891,0
RANDOM_NATURAL,8119783,0
RANDOM_NATURAL,8128677,0
RANDOM_NATURAL,8133866,0
RANDOM_NATURAL,8136012,0
RANDOM_NATURAL,8137149,0
RANDOM_NATURAL,8141467,0
RANDOM_NATURAL,8141660,0
RANDOM_NATURAL,8142090,0
RANDOM_NATURAL,8150120,0
RANDOM_NATURAL,8162739,0
RANDOM_NATURAL,8165927,0
RANDOM_NATURAL,8170805,0
RANDOM_NATURAL,8184332,0
RANDOM_NATURAL,8186784,0
RANDOM_NATURAL,8188816,0
RANDOM_NATURAL,8189774,0
RANDOM_NATURAL,8190943,0
RANDOM_NATURAL,8197191,0
RANDOM_NATURAL,8201084,0
RANDOM_NATURAL,8207397,0
RANDOM_NATURAL,8212444,0
RANDOM_NATURAL,8214602,0
RANDOM_NATURAL,8218503,0
RANDOM_NATURAL,8219734,0
RANDOM_NATURAL,8223354,0
RANDOM_NATURAL,8227883,0
RANDOM_NATURAL,8235881,0
RANDOM_NATURAL,8242189,0
RANDOM_NATURAL,8245129,0
RANDOM_NATURAL,8245573,0
RANDOM_NATURAL,8250914,0
RANDOM_NATURAL,8253644,0
RANDOM_NATURAL,8258919,0
RANDOM_NATURAL,8267627,0
RANDOM_NATURAL,8269611,0
RANDOM_NATURAL,8270523,0
RANDOM_NATURAL,8276712,0
RANDOM_NATURAL,8295452,0
RANDOM_NATURAL,8297872,0
RANDOM_NATURAL,8305182,0
RANDOM_NATURAL,8310408,0
RANDOM_NATURAL,8318423,0
RANDOM_NATURAL,8321524,0
RANDOM_NATURAL,8322303,0
RANDOM_NATURAL,8323011,0
RANDOM_NATURAL,8327778,0
RANDOM_NATURAL,8335668,0
RANDOM_NATURAL,8337503,0
RANDOM_NATURAL,8341554,0
RANDOM_NATURAL,8350134,0
RANDOM_NATURAL,8359671,0
RANDOM_NATURAL,8360373,0
RANDOM_NATURAL,8361958,0
RANDOM_NATURAL,8363342,0
RANDOM_NATURAL,8381756,0
RANDOM_NATURAL,8382367,0
RANDOM_NATURAL,8383373,0
RANDOM_NATURAL,8390091,0
RANDOM_NATURAL,8398151,0
RANDOM_NATURAL,8400080,0
RANDOM_NATURAL,8403966,0
RANDOM_NATURAL,8404312,0
RANDOM_NATURAL,8404389,0
RANDOM_NATURAL,8410268,0
RANDOM_NATURAL,8410883,0
RANDOM_NATURAL,8417467,0
RANDOM_NATURAL,8419832,0
RANDOM_NATURAL,8423351,0
RANDOM_NATURAL,8439498,0
RANDOM_NATURAL,8447246,0
RANDOM_NATURAL,8451890,0
RANDOM_NATURAL,8453755,0
RANDOM_NATURAL,8462606,0
RANDOM_NATURAL,8462873,0
RANDOM_NATURAL,8470712,0
RANDOM_NATURAL,8471117,0
RANDOM_NATURAL,8482587,0
RANDOM_NATURAL,8483338,0
RANDOM_NATURAL,8484751,0
RANDOM_NATURAL,8495847,0
RANDOM_NATURAL,8496997,0
RANDOM_NATURAL,8502193,0
RANDOM_NATURAL,8502357,0
RANDOM_NATURAL,8505063,0
RANDOM_NATURAL,8506238,0
RANDOM_NATURAL,8523873,0
RANDOM_NATURAL,8537130,0
RANDOM_NATURAL,8549651,0
RANDOM_NATURAL,8551650,0
RANDOM_NATURAL,8557662,0
RANDOM_NATURAL,8560029,0
RANDOM_NATURAL,8564976,0
RANDOM_NATURAL,8573467,0
RANDOM_NATURAL,8577029,0
RANDOM_NATURAL,8579302,0
RANDOM_NATURAL,8580255,0
RANDOM_NATURAL,8602946,0
RANDOM_NATURAL,8603212,0
RANDOM_NATURAL,8606069,0
RANDOM_NATURAL,8606394,0
RANDOM_NATURAL,8610200,0
RANDOM_NATURAL,8612708,0
RANDOM_NATURAL,8625423,0
RANDOM_NATURAL,8625844,0
RANDOM_NATURAL,8631096,0
RANDOM_NATURAL,8637863,0
RANDOM_NATURAL,8641965,0
RANDOM_NATURAL,8651347,0
RANDOM_NATURAL,8654178,0
RANDOM_NATURAL,8666514,0
RANDOM_NATURAL,8681266,0
RANDOM_NATURAL,8682462,0
RANDOM_NATURAL,8685844,0
RANDOM_NATURAL,8685947,0
RANDOM_NATURAL,8696991,0
RANDOM_NATURAL,8700778,0
RANDOM_NATURAL,8700782,0
RANDOM_NATURAL,8701889,0
RANDOM_NATURAL,8707222,0
RANDOM_NATURAL,8708943,0
RANDOM_NATURAL,8710661,0
RANDOM_NATURAL,8711470,0
RANDOM_NATURAL,8712851,0
RANDOM_NATURAL,8723305,0
RANDOM_NATURAL,8726901,0
RANDOM_NATURAL,8730865,0
RANDOM_NATURAL,8731022,0
RANDOM_NATURAL,8745542,0
RANDOM_NATURAL,8754761,0
RANDOM_NATURAL,8756795,0
RANDOM_NATURAL,8756805,0
RANDOM_NATURAL,8760663,0
RANDOM_NATURAL,8762658,0
RANDOM_NATURAL,8766283,0
RANDOM_NATURAL,8770127,0
RANDOM_NATURAL,8782068,0
RANDOM_NATURAL,8786866,0
RANDOM_NATURAL,8812338,0
RANDOM_NATURAL,8823999,0
RANDOM_NATURAL,8825721,0
RANDOM_NATURAL,8833930,0
RANDOM_NATURAL,8834765,0
RANDOM_NATURAL,8850127,0
RANDOM_NATURAL,8869767,0
RANDOM_NATURAL,8870685,0
RANDOM_NATURAL,8877720,0
RANDOM_NATURAL,8881029,0
RANDOM_NATURAL,8885785,0
RANDOM_NATURAL,8887901,0
RANDOM_NATURAL,8901288,0
RANDOM_NATURAL,8904256,0
RANDOM_NATURAL,8910318,0
RANDOM_NATURAL,8915847,0
RANDOM_NATURAL,8916058,0
RANDOM_NATURAL,8926180,0
RANDOM_NATURAL,8934168,0
RANDOM_NATURAL,8936313,0
RANDOM_NATURAL,8937654,0
RANDOM_NATURAL,8938037,0
RANDOM_NATURAL,8948661,0
RANDOM_NATURAL,8959720,0
RANDOM_NATURAL,8970058,0
RANDOM_NATURAL,8980181,0
RANDOM_NATURAL,8984718,0
RANDOM_NATURAL,8986040,0
RANDOM_NATURAL,8986970,0
RANDOM_NATURAL,8988561,0
RANDOM_NATURAL,8994367,0
RANDOM_NATURAL,9008946,0
RANDOM_NATURAL,9019059,0
RANDOM_NATURAL,9027452,0
RANDOM_NATURAL,9034678,0
RANDOM_NATURAL,9035526,0
RANDOM_NATURAL,9037189,0
RANDOM_NATURAL,9038292,0
RANDOM_NATURAL,9043100,0
RANDOM_NATURAL,9047138,0
RANDOM_NATURAL,9051408,0
RANDOM_NATURAL,9053516,0
RANDOM_NATURAL,9054349,0
RANDOM_NATURAL,9067090,0
RANDOM_NATURAL,9103404,0
RANDOM_NATURAL,9103773,0
RANDOM_NATURAL,9104590,0
RANDOM_NATURAL,9106555,0
RANDOM_NATURAL,9107896,0
RANDOM_NATURAL,9109097,0
RANDOM_NATURAL,9118697,0
RANDOM_NATURAL,9121436,0
RANDOM_NATURAL,9136625,0
RANDOM_NATURAL,9140139,0
RANDOM_NATURAL,9140982,0
RANDOM_NATURAL,9142926,0
RANDOM_NATURAL,9150440,0
RANDOM_NATURAL,9160115,0
RANDOM_NATURAL,9164412,0
RANDOM_NATURAL,9166451,0
RANDOM_NATURAL,9171048,0
RANDOM_NATURAL,9173561,0
RANDOM_NATURAL,9174279,0
RANDOM_NATURAL,9188439,0
RANDOM_NATURAL,9200853,0
RANDOM_NATURAL,9203461,0
RANDOM_NATURAL,9206720,0
RANDOM_NATURAL,9209056,0
RANDOM_NATURAL,9209192,0
RANDOM_NATURAL,9222978,0
RANDOM_NATURAL,9223388,0
RANDOM_NATURAL,9224577,0
RANDOM_NATURAL,9225221,0
RANDOM_NATURAL,9228075,0
RANDOM_NATURAL,9229315,0
RANDOM_NATURAL,9237326,0
RANDOM_NATURAL,9246217,0
RANDOM_NATURAL,9246387,0
RANDOM_NATURAL,9249199,0
RANDOM_NATURAL,9258842,0
RANDOM_NATURAL,9263700,0
RANDOM_NATURAL,9267776,0
RANDOM_NATURAL,9273849,0
RANDOM_NATURAL,9285805,0
RANDOM_NATURAL,9287076,0
RANDOM_NATURAL,9292319,0
RANDOM_NATURAL,9294815,0
RANDOM_NATURAL,9305777,0
RANDOM_NATURAL,9307298,0
RANDOM_NATURAL,9311652,0
RANDOM_NATURAL,9328622,0
RANDOM_NATURAL,9329014,0
RANDOM_NATURAL,9336414,0
RANDOM_NATURAL,9340955,0
RANDOM_NATURAL,9341609,0
RANDOM_NATURAL,9347931,0
RANDOM_NATURAL,9355374,0
RANDOM_NATURAL,9356494,0
RANDOM_NATURAL,9361318,0
RANDOM_NATURAL,9361378,0
RANDOM_NATURAL,9361947,0
RANDOM_NATURAL,9370520,0
RANDOM_NATURAL,9371848,0
RANDOM_NATURAL,9378684,0
RANDOM_NATURAL,9382158,0
RANDOM_NATURAL,9385556,0
RANDOM_NATURAL,9390751,0
RANDOM_NATURAL,9393228,0
RANDOM_NATURAL,9398677,0
RANDOM_NATURAL,9398873,0
RANDOM_NATURAL,9399044,0
RANDOM_NATURAL,9400433,0
RANDOM_NATURAL,9413455,0
RANDOM_NATURAL,9420256,0
RANDOM_NATURAL,9421597,0
RANDOM_NATURAL,9432820,0
RANDOM_NATURAL,9433643,0
RANDOM_NATURAL,9441963,0
RANDOM_NATURAL,9446508,0
RANDOM_NATURAL,9446836,0
RANDOM_NATURAL,9464305,0
RANDOM_NATURAL,9465340,0
RANDOM_NATURAL,9471199,0
RANDOM_NATURAL,9471488,0
RANDOM_NATURAL,9485125,0
RANDOM_NATURAL,9497514,0
RANDOM_NATURAL,9497944,0
RANDOM_NATURAL,9498133,0
RANDOM_NATURAL,9502996,0
RANDOM_NATURAL,9503410,0
RANDOM_NATURAL,9503481,0
RANDOM_NATURAL,9511953,0
RANDOM_NATURAL,9515502,0
RANDOM_NATURAL,9515948,0
RANDOM_NATURAL,9515963,0
RANDOM_NATURAL,9530063,0
RANDOM_NATURAL,9530764,0
RANDOM_NATURAL,9536932,0
RANDOM_NATURAL,9537490,0
RANDOM_NATURAL,9543159,0
RANDOM_NATURAL,9545104,0
RANDOM_NATURAL,9550131,0
RANDOM_NATURAL,9551858,0
RANDOM_NATURAL,9559333,0
RANDOM_NATURAL,9563295,0
RANDOM_NATURAL,9563418,0
RANDOM_NATURAL,9564371,0
RANDOM_NATURAL,9564815,0
RANDOM_NATURAL,9567625,0
RANDOM_NATURAL,9581818,0
RANDOM_NATURAL,9587887,0
RANDOM_NATURAL,9587959,0
RANDOM_NATURAL,9589609,0
RANDOM_NATURAL,9590458,0
RANDOM_NATURAL,9596584,0
RANDOM_NATURAL,9601803,0
RANDOM_NATURAL,9603709,0
RANDOM_NATURAL,9607695,0
RANDOM_NATURAL,9614792,0
RANDOM_NATURAL,9617106,0
RANDOM_NATURAL,9624075,0
RANDOM_NATURAL,9629242,0
RANDOM_NATURAL,9633158,0
RANDOM_NATURAL,9634384,0
RANDOM_NATURAL,9635612,0
RANDOM_NATURAL,9637875,0
RANDOM_NATURAL,9637970,0
RANDOM_NATURAL,9639225,0
RANDOM_NATURAL,9640288,0
RANDOM_NATURAL,9641773,0
RANDOM_NATURAL,9644035,0
RANDOM_NATURAL,9650411,0
RANDOM_NATURAL,9661249,0
RANDOM_NATURAL,9663780,0
RANDOM_NATURAL,9667215,0
RANDOM_NATURAL,9673757,0
RANDOM_NATURAL,9681210,0
RANDOM_NATURAL,9690435,0
RANDOM_NATURAL,9700731,0
RANDOM_NATURAL,9704441,0
RANDOM_NATURAL,9719856,0
RANDOM_NATURAL,9727467,0
RANDOM_NATURAL,9730935,0
RANDOM_NATURAL,9737502,0
RANDOM_NATURAL,9751035,0
RANDOM_NATURAL,9751620,0
RANDOM_NATURAL,9755425,0
RANDOM_NATURAL,9758986,0
RANDOM_NATURAL,9761330,0
RANDOM_NATURAL,9766185,0
RANDOM_NATURAL,9774496,0
RANDOM_NATURAL,9784078,0
RANDOM_NATURAL,9784602,0
RANDOM_NATURAL,9786492,0
RANDOM_NATURAL,9789294,0
RANDOM_NATURAL,9798234,0
RANDOM_NATURAL,9817722,0
RANDOM_NATURAL,9830343,0
RANDOM_NATURAL,9835866,0
RANDOM_NATURAL,9839148,0
RANDOM_NATURAL,9842827,0
RANDOM_NATURAL,9844719,0
RANDOM_NATURAL,9849464,0
RANDOM_NATURAL,9849947,0
RANDOM_NATURAL,9860494,0
RANDOM_NATURAL,9862111,0
RANDOM_NATURAL,9862744,0
RANDOM_NATURAL,9871566,0
RANDOM_NATURAL,9872120,0
RANDOM_NATURAL,9874369,0
RANDOM_NATURAL,9878971,0
RANDOM_NATURAL,9880249,0
RANDOM_NATURAL,9881025,0
RANDOM_NATURAL,9882489,0
RANDOM_NATURAL,9894762,0
RANDOM_NATURAL,9895514,0
RANDOM_NATURAL,9900443,0
RANDOM_NATURAL,9944425,0
RANDOM_NATURAL,9948470,0
RANDOM_NATURAL,9950462,0
RANDOM_NATURAL,9951720,0
RANDOM_NATURAL,9952530,0
RANDOM_NATURAL,9955153,0
RANDOM_NATURAL,9960821,0
RANDOM_NATURAL,9970106,0
RANDOM_NATURAL,9973007,0
RANDOM_NATURAL,9978012,0
RANDOM_NATURAL,9989046,0
RANDOM_NATURAL,9991848,0
RANDOM_NATURAL,10002570,0
RANDOM_NATURAL,10013424,0
RANDOM_NATURAL,10015590,0
RANDOM_NATURAL,10025547,0
RANDOM_NATURAL,10038886,0
RANDOM_NATURAL,10048407,0
RANDOM_NATURAL,10053800,0
RANDOM_NATURAL,10054101,0
RANDOM_NATURAL,10055789,0
RANDOM_NATURAL,10063154,0
RANDOM_NATURAL,10063402,0
RANDOM_NATURAL,10065393,0
RANDOM_NATURAL,10066862,0
RANDOM_NATURAL,10068152,0
RANDOM_NATURAL,10072931,0
RANDOM_NATURAL,10083313,0
RANDOM_NATURAL,10095338,0
RANDOM_NATURAL,10103539,0
RANDOM_NATURAL,10114745,0
RANDOM_NATURAL,10115962,0
RANDOM_NATURAL,10125850,0
RANDOM_NATURAL,10126408,0
RANDOM_NATURAL,10126890,0
RANDOM_NATURAL,10130767,0
RANDOM_NATURAL,10131873,0
RANDOM_NATURAL,10132261,0
RANDOM_NATURAL,10134232,0
RANDOM_NATURAL,10141909,0
RANDOM_NATURAL,10146603,0
RANDOM_NATURAL,10153767,0
RANDOM_NATURAL,10155344,0
RANDOM_NATURAL,10167260,0
RANDOM_NATURAL,10167867,0
RANDOM_NATURAL,10171877,0
RANDOM_NATURAL,10174184,0
RANDOM_NATURAL,10176901,0
RANDOM_NATURAL,10179302,0
RANDOM_NATURAL,10179838,0
RANDOM_NATURAL,10181047,0
RANDOM_NATURAL,10183549,0
RANDOM_NATURAL,10190399,0
RANDOM_NATURAL,10200907,0
RANDOM_NATURAL,10203630,0
RANDOM_NATURAL,10207255,0
RANDOM_NATURAL,10209993,0
RANDOM_NATURAL,10210606,0
RANDOM_NATURAL,10214012,0
RANDOM_NATURAL,10216242,0
RANDOM_NATURAL,10217873,0
RANDOM_NATURAL,10219446,0
RANDOM_NATURAL,10224085,0
RANDOM_NATURAL,10229233,0
RANDOM_NATURAL,10231986,0
RANDOM_NATURAL,10240410,0
RANDOM_NATURAL,10247215,0
RANDOM_NATURAL,10257244,0
RANDOM_NATURAL,10259731,0
RANDOM_NATURAL,10260962,0
RANDOM_NATURAL,10264730,0
RANDOM_NATURAL,10266575,0
RANDOM_NATURAL,10288767,0
RANDOM_NATURAL,10292270,0
RANDOM_NATURAL,10294088,0
RANDOM_NATURAL,10299869,0
RANDOM_NATURAL,10300386,0
RANDOM_NATURAL,10308746,0
RANDOM_NATURAL,10317542,0
RANDOM_NATURAL,10318185,0
RANDOM_NATURAL,10320750,0
RANDOM_NATURAL,10330421,0
RANDOM_NATURAL,10333423,0
RANDOM_NATURAL,10334540,0
RANDOM_NATURAL,10339898,0
RANDOM_NATURAL,10340736,0
RANDOM_NATURAL,10341662,0
RANDOM_NATURAL,10351133,0
RANDOM_NATURAL,10355304,0
RANDOM_NATURAL,10358044,0
RANDOM_NATURAL,10361360,0
RANDOM_NATURAL,10366911,0
RANDOM_NATURAL,10395717,0
RANDOM_NATURAL,10419265,0
RANDOM_NATURAL,10419868,0
RANDOM_NATURAL,10422368,0
RANDOM_NATURAL,10437236,0
RANDOM_NATURAL,10439167,0
RANDOM_NATURAL,10444467,0
RANDOM_NATURAL,10447336,0
RANDOM_NATURAL,10447453,0
RANDOM_NATURAL,10449890,0
RANDOM_NATURAL,10451852,0
RANDOM_NATURAL,10451992,0
RANDOM_NATURAL,10452792,0
RANDOM_NATURAL,10460188,0
RANDOM_NATURAL,10467697,0
RANDOM_NATURAL,10469296,0
RANDOM_NATURAL,10477675,0
RANDOM_NATURAL,10486810,0
RANDOM_NATURAL,10493721,0
RANDOM_NATURAL,10501157,0
RANDOM_NATURAL,10505306,0
RANDOM_NATURAL,10508518,0
RANDOM_NATURAL,10516814,0
RANDOM_NATURAL,10520660,0
RANDOM_NATURAL,10522289,0
RANDOM_NATURAL,10522712,0
RANDOM_NATURAL,10524533,0
RANDOM_NATURAL,10526381,0
RANDOM_NATURAL,10534249,0
RANDOM_NATURAL,10538678,0
RANDOM_NATURAL,10540566,0
RANDOM_NATURAL,10546899,0
RANDOM_NATURAL,10547141,0
RANDOM_NATURAL,10547269,0
RANDOM_NATURAL,10548546,0
RANDOM_NATURAL,10549463,0
RANDOM_NATURAL,10549872,0
RANDOM_NATURAL,10562885,0
RANDOM_NATURAL,10563328,0
RANDOM_NATURAL,10566621,0
RANDOM_NATURAL,10566735,0
RANDOM_NATURAL,10570515,0
RANDOM_NATURAL,10571609,0
RANDOM_NATURAL,10582358,0
RANDOM_NATURAL,10591706,0
RANDOM_NATURAL,10593579,0
RANDOM_NATURAL,10616123,0
RANDOM_NATURAL,10621270,0
RANDOM_NATURAL,10626506,0
RANDOM_NATURAL,10627060,0
RANDOM_NATURAL,10629576,0
RANDOM_NATURAL,10632630,0
RANDOM_NATURAL,10636831,0
RANDOM_NATURAL,10641994,0
RANDOM_NATURAL,10643502,0
RANDOM_NATURAL,10647627,0
RANDOM_NATURAL,10655126,0
RANDOM_NATURAL,10655131,0
RANDOM_NATURAL,10658535,0
RANDOM_NATURAL,10659850,0
RANDOM_NATURAL,10676266,0
RANDOM_NATURAL,10682751,0
RANDOM_NATURAL,10695133,0
RANDOM_NATURAL,10698059,1
RANDOM_NATURAL,10700507,1
RANDOM_NATURAL,10702132,1
RANDOM_NATURAL,10704620,1
RANDOM_NATURAL,10704624,1
RANDOM_NATURAL,10704719,1
RANDOM_NATURAL,10704882,1
RANDOM_NATURAL,10704912,1
RANDOM_NATURAL,10705374,1
RANDOM_NATURAL,10705500,1
RANDOM_NATURAL,10705735,1
RANDOM_NATURAL,10705841,1
RANDOM_NATURAL,10706924,1
RANDOM_NATURAL,10707195,1
RANDOM_NATURAL,10708638,1
RANDOM_NATURAL,10709662,1
RANDOM_NATURAL,10710643,1
RANDOM_NATURAL,10711212,1
RANDOM_NATURAL,10713241,1
RANDOM_NATURAL,10714329,1
RANDOM_NATURAL,10714334,1
RANDOM_NATURAL,10714676,1
RANDOM_NATURAL,10714861,1
RANDOM_NATURAL,10714893,1
RANDOM_NATURAL,10715293,1
RANDOM_NATURAL,10715449,1
RANDOM_NATURAL,10716056,1
RANDOM_NATURAL,10716778,1
RANDOM_NATURAL,10716969,1
RANDOM_NATURAL,10717257,1
RANDOM_NATURAL,10717806,1
RANDOM_NATURAL,10717853,1
RANDOM_NATURAL,10718081,1
RANDOM_NATURAL,10718416,1
RANDOM_NATURAL,10718655,1
RANDOM_NATURAL,10718835,1
RANDOM_NATURAL,10719467,1
RANDOM_NATURAL,10719805,1
RANDOM_NATURAL,10721392,1
RANDOM_NATURAL,10722990,1
RANDOM_NATURAL,10723746,1
RANDOM_NATURAL,10724529,1
RANDOM_NATURAL,10725267,1
RANDOM_NATURAL,10725280,1
RANDOM_NATURAL,10725913,1
RANDOM_NATURAL,10729916,1
RANDOM_NATURAL,10732362,1
RANDOM_NATURAL,10732463,1
RANDOM_NATURAL,10733104,1
RANDOM_NATURAL,10733281,1
RANDOM_NATURAL,10733446,1
RANDOM_NATURAL,10734358,1
RANDOM_NATURAL,10735189,1
RANDOM_NATURAL,10735859,1
RANDOM_NATURAL,10736123,1
RANDOM_NATURAL,10736200,1
RANDOM_NATURAL,10737248,1
RANDOM_NATURAL,10743398,1
RANDOM_NATURAL,10744011,1
RANDOM_NATURAL,10744998,1
RANDOM_NATURAL,10745656,1
RANDOM_NATURAL,10746010,1
RANDOM_NATURAL,10746348,1
RANDOM_NATURAL,10746443,1
RANDOM_NATURAL,10747820,1
RANDOM_NATURAL,10748650,1
RANDOM_NATURAL,10748698,1
RANDOM_NATURAL,10748974,1
RANDOM_NATURAL,10749557,1
RANDOM_NATURAL,10751315,1
RANDOM_NATURAL,10751508,1
RANDOM_NATURAL,10751817,1
RANDOM_NATURAL,10753467,1
RANDOM_NATURAL,10754197,1
RANDOM_NATURAL,10755421,1
RANDOM_NATURAL,10756194,1
RANDOM_NATURAL,10757752,1
RANDOM_NATURAL,10757784,1
RANDOM_NATURAL,10759200,1
RANDOM_NATURAL,10762505,1
RANDOM_NATURAL,10763776,1
RANDOM_NATURAL,10764786,1
RANDOM_NATURAL,10765355,1
RANDOM_NATURAL,10765366,1
RANDOM_NATURAL,10770366,1
RANDOM_NATURAL,10770413,1
RANDOM_NATURAL,10771320,1
RANDOM_NATURAL,10771657,1
RANDOM_NATURAL,10774131,1
RANDOM_NATURAL,10774599,1
RANDOM_NATURAL,10774609,1
RANDOM_NATURAL,10775382,1
RANDOM_NATURAL,10775604,1
RANDOM_NATURAL,10776032,1
RANDOM_NATURAL,10776657,1
RANDOM_NATURAL,10776788,1
RANDOM_NATURAL,10777413,1
RANDOM_NATURAL,10779920,1
RANDOM_NATURAL,10780807,1
RANDOM_NATURAL,10780955,1
RANDOM_NATURAL,10781647,1
RANDOM_NATURAL,10781805,1
RANDOM_NATURAL,10783804,1
RANDOM_NATURAL,10783836,1
RANDOM_NATURAL,10784044,1
RANDOM_NATURAL,10784094,1
RANDOM_NATURAL,10784936,1
RANDOM_NATURAL,10785124,1
RANDOM_NATURAL,10785436,1
RANDOM_NATURAL,10786334,1
RANDOM_NATURAL,10786618,1
RANDOM_NATURAL,10788255,1
RANDOM_NATURAL,10788797,1
RANDOM_NATURAL,10790203,1
RANDOM_NATURAL,10790653,1
RANDOM_NATURAL,10791009,1
RANDOM_NATURAL,10791814,1
RANDOM_NATURAL,10792674,1
RANDOM_NATURAL,10792858,1
RANDOM_NATURAL,10793173,1
RANDOM_NATURAL,10793788,1
RANDOM_NATURAL,10793880,1
RANDOM_NATURAL,10795312,1
RANDOM_NATURAL,10795314,1
RANDOM_NATURAL,10795763,1
RANDOM_NATURAL,10796349,1
RANDOM_NATURAL,10797066,1
RANDOM_NATURAL,10798257,1
RANDOM_NATURAL,10798932,1
RANDOM_NATURAL,10798993,1
RANDOM_NATURAL,10799586,1
RANDOM_NATURAL,10800810,1
RANDOM_NATURAL,10800927,1
RANDOM_NATURAL,10801023,1
RANDOM_NATURAL,10801406,1
RANDOM_NATURAL,10801941,1
RANDOM_NATURAL,10802050,1
RANDOM_NATURAL,10803391,1
RANDOM_NATURAL,10803670,1
RANDOM_NATURAL,10805631,1
RANDOM_NATURAL,10806215,1
RANDOM_NATURAL,10807075,1
RANDOM_NATURAL,10807170,1
RANDOM_NATURAL,10807720,1
RANDOM_NATURAL,10808251,1
RANDOM_NATURAL,10808981,1
RANDOM_NATURAL,10810162,1
RANDOM_NATURAL,10810757,1
RANDOM_NATURAL,10810788,1
RANDOM_NATURAL,10812952,1
RANDOM_NATURAL,10813550,1
RANDOM_NATURAL,10813804,1
RANDOM_NATURAL,10814767,1
RANDOM_NATURAL,10817026,1
RANDOM_NATURAL,10817961,1
RANDOM_NATURAL,10818555,1
RANDOM_NATURAL,10818900,1
RANDOM_NATURAL,10820301,1
RANDOM_NATURAL,10820437,1
RANDOM_NATURAL,10820554,1
RANDOM_NATURAL,10820668,1
RANDOM_NATURAL,10822526,1
RANDOM_NATURAL,10823275,1
RANDOM_NATURAL,10823302,1
RANDOM_NATURAL,10823748,1
RANDOM_NATURAL,10824064,1
RANDOM_NATURAL,10825770,1
RANDOM_NATURAL,10825971,1
RANDOM_NATURAL,10826235,1
RANDOM_NATURAL,10826888,1
RANDOM_NATURAL,10827651,1
RANDOM_NATURAL,10827972,1
RANDOM_NATURAL,10829241,1
RANDOM_NATURAL,10829989,1
RANDOM_NATURAL,10830911,1
RANDOM_NATURAL,10831489,1
RANDOM_NATURAL,10832617,1
RANDOM_NATURAL,10833576,1
RANDOM_NATURAL,10835932,1
RANDOM_NATURAL,10836492,1
RANDOM_NATURAL,10836835,1
RANDOM_NATURAL,10837799,1
RANDOM_NATURAL,10837812,1
RANDOM_NATURAL,10838228,1
RANDOM_NATURAL,10839199,1
RANDOM_NATURAL,10839394,1
RANDOM_NATURAL,10839749,1
RANDOM_NATURAL,10840741,1
RANDOM_NATURAL,10841089,1
RANDOM_NATURAL,10841384,1
RANDOM_NATURAL,10843043,1
RANDOM_NATURAL,10843275,1
RANDOM_NATURAL,10843897,1
RANDOM_NATURAL,10844723,1
RANDOM_NATURAL,10845889,1
RANDOM_NATURAL,10846106,1
RANDOM_NATURAL,10846462,1
RANDOM_NATURAL,10846578,1
RANDOM_NATURAL,10847463,1
RANDOM_NATURAL,10847578,1
RANDOM_NATURAL,10849028,1
RANDOM_NATURAL,10849805,1
RANDOM_NATURAL,10851425,1
RANDOM_NATURAL,10852335,1
RANDOM_NATURAL,10853482,1
RANDOM_NATURAL,10853788,1
RANDOM_NATURAL,10854436,1
RANDOM_NATURAL,10855414,1
RANDOM_NATURAL,10857721,1
RANDOM_NATURAL,10859354,1
RANDOM_NATURAL,10861506,1
RANDOM_NATURAL,10862476,1
RANDOM_NATURAL,10862553,1
RANDOM_NATURAL,10862828,1
RANDOM_NATURAL,10863129,1
RANDOM_NATURAL,10863579,1
RANDOM_NATURAL,10865170,1
RANDOM_NATURAL,10865465,1
RANDOM_NATURAL,10865530,1
RANDOM_NATURAL,10866763,1
RANDOM_NATURAL,10867559,1
RANDOM_NATURAL,10867790,1
RANDOM_NATURAL,10868298,1
RANDOM_NATURAL,10869195,1
RANDOM_NATURAL,10870842,1
RANDOM_NATURAL,10870849,1
RANDOM_NATURAL,10870905,1
RANDOM_NATURAL,10871287,1
RANDOM_NATURAL,10871920,1
RANDOM_NATURAL,10873065,1
RANDOM_NATURAL,10873378,1
RANDOM_NATURAL,10874322,1
RANDOM_NATURAL,10874563,1
RANDOM_NATURAL,10875525,1
RANDOM_NATURAL,10875829,1
RANDOM_NATURAL,10876868,1
RANDOM_NATURAL,10877616,1
RANDOM_NATURAL,10879104,1
RANDOM_NATURAL,10879541,1
RANDOM_NATURAL,10879578,1
RANDOM_NATURAL,10880133,1
RANDOM_NATURAL,10881327,1
RANDOM_NATURAL,10881899,1
RANDOM_NATURAL,10882068,1
RANDOM_NATURAL,10883513,1
RANDOM_NATURAL,10884518,1
RANDOM_NATURAL,10884848,1
RANDOM_NATURAL,10887004,1
RANDOM_NATURAL,10888937,1
RANDOM_NATURAL,10889397,1
RANDOM_NATURAL,10890570,1
RANDOM_NATURAL,10891026,1
RANDOM_NATURAL,10891506,1
RANDOM_NATURAL,10893878,1
RANDOM_NATURAL,10893919,1
RANDOM_NATURAL,10895146,1
RANDOM_NATURAL,10895863,1
RANDOM_NATURAL,10897019,1
RANDOM_NATURAL,10897570,1
RANDOM_NATURAL,10898123,1
RANDOM_NATURAL,10899265,1
RANDOM_NATURAL,10900895,1
RANDOM_NATURAL,10901428,1
RANDOM_NATURAL,10902326,1
RANDOM_NATURAL,10902943,1
RANDOM_NATURAL,10904871,1
RANDOM_NATURAL,10905058,1
RANDOM_NATURAL,10905991,1
RANDOM_NATURAL,10906357,1
RANDOM_NATURAL,10906406,1
RANDOM_NATURAL,10908052,1
RANDOM_NATURAL,10908662,1
RANDOM_NATURAL,10908712,1
RANDOM_NATURAL,10909156,1
RANDOM_NATURAL,10910947,1
RANDOM_NATURAL,10912035,1
RANDOM_NATURAL,10912986,1
RANDOM_NATURAL,10914477,1
RANDOM_NATURAL,10915515,1
RANDOM_NATURAL,10915666,1
RANDOM_NATURAL,10916595,1
RANDOM_NATURAL,10916866,1
RANDOM_NATURAL,10919332,1
RANDOM_NATURAL,10919458,1
RANDOM_NATURAL,10920553,1
RANDOM_NATURAL,10921816,1
RANDOM_NATURAL,10921826,1
RANDOM_NATURAL,10922062,1
RANDOM_NATURAL,10922138,1
RANDOM_NATURAL,10923609,1
RANDOM_NATURAL,10923689,1
RANDOM_NATURAL,10924164,1
RANDOM_NATURAL,10924641,1
RANDOM_NATURAL,10924752,1
RANDOM_NATURAL,10924805,1
RANDOM_NATURAL,10924855,1
RANDOM_NATURAL,10925023,1
RANDOM_NATURAL,10925470,1
RANDOM_NATURAL,10926696,1
RANDOM_NATURAL,10927401,1
RANDOM_NATURAL,10927651,1
RANDOM_NATURAL,10928519,1
RANDOM_NATURAL,10929298,1
RANDOM_NATURAL,10930200,1
RANDOM_NATURAL,10930215,1
RANDOM_NATURAL,10930316,1
RANDOM_NATURAL,10931690,1
RANDOM_NATURAL,10933194,1
RANDOM_NATURAL,10934377,1
RANDOM_NATURAL,10934634,1
RANDOM_NATURAL,10934789,1
RANDOM_NATURAL,10935315,1
RANDOM_NATURAL,10937628,1
RANDOM_NATURAL,10938118,1
RANDOM_NATURAL,10938641,1
RANDOM_NATURAL,10940277,1
RANDOM_NATURAL,10941377,1
RANDOM_NATURAL,10941741,1
RANDOM_NATURAL,10941992,1
RANDOM_NATURAL,10942895,1
RANDOM_NATURAL,10944805,1
RANDOM_NATURAL,10946229,1
RANDOM_NATURAL,10946525,1
RANDOM_NATURAL,10946618,1
RANDOM_NATURAL,10947849,1
RANDOM_NATURAL,10949371,1
RANDOM_NATURAL,10949499,1
RANDOM_NATURAL,10949611,1
RANDOM_NATURAL,10951353,1
RANDOM_NATURAL,10951463,1
RANDOM_NATURAL,10951508,1
RANDOM_NATURAL,10952811,1
RANDOM_NATURAL,10953650,1
RANDOM_NATURAL,10953678,1
RANDOM_NATURAL,10953781,1
RANDOM_NATURAL,10954248,1
RANDOM_NATURAL,10955346,1
RANDOM_NATURAL,10957998,1
RANDOM_NATURAL,10958335,1
RANDOM_NATURAL,10958825,1
RANDOM_NATURAL,10959026,1
RANDOM_NATURAL,10960003,1
RANDOM_NATURAL,10960058,1
RANDOM_NATURAL,10960424,1
RANDOM_NATURAL,10961748,1
RANDOM_NATURAL,10961954,1
RANDOM_NATURAL,10962315,1
RANDOM_NATURAL,10962835,1
RANDOM_NATURAL,10963642,1
RANDOM_NATURAL,10964326,1
RANDOM_NATURAL,10964639,1
RANDOM_NATURAL,10965074,1
RANDOM_NATURAL,10966587,1
RANDOM_NATURAL,10966979,1
RANDOM_NATURAL,10967239,1
RANDOM_NATURAL,10967411,1
RANDOM_NATURAL,10967627,1
RANDOM_NATURAL,10969764,1
RANDOM_NATURAL,10969792,1
RANDOM_NATURAL,10971064,1
RANDOM_NATURAL,10971387,1
RANDOM_NATURAL,10972062,1
RANDOM_NATURAL,10975481,1
RANDOM_NATURAL,10976942,1
RANDOM_NATURAL,10978190,1
RANDOM_NATURAL,10978944,1
RANDOM_NATURAL,10979041,1
RANDOM_NATURAL,10979712,1
RANDOM_NATURAL,10980771,1
RANDOM_NATURAL,10981423,1
RANDOM_NATURAL,10982106,1
RANDOM_NATURAL,10982432,1
RANDOM_NATURAL,10982568,1
RANDOM_NATURAL,10982732,1
RANDOM_NATURAL,10983754,1
RANDOM_NATURAL,10984003,1
RANDOM_NATURAL,10984617,1
RANDOM_NATURAL,10984743,1
RANDOM_NATURAL,10985008,1
RANDOM_NATURAL,10985122,1
RANDOM_NATURAL,10985599,1
RANDOM_NATURAL,10985702,1
RANDOM_NATURAL,10985972,1
RANDOM_NATURAL,10986242,1
RANDOM_NATURAL,10986267,1
RANDOM_NATURAL,10986700,1
RANDOM_NATURAL,10986761,1
RANDOM_NATURAL,10987107,1
RANDOM_NATURAL,10987486,1
RANDOM_NATURAL,10987534,1
RANDOM_NATURAL,10989742,1
RANDOM_NATURAL,10989833,1
RANDOM_NATURAL,10991524,1
RANDOM_NATURAL,10991850,1
RANDOM_NATURAL,10991994,1
RANDOM_NATURAL,10993121,1
RANDOM_NATURAL,10993524,1
RANDOM_NATURAL,10996686,1
RANDOM_NATURAL,10999734,1
RANDOM_NATURAL,11000276,1
RANDOM_NATURAL,11000680,1
RANDOM_NATURAL,11002779,1
RANDOM_NATURAL,11002931,1
RANDOM_NATURAL,11003009,1
RANDOM_NATURAL,11003417,1
RANDOM_NATURAL,11004505,1
RANDOM_NATURAL,11004665,1
RANDOM_NATURAL,11004812,1
RANDOM_NATURAL,11004887,1
RANDOM_NATURAL,11006028,1
RANDOM_NATURAL,11006281,1
RANDOM_NATURAL,11006871,1
RANDOM_NATURAL,11008076,1
RANDOM_NATURAL,11009373,1
RANDOM_NATURAL,11012085,1
RANDOM_NATURAL,11012814,1
RANDOM_NATURAL,11013871,1
RANDOM_NATURAL,11014064,1
RANDOM_NATURAL,11014620,1
RANDOM_NATURAL,11017722,1
RANDOM_NATURAL,11018700,1
RANDOM_NATURAL,11018896,1
RANDOM_NATURAL,11019172,1
RANDOM_NATURAL,11019219,1
RANDOM_NATURAL,11019626,1
RANDOM_NATURAL,11020144,1
RANDOM_NATURAL,11020411,1
RANDOM_NATURAL,11021269,1
RANDOM_NATURAL,11021316,1
RANDOM_NATURAL,11021427,1
RANDOM_NATURAL,11022987,1
RANDOM_NATURAL,11023047,1
RANDOM_NATURAL,11023922,1
RANDOM_NATURAL,11025897,1
RANDOM_NATURAL,11026032,1
RANDOM_NATURAL,11026189,1
RANDOM_NATURAL,11027269,1
RANDOM_NATURAL,11028382,1
RANDOM_NATURAL,11029081,0
RANDOM_NATURAL,11029551,1
RANDOM_NATURAL,11030431,1
RANDOM_NATURAL,11032245,1
RANDOM_NATURAL,11032361,1
RANDOM_NATURAL,11035870,1
RANDOM_NATURAL,11036466,0
RANDOM_NATURAL,11037547,1
RANDOM_NATURAL,11038915,1
RANDOM_NATURAL,11039103,1
RANDOM_NATURAL,11040422,1
RANDOM_NATURAL,11041282,1
RANDOM_NATURAL,11042282,1
RANDOM_NATURAL,11042340,0
RANDOM_NATURAL,11043224,1
RANDOM_NATURAL,11047385,0
RANDOM_NATURAL,11049469,1
RANDOM_NATURAL,11050637,1
RANDOM_NATURAL,11051039,1
RANDOM_NATURAL,11051279,0
RANDOM_NATURAL,11051287,1
RANDOM_NATURAL,11051583,0
RANDOM_NATURAL,11054455,1
RANDOM_NATURAL,11056070,0
RANDOM_NATURAL,11056285,1
RANDOM_NATURAL,11056569,1
RANDOM_NATURAL,11059255,1
RANDOM_NATURAL,11059421,1
RANDOM_NATURAL,11060317,1
RANDOM_NATURAL,11061468,1
RANDOM_NATURAL,11061665,1
RANDOM_NATURAL,11063661,1
RANDOM_NATURAL,11066358,1
RANDOM_NATURAL,11066522,1
RANDOM_NATURAL,11066877,1
RANDOM_NATURAL,11067333,0
RANDOM_NATURAL,11072175,1
RANDOM_NATURAL,11072276,1
RANDOM_NATURAL,11074663,1
RANDOM_NATURAL,11076163,1
RANDOM_NATURAL,11076334,0
RANDOM_NATURAL,11077024,0
RANDOM_NATURAL,11077474,1
RANDOM_NATURAL,11080354,1
RANDOM_NATURAL,11086915,1
RANDOM_NATURAL,11087854,1
RANDOM_NATURAL,11089851,1
RANDOM_NATURAL,11092604,1
RANDOM_NATURAL,11097474,1
RANDOM_NATURAL,11098784,1
RANDOM_NATURAL,11101067,1
RANDOM_NATURAL,11102314,1
RANDOM_NATURAL,11108760,1
RANDOM_NATURAL,11111641,1
RANDOM_NATURAL,11113473,1
RANDOM_NATURAL,11114175,1
RANDOM_NATURAL,11114617,1
RANDOM_NATURAL,11115381,1
RANDOM_NATURAL,11118426,1
RANDOM_NATURAL,11118528,1
RANDOM_NATURAL,11120871,1
RANDOM_NATURAL,11121965,1
RANDOM_NATURAL,11125726,1
RANDOM_NATURAL,11125773,1
RANDOM_NATURAL,11130258,1
RANDOM_NATURAL,11131811,1
RANDOM_NATURAL,11133589,1
RANDOM_NATURAL,11135353,0
RANDOM_NATURAL,11135389,1
RANDOM_NATURAL,11136213,0
RANDOM_NATURAL,11136547,1
RANDOM_NATURAL,11138769,0
RANDOM_NATURAL,11142512,1
RANDOM_NATURAL,11143679,0
RANDOM_NATURAL,11144274,1
RANDOM_NATURAL,11145744,0
RANDOM_NATURAL,11147479,1
RANDOM_NATURAL,11148001,1
RANDOM_NATURAL,11149483,1
RANDOM_NATURAL,11152481,1
RANDOM_NATURAL,11152716,1
RANDOM_NATURAL,11154046,1
RANDOM_NATURAL,11154731,1
RANDOM_NATURAL,11156318,1
RANDOM_NATURAL,11156450,0
RANDOM_NATURAL,11158512,0
RANDOM_NATURAL,11161472,1
RANDOM_NATURAL,11162583,1
RANDOM_NATURAL,11163280,1
RANDOM_NATURAL,11164784,1
RANDOM_NATURAL,11165167,1
RANDOM_NATURAL,11165967,1
RANDOM_NATURAL,11167522,1
RANDOM_NATURAL,11168213,1
RANDOM_NATURAL,11169737,1
RANDOM_NATURAL,11170451,1
RANDOM_NATURAL,11173385,1
RANDOM_NATURAL,11173908,1
RANDOM_NATURAL,11174233,1
RANDOM_NATURAL,11176812,1
RANDOM_NATURAL,11177895,1
RANDOM_NATURAL,11178202,1
RANDOM_NATURAL,11179621,1
RANDOM_NATURAL,11180796,1
RANDOM_NATURAL,11180842,0
RANDOM_NATURAL,11181278,1
RANDOM_NATURAL,11182937,1
RANDOM_NATURAL,11183994,1
RANDOM_NATURAL,11184304,0
RANDOM_NATURAL,11184306,1
RANDOM_NATURAL,11184861,1
RANDOM_NATURAL,11185563,1
RANDOM_NATURAL,11185605,0
RANDOM_NATURAL,11186330,1
RANDOM_NATURAL,11187545,1
RANDOM_NATURAL,11187628,1
RANDOM_NATURAL,11187930,1
RANDOM_NATURAL,11188286,1
RANDOM_NATURAL,11189482,1
RANDOM_NATURAL,11191391,1
RANDOM_NATURAL,11195228,0
RANDOM_NATURAL,11195494,1
RANDOM_NATURAL,11200881,1
RANDOM_NATURAL,11201943,1
RANDOM_NATURAL,11203346,1
RANDOM_NATURAL,11203522,1
RANDOM_NATURAL,11204199,1
RANDOM_NATURAL,11204668,1
RANDOM_NATURAL,11205440,1
RANDOM_NATURAL,11206206,1
RANDOM_NATURAL,11206267,0
RANDOM_NATURAL,11208646,1
RANDOM_NATURAL,11209255,0
RANDOM_NATURAL,11212298,1
RANDOM_NATURAL,11213496,1
RANDOM_NATURAL,11214238,1
RANDOM_NATURAL,11215686,1
RANDOM_NATURAL,11217383,1
RANDOM_NATURAL,11217784,1
RANDOM_NATURAL,11220142,1
RANDOM_NATURAL,11221079,1
RANDOM_NATURAL,11221863,1
RANDOM_NATURAL,11223589,1
RANDOM_NATURAL,11224382,0
RANDOM_NATURAL,11225011,1
RANDOM_NATURAL,11225351,1
RANDOM_NATURAL,11225478,0
RANDOM_NATURAL,11231840,1
RANDOM_NATURAL,11233324,1
RANDOM_NATURAL,11234077,1
RANDOM_NATURAL,11234395,1
RANDOM_NATURAL,11234809,1
RANDOM_NATURAL,11235114,1
RANDOM_NATURAL,11235750,1
RANDOM_NATURAL,11237270,1
RANDOM_NATURAL,11238299,0
RANDOM_NATURAL,11238337,1
RANDOM_NATURAL,11241483,1
RANDOM_NATURAL,11242969,1
RANDOM_NATURAL,11245995,1
RANDOM_NATURAL,11246277,1
RANDOM_NATURAL,11250256,1
RANDOM_NATURAL,11251217,1
RANDOM_NATURAL,11252181,1
RANDOM_NATURAL,11256290,1
RANDOM_NATURAL,11258186,1
RANDOM_NATURAL,11259573,0
RANDOM_NATURAL,11261564,1
RANDOM_NATURAL,11262160,1
RANDOM_NATURAL,11264854,1
RANDOM_NATURAL,11268507,1
RANDOM_NATURAL,11269603,1
RANDOM_NATURAL,11270748,1
RANDOM_NATURAL,11271007,0
RANDOM_NATURAL,11271596,1
RANDOM_NATURAL,11272770,1
RANDOM_NATURAL,11272812,1
RANDOM_NATURAL,11276238,1
RANDOM_NATURAL,11276865,1
RANDOM_NATURAL,11277569,1
RANDOM_NATURAL,11278955,1
RANDOM_NATURAL,11279398,0
RANDOM_NATURAL,11279433,1
RANDOM_NATURAL,11280166,0
RANDOM_NATURAL,11280217,1
RANDOM_NATURAL,11284530,1
RANDOM_NATURAL,11285070,1
RANDOM_NATURAL,11286276,0
RANDOM_NATURAL,11286750,0
RANDOM_NATURAL,11288967,1
RANDOM_NATURAL,11290596,1
RANDOM_NATURAL,11290730,1
RANDOM_NATURAL,11293992,1
RANDOM_NATURAL,11294810,1
RANDOM_NATURAL,11298050,1
RANDOM_NATURAL,11300610,0
RANDOM_NATURAL,11301895,0
RANDOM_NATURAL,11301920,1
RANDOM_NATURAL,11302129,1
RANDOM_NATURAL,11302697,1
RANDOM_NATURAL,11302982,1
RANDOM_NATURAL,11303916,1
RANDOM_NATURAL,11304330,1
RANDOM_NATURAL,11306620,1
RANDOM_NATURAL,11307459,1
RANDOM_NATURAL,11309544,1
RANDOM_NATURAL,11309863,1
RANDOM_NATURAL,11312756,1
RANDOM_NATURAL,11314610,1
RANDOM_NATURAL,11317230,1
RANDOM_NATURAL,11317802,0
RANDOM_NATURAL,11318029,1
RANDOM_NATURAL,11320225,1
RANDOM_NATURAL,11320397,1
RANDOM_NATURAL,11321224,0
RANDOM_NATURAL,11325218,1
RANDOM_NATURAL,11325311,1
RANDOM_NATURAL,11325591,1
RANDOM_NATURAL,11326421,1
RANDOM_NATURAL,11327238,1
RANDOM_NATURAL,11330234,1
RANDOM_NATURAL,11333283,1
RANDOM_NATURAL,11336073,1
RANDOM_NATURAL,11336917,1
RANDOM_NATURAL,11339135,1
RANDOM_NATURAL,11340861,1
RANDOM_NATURAL,11341763,1
RANDOM_NATURAL,11342147,1
RANDOM_NATURAL,11342886,1
RANDOM_NATURAL,11343055,1
RANDOM_NATURAL,11344190,1
RANDOM_NATURAL,11344773,1
RANDOM_NATURAL,11345136,1
RANDOM_NATURAL,11346549,1
RANDOM_NATURAL,11347758,1
RANDOM_NATURAL,11348060,1
RANDOM_NATURAL,11349081,1
RANDOM_NATURAL,11350298,0
RANDOM_NATURAL,11351649,1
RANDOM_NATURAL,11357261,1
RANDOM_NATURAL,11365445,1
RANDOM_NATURAL,11370711,1
RANDOM_NATURAL,11371260,1
RANDOM_NATURAL,11372543,1
RANDOM_NATURAL,11373995,1
RANDOM_NATURAL,11376328,1
RANDOM_NATURAL,11377135,1
RANDOM_NATURAL,11377622,1
RANDOM_NATURAL,11380097,1
RANDOM_NATURAL,11381066,0
RANDOM_NATURAL,11381422,1
RANDOM_NATURAL,11381594,1
RANDOM_NATURAL,11386139,1
RANDOM_NATURAL,11389435,1
RANDOM_NATURAL,11390029,1
RANDOM_NATURAL,11390661,1
RANDOM_NATURAL,11391080,1
RANDOM_NATURAL,11391147,0
RANDOM_NATURAL,11396722,1
RANDOM_NATURAL,11397493,1
RANDOM_NATURAL,11397680,1
RANDOM_NATURAL,11398177,0
RANDOM_NATURAL,11398644,1
RANDOM_NATURAL,11401532,1
RANDOM_NATURAL,11402706,1
RANDOM_NATURAL,11405451,1
RANDOM_NATURAL,11406157,1
RANDOM_NATURAL,11407148,1
RANDOM_NATURAL,11407748,1
RANDOM_NATURAL,11409898,1
RANDOM_NATURAL,11410422,1
RANDOM_NATURAL,11410726,1
RANDOM_NATURAL,11414100,1
RANDOM_NATURAL,11421718,1
RANDOM_NATURAL,11422057,1
RANDOM_NATURAL,11422106,0
RANDOM_NATURAL,11422284,1
RANDOM_NATURAL,11422638,1
RANDOM_NATURAL,11425531,1
RANDOM_NATURAL,11425876,1
RANDOM_NATURAL,11429804,0
RANDOM_NATURAL,11432068,1
RANDOM_NATURAL,11432489,1
RANDOM_NATURAL,11433676,1
RANDOM_NATURAL,11437202,0
RANDOM_NATURAL,11437661,1
RANDOM_NATURAL,11438618,1
RANDOM_NATURAL,11439989,1
RANDOM_NATURAL,11440692,1
RANDOM_NATURAL,11444077,1
RANDOM_NATURAL,11444375,1
RANDOM_NATURAL,11445302,1
RANDOM_NATURAL,11452524,1
RANDOM_NATURAL,11452602,0
RANDOM_NATURAL,11453820,0
RANDOM_NATURAL,11454648,1
RANDOM_NATURAL,11454752,1
RANDOM_NATURAL,11455085,1
RANDOM_NATURAL,11455455,0
RANDOM_NATURAL,11455654,1
RANDOM_NATURAL,11456834,1
RANDOM_NATURAL,11459115,1
RANDOM_NATURAL,11460622,1
RANDOM_NATURAL,11464574,1
RANDOM_NATURAL,11465021,1
RANDOM_NATURAL,11467202,1
RANDOM_NATURAL,11467907,1
RANDOM_NATURAL,11467912,1
RANDOM_NATURAL,11469065,0
RANDOM_NATURAL,11472075,1
RANDOM_NATURAL,11472109,1
RANDOM_NATURAL,11476772,1
RANDOM_NATURAL,11477172,1
RANDOM_NATURAL,11477373,1
RANDOM_NATURAL,11480466,1
RANDOM_NATURAL,11481287,1
RANDOM_NATURAL,11481608,1
RANDOM_NATURAL,11485506,1
RANDOM_NATURAL,11489876,1
RANDOM_NATURAL,11490044,1
RANDOM_NATURAL,11496596,1
RANDOM_NATURAL,11497825,1
RANDOM_NATURAL,11498468,1
RANDOM_NATURAL,11498872,1
RANDOM_NATURAL,11500280,1
RANDOM_NATURAL,11500502,1
RANDOM_NATURAL,11500870,0
RANDOM_NATURAL,11500881,1
RANDOM_NATURAL,11502510,1
RANDOM_NATURAL,11503090,1
RANDOM_NATURAL,11503295,1
RANDOM_NATURAL,11507042,1
RANDOM_NATURAL,11507786,1
RANDOM_NATURAL,11508904,1
RANDOM_NATURAL,11509326,1
RANDOM_NATURAL,11510955,1
RANDOM_NATURAL,11513593,0
RANDOM_NATURAL,11520448,1
RANDOM_NATURAL,11523479,1
RANDOM_NATURAL,11526121,1
RANDOM_NATURAL,11531231,1
RANDOM_NATURAL,11531723,0
RANDOM_NATURAL,11532042,1
RANDOM_NATURAL,11532679,1
RANDOM_NATURAL,11533408,1
RANDOM_NATURAL,11536848,1
RANDOM_NATURAL,11537720,1
RANDOM_NATURAL,11538924,1
RANDOM_NATURAL,11539812,1
RANDOM_NATURAL,11540424,1
RANDOM_NATURAL,11542302,1
RANDOM_NATURAL,11542636,0
RANDOM_NATURAL,11544932,1
RANDOM_NATURAL,11546211,1
RANDOM_NATURAL,11549022,1
RANDOM_NATURAL,11550648,1
RANDOM_NATURAL,11551186,1
RANDOM_NATURAL,11551330,1
RANDOM_NATURAL,11553217,1
RANDOM_NATURAL,11553331,1
RANDOM_NATURAL,11553751,1
RANDOM_NATURAL,11555646,1
RANDOM_NATURAL,11556281,1
RANDOM_NATURAL,11556544,1
RANDOM_NATURAL,11556745,1
RANDOM_NATURAL,11556983,1
RANDOM_NATURAL,11557257,1
RANDOM_NATURAL,11560344,1
RANDOM_NATURAL,11560588,1
RANDOM_NATURAL,11561504,1
RANDOM_NATURAL,11567261,1
RANDOM_NATURAL,11568033,1
RANDOM_NATURAL,11568659,1
RANDOM_NATURAL,11572946,1
RANDOM_NATURAL,11573958,0
RANDOM_NATURAL,11574141,1
RANDOM_NATURAL,11574811,0
RANDOM_NATURAL,11575985,1
RANDOM_NATURAL,11576099,1
RANDOM_NATURAL,11577346,1
RANDOM_NATURAL,11578314,1
RANDOM_NATURAL,11579065,1
RANDOM_NATURAL,11579142,0
RANDOM_NATURAL,11579555,1
RANDOM_NATURAL,11581728,1
RANDOM_NATURAL,11582075,1
RANDOM_NATURAL,11583521,0
RANDOM_NATURAL,11586607,1
RANDOM_NATURAL,11587301,1
RANDOM_NATURAL,11589450,0
RANDOM_NATURAL,11591045,1
RANDOM_NATURAL,11591466,1
RANDOM_NATURAL,11591791,1
RANDOM_NATURAL,11594349,1
RANDOM_NATURAL,11595049,1
RANDOM_NATURAL,11595266,1
RANDOM_NATURAL,11595562,1
RANDOM_NATURAL,11596349,1
RANDOM_NATURAL,11598477,1
RANDOM_NATURAL,11601972,1
RANDOM_NATURAL,11602731,1
RANDOM_NATURAL,11606368,1
RANDOM_NATURAL,11611479,1
RANDOM_NATURAL,11614326,1
RANDOM_NATURAL,11616840,0
RANDOM_NATURAL,11619190,1
RANDOM_NATURAL,11619917,1
RANDOM_NATURAL,11620907,1
RANDOM_NATURAL,11621145,1
RANDOM_NATURAL,11621798,1
RANDOM_NATURAL,11622098,1
RANDOM_NATURAL,11623979,1
RANDOM_NATURAL,11624112,1
RANDOM_NATURAL,11627036,1
RANDOM_NATURAL,11628086,1
RANDOM_NATURAL,11629663,1
RANDOM_NATURAL,11630367,1
RANDOM_NATURAL,11633136,1
RANDOM_NATURAL,11636996,1
RANDOM_NATURAL,11637435,0
RANDOM_NATURAL,11638027,1
RANDOM_NATURAL,11638234,1
RANDOM_NATURAL,11638715,1
RANDOM_NATURAL,11644236,1
RANDOM_NATURAL,11644904,1
RANDOM_NATURAL,11645841,1
RANDOM_NATURAL,11646451,1
RANDOM_NATURAL,11649898,1
RANDOM_NATURAL,11651433,1
RANDOM_NATURAL,11652876,1
RANDOM_NATURAL,11653467,0
RANDOM_NATURAL,11654011,1
RANDOM_NATURAL,11656865,1
RANDOM_NATURAL,11657929,1
RANDOM_NATURAL,11658325,1
RANDOM_NATURAL,11659481,1
RANDOM_NATURAL,11666689,1
RANDOM_NATURAL,11667168,1
RANDOM_NATURAL,11670781,0
RANDOM_NATURAL,11673596,1
RANDOM_NATURAL,11674074,1
RANDOM_NATURAL,11674218,1
RANDOM_NATURAL,11676671,1
RANDOM_NATURAL,11677279,1
RANDOM_NATURAL,11677607,1
RANDOM_NATURAL,11681567,1
RANDOM_NATURAL,11682810,1
RANDOM_NATURAL,11685641,0
RANDOM_NATURAL,11685739,1
RANDOM_NATURAL,11687135,0
RANDOM_NATURAL,11687435,1
RANDOM_NATURAL,11687459,1
RANDOM_NATURAL,11687664,1
RANDOM_NATURAL,11689248,1
RANDOM_NATURAL,11692503,1
RANDOM_NATURAL,11694049,1
RANDOM_NATURAL,11694929,1
RANDOM_NATURAL,11698221,1
RANDOM_NATURAL,11705677,0
RANDOM_NATURAL,11709892,1
RANDOM_NATURAL,11715062,1
RANDOM_NATURAL,11715247,1
RANDOM_NATURAL,11716596,1
RANDOM_NATURAL,11718091,1
RANDOM_NATURAL,11721085,0
RANDOM_NATURAL,11721664,1
RANDOM_NATURAL,11721937,1
RANDOM_NATURAL,11724572,0
RANDOM_NATURAL,11726072,0
RANDOM_NATURAL,11732351,0
RANDOM_NATURAL,11734692,0
RANDOM_NATURAL,11734929,0
RANDOM_NATURAL,11738187,0
RANDOM_NATURAL,11756254,0
RANDOM_NATURAL,11762616,0
RANDOM_NATURAL,11765538,0
RANDOM_NATURAL,11765978,0
RANDOM_NATURAL,11768060,0
RANDOM_NATURAL,11768785,0
RANDOM_NATURAL,11785822,0
RANDOM_NATURAL,11787367,0
RANDOM_NATURAL,11795863,0
RANDOM_NATURAL,11804190,0
RANDOM_NATURAL,11808405,0
RANDOM_NATURAL,11808476,0
RANDOM_NATURAL,11814837,0
RANDOM_NATURAL,11821436,0
RANDOM_NATURAL,11824964,0
RANDOM_NATURAL,11837530,0
RANDOM_NATURAL,11838953,0
RANDOM_NATURAL,11840975,0
RANDOM_NATURAL,11842299,0
RANDOM_NATURAL,11843497,0
RANDOM_NATURAL,11846806,0
RANDOM_NATURAL,11850614,0
RANDOM_NATURAL,11852341,0
RANDOM_NATURAL,11855471,0
RANDOM_NATURAL,11857306,0
RANDOM_NATURAL,11859648,0
RANDOM_NATURAL,11860570,0
RANDOM_NATURAL,11864847,0
RANDOM_NATURAL,11868451,0
RANDOM_NATURAL,11877790,0
RANDOM_NATURAL,11877957,0
RANDOM_NATURAL,11879651,0
RANDOM_NATURAL,11885725,0
RANDOM_NATURAL,11892820,0
RANDOM_NATURAL,11899277,0
RANDOM_NATURAL,11905262,0
RANDOM_NATURAL,11908782,0
RANDOM_NATURAL,11912171,0
RANDOM_NATURAL,11916598,0
RANDOM_NATURAL,11925114,0
RANDOM_NATURAL,11925805,0
RANDOM_NATURAL,11942672,0
RANDOM_NATURAL,11950968,0
RANDOM_NATURAL,11953890,0
RANDOM_NATURAL,11970694,0
RANDOM_NATURAL,11971085,0
RANDOM_NATURAL,11971351,0
RANDOM_NATURAL,11972446,0
RANDOM_NATURAL,11982732,0
RANDOM_NATURAL,11983165,0
RANDOM_NATURAL,11989667,0
RANDOM_NATURAL,12001066,0
RANDOM_NATURAL,12010874,0
RANDOM_NATURAL,12012217,0
RANDOM_NATURAL,12013677,0
RANDOM_NATURAL,12029122,0
RANDOM_NATURAL,12039299,0
RANDOM_NATURAL,12040857,0
RANDOM_NATURAL,12044116,0
RANDOM_NATURAL,12056584,0
RANDOM_NATURAL,12057614,0
RANDOM_NATURAL,12059780,0
RANDOM_NATURAL,12073746,0
RANDOM_NATURAL,12075562,0
RANDOM_NATURAL,12076598,0
RANDOM_NATURAL,12088103,0
RANDOM_NATURAL,12093337,0
RANDOM_NATURAL,12099346,0
RANDOM_NATURAL,12104074,0
RANDOM_NATURAL,12107985,0
RANDOM_NATURAL,12112717,0
RANDOM_NATURAL,12115043,0
RANDOM_NATURAL,12117440,0
RANDOM_NATURAL,12117989,0
RANDOM_NATURAL,12123343,0
RANDOM_NATURAL,12127111,0
RANDOM_NATURAL,12130774,0
RANDOM_NATURAL,12133817,0
RANDOM_NATURAL,12140048,0
RANDOM_NATURAL,12140249,0
RANDOM_NATURAL,12153916,0
RANDOM_NATURAL,12161979,0
RANDOM_NATURAL,12167002,0
RANDOM_NATURAL,12168038,0
RANDOM_NATURAL,12169962,0
RANDOM_NATURAL,12175688,0
RANDOM_NATURAL,12176700,0
RANDOM_NATURAL,12177856,0
RANDOM_NATURAL,12185673,0
RANDOM_NATURAL,12186429,0
RANDOM_NATURAL,12188840,0
RANDOM_NATURAL,12192575,0
RANDOM_NATURAL,12195282,0
RANDOM_NATURAL,12198018,0
RANDOM_NATURAL,12198093,0
RANDOM_NATURAL,12203843,0
RANDOM_NATURAL,12212988,0
RANDOM_NATURAL,12213402,0
RANDOM_NATURAL,12214103,0
RANDOM_NATURAL,12215185,0
RANDOM_NATURAL,12215779,0
RANDOM_NATURAL,12217786,0
RANDOM_NATURAL,12218712,0
RANDOM_NATURAL,12222115,0
RANDOM_NATURAL,12226129,0
RANDOM_NATURAL,12235577,0
RANDOM_NATURAL,12241302,0
RANDOM_NATURAL,12247967,0
RANDOM_NATURAL,12249679,0
RANDOM_NATURAL,12252995,0
RANDOM_NATURAL,12264645,0
RANDOM_NATURAL,12276048,0
RANDOM_NATURAL,12281835,0
RANDOM_NATURAL,12282821,0
RANDOM_NATURAL,12289607,0
RANDOM_NATURAL,12292356,0
RANDOM_NATURAL,12293652,0
RANDOM_NATURAL,12294946,0
RANDOM_NATURAL,12295095,0
RANDOM_NATURAL,12298296,0
RANDOM_NATURAL,12306598,0
RANDOM_NATURAL,12306799,0
RANDOM_NATURAL,12313063,0
RANDOM_NATURAL,12316715,0
RANDOM_NATURAL,12318139,0
RANDOM_NATURAL,12318160,0
RANDOM_NATURAL,12320607,0
RANDOM_NATURAL,12324596,0
RANDOM_NATURAL,12327805,0
RANDOM_NATURAL,12328146,0
RANDOM_NATURAL,12331858,0
RANDOM_NATURAL,12333889,0
RANDOM_NATURAL,12335079,0
RANDOM_NATURAL,12340464,0
RANDOM_NATURAL,12348183,0
RANDOM_NATURAL,12357908,0
RANDOM_NATURAL,12365220,0
RANDOM_NATURAL,12365970,0
RANDOM_NATURAL,12368559,0
RANDOM_NATURAL,12372096,0
RANDOM_NATURAL,12372946,0
RANDOM_NATURAL,12377539,0
RANDOM_NATURAL,12380137,0
RANDOM_NATURAL,12398394,0
RANDOM_NATURAL,12402701,0
RANDOM_NATURAL,12410299,0
RANDOM_NATURAL,12413319,0
RANDOM_NATURAL,12421145,0
RANDOM_NATURAL,12430571,0
RANDOM_NATURAL,12433226,0
RANDOM_NATURAL,12444386,0
RANDOM_NATURAL,12448916,0
RANDOM_NATURAL,12486882,0
RANDOM_NATURAL,12497977,0
RANDOM_NATURAL,12500554,0
RANDOM_NATURAL,12500850,0
RANDOM_NATURAL,12504761,0
RANDOM_NATURAL,12505482,0
RANDOM_NATURAL,12509211,0
RANDOM_NATURAL,12512871,0
RANDOM_NATURAL,12516791,0
RANDOM_NATURAL,12517068,0
RANDOM_NATURAL,12517493,0
RANDOM_NATURAL,12517772,0
RANDOM_NATURAL,12519817,0
RANDOM_NATURAL,12524705,0
RANDOM_NATURAL,12526375,0
RANDOM_NATURAL,12531333,0
RANDOM_NATURAL,12531967,0
RANDOM_NATURAL,12531993,0
RANDOM_NATURAL,12534513,0
RANDOM_NATURAL,12534778,0
RANDOM_NATURAL,12541052,0
RANDOM_NATURAL,12543605,0
RANDOM_NATURAL,12544028,0
RANDOM_NATURAL,12547175,0
RANDOM_NATURAL,12547948,0
RANDOM_NATURAL,12565750,0
RANDOM_NATURAL,12568650,0
RANDOM_NATURAL,12573687,0
RANDOM_NATURAL,12577464,0
RANDOM_NATURAL,12610869,0
RANDOM_NATURAL,12612835,0
RANDOM_NATURAL,12613711,0
RANDOM_NATURAL,12617094,0
RANDOM_NATURAL,12624059,0
RANDOM_NATURAL,12629149,0
RANDOM_NATURAL,12629155,0
RANDOM_NATURAL,12637710,0
RANDOM_NATURAL,12645608,0
RANDOM_NATURAL,12648519,0
RANDOM_NATURAL,12651415,0
RANDOM_NATURAL,12655180,0
RANDOM_NATURAL,12658534,0
RANDOM_NATURAL,12661198,0
RANDOM_NATURAL,12663422,0
RANDOM_NATURAL,12664985,0
RANDOM_NATURAL,12675912,0
RANDOM_NATURAL,12679751,0
RANDOM_NATURAL,12679964,0
RANDOM_NATURAL,12681749,0
RANDOM_NATURAL,12685959,0
RANDOM_NATURAL,12687228,0
RANDOM_NATURAL,12692037,0
RANDOM_NATURAL,12693648,0
RANDOM_NATURAL,12696311,0
RANDOM_NATURAL,12697133,0
RANDOM_NATURAL,12713661,0
RANDOM_NATURAL,12719139,0
RANDOM_NATURAL,12719917,0
RANDOM_NATURAL,12733598,0
RANDOM_NATURAL,12733704,0
RANDOM_NATURAL,12739550,0
RANDOM_NATURAL,12740509,0
RANDOM_NATURAL,12744561,0
RANDOM_NATURAL,12765720,0
RANDOM_NATURAL,12768231,0
RANDOM_NATURAL,12774215,1
RANDOM_NATURAL,12777357,0
RANDOM_NATURAL,12779597,0
RANDOM_NATURAL,12782297,0
RANDOM_NATURAL,12786680,0
RANDOM_NATURAL,12787718,0
RANDOM_NATURAL,12792350,0
RANDOM_NATURAL,12795812,0
RANDOM_NATURAL,12795865,0
RANDOM_NATURAL,12797596,0
RANDOM_NATURAL,12798159,0
RANDOM_NATURAL,12806415,0
RANDOM_NATURAL,12808081,0
RANDOM_NATURAL,12818937,0
RANDOM_NATURAL,12828437,0
RANDOM_NATURAL,12829812,0
RANDOM_NATURAL,12832438,0
RANDOM_NATURAL,12833638,0
RANDOM_NATURAL,12841169,0
RANDOM_NATURAL,12843970,0
RANDOM_NATURAL,12859729,0
RANDOM_NATURAL,12861030,0
RANDOM_NATURAL,12862621,0
RANDOM_NATURAL,12866548,0
RANDOM_NATURAL,12872657,0
RANDOM_NATURAL,12873991,0
RANDOM_NATURAL,12874974,0
RANDOM_NATURAL,12877626,0
RANDOM_NATURAL,12885086,0
RANDOM_NATURAL,12887906,0
RANDOM_NATURAL,12888936,0
RANDOM_NATURAL,12890144,0
RANDOM_NATURAL,12895525,0
RANDOM_NATURAL,12904098,0
RANDOM_NATURAL,12905813,0
RANDOM_NATURAL,12908321,0
RANDOM_NATURAL,12911372,0
RANDOM_NATURAL,12914878,0
RANDOM_NATURAL,12917679,0
RANDOM_NATURAL,12922191,0
RANDOM_NATURAL,12926193,0
RANDOM_NATURAL,12927917,0
RANDOM_NATURAL,12933107,0
RANDOM_NATURAL,12939918,0
RANDOM_NATURAL,12944590,0
RANDOM_NATURAL,12953464,0
RANDOM_NATURAL,12966458,0
RANDOM_NATURAL,12967706,0
RANDOM_NATURAL,12967769,0
RANDOM_NATURAL,12972116,0
RANDOM_NATURAL,12976699,0
RANDOM_NATURAL,12980774,0
RANDOM_NATURAL,12980979,0
RANDOM_NATURAL,12993202,0
RANDOM_NATURAL,13000734,0
RANDOM_NATURAL,13012498,0
RANDOM_NATURAL,13015180,0
RANDOM_NATURAL,13017423,0
RANDOM_NATURAL,13022167,0
RANDOM_NATURAL,13035947,0
RANDOM_NATURAL,13037434,0
RANDOM_NATURAL,13039317,0
RANDOM_NATURAL,13041384,0
RANDOM_NATURAL,13041995,0
RANDOM_NATURAL,13052001,0
RANDOM_NATURAL,13052013,0
RANDOM_NATURAL,13055884,0
RANDOM_NATURAL,13056165,0
RANDOM_NATURAL,13058730,0
RANDOM_NATURAL,13062450,0
RANDOM_NATURAL,13072390,0
RANDOM_NATURAL,13074801,0
RANDOM_NATURAL,13082762,0
RANDOM_NATURAL,13088898,0
RANDOM_NATURAL,13089488,0
RANDOM_NATURAL,13090275,0
RANDOM_NATURAL,13091242,0
RANDOM_NATURAL,13100448,0
RANDOM_NATURAL,13101376,0
RANDOM_NATURAL,13106860,0
RANDOM_NATURAL,13109223,0
RANDOM_NATURAL,13113919,0
RANDOM_NATURAL,13118847,0
RANDOM_NATURAL,13128653,0
RANDOM_NATURAL,13128996,0
RANDOM_NATURAL,13134791,0
RANDOM_NATURAL,13163007,0
RANDOM_NATURAL,13165441,0
RANDOM_NATURAL,13178715,0
RANDOM_NATURAL,13186540,0
RANDOM_NATURAL,13190059,0
RANDOM_NATURAL,13194452,0
RANDOM_NATURAL,13198754,0
RANDOM_NATURAL,13200459,0
RANDOM_NATURAL,13201948,0
RANDOM_NATURAL,13207933,0
RANDOM_NATURAL,13211103,0
RANDOM_NATURAL,13212427,0
RANDOM_NATURAL,13214945,0
RANDOM_NATURAL,13219820,0
RANDOM_NATURAL,13223360,0
RANDOM_NATURAL,13223581,0
RANDOM_NATURAL,13223647,0
RANDOM_NATURAL,13223701,0
RANDOM_NATURAL,13228207,0
RANDOM_NATURAL,13233264,0
RANDOM_NATURAL,13236831,0
RANDOM_NATURAL,13238580,0
RANDOM_NATURAL,13239083,0
RANDOM_NATURAL,13239309,0
RANDOM_NATURAL,13242122,0
RANDOM_NATURAL,13242128,0
RANDOM_NATURAL,13243632,0
RANDOM_NATURAL,13247310,0
RANDOM_NATURAL,13253564,0
RANDOM_NATURAL,13258454,0
RANDOM_NATURAL,13262688,0
RANDOM_NATURAL,13270596,0
RANDOM_NATURAL,13285768,0
RANDOM_NATURAL,13290301,0
RANDOM_NATURAL,13291699,0
RANDOM_NATURAL,13294021,0
RANDOM_NATURAL,13298180,0
RANDOM_NATURAL,13299486,0
RANDOM_NATURAL,13302095,0
RANDOM_NATURAL,13306047,0
RANDOM_NATURAL,13306208,0
RANDOM_NATURAL,13308744,0
RANDOM_NATURAL,13313338,0
RANDOM_NATURAL,13314925,0
RANDOM_NATURAL,13315139,0
RANDOM_NATURAL,13315902,0
RANDOM_NATURAL,13334445,0
RANDOM_NATURAL,13340962,0
RANDOM_NATURAL,13351459,0
RANDOM_NATURAL,13351816,0
RANDOM_NATURAL,13357930,0
RANDOM_NATURAL,13363502,0
RANDOM_NATURAL,13374702,0
RANDOM_NATURAL,13377245,0
RANDOM_NATURAL,13379872,0
RANDOM_NATURAL,13385989,0
RANDOM_NATURAL,13395110,0
RANDOM_NATURAL,13401059,0
RANDOM_NATURAL,13420041,0
RANDOM_NATURAL,13424578,0
RANDOM_NATURAL,13426691,0
RANDOM_NATURAL,13427848,0
RANDOM_NATURAL,13434419,0
RANDOM_NATURAL,13441061,0
RANDOM_NATURAL,13443265,0
RANDOM_NATURAL,13447082,0
RANDOM_NATURAL,13454800,0
RANDOM_NATURAL,13460786,0
RANDOM_NATURAL,13461428,0
RANDOM_NATURAL,13466488,0
RANDOM_NATURAL,13469178,0
RANDOM_NATURAL,13470438,0
RANDOM_NATURAL,13476457,0
RANDOM_NATURAL,13477412,0
RANDOM_NATURAL,13479304,0
RANDOM_NATURAL,13480252,0
RANDOM_NATURAL,13480326,0
RANDOM_NATURAL,13497237,0
RANDOM_NATURAL,13524609,0
RANDOM_NATURAL,13526189,0
RANDOM_NATURAL,13537620,0
RANDOM_NATURAL,13540209,0
RANDOM_NATURAL,13540859,0
RANDOM_NATURAL,13573739,0
RANDOM_NATURAL,13576319,0
RANDOM_NATURAL,13577706,0
RANDOM_NATURAL,13580086,0
RANDOM_NATURAL,13580442,0
RANDOM_NATURAL,13590948,0
RANDOM_NATURAL,13595512,0
RANDOM_NATURAL,13602991,0
RANDOM_NATURAL,13609116,0
RANDOM_NATURAL,13611524,0
RANDOM_NATURAL,13614059,0
RANDOM_NATURAL,13630582,0
RANDOM_NATURAL,13636744,0
RANDOM_NATURAL,13637711,0
RANDOM_NATURAL,13641117,0
RANDOM_NATURAL,13644969,0
RANDOM_NATURAL,13652912,0
RANDOM_NATURAL,13654555,0
RANDOM_NATURAL,13656703,0
RANDOM_NATURAL,13657572,0
RANDOM_NATURAL,13658928,0
RANDOM_NATURAL,13666370,0
RANDOM_NATURAL,13679005,0
RANDOM_NATURAL,13694540,0
RANDOM_NATURAL,13700524,0
RANDOM_NATURAL,13705236,0
RANDOM_NATURAL,13710810,0
RANDOM_NATURAL,13716144,0
RANDOM_NATURAL,13720597,0
RANDOM_NATURAL,13727395,0
RANDOM_NATURAL,13738105,0
RANDOM_NATURAL,13739220,0
RANDOM_NATURAL,13739919,0
RANDOM_NATURAL,13744115,0
RANDOM_NATURAL,13744442,0
RANDOM_NATURAL,13745322,0
RANDOM_NATURAL,13750473,0
RANDOM_NATURAL,13755069,0
RANDOM_NATURAL,13759048,0
RANDOM_NATURAL,13767434,0
RANDOM_NATURAL,13774800,0
RANDOM_NATURAL,13782076,0
RANDOM_NATURAL,13784121,0
RANDOM_NATURAL,13790118,0
RANDOM_NATURAL,13790187,0
RANDOM_NATURAL,13801772,0
RANDOM_NATURAL,13802240,0
RANDOM_NATURAL,13809831,0
RANDOM_NATURAL,13816862,0
RANDOM_NATURAL,13819366,0
RANDOM_NATURAL,13835838,0
RANDOM_NATURAL,13849724,0
RANDOM_NATURAL,13854537,0
RANDOM_NATURAL,13856145,0
RANDOM_NATURAL,13858583,0
RANDOM_NATURAL,13869400,0
RANDOM_NATURAL,13875934,0
RANDOM_NATURAL,13878968,0
RANDOM_NATURAL,13888603,0
RANDOM_NATURAL,13890565,0
RANDOM_NATURAL,13892853,0
RANDOM_NATURAL,13893349,0
RANDOM_NATURAL,13905665,0
RANDOM_NATURAL,13909675,0
RANDOM_NATURAL,13920005,0
RANDOM_NATURAL,13921764,0
RANDOM_NATURAL,13923425,0
RANDOM_NATURAL,13928631,0
RANDOM_NATURAL,13928641,0
RANDOM_NATURAL,13932186,0
RANDOM_NATURAL,13941276,0
RANDOM_NATURAL,13942133,0
RANDOM_NATURAL,13946561,0
RANDOM_NATURAL,13947616,0
RANDOM_NATURAL,13951501,0
RANDOM_NATURAL,13951989,0
RANDOM_NATURAL,13955263,0
RANDOM_NATURAL,13960996,0
RANDOM_NATURAL,13974174,0
RANDOM_NATURAL,13981205,0
RANDOM_NATURAL,13985864,0
RANDOM_NATURAL,13991412,0
RANDOM_NATURAL,14000495,0
RANDOM_NATURAL,14000592,0
RANDOM_NATURAL,14008808,0
RANDOM_NATURAL,14012311,0
RANDOM_NATURAL,14012825,0
RANDOM_NATURAL,14027543,0
RANDOM_NATURAL,14036135,0
RANDOM_NATURAL,14036746,0
RANDOM_NATURAL,14042294,0
RANDOM_NATURAL,14042970,0
RANDOM_NATURAL,14046156,0
RANDOM_NATURAL,14053893,0
RANDOM_NATURAL,14055744,0
RANDOM_NATURAL,14084379,0
RANDOM_NATURAL,14087203,0
RANDOM_NATURAL,14092448,0
RANDOM_NATURAL,14099294,0
RANDOM_NATURAL,14112827,0
RANDOM_NATURAL,14116196,0
RANDOM_NATURAL,14116208,0
RANDOM_NATURAL,14122897,0
RANDOM_NATURAL,14123562,0
RANDOM_NATURAL,14131075,0
RANDOM_NATURAL,14146094,0
RANDOM_NATURAL,14154800,0
RANDOM_NATURAL,14176659,0
RANDOM_NATURAL,14176854,0
RANDOM_NATURAL,14194519,1
RANDOM_NATURAL,14197377,1
RANDOM_NATURAL,14198097,1
RANDOM_NATURAL,14198727,1
RANDOM_NATURAL,14207990,0
RANDOM_NATURAL,14210837,0
RANDOM_NATURAL,14214548,1
RANDOM_NATURAL,14215569,1
RANDOM_NATURAL,14215797,1
RANDOM_NATURAL,14216553,0
RANDOM_NATURAL,14218210,1
RANDOM_NATURAL,14222185,1
RANDOM_NATURAL,14223882,1
RANDOM_NATURAL,14224337,0
RANDOM_NATURAL,14230325,0
RANDOM_NATURAL,14233982,1
RANDOM_NATURAL,14234458,1
RANDOM_NATURAL,14234463,1
RANDOM_NATURAL,14235089,0
RANDOM_NATURAL,14239697,0
RANDOM_NATURAL,14253173,0
RANDOM_NATURAL,14254413,1
RANDOM_NATURAL,14256641,0
RANDOM_NATURAL,14257223,1
RANDOM_NATURAL,14257339,1
RANDOM_NATURAL,14261068,1
RANDOM_NATURAL,14261244,1
RANDOM_NATURAL,14264305,1
RANDOM_NATURAL,14264553,1
RANDOM_NATURAL,14264932,1
RANDOM_NATURAL,14266603,1
RANDOM_NATURAL,14269317,1
RANDOM_NATURAL,14269723,1
RANDOM_NATURAL,14272603,0
RANDOM_NATURAL,14274287,1
RANDOM_NATURAL,14274643,1
RANDOM_NATURAL,14276065,0
RANDOM_NATURAL,14280481,1
RANDOM_NATURAL,14284285,0
RANDOM_NATURAL,14285243,1
RANDOM_NATURAL,14285782,1
RANDOM_NATURAL,14286432,1
RANDOM_NATURAL,14287290,1
RANDOM_NATURAL,14287863,1
RANDOM_NATURAL,14289442,1
RANDOM_NATURAL,14293794,0
RANDOM_NATURAL,14299102,1
RANDOM_NATURAL,14300283,1
RANDOM_NATURAL,14300337,1
RANDOM_NATURAL,14300835,1
RANDOM_NATURAL,14308836,1
RANDOM_NATURAL,14309062,1
RANDOM_NATURAL,14309678,1
RANDOM_NATURAL,14315268,1
RANDOM_NATURAL,14317560,0
RANDOM_NATURAL,14318045,0
RANDOM_NATURAL,14320726,1
RANDOM_NATURAL,14322943,1
RANDOM_NATURAL,14323906,1
RANDOM_NATURAL,14329744,1
RANDOM_NATURAL,14329922,0
RANDOM_NATURAL,14329935,1
RANDOM_NATURAL,14334488,0
RANDOM_NATURAL,14337129,1
RANDOM_NATURAL,14343767,1
RANDOM_NATURAL,14344628,1
RANDOM_NATURAL,14346537,0
RANDOM_NATURAL,14348685,1
RANDOM_NATURAL,14348989,1
RANDOM_NATURAL,14353157,1
RANDOM_NATURAL,14353739,1
RANDOM_NATURAL,14357247,1
RANDOM_NATURAL,14358151,0
RANDOM_NATURAL,14363667,0
RANDOM_NATURAL,14363853,1
RANDOM_NATURAL,14369016,1
RANDOM_NATURAL,14376455,0
RANDOM_NATURAL,14380606,1
RANDOM_NATURAL,14382913,0
RANDOM_NATURAL,14385710,1
RANDOM_NATURAL,14386971,0
RANDOM_NATURAL,14388107,0
RANDOM_NATURAL,14390927,0
RANDOM_NATURAL,14391880,0
RANDOM_NATURAL,14391981,0
RANDOM_NATURAL,14392103,0
RANDOM_NATURAL,14395664,1
RANDOM_NATURAL,14396186,1
RANDOM_NATURAL,14397770,1
RANDOM_NATURAL,14399250,1
RANDOM_NATURAL,14400405,1
RANDOM_NATURAL,14404476,1
RANDOM_NATURAL,14404611,1
RANDOM_NATURAL,14404896,0
RANDOM_NATURAL,14407012,0
RANDOM_NATURAL,14408092,0
RANDOM_NATURAL,14408686,1
RANDOM_NATURAL,14409250,1
RANDOM_NATURAL,14410054,1
