physical_cell,execution_count,cell_type,stage,classification,scientific_role,inputs,outputs,frozen_artifacts,output_blocks,source_lines,source_sha256,notes
1,20,code,PRECURSOR,precursor,"This Python 3 environment comes with many helpful analytics libraries installed | It is defined by the kaggle/python Docker image: https://github.com/kaggle/docker-python | For example, here's several helpful packages to load",../input/; /kaggle/input; <owner>/<dataset-slug>,,,1,23,442f6f2f7ab29ffc1ae3f08d202b4d77e77f14ca4fcbf166047b72cc7e7d003f,Physical 1-based order is canonical; execution_count is historical evidence only. Pre-canonical notebook history; retained to preserve methodological evolution.
2,21,code,PRECURSOR,precursor,"import os for dirname, _, filenames in os.walk(""/kaggle/input""): for filename in filenames: print(os.path.join(dirname, filename))",/kaggle/input,,,1,5,e68de1cc9719b49e03131ab1f820aa7f04348aa7748ffa88b47c8e47fe7741bb,Physical 1-based order is canonical; execution_count is historical evidence only. Pre-canonical notebook history; retained to preserve methodological evolution.
3,22,code,PRECURSOR,precursor,"import tensorflow as tf print(""TensorFlow:"", tf.__version__) print(""GPU devices:"", tf.config.list_physical_devices(""GPU""))",,,,1,4,c30f348f37b4469f821ceb1c8bf02470a1846222ff9f2b442c9ad25e2dba5e60,Physical 1-based order is canonical; execution_count is historical evidence only. Pre-canonical notebook history; retained to preserve methodological evolution.
4,23,code,PRECURSOR,precursor,"import os import time import numpy as np import pandas as pd import tensorflow as tf print(""TensorFlow:"", tf.__version__) print(""GPU devices:"", tf.config.list_physical_devices(""GPU"")) DATA_PATH = ""/kaggle/input/datasets/jmmubasshirrahman/ids2018-balanced-binary-dataset/merged_balanced_ids2018_safe.csv"" df = pd.read_csv(DATA_PATH) print(""Dataset shape:"", df.shape) df.head()",/kaggle/input/datasets/jmmubasshirrahman/ids2018-balanced-binary-dataset/merged_balanced_ids2018_safe.csv,,,2,15,800d5b862f004292cfbeb5396994f3aa3de10e8b55c7ab9ed3d75a05fbe18db4,Physical 1-based order is canonical; execution_count is historical evidence only. Pre-canonical notebook history; retained to preserve methodological evolution.
5,24,code,PRECURSOR,precursor,"target_col = ""binary_label"" X = df.drop(columns=[target_col]) y = df[target_col] possible_bad_cols = [ ""Label"", ""Timestamp"", ""Flow ID"", ""Src IP"", ""Dst IP"", ""Src Port"", ""Unnamed: 0"" ] for col in possible_bad_cols: if col in X.columns: X = X.drop(columns=[col]) print(""Dropped:"", col) X = X.apply(pd.to_numeric, errors=""coerce"") X = X.replace([np.inf, -np.inf], np.nan) valid_rows = X.notna().all(axis=1) X = X.loc[valid_rows] y = y.loc[valid_rows] print(""Final X shape:"", X.shape) print(""Final y shape",,,,1,27,dd96064a4fc64cb3fa2f2e61e5b0fc4b0f32358bbd479f8ea1aab1b0c802e138,Physical 1-based order is canonical; execution_count is historical evidence only. Pre-canonical notebook history; retained to preserve methodological evolution.
6,25,code,PRECURSOR,precursor,"from sklearn.model_selection import train_test_split from sklearn.preprocessing import StandardScaler X_train, X_test, y_train, y_test = train_test_split( X, y, test_size=0.20, random_state=42, stratify=y ) scaler = StandardScaler() X_train_scaled = scaler.fit_transform(X_train) X_test_scaled = scaler.transform(X_test) X_train_transformer = X_train_scaled.reshape( X_train_scaled.shape[0], X_train_scaled.shape[1], 1 ) X_test_transformer = X_test_scaled.reshape( X_test_scaled.shape[0], X_test_scal",,,,1,32,b5fb1540ab17dfb8ca0757a4d0ed8dcd12d469b9a68126a4366f1e6d118c3d22,Physical 1-based order is canonical; execution_count is historical evidence only. Pre-canonical notebook history; retained to preserve methodological evolution.
7,,code,PRECURSOR,superseded,"from sklearn.metrics import accuracy_score, precision_score, recall_score, f1_score, confusion_matrix def evaluate_dl_model(model_name, y_true, y_prob, training_time, threshold=0.50): y_pred = (y_prob >= threshold).astype(int).reshape(-1) acc = accuracy_score(y_true, y_pred) prec = precision_score(y_true, y_pred, zero_division=0) rec = recall_score(y_true, y_pred, zero_division=0) f1 = f1_score(y_true, y_pred, zero_division=0) tn, fp, fn, tp = confusion_matrix(y_true, y_pred).ravel() fpr = fp / ",,,,0,29,87930ae74248181c9ebdb75456f90d4464979c0be8b056d86f23b78a1266a9d9,Physical 1-based order is canonical; execution_count is historical evidence only. Pre-canonical notebook history; retained to preserve methodological evolution.
8,,code,PRECURSOR,superseded,"from tensorflow.keras.layers import ( Input, Dense, Dropout, LayerNormalization, MultiHeadAttention, GlobalAveragePooling1D ) from tensorflow.keras.models import Model from tensorflow.keras.optimizers import Adam def transformer_encoder_block(inputs, num_heads=4, key_dim=32, ff_dim=128, dropout_rate=0.2): attention_output = MultiHeadAttention( num_heads=num_heads, key_dim=key_dim )(inputs, inputs) attention_output = Dropout(dropout_rate)(attention_output) x = LayerNormalization(epsilon=1e-6)(inp",,,,0,63,d31f525c92f674767b0c6650f97bda0943990800028acb576cfb229933ecf96b,Physical 1-based order is canonical; execution_count is historical evidence only. Pre-canonical notebook history; retained to preserve methodological evolution.
9,,code,PRECURSOR,superseded,"from tensorflow.keras.callbacks import EarlyStopping, ModelCheckpoint, CSVLogger, BackupAndRestore OUTPUT_DIR = ""/kaggle/working"" MODEL_DIR = os.path.join(OUTPUT_DIR, ""models"") RESULTS_DIR = os.path.join(OUTPUT_DIR, ""results"") BACKUP_DIR = os.path.join(OUTPUT_DIR, ""transformer_backup"") os.makedirs(MODEL_DIR, exist_ok=True) os.makedirs(RESULTS_DIR, exist_ok=True) os.makedirs(BACKUP_DIR, exist_ok=True) checkpoint_path = os.path.join(MODEL_DIR, ""transformer_best.keras"") log_path = os.path.join(RESU",,/kaggle/working; transformer_training_log.csv,,0,43,d8ff188c00ee6bf06987da2cac54bcaed90537a4da3e1305a418f564654f8825,Physical 1-based order is canonical; execution_count is historical evidence only. Pre-canonical notebook history; retained to preserve methodological evolution.
10,,code,PRECURSOR,superseded,"test_history = transformer_model.fit( X_train_transformer, y_train, validation_split=0.2, epochs=1, batch_size=512, callbacks=callbacks, verbose=1 ) print(""Model saved:"", os.path.exists(checkpoint_path)) print(""Log saved:"", os.path.exists(log_path))",,,,0,12,438b32ae95d03bef56374e34263234bcd77da59710f9239ecbf2d3030eb2fdeb,Physical 1-based order is canonical; execution_count is historical evidence only. Pre-canonical notebook history; retained to preserve methodological evolution.
11,,code,PRECURSOR,superseded,"start_time = time.time() transformer_history = transformer_model.fit( X_train_transformer, y_train, validation_split=0.2, epochs=29, batch_size=512, callbacks=callbacks, verbose=1 ) transformer_training_time = time.time() - start_time print(""Transformer training time for remaining epochs:"", transformer_training_time)",,,,0,15,0d8bafd0825bd522b0ff7ccdf544a3011597666ff775f16eedf4e0c43c45bd97,Physical 1-based order is canonical; execution_count is historical evidence only. Pre-canonical notebook history; retained to preserve methodological evolution.
12,,code,PRECURSOR,superseded,"from tensorflow.keras.models import load_model import pandas as pd best_transformer_model = load_model(checkpoint_path) y_prob_transformer = best_transformer_model.predict( X_test_transformer, batch_size=1024 ).reshape(-1) transformer_result = evaluate_dl_model( ""Transformer Encoder"", y_test, y_prob_transformer, transformer_training_time, threshold=0.50 ) transformer_df = pd.DataFrame([transformer_result]) transformer_df.round(4)",,,,0,20,36df611f341a2bd739e56fc9266feeb1642e7f3c9cb976817233084a07456946,Physical 1-based order is canonical; execution_count is historical evidence only. Pre-canonical notebook history; retained to preserve methodological evolution.
13,,code,PRECURSOR,superseded,"result_path = os.path.join(RESULTS_DIR, ""transformer_encoder_baseline_result.csv"") transformer_df.to_csv(result_path, index=False) print(""Saved:"", result_path) transformer_df.round(4)",,transformer_encoder_baseline_result.csv,,0,6,49206d132bc6eb9cbc746661e74518ecf1968cf658d397351ad0943756738d58,Physical 1-based order is canonical; execution_count is historical evidence only. Pre-canonical notebook history; retained to preserve methodological evolution.
14,,code,PRECURSOR,superseded,"for root, dirs, files in os.walk(""/kaggle/working""): for file in files: if ""transformer"" in file.lower(): print(os.path.join(root, file))",,,,0,4,fb465d6935fe5f484ed1dca791329aac6d65267a23e4205a7d8eab4b98ffb730,Physical 1-based order is canonical; execution_count is historical evidence only. Pre-canonical notebook history; retained to preserve methodological evolution.
15,,code,PRECURSOR,superseded,"transformer_df[""Training Time (sec)""] = 136.31697607040405 result_path = os.path.join(RESULTS_DIR, ""transformer_encoder_baseline_result.csv"") transformer_df.to_csv(result_path, index=False) transformer_df.round(4)",,transformer_encoder_baseline_result.csv,,0,6,71dd505c4144f0ae5d61b242c9a86903aaf24d8507ca343b999b0565547dfd31,Physical 1-based order is canonical; execution_count is historical evidence only. Pre-canonical notebook history; retained to preserve methodological evolution.
16,,code,PRECURSOR,superseded,"import os import pandas as pd BASE_RESULTS_DIR = ""/kaggle/input/ai-ids-research-kaggle/results"" WORK_RESULTS_DIR = ""/kaggle/working/results"" result_files = [ os.path.join(BASE_RESULTS_DIR, ""full_baseline_model_comparison.csv""), os.path.join(BASE_RESULTS_DIR, ""additional_baseline_model_results.csv""), os.path.join(BASE_RESULTS_DIR, ""mlp_baseline_result.csv""), os.path.join(BASE_RESULTS_DIR, ""cnn_baseline_result.csv""), os.path.join(BASE_RESULTS_DIR, ""lstm_baseline_result.csv""), os.path.join(WORK_RES",,/kaggle/input/ai-ids-research-kaggle/results; /kaggle/working/results; full_baseline_model_comparison.csv; additional_baseline_model_results.csv; mlp_baseline_result.csv; cnn_baseline_result.csv; lstm_baseline_result.csv; transformer_encoder_baseline_result.csv,,0,31,7c2178553eb9c2c4aff00a4e2315a641a58bfff0c286c2c8ff3c1e407ac73039,Physical 1-based order is canonical; execution_count is historical evidence only. Pre-canonical notebook history; retained to preserve methodological evolution.
17,,code,PRECURSOR,superseded,Clean column names,,/kaggle/input/ai-ids-research-kaggle/results; /kaggle/working/results; full_baseline_model_comparison.csv; additional_baseline_model_results.csv; mlp_baseline_result.csv; cnn_baseline_result.csv; lstm_baseline_result.csv; transformer_encoder_baseline_result.csv; final_ablation_model_comparison.csv,,0,44,8fb9986d699e6f92d6c1ec59467759f873fddb7f6b03e707e03c6de41f00f933,Physical 1-based order is canonical; execution_count is historical evidence only. Pre-canonical notebook history; retained to preserve methodological evolution.
18,,code,PRECURSOR,superseded,"import os for dirname, _, filenames in os.walk(""/kaggle/input""): for filename in filenames: if filename.endswith("".csv""): print(os.path.join(dirname, filename))",/kaggle/input,,,0,6,a321133c785ffc55ee7f08b6aecf7920071eafccd17b2dc8020f31a02e417342,Physical 1-based order is canonical; execution_count is historical evidence only. Pre-canonical notebook history; retained to preserve methodological evolution.
19,,code,PRECURSOR,superseded,Clean column names,,/kaggle/input/datasets/jmmubasshirrahman/ai-ids-research-kaggle/results; /kaggle/working/results; full_baseline_model_comparison.csv; additional_baseline_model_results.csv; mlp_baseline_result.csv; cnn_baseline_result.csv; lstm_baseline_result.csv; transformer_encoder_baseline_result.csv; final_ablation_model_comparison.csv,,0,49,b2f39038bfad33e533062a322a5916634c019d7238ed62b0c3cc1f167956a4d3,Physical 1-based order is canonical; execution_count is historical evidence only. Pre-canonical notebook history; retained to preserve methodological evolution.
20,,code,PRECURSOR,superseded,"import os print(os.path.exists(""/kaggle/working/results/final_ablation_model_comparison.csv""))",,,results/final_ablation_model_comparison.csv,0,3,9f7d7700297459749a5e0ef715402e1ab6cd234d6ed457063a731b68a6266b51,Physical 1-based order is canonical; execution_count is historical evidence only. Pre-canonical notebook history; retained to preserve methodological evolution.
21,,code,PRECURSOR,superseded,"from sklearn.model_selection import RandomizedSearchCV from lightgbm import LGBMClassifier import pandas as pd import numpy as np import os import time lgbm = LGBMClassifier( random_state=42, n_jobs=-1, verbose=-1 ) param_dist = { ""n_estimators"": [200, 300, 500, 700], ""learning_rate"": [0.01, 0.03, 0.05, 0.1], ""num_leaves"": [31, 63, 127], ""max_depth"": [-1, 10, 20, 30], ""subsample"": [0.8, 0.9, 1.0], ""colsample_bytree"": [0.8, 0.9, 1.0], ""reg_alpha"": [0, 0.1, 1], ""reg_lambda"": [0, 1, 5, 10] } lgbm_s",,,,0,46,16af488c15e1d868b67339c6b3b95feb76160bbde466ae5626f27fb3f6319aca,Physical 1-based order is canonical; execution_count is historical evidence only. Pre-canonical notebook history; retained to preserve methodological evolution.
22,,code,PRECURSOR,superseded,"from lightgbm import LGBMClassifier from sklearn.metrics import f1_score import time test_lgbm_gpu = LGBMClassifier( n_estimators=50, learning_rate=0.05, num_leaves=63, random_state=42, device=""gpu"", verbose=-1 ) start = time.time() try: test_lgbm_gpu.fit(X_train, y_train) y_pred = test_lgbm_gpu.predict(X_test) print(""GPU LightGBM works."") print(""F1:"", f1_score(y_test, y_pred)) print(""Time:"", time.time() - start) except Exception as e: print(""GPU LightGBM failed:"") print(e)",,,,0,24,aa70f43d5f19a5abf382c9f8c704dcdcc3712be1d0479808458009a38ca9a9a8,Physical 1-based order is canonical; execution_count is historical evidence only. Pre-canonical notebook history; retained to preserve methodological evolution.
23,,code,PRECURSOR,superseded,"from sklearn.model_selection import RandomizedSearchCV from lightgbm import LGBMClassifier import pandas as pd import numpy as np import os import time import joblib lgbm_gpu = LGBMClassifier( random_state=42, device=""gpu"", verbose=-1 ) param_dist = { ""n_estimators"": [200, 300, 500, 700], ""learning_rate"": [0.01, 0.03, 0.05, 0.1], ""num_leaves"": [31, 63, 127], ""max_depth"": [-1, 10, 20, 30], ""subsample"": [0.8, 0.9, 1.0], ""colsample_bytree"": [0.8, 0.9, 1.0], ""reg_alpha"": [0, 0.1, 1], ""reg_lambda"": [",,,,0,50,39c033977067be0bb462b0bb10f235459968062ca43be4d5981080bde6351d74,Physical 1-based order is canonical; execution_count is historical evidence only. Pre-canonical notebook history; retained to preserve methodological evolution.
24,,code,PRECURSOR,superseded,"best_lgbm = lgbm_search.best_estimator_ y_pred_lgbm_tuned = best_lgbm.predict(X_test) lgbm_tuned_result = evaluate_model( ""LightGBM Tuned"", y_test, y_pred_lgbm_tuned, lgbm_tuning_time ) lgbm_tuned_df = pd.DataFrame([lgbm_tuned_result]) lgbm_tuned_df.round(4)",,,,0,13,0d74d50d18265a6db024769669661fb8424a6357340840aa43bff08fbd8c0a34,Physical 1-based order is canonical; execution_count is historical evidence only. Pre-canonical notebook history; retained to preserve methodological evolution.
25,,code,PRECURSOR,superseded,"from sklearn.metrics import accuracy_score, precision_score, recall_score, f1_score, confusion_matrix def evaluate_model(model_name, y_true, y_pred, training_time): acc = accuracy_score(y_true, y_pred) prec = precision_score(y_true, y_pred, zero_division=0) rec = recall_score(y_true, y_pred, zero_division=0) f1 = f1_score(y_true, y_pred, zero_division=0) tn, fp, fn, tp = confusion_matrix(y_true, y_pred).ravel() fpr = fp / (fp + tn) fnr = fn / (fn + tp) return { ""Model"": model_name, ""Accuracy"": a",,,,0,27,5674e3540b19fd4ffe2a263d34f215c557bcfb2add44c886cc16f796dc899114,Physical 1-based order is canonical; execution_count is historical evidence only. Pre-canonical notebook history; retained to preserve methodological evolution.
26,,code,PRECURSOR,superseded,"best_lgbm = lgbm_search.best_estimator_ y_pred_lgbm_tuned = best_lgbm.predict(X_test) lgbm_tuned_result = evaluate_model( ""LightGBM Tuned"", y_test, y_pred_lgbm_tuned, lgbm_tuning_time ) lgbm_tuned_df = pd.DataFrame([lgbm_tuned_result]) lgbm_tuned_df.round(4)",,,,0,13,0d74d50d18265a6db024769669661fb8424a6357340840aa43bff08fbd8c0a34,Physical 1-based order is canonical; execution_count is historical evidence only. Pre-canonical notebook history; retained to preserve methodological evolution.
27,,code,PRECURSOR,superseded,"RESULTS_DIR = ""/kaggle/working/results"" MODEL_DIR = ""/kaggle/working/models"" os.makedirs(RESULTS_DIR, exist_ok=True) os.makedirs(MODEL_DIR, exist_ok=True) lgbm_tuned_result_path = os.path.join(RESULTS_DIR, ""lightgbm_tuned_result.csv"") lgbm_tuned_model_path = os.path.join(MODEL_DIR, ""lightgbm_tuned_model.pkl"") lgbm_tuned_df.to_csv(lgbm_tuned_result_path, index=False) joblib.dump(best_lgbm, lgbm_tuned_model_path) print(""Saved result:"", lgbm_tuned_result_path) print(""Saved model:"", lgbm_tuned_model",lightgbm_tuned_model.pkl,/kaggle/working/results; lightgbm_tuned_result.csv,,0,16,8dcdfffba5b8b30f1579cb16e79a32063ea161061c559932101234074ae96eb2,Physical 1-based order is canonical; execution_count is historical evidence only. Pre-canonical notebook history; retained to preserve methodological evolution.
28,,code,PRECURSOR,superseded,"lgbm_best_params_df = pd.DataFrame([lgbm_search.best_params_]) lgbm_best_params_df[""Best CV F1""] = lgbm_search.best_score_ lgbm_best_params_df[""Tuning Time (sec)""] = lgbm_tuning_time lgbm_best_params_path = os.path.join(RESULTS_DIR, ""lightgbm_tuned_best_params.csv"") lgbm_best_params_df.to_csv(lgbm_best_params_path, index=False) print(""Saved:"", lgbm_best_params_path) lgbm_best_params_df",,lightgbm_tuned_best_params.csv,,0,9,8e286dbeecd76e32e3180a3c73c5d8ec6dda43a6dc0593f41316a2eba0c04d3d,Physical 1-based order is canonical; execution_count is historical evidence only. Pre-canonical notebook history; retained to preserve methodological evolution.
29,,code,PRECURSOR,superseded,"import pandas as pd import os from sklearn.metrics import accuracy_score, precision_score, recall_score, f1_score, confusion_matrix def threshold_tuning_model(model, model_name, X_test, y_test, thresholds): y_prob = model.predict_proba(X_test)[:, 1] rows = [] for threshold in thresholds: y_pred = (y_prob >= threshold).astype(int) acc = accuracy_score(y_test, y_pred) prec = precision_score(y_test, y_pred, zero_division=0) rec = recall_score(y_test, y_pred, zero_division=0) f1 = f1_score(y_test, y",,,,0,50,9ad1de0e8268975fc9f8c777ebb1685f42ac0c1e43188ad58ab508f7c31d79ce,Physical 1-based order is canonical; execution_count is historical evidence only. Pre-canonical notebook history; retained to preserve methodological evolution.
30,,code,PRECURSOR,superseded,Empty historical code cell,,,,0,0,e3b0c44298fc1c149afbf4c8996fb92427ae41e4649b934ca495991b7852b855,Physical 1-based order is canonical; execution_count is historical evidence only. Pre-canonical notebook history; retained to preserve methodological evolution.
31,,code,PRECURSOR,superseded,"RESULTS_DIR = ""/kaggle/working/results"" lgbm_threshold_path = os.path.join( RESULTS_DIR, ""lightgbm_tuned_threshold_results.csv"" ) lgbm_tuned_threshold_df.to_csv(lgbm_threshold_path, index=False) print(""Saved:"", lgbm_threshold_path) lgbm_tuned_threshold_df.round(4)",,/kaggle/working/results,,0,11,36a50c9c9327064be70a074b821fb156d0998ec68537f2c8abf8724c09ee55f6,Physical 1-based order is canonical; execution_count is historical evidence only. Pre-canonical notebook history; retained to preserve methodological evolution.
32,,code,PRECURSOR,superseded,"selected_lgbm_threshold = lgbm_tuned_threshold_df[ lgbm_tuned_threshold_df[""Threshold""] == 0.35 ] selected_lgbm_threshold_path = os.path.join( RESULTS_DIR, ""lightgbm_tuned_selected_threshold_035.csv"" ) selected_lgbm_threshold.to_csv(selected_lgbm_threshold_path, index=False) print(""Saved:"", selected_lgbm_threshold_path) selected_lgbm_threshold.round(4)",,,,0,13,0fd5d7e0b7af1fc2c321b816cf4d0245bb602fc195c937a0e3ef3f58a142fb9d,Physical 1-based order is canonical; execution_count is historical evidence only. Pre-canonical notebook history; retained to preserve methodological evolution.
33,,code,PRECURSOR,superseded,"import xgboost as xgb import sklearn import os import time import pandas as pd import numpy as np import joblib print(""XGBoost version:"", xgb.__version__)",,,,0,9,e3e33bb4b893d7b40dac4d2cd889f91ac2db1f203b94e9ecae5bbc7009945a0f,Physical 1-based order is canonical; execution_count is historical evidence only. Pre-canonical notebook history; retained to preserve methodological evolution.
34,,code,PRECURSOR,superseded,"from xgboost import XGBClassifier from sklearn.metrics import f1_score import time xgb_gpu_test = XGBClassifier( n_estimators=50, max_depth=6, learning_rate=0.1, subsample=0.9, colsample_bytree=0.9, objective=""binary:logistic"", eval_metric=""logloss"", tree_method=""hist"", device=""cuda"", random_state=42 ) start = time.time() try: xgb_gpu_test.fit(X_train, y_train) y_pred = xgb_gpu_test.predict(X_test) print(""GPU XGBoost works."") print(""F1:"", f1_score(y_test, y_pred)) print(""Time:"", time.time() - st",,,,0,28,662396f153516f7aa189de5357ca70912d5a41aba8df79f5432dec87285ac794,Physical 1-based order is canonical; execution_count is historical evidence only. Pre-canonical notebook history; retained to preserve methodological evolution.
35,,code,PRECURSOR,superseded,"from sklearn.model_selection import RandomizedSearchCV from xgboost import XGBClassifier import time import pandas as pd import os import joblib xgb_gpu = XGBClassifier( objective=""binary:logistic"", eval_metric=""logloss"", tree_method=""hist"", device=""cuda"", random_state=42 ) xgb_param_dist = { ""n_estimators"": [200, 300, 500, 700], ""learning_rate"": [0.01, 0.03, 0.05, 0.1], ""max_depth"": [4, 6, 8, 10], ""subsample"": [0.8, 0.9, 1.0], ""colsample_bytree"": [0.8, 0.9, 1.0], ""min_child_weight"": [1, 3, 5], ",,,,0,51,a4ed5ea65d9d1a6816692ece6ea398238a48d87c27960e18e1515d86ff44d980,Physical 1-based order is canonical; execution_count is historical evidence only. Pre-canonical notebook history; retained to preserve methodological evolution.
36,,code,PRECURSOR,superseded,"best_xgb = xgb_search.best_estimator_ y_pred_xgb_tuned = best_xgb.predict(X_test) xgb_tuned_result = evaluate_model( ""XGBoost Tuned"", y_test, y_pred_xgb_tuned, xgb_tuning_time ) xgb_tuned_df = pd.DataFrame([xgb_tuned_result]) xgb_tuned_df.round(4)",,,,0,13,067730331f7bedc2a869d3272cdfa88cb30543fbccb319ab28531c982134778d,Physical 1-based order is canonical; execution_count is historical evidence only. Pre-canonical notebook history; retained to preserve methodological evolution.
37,,code,PRECURSOR,superseded,"RESULTS_DIR = ""/kaggle/working/results"" MODEL_DIR = ""/kaggle/working/models"" os.makedirs(RESULTS_DIR, exist_ok=True) os.makedirs(MODEL_DIR, exist_ok=True) xgb_tuned_result_path = os.path.join(RESULTS_DIR, ""xgboost_tuned_result.csv"") xgb_tuned_model_path = os.path.join(MODEL_DIR, ""xgboost_tuned_model.pkl"") xgb_tuned_df.to_csv(xgb_tuned_result_path, index=False) joblib.dump(best_xgb, xgb_tuned_model_path) print(""Saved result:"", xgb_tuned_result_path) print(""Saved model:"", xgb_tuned_model_path) xgb",xgboost_tuned_model.pkl,/kaggle/working/results; xgboost_tuned_result.csv,,0,16,f2de641d182546edfff7ff2be951ede767ab0a9c27ae79ad8c208b4308c1c2a7,Physical 1-based order is canonical; execution_count is historical evidence only. Pre-canonical notebook history; retained to preserve methodological evolution.
38,,code,PRECURSOR,superseded,"xgb_best_params_df = pd.DataFrame([xgb_search.best_params_]) xgb_best_params_df[""Best CV F1""] = xgb_search.best_score_ xgb_best_params_df[""Tuning Time (sec)""] = xgb_tuning_time xgb_best_params_path = os.path.join(RESULTS_DIR, ""xgboost_tuned_best_params.csv"") xgb_best_params_df.to_csv(xgb_best_params_path, index=False) print(""Saved:"", xgb_best_params_path) xgb_best_params_df",,xgboost_tuned_best_params.csv,,0,9,99e8b0ac02ba2013b0be3998b0437fffc41f080675ef82d8dbf948a5bf44c47c,Physical 1-based order is canonical; execution_count is historical evidence only. Pre-canonical notebook history; retained to preserve methodological evolution.
39,,code,PRECURSOR,superseded,"thresholds = [0.50, 0.45, 0.40, 0.35, 0.30, 0.25, 0.20] xgb_tuned_threshold_df = threshold_tuning_model( best_xgb, ""XGBoost Tuned"", X_test, y_test, thresholds ) xgb_tuned_threshold_df.round(4)",,,,0,11,2bb94ed754daad612e94b1e93bc7a5fcd7b52a414a52125d108b5b7a46d65a3e,Physical 1-based order is canonical; execution_count is historical evidence only. Pre-canonical notebook history; retained to preserve methodological evolution.
40,,code,PRECURSOR,superseded,"xgb_threshold_path = os.path.join( RESULTS_DIR, ""xgboost_tuned_threshold_results.csv"" ) xgb_tuned_threshold_df.to_csv(xgb_threshold_path, index=False) print(""Saved:"", xgb_threshold_path) xgb_tuned_threshold_df.round(4)",,,,0,9,86af7f7c35d822a773fed98a7a53bbcf53c8adfe61384fc49b183546fb51c902,Physical 1-based order is canonical; execution_count is historical evidence only. Pre-canonical notebook history; retained to preserve methodological evolution.
41,,code,PRECURSOR,superseded,"selected_xgb_thresholds = xgb_tuned_threshold_df[ xgb_tuned_threshold_df[""Threshold""].isin([0.45, 0.20]) ] selected_xgb_thresholds_path = os.path.join( RESULTS_DIR, ""xgboost_tuned_selected_thresholds_045_020.csv"" ) selected_xgb_thresholds.to_csv(selected_xgb_thresholds_path, index=False) print(""Saved:"", selected_xgb_thresholds_path) selected_xgb_thresholds.round(4)",,,,0,13,56b60453588f0c302e4286d5536f78b958683e76399e08cf4727c05c7db4ced9,Physical 1-based order is canonical; execution_count is historical evidence only. Pre-canonical notebook history; retained to preserve methodological evolution.
42,,code,PRECURSOR,superseded,"selected_xgb_thresholds = xgb_tuned_threshold_df[ xgb_tuned_threshold_df[""Threshold""].isin([0.45, 0.20]) ] selected_xgb_thresholds_path = os.path.join( RESULTS_DIR, ""xgboost_tuned_selected_thresholds_045_020.csv"" ) selected_xgb_thresholds.to_csv(selected_xgb_thresholds_path, index=False) print(""Saved:"", selected_xgb_thresholds_path) selected_xgb_thresholds.round(4)",,,,0,13,56b60453588f0c302e4286d5536f78b958683e76399e08cf4727c05c7db4ced9,Physical 1-based order is canonical; execution_count is historical evidence only. Pre-canonical notebook history; retained to preserve methodological evolution.
43,,code,PRECURSOR,superseded,"from catboost import CatBoostClassifier from sklearn.metrics import f1_score import time cat_gpu_test = CatBoostClassifier( iterations=50, learning_rate=0.1, depth=6, loss_function=""Logloss"", eval_metric=""F1"", task_type=""GPU"", devices=""0"", random_seed=42, verbose=False ) start = time.time() try: cat_gpu_test.fit(X_train, y_train) y_pred = cat_gpu_test.predict(X_test) print(""GPU CatBoost works."") print(""F1:"", f1_score(y_test, y_pred)) print(""Time:"", time.time() - start) except Exception as e: pri",,,,0,27,a02c968abf76b92808ab2a3805660942a4c6932b16930e45a629d5e299bed48b,Physical 1-based order is canonical; execution_count is historical evidence only. Pre-canonical notebook history; retained to preserve methodological evolution.
44,,code,PRECURSOR,superseded,"import random import time import os import pandas as pd import joblib from catboost import CatBoostClassifier from sklearn.metrics import f1_score cat_param_space = { ""iterations"": [200, 300, 500, 700], ""learning_rate"": [0.01, 0.03, 0.05, 0.1], ""depth"": [4, 6, 8, 10], ""l2_leaf_reg"": [1, 3, 5, 7, 10], ""border_count"": [32, 64, 128], ""random_strength"": [0, 1, 2, 5] } random.seed(42) n_iter = 20 cat_results = [] best_cat_model = None best_cat_f1 = -1 best_cat_params = None start_tuning = time.time()",,,,0,86,f095460748a1d73bedbaa843047b12e2cd1378eb2cb7804b89b1299589bf8353,Physical 1-based order is canonical; execution_count is historical evidence only. Pre-canonical notebook history; retained to preserve methodological evolution.
45,,code,PRECURSOR,superseded,"y_pred_cat_tuned = best_cat_model.predict(X_test) cat_tuned_result = evaluate_model( ""CatBoost Tuned"", y_test, y_pred_cat_tuned, cat_tuning_time ) cat_tuned_df = pd.DataFrame([cat_tuned_result]) cat_tuned_df.round(4)",,,,0,11,43bc78a4da1223d9876407586c15c5ee089493a734daeec280a2e844b6bd4a7a,Physical 1-based order is canonical; execution_count is historical evidence only. Pre-canonical notebook history; retained to preserve methodological evolution.
46,,code,PRECURSOR,superseded,"RESULTS_DIR = ""/kaggle/working/results"" MODEL_DIR = ""/kaggle/working/models"" os.makedirs(RESULTS_DIR, exist_ok=True) os.makedirs(MODEL_DIR, exist_ok=True) cat_tuned_result_path = os.path.join(RESULTS_DIR, ""catboost_tuned_result.csv"") cat_tuned_model_path = os.path.join(MODEL_DIR, ""catboost_tuned_model.cbm"") cat_search_log_path = os.path.join(RESULTS_DIR, ""catboost_tuning_search_log.csv"") cat_best_params_path = os.path.join(RESULTS_DIR, ""catboost_tuned_best_params.csv"") cat_tuned_df.to_csv(cat_tu",,/kaggle/working/results; catboost_tuned_result.csv; catboost_tuning_search_log.csv; catboost_tuned_best_params.csv,,0,28,866727a6088b45cf2cd5ed191cb1fb722e17b3e58979b72bc8abd545816583b5,Physical 1-based order is canonical; execution_count is historical evidence only. Pre-canonical notebook history; retained to preserve methodological evolution.
47,,code,PRECURSOR,superseded,"thresholds = [0.50, 0.45, 0.40, 0.35, 0.30, 0.25, 0.20] cat_tuned_threshold_df = threshold_tuning_model( best_cat_model, ""CatBoost Tuned"", X_test, y_test, thresholds ) cat_tuned_threshold_df.round(4)",,,,0,11,46b18d29ecd3327e3ce76806b2722ae0a6b178bb0650668eb9a2f4ae5b41df86,Physical 1-based order is canonical; execution_count is historical evidence only. Pre-canonical notebook history; retained to preserve methodological evolution.
48,,code,PRECURSOR,superseded,"cat_threshold_path = os.path.join( RESULTS_DIR, ""catboost_tuned_threshold_results.csv"" ) cat_tuned_threshold_df.to_csv(cat_threshold_path, index=False) print(""Saved:"", cat_threshold_path) cat_tuned_threshold_df.round(4)",,,,0,9,3a7afdb810ffd410e893d66e56066b940b21429846d4eb501cd7e9277c5ec7b1,Physical 1-based order is canonical; execution_count is historical evidence only. Pre-canonical notebook history; retained to preserve methodological evolution.
49,,code,PRECURSOR,superseded,"import os import time import random import numpy as np import pandas as pd import tensorflow as tf from tensorflow.keras.models import Sequential from tensorflow.keras.layers import Dense, Dropout, BatchNormalization, Input from tensorflow.keras.optimizers import Adam from tensorflow.keras.callbacks import EarlyStopping, ModelCheckpoint from sklearn.metrics import f1_score RESULTS_DIR = ""/kaggle/working/results"" MODEL_DIR = ""/kaggle/working/models"" os.makedirs(RESULTS_DIR, exist_ok=True) os.make",mlp_tuned_candidate_{i+1}.keras,/kaggle/working/results,,0,129,2dffa647cf6647db698b0d2ff63d3ba9b199ba1853fb539e92a2dd0c8b6a107b,Physical 1-based order is canonical; execution_count is historical evidence only. Pre-canonical notebook history; retained to preserve methodological evolution.
50,,code,PRECURSOR,superseded,"y_prob_mlp_tuned = best_mlp_model.predict(X_test_scaled, batch_size=2048).reshape(-1) mlp_tuned_result = evaluate_dl_model( ""MLP Tuned"", y_test, y_prob_mlp_tuned, mlp_total_tuning_time, threshold=0.50 ) mlp_tuned_df = pd.DataFrame([mlp_tuned_result]) mlp_tuned_df.round(4)",,,,0,12,324f7669b14ee465525f83167a1ccf9615bd8d780f10211677026856d0bf9741,Physical 1-based order is canonical; execution_count is historical evidence only. Pre-canonical notebook history; retained to preserve methodological evolution.
51,,code,PRECURSOR,superseded,"mlp_tuned_result_path = os.path.join(RESULTS_DIR, ""mlp_tuned_result.csv"") mlp_tuned_model_path = os.path.join(MODEL_DIR, ""mlp_tuned_model.keras"") mlp_search_log_path = os.path.join(RESULTS_DIR, ""mlp_tuning_search_log.csv"") mlp_best_params_path = os.path.join(RESULTS_DIR, ""mlp_tuned_best_params.csv"") mlp_tuned_df.to_csv(mlp_tuned_result_path, index=False) best_mlp_model.save(mlp_tuned_model_path) mlp_search_df.to_csv(mlp_search_log_path, index=False) mlp_best_params_df = pd.DataFrame([best_mlp_pa",mlp_tuned_model.keras,mlp_tuned_result.csv; mlp_tuning_search_log.csv; mlp_tuned_best_params.csv,,0,20,d9097665f6cafb671ce14ebaac924fcbde667fdfca3d455cc153f6b25ebcda8c,Physical 1-based order is canonical; execution_count is historical evidence only. Pre-canonical notebook history; retained to preserve methodological evolution.
52,,code,PRECURSOR,superseded,"from tensorflow.keras.models import Sequential from tensorflow.keras.layers import Conv1D, MaxPooling1D, GlobalAveragePooling1D from tensorflow.keras.layers import Dense, Dropout, BatchNormalization, Input from tensorflow.keras.optimizers import Adam from tensorflow.keras.callbacks import EarlyStopping, ModelCheckpoint from sklearn.metrics import f1_score import time import pandas as pd import os cnn_param_list = [ {""filters"": [64, 128], ""kernel_size"": 3, ""dropout"": 0.3, ""learning_rate"": 0.001, ",cnn_tuned_candidate_{i+1}.keras,,,0,131,57798f0c9ef14d7257b088cde90ffa525fc092baf6f7ffe58eefae993447c928,Physical 1-based order is canonical; execution_count is historical evidence only. Pre-canonical notebook history; retained to preserve methodological evolution.
53,,code,PRECURSOR,superseded,"y_prob_cnn_tuned = best_cnn_model.predict(X_test_transformer, batch_size=2048).reshape(-1) cnn_tuned_result = evaluate_dl_model( ""1D-CNN Tuned"", y_test, y_prob_cnn_tuned, cnn_total_tuning_time, threshold=0.50 ) cnn_tuned_df = pd.DataFrame([cnn_tuned_result]) cnn_tuned_df.round(4)",,,,0,12,15e0c60c87bdf00335338f5f09a3f8e55056e28f69f41ca610d4f49864b177a7,Physical 1-based order is canonical; execution_count is historical evidence only. Pre-canonical notebook history; retained to preserve methodological evolution.
54,,code,PRECURSOR,superseded,"cnn_tuned_result_path = os.path.join(RESULTS_DIR, ""cnn_tuned_result.csv"") cnn_tuned_model_path = os.path.join(MODEL_DIR, ""cnn_tuned_model.keras"") cnn_search_log_path = os.path.join(RESULTS_DIR, ""cnn_tuning_search_log.csv"") cnn_best_params_path = os.path.join(RESULTS_DIR, ""cnn_tuned_best_params.csv"") cnn_tuned_df.to_csv(cnn_tuned_result_path, index=False) best_cnn_model.save(cnn_tuned_model_path) cnn_search_df.to_csv(cnn_search_log_path, index=False) cnn_best_params_df = pd.DataFrame([best_cnn_pa",cnn_tuned_model.keras,cnn_tuned_result.csv; cnn_tuning_search_log.csv; cnn_tuned_best_params.csv,,0,20,d3623424d6ea23892ea4bbda60aed2e44eab2d27f86ee0e662b2fb53fbad9349,Physical 1-based order is canonical; execution_count is historical evidence only. Pre-canonical notebook history; retained to preserve methodological evolution.
55,,code,PRECURSOR,superseded,"import os import pandas as pd RESULTS_DIR = ""/kaggle/working/results"" tuned_result_files = [ ""lightgbm_tuned_result.csv"", ""xgboost_tuned_result.csv"", ""catboost_tuned_result.csv"", ""mlp_tuned_result.csv"", ""cnn_tuned_result.csv"" ] tuned_dfs = [] for file in tuned_result_files: path = os.path.join(RESULTS_DIR, file) if os.path.exists(path): df_temp = pd.read_csv(path) df_temp[""Source File""] = file tuned_dfs.append(df_temp) print(""Loaded:"", path) else: print(""Missing:"", path) top5_tuned_df = pd.conca",,/kaggle/working/results,,0,46,827e59e7676c2a3c116e2e5225bae6d7f68c246d1fc5830d6bd095fc39f5ac52,Physical 1-based order is canonical; execution_count is historical evidence only. Pre-canonical notebook history; retained to preserve methodological evolution.
56,,code,PRECURSOR,superseded,"import os import joblib import numpy as np import pandas as pd import matplotlib.pyplot as plt RESULTS_DIR = ""/kaggle/working/results"" MODEL_DIR = ""/kaggle/working/models"" FIGURES_DIR = ""/kaggle/working/figures"" os.makedirs(RESULTS_DIR, exist_ok=True) os.makedirs(MODEL_DIR, exist_ok=True) os.makedirs(FIGURES_DIR, exist_ok=True) print(""Results:"", RESULTS_DIR) print(""Models:"", MODEL_DIR) print(""Figures:"", FIGURES_DIR)",,/kaggle/working/results; /kaggle/working/figures,,0,17,5a4cd2f9f86f561bf80edcdb7ccc013944212824549326c22f5590de6a059b85,Physical 1-based order is canonical; execution_count is historical evidence only. Pre-canonical notebook history; retained to preserve methodological evolution.
57,,code,PRECURSOR,superseded,Sort by F1-score for clearer horizontal chart,,/kaggle/working/results; /kaggle/working/figures; all_baseline_models_f1_comparison.png,results/final_ablation_model_comparison.csv,0,35,82946ab55feb0a1dd4de7b11d40389b3210a953f04bd9b04e5ec18251a2ab335,Physical 1-based order is canonical; execution_count is historical evidence only. Pre-canonical notebook history; retained to preserve methodological evolution.
58,,code,PRECURSOR,superseded,"metrics = [""Accuracy"", ""Precision"", ""Recall"", ""F1-score""] plot_df = baseline_df.sort_values(""F1-score"", ascending=False) plt.figure(figsize=(14, 7)) x = range(len(plot_df)) width = 0.2 for idx, metric in enumerate(metrics): positions = [p + idx * width for p in x] plt.bar(positions, plot_df[metric], width=width, label=metric) plt.xticks( [p + width * 1.5 for p in x], plot_df[""Model""], rotation=45, ha=""right"" ) plt.ylabel(""Score"") plt.title(""Performance Comparison of All Baseline Models"") plt.yli",,all_baseline_models_metrics_comparison.png,,0,31,dc199f81a292aa67634902f0a10944e0a9fdc990ccba7ab23fa94312ad7e7f1e,Physical 1-based order is canonical; execution_count is historical evidence only. Pre-canonical notebook history; retained to preserve methodological evolution.
59,,code,PRECURSOR,superseded,"top5_path = ""/kaggle/working/results/top5_tuned_model_comparison.csv"" top5_df = pd.read_csv(top5_path) top5_df.columns = top5_df.columns.str.strip() top5_plot_df = top5_df.sort_values(""F1-score"", ascending=True) plt.figure(figsize=(9, 5)) plt.barh(top5_plot_df[""Model""], top5_plot_df[""F1-score""]) plt.xlabel(""F1-score"") plt.ylabel(""Model"") plt.title(""Top-5 Tuned Model F1-score Comparison"") plt.xlim(0.88, 0.94) for index, value in enumerate(top5_plot_df[""F1-score""]): plt.text(value + 0.001, index, ",,top5_tuned_model_f1_comparison.png,results/top5_tuned_model_comparison.csv,0,24,c3bb6ffc28ed86a4ad4e1bc03ec52bc562f4ecbeaa0a0a649c0b44914de9a733,Physical 1-based order is canonical; execution_count is historical evidence only. Pre-canonical notebook history; retained to preserve methodological evolution.
60,,code,PRECURSOR,superseded,"lgbm_threshold_path = ""/kaggle/working/results/lightgbm_tuned_threshold_results.csv"" lgbm_threshold_df = pd.read_csv(lgbm_threshold_path) lgbm_threshold_df.columns = lgbm_threshold_df.columns.str.strip() plt.figure(figsize=(8, 5)) plt.plot( lgbm_threshold_df[""Threshold""], lgbm_threshold_df[""Recall""], marker=""o"", label=""Recall"" ) plt.plot( lgbm_threshold_df[""Threshold""], lgbm_threshold_df[""FNR""], marker=""o"", label=""FNR"" ) plt.xlabel(""Decision Threshold"") plt.ylabel(""Score"") plt.title(""LightGBM Tu",,lightgbm_threshold_vs_recall_fnr.png,results/lightgbm_tuned_threshold_results.csv,0,32,f8546393bb0e47206ce0eb79b790f9fa285c2e5fa8efd5e81c0ca3c0b3c409f1,Physical 1-based order is canonical; execution_count is historical evidence only. Pre-canonical notebook history; retained to preserve methodological evolution.
61,,code,PRECURSOR,superseded,"selected_lgbm_035 = lgbm_threshold_df[lgbm_threshold_df[""Threshold""] == 0.35].iloc[0] tn = int(selected_lgbm_035[""TN""]) fp = int(selected_lgbm_035[""FP""]) fn = int(selected_lgbm_035[""FN""]) tp = int(selected_lgbm_035[""TP""]) cm = np.array([[tn, fp], [fn, tp]]) plt.figure(figsize=(6, 5)) plt.imshow(cm) plt.title(""Confusion Matrix: LightGBM Tuned at Threshold 0.35"") plt.xlabel(""Predicted Label"") plt.ylabel(""True Label"") plt.xticks([0, 1], [""Benign"", ""Attack""]) plt.yticks([0, 1], [""Benign"", ""Attack""])",,lightgbm_threshold_035_confusion_matrix.png,,0,31,f5b34848d348e3f5958e7d6948bb49b70e9de20d8f3b7cdbff2e0279a590b217,Physical 1-based order is canonical; execution_count is historical evidence only. Pre-canonical notebook history; retained to preserve methodological evolution.
62,,code,PRECURSOR,superseded,"import shap lightgbm_model_path = ""/kaggle/working/models/lightgbm_tuned_model.pkl"" best_lgbm_model = joblib.load(lightgbm_model_path) print(""Loaded:"", lightgbm_model_path)",/kaggle/working/models/lightgbm_tuned_model.pkl,,models/lightgbm_tuned_model.pkl,0,7,3f2f0b291ee55a0ae55d8632d3eba1d3e165eefa7c6b0321430af2743bfd5289,Physical 1-based order is canonical; execution_count is historical evidence only. Pre-canonical notebook history; retained to preserve methodological evolution.
63,,code,PRECURSOR,superseded,Use a sample for fast SHAP computation,,,,0,34,ee69bbe20a7d246b0c0bed5b75c0134520667e88e55f3487a7428be0de41ef1f,Physical 1-based order is canonical; execution_count is historical evidence only. Pre-canonical notebook history; retained to preserve methodological evolution.
64,,code,PRECURSOR,superseded,"top20_shap = shap_importance_df.head(20).sort_values(""Mean |SHAP value|"", ascending=True) plt.figure(figsize=(10, 7)) plt.barh(top20_shap[""Feature""], top20_shap[""Mean |SHAP value|""]) plt.xlabel(""Mean |SHAP value|"") plt.ylabel(""Feature"") plt.title(""Top-20 SHAP Feature Importance for Tuned LightGBM"") for index, value in enumerate(top20_shap[""Mean |SHAP value|""]): plt.text(value + 0.002, index, f""{value:.4f}"", va=""center"", fontsize=8) plt.tight_layout() shap_bar_fig_path = os.path.join(FIGURES_DIR,",,lightgbm_tuned_shap_top_20_features.png,,0,19,97edfb2ca1d85d7f3d2d4b80a0bd46b1d3ddb9fc34c36fa0d748e9de38c9105e,Physical 1-based order is canonical; execution_count is historical evidence only. Pre-canonical notebook history; retained to preserve methodological evolution.
65,,code,PRECURSOR,superseded,"print(""Generated figures:"") for file in os.listdir(FIGURES_DIR): print(os.path.join(FIGURES_DIR, file)) print(""\nGenerated result files:"") for file in os.listdir(RESULTS_DIR): if ""shap"" in file.lower() or ""threshold"" in file.lower() or ""tuned"" in file.lower(): print(os.path.join(RESULTS_DIR, file))",,,,0,10,f349f76441737f70365d43b5979c64e932ba59a99e9723e20eec02a7ac4dd92c,Physical 1-based order is canonical; execution_count is historical evidence only. Pre-canonical notebook history; retained to preserve methodological evolution.
66,,code,PRECURSOR,superseded,"import shap import os import matplotlib.pyplot as plt FIGURES_DIR = ""/kaggle/working/figures"" plt.figure() shap.summary_plot( shap_values_to_use, X_shap, max_display=20, show=False ) shap_summary_fig_path = os.path.join( FIGURES_DIR, ""lightgbm_tuned_shap_summary_plot.png"" ) plt.savefig(shap_summary_fig_path, dpi=300, bbox_inches=""tight"") plt.show() print(""Saved:"", shap_summary_fig_path)",,/kaggle/working/figures,,0,24,79ab55a6ae50bbde928dc040129d83badb07158ee4c796ac857df12e3690e66c,Physical 1-based order is canonical; execution_count is historical evidence only. Pre-canonical notebook history; retained to preserve methodological evolution.
67,,code,PRECURSOR,superseded,"import os import zipfile OUTPUT_ZIP = ""/kaggle/working/final_research_outputs.zip"" folders_to_zip = [ ""/kaggle/working/results"", ""/kaggle/working/figures"", ""/kaggle/working/models"" ] with zipfile.ZipFile(OUTPUT_ZIP, ""w"", zipfile.ZIP_DEFLATED) as zipf: for folder in folders_to_zip: if os.path.exists(folder): for root, dirs, files in os.walk(folder): for file in files: full_path = os.path.join(root, file) arcname = os.path.relpath(full_path, ""/kaggle/working"") zipf.write(full_path, arcname=arcname",,/kaggle/working/final_research_outputs.zip,,0,22,3f9c04bfcef273c8df1c2fcd26985bdbe552e1b4cd371213a8559f257ba0010f,Physical 1-based order is canonical; execution_count is historical evidence only. Pre-canonical notebook history; retained to preserve methodological evolution.
68,,code,PRECURSOR,precursor,"X_train_full, X_test, y_train_full, y_test = train_test_split( X, y, test_size=0.20, random_state=42, stratify=y ) X_train, X_val, y_train, y_val = train_test_split( X_train_full, y_train_full, test_size=0.20, random_state=42, stratify=y_train_full )",,,,0,15,a70383191ad1d4c44642c33cd4c7c679c19479dca83335197ed1e3b6ddbc877e,Physical 1-based order is canonical; execution_count is historical evidence only. Pre-canonical notebook history; retained to preserve methodological evolution.
69,,code,PRECURSOR,precursor,from sklearn.model_selection import train_test_split,,,,0,1,0b00dc3ef9b19bd2035b27ef842dae989c1b22e4b7d2a3c562df58857df98d8f,Physical 1-based order is canonical; execution_count is historical evidence only. Pre-canonical notebook history; retained to preserve methodological evolution.
70,,code,PRECURSOR,precursor,Final untouched test set: 20%,,,,0,26,ed3aadd016433d2e6d5b6be11ff897c1fdf6c7375792052faac0b7ead32a3334,Physical 1-based order is canonical; execution_count is historical evidence only. Pre-canonical notebook history; retained to preserve methodological evolution.
71,,code,PRECURSOR,precursor,1. Load the processed dataset,/kaggle/input/datasets/; jmmubasshirrahman/ids2018-balanced-binary-dataset/; Dataset not found at:\n{DATA_PATH}\n; \nDataset partitions:,,,0,145,dc5a02f850a31d08ccfc65c74a257d80c34d6a86eeea8cfbcb1f448d6d296645,Physical 1-based order is canonical; execution_count is historical evidence only. Pre-canonical notebook history; retained to preserve methodological evolution.
72,,code,PRECURSOR,precursor,"import os import joblib import pandas as pd os.makedirs(""/kaggle/working/splits"", exist_ok=True) os.makedirs(""/kaggle/working/preprocessing"", exist_ok=True) split_manifest = pd.concat( [ pd.DataFrame({ ""row_index"": X_train.index, ""split"": ""train"" }), pd.DataFrame({ ""row_index"": X_val.index, ""split"": ""validation"" }), pd.DataFrame({ ""row_index"": X_test.index, ""split"": ""test"" }), ], ignore_index=True, ) split_manifest.to_csv( ""/kaggle/working/splits/final_split_manifest.csv"", index=False, ) joblib.",,,,0,37,73a0872bc02774a1212f6f9477441c97c3807412dfa39dddf47eca3ac316f930,Physical 1-based order is canonical; execution_count is historical evidence only. Pre-canonical notebook history; retained to preserve methodological evolution.
73,,code,PRECURSOR,superseded,"STAGE 1A: VALIDATION-BASED BASELINE ABLATION | Classical ML, tree ensembles, and boosting models",Run the dataset preparation and 64/16/20 splitting cell first.,\nSaved results:; \nSaved metadata:,,0,503,114d0261ccc9f8e3183fe0a135ecbfde1b3178bfc4f800847d51b8fc8ea8b8b7,Physical 1-based order is canonical; execution_count is historical evidence only. Pre-canonical notebook history; retained to preserve methodological evolution.
74,,code,PRECURSOR,superseded,"import subprocess import tensorflow as tf print(subprocess.run( [""nvidia-smi""], capture_output=True, text=True ).stdout) print(""TensorFlow GPUs:"", tf.config.list_physical_devices(""GPU""))",,,,0,10,ebbcdd2716e926b7ff380a6b5bbe0cdfd039b5fa99cabc438049c033bf31c59a,Physical 1-based order is canonical; execution_count is historical evidence only. Pre-canonical notebook history; retained to preserve methodological evolution.
75,,code,PRECURSOR,superseded,GPU-AWARE BASELINE MODEL CONFIGURATION,,,,0,115,49f7d7f2d841b91f03c46d9396f79da71ee25f999d295fae1fca2a730d9854fb,Physical 1-based order is canonical; execution_count is historical evidence only. Pre-canonical notebook history; retained to preserve methodological evolution.
76,,code,PRECURSOR,superseded,CPU: standard scikit-learn models,,,,0,164,10d3eebafab271f05329d8da3431231bc0f9e1f0b5280230bd654778048a1ab1,Physical 1-based order is canonical; execution_count is historical evidence only. Pre-canonical notebook history; retained to preserve methodological evolution.
77,,code,PRECURSOR,superseded,CLEAN 12-MODEL BASELINE ABLATION | Train: 64% | Validation: 16% | Test set: NOT USED,"Run the dataset loading, 64/16/20 split, and scaling cell first.\n",baseline12_validation_partial.csv; baseline12_validation_results.csv; baseline12_errors.csv; \nOutput directory:; \nSaved final results:; \nSaved partial checkpoint:; \nSaved models:,,0,853,3386df5e6c477825a14e4f649cfe164ce1dc5e1304d65046f349513b7ea2fad1,Physical 1-based order is canonical; execution_count is historical evidence only. Pre-canonical notebook history; retained to preserve methodological evolution.
78,,code,PRECURSOR,superseded,FOUR NEURAL BASELINE MODELS | Train: 64% | Validation: 16% | Test set: NOT USED,,baseline4_neural_validation_partial.csv; baseline4_neural_validation_results.csv; \nSaved results:,,0,754,036d352b9c0929b4871441266601ac3b3cb2efa40069b42e419ef326e161027a,Physical 1-based order is canonical; execution_count is historical evidence only. Pre-canonical notebook history; retained to preserve methodological evolution.
79,,code,PRECURSOR,superseded,STAGE 2A: GPU HYPERPARAMETER TUNING | Models: | 1. XGBoost | 2. LightGBM,Run the dataset loading and 64/16/20 split cell first.,,,0,922,2dad44353cc02104a67bed1b4f74709125bebf9a0b29afc08529a6b197ab651a,Physical 1-based order is canonical; execution_count is historical evidence only. Pre-canonical notebook history; retained to preserve methodological evolution.
80,,code,PRECURSOR,superseded,"from pathlib import Path root = Path( ""/kaggle/working/revised_experiments/"" ""boosting_tuning_validation_clean_v1"" ) paths = [ root / ""results"" / ""boosting_tuned_validation_partial.csv"", root / ""results"" / ""xgboost_validation_probabilities.csv"", root / ""search_logs"" / ""xgboost_random_search_results.csv"", root / ""best_parameters"" / ""xgboost_best_parameters.json"", root / ""models"" / ""xgboost_tuned.pkl"", root / ""models"" / ""xgboost_tuned.json"", ] for path in paths: print(f""{'FOUND' if path.exists() e",,,,0,18,af9b25fee5543a7e7eae036192da415cbe709f2d21908298f3a01b53b1481c17,Physical 1-based order is canonical; execution_count is historical evidence only. Pre-canonical notebook history; retained to preserve methodological evolution.
81,,code,PRECURSOR,superseded,"import pandas as pd from pathlib import Path root = Path( ""/kaggle/working/revised_experiments/"" ""boosting_tuning_validation_clean_v1"" ) partial_path = ( root / ""results"" / ""boosting_tuned_validation_partial.csv"" ) display(pd.read_csv(partial_path).round(4))",,,,0,14,a9bf22f5305c1f81b77fdbb0e096bbafd2a4c275ea7ca107c674498c56ffc07c,Physical 1-based order is canonical; execution_count is historical evidence only. Pre-canonical notebook history; retained to preserve methodological evolution.
82,,code,PRECURSOR,superseded,LIGHTGBM-ONLY HYPERPARAMETER TUNING | Selection: | - Training set only for 3-fold CV | - Validation set for external evaluation,Rerun the dataset loading and 64/16/20 split cell first.,\nSaved:,,0,534,8fc2f146c0e84e49042c02f013ca21ce680ac6f93a7772dcd462fb1665634ad1,Physical 1-based order is canonical; execution_count is historical evidence only. Pre-canonical notebook history; retained to preserve methodological evolution.
83,,code,PRECURSOR,superseded,CATBOOST-ONLY HYPERPARAMETER TUNING | Selection: | - 3-fold CV on training set only | - Validation set for external evaluation,Rerun the dataset loading and 64/16/20 split cell first.,\nSaved:,,0,501,9ea841bcd4e93670316c132a34c2b8892d84a36f67bd47c14ce14af8f73a70eb,Physical 1-based order is canonical; execution_count is historical evidence only. Pre-canonical notebook history; retained to preserve methodological evolution.
84,,code,PRECURSOR,superseded,"from pathlib import Path import pandas as pd RUN_ROOT = Path( ""/kaggle/working/revised_experiments/"" ""boosting_tuning_validation_clean_v1"" ) partial_path = ( RUN_ROOT / ""results"" / ""boosting_tuned_validation_partial.csv"" ) final_path = ( RUN_ROOT / ""results"" / ""boosting_tuned_validation_results.csv"" ) df = pd.read_csv(partial_path) expected_models = { ""XGBoost Tuned"", ""LightGBM Tuned"", ""CatBoost Tuned"", } found_models = set(df[""Model""]) missing = expected_models - found_models if missing: raise ",,\nSaved:,,0,69,cbaefe5c70847dfc030317cd0b7fe5ee31f89176adb2af34df7e055d51457934,Physical 1-based order is canonical; execution_count is historical evidence only. Pre-canonical notebook history; retained to preserve methodological evolution.
85,,code,PRECURSOR,superseded,VALIDATION-SAFE MLP HYPERPARAMETER TUNING | Training data: | - 85% of X_train_scaled for fitting | - 15% of X_train_scaled for early stopping,,\nNew best MLP saved:; \nSaved files:,,0,740,f13b8eaa56ca95117b20385d4bf7dad26a41c9010438f33c8490ae16401d7a2d,Physical 1-based order is canonical; execution_count is historical evidence only. Pre-canonical notebook history; retained to preserve methodological evolution.
86,,code,PRECURSOR,superseded,VALIDATION-SAFE 1D-CNN HYPERPARAMETER TUNING | Training: | - 85% of training set for fitting | - 15% of training set for early stopping,,\nNew best CNN saved:; \nSaved files:,,0,814,8b70d2d00da83b4fae831746cc7c8228a1d6b71f54c58bb85fd03d959bb31d8e,Physical 1-based order is canonical; execution_count is historical evidence only. Pre-canonical notebook history; retained to preserve methodological evolution.
87,,code,PRECURSOR,superseded,MERGE THE FIVE VALIDATION-SAFE TUNED MODELS | Models: | - XGBoost | - LightGBM,,\nSaved:,,0,298,5ef0765b6a654cb18e0520379c7f6a5de2d77b9c634848ccb1b842087918e682,Physical 1-based order is canonical; execution_count is historical evidence only. Pre-canonical notebook history; retained to preserve methodological evolution.
88,,code,PRECURSOR,superseded,LIGHTGBM-ONLY VALIDATION THRESHOLD SELECTION | Operating points: | 1. Standard threshold = 0.50 | 2. Best validation F1 threshold,,\nSaved:,,0,418,bcdba42ec4582e1ce6ddfd9083c49dddf3701c54fdcfe4f5db2fb9d9dc4b7da9,Physical 1-based order is canonical; execution_count is historical evidence only. Pre-canonical notebook history; retained to preserve methodological evolution.
89,,code,PRECURSOR,superseded,"from pathlib import Path search_names = [ ""lightgbm_validation_probabilities.csv"", ""boosting_tuned_validation_partial.csv"", ""boosting_tuned_validation_results.csv"", ""neural_tuned_validation_partial.csv"", ""top5_tuned_validation_results.csv"", ""mlp_validation_probabilities.csv"", ""cnn_validation_probabilities.csv"", ""catboost_validation_probabilities.csv"", ""xgboost_validation_probabilities.csv"", ""lightgbm_tuned.pkl"", ""lightgbm_tuned.txt"", ] roots = [ Path(""/kaggle/input""), Path(""/kaggle/working""), ] ",/kaggle/input,,,0,34,f714037699a031268cdd78b83173b27d0906447442ab315721ad7d33b57b8b0d,Physical 1-based order is canonical; execution_count is historical evidence only. Pre-canonical notebook history; retained to preserve methodological evolution.
90,,code,PRECURSOR,superseded,"from pathlib import Path BACKUP_ROOT = Path(""/kaggle/working/FINAL_REVISED_LIGHTGBM"") BACKUP_ROOT.mkdir(parents=True, exist_ok=True) print(BACKUP_ROOT)",,,,0,6,9870bfa657cf148738a18addb82393b0b003540071f0b4a58dc2cdc46e1e2280,Physical 1-based order is canonical; execution_count is historical evidence only. Pre-canonical notebook history; retained to preserve methodological evolution.
91,,code,PRECURSOR,superseded,"import shutil from pathlib import Path source = Path( ""/kaggle/working/revised_experiments/"" ""boosting_tuning_validation_clean_v1"" ) backup = Path( ""/kaggle/working/FINAL_REVISED_LIGHTGBM/"" ""boosting_tuning_validation_clean_v1"" ) if source.exists(): if backup.exists(): shutil.rmtree(backup) shutil.copytree(source, backup) print(""Backup created:"", backup) else: print(""Source directory not found."")",,,,0,21,99b2d63bb7d8c838f0557137fcf118b08f44adf30eed6c61e1904d74234b84f1,Physical 1-based order is canonical; execution_count is historical evidence only. Pre-canonical notebook history; retained to preserve methodological evolution.
92,,code,PRECURSOR,precursor,X_train X_val X_test y_train y_val y_test,,,,0,7,0dc1245470a81b4eec539494263e70a0b5dc3bca2e5b73c0606c4194d2bbdddb,Physical 1-based order is canonical; execution_count is historical evidence only. Pre-canonical notebook history; retained to preserve methodological evolution.
93,,code,Stage01,canonical,STAGE 1 — DATA PREPARATION AND 64/16/20 SPLIT | Training: 64% | Validation: 16% | Test: 20%,/kaggle/input; was not found under /kaggle/input.; \nMatching dataset files:; \nSelected dataset:; \nDataset shape:,\nSaved Stage 1 files:; \nArchive created:,,0,555,f39792a920f3d90e1353163ea238c7c99dd01597eaee3b76ffbfc8a414ca9626,Physical 1-based order is canonical; execution_count is historical evidence only.
94,,code,Stage02,canonical,STAGE 2A — 12 CLASSICAL AND BOOSTING BASELINE MODELS | Training: | X_train / X_train_scaled | Evaluation:,,\nCheckpoint saved:; \nSaved result table:; .zip; \nArchive created:,,0,936,60899ad9726c1a4924f1bb0caa6e1d2c72d112f8a1bc0ab3ec8eb2fa67a079b3,Physical 1-based order is canonical; execution_count is historical evidence only.
95,,code,Stage02,canonical,STAGE 2B — FOUR NEURAL BASELINE MODELS | Models: | 1. MLP | 2. 1D-CNN,,\nCheckpoint saved:; .zip; \nSaved:; \nArchive created:,,0,1144,1d8196521b356d1a2910a2339cc0ad62bcfac644694666914e5e3eb81661f0f1,Physical 1-based order is canonical; execution_count is historical evidence only.
96,,code,Stage03,canonical,STAGE 3A — VALIDATION-SAFE XGBOOST TUNING | Hyperparameter selection: | 3-fold stratified CV on training data only | External evaluation:,,.zip; \nSaved:; \nArchive created:,,0,572,893769a5fef8a268b1dd680d1b82597118d4074901e95d49cf76a2c89cc521ee,Physical 1-based order is canonical; execution_count is historical evidence only.
97,,code,Stage03,canonical,STAGE 3B — VALIDATION-SAFE LIGHTGBM TUNING | Hyperparameter selection: | 3-fold stratified CV on training data only | External evaluation:,,.zip; \nSaved:; \nArchive created:,,0,594,e27790177480291276d31b123266d6d245ce115a14b5d90013ca5383f997ec7c,Physical 1-based order is canonical; execution_count is historical evidence only.
98,,code,Stage03,canonical,STAGE 3C — VALIDATION-SAFE CATBOOST TUNING | Hyperparameter selection: | 3-fold stratified CV on training data only | External evaluation:,,.zip; \nSaved:; \nArchive created:,,0,554,0660add17c238df32c4f18f5d5a2dfb67dd05d419074605f1889aa968162969c,Physical 1-based order is canonical; execution_count is historical evidence only.
99,,code,Stage03,canonical,STAGE 3D — VALIDATION-SAFE MLP TUNING | Candidate training: | Training-only fitting subset | Early stopping:,,\nNew best MLP model saved:; .zip; \nSaved:; \nArchive created:,,0,847,08d763333517c89a89e7631647e3df1d2d6ecdbf439a040da85bbf98e7d617fd,Physical 1-based order is canonical; execution_count is historical evidence only.
100,,code,Stage03,canonical,STAGE 3E — VALIDATION-SAFE 1D-CNN TUNING | Fitting: | 85% training subset | Early stopping:,,\nNew best CNN model saved:; .zip; \nSaved:; \nArchive created:,,0,893,3320748107820b874b09e928dd0abde62c5710530f27e189ea8d4f60bf47aad3,Physical 1-based order is canonical; execution_count is historical evidence only.
101,,code,Stage03,canonical,STAGE 3F — MERGE EXISTING TOP-FIVE TUNING OUTPUTS | No upload | No extraction | No training,,.zip; \nSaved:; \nComplete Stage 3 archive:,,0,391,db5d27fe4ec6a41ce998fb27f63e66f88fd6a5a1ad622ede7768acd513d54ac5,Physical 1-based order is canonical; execution_count is historical evidence only.
102,,code,Stage04,canonical,STAGE 4 — VALIDATION-ONLY THRESHOLD ANALYSIS | Automatically: | 1. Reads the tuned top-five comparison | 2. Identifies the validation winner,,.zip; \nSaved:; \nArchive created:,,0,686,843e637a9abe7d2cb35a128dcda553ca7b7bb3721dd19d21c9978f1d1054ac1d,Physical 1-based order is canonical; execution_count is historical evidence only.
103,,code,Stage04,canonical,SELECT OPERATIONALLY CONSTRAINED SECURITY THRESHOLD | Objective: | Maximum validation F2 | Constraint:,,\nSaved:,,0,139,daa6c4c792b435faebdc70bcf0db86882241e142c319f2024f4358c8fa309378,Physical 1-based order is canonical; execution_count is historical evidence only.
104,,code,Stage04,packaging,"import shutil from pathlib import Path stage4_dir = Path( ""/kaggle/working/"" ""ids2018_clean_validation_v2/"" ""stage04_threshold"" ) archive_base = ( ""/kaggle/working/"" ""ids2018_clean_validation_v2_stage04_threshold_final"" ) archive_file = Path(archive_base + "".zip"") if archive_file.exists(): archive_file.unlink() archive_path = shutil.make_archive( archive_base, ""zip"", stage4_dir, ) print(""Updated Stage 4 archive:"") print(archive_path)",,.zip,,0,27,1dd5ab6f7cbee1ae2043a747c0508b7249b5b783586de7d20f09ac29dc00325a,Physical 1-based order is canonical; execution_count is historical evidence only.
105,,code,Stage05,canonical,STAGE 5 — ONE-TIME UNTOUCHED TEST EVALUATION | Frozen validation decisions: | Final model: XGBoost Tuned | Standard threshold: 0.50,,Saved tuned XGBoost model not found:\n{MODEL_PATH}; .zip; \nSaved:; \nArchive created:,,0,530,6f2ac4f0236417c24b471dbc7de74d0994ef13b88d6a6e9c6aafd2f31a0839d9,Physical 1-based order is canonical; execution_count is historical evidence only.
106,,code,Stage04,canonical,STAGE 4B — ALL TOP-FIVE VALIDATION THRESHOLD ANALYSIS | Models: | XGBoost Tuned | LightGBM Tuned,,.zip; \nSaved:; \nArchive created:,,0,988,a1d05f6afd581d4682a55468ed37bd3b2cde36faf4f6da9e5b5b7fa871510087,Physical 1-based order is canonical; execution_count is historical evidence only.
107,,code,Stage05,canonical,STAGE 5B — OBJECTIVE-SPECIFIC FINAL TEST COMPARISON | Validation-selected operating points: | Balanced: | XGBoost threshold 0.51,,.zip; \nSaved:; \nArchive created:,,0,639,1396b17cfe8f46ba27115373df69a0782b9c47adaaefd739853d8aa88f3774d5,Physical 1-based order is canonical; execution_count is historical evidence only.
108,,code,Stage06,canonical,STAGE 6 — DUAL-MODEL SHAP EXPLAINABILITY | Models: | 1. XGBoost — balanced/F1-oriented model | 2. LightGBM — constrained security-oriented model,Required artifact not found:\n{path},.zip; \nSaved:; \nArchive created:,,0,1138,f4b16e5499e2775d96e00c80182f37e5c1563dd2e9469700df23acc8ab68f326,Physical 1-based order is canonical; execution_count is historical evidence only.
109,,code,Stage07,canonical,STAGE 7 — PUBLICATION-READY FIGURES AND FINAL TABLES | Generates: | 1. Sixteen-model baseline F1 comparison | 2. Tuned top-five F1 comparison,Required file not found:\n{path}; *.png,*.png; .zip; \nArchive created:,,0,1043,7ee55f431cc69bd5d4df6977b5fe9124a57b64c6ce314f2702798a7344bd89f2,Physical 1-based order is canonical; execution_count is historical evidence only.
110,,code,Stage07,canonical,"from pathlib import Path WORKING_DIR = Path(""/kaggle/working"") zip_files = sorted( path for path in WORKING_DIR.rglob(""*.zip"") if path.is_file() ) print(f""ZIP files found: {len(zip_files)}"") for path in zip_files: print(""DELETING:"", path) path.unlink() remaining_zip_files = list( WORKING_DIR.rglob(""*.zip"") ) print(""\nRemaining ZIP files:"", len(remaining_zip_files))",,,,0,21,f829e433f553ff48e439218a837d0cfd59150b174b151238d1e54a9bbf46dd2a,Physical 1-based order is canonical; execution_count is historical evidence only.
111,,code,Stage07,canonical,"from pathlib import Path EXPERIMENT_ROOT = Path( ""/kaggle/working/ids2018_clean_validation_v2"" ) if not EXPERIMENT_ROOT.exists(): raise FileNotFoundError( f""Experiment directory missing: {EXPERIMENT_ROOT}"" ) files = [ path for path in EXPERIMENT_ROOT.rglob(""*"") if path.is_file() ] total_bytes = sum( path.stat().st_size for path in files ) print(""Experiment directory:"", EXPERIMENT_ROOT) print(""Total files:"", len(files)) print( ""Total size:"", f""{total_bytes / (1024 ** 3):.3f} GB"", ) print(""\nStage",,,,0,43,c8129dfb3e64629f9d2a3a22759a03ea9e5079fb4fa869be09dd73c1dd4a29c1,Physical 1-based order is canonical; execution_count is historical evidence only.
112,,code,Stage07,packaging,"import hashlib import json from datetime import datetime, timezone from pathlib import Path WORKING_DIR = Path(""/kaggle/working"") inventory = [] for path in sorted(WORKING_DIR.rglob(""*"")): if not path.is_file(): continue relative_path = path.relative_to( WORKING_DIR ) file_hash = hashlib.sha256() with path.open(""rb"") as file: for chunk in iter( lambda: file.read(1024 * 1024), b"""", ): file_hash.update(chunk) inventory.append({ ""path"": str(relative_path), ""size_bytes"": path.stat().st_size, ""sha256",,/kaggle/working,,0,68,3abff17969c3708c7a557250d7bf5edb6886202e2d466ddbaef4380dd0ddce8c,Physical 1-based order is canonical; execution_count is historical evidence only.
113,,code,Stage07,packaging,"Remove an older copy, if present",,Archive creation failed:\n; .sha256; {FINAL_ARCHIVE.name}\n; \nComplete archive created:; {archive_size / (1024 ** 3):.3f} GB,,0,90,5a9c479721ae3be6a4c4387fb557cf594e55d35147b3c4cb700ca414a5b79df5,Physical 1-based order is canonical; execution_count is historical evidence only.
114,,code,Stage07,packaging,"import subprocess from pathlib import Path ARCHIVE = Path( ""/kaggle/working/"" ""ids2018_validation_safe_complete_working.tar.gz"" ) verification = subprocess.run( [ ""tar"", ""-tzf"", str(ARCHIVE), ], check=False, capture_output=True, text=True, ) if verification.returncode != 0: raise RuntimeError( ""Archive verification failed:\n"" + verification.stderr ) archived_entries = [ line for line in verification.stdout.splitlines() if line.strip() ] print(""Archive verified successfully."") print(""Archived ent",,Archive verification failed:\n,,0,38,e2b592f9bda0705a22fbf24d0abfff49ff9874192665525ddfe91ac59df4ead5,Physical 1-based order is canonical; execution_count is historical evidence only.
115,,code,Stage07,canonical,"from pathlib import Path ROOT = Path(""/kaggle/working/ids2018_clean_validation_v2"") required_files = [ ROOT / ""stage05_final_test/predictions/xgboost_final_test_probabilities.csv"", ROOT / ""stage05_final_test_comparison/predictions/lightgbm_final_test_probabilities.csv"", ROOT / ""stage04_threshold/all_models/results/all_top5_selected_validation_operating_points.csv"", ] for path in required_files: print(""FOUND"" if path.exists() else ""MISSING"", path) assert all(path.exists() for path in required_fil",,,models/results/all_top5_selected_validation_operating_points.csv,0,14,22a00386e77a09b9755ee71e25b2e83448d60678610f6584fe60020f6592dd12,Physical 1-based order is canonical; execution_count is historical evidence only.
116,,code,Stage08,canonical,STAGE 8 — PAIRED STRATIFIED BOOTSTRAP CONFIDENCE ANALYSIS | No training | No hyperparameter tuning | No threshold selection,Required file not found:\n{path},.zip; \nArchive:,,0,2049,4fe8f07df2411d45d543b0d84ac0f37b6aa57cdd7056a32dc1abdadfa738d137,Physical 1-based order is canonical; execution_count is historical evidence only.
117,,code,Stage08,canonical,"from pathlib import Path ROOT = Path(""/kaggle/working/ids2018_clean_validation_v2"") required_files = [ ROOT / ""stage05_final_test/predictions/xgboost_final_test_probabilities.csv"", ROOT / ""stage05_final_test_comparison/predictions/lightgbm_final_test_probabilities.csv"", ROOT / ""stage04_threshold/all_models/results/all_top5_selected_validation_operating_points.csv"", ] for path in required_files: print(""FOUND"" if path.exists() else ""MISSING"", path) assert all(path.exists() for path in required_fil",,,models/results/all_top5_selected_validation_operating_points.csv,0,14,22a00386e77a09b9755ee71e25b2e83448d60678610f6584fe60020f6592dd12,Physical 1-based order is canonical; execution_count is historical evidence only.
118,,code,Stage09,canonical,STAGE 9 — HOLDOUT CALIBRATION ASSESSMENT | Models: | XGBoost Tuned | LightGBM Tuned,Required file not found:\n{path}; \nInput validation passed,.zip; \nArchive:,,0,2390,8a22a84e7551a1dc0125b535c9fddd53a86921d1d85fd39db84b3af35d7ee1ab,Physical 1-based order is canonical; execution_count is historical evidence only.
119,,code,Stage10,canonical,STAGE 10 — OPERATIONAL COST AND ALERT-BURDEN ANALYSIS | Models: | XGBoost Tuned | LightGBM Tuned,Required file not found:\n{path},.zip; \nArchive:,,0,1744,c4778f433b95080c23a7b70654293790ad93aafdeeaba287efe0123a430ef9c8,Physical 1-based order is canonical; execution_count is historical evidence only.
120,,code,Stage11,canonical,STAGE 11 — ATTACK-CATEGORY ANALYSIS | Operating points: | XGBoost balanced: 0.51 | XGBoost security: 0.27,Required file not found:\n{path}; /kaggle/input/**/merged_balanced_ids2018_safe.csv; /kaggle/input/**/*ids2018*.csv; /kaggle/input/**/*balanced*.csv; \nCandidate processed datasets:; \nSelected processed dataset:,.zip; \nArchive:,,0,2486,a093ed4d51d06512856f27c9b9aa5637c147b654a8dc9378bfa134b1a4ba7848,Physical 1-based order is canonical; execution_count is historical evidence only.
121,,code,Stage12,repair,PATCH STAGE 12 MODEL CONSTRUCTORS | Prevent duplicate keyword arguments from saved parameters,,,,0,61,aeb4b6bf0f1c2e53c0fd9bff46468296be85eb399256ce08565df7ec92fbf6ee,Physical 1-based order is canonical; execution_count is historical evidence only.
122,,code,Stage12,canonical,STAGE 12 — MULTI-SEED ROBUSTNESS OF FINAL TREE MODELS | Models: | XGBoost Tuned | LightGBM Tuned,/kaggle/input/datasets/; ids2018-balanced-binary-dataset/; Required artifact not found:\n{path}; \nLoading processed dataset...,.zip; \nArchive:,,0,1908,5c037a28f1156c2df74e9ef4e5a9f6abfd54622e49d980263e22233d991fb88a,Physical 1-based order is canonical; execution_count is historical evidence only.
123,,code,Stage12,canonical,"from pathlib import Path ROOT = Path(""/kaggle/working/ids2018_clean_validation_v2"") expected_stages = [ ""stage01_data"", ""stage02_baselines"", ""stage03_top5_tuning"", ""stage04_threshold"", ""stage05_final_test"", ""stage05_final_test_comparison"", ""stage06_dual_shap"", ""stage07_publication_assets"", ""stage08_bootstrap_confidence"", ""stage09_calibration_assessment"", ""stage10_operational_cost"", ""stage11_attack_category"", ""stage12_multiseed_robustness"", ] missing = [] for stage in expected_stages: path = ROOT",,,,0,36,2ad24275e8f7f1d7bc32d25bfa1bea9c7e76bbaf5398a4305a3c36f80e9741e1,Physical 1-based order is canonical; execution_count is historical evidence only.
124,,code,Stage12,canonical,"from pathlib import Path WORKING_DIR = Path(""/kaggle/working"") zip_files = sorted( path for path in WORKING_DIR.rglob(""*.zip"") if path.is_file() ) print(f""ZIP files found: {len(zip_files)}"") for path in zip_files: print(""DELETING:"", path) path.unlink() remaining_zips = list( WORKING_DIR.rglob(""*.zip"") ) print(""\nRemaining ZIP files:"", len(remaining_zips))",,,,0,21,463df51c9eff94200be306104f7a09e6a2b9577d946d0353a42be0dfb6574670,Physical 1-based order is canonical; execution_count is historical evidence only.
125,,code,Stage12,canonical,"from pathlib import Path WORKING_DIR = Path(""/kaggle/working"") old_complete_files = [ WORKING_DIR / ""ids2018_validation_safe_complete_working.tar.gz"", WORKING_DIR / ""ids2018_validation_safe_complete_working.tar.gz.sha256"", WORKING_DIR / ""complete_working_manifest.json"", ] for path in old_complete_files: if path.exists(): print(""DELETING OLD:"", path) path.unlink() else: print(""NOT PRESENT:"", path)",,,,0,16,2b8c2d7ace4ae801eda9a0f1fe68938bf0d670d9324aa71e5ea60853cdc889db,Physical 1-based order is canonical; execution_count is historical evidence only.
126,,code,Stage12,canonical,"from pathlib import Path WORKING_DIR = Path(""/kaggle/working"") EXPERIMENT_ROOT = ( WORKING_DIR / ""ids2018_clean_validation_v2"" ) files = [ path for path in EXPERIMENT_ROOT.rglob(""*"") if path.is_file() ] total_size = sum( path.stat().st_size for path in files ) print(""Experiment root:"", EXPERIMENT_ROOT) print(""Total files:"", len(files)) print( ""Total size:"", f""{total_size / (1024 ** 3):.3f} GB"", ) print(""\nStage inventory:"") for stage in sorted(EXPERIMENT_ROOT.iterdir()): if not stage.is_dir(): c",,,,0,48,e098edadbcec9e8cbb09d30e7df35092295cb0fb3e4913f94c6503d67ba9ab17,Physical 1-based order is canonical; execution_count is historical evidence only.
127,,code,Stage12,canonical,"import hashlib import json from datetime import datetime, timezone from pathlib import Path WORKING_DIR = Path(""/kaggle/working"") excluded_names = { ""ids2018_validation_safe_complete_working_final.tar.gz"", ""ids2018_validation_safe_complete_working_final.tar.gz.sha256"", ""complete_working_manifest_final.json"", } inventory = [] for path in sorted(WORKING_DIR.rglob(""*"")): if not path.is_file(): continue if path.name in excluded_names: continue sha256 = hashlib.sha256() with path.open(""rb"") as handle",,/kaggle/working,,0,78,8ba35abcf9d235b7d8cd95b5d57cd34ea050aec44a09afdf04bcff9392f71859,Physical 1-based order is canonical; execution_count is historical evidence only.
128,,code,Stage12,packaging,"import hashlib import shutil import subprocess from pathlib import Path WORKING_DIR = Path(""/kaggle/working"") TEMP_ARCHIVE = Path( ""/tmp/"" ""ids2018_validation_safe_complete_working_final.tar.gz"" ) FINAL_ARCHIVE = ( WORKING_DIR / ""ids2018_validation_safe_complete_working_final.tar.gz"" ) CHECKSUM_PATH = Path( str(FINAL_ARCHIVE) + "".sha256"" ) for path in [ TEMP_ARCHIVE, FINAL_ARCHIVE, CHECKSUM_PATH, ]: if path.exists(): path.unlink() print(""Creating final archive..."") print(""Source:"", WORKING_DIR) ",,.sha256; Archive creation failed:\n; {FINAL_ARCHIVE.name}\n; \nFinal archive created:; {FINAL_ARCHIVE.stat().st_size / (1024 ** 3):.3f} GB,,0,85,faecc7e5009a7b4ba1098b2be4ccf20f126ef0f0f93d7e42bf4bf23240e7fb31,Physical 1-based order is canonical; execution_count is historical evidence only.
129,,code,Stage12,packaging,"import subprocess from pathlib import Path ARCHIVE = Path( ""/kaggle/working/"" ""ids2018_validation_safe_complete_working_final.tar.gz"" ) verification = subprocess.run( [ ""tar"", ""-tzf"", str(ARCHIVE), ], capture_output=True, text=True, ) if verification.returncode != 0: raise RuntimeError( ""Archive verification failed:\n"" + verification.stderr ) entries = [ line for line in verification.stdout.splitlines() if line.strip() ] required_archive_paths = [ ""./ids2018_clean_validation_v2/stage08_bootstrap",\nRequired final stages:,Archive verification failed:\n; \nFinal archive verification passed.,,0,60,da03fe82c63370ac9c980970f422d61226aca07a1b5589b81d8fbc40c89002f9,Physical 1-based order is canonical; execution_count is historical evidence only.
130,,code,Stage13,canonical,"Prefer the shortest matching path, which is usually the canonical artifact.",/kaggle/input; merged_balanced_ids2018_safe.csv,/kaggle/working/stage13_artifact_discovery.json; \nSaved artifact discovery:,,0,124,4921969a8ed74005c7cb9bb805f13bee1b070df7abf786a745dcbe9380522cb5,Physical 1-based order is canonical; execution_count is historical evidence only.
131,,code,Stage13,canonical,STAGE 13.2 — RECONSTRUCT AND VERIFY THE EXACT HOLDOUT SET,/kaggle/input/datasets/jmmubasshirrahman/; ids2018-balanced-binary-dataset/; \nRequired files:; \nLoading processed IDS2018 dataset...; \nLoading XGBoost model...; \nLoading LightGBM model...,\nArchived XGBoost probability columns:; \nArchived LightGBM probability columns:; \n{model_name} archived probability column:; split_indices_reconstructed.npz; standard_scaler_reconstructed.joblib; feature_names.json; split_metadata_reconstructed.json; holdout_manifest.csv; published_metric_reproduction.csv; stage13_2_verification_summary.json,models/xgboost/xgboost_tuned.json; models/lightgbm/lightgbm_tuned.txt; results/holdout/xgboost_final_test_probabilities.csv; results/holdout/lightgbm_final_test_probabilities.csv,0,898,5f4613370ab70c73b96fd194099a08cf9fdddf4c9aae86b7df446649e5b53708,Physical 1-based order is canonical; execution_count is historical evidence only.
132,,code,Stage13,canonical,STAGE 13.2B — VERIFY TREE MODELS USING RAW TABULAR FEATURES,/kaggle/input/datasets/jmmubasshirrahman/; ids2018-balanced-binary-dataset/; \nLoading dataset...; \nLoaded model feature counts:,split_indices_reconstructed.npz; feature_names.json; holdout_manifest.csv; \nCorrected files saved:,models/xgboost/xgboost_tuned.json; models/lightgbm/lightgbm_tuned.txt; results/holdout/xgboost_final_test_probabilities.csv; results/holdout/lightgbm_final_test_probabilities.csv,0,609,ffc91862e3abf0d010696a16c4a4537a7f19b535cd91c69dac42aea074cd7231,Physical 1-based order is canonical; execution_count is historical evidence only.
133,,code,Stage13,canonical,STAGE 13.3B — FIX FINAL DISAGREEMENT DISPLAY,,/kaggle/working/stage13_lime; lime_model_specific_cases.csv; lime_shared_cases.csv; lime_disagreement_cases.csv,,0,209,b6cf26450a8d56a3d866c88a2de0cb16a6f772256de0a691820c5be35403c140,Physical 1-based order is canonical; execution_count is historical evidence only.
134,,code,Stage13,canonical,"STAGE 13.4 — LIME ENVIRONMENT, BACKGROUND AND MODEL WRAPPERS",/kaggle/input/datasets/jmmubasshirrahman/; ids2018-balanced-binary-dataset/; \nRequired artifacts:; \nLoaded split information:; \nLoading dataset columns required for LIME...; \nLoading published models...,split_indices_reconstructed.npz; feature_names.json; holdout_manifest.csv; lime_shared_cases.csv; lime_background_manifest.csv; lime_background_data.npz; \nSaved artifacts:,models/xgboost/xgboost_tuned.json; models/lightgbm/lightgbm_tuned.txt,0,882,f295349089f344b53dc8cccdec5c95b3f364f229146bec737c3172f9d5c7354c,Physical 1-based order is canonical; execution_count is historical evidence only.
135,,code,Stage13,canonical,STAGE 13.5 — PAIRED LIME EXPLANATIONS FOR DISAGREEMENT CASES,/kaggle/input/datasets/jmmubasshirrahman/; ids2018-balanced-binary-dataset/,feature_names.json; lime_background_data.npz; lime_disagreement_cases.csv; explanations/disagreement_cases; html/disagreement_cases; figures/disagreement_cases; tables/disagreement_cases; \nSaved consolidated artifacts:,models/xgboost/xgboost_tuned.json; models/lightgbm/lightgbm_tuned.txt; figures/disagreement_cases; tables/disagreement_cases,0,1505,c8d03babce0fe8c2579fc14c41ecc0806a2c79f283ed4dd72bfb286d21bfbd20,Physical 1-based order is canonical; execution_count is historical evidence only.
136,,code,Stage13,canonical,STAGE 13.6A — LIME FIDELITY CONFIGURATION SENSITIVITY,/kaggle/input/datasets/jmmubasshirrahman/; ids2018-balanced-binary-dataset/,feature_names.json; lime_background_data.npz; lime_disagreement_cases.csv; \nSaved artifacts:,models/xgboost/xgboost_tuned.json; models/lightgbm/lightgbm_tuned.txt,0,1182,42658c7d3d6a14e621138b0a369a4c667372e8f3dcc81fe5e4bf1419acd59e92,Physical 1-based order is canonical; execution_count is historical evidence only.
137,,code,Stage13,canonical,STAGE 13.6B — LIME STABILITY ACROSS PERTURBATION SEEDS,/kaggle/input/datasets/jmmubasshirrahman/; ids2018-balanced-binary-dataset/,feature_names.json; lime_background_data.npz; lime_disagreement_cases.csv; \nSaved artifacts:,models/xgboost/xgboost_tuned.json; models/lightgbm/lightgbm_tuned.txt,0,1894,020fa98abae260107105bd16b6102912a09cc6589e1b1e5271aef77a2f02150a,Physical 1-based order is canonical; execution_count is historical evidence only.
138,,code,Stage13,canonical,STAGE 13.7A — LOCAL SHAP–LIME CROSS-METHOD AGREEMENT,/kaggle/input/datasets/jmmubasshirrahman/; ids2018-balanced-binary-dataset/; \nRequired artifacts:; \nLoaded artifacts:,feature_names.json; lime_disagreement_cases.csv; lime_seed_stability_terms.csv; lime_seed_stability_case_summary.csv; local_shap_disagreement_values.npz; local_shap_disagreement_terms.csv; local_shap_lime_agreement.csv; local_shap_lime_model_summary.csv; local_shap_lime_case_summary.csv; lime_shap_reliability_synthesis.csv; stage13_7a_shap_lime_metadata.json; \nDirect output ranges:; ... (+1 more),models/xgboost/xgboost_tuned.json; models/lightgbm/lightgbm_tuned.txt,0,1696,ed9a7f454348bc2e055964c301d3d7a9c8b606b9c0ec857fcef2b6ea6c78bc22,Physical 1-based order is canonical; execution_count is historical evidence only.
139,,code,Stage13,canonical,STAGE 13.7B — FULL OUTCOME-STRATIFIED SHAP–LIME PANEL,/kaggle/input/datasets/jmmubasshirrahman/; ids2018-balanced-binary-dataset/,feature_names.json; lime_background_data.npz; lime_model_specific_cases.csv; \nSaved artifacts:,models/xgboost/xgboost_tuned.json; models/lightgbm/lightgbm_tuned.txt,0,1778,6199b710e7efce56ef6f820c0ebc12f51338ccdb45726b2f5fc6fd76812e7752,Physical 1-based order is canonical; execution_count is historical evidence only.
140,,code,Stage13,packaging,STAGE 13.8A — PUBLICATION ASSETS AND FORMAL LIME SYNTHESIS,\nRequired Stage 13 artifacts:; \nLoaded result counts:,,,0,1467,117a599b720daf46a86f580e5e7ebc9e3002570c7157f9daca81df7b4c654646,Physical 1-based order is canonical; execution_count is historical evidence only.
141,,code,Stage13,canonical,STAGE 13.9A — PACKAGE STAGE 13 ARTIFACTS INTO THE REPOSITORY,\nSource:,README.md,results/lime; tables/lime; figures/lime; metadata/lime; tables/lime/`.; figures/lime/`.; metadata/lime/`.; docs/EXPERIMENT_PROTOCOL.md; docs/STAGE13_LOCAL_EXPLANATION_RELIABILITY.md`; docs/STAGE13_LOCAL_EXPLANATION_RELIABILITY.md; tables/lime/`; figures/lime/`; ... (+7 more),0,995,6b2998de9c3dcfe25bc0e3ab35176bebc321c8ed5190ed8909cb0c9184106bb6,Physical 1-based order is canonical; execution_count is historical evidence only.
142,,code,Stage13,canonical,STAGE 13.9B — STAGE AND VALIDATE THE REPOSITORY PACKAGE,,,metadata/lime/stage13_repository_package_manifest.json; docs/EXPERIMENT_PROTOCOL.md; docs/STAGE13_LOCAL_EXPLANATION_RELIABILITY.md; docs/STAGE13_MANUSCRIPT_PARAGRAPH.txt; figures/lime/; metadata/lime/; results/lime/; tables/lime/; figures/lime; metadata/lime; results/lime; tables/lime; ... (+2 more),0,800,f0566a64a6d0c9caf684d1f357d4faa35f67ed8bc67557e86f9db350c3d8f29d,Physical 1-based order is canonical; execution_count is historical evidence only.
143,,code,Stage13,canonical,"from pathlib import Path import subprocess REPO_DIR = Path( ""/kaggle/working/ids2018-validation-safe-ablation"" ) commands = [ [ ""git"", ""-C"", str(REPO_DIR), ""config"", ""user.name"", ""J. M. Mubasshir Rahman"", ], [ ""git"", ""-C"", str(REPO_DIR), ""config"", ""user.email"", ""iammubasshir@gmail.com"", ], ] for command in commands: subprocess.run( command, check=True, ) name = subprocess.run( [ ""git"", ""-C"", str(REPO_DIR), ""config"", ""--get"", ""user.name"", ], capture_output=True, text=True, check=True, ).stdout.st",,,,0,78,01e41ed32aa882800085529b8893a2f301b5daf35c2d3bddda65cafc3bee0cb1,Physical 1-based order is canonical; execution_count is historical evidence only.
144,,code,Stage13,packaging,STAGE 13.9C — COMMIT AND PUSH STAGE 13,,,docs/EXPERIMENT_PROTOCOL.md; docs/STAGE13_LOCAL_EXPLANATION_RELIABILITY.md; docs/STAGE13_MANUSCRIPT_PARAGRAPH.txt; figures/lime/; metadata/lime/; results/lime/; tables/lime/; results/lime/lime_full_panel_summary.csv; metadata/lime/stage13_repository_package_manifest.json,0,707,e0e132fce2d8b8b8758a1ad055ea9c31998b20a8f6274db70c3db8dc7cb0a1de,Physical 1-based order is canonical; execution_count is historical evidence only.
145,,code,Stage13,packaging,STAGE 13.9C — COMMIT AND PUSH STAGE 13,,,docs/EXPERIMENT_PROTOCOL.md; docs/STAGE13_LOCAL_EXPLANATION_RELIABILITY.md; docs/STAGE13_MANUSCRIPT_PARAGRAPH.txt; figures/lime/; metadata/lime/; results/lime/; tables/lime/; results/lime/lime_full_panel_summary.csv; metadata/lime/stage13_repository_package_manifest.json,0,707,e0e132fce2d8b8b8758a1ad055ea9c31998b20a8f6274db70c3db8dc7cb0a1de,Physical 1-based order is canonical; execution_count is historical evidence only.
146,,code,Stage13,canonical,PUSH THE EXISTING STAGE 13 COMMIT,,,,0,283,ff1090e4f13800bfe7ef710430e67e37db940133d950ee86ad7b181632df10a7,Physical 1-based order is canonical; execution_count is historical evidence only.
147,,code,Stage14,canonical,STAGE 14.0 — NEURAL MODEL ARTIFACT INVENTORY,,stage14_neural_artifact_inventory.csv; stage14_neural_model_candidates.csv; stage14_environment_metadata.json; \nSaved artifacts:,,0,733,5bce7383b10b190e4f01dbc0259be32d3ab494a1a93d55e1baa622c6133019ee,Physical 1-based order is canonical; execution_count is historical evidence only.
148,,code,Stage14,canonical,STAGE 14.1 — NEURAL CHECKPOINT COMPATIBILITY AUDIT,/kaggle/input/datasets/jmmubasshirrahman/; ids2018-balanced-binary-dataset/; \nRequired artifacts:; Could not load Keras model: {path}\n; \nLoading MLP checkpoint...,stage14_1_archived_neural_file_audit.csv; \nSplit archive keys:; \nArchived probability reproduction:; \nRelevant archived neural files:; \nSaved artifacts:,models/mlp/mlp_tuned.keras; models/cnn/cnn_tuned.keras; metadata/standard_scaler.joblib; metadata/lime/standard_scaler_reconstructed.joblib; metadata/lime/feature_names.json; metadata/lime/split_indices_reconstructed.npz,0,1696,4ceb9e66a7b2b6a9f74c9add5ca0b02d01a19c077c02def090e1449daeef4299,Physical 1-based order is canonical; execution_count is historical evidence only.
149,,code,Stage14,canonical,STAGE 14.2A — SCALER PROVENANCE AND VALIDATION REPRODUCTION,/kaggle/input/datasets/jmmubasshirrahman/; ids2018-balanced-binary-dataset/; \nRequired artifacts:,\nSplit archive keys:; \nArchived validation-label alignment:; \nArchived validation-probability reproduction:; \nSaved artifacts:,metadata/lime/feature_names.json; metadata/lime/split_indices_reconstructed.npz; metadata/standard_scaler.joblib; metadata/lime/standard_scaler_reconstructed.joblib; models/mlp/mlp_tuned.keras; models/cnn/cnn_tuned.keras; results/tuning/mlp/mlp_validation_probabilities.csv; results/tuning/cnn/cnn_validation_probabilities.csv,0,1328,e38d7690189e86fa04e143004f98915c47f18b4b4e52f8b4c922d8f861b01e03,Physical 1-based order is canonical; execution_count is historical evidence only.
150,,code,Stage14,recovery,STAGE 14 — KAGGLE SESSION RECOVERY | Restore the published repository after /kaggle/working reset,/kaggle/input/datasets/jmmubasshirrahman/; ids2018-balanced-binary-dataset/; \nRequired repository artifacts:; \nDataset:; \nNEXT REQUIRED ACTION:\n,,metadata/lime/feature_names.json; metadata/lime/split_indices_reconstructed.npz; metadata/standard_scaler.joblib; models/mlp/mlp_tuned.keras; models/cnn/cnn_tuned.keras; results/tuning/mlp/; results/tuning/cnn/,0,317,9c8a5dab55a8e6b35f9fb7d9b432d355f0651970b6b1c4b7736cf9a04585ca91,Physical 1-based order is canonical; execution_count is historical evidence only.
151,,code,Stage14,canonical,STAGE 14.4A — FULL OUTCOME-STRATIFIED IG PANEL,/kaggle/input/datasets/jmmubasshirrahman/; ids2018-balanced-binary-dataset/; \nRequired artifacts:,\nSaved artifacts:,metadata/lime/feature_names.json; metadata/lime/split_indices_reconstructed.npz; metadata/standard_scaler.joblib; models/mlp/mlp_tuned.keras; models/cnn/cnn_tuned.keras,0,2450,12de6ce8675e406928e44fd515733ae668439d4a3a3eca3639ea5ccdcf2689c6,Physical 1-based order is canonical; execution_count is historical evidence only.
152,,code,Stage14,canonical,STAGE 14.4B — REFERENCE ROBUSTNESS AND BASELINE SENSITIVITY,\nRequired artifacts:,\nSaved artifacts:,,0,1354,cdd0e9571f94936ee3137ebf48ece445be01ba1bc0032174806fe02fa74f5f29,Physical 1-based order is canonical; execution_count is historical evidence only.
153,26,code,Stage14,packaging,STAGE 14.5A — PUBLICATION ASSETS AND FORMAL FINDINGS,\nRequired artifacts:,,,3,2079,ecf79190bfc9e8e273897d87a3aa6ccf4ab2edd4ba1efdbd0500e7b3357373f4,Physical 1-based order is canonical; execution_count is historical evidence only.
154,,code,Stage14,packaging,STAGE 14.6A — REPOSITORY PACKAGING AND INTEGRITY AUDIT,\nCopied Stage 14 source files:,,results/stage14_integrated_gradients; figures/`:; tables/`:,0,1379,d530cdaf2089bbffa07b027366950ca472e20323daee85651c1e461e1b3a61fd,Physical 1-based order is canonical; execution_count is historical evidence only.
155,,code,Stage14,recovery,STAGE 14 — FULL RUNTIME RECOVERY,/kaggle/input; /kaggle/input/datasets/jmmubasshirrahman/; ids2018-balanced-binary-dataset/; \nSearching /kaggle/input for preserved Stage 14 artifacts...; \nDataset verification:,,metadata/lime/feature_names.json; metadata/lime/split_indices_reconstructed.npz; metadata/standard_scaler.joblib; models/mlp/mlp_tuned.keras; models/cnn/cnn_tuned.keras; results/tuning/mlp/; results/tuning/cnn/,0,418,8fad9e99acc4d4ecc0b87c5f3ef3e20a9f05fb57acb7f0e332ed00ada005c24e,Physical 1-based order is canonical; execution_count is historical evidence only.
156,,code,Stage14,canonical,STAGE 14.2A-R — RECREATE SELECTED PREPROCESSING METADATA,/kaggle/input/datasets/jmmubasshirrahman/; ids2018-balanced-binary-dataset/,,metadata/lime/feature_names.json; metadata/lime/split_indices_reconstructed.npz; metadata/standard_scaler.joblib; models/mlp/mlp_tuned.keras; models/cnn/cnn_tuned.keras; results/tuning/mlp/mlp_validation_probabilities.csv; results/tuning/cnn/cnn_validation_probabilities.csv,0,541,6414b38a42f0f7a54fd43f40dd18b651319227034b9de2d74fd6b6b31060208b,Physical 1-based order is canonical; execution_count is historical evidence only.
157,,code,Stage14,canonical,"STAGE 14.3A — NEURAL HOLDOUT, CASE PANEL, AND IG BASELINES",/kaggle/input/datasets/jmmubasshirrahman/; ids2018-balanced-binary-dataset/; \nRequired artifacts:,\nIG baseline model outputs:; \nSaved artifacts:,metadata/lime/feature_names.json; metadata/lime/split_indices_reconstructed.npz; metadata/standard_scaler.joblib; models/mlp/mlp_tuned.keras; models/cnn/cnn_tuned.keras; results/tuning/mlp/mlp_tuned_validation_result.csv; results/tuning/cnn/cnn_tuned_validation_result.csv,0,1921,ca8045b411aedf75d02cdffc117486ee387bf22fe1d5d66e613ac9d5e6ef3fbd,Physical 1-based order is canonical; execution_count is historical evidence only.
158,,code,Stage14,canonical,STAGE 14.3B — INTEGRATED GRADIENTS CONVERGENCE AUDIT,/kaggle/input/datasets/jmmubasshirrahman/; ids2018-balanced-binary-dataset/; \nRequired artifacts:,\nSaved artifacts:,metadata/lime/feature_names.json; metadata/lime/split_indices_reconstructed.npz; metadata/standard_scaler.joblib; models/mlp/mlp_tuned.keras; models/cnn/cnn_tuned.keras,0,2060,e3f785e22a5bd422e37109270623ca03055bcec9b1ed713f57d2e33df10fd455,Physical 1-based order is canonical; execution_count is historical evidence only.
159,,code,Stage14,canonical,"STAGE 14.6B — GIT COMMIT, PUSH, AND REMOTE VERIFICATION",,\nPush output:,results/stage14_integrated_gradients,0,412,94da128a5350ed3d3b83c7779ccdcdf0c67d7e6c12e911033bf6bd41866d5277,Physical 1-based order is canonical; execution_count is historical evidence only.
160,,code,Stage14,canonical,"STAGE 14.6B-R — FIX GIT IDENTITY, COMMIT, AND PUSH",,\nPush output:,results/stage14_integrated_gradients,0,246,c6ad8b0cc3ab380887cde87c54a26c715fac783e7a795e5fd3bee1eb4653721a,Physical 1-based order is canonical; execution_count is historical evidence only.
161,,code,Stage14,recovery,STAGE 14.6B-P — AUTHENTICATED PUSH-ONLY RECOVERY,,Paste GitHub PAT with Contents read/write permission:; \nPush output:,,0,351,adc13c4ada9bd9a1a9814beca2f1cafb2277f58532711798c7f208dd96659743,Physical 1-based order is canonical; execution_count is historical evidence only.
162,,code,Stage15,canonical,STAGE 15.0 — TRANSFORMER FEASIBILITY AND LEAKAGE AUDIT,/kaggle/input/datasets/jmmubasshirrahman/; ids2018-balanced-binary-dataset/; \nRequired artifacts:; \nDataset header:,\nSaved artifacts:,metadata/lime/feature_names.json; metadata/lime/split_indices_reconstructed.npz,0,1770,95d1b650645d92a6885604b74c4ad04d2b2888d0d663f248e4aae7cabc5d42de,Physical 1-based order is canonical; execution_count is historical evidence only.
163,,code,Stage15,canonical,STAGE 15.1 — DUPLICATE-SAFE ALIGNED SPLIT CONSTRUCTION,/kaggle/input/datasets/jmmubasshirrahman/; ids2018-balanced-binary-dataset/; \nRequired artifacts:,\nSaved artifacts:,metadata/lime/feature_names.json; metadata/lime/split_indices_reconstructed.npz,0,1371,c26b15ab2d0d99a4b2239a298dd24d23850a6b9a1d234f03a41e47bf558c3164,Physical 1-based order is canonical; execution_count is historical evidence only.
164,,code,Stage15,canonical,STAGE 15.2 — TRAINING-ONLY PREPROCESSING AND | NUMERIC FT-TRANSFORMER COMPATIBILITY TEST,/kaggle/input/datasets/jmmubasshirrahman/; ids2018-balanced-binary-dataset/; \nRequired artifacts:,\nSaved artifacts:,metadata/lime/feature_names.json,0,1676,fa472a5f76186c1e6124ef3b2dda2a9467a167648c4ff21d7b062605a2125790,Physical 1-based order is canonical; execution_count is historical evidence only.
165,,code,Stage15,recovery,STAGE 15.2-R — CPU-ONLY COMPATIBILITY TEST RECOVERY,/kaggle/input/datasets/jmmubasshirrahman/; ids2018-balanced-binary-dataset/; \nRequired recovery artifacts:,\nSaved artifacts:,,0,920,e5e30a88704dd90de1d5f26684ebabf5ca624a57a131227e46b0d7e455696c87,Physical 1-based order is canonical; execution_count is historical evidence only.
166,,code,Stage15,canonical,STAGE 15.2-G — ISOLATED P100-COMPATIBLE PYTORCH ENVIRONMENT,https://download.pytorch.org/whl/cu118; Required: {MINIMUM_FREE_DISK_GB:.1f} GB\n,\nSaved artifacts:,,0,911,e8afbc3aced035ff9fa9658a132b6fbb42cfcb5966f6d17175857dd837b4457e,Physical 1-based order is canonical; execution_count is historical evidence only.
167,,code,Stage15,canonical,STAGE 15.2-GD — ISOLATED PYTORCH DIAGNOSIS,\nRequired artifacts:,,,0,597,591341c6a5495261edf9b7b5ee4ebcd7f4c0cb6fc6a172cb2e45e2492ca99e91,Physical 1-based order is canonical; execution_count is historical evidence only.
168,,code,Stage15,canonical,STAGE 15.2-GR — CLEAN-KERNEL GPU VERIFICATION,,\nSaved artifacts:,,0,458,c44a0646c7d5c837fa39d97e026e23ad63d9a4443ca06d6068467f9ab26f756f,Physical 1-based order is canonical; execution_count is historical evidence only.
169,27,code,Stage15,canonical,STAGE 15.2-GC — ORPHAN GPU PROCESS CLEANUP,,,,1,370,efe76d04875963c70afec097df61ab16722a2c9f475f42ad44e80f4e432aa233,Physical 1-based order is canonical; execution_count is historical evidence only.
170,28,code,Stage15,canonical,STAGE 15.2-BK — PRE-RESET REPOSITORY CHECKPOINT,\nRequired roots:; Source-to-package hash verification failed:\n,,results/stage15_transformer_checkpoint,1,826,6ca775a4a99e78ac3eed5fc49dc2c41ae909911a71e959bad520e25a201d6922,Physical 1-based order is canonical; execution_count is historical evidence only.
171,23,code,Stage16,packaging,"STAGE 16.1B — PRETRAINING PROTOCOL LOCK, | PACKAGE, COMMIT, AND PUSH | No model training. | Large matrix caches are verified but not committed.",Required Stage 16.1B artifacts are missing:\n,Paste GitHub PAT with Contents read/write permission:; \nPush output:,results/stage16_classical_benchmark_checkpoint,2,1790,9091dea2a7f2469d18c4418d7415c4ed9c94c7faa657dda504e45a65637d76ec,Physical 1-based order is canonical; execution_count is historical evidence only. Approved override: Stage16 cell inside the Stage15 physical sequence.
172,1,code,Stage15,recovery,STAGE 15.2-RS — FRESH-SESSION RESTORE AND GPU VERIFICATION,https://download.pytorch.org/whl/cu118; Required: {MINIMUM_DISK_FREE_GB:.1f} GB\n,Unexpected nvidia-smi output:\n,results/stage15_transformer_checkpoint,4,931,66e6d6959ca9aa4a0cba7558963b59c046eb80715fd14ce7fb87a877b5457c08,Physical 1-based order is canonical; execution_count is historical evidence only.
173,2,code,Stage15,recovery,STAGE 15.2-RS2 — CORRECTED CHECKPOINT RESTORE | AND P100 GPU VERIFICATION,https://download.pytorch.org/whl/cu118; \nRequired artifacts:; Required: {MINIMUM_DISK_FREE_GB:.1f} GB\n,Unexpected nvidia-smi output:\n,results/stage15_transformer_checkpoint,3,1084,64c6ba377fc30ebd448c99b94cc2a8b5c288d221c6d0ad13ac82c379059e78d9,Physical 1-based order is canonical; execution_count is historical evidence only.
174,3,code,Stage15,canonical,STAGE 15.3A — FT-TRANSFORMER ARCHITECTURE BENCHMARK | TRAINING AND VALIDATION ONLY,/kaggle/input/datasets/jmmubasshirrahman/; ids2018-balanced-binary-dataset/; \nRequired artifacts:,Unexpected nvidia-smi output:\n; \nSaved artifacts:; {return_code}.\n\nLast output:\n; Benchmark outputs are missing:\n,,1,2516,7e877334a29af00884c4157b3af310e8634560f97018ee8fd371b566bfddd594,Physical 1-based order is canonical; execution_count is historical evidence only.
175,4,code,Stage15,canonical,STAGE 15.3B — FT-TRANSFORMER CONVERGENCE EXTENSION AUDIT | TRAINING AND VALIDATION ONLY,/kaggle/input/datasets/jmmubasshirrahman/; ids2018-balanced-binary-dataset/; \nRequired artifacts:,Unexpected nvidia-smi output:\n; \nSaved artifacts:; {return_code}.\n\nLast output:\n; Missing convergence outputs:\n; \n,,1,2262,5cf55b0821ed8d735337606245dc28e8deb1ba745acc3452fd870bff58ed179a,Physical 1-based order is canonical; execution_count is historical evidence only.
176,5,code,Stage15,packaging,STAGE 15.3-PK — PACKAGE AND PUSH ARCHITECTURE RESULTS,Required Stage 15 artifacts are missing:\n,Paste GitHub PAT with Contents read/write permission:,results/stage15_transformer_checkpoint,2,994,6fb55bac9c389240c9adff06f995ec0941845505a6143357c15a59fbf4e854bf,Physical 1-based order is canonical; execution_count is historical evidence only.
177,6,code,Stage15,recovery,STAGE 15.3-PK-R — RESUME PACKAGE COMMIT AND PUSH,,Paste GitHub PAT with Contents read/write permission:; \nPush output:,results/stage15_transformer_checkpoint,3,695,0af3b8c6ce11bc8aac69fb7b227e83b30b52ebf5137bc9faf39c9d2ed4476ad7,Physical 1-based order is canonical; execution_count is historical evidence only.
178,7,code,Stage15,canonical,STAGE 15.4A — INDEPENDENT MULTI-SEED ARCHITECTURE CONFIRMATION | TRAINING AND VALIDATION ONLY,/kaggle/input/datasets/jmmubasshirrahman/; ids2018-balanced-binary-dataset/; \nRequired artifacts:,Unexpected nvidia-smi output:\n; \nSaved artifacts:; {return_code}.\n\nLast output:\n; Missing Stage 15.4A outputs:\n; \n,,1,2990,65de836fccbfedf4f678a0bf34588f54bb04edc0623cf22fa9587888870cffd7,Physical 1-based order is canonical; execution_count is historical evidence only.
179,8,code,Stage15,packaging,STAGE 15.4-PK — PACKAGE AND PUSH MULTI-SEED RESULTS,Required Stage 15.4A artifacts are missing:\n,Paste GitHub PAT with Contents read/write permission:; \nPush output:,results/stage15_transformer_checkpoint,3,1226,9f93bfad9782a76ea524df1f94d872e24d2c569886cd9a79af72b02dd6a9c074,Physical 1-based order is canonical; execution_count is historical evidence only.
180,9,code,Stage15,repair,STAGE 15.4B — FT_BALANCED SEED-7 CONVERGENCE REPAIR | TRAINING AND VALIDATION ONLY,/kaggle/input/datasets/jmmubasshirrahman/; ids2018-balanced-binary-dataset/; \nRequired artifacts:,Unexpected nvidia-smi output:\n; \nSaved artifacts:; {return_code}.\n\nLast output:\n; Missing Stage 15.4B outputs:\n; \n,,2,2488,2562476f2e165d725d069f7ca22aa0f59e9d76fff830a2ca71cc4c4052a30ee0,Physical 1-based order is canonical; execution_count is historical evidence only.
181,10,code,Stage15,repair,STAGE 15.4B-R1 — RNG STATE COMPATIBILITY PATCH | AND CONVERGENCE-REPAIR RESUME,/kaggle/input/datasets/jmmubasshirrahman/; ids2018-balanced-binary-dataset/; Required recovery artifacts are missing:\n; \nSource checkpoint:,{return_code}.\n\nLast output:\n; Missing convergence-repair outputs:\n; \n,,1,758,602f54148724b54c063a322fe48c2b542cb70b71fb7798c3c1ac7d95ffe5a07f,Physical 1-based order is canonical; execution_count is historical evidence only.
182,11,code,Stage15,packaging,"STAGE 15.4B-PK — REAGGREGATE, PACKAGE, COMMIT, AND PUSH",Required artifacts are missing:\n,Paste GitHub PAT with Contents read/write permission:; \nPush output:,results/stage15_transformer_checkpoint,3,1722,c68cad4eb8574b14ea4fad200e291b6cd8d2d269b623cca9fb348b006976ccc6,Physical 1-based order is canonical; execution_count is historical evidence only.
183,12,code,Stage15,canonical,STAGE 15.4C — FINAL FIVE-SEED ARCHITECTURE CONFIRMATION | NEW SEEDS 313 AND 997; TRAINING/VALIDATION ONLY,/kaggle/input/datasets/jmmubasshirrahman/; ids2018-balanced-binary-dataset/; \nRequired artifacts:; loader_generator\.set_state\(\s*,Unexpected nvidia-smi output:\n; exit code {return_code}.\n\nLast output:\n; Missing final-seed batch outputs:\n; \nSaved artifacts:,,2,1962,31ba72ef683885e4a4ce8a46b89b835e201babb8602512e12180340eb456484b,Physical 1-based order is canonical; execution_count is historical evidence only.
184,13,code,Stage15,canonical,STAGE 15.4C-R1 — FIX RUNNER INDENTATION AND EXECUTE | FINAL SEEDS 313 AND 997,/kaggle/input/datasets/jmmubasshirrahman/; ids2018-balanced-binary-dataset/,Unexpected nvidia-smi output:\n; {return_code}.\n\nLast output:\n; Missing final-seed outputs:\n; \n,,1,854,47c96e4a2e99ba26b4b7f1c66f1ddc00724bdae797cd96bd859de175b4ca3c95,Physical 1-based order is canonical; execution_count is historical evidence only.
185,14,code,Stage15,canonical,STAGE 15.4C-AG — FINAL FIVE-SEED AGGREGATION | AND ARCHITECTURE FREEZING | VALIDATION ONLY — HOLDOUT REMAINS UNTOUCHED,Required five-seed artifacts are missing:\n,\nSaved artifacts:,,1,1522,3bb89ee8116bec79c22539b43a9b16fe6aaf2f29678a282df4dd62b4fb1fa11c,Physical 1-based order is canonical; execution_count is historical evidence only.
186,15,code,Stage15,canonical,STAGE 15.5A — FIVE-SEED THRESHOLD STABILIZATION | AND OPERATING-THRESHOLD FREEZING | VALIDATION PROBABILITIES ONLY | HOLDOUT REMAINS COMPLETELY UNTOUCHED,,Expected: {sorted(expected_archive_keys)}\n; \nValidation probability archive:; \nSaved artifacts:,,1,2199,ef3bb658c452030ca77735641d060308c820730e0151769e60519a5e7a158b1e,Physical 1-based order is canonical; execution_count is historical evidence only.
187,16,code,Stage15,packaging,"STAGE 15.5B — PRE-HOLDOUT DECISION LOCK, | PACKAGE, COMMIT, AND PUSH | This cell does not load or evaluate the holdout.",Required pre-holdout artifacts are missing:\n,Paste GitHub PAT with Contents read/write permission:; \nPush output:,results/stage15_transformer_checkpoint,3,1616,a25d0bbabffe49b33074e0fa26fca37aad7a95c9ed30f71177d35d1bbe230b06,Physical 1-based order is canonical; execution_count is historical evidence only.
188,17,code,Stage15,canonical,"STAGE 15.6A — ONE-TIME DUPLICATE-SAFE HOLDOUT EVALUATION | FROZEN ARCHITECTURE: FT_BALANCED | FROZEN THRESHOLD: 0.73 | LOCKED SEEDS: 7, 29, 101, 313, 997",/kaggle/input/datasets/jmmubasshirrahman/; ids2018-balanced-binary-dataset/; \nRequired artifacts:,\nSaved artifacts:; {return_code}.\n\nLast output:\n; Missing Stage 15.6A outputs:\n,,1,3938,e040dbbaabfe58b1e50b04ce3b5f15403fdb4ef6836f4b89f157b7ee4a935061,Physical 1-based order is canonical; execution_count is historical evidence only.
189,18,code,Stage15,packaging,"STAGE 15.6B — FINAL HOLDOUT PACKAGE, COMMIT, AND PUSH | This cell preserves the completed one-time holdout evaluation. | It performs no inference and does not reopen the holdout.",Required final artifacts are missing:\n,Stored output is missing:\n; Stored output hash changed:\n; Paste GitHub PAT with Contents read/write permission:; \nPush output:,results/stage15_transformer_checkpoint,3,2111,88eaa0026f39bfea144b6c3370c28362fcc46d7e83a0c387991218efb5f64b1e,Physical 1-based order is canonical; execution_count is historical evidence only.
190,19,code,Stage16,canonical,"STAGE 16.0 — CLASSICAL BASELINE ARTIFACT AND | DUPLICATE-SAFE COMPARABILITY AUDIT | No model training. | No holdout indices, features, labels, or predictions accessed.",Required Stage 16.0 prerequisites are missing:\n,\nSaved artifacts:,,1,1954,95527106cffa08e812a994ee29e026ddf51e3836f3bdcda5d2ca97292bb03e67,Physical 1-based order is canonical; execution_count is historical evidence only.
191,20,code,Stage16,canonical,"STAGE 16.1 — CLASSICAL CANDIDATE LOCK AND | DUPLICATE-SAFE TRAIN/VALIDATION CACHE | No model training. | Holdout indices, features, labels, and predictions untouched.",/kaggle/input/datasets/jmmubasshirrahman/; ids2018-balanced-binary-dataset/; Required Stage 16.1 artifacts are missing:\n,\nSaved artifacts:,,1,2152,5e30e20dab53cfe6978887d034238eed4c6c75b712fb07eb333bf895eb28df03,Physical 1-based order is canonical; execution_count is historical evidence only.
192,24,code,Stage16,packaging,"STAGE 16.1B — PRETRAINING PROTOCOL LOCK, | PACKAGE, COMMIT, AND PUSH | No model training. | Large matrix caches are verified but not committed.",Required Stage 16.1B artifacts are missing:\n,Paste GitHub PAT with Contents read/write permission:; \nPush output:,results/stage16_classical_benchmark_checkpoint,2,1790,9091dea2a7f2469d18c4418d7415c4ed9c94c7faa657dda504e45a65637d76ec,Physical 1-based order is canonical; execution_count is historical evidence only.
193,25,code,Stage16,packaging,STAGE 16.1B-R1 — VERIFY EXISTING LOCAL COMMIT AND PUSH | Expected situation: | - Stage 16.1B already created one local commit. | - The commit was not pushed.,,Paste GitHub PAT with Contents read/write permission:; \nPush output:,results/stage16_classical_benchmark_checkpoint,3,840,c656b8e6bdbcefdd2140034325a10baac200a30455480ccae482563eb431cd28,Physical 1-based order is canonical; execution_count is historical evidence only.
194,26,code,Stage16,canonical,"STAGE 16.2A — DUPLICATE-SAFE CLASSICAL BASELINE | TRAINING, VALIDATION, THRESHOLD SELECTION, AND RANKING | Training split only for fitting. | Validation split only for threshold selection and ranking.",Required Stage 16.2A artifacts are missing:\n,Model files saved: 12 / 12; \nSaved artifacts:,,5,3286,e823c1a3ade3cc0c06b7fee1f6525fbe67982e74fedfee0abd28e95f7b28af52,Physical 1-based order is canonical; execution_count is historical evidence only.
195,27,code,Stage16,packaging,"STAGE 16.2B — BASELINE RESULT FREEZE, | MODEL PACKAGE, COMMIT, AND PUSH | No model fitting. | No threshold recalculation.",Required Stage 16.2B artifacts are missing:\n,Consolidated probability archive key mismatch.\n; Paste GitHub PAT with Contents read/write permission:; \nPush output:,results/stage16_classical_benchmark_checkpoint,3,2659,8eac94b47eb363e3e22655e4750609b81b4cd0823cde2b3ad7a79b2e0ed65aca,Physical 1-based order is canonical; execution_count is historical evidence only.
196,28,code,Stage16,canonical,"STAGE 16.3A — TOP-FIVE HYPERPARAMETER-TUNING | PROTOCOL LOCK, COMMIT, AND PUSH | No model fitting. | No validation predictions.",Required Stage 16.3A artifacts are missing:\n,Paste GitHub PAT with Contents read/write permission:; \nPush output:,results/stage16_classical_benchmark_checkpoint,3,2067,7529d155b0c4049b33c3d3dace1fdd42a2b5dcc838c576f4d032b4afac799313,Physical 1-based order is canonical; execution_count is historical evidence only.
197,29,code,Stage16,canonical,STAGE 16.3B — EXECUTE LOCKED TOP-FIVE CLASSICAL TUNING | 5 candidates × 12 configurations = 60 configurations. | Training data only for fitting. | Validation data only for threshold/configuration selection.,Required Stage 16.3B artifacts are missing:\n,\nSaved artifacts:,,25,3789,fa425f0d5d5d13b057efaa141bfe8fed195dd331b53521a19447ecfa3a1499ba,Physical 1-based order is canonical; execution_count is historical evidence only.
198,30,code,Stage16,canonical,STAGE 16.3C — FREEZE TUNED RESULTS AND | MULTI-SEED CONFIRMATION CANDIDATE SET | No model fitting. | No threshold recalculation.,Required Stage 16.3C artifacts are missing:\n,Paste GitHub PAT with Contents read/write permission:; \nPush output:,results/stage16_classical_benchmark_checkpoint,3,2882,5ed22fce4ec30ba889ab746e48fff8814875a2b5f3f58e7c1df3a38b8b2da5d1,Physical 1-based order is canonical; execution_count is historical evidence only.
199,31,code,Stage16,canonical,Stage 16.3C Verification Cell | Purpose: | 1. Verify local and remote Git commit identities. | 2. Confirm Stage 16.3C commit message and expected parent.,Unable to parse checksum source: {manifest}\n{exc},Unable to fetch origin/main. Network or authentication output was,,1,942,6a59994e55fe6e5eca2629e6913aeab2448818c3f16e30771b8ab61cd73d596d,Physical 1-based order is canonical; execution_count is historical evidence only.
200,35,code,Stage16,recovery,Stage 16.4A — Authentication-Aware Push Recovery | This cell: | 1. Verifies the local Stage 16.4A commit. | 2. Checks whether origin/main already contains it.,\nRequired action:\n,,,2,748,d2dc23681ef2b81618c88c461428d9477311e949e5049d5a80ed4733648e00ad,Physical 1-based order is canonical; execution_count is historical evidence only.
201,1,code,Stage16,recovery,Stage 16.4A — Authentication-Aware Push Recovery | This cell: | 1. Verifies the local Stage 16.4A commit. | 2. Checks whether origin/main already contains it.,\nRequired action:\n,,,2,748,d2dc23681ef2b81618c88c461428d9477311e949e5049d5a80ed4733648e00ad,Physical 1-based order is canonical; execution_count is historical evidence only.
202,2,code,Stage16,canonical,"STAGE 16.4A — REPOSITORY & SCIENTIFIC-STATE VERIFICATION | Purpose: | Establish a clean, immutable continuation point for the | independent multi-seed classical confirmation experiment.",,,,1,503,9c3310300e3748b0104602bf2ba0ceabcb60ae6710aeadcb44f948708f92d80c,Physical 1-based order is canonical; execution_count is historical evidence only.
203,3,code,Stage16,canonical,STAGE 16.4A — IMMUTABLE MULTI-SEED CONFIRMATION PROTOCOL LOCK | Purpose: | Precommit the complete independent multi-seed confirmation | protocol BEFORE any Stage 16.4 model is fitted.,,{OUTPUT_PROTOCOL.name}\n,,1,1071,3a32eca6710a80e3e236b96a1887f5c532149bf3543a371eea84410791b2fadd,Physical 1-based order is canonical; execution_count is historical evidence only.
204,4,code,Stage16,canonical,"STAGE 16.4A — VERIFY, COMMIT, AND PUSH PROTOCOL LOCK | Purpose: | Anchor the Stage 16.4A scientific protocol in Git history | BEFORE the first independent confirmation fit.",,,results/stage16_classical_benchmark_checkpoint/,1,790,e4df330de935e786d9bd3c74e4160682c8ff11670f22a17c8d14a7118a82ad92,Physical 1-based order is canonical; execution_count is historical evidence only.
205,5,code,Stage16,canonical,STAGE 16.4A — SECURE REMOTE SYNCHRONIZATION | Purpose: | Push the ALREADY-CREATED immutable Stage 16.4A commit. | Existing local scientific commit:,,,,3,521,e789acd0285cb664b9cc3bc682206a6d32c98ab7c4cc079df2f1e5c6d14c96a0,Physical 1-based order is canonical; execution_count is historical evidence only.
206,6,code,Stage16,canonical,STAGE 16.4B — DEVELOPMENT CACHE RECONSTRUCTION & VERIFICATION | Purpose: | Reconstruct the exact duplicate-safe TRAINING + VALIDATION | cache used by Stage 16 before beginning the 15 independent,/kaggle/input/datasets/; ids2018-balanced-binary-dataset/; Required Kaggle dataset not found:\n{DATASET_PATH}; Dataset is missing retained predictors:\n; \nDataset schema,,,1,1313,28f1dd299d0b3d14c58d03fa81bd5173f693a4d672f149af42de51133b600b22,Physical 1-based order is canonical; execution_count is historical evidence only.
207,7,code,Stage16,canonical,STAGE 16.4B — INDEPENDENT MULTI-SEED CONFIRMATION | Frozen experiment: | Candidates: | LIGHTGBM LGBM_11,\nAuthorized data loaded,,,13,3237,48194f7bdcf1920c45937d7827ccb937eac926cbc1454cecde2f5f278e93e42d,Physical 1-based order is canonical; execution_count is historical evidence only.
208,8,code,Stage16,canonical,"STAGE 16.4C — CONFIRMATION AUDIT, REPOSITORY PACKAGE, | AND IMMUTABLE SINGLE-MODEL WINNER FREEZE | Scientific purpose: | 1. Audit every Stage 16.4B confirmation artifact.",\nStage 16.4B source integrity,,,1,2921,231ddd7563468c7722a49e951ffd2381ca9b4c09677da6c25d4a6f9f54461283,Physical 1-based order is canonical; execution_count is historical evidence only.
209,9,code,Stage16,packaging,STAGE 16.4C — GIT ANCHOR AND REMOTE VERIFICATION | Purpose: | Commit and push the fully audited Stage 16.4B confirmation | package + immutable Stage 16.4C single-model selection lock.,,,,3,1250,24020a544489e9754042f2147ef536cc878915554a32c5ca43a29dbb4e2ec05f,Physical 1-based order is canonical; execution_count is historical evidence only.
210,2,code,Stage16,recovery,CELL 9R — RESTORE EXACT STAGE 16.4C REPOSITORY STATE | Reason: | Kaggle runtime lost /kaggle/working repository directory. | Scientific effect:,Required Stage 16.5A input missing:\n{path},,,1,460,775cf1010e2abc0fef888bd7566b7b26afac0cb477afffbd5e745e7e33c02ca3,Physical 1-based order is canonical; execution_count is historical evidence only.
211,3,code,Stage16,canonical,STAGE 16.5A — LIMITED ENSEMBLE COMPARISON PROTOCOL LOCK | Purpose: | Freeze the entire ensemble search space BEFORE generating | any ensemble probability vector or validation result.,\nMulti-seed probability source,,,1,2189,05ec5598224233ee174ff9fba4336ab9be2ea549785360e34530a565ea1cf70c,Physical 1-based order is canonical; execution_count is historical evidence only.
212,4,code,Stage16,packaging,STAGE 16.5A — GIT ANCHOR ENSEMBLE PROTOCOL | Purpose: | Commit and push ONLY the frozen Stage 16.5A ensemble | protocol and its SHA-256 sidecar before any Stage 16.5B,,,,3,1095,187e940b36b33099c7008fc889df340ad9bff4fdf79dc9348bd94fba7b24bd6e,Physical 1-based order is canonical; execution_count is historical evidence only.
213,2,code,Stage16,packaging,STAGE 16.5B — PRECOMMITTED ENSEMBLE VALIDATION EXECUTION | Executes the Git-anchored Stage 16.5A protocol. | EXACT authorized work: | Confirmation:,/kaggle/input/datasets/; ids2018-balanced-binary-dataset/; Dataset unavailable:\n{DATASET_PATH}; \nFrozen probability sources,,,1,3148,c16af70cc17096d90803a706c3a74b72517b0a436a33c80dd43fa51d5d354abe,Physical 1-based order is canonical; execution_count is historical evidence only.
214,1,code,Stage16,recovery,CELL 11R — RESTORE EXACT STAGE 16.5A GIT-ANCHORED STATE | Scientific effect: | NONE | - NO ensemble probabilities,/kaggle/input/datasets/; ids2018-balanced-binary-dataset/; Required Stage 16.5B file missing:\n{path},Unexpected Stage 16.5B output directory exists:\n; {OUTPUT_ROOT}\n,,1,600,ac62476fe73fdf76071ae570317a4f116b8e5148136147c848be3b12f5d09a6e,Physical 1-based order is canonical; execution_count is historical evidence only.
215,3,code,Stage16,canonical,STAGE 16.5C — AUDIT AND FINAL CLASSICAL STRATEGY FREEZE | Purpose: | 1. Audit the complete Stage 16.5B execution against the | Git-anchored Stage 16.5A protocol.,\nStage 16.5B source integrity,,,2,3340,a3e680431e77f9a518d30396369f3f45376a10a4ad9808a99617c8b93221b0e0,Physical 1-based order is canonical; execution_count is historical evidence only.
216,4,code,Stage16,repair,STAGE 16.5C REPAIR — GIT-IGNORE-AWARE FREEZE VERIFICATION | The original Stage 16.5C audit completed all scientific work | and created its package/lock/checksums. | Final assertion failed ONLY because:,,,,1,1115,1672aefb859f07f3bdb73ef0d1a6d69f280391c02233862af63988bcb94208c5,Physical 1-based order is canonical; execution_count is historical evidence only.
217,5,code,Stage16,packaging,STAGE 16.5C — GIT ANCHOR FINAL CLASSICAL STRATEGY FREEZE | Purpose: | Permanently Git-anchor the already-audited Stage 16.5C | final classical strategy and complete Stage 16.5.,,,,3,1885,d58de4d7bd6c2e92ff3d8b3cecd266e25a06471b2246d0969c677c738456dd1d,Physical 1-based order is canonical; execution_count is historical evidence only.
218,6,code,Stage16,canonical,STAGE 16.6A — ONE-TIME CLASSICAL HOLDOUT AUTHORIZATION LOCK | Purpose: | Create the immutable authorization contract that defines | EXACTLY what may happen when the duplicate-safe holdout is,,,,1,1817,258c0075c6e3b3adf189a2a06d6adca3d83c941cccb523d58fcced3a0a355130,Physical 1-based order is canonical; execution_count is historical evidence only.
219,7,code,Stage16,packaging,STAGE 16.6A — GIT ANCHOR ONE-TIME HOLDOUT AUTHORIZATION | Purpose: | Commit and push ONLY the Stage 16.6A authorization lock | and SHA sidecar.,,,,3,1407,fcdb04450b8304305ce0dc4846abc53e2a7fdb4bb7b38d883303992f49e4270c,Physical 1-based order is canonical; execution_count is historical evidence only.
220,8,code,Stage16,canonical,STAGE 16.6B — ONE-TIME CLASSICAL HOLDOUT EVALUATION | THIS IS THE AUTHORIZED HOLDOUT OPENING. | Git-anchored authorization: | commit:,/kaggle/input/datasets/; ids2018-balanced-binary-dataset/; Source dataset unavailable:\n{DATASET_PATH},Stage 16.6B output directory already exists:\n; {OUTPUT_ROOT}\n\n,,3,2637,cb3e99d3032697e94e47447214429cd29ad3ed7b69d658ac3ebccfb8b72e9cb8,Physical 1-based order is canonical; execution_count is historical evidence only.
221,9,code,Stage16,canonical,"STAGE 16.6C — AUDIT, PACKAGE, AND FREEZE ONE-TIME HOLDOUT | Purpose: | 1. Audit the already-completed Stage 16.6B one-time | classical holdout evaluation.",,Stage 16.6C destination already exists:\n,,1,3775,6e6903d06bc035c2f15f0e0d4e3afe7cb319a55e1bfc8ba59cfa0b29daa64ef0,Physical 1-based order is canonical; execution_count is historical evidence only.
222,10,code,Stage16,packaging,STAGE 16.6C — GIT ANCHOR | Purpose: | - verify the exact Stage 16.6C freeze created previously | - stage exactly the 14 approved freeze artifacts,,Remote/authentication output was,,3,1190,4610164d33c5df4bd386ec9247d8b9563cd95b75bcd125ed7be1b1296e77e9c2,Physical 1-based order is canonical; execution_count is historical evidence only.
223,11,code,Stage17,packaging,STAGE 17.0 — TRANSFORMER ATTENTION EXPLAINABILITY PROTOCOL LOCK | Purpose: | Freeze the complete attention-analysis methodology BEFORE | extracting any attention weights from the archived,,,,1,2232,281d9b964567d3f5fcf77709ca3e8afc427a52c739e0652cd35b0ccf80a7ecb3,Physical 1-based order is canonical; execution_count is historical evidence only.
224,12,code,Stage17,packaging,STAGE 17.0 — GIT ANCHOR ATTENTION EXPLAINABILITY PROTOCOL | Scientific work performed: | - Transformer inference: NO | - attention extraction: NO,,,,3,866,31dc3520014ff5f8ae3e6ffa70d5e8440514336d1fbdf38ee9f95cbab34488f9,Physical 1-based order is canonical; execution_count is historical evidence only.
225,13,code,Stage17,canonical,STAGE 17.1 — DETERMINISTIC VALIDATION CASE SELECTION | + FIVE-CHECKPOINT ATTENTION EXTRACTION | Git-anchored protocol: | parent commit:,/kaggle/input/datasets/; ids2018-balanced-binary-dataset/; stage17_1_selected_validation_inputs.npz; \nLoading the selected 64 VALIDATION rows only...,Stage 17.1 output directory already exists:\n; {OUTPUT_ROOT}\n\n; \nArchived-inference identity verification,,4,3883,905ba2bc239bb681bc5fdf0dd43f593f3d50c628226adfe324453dcda4322274,Physical 1-based order is canonical; execution_count is historical evidence only.
226,14,code,Stage17,repair,"STAGE 17.1R — CPU RECOVERY OF ATTENTION EXTRACTION | Repair reason: | CUDA was visible, but the installed PyTorch/CUDA build | lacked a kernel image compatible with the assigned GPU:",stage17_1_selected_validation_inputs.npz,\nArchived-inference identity verification,,2,3163,56faefe495d7ead2e20ae4efc5a84281b8ee4f606c4dac817e268a8dd3bf165a,Physical 1-based order is canonical; execution_count is historical evidence only.
227,15,code,Stage17,recovery,STAGE 17.1R2 — CONTINUE CPU ATTENTION EXTRACTION | WITHOUT RERUNNING SEED 7 | Context: | Original GPU Stage 17.1:,stage17_1_selected_validation_inputs.npz,,,1,3236,dc73db75bb6093c3a1ae3508608218d46e1c7acef41b6232dfcd5b9c99d635d7,Physical 1-based order is canonical; execution_count is historical evidence only.
228,16,code,Stage17,canonical,STAGE 17.1A — AUDIT AND FREEZE ATTENTION EXTRACTION EVIDENCE | Purpose: | Audit the already-completed Stage 17.1 extraction BEFORE | any scientific attention ranking or interpretation.,stage17_1_selected_validation_inputs.npz,Stage 17.1A destination already exists:\n,,1,2590,dfeac9fd16886d72ae1a3353666065bee69ffdf5725e9f60be41d7bef6c89936,Physical 1-based order is canonical; execution_count is historical evidence only.
229,17,code,Stage17,packaging,STAGE 17.1A — GIT ANCHOR ATTENTION EXTRACTION FREEZE | Purpose: | Permanently anchor the already-audited Stage 17.1 | extraction evidence BEFORE any Stage 17.2 scientific,stage17_1_selected_validation_inputs.npz,,,3,1460,2f08e34e707714c91139165791859de03f97a2fdd0d8e1592421516d8db5a2a1,Physical 1-based order is canonical; execution_count is historical evidence only.
230,18,code,Stage17,canonical,STAGE 17.2 — FROZEN TRANSFORMER ATTENTION ANALYSIS | Scientific analyses: | 1. Five-seed consensus rollout feature ranking | 2. TP / TN / FP / FN attention profiles,,Stage 17.2 output directory already exists:\n; {OUTPUT_ROOT}\n\n,,1,3729,4e914b6f7bb302fc6770137d85705d3d850b9173b91fbf32553d985202d6469c,Physical 1-based order is canonical; execution_count is historical evidence only.
231,19,code,Stage17,canonical,STAGE 17.2A — AUDIT AND FREEZE ATTENTION ANALYSIS RESULTS | Purpose: | Audit and package the already-completed Stage 17.2 | scientific attention analysis BEFORE inspecting,,,figures/stage17_2_global_rollout_top20.png; figures/stage17_2_confusion_state_rollout_top20_heatmap.png; figures/stage17_2_true_attack_vs_benign_top20.png; figures/stage17_2_layer_head_entropy_heatmap.png; figures/stage17_2_within_layer_head_similarity_heatmaps.png; figures/stage17_2_cross_seed_rollout_spearman.png; figures/stage17_2_cross_seed_rollout_top10_jaccard.png; figures/stage17_2_layerwise_cls_feature_attention_top20.png,1,2148,8edcebf2d7a160197b95c5435e401c924093992b39dc25b9017ff5088acdc28e,Physical 1-based order is canonical; execution_count is historical evidence only.
232,20,code,Stage17,packaging,STAGE 17.2A — GIT ANCHOR ATTENTION ANALYSIS FREEZE | Exact frozen boundary: | 24 copied Stage 17.2 scientific-analysis artifacts | + 1 repository package manifest,,,figures/stage17_2_global_rollout_top20.png; figures/stage17_2_confusion_state_rollout_top20_heatmap.png; figures/stage17_2_true_attack_vs_benign_top20.png; figures/stage17_2_layer_head_entropy_heatmap.png; figures/stage17_2_within_layer_head_similarity_heatmaps.png; figures/stage17_2_cross_seed_rollout_spearman.png; figures/stage17_2_cross_seed_rollout_top10_jaccard.png; figures/stage17_2_layerwise_cls_feature_attention_top20.png,3,1482,f16fe599e637e3181246f953ac2143a700f28e442a491b8e0005788149ef9f09,Physical 1-based order is canonical; execution_count is historical evidence only.
233,21,code,Stage17,canonical,STAGE 17.3A — CROSS-METHOD XAI SOURCE + PROTOCOL LOCK | Purpose: | Resolve and freeze the exact already-committed source | artifacts that will be used for:,stage17_3a_cross_method_source_protocol_lock.json; stage17_3a_cross_method_source_protocol_lock.sha256; Git-anchor this Stage 17.3A source/protocol; {SOURCE_LOCK_PATH.name}\n; \nFrozen source identities; Stage 17.3A source/protocol SHA-256:; until this source/protocol lock is Git-anchored.,,,1,1856,f31cd9193637f66c849b12c8c58191d3c4a4e75c05a5a6791873d9059be84480,Physical 1-based order is canonical; execution_count is historical evidence only.
234,22,code,Stage17,packaging,STAGE 17.3A — GIT ANCHOR CROSS-METHOD SOURCE/PROTOCOL LOCK | Exact boundary: | 1. stage17_3a_cross_method_source_protocol_lock.json | 2. stage17_3a_cross_method_source_protocol_lock.sha256,stage17_3a_cross_method_source_protocol_lock.json; stage17_3a_cross_method_source_protocol_lock.sha256; STAGE 17.3A — GIT ANCHOR CROSS-METHOD SOURCE/PROTOCOL LOCK,,,3,1013,3c6274cd3729112140c50cc76393ad5f4fb68fd9ec2b7e9d5e6559ba8a5e6766,Physical 1-based order is canonical; execution_count is historical evidence only.
235,23,code,Stage17,canonical,STAGE 17.3B — FROZEN CROSS-METHOD XAI AGREEMENT ANALYSIS | Locked comparisons: | 1. Attention vs XGBoost TreeSHAP | 2. Attention vs LightGBM TreeSHAP,stage17_3a_cross_method_source_protocol_lock.json,Stage 17.3B output directory already exists:\n; {OUTPUT_ROOT}\n\n,,1,2369,de0b1dc882c62e7497a9d1831a08d3181316b688b35d5ac8c21a312e52f6a006,Physical 1-based order is canonical; execution_count is historical evidence only.
236,24,code,Stage17,canonical,STAGE 17.3C — AUDIT AND FREEZE CROSS-METHOD AGREEMENT RESULTS | Purpose: | Audit and freeze the already-computed Stage 17.3B | Attention / TreeSHAP / Integrated-Gradients agreement,stage17_3a_cross_method_source_protocol_lock.json,,figures/stage17_3b_attention_shap_ig_shared70_heatmap.png,1,2144,bf868ac8f489edc66b00e8500a17dcb5aa00ad2ef9d16f7d17c407ace195a13b,Physical 1-based order is canonical; execution_count is historical evidence only.
237,25,code,Stage17,packaging,STAGE 17.3C — GIT ANCHOR CROSS-METHOD AGREEMENT FREEZE | Exact repository boundary: | 6 copied Stage 17.3B evidence artifacts | 1 repository package manifest,,,figures/stage17_3b_attention_shap_ig_shared70_heatmap.png,3,1476,45e7ca728c5322be32baf508269f6378c214e2f00b8488ed632d31c305730b12,Physical 1-based order is canonical; execution_count is historical evidence only.
238,26,code,Stage17,canonical,STAGE 17 FINAL — SCIENTIFIC CLOSURE LOCK | Purpose: | Formally close Stage 17 Attention Explainability using | ONLY evidence already frozen and Git-anchored in:,stage17_3a_cross_method_source_protocol_lock.json,,,1,1665,20faa402c716531ab7fecd5df26b45383b672c18e528b88e2392d7466ec1a8f7,Physical 1-based order is canonical; execution_count is historical evidence only.
239,27,code,Stage17,packaging,STAGE 17 FINAL — GIT ANCHOR SCIENTIFIC CLOSURE | Exact repository boundary: | 1. stage17_final_scientific_closure.json | 2. STAGE17_ATTENTION_EXPLAINABILITY_CLOSURE.md,,,,3,1286,7def1e249b7a65f5f281e4ef8fcc25f9c0573f0a769ebafc06e2a30b3d62e1fd,Physical 1-based order is canonical; execution_count is historical evidence only.
240,28,code,Stage18,canonical,STAGE 18.0 — REPRESENTATION-FEASIBILITY PROTOCOL LOCK | Purpose: | Precommit the scientific rules that determine whether the | current IDS2018 evidence can legitimately support:,,Are source/destination entity identifiers recoverable?,,1,1562,d24cd8bcc758ab223d9f0e181f65622a01627cbd0e1a89a1a3808d26d83205a0,Physical 1-based order is canonical; execution_count is historical evidence only.
241,29,code,Stage18,packaging,STAGE 18.0 — GIT ANCHOR REPRESENTATION-FEASIBILITY PROTOCOL | Exact boundary: | 1. stage18_0_representation_feasibility_protocol.json | 2. STAGE18_0_REPRESENTATION_FEASIBILITY_PROTOCOL.md,,,,3,1168,5c8e45bf0a144ed0924e6c0bb4854d0d29d2f7fdf61536b35c06360ba3257419,Physical 1-based order is canonical; execution_count is historical evidence only.
242,30,code,Stage18,canonical,STAGE 18.1A — TEMPORAL METADATA & PROVENANCE AUDIT | Purpose: | Determine what authentic temporal/network-identity | information survives in the available IDS2018 artifacts.,/kaggle/input/ids2018-balanced-binary-dataset/; /kaggle/input/datasets/jmmubasshirrahman/; ids2018-balanced-binary-dataset/; /kaggle/input; \nBalanced dataset; Source/capture provenance fields:; \nRelevant IDS2018 source inventory,{OUTPUT_ROOT}\n\n,,1,2033,75c54cd6e30b06ed58e41fe2dd810b3034db687eb84bfceb00eff5967fe47de7,Physical 1-based order is canonical; execution_count is historical evidence only.
243,31,code,Stage18,recovery,STAGE 18.1A — AUDIT + FREEZE TEMPORAL METADATA EVIDENCE | Purpose: | Permanently freeze what the CURRENT balanced artifact | and currently discovered IDS2018 sources actually contain,"original capture order, Flow ID, or source/; Source/capture provenance fields:",,,1,1648,d2a19b99320fcf17eeb8a475c30ef941f22931d123651a84aad55ffcecc279d0,Physical 1-based order is canonical; execution_count is historical evidence only.
244,32,code,Stage18,canonical,STAGE 18.1B — ORIGINAL IDS2018 SOURCE SCHEMA DISCOVERY | Goal: | Rescan original/raw CSE-CIC-IDS2018 source files and | determine whether authentic temporal/session metadata,/kaggle/input; \nSTAGE 18.1B RAW SOURCE SCHEMA DISCOVERY COMPLETE,,,1,789,05e5a383b89a4ff5a893c7ea39d4cda49e60f24018920087c7cb2341645b7eb4,Physical 1-based order is canonical; execution_count is historical evidence only.
245,33,code,Stage18,repair,STAGE 18.1B — ORIGINAL IDS2018 KAGGLE SOURCE DISCOVERY | REPAIR VERSION | READ-ONLY. | This cell:,\nNOTE: Dataset discovery will continue because; /kaggle/input; \nTotal CSV/CSV.GZ files under /kaggle/input:; \nSTAGE 18.1B ORIGINAL KAGGLE SOURCE DISCOVERY COMPLETE,,,1,780,8d9917eed45a5328432f423889de60fee1f3bd3c9451f555c7f3b4966c0a119f,Physical 1-based order is canonical; execution_count is historical evidence only.
246,34,code,Stage18,superseded,CELL 38 — REMOVE ABANDONED STAGE 18.1A FREEZE ARTIFACTS | We decided NOT to freeze/push Stage 18.1A yet because | original IDS2018 source files contain richer temporal | metadata and must be audited first.,,,results/stage18_representation_feasibility_checkpoint/,1,309,5d5a43c2b44edadc38e09ba148d5e28727ba1b132b034d346f66e55384218029,Physical 1-based order is canonical; execution_count is historical evidence only.
247,35,code,Stage18,canonical,STAGE 18.1B — RAW TIMESTAMP CHRONOLOGY / INTEGRITY AUDIT | Establish whether the Timestamp metadata in the original | CSE-CIC-IDS2018 dated CSVs is sufficiently authentic and | internally consistent to support a later temporal,/kaggle/input/datasets/solarmainframe/; Missing expected raw source:\n{path},{OUTPUT_ROOT}\n\n,,5,2000,bde94870480461836f17f3cd1098fc8f7565f6e0394e01af5a15ad7addfb2938,Physical 1-based order is canonical; execution_count is historical evidence only.
248,36,code,Stage18,canonical,STAGE 18.1C — TIMESTAMP RESOLUTION & SNAPSHOT FEASIBILITY | Determine whether the authentic raw timestamps support | a defensible temporal-bin / traffic-snapshot representation. | Key questions:,/kaggle/input/datasets/solarmainframe/; raw source flows and training/validation-safe,,,5,1671,10f5535ae4ab41a79331bda06299380786d51d67126d4299adbdea745fb7867c,Physical 1-based order is canonical; execution_count is historical evidence only.
249,37,code,Stage18,canonical,STAGE 18.1D — BALANCED DATASET CONSTRUCTION PROVENANCE AUDIT | Recover HOW merged_balanced_ids2018_safe.csv was constructed. | We are looking for: | - original raw files used,/kaggle/input/datasets/; \n; \nSTAGE 18.1D DATASET CONSTRUCTION PROVENANCE AUDIT COMPLETE,,metadata/text/config,1,783,b168cd866ab3acd7bb0aae0e8e39373631bf3cb3e8c16bbd8bdce5307a9977e0,Physical 1-based order is canonical; execution_count is historical evidence only.
250,38,code,Stage18,canonical,STAGE 18.1E — RAW ↔ FROZEN-70 FEATURE SCHEMA BRIDGE AUDIT | Determine whether the exact 70 features used by the frozen | duplicate-safe Stage 15/17 experiment are available in the | original dated CSE-CIC-IDS2018 CSV files.,/kaggle/input/datasets/solarmainframe/; \nFeatures missing from at least one raw source:,,,1,1350,045b6ed2b6fb13367df415a760c88572a5c226f81776748a8cea8804ac05a8e5,Physical 1-based order is canonical; execution_count is historical evidence only.
251,39,code,Stage18,canonical,STAGE 18.1F — SAFE TRAIN/VALIDATION ARTIFACT DISCOVERY | Identify exactly which frozen Stage 15 duplicate-safe | artifacts can provide TRAIN and VALIDATION membership or | feature rows without accessing the closed holdout.,,\nExact split archive SHA not found among; \nArchive member names,results/stage15_transformer_checkpoint,1,802,da710e5211d9d1313b8d01cc9c3f415ef2ddac560c993ea579e6b2fda2ed02c9,Physical 1-based order is canonical; execution_count is historical evidence only.
252,40,code,Stage18,packaging,STAGE 18.1G — NON-HOLDOUT SPLIT + FINGERPRINT PROVENANCE | Establish: | 1. exact duplicate-safe TRAIN membership | 2. exact duplicate-safe VALIDATION membership,,\nArchive member inventory,results/stage15_transformer_checkpoint,1,1295,cc93c83a322bb7770a4a6e0d8e913424e0c789f262fb400f71c4249bdaf1dc5d,Physical 1-based order is canonical; execution_count is historical evidence only.
253,41,code,Stage18,recovery,STAGE 18.1H — EXACT FROZEN HASH-RULE RECOVERY | Recover the exact Stage-15 code that produced: | train_feature_hashes.npy | validation_feature_hashes.npy,\nNo matching Stage-15 Python source contexts found.,,results/stage15_transformer_checkpoint,1,640,1cfb66297f855497af093ca7aaee91d9dd1439fb83e5c77f03d31c143fae9881,Physical 1-based order is canonical; execution_count is historical evidence only.
254,42,code,Stage18,recovery,STAGE 18.1I — EXACT FROZEN HASH-RULE EMPIRICAL RECOVERY | Recover which exact pandas row-hash construction produced | the frozen Stage-15 train/validation feature hashes. | AUTHORIZED DATA:,/kaggle/input/datasets/; ids2018-balanced-binary-dataset/,,,1,1693,1d21f97d34576ed75d223afa78fda370d9cd5c64c13f01a86144f3a018a4a153,Physical 1-based order is canonical; execution_count is historical evidence only.
255,43,code,Stage18,canonical,STAGE 18.1J — RAW HASH COMPATIBILITY PILOT | 1. Verify exact 78-feature schema bridge across all 10 raw | timestamped IDS2018 files. | 2. On ONE precommitted source file only:,/kaggle/input/datasets/solarmainframe/; /kaggle/input/datasets/; ids2018-balanced-binary-dataset/,,,1,1831,85ed4c9bb63bde0822051ca3b097e593e60e950df0f4d09d29a2ebeb6fb96a22,Physical 1-based order is canonical; execution_count is historical evidence only.
256,44,code,Stage18,canonical,STAGE 18.1K — GLOBAL NON-HOLDOUT TEMPORAL MAPPING AUDIT | Scan ALL 10 original timestamped IDS2018 CSVs using the | empirically recovered frozen Stage-15 hash-set rule: | original 78 predictors,/kaggle/input/datasets/solarmainframe/; /kaggle/input/datasets/; ids2018-balanced-binary-dataset/; one authentic source-file/timestamp bin.,,,1,2754,5bcad1577738537e4813711f10b1a25c3d393d7481b57e24d46d99d0b6229233,Physical 1-based order is canonical; execution_count is historical evidence only.
257,45,code,Stage18,canonical,STAGE 18.1L — TRAIN ↔ VALIDATION TEMPORAL LEAKAGE AUDIT | Determine whether the existing Stage-15 duplicate-safe | TRAIN / VALIDATION partition can safely support temporal | sequence/window modeling.,,,,1,2046,d1c1004fc8f68565cf2fde86dcd4c1d99017a012cba45c333db5c95fb76a981b,Physical 1-based order is canonical; execution_count is historical evidence only.
258,46,code,Stage18,packaging,STAGE 18.1 FINAL — TEMPORAL / MTEMPORAL FEASIBILITY | SCIENTIFIC CLOSURE + GIT ANCHOR + PUSH | FINAL DECISION | Temporal / MTemporal representation:,These audits were intentionally metadata/source-code; unambiguous source-file/timestamp provenance.,\n; Sanitized push output:\n,results/stage15_transformer_checkpoint/; metadata/source-code,2,2629,cdc42ca927e90e9271dda892d75c9f165270b79981132453ee2f8bf1dace46fe,Physical 1-based order is canonical; execution_count is historical evidence only.
259,47,code,Stage18,repair,CELL 50B — STAGE 18.1 PUSH REPAIR ONLY | IMPORTANT: | Stage 18.1 is already committed locally: | 9ec13a4c7207926b8e893179129c41c19339092d,,\nNo GitHub write credential was found.\n\n,,2,720,8e18124ae413dcb288343bff205863c749899e36b145fb77732f2b12abd60602,Physical 1-based order is canonical; execution_count is historical evidence only.
260,48,code,Stage18,canonical,CELL 50C — TOKEN-BASED PUSH OF EXISTING STAGE 18.1 COMMIT | Existing frozen commit: | 9ec13a4c7207926b8e893179129c41c19339092d | This cell:,,,,3,554,a7e880667a845635ba37b52de7a0a856db9f68337fde6c991a1bf7a5f0c2c291,Physical 1-based order is canonical; execution_count is historical evidence only.
261,1,code,Stage18,recovery,STAGE 18.2 BOOTSTRAP — FRESH KAGGLE ENVIRONMENT RESTORE | Reconstruct the exact frozen research state after a fresh | Kaggle notebook/session before beginning the ViT feasibility | audit.,/kaggle/input/datasets/; ids2018-balanced-binary-dataset/; /kaggle/input/; \nKaggle inputs; STAGE 18.2A — ViT / genuine-2D representation source audit.,,,1,1122,d9bf3732e0e4fdc9af297cafaf69ea5b9e6929ca156fcaf26c464e9c263ded3f,Physical 1-based order is canonical; execution_count is historical evidence only.
262,3,code,Stage18,repair,CELL 52R — STAGE 18.2A ENCODING REPAIR + RESUME | The original Stage 18.2A successfully completed: | - mounted-source inventory | - raw schema audit,/kaggle/input/datasets/; ids2018-balanced-binary-dataset/; stage18_2a_source_file_inventory.csv; stage18_2a_source_audit_result.json; \nNo ViT input construction is authorized yet.,\n; source/destination IP identifiers.,,1,1363,f2fa3f475d2688ef7517a65d88680b8ce04ab829cf2e48983dc9aacda3eda1e6,Physical 1-based order is canonical; execution_count is historical evidence only.
263,6,code,Stage18,repair,STAGE 18.2B — ViT SEMANTIC LOCALITY / ORDERING AUDIT | Determine whether any remaining 2D candidate from Stage | 18.2A satisfies the Stage-18 scientific requirements for | a defensible Vision Transformer representation.,stage18_2a_source_audit_result.json; only 1/10 source files. This structure is more,\n; The 02-20 source retains source/destination endpoint,,1,1867,cd61b9287feb0fc39fe553a2d8c0b912d85226da7608cd7789b35c3be3f59b4c,Physical 1-based order is canonical; execution_count is historical evidence only.
264,7,code,Stage18,packaging,STAGE 18.2 FINAL — ViT FEASIBILITY FREEZE + GIT ANCHOR | FINAL DECISION: | Vision Transformer: | NOT_SUPPORTED_BY_CURRENT_ARTIFACTS,stage18_2a_source_audit_result.json,\n,,2,1645,e0b06e55d5c052a328f71ff922cd4fcc426cd35e3803ba5b14b71d3b33f1ace2,Physical 1-based order is canonical; execution_count is historical evidence only.
265,8,code,Stage18,repair,CELL 54R — STAGE 18.2 COMMIT / PUSH REPAIR | Cell 54 already: | - verified Stage 18.2 evidence | - created the frozen package,,,,3,703,b9c929894a4f5a65562c20cb3e7d1beebdf8f3945441829c814b1109c8c55ba2,Physical 1-based order is canonical; execution_count is historical evidence only.
266,9,code,Stage18,canonical,STAGE 18.3A — GRAPH / GRAPH TRANSFORMER REPRESENTATION | SOURCE + SEMANTIC FEASIBILITY AUDIT | Determine whether the currently mounted IDS2018 artifacts | contain authentic relational structure that could support,/kaggle/input/datasets/solarmainframe/ids-intrusion-csv; /kaggle/input/datasets/; ids2018-balanced-binary-dataset/; stage18_3a_graph_source_schema.csv; stage18_3a_graph_source_audit_result.json; STAGE 18.3A — GRAPH / GRAPH TRANSFORMER SOURCE AUDIT,\n; 02-20 retains authentic source/destination endpoint; source/destination endpoint identity,,1,1972,03feaa0d8798d58df2f052b2c6084821b09535967f72c805f5c739498be54a30,Physical 1-based order is canonical; execution_count is historical evidence only.
267,10,code,Stage18,recovery,STAGE 18.3B — 02-20 GRAPH TOPOLOGY + | SHARED-NODE / SHARED-EDGE LEAKAGE FEASIBILITY AUDIT | Audit the endpoint-rich 02-20-2018 source for: | A. authentic graph topology,/kaggle/input/datasets/; ids2018-balanced-binary-dataset/; stage18_3a_graph_source_schema.csv; stage18_3a_graph_source_audit_result.json; Whole-source unique edge/five-tuple counts use,\n,,1,3514,89ab76dded71725f0d4d6eb094abf4a0c52b277db72d7f1d4516a10ed39e01a6,Physical 1-based order is canonical; execution_count is historical evidence only.
268,11,code,Stage18,packaging,STAGE 18.3C — GRAPH TRANSFORMER DEVELOPMENT PROTOCOL LOCK | + GIT ANCHOR | SCIENTIFIC DECISION | Graph / Graph Transformer:,stage18_3a_graph_source_schema.csv; stage18_3a_graph_source_audit_result.json,\n,,3,2214,a9a4dbfd7ad9048cbfbd544825c7162796de1712a7c1f559065ec1f18d5678f9,Physical 1-based order is canonical; execution_count is historical evidence only.
269,12,code,Stage18,canonical,STAGE 18.3D — FROZEN GRAPH PARTITION MATERIALIZATION | + PROTOCOL-CONFORMANCE AUDIT | FROZEN PROTOCOL | Source:,/kaggle/input/datasets/; ids2018-balanced-binary-dataset/,\n,,1,3462,e4ae642ca2390a18c7e4b135bb3e9f4df302d05d1f4671e702906639bd818fff,Physical 1-based order is canonical; execution_count is historical evidence only.
270,13,code,Stage18,canonical,STAGE 18.3E — FREEZE STAGE 18.3D + | LOCK GRAPH TRANSFORMER MODEL / TRAINING PROTOCOL | UPSTREAM RESULT | Graph feasibility:,LOCKED / REQUIRED,\n,,3,2699,b70003be881a62a4e027d7a9ad4eb281ed851d22a02c801b96ec2e01c468cd4b,Physical 1-based order is canonical; execution_count is historical evidence only.
271,14,code,Stage18,canonical,STAGE 18.3F — TRAIN-ONLY PREPROCESSING + | DETERMINISTIC TRAIN / VALIDATION GRAPH TENSORS | FROZEN MODEL PROTOCOL: | commit:,/kaggle/input/datasets/,\n,,1,4676,19905795b535c0b0ef92ed87f373739c13a0a9ebc7196c9a76d646c5838b444c,Physical 1-based order is canonical; execution_count is historical evidence only.
272,15,code,Stage18,packaging,STAGE 18.3G — FREEZE STAGE 18.3F COMPACT EVIDENCE | + GIT ANCHOR | Freeze reproducibility identities for Stage 18.3F BEFORE | any Graph Transformer / MLP fitting.,,\n,,3,1752,bd37c97362a5ed35942063047d6dfc5f9bfb7fc8d21373e73753ca3005243243,Physical 1-based order is canonical; execution_count is historical evidence only.
273,3,code,Stage18,canonical,STAGE 18.3H — LOCKED EDGE-ONLY MLP CONTROL | THREE-SEED TRAINING + VALIDATION SELECTION | FROZEN GIT HEAD: | 534a1430bf504fa139e83cbadc7b614f1f5ccc74,\nFrozen input identity verification,\n,,1,3159,588aa639e94c2761a28444aa09d068c5b49cf06eebb39d5d1489c88a0999f016,Physical 1-based order is canonical; execution_count is historical evidence only.
274,17,code,Stage18,canonical,CELL 62R — CUDA / PYTORCH COMPATIBILITY DIAGNOSIS | No training. | No validation inference. | No repository changes.,,,,1,214,d787aee737ee801f8685f627878f1aee8d43e0d34ef2fe3a75d0be665d21a80a,Physical 1-based order is canonical; execution_count is historical evidence only.
275,18,code,Stage18,repair,CELL 62S — PYTORCH CUDA 12.6 IN-PLACE ENVIRONMENT REPAIR | SCIENTIFIC STATE: | UNCHANGED | CURRENT PROBLEM:,https://download.pytorch.org/whl/cu126,\n,,1,640,3755a387b8bc768f29cf8f71a932801ee982aadf33b2503b17b6c1a94d622591,Physical 1-based order is canonical; execution_count is historical evidence only.
276,2,code,Stage18,recovery,CELL 62T — POST-RESTART CUDA + FROZEN STATE VERIFICATION | NO training | NO validation inference | NO holdout access,,origin/main,,1,330,32e6665389e8fce04d3dc16ad1b75b53029c3f67f2119a5caa34f70ddfc22f28,Physical 1-based order is canonical; execution_count is historical evidence only.
277,20,code,Stage18,recovery,CELL 62U — POST-RESTART PYTORCH PACKAGE DIAGNOSIS | NO installs | NO training | NO validation inference,,,,1,94,fd43938842310db689b15a884d7f015a7b38803712e53c6ac6a7295de2cc1f4e,Physical 1-based order is canonical; execution_count is historical evidence only.
278,21,code,Stage18,canonical,CELL 62V — FRESH PYTHON PROCESS CUDA VERIFICATION | PURPOSE: | Determine what a NEW Python interpreter imports. | NO:,,,,1,165,4b1de72380e7863cc0e3e0a0df9345ea99581f7ecfadbd0406d590a78072a536,Physical 1-based order is canonical; execution_count is historical evidence only.
279,,code,Stage18,canonical,CELL 62W — FORCE STALE NOTEBOOK KERNEL REPLACEMENT | The cu126 installation is already VERIFIED. | This cell: | - installs nothing,,,,1,48,971eaf7bb018487826739bbc653bc6d9cf2ce3ebb8e4c5e79319c2aefed2e2dc,Physical 1-based order is canonical; execution_count is historical evidence only.
280,1,code,Stage18,recovery,CELL 62X — FINAL POST-RECONNECT CUDA VERIFICATION | NO training | NO validation inference | NO holdout access,,,,1,71,801a5714f74ed3b2821f86d5dc0ce1153a78af3564e745f903367b0ccf060f94,Physical 1-based order is canonical; execution_count is historical evidence only.
281,4,code,Stage18,packaging,STAGE 18.3I — FREEZE EDGE-ONLY MLP DEVELOPMENT RESULTS | + GIT ANCHOR | UPSTREAM: | Stage 18.3H EdgeOnlyMLP development COMPLETE,,\n,,3,2009,648d3160851eb27985c2e4a596f71a3c25f3ffacfee7c9b3c2f5086bf05f3cce,Physical 1-based order is canonical; execution_count is historical evidence only.
282,5,code,Stage18,canonical,STAGE 18.3J — LOCKED EDGE-AWARE DIRECTED GRAPH TRANSFORMER | THREE-SEED DEVELOPMENT TRAINING | FROZEN GIT HEAD: | 653d3bdcc78c5416575ccddfb670bca9c829eed8,,\n,,1,4083,853d63ea824bb934f251d21b6cf850a8545bbbe21c6db6e093a6e577a99a9d29,Physical 1-based order is canonical; execution_count is historical evidence only.
283,6,code,Stage18,packaging,STAGE 18.3K — FREEZE GRAPH TRANSFORMER DEVELOPMENT RESULTS | + CHECKPOINTS + GIT ANCHOR | UPSTREAM: | Stage 18.3J Graph Transformer development COMPLETE,,\n,,3,2212,1d4d44280ae497e6160286f46c64f06dec53fa01cfe6c2dcc820e63e0870db2d,Physical 1-based order is canonical; execution_count is historical evidence only.
284,7,code,Stage18,canonical,STAGE 18.3L0 — FINAL PRE-HOLDOUT SEAL AUDIT | PURPOSE: | Inspect ONLY already-frozen artifacts required to construct | the single irreversible graph-holdout evaluation cell.,/kaggle/input/datasets/solarmainframe/ids-intrusion-csv; \nRaw source path discovery — NO FILE READ; Expected exactly one 02-20 source CSV.\n,,,1,769,9205c93e942e7fb978cb1bdb33f7838c7cd2a1a699ebfaab67025c0d9f8fae0d,Physical 1-based order is canonical; execution_count is historical evidence only.
285,8,code,Stage18,repair,STAGE 18.3L — SINGLE AUTHORIZED GRAPH-SPECIFIC HOLDOUT OPENING | THIS IS THE IRREVERSIBLE FINAL GRAPH HOLDOUT EVALUATION. | FROZEN HOLDOUT: | 2018-02-20 11:00:00 through 12:59:59,/kaggle/input/datasets/solarmainframe/; Raw source is missing frozen required columns:\n; \nSingle raw-source pass complete.,\n,,1,6091,b3b337aca0202f4d0abf9de32ca9f8da8e2c7a359c871185bddd49f5708adb11,Physical 1-based order is canonical; execution_count is historical evidence only.
286,9,code,Stage18,packaging,STAGE 18.3M — FREEZE FINAL GRAPH HOLDOUT EVIDENCE | + PERMANENT SCIENTIFIC CLOSURE + GIT ANCHOR | UPSTREAM: | Stage 18.3L single authorized holdout opening COMPLETE,,\n,,3,2624,49a13d91a440efd07739f8f0319552239ecb56a6347cea2aaa2539fa8e9b7ce6,Physical 1-based order is canonical; execution_count is historical evidence only.
287,10,code,Stage18,canonical,STAGE 18.3N — SCIENTIFIC SYNTHESIS AND FINAL | GRAPH-EXPERIMENT CLOSURE | INPUT: | ONLY Git-anchored frozen evidence.,,\n,,3,2119,54b661dbc8c686998169158f09df9709d0f1d6334b2404bda9247b2f6b6d613a,Physical 1-based order is canonical; execution_count is historical evidence only.
288,11,code,Stage18,canonical,STAGE 18.4 — OVERALL REPRESENTATION-FEASIBILITY SYNTHESIS | INPUT: | ONLY Git-anchored Stage 18 closure evidence: | Stage 18.1 Temporal / MTemporal,\nFrozen source evidence,\n,,3,2345,07ac27485cdd131a21fc38671e7b4937d847fb3bb32eda83d89505f935c4b106,Physical 1-based order is canonical; execution_count is historical evidence only.
289,12,code,Stage18,canonical,STAGE 18.5 — MANUSCRIPT INTEGRATION | PURPOSE: | Convert the frozen Stage 18.4 representation-feasibility | synthesis into manuscript-ready academic text.,,\n,docs/STAGE18_MANUSCRIPT_INTEGRATION.md; results/stage18_representation_feasibility_checkpoint/,3,1450,d5212555108433c657d9c73f57186da7f705f7ae6f192ce4db49537cfe65af74,Physical 1-based order is canonical; execution_count is historical evidence only.
290,13,code,Stage19,canonical,STAGE 19.0 — MTEMPORAL-IDS PROTOCOL LOCK | Precommit the complete Multi-Scale Temporal Transformer | experiment BEFORE: | - reading raw dataset rows,STAGE 19.1 — raw TRAIN/VALIDATION source audit:,\n,,3,1994,7347ad8bfa68f27468e1f866a1b12044012f593d89439b4719713d1d139cc3fd,Physical 1-based order is canonical; execution_count is historical evidence only.
291,14,code,Stage19,canonical,"STAGE 19.1 — MTEMPORAL TRAIN/VALIDATION SOURCE AUDIT | AUTHORIZED ACCESS: | TRAIN: | 02-14, 02-15, 02-16,",/kaggle/input/datasets/solarmainframe/ids-intrusion-csv; stage19_1_source_audit_result.json,\n,,2,3195,c71c0ef0ee768fc67047c11e59141e4259339888dabc885cfd47144a82a2c626,Physical 1-based order is canonical; execution_count is historical evidence only.
292,1,code,Stage19,canonical,STAGE 19.1A — TIMESTAMP FAILURE DIAGNOSTIC | TRAIN FILE ONLY: 02-16-2018.csv | FAILING CHUNK ONLY: chunk 10 | No labels.,/kaggle/input/datasets/solarmainframe/,,,1,390,4b116d871290d775eeee3e609690e1ab4dea74624054fa28994941853d2c28fb,Physical 1-based order is canonical; execution_count is historical evidence only.
293,4,code,Stage19,repair,STAGE 19.1B — REPAIRED MTEMPORAL DEVELOPMENT SOURCE AUDIT | Repair: | Some raw IDS2018 CSV files contain repeated header rows | embedded inside the data stream.,/kaggle/input/datasets/solarmainframe/ids-intrusion-csv; stage19_1_source_audit_result.json,\n,,3,2890,0bebc1ff6ce9bae99dad8b855ba6fe086565b95eb348772fd85be274e6e5aaf4,Physical 1-based order is canonical; execution_count is historical evidence only.
294,3,code,Stage19,recovery,STAGE 19 RECOVERY — RESTORE KAGGLE WORKING REPOSITORY | This does NOT: | - read any IDS2018 data | - touch TRAIN / VALIDATION,\nDataset access during recovery,,,1,448,0766b407626908e0f964ce49b019cd9aa64c15c4f9d6d6d969820f33604cfd37,Physical 1-based order is canonical; execution_count is historical evidence only.
295,6,code,Stage19,canonical,STAGE 19.1C0 — STRICT TIMESTAMP ANOMALY DIAGNOSTIC | Reads ONLY Timestamp from: | TRAIN 02-14-2018.csv | TRAIN 02-22-2018.csv,/kaggle/input/datasets/solarmainframe/ids-intrusion-csv,,,2,510,a6603127ba9a1f25d66b43612cf5ea2d4a3034a20a8159b8ccaa7e1f1c864dc9,Physical 1-based order is canonical; execution_count is historical evidence only.
296,3,code,Stage19,canonical,STAGE 19.1C0 — STRICT TIMESTAMP ANOMALY DIAGNOSTIC | CORRECTED FOR KAGGLE PANDAS | Reads ONLY Timestamp from: | TRAIN 02-14-2018.csv,/kaggle/input/datasets/solarmainframe/ids-intrusion-csv,,,1,606,5816c8e55baf89b28155a3e0234a99b8fd80a0694bb4786c3f5f98f97ef8103a,Physical 1-based order is canonical; execution_count is historical evidence only.
297,4,code,Stage19,repair,STAGE 19.1C — STRICT CHRONOLOGY REPAIR + SUPERSEDING AUDIT | The earlier Stage 19.1 audit at commit ccb988... is preserved | in Git but its temporal counts are INVALID because 14+ raw | timestamps may carry erroneous 1970 calendar dates.,stage19_1_source_audit_result.json; /kaggle/input/datasets/solarmainframe/ids-intrusion-csv; Replace year/month/day with the source-file,\n,,3,2470,9620d43f24368bd5983feae86a0ed2432f4130f1cbcda482a1ba09a979541a41,Physical 1-based order is canonical; execution_count is historical evidence only.
298,2,code,Stage19,recovery,CELL 75R — SELF-HEALING STAGE 19 REPOSITORY RESTORE | Restores the exact Git state needed by Stage 19.1C. | DATA ACCESS: | TRAIN: 0 rows,stage19_1_source_audit_result.json; /kaggle/input/datasets/solarmainframe/ids-intrusion-csv; \nDataset rows read during recovery: 0,,,1,397,48cba6795762b2bd6df997f8f5189dbd8dac4767ce636d78dd005cad63b8670f,Physical 1-based order is canonical; execution_count is historical evidence only.
299,5,code,Stage19,canonical,CELL 76 | STAGE 19.2A — DEVELOPMENT ONE-SECOND TEMPORAL MATERIALIZATION | Materialize the authoritative one-second representation for | Stage 19 MTemporal-IDS using TRAIN + VALIDATION only.,/kaggle/input/datasets/solarmainframe/ids-intrusion-csv,\n,,3,3449,cae09b8aa7bd2ed7c684a8510bea1a591520a2ec4c6b95bc00a75b4d1ff6e9e4,Physical 1-based order is canonical; execution_count is historical evidence only.
300,6,code,Stage19,canonical,CELL 77 | STAGE 19.2B — TRAIN-ONLY PREPROCESSING + | MULTISCALE TEMPORAL INDEX FREEZE | NO MODEL TRAINING.,,\n,,3,3719,a86fb322088990730fb92b821571e3374e82cd8e05c9dfc6fcbf412c6eac6986,Physical 1-based order is canonical; execution_count is historical evidence only.
301,3,code,Stage19,canonical,CELL 78 | STAGE 19.3 — SINGLE-SCALE TEMPORAL TRANSFORMER CONTROL | Train the frozen fine-scale temporal control: | SingleScaleTemporalTransformer,,,,9,4729,51ab742793c572f176c638641f902d743dd516e91e311ac7b4bdb6eb2772b9b8,Physical 1-based order is canonical; execution_count is historical evidence only.
302,2,code,Stage19,canonical,CELL 78A — CUDA / PYTORCH COMPATIBILITY DIAGNOSTIC | NO dataset access | NO Git changes | NO model training,,,,1,220,1f52883f439e692bb4a05f682b3cdf4e84de6c12314680ff28d45a5a2a71798b,Physical 1-based order is canonical; execution_count is historical evidence only.
303,9,code,Stage19,repair,CELL 78B — INSTALL P100-COMPATIBLE PYTORCH CUDA BUILD | RUNTIME REPAIR ONLY. | Current: | torch 2.10.0 + CUDA 12.8,https://download.pytorch.org/whl/cu126; A KERNEL / SESSION RESTART IS REQUIRED before verification.,,,1,105,edd8cb72736ed02ee0b924f598b27b3efbe4202ca00f99b6ae9dca7b1d0c28ef,Physical 1-based order is canonical; execution_count is historical evidence only.
304,10,code,Stage19,canonical,CELL 78C — P100 / PYTORCH CUDA 12.6 VERIFICATION | Run ONLY AFTER restarting the Kaggle kernel/session. | NO dataset access | NO Git changes,,,,2,468,507fd946e70f795a7748049a21ad32c1dd1432b7d77b76014e766f9345ed2721,Physical 1-based order is canonical; execution_count is historical evidence only.
305,,code,Stage19,repair,CELL 78B2 — INSTALL P100-COMPATIBLE TORCH + KERNEL-ONLY RESTART | IMPORTANT: | - DO NOT manually restart the Kaggle Session afterward. | - This cell terminates ONLY the Python kernel process.,https://download.pytorch.org/whl/cu126,,,1,261,f87fbb44388b961024eccf784d79f3fa3bbaf968d53340f880bf807905c9060b,Physical 1-based order is canonical; execution_count is historical evidence only.
306,1,code,Stage19,recovery,CELL 78C2 — VERIFY P100 + PYTORCH CU126 AFTER KERNEL RECONNECT | NO dataset access | NO Git changes | NO model training,,,,1,647,f145c3c5b8ea1bcc9b5b543e389915a5cddd394bed24229cd6a4efa094e348f6,Physical 1-based order is canonical; execution_count is historical evidence only.
307,4,code,Stage19,canonical,CELL 79 | STAGE 19.4 — MTEMPORAL-IDS MULTISCALE DEVELOPMENT TRAINING | Actual Stage-19 multitemporal model. | REPRESENTATION — ALREADY FROZEN,,\n,,9,5260,3f35b06c8e46099e3db5025c59057476c230a1098df27aa0c970d66235e7e308,Physical 1-based order is canonical; execution_count is historical evidence only.
308,5,code,Stage19,canonical,CELL 80 | STAGE 19.5 — VALIDATION THRESHOLD SELECTION | AND DEVELOPMENT OPERATING-POINT FREEZE | Select operating thresholds for BOTH already-frozen,,,,3,3044,10cf21a552eb9c4426c94feea2485f346cb01df9e5d4cda1fcc641f67cc2fd8c,Physical 1-based order is canonical; execution_count is historical evidence only.
309,6,code,Stage19,canonical,CELL 81 | STAGE 19.6A — ONE-TIME CHRONOLOGICAL HOLDOUT CAPTURE | THIS IS THE IRREVERSIBLE RAW HOLDOUT OPENING. | Raw files:,/kaggle/input/datasets/; stage19_6a_holdout_source_audit.csv; \nTimestamp / source hygiene,\n,,3,3049,e0b2196ed1306f0f5917ff786b15895d463ab1489cc4f717e71133b3303afe87,Physical 1-based order is canonical; execution_count is historical evidence only.
310,7,code,Stage19,canonical,CELL 82 | STAGE 19.6B — FROZEN TEMPORAL HOLDOUT EVALUATION | RAW HOLDOUT ACCESS: PROHIBITED. | INPUT:,stage19_6a_holdout_source_audit.csv,,,15,5169,bd09b1f8eb9183d3971e673bf0f14a0061f70f8954af12167a9a3c1e1d6b6904,Physical 1-based order is canonical; execution_count is historical evidence only.
311,8,code,Stage19,canonical,CELL 83 | STAGE 19.7 — TEMPORAL EXPERIMENT SCIENTIFIC CLOSURE | NO RAW DATA ACCESS | NO HOLDOUT INFERENCE,,\n,,3,2997,5f5116d43a74d211d18a4284173f50f9fa4c77581a18e5d943b0947f27627237,Physical 1-based order is canonical; execution_count is historical evidence only.
312,9,code,Stage20,canonical,"CELL 84 | STAGE 20.0 — AUTHENTIC PACKET-IMAGE / ViT PROTOCOL LOCK | Freeze the source, split, representation admissibility rules, | and holdout boundary BEFORE packet-level exploration.",https://www.unb.ca/cic/datasets/ids-2017.html; \nDataset:,\n,,3,1708,f05466e7b8bec34500dedee455967735ec24c4b0a9bdfb82311ef5b38823d52a,Physical 1-based order is canonical; execution_count is historical evidence only.
313,11,code,Stage20,canonical,CELL 85 | STAGE 20.1A — CICIDS2017 MOUNTED-SOURCE + SCHEMA PREFLIGHT | Determine whether the current Kaggle session contains | sufficient authentic CICIDS2017 assets to proceed with,/kaggle/input; files were detected under /kaggle/input.; stage20_1a_source_schema_preflight.json; STAGE 20.1A — SOURCE / SCHEMA PREFLIGHT COMPLETE; \nSOURCE REQUIREMENT NOT YET SATISFIED.,,,1,1849,7b01a4d7f615f77f15a213809a5893fc7185e9275789a4f3c8dbf6c6fbaa181e,Physical 1-based order is canonical; execution_count is historical evidence only.
314,12,code,Stage20,canonical,CELL 85B | STAGE 20.1A2 — SOURCE ACQUISITION FEASIBILITY PREFLIGHT | NO PCAP DOWNLOAD | NO LABEL DOWNLOAD,datasets/bvsam/cic-ids-2017/,,,1,1007,424fab15df33d22d3b735d58daa5d0e4663e009d3b52677857d7a1f64b96510f,Physical 1-based order is canonical; execution_count is historical evidence only.
315,13,code,Stage20,repair,CELL 85C | STAGE 20 RUNTIME REPAIR — INSTALL + VERIFY SCAPY | RUNTIME-ONLY REPAIR. | NO:,,,,1,306,8f1d5cf17557d8c96bc7e900fe7a2da50f3da1e3285083f47895006a3c41c6d2,Physical 1-based order is canonical; execution_count is historical evidence only.
316,14,code,Stage20,canonical,CELL 86 | STAGE 20.1B — DEVELOPMENT LABEL ACQUISITION + SCHEMA AUDIT | DOWNLOADS ONLY: | Monday labels,datasets/bvsam/cic-ids-2017/; \n{source_name}; \nSource state,Size mismatch for {destination.name}\n; SHA mismatch for {destination.name}\n,,1,1726,b3816cf2f3f1c0bcc6c49cc696baf27228be2eaf7beb8ba93c0f7132897643ee,Physical 1-based order is canonical; execution_count is historical evidence only.
317,15,code,Stage20,canonical,"CELL 86B | STAGE 20.1B2 — THURSDAY LABEL MIRROR FORENSIC AUDIT | Determine whether the 288,602 NULL-label rows found in the | Thursday-morning Hugging Face Parquet are actually the",\nMorning source SHA:; \nSOURCE-LAYER DEFECT CONFIRMED.,,,1,1132,8c1c61a1184f0c783ed2a8edf672ef532bfb631744ac700407509441ac406457,Physical 1-based order is canonical; execution_count is historical evidence only.
318,16,code,Stage20,canonical,CELL 86C | STAGE 20.1B3 — DEVELOPMENT LABEL HYGIENE + CANONICAL FREEZE | Prove and correct the known CICIDS2017 Thursday-morning | structural-empty-row anomaly WITHOUT arbitrary missing-value,stage20_1b3_source_hygiene_audit.csv; \n{source_name}; \nSource hygiene,\n,,2,2319,8b36d160f138227d5a6e5ce3733f94686e188578a5439bd33c380dc575f1ea47,Physical 1-based order is canonical; execution_count is historical evidence only.
319,17,code,Stage20,repair,CELL 86C-R | STAGE 20.1B3 — LABEL HYGIENE FREEZE — SCHEMA-SAFE REPAIR | REPAIR SCOPE: | Fix ONLY PyArrow batch-schema instability from failed 86C.,stage20_1b3_source_hygiene_audit.csv; \n{source_name}; \nSource hygiene,,,3,2668,5a812af181b2c3a537e68b554fcd1c6fa0a36d4962fbc9e3119f937b26e61f25,Physical 1-based order is canonical; execution_count is historical evidence only.
320,18,code,Stage20,canonical,CELL 87 | STAGE 20.1B4 — ALIGNMENT METADATA SUFFICIENCY AMENDMENT | WHY THIS EXISTS | The Stage 20.1B3 canonical record contains:,stage20_1b3_source_hygiene_audit.csv; \n{source_name},,,2,2732,8a35cf01bc247923005b50c30435c069e8c69ede0ce43d97c01be117be8087b6,Physical 1-based order is canonical; execution_count is historical evidence only.
321,19,code,Stage20,repair,CELL 87A | STAGE 20.1B4A — NEGATIVE FLOW-DURATION FORENSIC AUDIT | Characterize negative CICFlowMeter Flow Duration records | BEFORE deciding whether Flow Duration is safe to use for,\n{source_name},\nLocal outputs:,,1,1350,ccd672ea3c34e9ccbd0b8f1c38bdf5f76072b2bf88212a49b9ed5708414a5f1b,Physical 1-based order is canonical; execution_count is historical evidence only.
322,20,code,Stage20,repair,CELL 87B | STAGE 20.1B4B — NONPOSITIVE FLOW-DURATION ELIGIBILITY AUDIT | Characterize ALL Flow Duration <= 0 records before freezing | packet-to-flow interval eligibility.,\n{source_name},\nLocal outputs:,,1,1489,7d70bb3115bf41c20e5426b619ed818441aacc6d8b10d7dc3c6aeb6bf6853c91,Physical 1-based order is canonical; execution_count is historical evidence only.
323,21,code,Stage20,repair,CELL 87C | STAGE 20.1B4C — TIMESTAMP PRECISION + | TEMPORAL-ENVELOPE AMBIGUITY AUDIT | Determine whether CICIDS2017 labeled-flow timestamps and,PER-SOURCE TIMESTAMP / TUPLE AUDIT; \n{source_name},\nLocal outputs:,,1,1715,001178116d740b80459f7e47e34611f6bd3050316e694daa03bb5501c6ba365d,Physical 1-based order is canonical; execution_count is historical evidence only.
324,22,code,Stage20,canonical,CELL 87D | STAGE 20.1B4D — PACKET-REPRODUCIBLE FLOW-SIGNATURE | LABEL DETERMINISM AUDIT | The previous audit proved that:,\n{source_name}; stage20_1b4d_signature_determinism_by_source.csv; signature and a corrected/relabelled source should,\nLocal outputs:,,1,1715,f55dfd76388791cfdc40c85f8de38187f0b27edbf2c8e2a95865555a6f3c3a7e,Physical 1-based order is canonical; execution_count is historical evidence only.
325,23,code,Stage20,canonical,CELL 87E | STAGE 20.1B4E — PACKET→LABEL RECONSTRUCTION PROTOCOL FREEZE | Scientifically close the metadata-side packet-label | reconstruction design BEFORE any raw PCAP is downloaded.,stage20_1b3_source_hygiene_audit.csv,,,3,2208,a602ac692169cef84ff920de4ba59f33722df13e82129b4404bd7d93a1798858,Physical 1-based order is canonical; execution_count is historical evidence only.
326,24,code,Stage20,recovery,CELL 88 | STAGE 20.1C1 — MONDAY RAW PCAP ACQUISITION + INTEGRITY LOCK | Acquire ONLY the Monday CICIDS2017 raw PCAP and verify its | already-frozen exact byte identity BEFORE packet parsing.,datasets/bvsam/cic-ids-2017/; Remaining download: {human_bytes(remaining_download)}\n; does not match the frozen source identity.\n; \nStarting/resuming Monday-only download...; Monday PCAP download interrupted or failed.\n; \nDownloaded Monday size:; \nSource identity,,,3,1337,58439edd5540fc85095417d60cea2775ef6edd7e8844905d998b5641802417b3,Physical 1-based order is canonical; execution_count is historical evidence only.
327,25,code,Stage20,canonical,CELL 88X | STAGE 20.1C1 — NATIVE HF XET HIGH-PERFORMANCE ACQUISITION | TRANSPORT CHANGE ONLY. | Same frozen Monday source:,\nStarting native Xet download...; \nDownloaded bytes:,,,5,677,055a1a7a553b1df59a361d4957d8efc474fa8b8b1848da751ba7cf296a54c3e3,Physical 1-based order is canonical; execution_count is historical evidence only.
328,26,code,Stage20,canonical,CELL 89 | STAGE 20.1C2 — BOUNDED MONDAY PACKET SCHEMA + | DIRECTED-FLOW ALIGNMENT SMOKE AUDIT | Read only a bounded prefix of the verified Monday PCAP and,,,,1,2528,80a1269203010b6d1b51b02d1436193862ccd81b95eb5269b2eefb6899b4b478,Physical 1-based order is canonical; execution_count is historical evidence only.
329,27,code,Stage20,repair,CELL 89R | STAGE 20.1C2R — TIMESTAMP-UNIT-SAFE MONDAY ALIGNMENT REPAIR | REPAIR SCOPE ONLY | Cell 89 treated a pandas datetime64[us] integer representation,,,,1,1738,b637941e1be26f8db01ea230e3c6029637aca8d7f9b7966ad279ccaf06b3372a,Physical 1-based order is canonical; execution_count is historical evidence only.
330,28,code,Stage20,canonical,CELL 90 | STAGE 20.1C2S — ORIGINAL CICIDS2017 LABEL SERIALIZATION AUDIT | Verify how the ORIGINAL GeneratedLabelledFlows Monday CSV | stores:,\nDownloading original; \nRequired original fields:; \nOriginal source,,,3,1974,7f71f736f8da0f5c91a2bf10d8acc298028a4a2e58769f8a9a1a6d2e0d3469c7,Physical 1-based order is canonical; execution_count is historical evidence only.
331,29,code,Stage20,repair,CELL 90R-A | STAGE 20.1C2S-A — ORIGINAL LABEL ARCHIVE ACQUISITION REPAIR | TRANSPORT REPAIR ONLY. | Downloads:,\nDownloading GeneratedLabelledFlows.zip,stage20_1c2s_a_original_label_archive_acquisition.json; \nExisting archive:; \nArchive integrity:,,2,979,58a41b3659a3aaeba160f77789e77e2de732266d2847743d9644c99218879c58,Physical 1-based order is canonical; execution_count is historical evidence only.
332,30,code,Stage20,packaging,CELL 90R-B | STAGE 20.1C2S-A1 — RESOLVE ORIGINAL LABEL ARCHIVE PATH | METADATA ONLY. | No downloads.,\nDownloads: 0,,,1,239,9cef85a38adce66c6ed4a10d6424022a23a85f97d021ac4c2b3aec2600baf416,Physical 1-based order is canonical; execution_count is historical evidence only.
333,31,code,Stage20,packaging,CELL 90R-C | STAGE 20.1C2S-A2 — RESOLVED ORIGINAL LABEL ARCHIVE ACQUISITION | TRANSPORT / INTEGRITY ONLY. | Resolved artifact:,\nDownloading:,stage20_1c2s_a2_original_label_archive_acquisition.json,,6,921,d05a6886602f2bfb55b0610a08d0aea403e607fee80412b6213c656728b7f700,Physical 1-based order is canonical; execution_count is historical evidence only.
334,32,code,Stage20,canonical,CELL 91 | STAGE 20.1C2S-B | ORIGINAL MONDAY LABEL SERIALIZATION + EQUIVALENCE AUDIT | Compare the ORIGINAL CICIDS2017 Monday GeneratedLabelledFlows,\nResolved original required fields:; \nOriginal source identity,stage20_1c2s_a2_original_label_archive_acquisition.json,,1,2142,8c302daf0a940f4b2cdbb34c77c51e9c79906b4bdc1a759a855ce7e0735169ab,Physical 1-based order is canonical; execution_count is historical evidence only.
335,33,code,Stage20,repair,CELL 92 | STAGE 20.1C2T | SOURCE-FAITHFUL CICFLOWMETER TIMESTAMP CANONICALIZATION AUDIT | Validate ONE source-derived timestamp rule before S4:,stage20_1c2t_source_faithful_timestamp_audit.json; \nSource-derived timestamp rule,,,1,1859,b8dc18f2acb5fcbb5b6b0226f9620383991e8f25b1c299d5ae6a1ac9f2163ea4,Physical 1-based order is canonical; execution_count is historical evidence only.
336,34,code,Stage20,canonical,CELL 93 | STAGE 20.1C3 — BOUNDED EXACT S4 RECONSTRUCTION PILOT | First actual packet -> CICFlowMeter-compatible S4 | reconstruction test.,stage20_1c2t_source_faithful_timestamp_audit.json,,,1,3116,a369b10787ab38898a4931ade9028a39274657308ef5a0cc55362d1d0b946c9e,Physical 1-based order is canonical; execution_count is historical evidence only.
337,35,code,Stage20,canonical,CELL 94 | STAGE 20.1C4 — BOUNDED S4 DISCREPANCY FORENSIC | Diagnose WHY exact frozen S4 reconstruction matched only | 207 / 602 completed flows in Stage 20.1C3.,stage20_1c2t_source_faithful_timestamp_audit.json,,,1,3059,c4dfcb226546309f40f8a1639cdc9b876a1c8105fbb538c30f879a4483bd8033,Physical 1-based order is canonical; execution_count is historical evidence only.
338,36,code,Stage20,canonical,CELL 95 | STAGE 20.1C5 | HISTORICAL-SOURCE CICFLOWMETER S4 REPLICATION PILOT | HISTORICAL SOURCE ANCHOR,stage20_1c5_historical_source_s4_replication.json; \nComparison with current-source replication,,,1,2453,9d4cc510fdae19a8ec1f783b1077a5efe0f008dea5527b53b4af0708e84d4357,Physical 1-based order is canonical; execution_count is historical evidence only.
339,37,code,Stage20,canonical,CELL 96 | STAGE 20.1C6 | HISTORICAL-SOURCE S4 DISCREPANCY FORENSIC | Diagnose remaining mismatches after Stage 20.1C5 historical,stage20_1c5_historical_source_s4_replication.json,,,1,2688,8d25fe85213aab9cba43c9812c8dd1d30806e22b7579aecc6530bbd75d398fe9,Physical 1-based order is canonical; execution_count is historical evidence only.
340,38,code,Stage20,canonical,CELL 97 | STAGE 20.1C7 | HISTORICAL HASHMAP FLAG-SERIALIZATION AUDIT | Test one independently source-derived explanation for the,\nSOURCE-DERIVED JAVA HASHMAP ORDER; \nHeader position -> source semantic flag:,,,1,1960,c41f8e62a936d7ba0c1fe761bba8d908c2c3ebe151048ffedbd60540b7dba15f,Physical 1-based order is canonical; execution_count is historical evidence only.
341,39,code,Stage20,repair,CELL 98 | STAGE 20.1C8 | SOURCE-DERIVED FLAG-SERIALIZATION CORRECTION FREEZE | Git-anchor the independently established historical,,,,2,1296,b6d0ea775030c1f09cee7b64ffc9b3ad330e9a509c3dff380c26ca82183a106f,Physical 1-based order is canonical; execution_count is historical evidence only.
342,40,code,Stage20,repair,CELL 98R | STAGE 20.1C8 — LOCAL COMMIT PUSH RECOVERY | REPAIR ONLY. | Cell 98 already created the scientific freeze commit locally.,,,results/stage20_flag_serialization_correction/; docs/STAGE20_1C8_FLAG_SERIALIZATION_CORRECTION.md,2,1108,1b6f932d3970698d64a869c235ff958c3dea3fdf6ec7d829cbf1deca2d8f97a0,Physical 1-based order is canonical; execution_count is historical evidence only.
343,41,code,Stage20,canonical,CELL 98R2 | STAGE 20.1C8 — PUSH TRANSPORT / AUTH FORENSIC | DIAGNOSTIC ONLY. | We already know:,,,,1,920,281f6cd920ab2d5bdd0f83023d8dd3424551d03c796537a84fd0c21726c3fe53,Physical 1-based order is canonical; execution_count is historical evidence only.
344,43,code,Stage20,canonical,CELL 98R3 | STAGE 20.1C8 — AUTHENTICATED EXACT-COMMIT PUSH | Push the ALREADY-CREATED local Stage20.1C8 commit: | 8b34b13b39738e7ae16626a65b2de586af088c46,,,,1,766,7c69cd37a22dd2cbd95d52b45faa6b0f4d894bd67a5c64b4da56b5d33cd9ba76,Physical 1-based order is canonical; execution_count is historical evidence only.
345,44,code,Stage20,repair,"CELL 99 | STAGE 20.1C9 | CORRECTED HISTORICAL EXACT-S4 REPLICATION PILOT | Repeat the bounded first-50,000-packet exact S4 pilot after",,,,1,3284,0ac3437f5a3b5b9658452fad3fb91e8a411adab543f6b2d6c97178b221f24bb4,Physical 1-based order is canonical; execution_count is historical evidence only.
346,45,code,Stage20,canonical,CELL 100 | STAGE 20.1C10 | RESIDUAL CORRECTED-S4 LOCALIZATION FORENSIC | Explain the remaining 38 / 675 unmatched flows from,,,,1,2586,b55ef72c7c4d8d7a454b04a81c473a5e4eabc6939ea288bdd2904f935b772497,Physical 1-based order is canonical; execution_count is historical evidence only.
347,1,code,Stage20,canonical,CELL 101 | STAGE 20.1C11 | DIRECT JNETPCAP-vs-SCAPY PACKET PAYLOAD AUDIT | Determine whether the remaining Stage20 length discrepancy,"stage20_1c11_direct_jnetpcap_vs_scapy_payload_audit.json; \nDownloading:; {PAYLOAD_EXACT:,} /",,,1,2311,6bc8a2b853a63cc06b14a653310275a86df1d7bd326d86ec95729b2b8d28ee27,Physical 1-based order is canonical; execution_count is historical evidence only.
348,2,code,Stage20,recovery,STAGE 20 — KAGGLE SESSION RECOVERY R0 | RUNTIME / REPOSITORY / LOCAL-SOURCE INVENTORY | Recover from a Kaggle kernel/session reset. | This cell:,/kaggle/input,,,1,810,26bb6980cbff8c2258e52d85da2ac1ae9585d8185929063aa8002e088a743b65,Physical 1-based order is canonical; execution_count is historical evidence only.
349,3,code,Stage20,recovery,STAGE 20 — KAGGLE SESSION RECOVERY R1 | MONDAY DEVELOPMENT SOURCE REACQUISITION | Restore the exact Monday CICIDS2017 development artifacts | lost by the Kaggle session reset:,stage20_session_recovery_r1_monday_sources.json; https://huggingface.co/datasets/; \nDownloading:,\n{destination.name} already exists.,,2,1277,a0e32bdd12e6bae65c0f595bdf46875261aa8f684ce065fad6c2528c5f7e5038,Physical 1-based order is canonical; execution_count is historical evidence only.
350,4,code,Stage20,recovery,STAGE 20 — SESSION RECOVERY R1X | XET-ACCELERATED MONDAY SOURCE REACQUISITION | Recover EXACT frozen Monday development sources after the | Kaggle session reset using Hugging Face Xet:,stage20_session_recovery_r1x_monday_sources.json,,,8,1533,3ffa6efa22ba310c66775ef4e9493c5887ff0a4d03f02b3d8384ce84126f9132,Physical 1-based order is canonical; execution_count is historical evidence only.
351,5,code,Stage20,repair,"STAGE 20 — SESSION RECOVERY R2 | REPRODUCE STAGE 20.1C9 BOUNDED EXACT-S4 PILOT | Regenerate the runtime-only Cell 99 record lost in the | Kaggle reset by REEXECUTING the same frozen 50,000-packet",,,,1,1699,d73ca1b59165cbf313daf52b353f58be00004fd2b353e64d672fe33a1ea21c41,Physical 1-based order is canonical; execution_count is historical evidence only.
352,6,code,Stage20,recovery,STAGE 20 — SESSION RECOVERY R3 | REPRODUCE STAGE 20.1C10 RESIDUAL LOCALIZATION | Recreate the runtime-only Stage20.1C10 forensic record lost | during the Kaggle reset.,,,,1,1918,a7357f4dff042ce60ec1c1277e19b9d1036ba729715dfa25a7272924eea2c3ae,Physical 1-based order is canonical; execution_count is historical evidence only.
353,7,code,Stage20,canonical,"CELL 101 | STAGE 20.1C11 | DIRECT PINNED JNETPCAP-vs-SCAPY PACKET PAYLOAD AUDIT | Compare, packet by packet, the payload length produced by:","stage20_1c11_direct_jnetpcap_vs_scapy_payload_audit.json; \nDownloading:; {PAYLOAD_EXACT:,} /",,,2,2623,7e51407d92d9150e83912e36a00adf47fbb01d10580177df6ebc771dccfa5331,Physical 1-based order is canonical; execution_count is historical evidence only.
354,8,code,Stage20,canonical,CELL 101R | STAGE 20.1C11 — PINNED JNETPCAP RUNTIME FAILURE DIAGNOSTIC | DIAGNOSTIC ONLY. | NO:,stage20_1c11_direct_jnetpcap_vs_scapy_payload_audit.json,,,1,386,e1795e752cfe20e38e1a8c2d99583a724ff8134a284ec621c5b89916517c3831,Physical 1-based order is canonical; execution_count is historical evidence only.
355,9,code,Stage20,repair,CELL 101R2 | STAGE 20.1C11 | PINNED JNETPCAP NATIVE-DEPENDENCY REPAIR | Repair ONLY the runtime environment discovered by 101R:,stage20_1c11_direct_jnetpcap_vs_scapy_payload_audit.json,,,1,1128,1cdd212d8dc0e7c3bbc2a1bb35d4f4e7db5fe8ed2b517372ea1e054b96044ca0,Physical 1-based order is canonical; execution_count is historical evidence only.
356,10,code,Stage20,repair,CELL 101R3 | STAGE 20.1C11 | DIRECT PINNED JNETPCAP-vs-SCAPY PAYLOAD AUDIT | AFTER VERIFIED NATIVE-DEPENDENCY REPAIR,"stage20_1c11_direct_jnetpcap_vs_scapy_payload_audit.json; {PAYLOAD_EXACT:,} /",,,2,2158,ea4c922ebd2abac2a05787858315f53326ce4591eb1ba551d0a66bf047017d0e,Physical 1-based order is canonical; execution_count is historical evidence only.
357,11,code,Stage20,canonical,CELL 101R4 | STAGE 20.1C11 | JNETPCAP-vs-SCAPY PACKET-IDENTITY DISAGREEMENT FORENSIC | Determine WHY the direct decoder identity merge failed.,stage20_1c11_direct_jnetpcap_vs_scapy_payload_audit.json,,,1,1514,26429c26ffff3c5726c07a5323fea5f301d64f1604dacdfd94876fd69b5209b5,Physical 1-based order is canonical; execution_count is historical evidence only.
358,12,code,Stage20,canonical,CELL 101R5 | STAGE 20.1C11 | JNETPCAP-ONLY UDP ROW-PRESENCE / IPv4 FRAGMENT FORENSIC | Explain the 29 jNetPcap-only packet indices found by R4.,,,,1,1391,96d6fcf57240c120886a31ca8f9f92fa7067701b07c5be24789948fe4490606e,Physical 1-based order is canonical; execution_count is historical evidence only.
359,13,code,Stage20,repair,STAGE 20.1C11R6 | FREEZE JNETPCAP FORENSIC CHAIN + PUSH TO GITHUB | Persist the post-reset bounded Stage20 forensic chain: | Stage20.1C9 corrected exact-S4 reproduction,,,docs/STAGE20_1C11_JNETPCAP_FORENSIC_CHECKPOINT.md; results/stage20_jnetpcap_forensic/*.json; results/stage20_jnetpcap_forensic/checksums.sha256; results/stage20_jnetpcap_forensic/,2,1581,d05a0623ba2aaf5d22b29b63f639ea5e21139d5d6add00a3f2f305d4d7ddfc41,Physical 1-based order is canonical; execution_count is historical evidence only.
360,14,code,Stage20,repair,STAGE 20.1C11R6-FIX | CONTINUE STAGED CHECKPOINT -> COMMIT -> PUSH | Repairs ONLY the git-config handling bug from R6. | Expected current state:,,,docs/STAGE20_1C11_JNETPCAP_FORENSIC_CHECKPOINT.md; results/stage20_jnetpcap_forensic/; results/stage20_jnetpcap_forensic/checksums.sha256,1,850,c66fd1fceeb94cb363f57499dc1ef8efd45d590df03a34d0bf4dcaaa9a556e1c,Physical 1-based order is canonical; execution_count is historical evidence only.
361,15,code,Stage20,repair,STAGE 20.1C11R6-FIX | CONTINUE STAGED CHECKPOINT -> COMMIT -> PUSH | Repairs ONLY the git-config handling bug from R6. | Expected current state:,,,docs/STAGE20_1C11_JNETPCAP_FORENSIC_CHECKPOINT.md; results/stage20_jnetpcap_forensic/; results/stage20_jnetpcap_forensic/checksums.sha256,2,850,c66fd1fceeb94cb363f57499dc1ef8efd45d590df03a34d0bf4dcaaa9a556e1c,Physical 1-based order is canonical; execution_count is historical evidence only.
362,16,code,Stage20,repair,STAGE 20.1C11R6-FIX2 | VERIFY EXISTING LOCAL CHECKPOINT COMMIT + PUSH EXACT SHA | CURRENT OBSERVED HEAD: | 4c991338ccdae8669d3a4b0461c4406fbc6bf3d3,\nNo push required; exact commit is already on origin/main.,,docs/STAGE20_1C11_JNETPCAP_FORENSIC_CHECKPOINT.md; results/stage20_jnetpcap_forensic/; results/stage20_jnetpcap_forensic/checksums.sha256,1,1283,03a64ff0deabf59d72a60e2797d2805738eebfeb2d75c25e926869d1fc435744,Physical 1-based order is canonical; execution_count is historical evidence only.
363,17,code,Stage20,canonical,STAGE 20.1C12 | EXACTLY-ALIGNED TCP-ONLY | JNETPCAP-vs-SCAPY PAYLOAD SEMANTICS AUDIT | Compare payload-length semantics ONLY for raw packet indices,"stage20_1c12_exact_tcp_jnetpcap_vs_scapy_payload_audit.json; {PAYLOAD_EXACT:,} /",,,1,1338,50b179846c2a097adf181d97a4938863993e80d80805a59c23ae2c7d36083312,Physical 1-based order is canonical; execution_count is historical evidence only.
364,19,code,Stage20,canonical,STAGE 20.1C13 | TCP PAYLOAD PROTOCOL-GEOMETRY FORENSIC | Explain the jNetPcap-vs-Scapy TCP payload disagreement | independently from labels and independently from S4.,stage20_1c12_exact_tcp_jnetpcap_vs_scapy_payload_audit.json; jNetPcap == IPv4/TCP declared payload:; Scapy == IPv4/TCP declared payload:; jNetPcap minus IPv4/TCP declared payload; Scapy minus IPv4/TCP declared payload,,,1,1938,a9ec4925d7cd66dbb013b2fffa95bd7a9b6d0d71471bc10eec6b3cb15da8beb6,Physical 1-based order is canonical; execution_count is historical evidence only.
365,18,code,Stage20,canonical,"from pathlib import Path checks = { ""repo"": Path(""/kaggle/working/ids2018-validation-safe-ablation""), ""C12 record"": Path(""/kaggle/working/stage20_1c12_exact_tcp_jnetpcap_vs_scapy_payload_audit.json""), ""Monday PCAP"": Path(""/kaggle/working/stage20_development_sources/pcap/Monday-WorkingHours.pcap""), ""jnet in memory"": ""jnet"" in globals(), ""scapy in memory"": ""scapy"" in globals(), } for k, v in checks.items(): if isinstance(v, Path): print(f""{k:<20}: {'PRESENT' if v.exists() else 'MISSING'}"") else: p",/kaggle/working/stage20_1c12_exact_tcp_jnetpcap_vs_scapy_payload_audit.json; /kaggle/working/stage20_development_sources/pcap/Monday-WorkingHours.pcap,,,1,15,629dbe763a0bef593aa38f0e8e112bdce3de0325ac82b80f8af7cb3a25154a31,Physical 1-based order is canonical; execution_count is historical evidence only.
366,20,code,Stage20,canonical,STAGE 20.1C14 | FREEZE PROTOCOL-DERIVED JNETPCAP TCP PAYLOAD SEMANTICS | + PUSH TO GITHUB | Freeze Stage20.1C12 + Stage20.1C13 BEFORE any application,stage20_1c12_exact_tcp_jnetpcap_vs_scapy_payload_audit.json; STAGE20_1C14_TCP_PAYLOAD_SEMANTICS_FREEZE.md; docs/STAGE20_1C14_TCP_PAYLOAD_SEMANTICS_FREEZE.md; results/stage20_tcp_payload_semantics/; results/stage20_tcp_payload_semantics/checksums.sha256,,docs/STAGE20_1C14_TCP_PAYLOAD_SEMANTICS_FREEZE.md; results/stage20_tcp_payload_semantics/; results/stage20_tcp_payload_semantics/checksums.sha256,2,1334,92040e56d5bb99a95ecf190b0fc7e18a01f3a68a5d59eb861fde75610b47da64,Physical 1-based order is canonical; execution_count is historical evidence only.
367,21,code,Stage20,canonical,"STAGE 20.1C14-R1 | CORRECTED TCP PAYLOAD SEMANTICS FREEZE + GITHUB PUSH | Fix: | c13[""alternative_formula_fitted""]",stage20_1c12_exact_tcp_jnetpcap_vs_scapy_payload_audit.json; STAGE20_1C14_TCP_PAYLOAD_SEMANTICS_FREEZE.md; docs/STAGE20_1C14_TCP_PAYLOAD_SEMANTICS_FREEZE.md; results/stage20_tcp_payload_semantics/; results/stage20_tcp_payload_semantics/checksums.sha256,,docs/STAGE20_1C14_TCP_PAYLOAD_SEMANTICS_FREEZE.md; results/stage20_tcp_payload_semantics/; results/stage20_tcp_payload_semantics/checksums.sha256,1,1162,caa841fe440ccd8490abb65036ebd1843cd72468a6270ffb92aebe8c05fe134a,Physical 1-based order is canonical; execution_count is historical evidence only.
368,22,code,Stage20,canonical,STAGE 20.1C15-P | RECONSTRUCTION RUNTIME-STATE PREFLIGHT | Inspect ONLY the existing runtime state needed to construct | the pre-frozen TCP-payload residual validation cell.,stage20_1c12_exact_tcp_jnetpcap_vs_scapy_payload_audit.json,,,2,451,f640f7b24e0a401132d16b19e5003ed7169d573a22edaddceb2019aa1eae8411,Physical 1-based order is canonical; execution_count is historical evidence only.
369,23,code,Stage20,canonical,STAGE 20.1C15-P-R1 | CORRECTED RECONSTRUCTION RUNTIME-STATE PREFLIGHT | Fix: | never iterate directly over globals().items(),stage20_1c12_exact_tcp_jnetpcap_vs_scapy_payload_audit.json,,,1,1015,466e75964a81f91b25815615a5689ed45e4423bcb5ab05881e770881195a0986,Physical 1-based order is canonical; execution_count is historical evidence only.
370,1,code,Stage20,recovery,STAGE 20 SESSION RECOVERY R4 | RESTORE POST-C14 FROZEN STATE AFTER KAGGLE/POWER RESET | Restore ONLY: | 1. exact GitHub scientific checkpoint,stage20_1c12_exact_tcp_jnetpcap_vs_scapy_payload_audit.json; STAGE20_1C14_TCP_PAYLOAD_SEMANTICS_FREEZE.md,,,6,993,7b104f5f576c7ad9e3dfd585152f13f01082af14bd8bda506f34a77610f9b8e1,Physical 1-based order is canonical; execution_count is historical evidence only.
371,2,code,Stage20,canonical,STAGE 20.1C15-R | POST-RESET SELF-CONTAINED | PRE-FROZEN TCP PAYLOAD RULE S4 RESIDUAL VALIDATION | PRE-FROZEN RULE:,stage20_1c12_exact_tcp_jnetpcap_vs_scapy_payload_audit.json; STAGE20_1C14_TCP_PAYLOAD_SEMANTICS_FREEZE.md; stage20_1c15r_frozen_tcp_payload_residual_validation.json,,,2,3186,ccb066b005cb0ff2509348812ba5beb0a5972576f65253c0e2c8d388675a0fb9,Physical 1-based order is canonical; execution_count is historical evidence only.
372,3,code,Stage20,canonical,STAGE 20.1C15-R-D1 | POST-RESET BASELINE REPRODUCTION DRIFT DIAGNOSTIC | Diagnose why the self-contained replay failed to reproduce | the frozen 637/675 baseline.,Required failed-cell runtime state is missing:\n,,,1,509,4bf72747c63da20a6737df9ee2d2b2ab435ed38b66545d99b3342065c6026441,Physical 1-based order is canonical; execution_count is historical evidence only.
373,4,code,Stage20,canonical,STAGE 20.1C15-R-D2 | BASELINE TIMESTAMP SERIALIZATION REPRODUCTION | ESTABLISHED INDEPENDENTLY: | Original Monday CICIDS2017 CSV:,Required C15-R/D1 runtime objects are missing:\n,,,1,637,74d6f9fdb20d52e19014a547885cd3f19a1b83680890265ab9460bcb488fc076,Physical 1-based order is canonical; execution_count is historical evidence only.
374,5,code,Stage20,canonical,STAGE 20.1C15-R-D3 | TWO-FLOW LIFECYCLE DRIFT LOCALIZATION | Diagnose ONLY the 2 lifecycle mismatches remaining after | restoring whole-second Timestamp serialization.,Required D2 runtime state missing:\n,,,1,750,cb4b8e3a93ff6791ca7ca798a217b243bee762a303049d5712f87d37e56e3382,Physical 1-based order is canonical; execution_count is historical evidence only.
375,6,code,Stage20,repair,STAGE 20.1C15-R-D4 | RAW-PCAP FORENSIC FOR TWO DURATION-ONLY DISAGREEMENTS | Inspect the raw first-50k Monday packet sequence for the | TWO exact TCP 5-tuples with lifecycle-duration disagreement.,,,,1,1100,aa1253e0183384db3543fd3f1f2aeaf865d739334f262808a2526cf99222301e,Physical 1-based order is canonical; execution_count is historical evidence only.
376,7,code,Stage20,repair,STAGE 20.1C15-R-D5 | FREEZE SOURCE-FAITHFUL BASELINE ERRATUM | BEFORE TCP RESIDUAL VALIDATION | Freeze the corrected interpretation of the bounded Monday,stage20_1c15r_d5_source_faithful_baseline_erratum.json; STAGE20_1C15R_D5_SOURCE_FAITHFUL_BASELINE_ERRATUM.md; docs/STAGE20_1C15R_D5_SOURCE_FAITHFUL_BASELINE_ERRATUM.md; Required D2-D4 runtime state missing:\n; \nSource-faithful exact S4:,,docs/STAGE20_1C15R_D5_SOURCE_FAITHFUL_BASELINE_ERRATUM.md; results/stage20_c15_baseline_erratum/checksums.sha256; results/stage20_c15_baseline_erratum/,1,1080,0c3cce6eb37fbd53e4a7243e989fc47f3edc37327eaf04ad068aecc521a97a75,Physical 1-based order is canonical; execution_count is historical evidence only.
377,8,code,Stage20,canonical,STAGE 20.1C15-R-V1 | PRE-FROZEN TCP PAYLOAD SEMANTICS | FINAL BOUNDED S4 RESIDUAL VALIDATION | PRE-FROZEN TCP RULE:,stage20_1c15r_d5_source_faithful_baseline_erratum.json; stage20_1c15r_v1_frozen_tcp_payload_residual_validation.json; Required runtime state missing:\n; Duration/export cases repaired by payload:,,,1,1893,4d7f9e58ad163b4d445b599c85a7ad96a08a3fc5f62515c68c3939848d9773f8,Physical 1-based order is canonical; execution_count is historical evidence only.
378,9,code,Stage20,repair,STAGE 20.1C15-R-V2 | FREEZE NEGATIVE GLOBAL TCP PAYLOAD VALIDATION RESULT | Permanently record that the independently frozen | jNetPcap/protocol-derived TCP payload rule:,stage20_1c15r_v1_frozen_tcp_payload_residual_validation.json; STAGE20_1C15R_V1_TCP_PAYLOAD_VALIDATION.md; docs/STAGE20_1C15R_V1_TCP_PAYLOAD_VALIDATION.md; results/stage20_c15_payload_validation/; results/stage20_c15_payload_validation/checksums.sha256,,docs/STAGE20_1C15R_V1_TCP_PAYLOAD_VALIDATION.md; results/stage20_c15_payload_validation/; results/stage20_c15_payload_validation/checksums.sha256,1,981,a614a83e22d0bbbee270de9800507dd001e2370eb3c579774a62bd43841004d8,Physical 1-based order is canonical; execution_count is historical evidence only.
379,10,code,Stage20,canonical,Stage20.1C16-A — Transition Cohort Manifest Freeze | Freeze the four already-observed V1 transition cohorts: | A: exact -> exact = 295 | B: exact -> absent = 340,stage20_1c15r_v1_frozen_tcp_payload_residual_validation.json; {STAGE_ID} BLOCKED: required V1 runtime objects are missing:\n  -,"Expected:\n{json.dumps(EXPECTED_TRANSITIONS, indent=2)}\n; Actual:\n{json.dumps(actual_transition_counts, indent=2)}",,1,915,ffa442d9637933e8c40f0753f7d31b12b3a256fe2c0e3cd79b82d979f952ae77,Physical 1-based order is canonical; execution_count is historical evidence only.
380,1,code,Stage20,recovery,Stage20 Recovery Preflight — Fresh Kaggle Session | NO PCAP read | NO label read | NO download,/kaggle/working/stage20_development_sources/; /kaggle/input; \nMatching files under /kaggle/input:; stage20_1c15r_v1_frozen_tcp_payload_residual_validation.json,,,1,219,53b404c410585450148376dd90367a1618736d71be5b1dfa81d7ccaf8eb8607d,Physical 1-based order is canonical; execution_count is historical evidence only.
381,2,code,Stage20,recovery,Stage20-R1 — Exact Frozen Repository Recovery | Restore the Git repository after total Kaggle reset and | pin it to the exact frozen Stage20 C15-R/V1 commit. | DOES NOT:,docs/STAGE20_1C14_TCP_PAYLOAD_SEMANTICS_FREEZE.md; docs/STAGE20_1C15R_D5_SOURCE_FAITHFUL_BASELINE_ERRATUM.md; docs/STAGE20_1C15R_V1_TCP_PAYLOAD_VALIDATION.md; results/stage20_c15_payload_validation/; stage20_1c15r_v1_frozen_tcp_payload_residual_validation.json,,docs/STAGE20_1C11_JNETPCAP_FORENSIC_CHECKPOINT.md; docs/STAGE20_1C14_TCP_PAYLOAD_SEMANTICS_FREEZE.md; docs/STAGE20_1C15R_D5_SOURCE_FAITHFUL_BASELINE_ERRATUM.md; docs/STAGE20_1C15R_V1_TCP_PAYLOAD_VALIDATION.md; results/stage20_c15_payload_validation/,1,227,8e567ae25662fae27ad8e4a4383cbb8ddc22d571ed80eeb895a1ca57e7816ab9,Physical 1-based order is canonical; execution_count is historical evidence only.
382,3,code,Stage20,recovery,Stage20-R2 — Exact Monday Development Source Recovery | Restore the two exact Stage20 Monday development artifacts: | PCAP: | Monday-WorkingHours.pcap,/kaggle/working/stage20_development_sources; https://huggingface.co/datasets/; Existing PCAP is larger than the frozen source.\n; frozen source.\n; Repository working tree changed during source recovery:\n,Download failed for:\n{destination}\n\n,,2,514,75915185c82e473adaeb90cfcbda01c058497cbc21615560de1cf9672d39af75,Physical 1-based order is canonical; execution_count is historical evidence only.
383,4,code,Stage20,recovery,Stage20-R2 — Exact Monday Source Recovery via Hugging Face Xet | USES: | huggingface_hub + hf_xet | DOES NOT USE:,/kaggle/working/stage20_development_sources; \nXet downloads complete.; \nStarting Xet download...; \nVerifying frozen source identities...,,,5,655,7192a40cdb10198c7903926fcb969c8e3dc74e8e1c7a8e8c3d5cc563dc7b0552,Physical 1-based order is canonical; execution_count is historical evidence only.
384,5,code,Stage20,recovery,Stage20-R3A — Recovery Code Inventory | Find any committed Stage20 reconstruction/recovery code | before rebuilding runtime state. | NO PCAP READ,,,,1,297,f2745ecb5315b006877b0cc36901cb0f9f23170efcdbd5017453e2d847e8e503,Physical 1-based order is canonical; execution_count is historical evidence only.
385,6,code,Stage20,recovery,Stage20-R3B — Pinned CICFlowMeter Source Recovery | Recover and inspect the exact historical CICFlowMeter | runtime snapshot previously pinned by Stage20. | PINNED SNAPSHOT,\nRelevant Java source files:; copy of each required Java source file.\n; \nRequired Java sources:,,,1,625,e4b92f7d6ae81f99c02df8033b3d67533b3b2fab547e8cac1da0ce5e6cfbf7c3,Physical 1-based order is canonical; execution_count is historical evidence only.
386,7,code,Stage20,canonical,Stage20-R3C — Historical Source Semantic Reconciliation | Compare the two already-frozen CICFlowMeter source roles: | A) Historical public source snapshot used for source-derived | reconstruction semantics:,\nSource roles:; \nSource blob identities:,,,1,796,5b3bc9ec24aa910cdd8a75011739d1b0429ccb66f923d422f227ffc115d38b18,Physical 1-based order is canonical; execution_count is historical evidence only.
387,12,code,Stage20,canonical,Stage20-R3D-D1 — Packet 2765 Decoder Diagnostic | Determine why an IPv4 packet whose protocol field is 17 | does not expose a Scapy UDP layer. | BOUND:,stage20_development_sources/,,,1,445,5d646f48130bff33c893b568c2749e7a4037e80e89a19815ca6cdafc589aad6c,Physical 1-based order is canonical; execution_count is historical evidence only.
388,13,code,Stage20,repair,Stage20-R3D — Deterministic First-50k Runtime Reconstruction | FULL REPAIRED VERSION — fragment-safe parser | FROZEN SEMANTICS: | historical flow/export source:,stage20_development_sources/; stage20_c15_payload_validation/; frozen_tcp_payload_residual_validation.json; source-faithful baseline membership drift\n; source-faithful baseline multiset drift\n; \nSource-faithful baseline:,,,2,3208,7bca357abf0b17838387ab46e4118aba886c889ad735c198585fc3c944d07a87,Physical 1-based order is canonical; execution_count is historical evidence only.
389,14,code,Stage20,canonical,Stage20-R3D-D2 — Global S4 Mismatch Localization | Uses runtime objects already created by failed R3D. | NO PCAP reread. | NO label reread.,,,,1,291,9b8e91c4decb0f1d8f3f90d92d0429c9fa32142d6dc42d016834057e6a0577d7,Physical 1-based order is canonical; execution_count is historical evidence only.
390,16,code,Stage20,repair,Stage20-R3D-D4 — Restore Frozen Baseline Erratum | D3 correctly recovered the historical raw checkpoint: | 637 / 675 | Stage20.1C15-R-D5 subsequently froze TWO of those raw,{source_faithful_baseline_exact}/675; {source_faithful_corrected_exact}/675; source-faithful baseline != 635.\n,,,2,946,a89f06a15a33901cdcfebb6ef27a1f6e64d1ca0bc8005d9446ebe6adc467faeb,Physical 1-based order is canonical; execution_count is historical evidence only.
391,17,code,Stage20,canonical,Stage20-R3D-D4-D1 — Duration-case membership diagnostic | NO PCAP reread | NO label reread | NO reconstruction,,,,1,128,3e7bc8166cd65773010a9b8c16aec6a41970b2896b96e98bfc0ed7c429307422,Physical 1-based order is canonical; execution_count is historical evidence only.
392,16,code,Stage20,repair,Stage20-R3D-D4 — Restore Frozen Source-Faithful Erratum | CORRECTED VERSION | RAW recovered state: | baseline membership = 637 / 675,{source_faithful_baseline_exact}/675; {source_faithful_corrected_exact}/675,,,1,1019,ddeb483f98c544b381804d6a1b8c008bcc4d635248f158e61c9a843ba07a108b,Physical 1-based order is canonical; execution_count is historical evidence only.
393,1,code,Stage20,recovery,Stage20-R2-XET — Exact Monday Source Recovery | Restores ONLY: | Monday-WorkingHours.pcap | Monday traffic-label parquet,\nPCAP downloaded/cache-resolved:; \nLabel file downloaded/cache-resolved:; \nFrozen source revisions:,,,5,769,67b0f01fb5bcf12c1746dedb8b01b1152d13474bb2dd282830ab5b37fff19f4a,Physical 1-based order is canonical; execution_count is historical evidence only.
394,2,code,Stage20,recovery,Stage20 — Fresh Kaggle Runtime Bootstrap | Restores: | 1. GitHub repository at exact frozen Stage20 HEAD | 2. Scapy 2.6.1,\n[3/5] Preparing Monday source recovery...; \n[4/5] Downloading exact Monday PCAP...; \n[5/5] Downloading exact Monday labels...; \nFrozen source revisions:,,,5,1023,bfd0ec4ef0227dd54f2a450031df4959c3d586e5efa5e8269813cf63d79670cb,Physical 1-based order is canonical; execution_count is historical evidence only.
395,3,code,Stage20,repair,Stage20-R3D — Deterministic First-50k Runtime Reconstruction | FULL REPAIRED VERSION — fragment-safe parser | FROZEN SEMANTICS: | historical flow/export source:,stage20_development_sources/; stage20_c15_payload_validation/; frozen_tcp_payload_residual_validation.json; source-faithful baseline membership drift\n; source-faithful baseline multiset drift\n; \nSource-faithful baseline:,,,1,3208,7bca357abf0b17838387ab46e4118aba886c889ad735c198585fc3c944d07a87,Physical 1-based order is canonical; execution_count is historical evidence only.
396,7,code,Stage20,repair,Stage20 handoff source: :contentReference[oaicite:0]{index=0} | Stage20-R3D — FULL CORRECTED FROZEN RUNTIME RECONSTRUCTION | Scope: | * Monday only,/kaggle/working/stage20_development_sources/,,,1,1844,4bc33dfdb396caec8cfbcb9af4e3fa166af86a4203b7678ac0181302a3164b4f,Physical 1-based order is canonical; execution_count is historical evidence only.
397,5,code,Stage20,repair,Stage20-R3D PRE-RUN ENVIRONMENT REPAIR | Repair only the broken PyArrow installation. | Does NOT: | - read Monday PCAP,,,,1,98,ed207320a211346a94035ca42e24af835475f0e43fb714ccf347f992cfdb97d6,Physical 1-based order is canonical; execution_count is historical evidence only.
398,8,code,Stage20,canonical,Frozen Monday timestamps represent UTC.,/kaggle/working/stage20_development_sources/,,,2,211,b1a480299068751e5e3774c02cc2930f1ade3f58a1389ded57b9e13ab97abb5d,Physical 1-based order is canonical; execution_count is historical evidence only.
399,15,code,Stage20,canonical,Stage20-R3D — SOURCE-FAITHFUL BOUNDED RUNTIME RECONSTRUCTION | PRECONDITION: | label_counts already exists from the successful DuckDB Monday-label cell. | AUTHORIZED DATA:,/kaggle/working/stage20_development_sources/; Do NOT reload pandas/pyarrow; rerun only the successful DuckDB label cell.,,,2,1229,8350b64358adf9b8b5449435f2b89b0923c9621607298893b76a8ed1050be4e6,Physical 1-based order is canonical; execution_count is historical evidence only.
400,17,code,Stage20,canonical,Stage20-R3D-DIR1 — ISOLATE THE TWO DIRECTIONAL LENGTH-STAT ANOMALIES | PRECONDITION: | Run after the failed D5 continuation cell. | READS:,,,,2,474,e3216ca01244991110ad1049209c79a177d6f1aba5a77ec0399852262fc58c27,Physical 1-based order is canonical; execution_count is historical evidence only.
401,18,code,Stage20,canonical,Stage20-R3D-DIR2 — EXACT TWO-FLOW SOURCE-SEMANTICS CHECK | Runtime only. | No PCAP reread. | No label reread.,,,,1,201,e9401bda2694fc97598073b3097ba82c0d2e426f7249389d210da1706d77f70a,Physical 1-based order is canonical; execution_count is historical evidence only.
402,20,code,Stage20,canonical,Stage20-PERSIST-1 | PRESERVE CURRENT R3D / DIR2 STATE + INSTALL TOKEN-BASED PUSH HELPER | TOKEN: | Kaggle Secret name: GITHUB_TOKEN,The only two first-packet/stored-source orientation,,results/stage20_1c16_runtime_recovery/stage20_r3d_dir2_directional_semantics.json`; results/stage20_1c16_runtime_recovery/; docs/STAGE20_R3D_DIR2_DIRECTIONAL_SEMANTICS.md,3,698,1d1d23dbe5797e7998581a95a70ac6b68224ad8a7a605653380872716cbdb9d8,Physical 1-based order is canonical; execution_count is historical evidence only.
403,21,code,Stage20,canonical,"Stage20-PERSIST-1R — RECOVER FAILED COMMIT, THEN TOKEN PUSH + VERIFY | Preconditions: | - previous PERSIST-1 reached git commit and failed with exit 128 | - checkpoint files are already staged",,,results/stage20_1c16_runtime_recovery/; docs/STAGE20_R3D_DIR2_DIRECTIONAL_SEMANTICS.md,3,368,f867c7163e6731f90506ed982eb87e7ee2b9082e7bf53815ded97bcc1ffac75c,Physical 1-based order is canonical; execution_count is historical evidence only.
404,22,code,Stage20,canonical,Stage20-PERSIST-2 — CORRECT D5 PERSISTENCE STATE | Corrects ONLY the persistence mistake introduced in commit: | 8c531ae8da941e2dc928689215bfbeb225544dce | SCIENTIFIC STATE:,,,results/stage20_1c16_runtime_recovery/stage20_r3d_dir2_directional_semantics.json`; results/stage20_1c16_runtime_recovery/; docs/STAGE20_R3D_DIR2_DIRECTIONAL_SEMANTICS.md; docs/STAGE20_R3D_DIR2_D5_PERSISTENCE_ERRATUM.md,3,907,b98cb19abd864eff7948fcfccc793ff76527261646706c8a362f2cde8be01319,Physical 1-based order is canonical; execution_count is historical evidence only.
405,25,code,Stage20,canonical,"Stage20-1C16-A-DU1 — D-COHORT UNION FORENSIC CHECKPOINT | Purpose: | Diagnose the failed historical assertion: | D changed-position union == {9,10,12,13,14}",,,,3,731,51f2a4880d056d300e35bb8e39f8d1f9fd860057c45976dc0805d42b21cc3991,Physical 1-based order is canonical; execution_count is historical evidence only.
406,26,code,Stage20,recovery,Stage20-1C16-A-R2 — AUTHORITATIVE TRANSITION COHORT MANIFEST RECOVERY | Parent: | 9dd5e663caade7d4fa92e3222387edc82c23cc43 | Scientific state:,manifest_source_faithful_recovered.json; STAGE20_1C16A_SOURCE_FAITHFUL_MANIFEST_RECOVERY.md,,,3,1178,c73de8cb050aaacff4c8525c65a84e33256e2cdd1fd07d6ca6acb23c0c494e45,Physical 1-based order is canonical; execution_count is historical evidence only.
407,27,code,Stage20,canonical,Stage20-1C16-B — TRANSITION-COHORT TCP PACKET GEOMETRY | Parent: | ea8e5bf3b74eda2c0e7043817acb98eb50ba1bce | Scope:,,,,3,1610,d8373e10e1d017a275cc20803fe86a09c3ab5050ba44b4dd30d6a8fa419b10fc,Physical 1-based order is canonical; execution_count is historical evidence only.
408,28,code,Stage20,repair,Stage20-1C16-C — PACKET-GEOMETRY SIGN / POSITION PHENOTYPE | Parent: | f1e426c54718aaa5970ff63acbb87021c5701118 | Purpose:,,,,3,1522,c4c1c7a9dc803af9ba17632fac8ad564dc87d5f413e5fcd8f50599d72bdfc0c1,Physical 1-based order is canonical; execution_count is historical evidence only.
409,29,code,Stage20,canonical,Stage20-1C16-D0 — MECHANISM SEARCH BUDGET / STOPPING-RULE LOCK | Parent: | 6d1c0189f0ff53304a6d2abe2c70a87b6d76edee | Freeze the meta-level stopping rule BEFORE testing any additional,,,,3,868,b678cccdb6c9db1b90b03c3dc0e6b0f253975d00cd791c9b426793263698618f,Physical 1-based order is canonical; execution_count is historical evidence only.
410,30,code,Stage20,canonical,Stage20-1C16-D1 — M1 EXACT TEST | Candidate: | M1_GT_CAPTURE_BEYOND_DECLARED_IPV4 | Parent:,stage20_development_sources/,,,3,1343,281c5cdaf97aa82d351023314730ec18f713f7ef6f087693169dda479cae9d28,Physical 1-based order is canonical; execution_count is historical evidence only.
411,31,code,Stage20,canonical,Stage20-1C16-D2 + D3 | FINAL PRE-REGISTERED MECHANISM TEST + AUTOMATIC SEARCH CLOSURE | Parent: | 8a6e6320bc8420124cbf79e2c87b0e58ab8d605e,stage20_development_sources/; baseline/V1 TCP payload disagreement is exactly,,,3,2006,b5d07737f1541576f684aebb20853de9dbc7a76166773f09f3d1dfae5cc71633,Physical 1-based order is canonical; execution_count is historical evidence only.
412,32,code,Stage20,canonical,Stage20-1D0 — PACKET-IMAGE REPRESENTATION SELECTION PROTOCOL LOCK | Parent: | 9d531d5c6bb7f0bde05a07cdae247af319affed1 | Freeze representation decisions and deterministic dimension-selection,,,,3,1174,76da39e39bf1cc5ea510420e5ae48d7c4fb8efdfb1dcbf5ed0101d41966a3402,Physical 1-based order is canonical; execution_count is historical evidence only.
413,34,code,Stage20,canonical,Stage20-1D1-S — STORAGE-AWARE SEQUENTIAL TRAIN PROFILING PROTOCOL LOCK | Parent: | 89c9742a0a62d6d754dcc1a3d4f7810002079fd3 | Freeze the operational workflow required by Kaggle storage constraints.,,,,3,1295,db6561cee0ab18c2bea0d051ee02a4d10c179d577e250e6cf317b8416fb4cf71,Physical 1-based order is canonical; execution_count is historical evidence only.
414,35,code,Stage20,canonical,Stage20-1D2-M — MONDAY EXACT TRAIN GEOMETRY PROFILE | Parent: | c7882eb17be1ad8bb67d57fb7a20dbc578f9b9ea | INPUT:,stage20_development_sources/; DOWNLOAD/VERIFY TUESDAY ONLY,,,5,2555,f3013d101d16d185f92621f47f39bb4faf23b2ddc2250ad2e2963d7323cfd7f4,Physical 1-based order is canonical; execution_count is historical evidence only.
415,36,code,Stage20,canonical,Stage20-1D2-M-S1 — MONDAY STORAGE-RELEASE DIAGNOSTIC | Parent: | 8b680b4c98173bd0a64dc3ec5daa267c341f9f7e | Monday scientific profile is already remotely durable and Monday pathname,stage20_development_sources/,,,3,1177,d01cd7ee60fc068a96bcb8464d54f73947881422d5a4b80fa80174334466913a,Physical 1-based order is canonical; execution_count is historical evidence only.
416,37,code,Stage20,canonical,"Stage20-1D2-M-S2 — RELEASE VERIFIED MONDAY HUGGING FACE CACHE STORAGE | Parent: | c3355498ea4a6529889a24888ab4ddb4d1bd12a4 | Stage20-1D2-M-S1 proved that Monday's original working-source path is gone,",,,,3,1225,c0cc2303b6c58ec0bbddf0f609de0b0d16528eb4dbdb29975a08d55497ddc4d1,Physical 1-based order is canonical; execution_count is historical evidence only.
417,38,code,Stage20,canonical,Stage20-1D2-T — TUESDAY EXACT TRAIN GEOMETRY PROFILE | Parent: | 49352cb71aafdeb5ef3ebdba5e7b67c139c36507 | WORKFLOW,stage20_development_sources/,,,7,3255,ae422d81bdaac78e08510bb581a521821038c1095e64264d53b1b28afedaa5cc,Physical 1-based order is canonical; execution_count is historical evidence only.
418,39,code,Stage20,canonical,Stage20-1D2-W — WEDNESDAY EXACT TRAIN GEOMETRY PROFILE | Parent: | d9389ade9458e5206091103bcb8e61ddbbdf7de3 | FINAL DAILY TRAIN PROFILE.,stage20_development_sources/,,,7,3114,d1e2f01305d4693f3d95d25d2a84253c10a8d1d6852c48595ad59e7087d38504,Physical 1-based order is canonical; execution_count is historical evidence only.
419,,code,Stage20,canonical,Stage20-1D3 — COMBINED TRAIN GEOMETRY + NUMERIC DIMENSION FREEZE | Parent: | 6bc24033d781975df7edd924f432dbfb66107183 | INPUTS — DURABLE EXACT TRAIN DAILY PROFILES ONLY,,,,0,1892,dfc3d2e67911f5c911b38536b0dd06665837436dcef4be4716ac6052d2736cbd,Physical 1-based order is canonical; execution_count is historical evidence only.
420,40,code,Stage20,canonical,Stage20-1D3 — COMBINED TRAIN GEOMETRY + NUMERIC DIMENSION FREEZE | Parent: | 6bc24033d781975df7edd924f432dbfb66107183 | INPUTS:,,,,3,1907,bc444047368fa9c8e6d0c4b99da4fba3d9955c2c97ef2124c6cacb3f451ebd85,Physical 1-based order is canonical; execution_count is historical evidence only.
421,41,code,Stage20,canonical,Stage20-1D4-A — FIXED PACKET-IMAGE ENCODER VERIFICATION PROTOCOL LOCK | Parent: | 314c128a0fe2091bd0784a8e904efe6435af925c | Freeze the exact packet-image encoder implementation semantics and the,Verify IPv4 ID/checksum/address masks plus TCP seq/ack/checksum masks while ports/flags/window/payload remain unchanged.,,,3,1125,d24928694fa95741cc882e849fb51a85e0bcce5c9f9f8c21a65c4ec2510d8f25,Physical 1-based order is canonical; execution_count is historical evidence only.
422,42,code,Stage20,canonical,Stage20-1D4-B — EXECUTE FIXED PACKET-IMAGE ENCODER VERIFICATION | Parent: | 1924769e13d0cc229729b77d40c67d17fe17e944 | Inherits:,stage20_development_sources/,"Stage20 frozen packet-image encoder.\n\nScientific lock:\n    Stage20-1D0\nNumeric geometry freeze:\n    Stage20-1D3\nVerification protocol:\n    Stage20-1D4-A\n\nThis module contains no label logic and no train/validation/holdout branching.\n; \n    start = max(0, int(start))\n    end = min(len(buf), int(end))\n\n    if end <= start:\n        return\n\n    for pos in range(start, end):\n        buf[pos] = 0\n        masked_positions.add(pos)\n\n\ndef mask_ipv4_packet(\n    packet: bytes | bytearray | memoryview,\n) -> tuple[bytes, frozenset[int]]:\n; \n    source = bytes(packet)\n\n    if len(source) < 20:\n        raise ValueError(; )\n\n    version_ihl = source[0]\n    version = version_ihl >> 4\n    ihl_words = version_ihl & 0x0F\n    ihl_bytes = ihl_words * 4\n\n    if version != 4:\n        raise ValueError(; )\n\n    if ihl_bytes < 20:\n        raise ValueError(; )\n\n    if len(source) < ihl_bytes:\n        raise ValueError(; Frozen model-boundary scaling: float(image) / 255.0.; \n    array = np.asarray(image)\n\n    if array.shape != (ROWS, COLS):\n        raise ValueError(\n            f",,7,3688,d519ab3bbec803959ccd7963e910cbcf4af3b8834a94a940e587e131519b93b6,Physical 1-based order is canonical; execution_count is historical evidence only.
423,43,code,Stage20,canonical,Stage20-1E0 — ARCHITECTURE + TRAINING PROTOCOL LOCK | Parent: | 3777fdfa60543d601a41074f0ef93c7cd46876d4 | Freeze the complete supervised packet-image learning protocol BEFORE:,"Stage20 frozen masked 2D-CNN architecture.\n\nArchitecture freeze:\n    Stage20-1E0\n\nRepresentation:\n    Stage20-1D0 / Stage20-1D3 / Stage20-1D4-B\n\nThe packet-byte image remains one channel. The Boolean padding mask is a\nseparate auxiliary tensor used only for deterministic gating and masked global\naverage pooling; it is not a second packet-byte channel.\n; \n\nfrom __future__ import annotations\n\nimport torch\nfrom torch import nn\nfrom torch.nn import functional as F\n\n\nROWS = 64\nCOLS = 256\nIMAGE_CHANNELS = 1\n\nMODEL_NAME =; \nEXPECTED_TRAINABLE_PARAMETERS = 93025\n\n\nclass Stage20MaskedCNNv1(nn.Module):\n; \n\n        for conv in (\n            self.conv1,\n            self.conv2,\n            self.conv3,\n        ):\n            nn.init.kaiming_normal_(\n                conv.weight,\n                mode=; ,\n                nonlinearity=",,,3,2087,9fa14edbb0e3c7247f8f0b195a1798751d48ee530287bad655102098a3cc0ca5,Physical 1-based order is canonical; execution_count is historical evidence only.
424,47,code,Stage20,repair,Stage20-1E1-M-R3 — MATERIALIZE + AUDIT MONDAY SUPERVISED COMPACT CORPUS | Parent: | a66be0b93b24a376b4032225b0b11e76fdf1d6d5 | Frozen by Stage20-1E0:,"Scapy RawPcapReader/Ether/IP/TCP/UDP are required; stage20_development_sources/; Stage20 compact packet-image corpus loader.\n\nFormat frozen by Stage20-1E0.\n\nThe corpus does not persist dense zero padding.  It stores only the authentic,\nalready-masked retained byte prefixes plus a [N,64] uint16 length matrix.\nThis loader reconstructs exactly the 64x256 uint8 image and Boolean padding\nmask expected by the frozen Stage20 encoder/model.\n; \n\nfrom __future__ import annotations\n\nfrom pathlib import Path\n\nimport numpy as np\n\n\nROWS = 64\nCOLS = 256\n\n\nclass Stage20CompactCorpus:\n; \n\n    def __init__(self, directory: str | Path) -> None:\n        self.directory = Path(directory)\n\n        self.encoded_path = (\n            self.directory\n            /; \n        )\n\n        self.lengths_path = (\n            self.directory\n            /; \n        )\n\n        self.offsets_path = (\n            self.directory\n            /; \n        )\n\n        self.labels_path = (\n            self.directory\n            /; \n        )\n\n        for path in (\n            self.encoded_path,\n            self.lengths_path,\n            self.offsets_path,\n            self.labels_path,\n        ):\n            if not path.is_file():\n                raise FileNotFoundError(path)\n\n        self.packet_lengths = np.load(\n            self.lengths_path,\n            mmap_mode=; ,\n            allow_pickle=False,\n        )\n\n        self.flow_offsets = np.load(\n            self.offsets_path,\n            mmap_mode=; ,\n            allow_pickle=False,\n        )\n\n        self.labels = np.load(\n            self.labels_path,\n            mmap_mode=; ,\n            allow_pickle=False,\n        )\n\n        if (\n            self.packet_lengths.ndim != 2\n            or\n            self.packet_lengths.shape[1] != ROWS\n        ):\n            raise ValueError(\n; ... (+13 more)",,,7,6197,0ae787d2cdfa6579bf286a44abe3d1502c2f581b4d18c1db629d478b3d356d2c,Physical 1-based order is canonical; execution_count is historical evidence only.
425,50,code,Stage20,canonical,Stage20-1E1-T-FAST-R1 — MATERIALIZE + AUDIT TUESDAY SUPERVISED COMPACT CORPUS | Parent: | 4dfbed195bf98e2dc2f28c218728f4fc3d77670a | Frozen science inherited from Stage20-1E0 / Stage20-1D2-T:,stage20_1e1m_monday_raw_source_release_receipt.json; Scapy 2.6.1 RawPcapReader/Ether/IP/TCP/UDP are required; stage20_development_sources/; stage20_1e1t_tuesday_raw_source_release_receipt.json; STAGE20_1E1T_TUESDAY_RAW_SOURCE_RELEASE_RECEIPT.md,,,4,5733,cf9c66376527cdce476f86d47473bfabbd7a4945112d5c594b54ddead60d1e28,Physical 1-based order is canonical; execution_count is historical evidence only.
426,51,code,Stage20,recovery,0. EXACT RECOVERY STATE,stage20_1e1t_tuesday_raw_source_release_receipt.json; STAGE20_1E1T_TUESDAY_RAW_SOURCE_RELEASE_RECEIPT.md,stage20_1e1t_tuesday_compact_corpus_manifest.json; \n,,5,1057,4e8c336d19c115172cde220db31cacfac2354ee5993b2e8a67865d758f22978f,Physical 1-based order is canonical; execution_count is historical evidence only.
427,52,code,Stage20,canonical,Stage20-1E1-W — MATERIALIZE + AUDIT WEDNESDAY SUPERVISED COMPACT CORPUS | Parent: | a01365bcc0fb0e142802b542697fa717199ae012 | Frozen science inherited from Stage20-1E0 / Stage20-1D2-W:,stage20_1e1m_monday_raw_source_release_receipt.json; stage20_1e1t_tuesday_raw_source_release_receipt.json; Scapy 2.6.1 RawPcapReader/Ether/IP/TCP/UDP are required; stage20_development_sources/; stage20_1e1w_wednesday_raw_source_release_receipt.json; STAGE20_1E1W_WEDNESDAY_RAW_SOURCE_RELEASE_RECEIPT.md,,,10,5586,cd3596b4a14a1f0359e81a7e4f85ead683e60856962e8679e0f1a8aaf343f794,Physical 1-based order is canonical; execution_count is historical evidence only.
428,53,code,Stage20,repair,"#!/usr/bin/env python3 """""" Stage20-1E1-W documentation-only erratum. Purpose: - Correct two copy-forward mistakes in the human-readable Wednesday raw-source release receipt. - Do NOT modify any scientific JSON, compact corpus, source data, model state, or frozen protocol. Corrections: 1. Remove the false statement that a 250k fast-vs-Scapy equivalence gate passed on Wednesday. Wednesday used full Scapy reference-only execution and no optimized parser/equivalence gate. 2. Correct the scientific-s",STAGE20_1E1W_WEDNESDAY_RAW_SOURCE_RELEASE_RECEIPT.md; stage20_1e1w_wednesday_raw_source_release_receipt.json,,,1,169,e37bcd08575c39e5be38572cf07b39213025abe453e90078a15c9fb5d56f3cd7,Physical 1-based order is canonical; execution_count is historical evidence only.
429,54,code,Stage20,repair,Authoritative JSON must remain correct and untouched.,STAGE20_1E1W_WEDNESDAY_RAW_SOURCE_RELEASE_RECEIPT.md; stage20_1e1w_wednesday_raw_source_release_receipt.json,,,3,143,0595c962ac0e437a0d905230f0dfff5d97a2871cbeb6361542f72596963df35f,Physical 1-based order is canonical; execution_count is historical evidence only.
430,55,code,Stage20,canonical,Stage20-1E1-V — MATERIALIZE + AUDIT THURSDAY VALIDATION COMPACT CORPUS | Parent: | 0b8a7c9048ea84e7ddce99a5f23b9040204726e0 | Frozen science inherited from Stage20-1E0:,stage20_1e1m_monday_raw_source_release_receipt.json; stage20_1e1t_tuesday_raw_source_release_receipt.json; stage20_1e1w_wednesday_raw_source_release_receipt.json; Scapy 2.6.1 RawPcapReader/Ether/IP/TCP/UDP are required; stage20_development_sources/; stage20_1e1v_thursday_raw_source_release_receipt.json; STAGE20_1E1V_THURSDAY_RAW_SOURCE_RELEASE_RECEIPT.md,,,6,5437,fc99e81641ef232ecead763c3495127569781af3189d5ed45a5cf6bd3b4fcbbe,Physical 1-based order is canonical; execution_count is historical evidence only.
431,56,code,Stage20,repair,"#!/usr/bin/env python3 """""" Stage20-1E1-V — Thursday validation label NULL/schema diagnostic. READ-ONLY diagnostic. - Reads only the already-downloaded pinned Thursday validation parquet files. - Does NOT read the Thursday PCAP. - Does NOT touch the repository. - Does NOT alter compact-corpus staging. - Does NOT access Friday. - Does NOT perform any label repair or filtering decision. Purpose: Characterize exactly why the E1-V label multiset loader encountered NULL Source IP / Destination IP valu",,rows with Source/Destination IP NULL:,,1,253,8faee70a80d19fa48893067f1d88d779de20f9668a239153a3699c78e7cdf940,Physical 1-based order is canonical; execution_count is historical evidence only.
432,57,code,Stage20,repair,Add deterministic physical scan ordinal.,,,,1,205,197b00a0d7d5c2c8d058e327aaf01df0e53ccb14f3fb124a1352f471a08e1f37,Physical 1-based order is canonical; execution_count is historical evidence only.
433,58,code,Stage20,repair,"#!/usr/bin/env python3 """""" Stage20-1E1-V-PRE — Freeze Thursday validation-label source-ingestion erratum. This checkpoint is intentionally BEFORE any Thursday PCAP access or exact S4 join. It freezes a narrow source-specific interpretation of the pinned Thursday Morning parquet: - Physical parquet rows 170367..458968 are ALL-85-COLUMN NULL. - They form one contiguous EOF suffix of exactly 288602 rows. - 288602 exactly equals the full row count of the pinned Thursday Afternoon Infilteration parqu",stage20_1e1v_thursday_label_source_ingestion_erratum.json; STAGE20_1E1V_THURSDAY_LABEL_SOURCE_INGESTION_ERRATUM.md,\n,,3,487,ff95c3943a39eebad3294ab6dee0e9682bc0659ba46ea30a10d839d5df543e60,Physical 1-based order is canonical; execution_count is historical evidence only.
434,59,code,Stage20,repair,Stage20-1E1-V-R2 — MATERIALIZE + AUDIT THURSDAY VALIDATION COMPACT CORPUS | Parent: | e3de311ad54b82810d339aca54fa1b83664adb23 | Frozen science inherited from Stage20-1E0:,stage20_1e1m_monday_raw_source_release_receipt.json; stage20_1e1t_tuesday_raw_source_release_receipt.json; stage20_1e1w_wednesday_raw_source_release_receipt.json; stage20_1e1v_thursday_label_source_ingestion_erratum.json; Scapy 2.6.1 RawPcapReader/Ether/IP/TCP/UDP are required; stage20_development_sources/; stage20_1e1v_thursday_raw_source_release_receipt.json; STAGE20_1E1V_THURSDAY_RAW_SOURCE_RELEASE_RECEIPT.md; source-ingestion erratum: FROZEN PRE-PCAP/JOIN AND APPLIED,,,7,5678,d4c97d97743f20f7868218cc51d8f90018aea2c0210d2faa4fb2e529ea00b8d8,Physical 1-based order is canonical; execution_count is historical evidence only.
435,61,code,Stage20,recovery,"#!/usr/bin/env python3 """""" Stage20-1E2 — Train the single frozen Stage20MaskedCNNv1 for exactly 10 epochs. TRAIN ONLY: Monday + Tuesday + Wednesday compact corpora. NOT USED: Thursday validation corpus/data/labels/probabilities. Friday holdout in any form. Frozen Stage20-1E0 rules: - Stage20MaskedCNNv1, 93025 trainable parameters. - seed 42. - exactly 10 epochs; final model = epoch 10. - batch size 256. - drop_last = False. - virtual concatenation Monday -> Tuesday -> Wednesday. - epoch permutat",scripts/stage20_compact_corpus.py,\n,results/stage20_1e_training/stage20_1e0_architecture_training_protocol_lock.json; results/stage20_1e_training/stage20_1e1m_monday_compact_corpus_manifest.json; results/stage20_1e_training/stage20_1e1t_tuesday_compact_corpus_manifest.json; results/stage20_1e_training/stage20_1e1w_wednesday_compact_corpus_manifest.json; results/stage20_1e_training/stage20_1e1v_thursday_validation_compact_corpus_manifest.json,4,920,1ef6e77da9a0e0b568d9cfe13addbe174106840ffb8ddf15cdbdf9b2b9969770,Physical 1-based order is canonical; execution_count is historical evidence only.
436,63,code,Stage20,canonical,"import subprocess import sys from pathlib import Path PKG_DIR = Path(""/kaggle/working/stage20_diag_pkgs"") PKG_DIR.mkdir(parents=True, exist_ok=True) cmd = [ sys.executable, ""-m"", ""pip"", ""install"", ""--target"", str(PKG_DIR), ""--upgrade"", ""--no-cache-dir"", ""numpy==2.0.2"", ""pandas==2.2.3"", ""pyarrow==18.1.0"", ] r = subprocess.run( cmd, stdout=subprocess.PIPE, stderr=subprocess.STDOUT, text=True, ) print(r.stdout) print(""return code:"", r.returncode) if r.returncode != 0: raise RuntimeError(""Private pa",,,,1,30,3f3cdbd27bf500e9ad5a6e86746df89100ed601f6345b3d1725f0ee1c7d20c2d,Physical 1-based order is canonical; execution_count is historical evidence only.
437,64,code,Stage20,canonical,"import subprocess import sys import os PKG_DIR = ""/kaggle/working/stage20_diag_pkgs"" env = os.environ.copy() env[""PYTHONPATH""] = PKG_DIR test = subprocess.run( [ sys.executable, ""-S"", ""-c"", """""" import sys print(""sys.path:"") print(""\\n"".join(sys.path)) import numpy as np import pandas as pd import pyarrow as pa print(""\\nVERSIONS"") print(""numpy :"", np.__version__) print(""pandas:"", pd.__version__) print(""arrow :"", pa.__version__) print(""pandas file:"", pd.__file__) print(""arrow file :"", pa.__file__",,,,1,39,ff9f9f2d1361317242f25dcdab3a66b5c64671a10318b9b3a14dd7a20ba2a647,Physical 1-based order is canonical; execution_count is historical evidence only.
438,68,code,Stage20,canonical,"%%writefile /kaggle/working/stage20_thursday_mismatch_diagnostic.py from pathlib import Path import pandas as pd import numpy as np import json import re import hashlib WORK = Path(""/kaggle/working"") OUT_DIR = WORK / ""stage20_1e1_thursday_mismatch_diagnostic"" OUT_DIR.mkdir(parents=True, exist_ok=True) print(""Stage20 Thursday diagnostic script created."") print(""WORK:"", WORK) print(""OUT_DIR:"", OUT_DIR)",,,,1,15,05a6a102a66295da68e0ad66b3e6bb00e2080f2a07d06c6717847a82e805abfb,Physical 1-based order is canonical; execution_count is historical evidence only.
439,69,code,Stage20,canonical,"from pathlib import Path p = Path(""/kaggle/working/stage20_thursday_mismatch_diagnostic.py"") print(""exists:"", p.exists()) print(""size:"", p.stat().st_size if p.exists() else None) print(""path:"", p)",,,,1,6,8d293207120f3a5d7bf1b77e984692881e4d06003dbf37cf24e43f12098c5450,Physical 1-based order is canonical; execution_count is historical evidence only.
440,70,code,Stage20,canonical,CONFIG | Leave as None first. The script will try to discover Thursday files.,Could not discover both inputs. Edit RECON_PATH/PUBLISHED_PATH manually.; Any mechanism must be independently derived from source/history,column_mapping.csv,,1,811,a8aca24fb2fd95495034b836ea7a81ecf2840f28b7480bd84914b2256fbf2a88,Physical 1-based order is canonical; execution_count is historical evidence only.
441,71,code,Stage20,canonical,"from pathlib import Path p = Path(""/kaggle/working/stage20_thursday_mismatch_diagnostic.py"") print(""exists:"", p.exists()) print(""size:"", p.stat().st_size)",,,,1,6,c5507cc984bed2b3442af4995091261c920f937a18a1385ae53c817954c1f201,Physical 1-based order is canonical; execution_count is historical evidence only.
442,72,code,Stage20,canonical,"import subprocess import sys import os env = os.environ.copy() env[""PYTHONPATH""] = ""/kaggle/working/stage20_diag_pkgs"" result = subprocess.run( [ sys.executable, ""-S"", ""/kaggle/working/stage20_thursday_mismatch_diagnostic.py"", ], env=env, stdout=subprocess.PIPE, stderr=subprocess.STDOUT, text=True, ) print(result.stdout) print(""\nRETURN CODE:"", result.returncode)",,,,1,22,ebe9018853a03fe4a5c5f29f8375a3b2c5adf1adc714ccbd44f4f90a22018859,Physical 1-based order is canonical; execution_count is historical evidence only.
443,73,code,Stage20,canonical,"from pathlib import Path ROOTS = [ Path(""/kaggle/working""), Path(""/kaggle/input""), ] KEYWORDS = [ ""thursday"", ""workinghours"", ""iscx"", ""manifest"", ""material"", ""reconstruct"", ""label"", ""stage20"", ] EXTS = {"".parquet"", "".csv"", "".json"", "".npz""} hits = [] for root in ROOTS: if not root.exists(): continue for p in root.rglob(""*""): if not p.is_file(): continue if p.suffix.lower() not in EXTS: continue s = str(p).lower() score = sum(k in s for k in KEYWORDS) if score >= 2: hits.append( ( score, p.stat().",/kaggle/input,,,1,59,63a38a9fd92a3590d6a9c4f793d9c41b8dab7ce053e6563e4054cf9d98394580,Physical 1-based order is canonical; execution_count is historical evidence only.
444,74,code,Stage20,canonical,"from pathlib import Path import json import pprint paths = [ Path(""/kaggle/working/stage20_compact_corpus/Thursday/manifest.json""), Path(""/kaggle/working/ids2018-validation-safe-ablation/results/stage20_1e_training/stage20_1e1v_thursday_validation_compact_corpus_manifest.json""), ] for p in paths: print(""\n"" + ""="" * 100) print(p) print(""="" * 100) with open(p, ""r"", encoding=""utf-8"") as f: obj = json.load(f) pprint.pp(obj, width=140, sort_dicts=False)",,,results/stage20_1e_training/stage20_1e1v_thursday_validation_compact_corpus_manifest.json,1,18,ad30d60d3d677fa7a0181acdfdfe7430b358dd4bfa09bb3a318d90a316e4a074,Physical 1-based order is canonical; execution_count is historical evidence only.
445,75,code,Stage20,canonical,"from pathlib import Path root = Path(""/kaggle/working/stage20_compact_corpus/Thursday"") print(""Thursday directory:"", root) print() for p in sorted(root.rglob(""*"")): if p.is_file(): print( f""{p.stat().st_size / 1024**2:10.2f} MiB "" f""{p}"" )",,,,1,13,5673bed23f57d5aa1df12aaaa374e0ea51eb4d267f08b9a4c91168a0e122db3c,Physical 1-based order is canonical; execution_count is historical evidence only.
446,78,code,Stage20,canonical,"#!/usr/bin/env python3 """""" Stage20-1E2 CUDA compatibility diagnostic. READ-ONLY: - no repo modifications - no corpus reads - no model training - no optimizer construction - no Thursday/Friday data access Purpose: Identify whether the installed PyTorch CUDA build supports the Kaggle GPU's compute capability after Stage20-1E2 failed before model.to(cuda). """""" import os import platform import subprocess import sys print(""="" * 88) print(""Stage20-1E2 — CUDA COMPATIBILITY DIAGNOSTIC"") print(""="" * 88) ",,,,1,121,205f2274369f0a11678b0db74aa7222fdf43fcbcfdad88298732ae7f57824c8d,Physical 1-based order is canonical; execution_count is historical evidence only.
447,80,code,Stage20,canonical,"This is a new isolated package directory, NOT a venv.",https://download.pytorch.org/whl/cu126,,,3,77,866e558daf19dd8fd7c02f2463561d79956d2885f845594aa8b3d3eaf6c60057,Physical 1-based order is canonical; execution_count is historical evidence only.
448,81,code,Stage20,canonical,Decode exact frozen E2 worker.,,,,3,147,152be6513bbabcafaa8dd4a6d583c28b79bce6ff479b6a3e7f4bb30fe2d8c1e8,Physical 1-based order is canonical; execution_count is historical evidence only.
449,82,code,Stage20,canonical,"#!/usr/bin/env python3 import base64, hashlib, os, subprocess, sys, zlib from pathlib import Path TARGET = Path(""/kaggle/working/stage20_torch_cu126_target"") WORKER = Path(""/kaggle/working/stage20_1e3_isolated_worker.py"") EXPECTED_WORKER_SHA256 = ""b0f0d6c0dbe2a49791902e45aba2fa24be1d0ea34c2fc193bd70496363dda83d"" assert TARGET.is_dir(), TARGET payload = """"""eNrtPO1y20iO//UUvZy6WymRZYr6sKRbT5Uiy4luHEkly5mZ9bk4/GhaTCSSS1KZeFLeuoe4J7wnOaA/yCZF2Z7MXtVd1WZ3EpINoNFoNIBuoPXdn073SXxq+8EpDT6T6CHdhEGnpmla7T",,,,7,55,fd494e8cbfec58dd0bd8f6a288bfe6c097d004e462e21262a1be938c16484a99,Physical 1-based order is canonical; execution_count is historical evidence only.
450,84,code,Stage20,canonical,"#!/usr/bin/env python3 """""" Stage20-1E3 post-failure state diagnostic. STRICTLY READ-ONLY. Does NOT: - import torch - load the model - open/reconstruct Thursday compact corpus - read Thursday labels.npy / encoded bytes / packet lengths - compute probabilities - select thresholds - access Friday - modify git/repo files Purpose: Determine how far the failed E3 worker got after the PRE semantics lock was successfully committed. """""" from __future__ import annotations import hashlib import json import",,before failure. Use the original worker traceback/progress output to locate the exact,results/stage20_1e_training/stage20_1e3_validation_execution_semantics_lock.json; docs/STAGE20_1E3_VALIDATION_EXECUTION_SEMANTICS_LOCK.md; results/stage20_1e_training/stage20_1e3_thursday_probabilities.npy; results/stage20_1e_training/stage20_1e3_thursday_validation_evaluation.json; docs/STAGE20_1E3_THURSDAY_VALIDATION_EVALUATION.md; results/stage20_1e_training/,1,173,2e21ae3003d6f7c8dcaabbc6b3da693f92c13b3dba477403700192616dab0387,Physical 1-based order is canonical; execution_count is historical evidence only.
451,85,code,Stage20,recovery,"#!/usr/bin/env python3 """""" Stage20-1E3 durability recovery. IMPORTANT: This script DOES NOT run Thursday model inference and DOES NOT recompute probabilities, metrics, or thresholds. It only: 1. requires the already-remote-verified E3-PRE commit as HEAD; 2. verifies the already-existing local E3 outputs byte-for-byte against the hashes captured immediately after the failed durability gate; 3. checks the existing evaluation JSON is internally consistent with the frozen PRE lock and probability ha",,,results/stage20_1e_training/; docs/STAGE20_1E3_THURSDAY_VALIDATION_EVALUATION.md,2,395,16bcd02a018b29c4037767bbdb53e9c1811394a1ca8e851fef5153f5cc5d7372,Physical 1-based order is canonical; execution_count is historical evidence only.
452,86,code,Stage20,recovery,"#!/usr/bin/env python3 """""" Stage20-1E3 durability recovery R2. NO model inference. NO probability recomputation. NO metric recomputation. NO threshold reselection. NO Friday access. R2 fixes only the recovery check that incorrectly expected evaluation[""threshold_grid""][""exact_generation""] to exist. The frozen grid-generation semantics are verified from the already-committed E3-PRE lock. The existing evaluation JSON is then checked to contain exactly 91 persisted threshold records corresponding t",,,results/stage20_1e_training/; docs/STAGE20_1E3_THURSDAY_VALIDATION_EVALUATION.md,2,468,76ee00693d798b52a9f92ef6bb5123b6346226c958837683c2e1a143847496d2,Physical 1-based order is canonical; execution_count is historical evidence only.
453,87,code,Stage20,recovery,"#!/usr/bin/env python3 """""" Stage20-1E3 durability recovery R3. This script performs NO scientific computation. It does NOT: - import torch - load the model - open/reconstruct the Thursday compact corpus - run model inference - recompute probabilities - recompute ROC/PR metrics - recompute threshold metrics - reselect thresholds - retrain - access Friday It ONLY verifies the already-existing E3 artifacts by their exact captured hashes/sizes and minimal schema facts, force-stages the ignored .npy,",,,results/stage20_1e_training/; docs/STAGE20_1E3_THURSDAY_VALIDATION_EVALUATION.md,2,485,f3cb7d2b0e3cee1b1b67cf7276e0540051b34bd9e7b8c12d036394df9ff11884,Physical 1-based order is canonical; execution_count is historical evidence only.
454,88,code,Stage20,recovery,"#!/usr/bin/env python3 """""" Stage20-1E3 durability recovery R4 — MINIMAL / HASH-ONLY. PURPOSE ------- Persist the already-created Stage20-1E3 artifacts after the original worker completed Thursday inference/evaluation but failed only because *.npy is ignored. SCIENTIFIC COMPUTATION IN THIS SCRIPT ------------------------------------- NONE. This script does NOT: - import torch - load the CNN - open/reconstruct the Thursday compact corpus - run Thursday inference - recompute probabilities - parse/r",,,results/stage20_1e_training/; docs/STAGE20_1E3_THURSDAY_VALIDATION_EVALUATION.md,3,386,74ed176971dbd4e3410a292b83e71087ccd5b1dda95b62959c1d8e399e0a90a7,Physical 1-based order is canonical; execution_count is historical evidence only.
455,89,code,Stage20,canonical,"#!/usr/bin/env python3 """"""Stage20-1E4 final Friday holdout launcher. No notebook restart required."""""" import base64, hashlib, os, subprocess, sys, zlib from pathlib import Path TARGET=Path('/kaggle/working/stage20_torch_cu126_target') WORKER=Path('/kaggle/working/stage20_1e4_friday_final_holdout_worker.py') EXPECTED_WORKER_SHA256='b37b9532b647103fbc80b5a98e97205f61c8b738865551db85761f9bd3b30a24' assert TARGET.is_dir(), TARGET worker_bytes=zlib.decompress(base64.b64decode(""""""eNrtvWt34siyIPqdX6HjX",,,,7,67,6afc62c8a221195545142d367f839a90ae4f2dcfafd88537f31305a12ffdc4e9,Physical 1-based order is canonical; execution_count is historical evidence only.
456,90,code,Stage20,canonical,"Exact pinned sizes only. We inspect stat().st_size, never file contents.","stage20_1e4_friday_raw_source_release_receipt.json; STAGE20_1E4_FRIDAY_RAW_SOURCE_RELEASE_RECEIPT.md; Pinned Friday source-sized cache objects exist, but no final corpus/result artifacts.; Friday sources were at least materialized/downloaded; do not assume unopened.; model loaded/inference: NO",,,1,259,c706a55347ec5f5cc766403a74f342afa1918329e780a7b47571b29e5291ed27,Physical 1-based order is canonical; execution_count is historical evidence only.
457,91,code,Stage20,canonical,"#!/usr/bin/env python3 """""" Stage20 E4 workspace size inventory — metadata only. Reads filesystem metadata (stat sizes) only. Does NOT read any file contents. Does NOT delete or modify anything. Does NOT open Friday scientific sources/corpus. """""" from __future__ import annotations import os import shutil from pathlib import Path ROOT = Path(""/kaggle/working"") PROTECTED = { ""/kaggle/working/ids2018-validation-safe-ablation"", ""/kaggle/working/stage20_torch_cu126_target"", } KNOWN_RELEASEABLE = { ""/k",,,,1,116,ef6fcd83c907af3522d6242877f78c22ce17ffe4b1285fbbdece97d1a5fb1c72,Physical 1-based order is canonical; execution_count is historical evidence only.
458,92,code,Stage20,canonical,"#!/usr/bin/env python3 """""" Stage20 E4 protected-path subdirectory inventory — metadata only. NO file contents are read. NO files are deleted or modified. NO Friday scientific sources/corpus are opened. """""" from __future__ import annotations import os from pathlib import Path TARGETS = [ Path(""/kaggle/working/stage20_torch_cu126_target""), Path(""/kaggle/working/ids2018-validation-safe-ablation""), ] def apparent_size(path: Path): total = 0 files = 0 if path.is_file() or path.is_symlink(): try: retu",,,,1,74,05e84b590fae7d0ba096319f67a0bf10eb08a39dd74d350686c1ee3628f4caa8,Physical 1-based order is canonical; execution_count is historical evidence only.
459,93,code,Stage20,canonical,"#!/usr/bin/env python3 from __future__ import annotations import hashlib import os import shutil import subprocess import sys from pathlib import Path REPO = Path(""/kaggle/working/ids2018-validation-safe-ablation"") EXPECTED_HEAD = ""df6a13158651c2b5e7d1f69b7341ac15af01394e"" PRELOCK = REPO / ( ""results/stage20_1e_training/"" ""stage20_1e4_friday_holdout_execution_lock.json"" ) PRELOCK_SHA256 = ""5050a61c9c69c70c66aa10e7c84dc0aaebf1a1f7925a274d7b8f5f186a22c7ef"" REQUIRED_FREE = 14_092_833_283 CORPUS_ROO",results/stage20_1e_training/stage20_1e4_friday_raw_source_release_receipt.json; docs/STAGE20_1E4_FRIDAY_RAW_SOURCE_RELEASE_RECEIPT.md; /kaggle/working/stage20_development_sources; Pinned Friday source-sized cache object exists; refusing cleanup/resume assumption; Friday downloaded/read:,,results/stage20_1e_training/; results/stage20_1e_training/stage20_1e4_friday_holdout_compact_corpus_manifest.json; results/stage20_1e_training/stage20_1e4_friday_probabilities.npy; results/stage20_1e_training/stage20_1e4_friday_holdout_evaluation.json; docs/STAGE20_1E4_FRIDAY_HOLDOUT_EVALUATION.md; results/stage20_1e_training/stage20_1e4_friday_raw_source_release_receipt.json; docs/STAGE20_1E4_FRIDAY_RAW_SOURCE_RELEASE_RECEIPT.md,2,267,32f43f4e494f13bb2a77abd5b5d9fdce60baee03df1a5954f062b2bac890010a,Physical 1-based order is canonical; execution_count is historical evidence only.
460,94,code,Stage20,canonical,"#!/usr/bin/env python3 """""" Metadata-only inventory of isolated cu126 NVIDIA package directories. Reads sizes only. Deletes nothing. Reads no Friday data. """""" from __future__ import annotations import os from pathlib import Path ROOT = Path(""/kaggle/working/stage20_torch_cu126_target/nvidia"") def apparent_size(path: Path): total = 0 files = 0 if not path.exists(): return 0, 0 for dirpath, dirnames, filenames in os.walk(path, followlinks=False): for name in filenames: p = Path(dirpath) / name try:",,,,1,57,61a675c22c78fe5cc3fb5ed2e67d84ef822e62cf514e3173d508bd5cf83d3f9e,Physical 1-based order is canonical; execution_count is historical evidence only.
461,95,code,Stage20,canonical,Include optional split CUDA libs if present.,,,,1,138,35f7f1a51903ba813a4ff479262c12416f3dc8820d555dbdd5aa008f4bf8cd58,Physical 1-based order is canonical; execution_count is historical evidence only.
462,8,code,Stage21,stage21_out_of_filename_scope,Stage21-1R — Kaggle bootstrap and local-state inventory | NON-DESTRUCTIVE: | - no raw-source download | - no corpus reconstruction,\nRequired frozen files:,,,1,252,aac3072bcd49b80bd87bdc75efd8ae4543b452bd83fb748e1fd7ea088eb7bd29,Physical 1-based order is canonical; execution_count is historical evidence only. Approved override: Stage21 work retained inside the notebook named Stage01-to-Stage20.
463,3,code,Stage21,stage21_out_of_filename_scope,Stage21-1R1-M — Restore exact frozen Monday source objects | SOURCE RESTORATION ONLY | - Monday only | - no compact-corpus materialization,\nWorkspace before source restoration:; /kaggle/working/stage21_restoration_state; stage21_1r1m_source_receipt.json; \nResolved sources:,\n,,8,253,1aa7756544b6864a705819c64b1ec0642b79ce2acefa43ff0b2d47a4ea2a6899,Physical 1-based order is canonical; execution_count is historical evidence only. Approved override: Stage21 work retained inside the notebook named Stage01-to-Stage20.
464,7,code,Stage21,stage21_out_of_filename_scope,Stage21-1R1-M — AUTHENTICATED transport recovery | Operational recovery only. | No packet parsing. | No corpus construction.,\nDOWNLOAD RETURNED:,,,1,100,1e2550626783813e9106ba6c763689de2cb55e3985a6701d7d237b527dfe4ad7,Physical 1-based order is canonical; execution_count is historical evidence only. Approved override: Stage21 work retained inside the notebook named Stage01-to-Stage20.
465,9,code,Stage21,stage21_out_of_filename_scope,Stage21-1R1-M — Exact Monday source verification | VERIFICATION ONLY | - no packet parsing | - no corpus materialization,datasets--bvsam--cic-ids-2017/snapshots/; stage21_1r1m_source_verified.json,,,1,218,dadb667296bb0a4434a5031afa225ad05a4dafa197d91e68eb1801ce3a2505fc,Physical 1-based order is canonical; execution_count is historical evidence only. Approved override: Stage21 work retained inside the notebook named Stage01-to-Stage20.
466,11,code,Stage21,stage21_out_of_filename_scope,Stage21-1R1-M — Environment dependency restoration | OPERATIONAL ONLY — no data processing,,,,1,14,e3c0e1e33755702eba201468309bfbbbed5d8678b90157a62ce66d80ce15e2cb,Physical 1-based order is canonical; execution_count is historical evidence only. Approved override: Stage21 work retained inside the notebook named Stage01-to-Stage20.
467,12,code,Stage21,stage21_out_of_filename_scope,Stage21-1R1-M — First-50k gate preflight | READ-ONLY DIAGNOSTIC | - inspect frozen label schema | - verify Scapy environment,datasets--bvsam--cic-ids-2017/snapshots/; \nFrozen required Scapy:,,,1,261,ef3cede82d82f50348832980db4bf5111581a8b55784ac29d78a03087802d292,Physical 1-based order is canonical; execution_count is historical evidence only. Approved override: Stage21 work retained inside the notebook named Stage01-to-Stage20.
468,13,code,Stage21,stage21_out_of_filename_scope,"Stage21-1R1-M — FROZEN FIRST-50K FORENSIC GATE | AUTHORIZED BOUNDED READ: | - first exactly 50,000 Monday raw packets | - complete Monday label parquet for exact S4 membership",datasets--bvsam--cic-ids-2017/snapshots/; \nLoading Monday frozen S4 label columns...; STOP — do not change payload/lifecycle/join rules.; D5 source-faithful:   635 / 675,,,2,1166,84fd659340016a22fb46b7cecdeb748725615af0666812e0178faa7e273a74dd,Physical 1-based order is canonical; execution_count is historical evidence only. Approved override: Stage21 work retained inside the notebook named Stage01-to-Stage20.
469,14,code,Stage21,stage21_out_of_filename_scope,Stage21-1R1-M — FIRST-50K GEOMETRY FAILURE DIAGNOSTIC | Uses variables already produced by the failed bounded gate. | NO packet reread. | NO rule changes.,,,,1,99,7796194294b6b37136f507b03aefc7d2c0c67f63523809d383f726b4a1728888,Physical 1-based order is canonical; execution_count is historical evidence only. Approved override: Stage21 work retained inside the notebook named Stage01-to-Stage20.
470,15,code,Stage21,stage21_out_of_filename_scope,Stage21-1R1-M — FIRST-50K PARSER CORRECTION + GEOMETRY RERUN | Correction only: | outer IPv4 | DIRECT ip.payload TCP -> protocol 6,,,,1,351,19fa4f8b816d781a010bd0d9b9f266f4fdc7ae2df29a4c546d80797283105d19,Physical 1-based order is canonical; execution_count is historical evidence only. Approved override: Stage21 work retained inside the notebook named Stage01-to-Stage20.
471,16,code,Stage21,stage21_out_of_filename_scope,Stage21-1R1-M — RAW S4 + D5 SOURCE-FAITHFUL GATE | Uses the corrected first-50k `completed` flows already in memory. | NO PCAP reread. | NO full Monday pass.,D5 source-faithful:   635 / 675,,,1,467,1db3fc8005676368fbe6b56b0966577bf3546b2c138ce7ddf053d1afce8d8308,Physical 1-based order is canonical; execution_count is historical evidence only. Approved override: Stage21 work retained inside the notebook named Stage01-to-Stage20.
472,17,code,Stage21,stage21_out_of_filename_scope,Stage21-1R1-M — SEAL FIRST-50K FORENSIC GATE + PUSH | This cell: | - validates the real Kaggle receipt | - copies it into the repository,,,,1,474,d8bcf9f9b0a33540c0b90d8bb1cbc39d835755f3338787b86c54eed625d769c5,Physical 1-based order is canonical; execution_count is historical evidence only. Approved override: Stage21 work retained inside the notebook named Stage01-to-Stage20.
473,18,code,Stage21,stage21_out_of_filename_scope,Stage21-1R1-M — AUTHENTICATE + PUSH EXISTING SEALED COMMIT | IMPORTANT: | - does NOT create another commit | - does NOT amend commit,,,,1,207,4981b9f98d81d4b406baa0af16c20b41b2c90e7fc6ed46efa2bc7902960e32b9,Physical 1-based order is canonical; execution_count is historical evidence only. Approved override: Stage21 work retained inside the notebook named Stage01-to-Stage20.
474,19,code,Stage21,stage21_out_of_filename_scope,Stage21-1R1-M — RECOVER ORIGINAL STAGE20 MATERIALIZER CODE | Repository-history inspection only. | NO PCAP READ. | NO CORPUS WRITE.,,,,1,243,1d5417ab62fb24087541796129ed41d702f86f4a8fbb647dfbf36a9b8674aeb5,Physical 1-based order is canonical; execution_count is historical evidence only. Approved override: Stage21 work retained inside the notebook named Stage01-to-Stage20.
475,20,code,Stage21,stage21_out_of_filename_scope,Stage21-1R1-M — FIRST-16 AUTHENTIC IPV4 BYTE-IDENTITY GATE | Purpose: | Verify the reconstructed raw Ethernet/VLAN -> captured IPv4 byte locator | against the already-frozen Stage20-1D4-B real-source image hashes.,datasets--bvsam--cic-ids-2017/snapshots/,,,1,851,76172d58992700ef4739e0372a407ea562b91c72af1529539026def31c07ec89,Physical 1-based order is canonical; execution_count is historical evidence only. Approved override: Stage21 work retained inside the notebook named Stage01-to-Stage20.
476,21,code,Stage21,stage21_out_of_filename_scope,Stage21-1R1-M — FULL MONDAY SOURCE-FAITHFUL RECONSTITUTION | AUTHORIZED: | exact Stage20 Monday restoration only | PROHIBITED:,datasets--bvsam--cic-ids-2017/snapshots/; \nSource byte-size gates:; \nRechecking source SHA256 before full pass...; \nSOURCE IDENTITY: PASS; \nLoading published Monday S4 multiset...; \nLoader:; \nFirst 128 loader reconstructions: PASS,,,2,2275,c7279b532d5a74a9e7c8ac0cd68d31cf3865a84eb1ec8af1eb41ccda73f19208,Physical 1-based order is canonical; execution_count is historical evidence only. Approved override: Stage21 work retained inside the notebook named Stage01-to-Stage20.
477,22,code,Stage21,stage21_out_of_filename_scope,Stage21-1R1-M — POST-FAILURE COMPACT IDENTITY DIAGNOSTIC | READ-ONLY. | NO PCAP READ. | NO LABEL READ.,,,,1,434,a0c1638a380ad51f6e6de5ddb961d5a26ca1b55fc66ba7375a9a742f3a0df2b2,Physical 1-based order is canonical; execution_count is historical evidence only. Approved override: Stage21 work retained inside the notebook named Stage01-to-Stage20.
478,23,code,Stage21,stage21_out_of_filename_scope,Stage21-1R1-M — EOF ORDER FORENSIC HASH TEST | READ-ONLY. | NO PCAP READ. | NO CORPUS MODIFICATION.,,,,1,904,c27b3f04ff404b8bc0b339c76f4aa0062979b21c2616ae561705a63908c49878,Physical 1-based order is canonical; execution_count is historical evidence only. Approved override: Stage21 work retained inside the notebook named Stage01-to-Stage20.
479,24,code,Stage21,stage21_out_of_filename_scope,Stage21-1R1-M — MATERIALIZE HASH-RECOVERED EXACT EOF ORDER | Uses ONLY preserved in-memory Cell-8/Cell-9 state. | NO PCAP READ. | NO LABEL SOURCE READ.,\nFrozen loader first-128 structural audit: PASS,\nNEXT: SEAL + PUSH + DURABLE ARCHIVE MONDAY,,1,1026,052788aca1c479fdc125edb0994929b610385c8151f49cf1e7d9e86794fb5f07,Physical 1-based order is canonical; execution_count is historical evidence only. Approved override: Stage21 work retained inside the notebook named Stage01-to-Stage20.
480,26,code,Stage21,stage21_out_of_filename_scope,Stage21-1R1-M — Seal exact Monday corpus and archive it on GitHub Release | Paste this entire file into ONE Kaggle cell and run it. | Preconditions: | - exact Monday corpus exists at /kaggle/working/stage20_compact_corpus/Monday,stage21_1r1m_monday_release_upload_receipt.json; text/plain,stage21_1r1m_monday_archive_manifest.json; /kaggle/working/stage21_durable_archives; \nCreating deterministic archive...; {archive_sha}  {ASSET_NAME}\n; \n; application/x-tar; \nRemote archive stream verification...,,1,421,5850204d28999c66ff5413704de7e2e67dd37f9a0bd80dc37214a1398076fe9d,Physical 1-based order is canonical; execution_count is historical evidence only. Approved override: Stage21 work retained inside the notebook named Stage01-to-Stage20.
481,27,code,Stage21,stage21_out_of_filename_scope,Stage21-1R1-M — SAFE MONDAY STORAGE RELEASE | KEEP: | /kaggle/working/stage20_compact_corpus/Monday | RELEASE:,datasets--bvsam--cic-ids-2017/snapshots/; \nReleasing HF source:; Monday raw source/cache; Monday label source/cache,\nRemote durable archive:,,1,1021,38546b55fc7ccbd4983739f77282b8e35669acd4449d0d92133d9a1ca2f651b1,Physical 1-based order is canonical; execution_count is historical evidence only. Approved override: Stage21 work retained inside the notebook named Stage01-to-Stage20.
482,28,code,Stage21,stage21_out_of_filename_scope,Stage21-1R1-T — TUESDAY EXACT SOURCE ACQUISITION | SOURCE ACQUISITION + BYTE-IDENTITY ONLY. | NO FLOW RECONSTRUCTION. | NO COMPACT CORPUS WRITE.,,,,5,505,843fb5ad317c9e9f4b666824704a8aaee6f289e4172c4a9dacde70cab48953ec,Physical 1-based order is canonical; execution_count is historical evidence only. Approved override: Stage21 work retained inside the notebook named Stage01-to-Stage20.
483,29,code,Stage21,stage21_out_of_filename_scope,"Stage21-1R1-T — TUESDAY FIRST-50K BOUNDED RECONSTRUCTION GATE | READS: | first 50,000 Tuesday raw packets | Tuesday published label parquet",datasets--bvsam--cic-ids-2017/snapshots/; \nLoading published Tuesday S4 multiset...,,,2,1503,8112436e1cf2f8913dce7ad0f97296d343a70f26714d69585a764f23791fb8cd,Physical 1-based order is canonical; execution_count is historical evidence only. Approved override: Stage21 work retained inside the notebook named Stage01-to-Stage20.
484,30,code,Stage21,stage21_out_of_filename_scope,Stage21-1R1-T — TUESDAY LABEL-S4 NORMALIZATION DIAGNOSTIC | READ ONLY: | Tuesday label parquet | NO PCAP READ.,datasets--bvsam--cic-ids-2017/snapshots/,,,1,402,9e8d90353824a784f59b75fc2a9123e9a02c80743cd7d7817ceb71dda2bf9708,Physical 1-based order is canonical; execution_count is historical evidence only. Approved override: Stage21 work retained inside the notebook named Stage01-to-Stage20.
485,31,code,Stage21,stage21_out_of_filename_scope,Stage21-1R1-T — CORRECTED TUESDAY FIRST-50K BOUNDED GATE | Correction ONLY: | datetime64[us] -> datetime64[s] -> int64 | This fixes a unit-conversion bug in the Stage21 diagnostic implementation.,\nLoading Tuesday label parquet...; \nTimestamp source:,,,1,901,136f594e0a0465e1a456fad482bf6b23fa763895e9ec970aa24eea4531fc822d,Physical 1-based order is canonical; execution_count is historical evidence only. Approved override: Stage21 work retained inside the notebook named Stage01-to-Stage20.
486,32,code,Stage21,stage21_out_of_filename_scope,Stage21-1R1-T — FULL TUESDAY EXACT RESTORATION | Paste this ENTIRE file into ONE Kaggle cell and run it. | Scientific boundaries: | - Tuesday source identities are reverified before parsing.,datasets--bvsam--cic-ids-2017/snapshots/; \nLoading published Tuesday S4 multiset...; \nSource byte-size gates:; \nRechecking source SHA256 before full pass...; \nSOURCE IDENTITY: PASS; \nFrozen loader first-128 structural audit: PASS; \nFour frozen payload identities:,\nNEXT: SEAL + PUSH + DURABLE ARCHIVE TUESDAY,,1,4047,d324f0460f238ad96608d1a8fe78bf1995a7e0480ecc9b8a4170e00b8538da1d,Physical 1-based order is canonical; execution_count is historical evidence only. Approved override: Stage21 work retained inside the notebook named Stage01-to-Stage20.
487,33,code,Stage21,stage21_out_of_filename_scope,Stage21-1R1-T — Seal exact Tuesday corpus and archive it on GitHub Release | Paste this entire file into ONE Kaggle cell and run it. | Preconditions: | - exact Tuesday corpus exists at /kaggle/working/stage20_compact_corpus/Tuesday,stage21_1r1t_tuesday_release_upload_receipt.json; text/plain,stage21_1r1t_tuesday_archive_manifest.json; /kaggle/working/stage21_durable_archives; \nCreating deterministic archive...; {archive_sha}  {ASSET_NAME}\n; \n; application/x-tar; \nRemote archive stream verification...,,1,433,a3019bb0e695459b6c10e1e1996078d7e0781ef737e25a842cb9fc06ec53e3d3,Physical 1-based order is canonical; execution_count is historical evidence only. Approved override: Stage21 work retained inside the notebook named Stage01-to-Stage20.
488,34,code,Stage21,stage21_out_of_filename_scope,Stage21-1R1-T — SAFE TUESDAY STORAGE RELEASE | KEEP: | /kaggle/working/stage20_compact_corpus/Tuesday | RELEASE:,datasets--bvsam--cic-ids-2017/snapshots/; \nReleasing HF source:,\nRemote durable archive:,,1,1110,23586c845e53036c0e6fcd2476bb7ea716d292910b61ffeff6f8ad3b2fb60225,Physical 1-based order is canonical; execution_count is historical evidence only. Approved override: Stage21 work retained inside the notebook named Stage01-to-Stage20.
